unix_seconds,sample_duration_seconds,host_tree_rss_bytes,host_tree_swap_bytes,whole_gpu_used_bytes,whole_gpu_free_bytes,resident_host_W_lower_bound_bytes,resident_device_W_bytes,sampled_temporary_bytes,W_transition_incomplete,cgroup_memory_current_bytes,disk_available_bytes,smaps_read_failures
1791595275.4637327,0.03040444105863571,49532928,0,0,85017493504,0,0,49532928,0,99206758400,121115111424,0
1791595275.656275,0.0228791031986475,78888960,0,0,85017493504,0,0,78888960,0,99235553280,121115107328,0
1791595275.8591437,0.025645997375249863,79159296,0,0,85017493504,0,0,79159296,0,99235545088,121115107328,0
1791595276.059474,0.0258956179022789,79159296,0,0,85017493504,0,0,79159296,0,99235074048,121115107328,0
1791595276.2611258,0.02746470645070076,79159296,0,0,85017493504,0,0,79159296,0,99234639872,121115107328,0
1791595276.4642117,0.03045843169093132,79159296,0,0,85017493504,0,0,79159296,0,99234828288,121115107328,0
1791595276.662978,0.029139410704374313,79159296,0,0,85017493504,0,0,79159296,0,99234922496,121115107328,0
1791595276.8617785,0.027856243774294853,79159296,0,0,85017493504,0,0,79159296,0,99235016704,121115107328,0
1791595277.0642338,0.030216418206691742,79159296,0,0,85017493504,0,0,79159296,0,99235041280,121115107328,0
1791595277.2675726,0.033469509333372116,79159296,0,0,85017493504,0,0,79159296,0,99235041280,121115107328,0
1791595277.4664817,0.032257676124572754,79163392,0,0,85017493504,0,0,79163392,0,99234877440,121115107328,0
1791595277.662637,0.028306543827056885,79167488,0,0,85017493504,0,0,79167488,0,99234848768,121115107328,0
1791595277.8638272,0.029397882521152496,79171584,0,0,85017493504,0,0,79171584,0,99234856960,121115107328,0
1791595278.0650885,0.030548520386219025,87601152,0,0,85017493504,0,0,87601152,0,99243483136,121115107328,0
1791595278.2638314,0.02919013239443302,87965696,0,0,85017493504,0,0,87965696,0,99246956544,121115107328,0
1791595278.4636617,0.02889828383922577,87965696,0,0,85017493504,0,0,87965696,0,99246837760,121115107328,0
1791595278.6668243,0.03195914812386036,87969792,0,0,85017493504,0,0,87969792,0,99246596096,121115107328,0
1791595278.8667285,0.03176741302013397,87969792,0,0,85017493504,0,0,87969792,0,99247099904,121115107328,0
1791595279.0666215,0.031572531908750534,87969792,0,0,85017493504,0,0,87969792,0,99247042560,121115107328,0
1791595279.2661114,0.030974678695201874,87969792,0,0,85017493504,0,0,87969792,0,99247300608,121115107328,0
1791595279.4680219,0.032790543511509895,87969792,0,0,85017493504,0,0,87969792,0,99256061952,121115107328,0
1791595279.6671913,0.031860072165727615,87969792,0,0,85017493504,0,0,87969792,0,99256561664,121115107328,0
1791595279.8655732,0.030138811096549034,87969792,0,0,85017493504,0,0,87969792,0,99244412928,121115107328,0
1791595280.065107,0.029583243653178215,87969792,0,0,85017493504,0,0,87969792,0,99243831296,121115107328,0
1791595280.2648659,0.029220174998044968,87969792,0,0,85017493504,0,0,87969792,0,99243741184,121115107328,0
1791595280.4731152,0.03738521225750446,87969792,0,0,85017493504,0,0,87969792,0,99244019712,121115107328,0
1791595280.66619,0.030369874089956284,96759808,0,0,85017493504,0,0,96759808,0,99252977664,121115107328,0
1791595280.8667226,0.030820846557617188,96759808,0,0,85017493504,0,0,96759808,0,99252924416,121115107328,0
1791595281.06598,0.029985014349222183,96759808,0,0,85017493504,0,0,96759808,0,99252858880,121115107328,0
1791595281.2658062,0.02970697544515133,96759808,0,0,85017493504,0,0,96759808,0,99252834304,121115107328,0
1791595281.4655755,0.0293270330876112,96759808,0,0,85017493504,0,0,96759808,0,99252535296,121115107328,0
1791595281.6665728,0.030242204666137695,96763904,0,0,85017493504,0,0,96763904,0,99252465664,121115107328,0
1791595281.8661327,0.029702836647629738,96763904,0,0,85017493504,0,0,96763904,0,99252817920,121115107328,0
1791595282.0665264,0.030003027990460396,96768000,0,0,85017493504,0,0,96768000,0,99253014528,121115107328,0
1791595282.2628813,0.02627239003777504,96768000,0,0,85017493504,0,0,96768000,0,99252871168,121115107328,0
1791595282.4624372,0.025747451931238174,96768000,0,0,85017493504,0,0,96768000,0,99252957184,121115107328,0
1791595282.6622598,0.025487199425697327,96768000,0,0,85017493504,0,0,96768000,0,99252781056,121115103232,0
1791595282.869232,0.03237282112240791,96768000,0,0,85017493504,0,0,96768000,0,99252576256,121115103232,0
1791595283.0663493,0.0293875802308321,106831872,0,0,85017493504,0,0,106831872,0,99262988288,121115099136,0
1791595283.2646856,0.02760918438434601,130322432,0,0,85017493504,0,0,130322432,0,99286462464,121115099136,0
1791595283.465518,0.028352826833724976,130322432,0,0,85017493504,0,0,130322432,0,99285958656,121115099136,0
1791595283.6673157,0.030064430087804794,130322432,0,0,85017493504,0,0,130322432,0,99286306816,121115099136,0
1791595283.8706174,0.03327450715005398,130322432,0,0,85017493504,0,0,130322432,0,99286654976,121115099136,0
1791595284.0719783,0.03455219231545925,130322432,0,0,85017493504,0,0,130322432,0,99287003136,121115099136,0
1791595284.2669854,0.02947150729596615,130322432,0,0,85017493504,0,0,130322432,0,99286241280,121115099136,0
1791595284.4667208,0.02912369929254055,130322432,0,0,85017493504,0,0,130322432,0,99286548480,121115099136,0
1791595284.666405,0.028722846880555153,130322432,0,0,85017493504,0,0,130322432,0,99286646784,121115099136,0
1791595284.8670065,0.02924298122525215,130322432,0,0,85017493504,0,0,130322432,0,99286540288,121115099136,0
1791595285.0664246,0.028580129146575928,130322432,0,0,85017493504,0,0,130322432,0,99286573056,121115099136,0
1791595285.2681878,0.03026263229548931,130322432,0,0,85017493504,0,0,130322432,0,99286528000,121115099136,0
1791595285.472174,0.03415956348180771,130322432,0,0,85017493504,0,0,130322432,0,99286884352,121115099136,0
1791595285.6675804,0.029489712789654732,141152256,0,0,85017493504,0,0,141152256,0,99297984512,121115099136,0
1791595285.864369,0.02619551494717598,141152256,0,0,85017493504,0,0,141152256,0,99298091008,121115099136,0
1791595286.0655289,0.027271268889307976,141152256,0,0,85017493504,0,0,141152256,0,99298160640,121115099136,0
1791595286.267981,0.029643408954143524,141152256,0,0,85017493504,0,0,141152256,0,99297869824,121115099136,0
1791595286.46885,0.030430423095822334,141152256,0,0,85017493504,0,0,141152256,0,99297992704,121115099136,0
1791595286.666329,0.02782338485121727,141152256,0,0,85017493504,0,0,141152256,0,99298009088,121115099136,0
1791595286.8648648,0.02627568133175373,141152256,0,0,85017493504,0,0,141152256,0,99297796096,121115099136,0
1791595287.0638337,0.025166790932416916,141152256,0,0,85017493504,0,0,141152256,0,99297714176,121115099136,0
1791595287.2637525,0.025005243718624115,141156352,0,0,85017493504,0,0,141156352,0,99297558528,121115099136,0
1791595287.468287,0.029452137649059296,141156352,0,0,85017493504,0,0,141156352,0,99297648640,121115099136,0
1791595287.6690905,0.030174287036061287,141156352,0,0,85017493504,0,0,141156352,0,99297316864,121115099136,0
1791595287.8660038,0.027009254321455956,141156352,0,0,85017493504,0,0,141156352,0,99297386496,121115099136,0
1791595288.0642445,0.025162067264318466,141156352,0,0,85017493504,0,0,141156352,0,99296927744,121115099136,0
1791595288.263932,0.024777855724096298,147935232,0,0,85017493504,0,0,147935232,0,99303903232,121115099136,0
1791595288.4661407,0.026923768222332,147935232,0,0,85017493504,0,0,147935232,0,99303608320,121115099136,0
1791595288.6658661,0.026568269357085228,147935232,0,0,85017493504,0,0,147935232,0,99303702528,121115099136,0
1791595288.865728,0.026351340115070343,147935232,0,0,85017493504,0,0,147935232,0,99303796736,121115099136,0
1791595289.0652258,0.02576778456568718,147935232,0,0,85017493504,0,0,147935232,0,99303387136,121115099136,0
1791595289.2662916,0.026751063764095306,147935232,0,0,85017493504,0,0,147935232,0,99303481344,121115099136,0
1791595289.4701884,0.030566509813070297,147935232,0,0,85017493504,0,0,147935232,0,99303772160,121115099136,0
1791595289.6670485,0.02734004333615303,147935232,0,0,85017493504,0,0,147935232,0,99303862272,121115099136,0
1791595289.8709404,0.031145628541707993,147935232,0,0,85017493504,0,0,147935232,0,99303952384,121115099136,0
1791595290.0674539,0.02757720649242401,147935232,0,0,85017493504,0,0,147935232,0,99304046592,121115095040,0
1791595290.2671618,0.027197429910302162,147935232,0,0,85017493504,0,0,147935232,0,99303796736,121115095040,0
1791595290.472649,0.03260567970573902,147935232,0,0,85017493504,0,0,147935232,0,99304185856,121115095040,0
1791595290.6704555,0.03031061589717865,137015296,0,0,85017493504,0,0,137015296,0,99292700672,121115090944,0
1791595290.8693466,0.029120290651917458,137031680,0,0,85017493504,0,0,137031680,0,99292786688,121115090944,0
1791595291.0688088,0.028501970693469048,137048064,0,0,85017493504,0,0,137048064,0,99292487680,121115090944,0
1791595291.2677326,0.027335595339536667,137056256,0,0,85017493504,0,0,137056256,0,99292651520,121115090944,0
1791595291.468054,0.027570992708206177,156499968,0,0,85017493504,0,0,,1,99312377856,121115086848,0
1791595291.6792688,0.038701070472598076,368402432,0,0,85017493504,199794688,0,168607744,0,99524661248,121115086848,0
1791595291.8783424,0.037660613656044006,565542912,0,0,85017493504,399024128,0,166518784,0,99722301440,121115086848,0
1791595292.0786762,0.0378811564296484,762712064,0,0,85017493504,594059264,0,168652800,0,99919798272,121115086848,0
1791595292.277218,0.03633031249046326,957747200,0,0,85017493504,793288704,0,164458496,0,100115456000,121115086848,0
1791595292.4760253,0.03505481220781803,1148604416,0,0,85017493504,986226688,0,162377728,0,100306616320,121115086848,0
1791595292.6767633,0.03570538014173508,1339445248,0,0,85017493504,1174970368,0,164474880,0,100497760256,121115086848,0
1791595292.8761559,0.03501616045832634,1536577536,0,0,85017493504,1372102656,0,164474880,0,100695216128,121115086848,0
1791595293.073805,0.03258172236382961,1729515520,0,0,85017493504,1567137792,0,162377728,0,100888485888,121115086848,0
1791595293.2803776,0.039063870906829834,1823887360,0,0,85017493504,1680384000,0,143503360,0,100983013376,121115086848,0
1791595293.4799404,0.038517847657203674,1870041088,0,0,85017493504,1726521344,0,143519744,0,101029736448,121115086848,0
1791595293.6799545,0.03844692371785641,1916178432,0,0,85017493504,1772658688,0,143519744,0,101075689472,121115086848,0
1791595293.882538,0.04094246029853821,1962315776,0,0,85017493504,1818796032,0,143519744,0,101121941504,121115086848,0
1791595294.0803273,0.03864642605185509,2006355968,0,0,85017493504,1862836224,0,143519744,0,101166608384,121115086848,0
1791595294.2807336,0.038964368402957916,2050396160,0,0,85017493504,1906876416,0,143519744,0,101210505216,121115086848,0
1791595294.474313,0.03245163336396217,2092355584,0,0,85017493504,1950916608,0,141438976,0,101253357568,121115086848,0
1791595294.68055,0.0386064313352108,2138492928,0,0,85017493504,1994956800,0,143536128,0,101297971200,121115086848,0
1791595294.8766716,0.03464752435684204,2182533120,0,0,85017493504,2038996992,0,143536128,0,101341958144,121115086848,0
1791595295.0760157,0.03391221724450588,2226573312,0,0,85017493504,2083037184,0,143536128,0,101386088448,121115086848,0
1791595295.277352,0.035126566886901855,2270613504,0,0,85017493504,2127077376,0,143536128,0,101430276096,121115086848,0
1791595295.4793952,0.03708396293222904,2316750848,0,0,85017493504,2173214720,0,143536128,0,101476724736,121115086848,0
1791595295.6809838,0.03858446329832077,2360807424,0,0,85017493504,2217254912,0,143552512,0,101520478208,121115086848,0
1791595295.8806832,0.038199467584490776,2406944768,0,0,85017493504,2263392256,0,143552512,0,101567229952,121115086848,0
1791595296.0786052,0.03604195453226566,2450984960,0,0,85017493504,2307432448,0,143552512,0,101611036672,121115086848,0
1791595296.277098,0.03444862551987171,2492928000,0,0,85017493504,2349375488,0,143552512,0,101652811776,121115086848,0
1791595296.4780426,0.035314710810780525,2536968192,0,0,85017493504,2393415680,0,143552512,0,101697183744,121115086848,0
1791595296.6793194,0.03650578297674656,2578911232,0,0,85017493504,2435358720,0,143552512,0,101739085824,121115086848,0
1791595296.8811095,0.038214223459362984,2620870656,0,0,85017493504,2477301760,0,143568896,0,101781094400,121115086848,0
1791595297.0777884,0.03481307812035084,2662813696,0,0,85017493504,2521341952,0,141471744,0,101822861312,121115086848,0
1791595297.2796535,0.03659733943641186,2706853888,0,0,85017493504,2561187840,0,145666048,0,101867048960,121115082752,0
1791595297.481571,0.03842821158468723,2746699776,0,0,85017493504,2601033728,0,145666048,0,101906628608,121115082752,0
1791595297.6804094,0.03718578815460205,2788642816,0,0,85017493504,2645073920,0,143568896,0,101948575744,121115082752,0
1791595297.8798783,0.03657779097557068,2832699392,0,0,85017493504,2689114112,0,143585280,0,101993238528,121115082752,0
1791595298.0817475,0.03835580311715603,2876739584,0,0,85017493504,2731057152,0,145682432,0,102037143552,121115082752,0
1791595298.2822025,0.03872678428888321,2918682624,0,0,85017493504,2775097344,0,143585280,0,102079016960,121115082752,0
1791595298.4821072,0.038548896089196205,2962726912,0,0,85017493504,2817040384,0,145686528,0,102123286528,121115082752,0
1791595298.6809328,0.03728935495018959,3006767104,0,0,85017493504,2861080576,0,145686528,0,102167318528,121115082752,0
1791595298.8828979,0.03916631266474724,3057098752,0,0,85017493504,2913509376,0,143589376,0,102217740288,121115082752,0
1791595299.0798883,0.03607036545872688,3105349632,0,0,85017493504,2961743872,0,143605760,0,102266478592,121115082752,0
1791595299.2785199,0.03461415693163872,3153584128,0,0,85017493504,3009978368,0,143605760,0,102314725376,121115082752,0
1791595299.4736218,0.02966364659368992,3199721472,0,0,85017493504,3056115712,0,143605760,0,102360920064,121115082752,0
1791595299.672283,0.028261873871088028,3250053120,0,0,85017493504,3106447360,0,143605760,0,102411800576,121115082752,0
1791595299.8814092,0.03729294426739216,3304579072,0,0,85017493504,3160973312,0,143605760,0,102466170880,121115082752,0
1791595300.0825677,0.03835531137883663,3361202176,0,0,85017493504,3213402112,0,147800064,0,102523084800,121115082752,0
1791595300.2792988,0.035004667937755585,3417841664,0,0,85017493504,3272122368,0,145719296,0,102579552256,121115082752,0
1791595300.4815834,0.037204915657639503,3478659072,0,0,85017493504,3332939776,0,145719296,0,102640644096,121115082752,0
1791595300.6821697,0.037701211869716644,3545767936,0,0,85017493504,3397951488,0,147816448,0,102707924992,121115082752,0
1791595300.8858676,0.04131471738219261,3610779648,0,0,85017493504,3462963200,0,147816448,0,102773186560,121115082752,0
1791595301.087024,0.042363960295915604,3686277120,0,0,85017493504,3536363520,0,149913600,0,102848790528,121115082752,0
1791595301.2808619,0.036117784678936005,3747094528,0,0,85017493504,3603472384,0,143622144,0,102909927424,121115082752,0
1791595301.479637,0.03480924852192402,3791134720,0,0,85017493504,3647512576,0,143622144,0,102954065920,121115082752,0
1791595301.679395,0.03448422811925411,3833077760,0,0,85017493504,3691552768,0,141524992,0,102996099072,121115082752,0
1791595301.8806343,0.035643117502331734,3875020800,0,0,85017493504,3731398656,0,143622144,0,103037890560,121115082752,0
1791595302.0817115,0.036636197939515114,3914866688,0,0,85017493504,3773341696,0,141524992,0,103080112128,121115082752,0
1791595302.2801998,0.03504306450486183,3956809728,0,0,85017493504,3813187584,0,143622144,0,103120052224,121115082752,0
1791595302.482002,0.036762937903404236,3996655616,0,0,85017493504,3855130624,0,141524992,0,103159988224,121115082752,0
1791595302.6835554,0.03823505528271198,4042792960,0,0,85017493504,3897073664,0,145719296,0,103206481920,121115082752,0
1791595302.882599,0.037197744473814964,4084736000,0,0,85017493504,3941113856,0,143622144,0,103248285696,121115082752,0
1791595303.081474,0.03599298372864723,4126679040,0,0,85017493504,3983056896,0,143622144,0,103290322944,121115082752,0
1791595303.2808273,0.035264911130070686,4170719232,0,0,85017493504,4027097088,0,143622144,0,103334719488,121115082752,0
1791595303.4799564,0.03431222401559353,4212662272,0,0,85017493504,4071137280,0,141524992,0,103376363520,121115082752,0
1791595303.6816742,0.03593488037586212,4258799616,0,0,85017493504,4115177472,0,143622144,0,103422279680,121115082752,0
1791595303.882428,0.03660222887992859,4302839808,0,0,85017493504,4159217664,0,143622144,0,103468769280,121115082752,0
1791595304.082499,0.03658517636358738,4346880000,0,0,85017493504,4203257856,0,143622144,0,103510687744,121115078656,0
1791595304.2851136,0.03909795545041561,4388823040,0,0,85017493504,4245200896,0,143622144,0,103552634880,121115078656,0
1791595304.482584,0.03647361695766449,4430766080,0,0,85017493504,4287143936,0,143622144,0,103594622976,121115078656,0
1791595304.6846628,0.03842439502477646,4472709120,0,0,85017493504,4329086976,0,143622144,0,103636566016,121115078656,0
1791595304.881417,0.03509887307882309,4512559104,0,0,85017493504,4371030016,0,141529088,0,103676485632,121115078656,0
1791595305.0822735,0.035877006128430367,4556599296,0,0,85017493504,4412973056,0,143626240,0,103720845312,121115078656,0
1791595305.2830727,0.03659064881503582,4602736640,0,0,85017493504,4459110400,0,143626240,0,103766974464,121115078656,0
1791595305.4814157,0.03485245071351528,4646776832,0,0,85017493504,4503150592,0,143626240,0,103811162112,121115078656,0
1791595305.684629,0.03797905333340168,4695011328,0,0,85017493504,4551385088,0,143626240,0,103860150272,121115078656,0
1791595305.8872604,0.040527913719415665,4741148672,0,0,85017493504,4595425280,0,145723392,0,103906332672,121115078656,0
1791595306.084272,0.03745807893574238,4785188864,0,0,85017493504,4639465472,0,145723392,0,103950458880,121115078656,0
1791595306.2820914,0.03518834337592125,4827131904,0,0,85017493504,4683505664,0,143626240,0,103992524800,121115078656,0
1791595306.483953,0.03696751967072487,4869074944,0,0,85017493504,4725448704,0,143626240,0,104034160640,121115078656,0
1791595306.6826408,0.03557133302092552,4911017984,0,0,85017493504,4767391744,0,143626240,0,104076124160,121115078656,0
1791595306.88234,0.03518305532634258,4955058176,0,0,85017493504,4811431936,0,143626240,0,104120250368,121115078656,0
1791595307.082386,0.03514391742646694,4999098368,0,0,85017493504,4855472128,0,143626240,0,104164298752,121115078656,0
1791595307.2843916,0.03706084378063679,5045235712,0,0,85017493504,4901609472,0,143626240,0,104210489344,121115078656,0
1791595307.4814453,0.03403529152274132,5089275904,0,0,85017493504,4947746816,0,141529088,0,104256811008,121115078656,0
1791595307.6845665,0.03706961125135422,5137510400,0,0,85017493504,4993884160,0,143626240,0,104302772224,121115078656,0
1791595307.8854234,0.03784181363880634,5183647744,0,0,85017493504,5040021504,0,143626240,0,104349257728,121115078656,0
1791595308.085004,0.03734230622649193,5227687936,0,0,85017493504,5084061696,0,143626240,0,104395538432,121115078656,0
1791595308.2861075,0.03836192563176155,5273825280,0,0,85017493504,5130199040,0,143626240,0,104439660544,121115078656,0
1791595308.487023,0.039190784096717834,5319962624,0,0,85017493504,5176336384,0,143626240,0,104486129664,121115078656,0
1791595308.6866336,0.03871920518577099,5364002816,0,0,85017493504,5220376576,0,143626240,0,104530542592,121115078656,0
1791595308.887285,0.03928648307919502,5408043008,0,0,85017493504,5264416768,0,143626240,0,104574636032,121115078656,0
1791595309.08621,0.038123968988657,5449986048,0,0,85017493504,5304262656,0,145723392,0,104616665088,121115078656,0
1791595309.2856379,0.03746979869902134,5491929088,0,0,85017493504,5348302848,0,143626240,0,104658386944,121115078656,0
1791595309.4870865,0.038836780935525894,5533872128,0,0,85017493504,5390245888,0,143626240,0,104700309504,121115078656,0
1791595309.6843262,0.03599420376121998,5573718016,0,0,85017493504,5432188928,0,141529088,0,104739983360,121115078656,0
1791595309.886464,0.0380486361682415,5619855360,0,0,85017493504,5474131968,0,145723392,0,104786317312,121115078656,0
1791595310.0852613,0.03676678612828255,5661798400,0,0,85017493504,5518172160,0,143626240,0,104828354560,121115078656,0
1791595310.2855413,0.036964673548936844,5707935744,0,0,85017493504,5564309504,0,143626240,0,104874483712,121115078656,0
1791595310.4864857,0.03782350942492485,5749878784,0,0,85017493504,5606252544,0,143626240,0,104916045824,121115078656,0
1791595310.684087,0.035332925617694855,5793918976,0,0,85017493504,5650292736,0,143626240,0,104960438272,121115078656,0
1791595310.8827503,0.03391542099416256,5840056320,0,0,85017493504,5696430080,0,143626240,0,105006850048,121115074560,0
1791595311.085134,0.03622027859091759,5884096512,0,0,85017493504,5740470272,0,143626240,0,105051000832,121115074560,0
1791595311.2867467,0.03775009699165821,5928140800,0,0,85017493504,5784510464,0,143630336,0,105095155712,121115074560,0
1791595311.4842505,0.035171039402484894,5972180992,0,0,85017493504,5828550656,0,143630336,0,105139273728,121115074560,0
1791595311.6852033,0.036036351695656776,6016221184,0,0,85017493504,5872590848,0,143630336,0,105183031296,121115074560,0
1791595311.8845017,0.03524939343333244,6062358528,0,0,85017493504,5918728192,0,143630336,0,105229279232,121115074560,0
1791595312.084804,0.03546971082687378,6104301568,0,0,85017493504,5962768384,0,141533184,0,105273405440,121115074560,0
1791595312.285022,0.035604119300842285,6152548352,0,0,85017493504,6008905728,0,143642624,0,105319370752,121115074560,0
1791595312.4877684,0.038271671161055565,6198685696,0,0,85017493504,6055043072,0,143642624,0,105365729280,121115074560,0
1791595312.6849928,0.0354146845638752,6242725888,0,0,85017493504,6099083264,0,143642624,0,105409761280,121115074560,0
1791595312.884102,0.03444297797977924,6288863232,0,0,85017493504,6145220608,0,143642624,0,105456250880,121115074560,0
1791595313.084137,0.03439677879214287,6335000576,0,0,85017493504,6191357952,0,143642624,0,105502466048,121115074560,0
1791595313.284038,0.034213729202747345,6381137920,0,0,85017493504,6237495296,0,143642624,0,105548562432,121115074560,0
1791595313.4891522,0.03924827463924885,6429372416,0,0,85017493504,6283632640,0,145739776,0,105596907520,121115074560,0
1791595313.686914,0.03692961670458317,6473412608,0,0,85017493504,6327672832,0,145739776,0,105641041920,121115074560,0
1791595313.8869336,0.03686673007905483,6515355648,0,0,85017493504,6371713024,0,143642624,0,105682796544,121115074560,0
1791595314.0866995,0.036549223586916924,6557298688,0,0,85017493504,6413656064,0,143642624,0,105725100032,121115074560,0
1791595314.2870958,0.0368642657995224,6599241728,0,0,85017493504,6455599104,0,143642624,0,105767141376,121115074560,0
1791595314.4876451,0.037332095205783844,6639087616,0,0,85017493504,6495444992,0,143642624,0,105807073280,121115074560,0
1791595314.6846502,0.03425683081150055,6681030656,0,0,85017493504,6537388032,0,143642624,0,105849085952,121115074560,0
1791595314.8843997,0.033927248790860176,6727168000,0,0,85017493504,6583525376,0,143642624,0,105895571456,121115074560,0
1791595315.0853808,0.03482655994594097,6771208192,0,0,85017493504,6627565568,0,143642624,0,105939660800,121115074560,0
1791595315.286883,0.036244483664631844,6817345536,0,0,85017493504,6673702912,0,143642624,0,105985564672,121115074560,0
1791595315.490871,0.04015162028372288,6863482880,0,0,85017493504,6719840256,0,143642624,0,106032631808,121115070464,0
1791595315.6889734,0.038159724324941635,6907523072,0,0,85017493504,6763880448,0,143642624,0,106077007872,121115070464,0
1791595315.890877,0.039973074570298195,6951563264,0,0,85017493504,6807920640,0,143642624,0,106120781824,121115070464,0
1791595316.0907655,0.03977261297404766,6995603456,0,0,85017493504,6851960832,0,143642624,0,106164895744,121115070464,0
1791595316.2894561,0.03836548328399658,7039643648,0,0,85017493504,6896001024,0,143642624,0,106208223232,121115070464,0
1791595316.4881136,0.03690166957676411,7083683840,0,0,85017493504,6940041216,0,143642624,0,106252324864,121115070464,0
1791595316.6885605,0.037267016246914864,7127724032,0,0,85017493504,6984081408,0,143642624,0,106296705024,121115070464,0
1791595316.8881664,0.03679399937391281,7171764224,0,0,85017493504,7028121600,0,143642624,0,106340839424,121115070464,0
1791595317.0866477,0.0351901650428772,7215804416,0,0,85017493504,7074258944,0,141545472,0,106386911232,121115070464,0
1791595317.2868242,0.03528229705989361,7259844608,0,0,85017493504,7118299136,0,141545472,0,106429104128,121115070464,0
1791595317.4866612,0.035039035603404045,7303884800,0,0,85017493504,7160242176,0,143642624,0,106472865792,121115070464,0
1791595317.688916,0.03720896877348423,7345827840,0,0,85017493504,7202185216,0,143642624,0,106516979712,121115066368,0
1791595317.887035,0.03524845838546753,7391965184,0,0,85017493504,7248322560,0,143642624,0,106561277952,121115066368,0
1791595318.0888054,0.03694042004644871,7436005376,0,0,85017493504,7292362752,0,143642624,0,106605178880,121115066368,0
1791595318.2905679,0.038614317774772644,7480045568,0,0,85017493504,7336402944,0,143642624,0,106651308032,121115066368,0
1791595318.4911656,0.03911549225449562,7526182912,0,0,85017493504,7380443136,0,145739776,0,106695876608,121115066368,0
1791595318.688441,0.036289678886532784,7570223104,0,0,85017493504,7426580480,0,143642624,0,106739929088,121115066368,0
1791595318.8901203,0.037885041907429695,7614263296,0,0,85017493504,7470620672,0,143642624,0,106786156544,121115066368,0
1791595319.0921009,0.03977312333881855,7658303488,0,0,85017493504,7514660864,0,143642624,0,106830725120,121115066368,0
1791595319.2916644,0.03924240171909332,7700246528,0,0,85017493504,7558701056,0,141545472,0,106872594432,121115066368,0
1791595319.4893367,0.03683260641992092,7744286720,0,0,85017493504,7600644096,0,143642624,0,106914627584,121115066368,0
1791595319.688247,0.03564232774078846,7788326912,0,0,85017493504,7644684288,0,143642624,0,106959044608,121115066368,0
1791595319.890753,0.03805660456418991,7832367104,0,0,85017493504,7688724480,0,143642624,0,107003158528,121115066368,0
1791595320.0883355,0.0355597585439682,7874310144,0,0,85017493504,7730667520,0,143642624,0,107045195776,121115066368,0
1791595320.2881346,0.03526483476161957,7918350336,0,0,85017493504,7774707712,0,143642624,0,107089293312,121115066368,0
1791595320.488786,0.03583480045199394,7960293376,0,0,85017493504,7816650752,0,143642624,0,107131654144,121115066368,0
1791595320.6895041,0.036470312625169754,8002236416,0,0,85017493504,7858593792,0,143642624,0,107173572608,121115066368,0
1791595320.8910577,0.037934910506010056,8048373760,0,0,85017493504,7904731136,0,143642624,0,107220299776,121115066368,0
1791595321.0899422,0.03673437424004078,8090316800,0,0,85017493504,7946674176,0,143642624,0,107262300160,121115066368,0
1791595321.2898715,0.03657700680196285,8132259840,0,0,85017493504,7988617216,0,143642624,0,107303653376,121115066368,0
1791595321.4905002,0.03711826354265213,8172105728,0,0,85017493504,8028463104,0,143642624,0,107343527936,121115066368,0
1791595321.688683,0.03521416150033474,8211951616,0,0,85017493504,8068308992,0,143642624,0,107383443456,121115066368,0
1791595321.8938606,0.04030410945415497,8255991808,0,0,85017493504,8112349184,0,143642624,0,107427368960,121115066368,0
1791595322.092603,0.038937194272875786,8300032000,0,0,85017493504,8156389376,0,143642624,0,107471929344,121115066368,0
1791595322.2900338,0.03626633994281292,8341975040,0,0,85017493504,8198332416,0,143642624,0,107513929728,121115066368,0
1791595322.4913313,0.03745115175843239,8386015232,0,0,85017493504,8242372608,0,143642624,0,107558596608,121115066368,0
1791595322.6934838,0.03952362388372421,8430055424,0,0,85017493504,8286412800,0,143642624,0,107602243584,121115066368,0
1791595322.8909013,0.036853522062301636,8471998464,0,0,85017493504,8328355840,0,143642624,0,107644526592,121115066368,0
1791595323.0913444,0.03721413016319275,8516038656,0,0,85017493504,8372396032,0,143642624,0,107688914944,121115066368,0
1791595323.2894566,0.035243112593889236,8560078848,0,0,85017493504,8416436224,0,143642624,0,107733053440,121115066368,0
1791595323.4936707,0.03934113867580891,8604119040,0,0,85017493504,8460476416,0,143642624,0,107777175552,121115066368,0
1791595323.6903696,0.03595714271068573,8648159232,0,0,85017493504,8504516608,0,143642624,0,107821371392,121115066368,0
1791595323.8915327,0.03702738508582115,8692199424,0,0,85017493504,8548556800,0,143642624,0,107865497600,121115066368,0
1791595324.0909731,0.03638765960931778,8736239616,0,0,85017493504,8592596992,0,143642624,0,107909357568,121115066368,0
1791595324.2908647,0.0361960269510746,8778182656,0,0,85017493504,8634540032,0,143642624,0,107951636480,121115066368,0
1791595324.4894578,0.034710535779595375,8820125696,0,0,85017493504,8676483072,0,143642624,0,107993518080,121115062272,0
1791595324.6918285,0.03699939511716366,8864165888,0,0,85017493504,8720523264,0,143642624,0,108037652480,121115062272,0
1791595324.8904238,0.035511383786797523,8906108928,0,0,85017493504,8764563456,0,141545472,0,108079648768,121115062272,0
1791595325.090887,0.03589167259633541,8952246272,0,0,85017493504,8808603648,0,143642624,0,108125839360,121115062272,0
1791595325.2925134,0.03743887506425381,8996286464,0,0,85017493504,8852643840,0,143642624,0,108169977856,121115062272,0
1791595325.4920895,0.03693597577512264,9038229504,0,0,85017493504,8896684032,0,141545472,0,108214456320,121115062272,0
1791595325.6931007,0.037855805829167366,9080172544,0,0,85017493504,8936529920,0,143642624,0,108253634560,121115062272,0
1791595325.8903806,0.03505259193480015,9122115584,0,0,85017493504,8978472960,0,143642624,0,108295663616,121115062272,0
1791595326.0928812,0.037465108558535576,9164058624,0,0,85017493504,9022513152,0,141545472,0,108337569792,121115062272,0
1791595326.293041,0.037529490888118744,9208098816,0,0,85017493504,9064456192,0,143642624,0,108381429760,121115062272,0
1791595326.4946086,0.039009446278214455,9247944704,0,0,85017493504,9104302080,0,143642624,0,108421283840,121115062272,0
1791595326.69236,0.03667476400732994,9287790592,0,0,85017493504,9146245120,0,141545472,0,108463087616,121115062272,0
1791595326.8919737,0.036202406510710716,9331830784,0,0,85017493504,9188188160,0,143642624,0,108505276416,121115062272,0
1791595327.094015,0.0381295345723629,9375870976,0,0,85017493504,9232228352,0,143642624,0,108549382144,121115062272,0
1791595327.2926106,0.03664098680019379,9417814016,0,0,85017493504,9274171392,0,143642624,0,108591259648,121115062272,0
1791595327.4933379,0.03728446923196316,9457659904,0,0,85017493504,9314017280,0,143642624,0,108631461888,121115062272,0
1791595327.692238,0.036097271367907524,9499602944,0,0,85017493504,9355960320,0,143642624,0,108673224704,121115062272,0
1791595327.8915539,0.03533153235912323,9537351680,0,0,85017493504,9395806208,0,141545472,0,108713164800,121115062272,0
1791595328.094311,0.038010500371456146,9581391872,0,0,85017493504,9437749248,0,143642624,0,108755451904,121115062272,0
1791595328.2948406,0.03844878077507019,9625432064,0,0,85017493504,9479692288,0,145739776,0,108799840256,121115062272,0
1791595328.4959834,0.03947911597788334,9667375104,0,0,85017493504,9523732480,0,143642624,0,108841877504,121115062272,0
1791595328.6968315,0.040239427238702774,9711415296,0,0,85017493504,9567772672,0,143642624,0,108885610496,121115062272,0
1791595328.8935735,0.036895036697387695,9751261184,0,0,85017493504,9607618560,0,143642624,0,108925300736,121115062272,0
1791595329.0960023,0.03922896832227707,9791107072,0,0,85017493504,9647464448,0,143642624,0,108965244928,121115062272,0
1791595329.2945864,0.037726351991295815,9830952960,0,0,85017493504,9687310336,0,143642624,0,109005176832,121115062272,0
1791595329.4953659,0.03842337243258953,9870798848,0,0,85017493504,9727156224,0,143642624,0,109045112832,121115062272,0
1791595329.6936202,0.036589182913303375,9912741888,0,0,85017493504,9769099264,0,143642624,0,109087150080,121115062272,0
1791595329.8967125,0.039590733125805855,9958879232,0,0,85017493504,9815236608,0,143642624,0,109133639680,121115062272,0
1791595330.0941348,0.03692441247403622,10002919424,0,0,85017493504,9859276800,0,143642624,0,109177712640,121115062272,0
1791595330.2946987,0.03740887530148029,10046959616,0,0,85017493504,9903316992,0,143642624,0,109221584896,121115062272,0
1791595330.4926846,0.03531198762357235,10090999808,0,0,85017493504,9947357184,0,143642624,0,109266100224,121115062272,0
1791595330.694284,0.036831626668572426,10137137152,0,0,85017493504,9993494528,0,143642624,0,109312593920,121115062272,0
1791595330.8950188,0.03748364746570587,10181177344,0,0,85017493504,10037534720,0,143642624,0,109356548096,121115062272,0
1791595331.0948389,0.03722146339714527,10223120384,0,0,85017493504,10081574912,0,141545472,0,109400674304,121115062272,0
1791595331.2957556,0.03804642893373966,10267160576,0,0,85017493504,10123517952,0,143642624,0,109442560000,121115058176,0
1791595331.4959888,0.03819797374308109,10311200768,0,0,85017493504,10165460992,0,145739776,0,109486702592,121115058176,0
1791595331.6941164,0.03620382770895958,10355240960,0,0,85017493504,10211598336,0,143642624,0,109530779648,121115058176,0
1791595331.8984044,0.04039556160569191,10399281152,0,0,85017493504,10255638528,0,143642624,0,109575200768,121115058176,0
1791595332.0967798,0.03867447003722191,10443321344,0,0,85017493504,10299678720,0,143642624,0,109619318784,121115058176,0
1791595332.2957284,0.03750719130039215,10489458688,0,0,85017493504,10343718912,0,145739776,0,109665280000,121115058176,0
1791595332.4923043,0.03400382399559021,10531401728,0,0,85017493504,10387759104,0,143642624,0,109707603968,121115058176,0
1791595332.6959484,0.03756413236260414,10575441920,0,0,85017493504,10431799296,0,143642624,0,109751218176,121115058176,0
1791595332.8954668,0.03699413686990738,10617384960,0,0,85017493504,10473742336,0,143642624,0,109792870400,121115058176,0
1791595333.0943446,0.035790128633379936,10659328000,0,0,85017493504,10515685376,0,143642624,0,109835169792,121115058176,0
1791595333.2960098,0.03736644610762596,10701271040,0,0,85017493504,10557628416,0,143642624,0,109877215232,121115058176,0
1791595333.4930346,0.03431014157831669,10743214080,0,0,85017493504,10599571456,0,143642624,0,109919244288,121115058176,0
1791595333.6928797,0.03407485596835613,10785157120,0,0,85017493504,10641514496,0,143642624,0,109961543680,121115058176,0
1791595333.8944373,0.035552334040403366,10829197312,0,0,85017493504,10685554688,0,143642624,0,110005669888,121115058176,0
1791595334.0933342,0.03436863794922829,10873237504,0,0,85017493504,10729594880,0,143642624,0,110049714176,121115058176,0
1791595334.2953522,0.03630485013127327,10917277696,0,0,85017493504,10773635072,0,143642624,0,110093660160,121115058176,0
1791595334.4978263,0.03866710886359215,10961317888,0,0,85017493504,10817675264,0,143642624,0,110137827328,121115058176,0
1791595334.6969957,0.03774884529411793,11009552384,0,0,85017493504,10865909760,0,143642624,0,110188515328,121115058176,0
1791595334.9218464,0.06250672042369843,11068272640,0,0,85017493504,10916241408,0,152031232,0,110244696064,121115058176,0
1791595335.0975275,0.03809834644198418,11114409984,0,0,85017493504,10968670208,0,145739776,0,110291189760,121115058176,0
1791595335.2985983,0.03905876539647579,11168935936,0,0,85017493504,11023196160,0,145739776,0,110345351168,121115058176,0
1791595335.4947026,0.035083625465631485,11225559040,0,0,85017493504,11079819264,0,145739776,0,110402670592,121115058176,0
1791595335.6957302,0.036028677597641945,11284279296,0,0,85017493504,11138539520,0,145739776,0,110461448192,121115058176,0
1791595335.8994708,0.03966185636818409,11353485312,0,0,85017493504,11203551232,0,149934080,0,110531039232,121115058176,0
1791595336.09655,0.03665941394865513,11420594176,0,0,85017493504,11272757248,0,147836928,0,110598230016,121115058176,0
1791595336.2982771,0.03830319084227085,11493994496,0,0,85017493504,11346157568,0,147836928,0,110671839232,121115058176,0
1791595336.49625,0.03619358502328396,11540131840,0,0,85017493504,11396489216,0,143642624,0,110717771776,121115058176,0
1791595336.6952598,0.035121168941259384,11584176128,0,0,85017493504,11440529408,0,143646720,0,110761877504,121115058176,0
1791595336.895882,0.0356603879481554,11630313472,0,0,85017493504,11486666752,0,143646720,0,110808367104,121115058176,0
1791595337.0968955,0.03658686764538288,11674353664,0,0,85017493504,11530706944,0,143646720,0,110852235264,121115058176,0
1791595337.2985578,0.038160139694809914,11718393856,0,0,85017493504,11572649984,0,145743872,0,110896361472,121115058176,0
1791595337.497142,0.036665577441453934,11760336896,0,0,85017493504,11616690176,0,143646720,0,110938382336,121115058176,0
1791595337.6972203,0.03666034713387489,11804389376,0,0,85017493504,11660730368,0,143659008,0,110982512640,121115058176,0
1791595337.8955224,0.0348803848028183,11848429568,0,0,85017493504,11706867712,0,141561856,0,111026520064,121115058176,0
1791595338.0965748,0.03585193306207657,11890372608,0,0,85017493504,11746713600,0,143659008,0,111068819456,121115054080,0
1791595338.3000662,0.03925912454724312,11932315648,0,0,85017493504,11790753792,0,141561856,0,111112683520,121115054080,0
1791595338.4986498,0.03775124251842499,11974258688,0,0,85017493504,11830599680,0,143659008,0,111152398336,121115054080,0
1791595338.6989768,0.037996746599674225,12014104576,0,0,85017493504,11870445568,0,143659008,0,111192424448,121115054080,0
1791595338.8993073,0.038242584094405174,12058144768,0,0,85017493504,11914485760,0,143659008,0,111236513792,121115054080,0
1791595339.0987387,0.037587184458971024,12100087808,0,0,85017493504,11958525952,0,141561856,0,111278542848,121115054080,0
1791595339.2991598,0.03792242333292961,12146225152,0,0,85017493504,12002566144,0,143659008,0,111324770304,121115054080,0
1791595339.4989893,0.03766724094748497,12190265344,0,0,85017493504,12046606336,0,143659008,0,111368867840,121115054080,0
1791595339.6983144,0.0369090661406517,12232208384,0,0,85017493504,12088549376,0,143659008,0,111410884608,121115054080,0
1791595339.8993487,0.03785787150263786,12274151424,0,0,85017493504,12130492416,0,143659008,0,111454957568,121115054080,0
1791595340.0979114,0.03633866645395756,12316094464,0,0,85017493504,12172435456,0,143659008,0,111495143424,121115054080,0
1791595340.2989564,0.03729705512523651,12355940352,0,0,85017493504,12214378496,0,141561856,0,111535005696,121115054080,0
1791595340.498767,0.037020960822701454,12397883392,0,0,85017493504,12254224384,0,143659008,0,111577112576,121115054080,0
1791595340.6982014,0.036375321447849274,12437729280,0,0,85017493504,12294070272,0,143659008,0,111617310720,121115054080,0
1791595340.9009204,0.039005547761917114,12483866624,0,0,85017493504,12340207616,0,143659008,0,111663198208,121115054080,0
1791595341.09717,0.03517592512071133,12523712512,0,0,85017493504,12380053504,0,143659008,0,111703138304,121115054080,0
1791595341.2997212,0.0376351922750473,12567752704,0,0,85017493504,12424093696,0,143659008,0,111747334144,121115054080,0
1791595341.499626,0.037459639832377434,12607598592,0,0,85017493504,12463939584,0,143659008,0,111787122688,121115054080,0
1791595341.701323,0.0391119159758091,12649541632,0,0,85017493504,12505882624,0,143659008,0,111829417984,121115054080,0
1791595341.8994215,0.03709455952048302,12689387520,0,0,85017493504,12545728512,0,143659008,0,111869489152,121115054080,0
1791595342.0982256,0.03581700660288334,12731330560,0,0,85017493504,12587671552,0,143659008,0,111911530496,121115054080,0
1791595342.297324,0.034829240292310715,12775370752,0,0,85017493504,12631711744,0,143659008,0,111955394560,121115054080,0
1791595342.4980674,0.03548789769411087,12817313792,0,0,85017493504,12673654784,0,143659008,0,111997202432,121115054080,0
1791595342.7003906,0.037706511095166206,12861353984,0,0,85017493504,12717694976,0,143659008,0,112041537536,121115054080,0
1791595342.899966,0.0371992290019989,12905394176,0,0,85017493504,12761735168,0,143659008,0,112085647360,121115054080,0
1791595343.100382,0.03751182183623314,12949434368,0,0,85017493504,12805775360,0,143659008,0,112129769472,121115054080,0
1791595343.2983136,0.03536087088286877,12993474560,0,0,85017493504,12851912704,0,141561856,0,112174170112,121115054080,0
1791595343.4984007,0.03536658734083176,13035417600,0,0,85017493504,12893855744,0,141561856,0,112216203264,121115054080,0
1791595343.7022822,0.039166999980807304,13081554944,0,0,85017493504,12937895936,0,143659008,0,112262438912,121115054080,0
1791595343.90147,0.03821966424584389,13125595136,0,0,85017493504,12981936128,0,143659008,0,112306921472,121115054080,0
1791595344.1005027,0.03717302903532982,13169635328,0,0,85017493504,13025976320,0,143659008,0,112351047680,121115054080,0
1791595344.2992764,0.03586614690721035,13213675520,0,0,85017493504,13072113664,0,141561856,0,112394907648,121115054080,0
1791595344.498345,0.03485625609755516,13259812864,0,0,85017493504,13116153856,0,143659008,0,112441397248,121115054080,0
1791595344.6978436,0.03427629731595516,13303853056,0,0,85017493504,13160194048,0,143659008,0,112485519360,121115049984,0
1791595344.899419,0.035768862813711166,13349990400,0,0,85017493504,13206331392,0,143659008,0,112531750912,121115049984,0
1791595345.098576,0.03484456241130829,13394030592,0,0,85017493504,13252468736,0,141561856,0,112577929216,121115049984,0
1791595345.301477,0.03766157105565071,13440167936,0,0,85017493504,13296508928,0,143659008,0,112621572096,121115049984,0
1791595345.498972,0.0350722000002861,13484208128,0,0,85017493504,13342646272,0,141561856,0,112665710592,121115045888,0
1791595345.7002468,0.03626689501106739,13528248320,0,0,85017493504,13384589312,0,143659008,0,112710115328,121115045888,0
1791595345.8997686,0.03570556640625,13572288512,0,0,85017493504,13428629504,0,143659008,0,112753885184,121115045888,0
1791595346.0997329,0.035589976236224174,13616328704,0,0,85017493504,13472669696,0,143659008,0,112798011392,121115045888,0
1791595346.2990696,0.03484482131898403,13658271744,0,0,85017493504,13514612736,0,143659008,0,112840310784,121115045888,0
1791595346.4992363,0.03493141755461693,13702311936,0,0,85017493504,13558652928,0,143659008,0,112884445184,121115045888,0
1791595346.7001915,0.03580564633011818,13744254976,0,0,85017493504,13602693120,0,141561856,0,112928575488,121115045888,0
1791595346.9011009,0.036632684990763664,13790392320,0,0,85017493504,13646733312,0,143659008,0,112972681216,121115045888,0
1791595347.0997682,0.03521938808262348,13834432512,0,0,85017493504,13690773504,0,143659008,0,113016705024,121115045888,0
1791595347.3003855,0.03575356490910053,13878472704,0,0,85017493504,13734813696,0,143659008,0,113060995072,121115045888,0
1791595347.5017865,0.037074239924550056,13924610048,0,0,85017493504,13780951040,0,143659008,0,113107730432,121115045888,0
1791595347.699522,0.03472030535340309,13966553088,0,0,85017493504,13824991232,0,141561856,0,113149407232,121115045888,0
1791595347.9012833,0.03639931231737137,14012690432,0,0,85017493504,13869031424,0,143659008,0,113195638784,121115045888,0
1791595348.1014497,0.036483218893408775,14056730624,0,0,85017493504,13913071616,0,143659008,0,113239998464,121115045888,0
1791595348.3015108,0.03646075539290905,14100770816,0,0,85017493504,13957111808,0,143659008,0,113284141056,121115045888,0
1791595348.5028014,0.03766769729554653,14146908160,0,0,85017493504,14003249152,0,143659008,0,113330098176,121115045888,0
1791595348.7014062,0.03619324788451195,14190948352,0,0,85017493504,14047289344,0,143659008,0,113374494720,121115045888,0
1791595348.9021974,0.036903830245137215,14237085696,0,0,85017493504,14091329536,0,145756160,0,113420623872,121115045888,0
1791595349.1023161,0.036938514560461044,14281125888,0,0,85017493504,14137466880,0,143659008,0,113464713216,121115045888,0
1791595349.302125,0.03666386008262634,14327263232,0,0,85017493504,14183604224,0,143659008,0,113510936576,121115045888,0
1791595349.5015926,0.0360509492456913,14371303424,0,0,85017493504,14229741568,0,141561856,0,113555070976,121115045888,0
1791595349.7038674,0.03824089840054512,14417440768,0,0,85017493504,14273781760,0,143659008,0,113601306624,121115045888,0
1791595349.9028807,0.0371744055300951,14459383808,0,0,85017493504,14317821952,0,141561856,0,113643335680,121115045888,0
1791595350.103538,0.037746723741292953,14505521152,0,0,85017493504,14361862144,0,143659008,0,113689559040,121115045888,0
1791595350.3006256,0.03475130908191204,14549561344,0,0,85017493504,14405902336,0,143659008,0,113733697536,121115045888,0
1791595350.5027668,0.036811670288443565,14593601536,0,0,85017493504,14449942528,0,143659008,0,113777909760,121115045888,0
1791595350.70523,0.03917454928159714,14637641728,0,0,85017493504,14493982720,0,143659008,0,113821765632,121115045888,0
1791595350.903113,0.03696431964635849,14681681920,0,0,85017493504,14538022912,0,143659008,0,113865916416,121115045888,0
1791595351.1031537,0.03692303039133549,14725722112,0,0,85017493504,14582063104,0,143659008,0,113910235136,121115045888,0
1791595351.3047998,0.03848591074347496,14769762304,0,0,85017493504,14626103296,0,143659008,0,113954033664,121115045888,0
1791595351.5045052,0.03810184448957443,14813802496,0,0,85017493504,14668046336,0,145756160,0,113998053376,121115041792,0
1791595351.7027893,0.0363055020570755,14855745536,0,0,85017493504,14712086528,0,143659008,0,114040070144,121115041792,0
1791595351.9020376,0.03547043539583683,14899785728,0,0,85017493504,14756126720,0,143659008,0,114084175872,121115041792,0
1791595352.1032898,0.036640116944909096,14943825920,0,0,85017493504,14802264064,0,141561856,0,114128035840,121115041792,0
1791595352.3033216,0.036586202681064606,14987866112,0,0,85017493504,14844207104,0,143659008,0,114172432384,121115041792,0
1791595352.5042448,0.0374282281845808,15034003456,0,0,85017493504,14890344448,0,143659008,0,114218663936,121115041792,0
1791595352.70281,0.03591529466211796,15080140800,0,0,85017493504,14936481792,0,143659008,0,114264788992,121115041792,0
1791595352.9060593,0.03908286243677139,15126278144,0,0,85017493504,14982619136,0,143659008,0,114311163904,121115041792,0
1791595353.1058965,0.03882830776274204,15172415488,0,0,85017493504,15026659328,0,145756160,0,114357481472,121115041792,0
1791595353.302829,0.035678593441843987,15216455680,0,0,85017493504,15072796672,0,143659008,0,114401812480,121115041792,0
1791595353.5061018,0.03889378346502781,15262593024,0,0,85017493504,15116836864,0,145756160,0,114448011264,121115041792,0
1791595353.7027636,0.03547574579715729,15306633216,0,0,85017493504,15162974208,0,143659008,0,114492153856,121115041792,0
1791595353.902386,0.03501674719154835,15350673408,0,0,85017493504,15207014400,0,143659008,0,114535993344,121115041792,0
1791595354.1054025,0.037932103499770164,15396810752,0,0,85017493504,15253151744,0,143659008,0,114582204416,121115041792,0
1791595354.3068578,0.03929430432617664,15442948096,0,0,85017493504,15297191936,0,145756160,0,114628694016,121115041792,0
1791595354.5060532,0.03839845210313797,15486988288,0,0,85017493504,15343329280,0,143659008,0,114673270784,121115041792,0
1791595354.7063189,0.038588134571909904,15531028480,0,0,85017493504,15387369472,0,143659008,0,114716852224,121115041792,0
1791595354.904101,0.03628292493522167,15572971520,0,0,85017493504,15431409664,0,141561856,0,114759069696,121115041792,0
1791595355.1049864,0.03708849847316742,15617011712,0,0,85017493504,15473352704,0,143659008,0,114805301248,121115041792,0
1791595355.303966,0.03598626330494881,15663149056,0,0,85017493504,15519490048,0,143659008,0,114849435648,121115041792,0
1791595355.505058,0.03699922002851963,15707189248,0,0,85017493504,15563530240,0,143659008,0,114893918208,121115041792,0
1791595355.70392,0.035779550671577454,15751229440,0,0,85017493504,15607570432,0,143659008,0,114937643008,121115041792,0
1791595355.9030352,0.034815192222595215,15795269632,0,0,85017493504,15653707776,0,141561856,0,114983845888,121115041792,0
1791595356.1085532,0.04025130718946457,15843504128,0,0,85017493504,15699845120,0,143659008,0,115030319104,121115041792,0
1791595356.3050067,0.03662475571036339,15885447168,0,0,85017493504,15741788160,0,143659008,0,115072360448,121115041792,0
1791595356.5035303,0.03506891056895256,15929487360,0,0,85017493504,15785828352,0,143659008,0,115116494848,121115041792,0
1791595356.7070444,0.03850513882935047,15977721856,0,0,85017493504,15831965696,0,145756160,0,115165351936,121115041792,0
1791595356.9058554,0.03722773306071758,16021762048,0,0,85017493504,15878103040,0,143659008,0,115209252864,121115041792,0
1791595357.1058762,0.03717154823243618,16067899392,0,0,85017493504,15924240384,0,143659008,0,115255447552,121115041792,0
1791595357.305048,0.0362622682005167,16111939584,0,0,85017493504,15968280576,0,143659008,0,115299344384,121115041792,0
1791595357.5070682,0.03820226900279522,16158076928,0,0,85017493504,16014417920,0,143659008,0,115345756160,121115041792,0
1791595357.7112534,0.04229454696178436,16202117120,0,0,85017493504,16056360960,0,145756160,0,115389616128,121115041792,0
1791595357.9103599,0.041315093636512756,16246157312,0,0,85017493504,16100401152,0,145756160,0,115434012672,121115041792,0
1791595358.1066144,0.03748851642012596,16290197504,0,0,85017493504,16146538496,0,143659008,0,115477889024,121115041792,0
1791595358.3070834,0.03787376917898655,16332140544,0,0,85017493504,16188481536,0,143659008,0,115519320064,121115037696,0
1791595358.5090082,0.03971281088888645,16371986432,0,0,85017493504,16228327424,0,143659008,0,115558801408,121115037696,0
1791595358.7073462,0.03797030448913574,16413929472,0,0,85017493504,16270270464,0,143659008,0,115600703488,121115037696,0
1791595358.9070911,0.037633780390024185,16460066816,0,0,85017493504,16316407808,0,143659008,0,115646873600,121115037696,0
1791595359.1081512,0.03861491568386555,16504107008,0,0,85017493504,16360448000,0,143659008,0,115691528192,121115037696,0
1791595359.3051333,0.03551577404141426,16548147200,0,0,85017493504,16404488192,0,143659008,0,115735158784,121115037696,0
1791595359.508046,0.038350895047187805,16592187392,0,0,85017493504,16448528384,0,143659008,0,115779280896,121115037696,0
1791595359.7076724,0.03789366967976093,16638324736,0,0,85017493504,16492568576,0,145756160,0,115825758208,121115037696,0
1791595359.9052994,0.03544296696782112,16682364928,0,0,85017493504,16538705920,0,143659008,0,115869892608,121115037696,0
1791595360.1095724,0.03963277116417885,16726405120,0,0,85017493504,16582746112,0,143659008,0,115914264576,121115037696,0
1791595360.3096654,0.039620814844965935,16772542464,0,0,85017493504,16628883456,0,143659008,0,115960475648,121115037696,0
1791595360.509811,0.03967232629656792,16818679808,0,0,85017493504,16675020800,0,143659008,0,116007014400,121115037696,0
1791595360.707766,0.03754609636962414,16860622848,0,0,85017493504,16716963840,0,143659008,0,116049043456,121115037696,0
1791595360.908854,0.0385526679456234,16906760192,0,0,85017493504,16763101184,0,143659008,0,116095111168,121115037696,0
1791595361.1058888,0.035508276894688606,16950800384,0,0,85017493504,16807141376,0,143659008,0,116139245568,121115037696,0
1791595361.310538,0.04007459245622158,16999034880,0,0,85017493504,16853278720,0,145756160,0,116187721728,121115037696,0
1791595361.5107026,0.040148383006453514,17045172224,0,0,85017493504,16901513216,0,143659008,0,116233895936,121115037696,0
1791595361.708459,0.03782476857304573,17089212416,0,0,85017493504,16945553408,0,143659008,0,116278026240,121115037696,0
1791595361.906143,0.03543057106435299,17133252608,0,0,85017493504,16989593600,0,143659008,0,116321865728,121115037696,0
1791595362.1075082,0.03671586327254772,17177296896,0,0,85017493504,17033633792,0,143663104,0,116366254080,121115037696,0
1791595362.3073142,0.03643818944692612,17221337088,0,0,85017493504,17079771136,0,141565952,0,116412436480,121115037696,0
1791595362.5072944,0.036340199410915375,17267474432,0,0,85017493504,17123811328,0,143663104,0,116456550400,121115037696,0
1791595362.7079964,0.036964695900678635,17311514624,0,0,85017493504,17167851520,0,143663104,0,116500676608,121115037696,0
1791595362.9063854,0.03527379035949707,17353457664,0,0,85017493504,17211891712,0,141565952,0,116542926848,121115037696,0
1791595363.1081953,0.03696811571717262,17397510144,0,0,85017493504,17253834752,0,143675392,0,116587024384,121115037696,0
1791595363.3097553,0.03844800963997841,17439453184,0,0,85017493504,17295777792,0,143675392,0,116629057536,121115037696,0
1791595363.507467,0.03607920557260513,17481396224,0,0,85017493504,17337720832,0,143675392,0,116670865408,121115037696,0
1791595363.7084215,0.03695407137274742,17523339264,0,0,85017493504,17381761024,0,141578240,0,116715245568,121115037696,0
1791595363.906728,0.035180604085326195,17565282304,0,0,85017493504,17423704064,0,141578240,0,116755099648,121115037696,0
1791595364.1059613,0.03433478623628616,17609322496,0,0,85017493504,17465647104,0,143675392,0,116798951424,121115037696,0
1791595364.311327,0.03962299786508083,17653362688,0,0,85017493504,17509687296,0,143675392,0,116843606016,121115037696,0
1791595364.5124202,0.04062148742377758,17697402880,0,0,85017493504,17553727488,0,143675392,0,116887420928,121115037696,0
1791595364.7080717,0.03619311936199665,17741443072,0,0,85017493504,17597767680,0,143675392,0,116931223552,121115037696,0
1791595364.908475,0.036515386775135994,17785483264,0,0,85017493504,17641807872,0,143675392,0,116975599616,121115033600,0
1791595365.1113193,0.039280302822589874,17829523456,0,0,85017493504,17685848064,0,143675392,0,117019623424,121115033600,0
1791595365.3104117,0.03828975558280945,17871466496,0,0,85017493504,17727791104,0,143675392,0,117061574656,121115033600,0
1791595365.5078802,0.035676414147019386,17913409536,0,0,85017493504,17769734144,0,143675392,0,117104222208,121115033600,0
1791595365.7083066,0.036019451916217804,17957449728,0,0,85017493504,17813774336,0,143675392,0,117148364800,121115033600,0
1791595365.9095976,0.03722839988768101,18001489920,0,0,85017493504,17857814528,0,143675392,0,117192015872,121115033600,0
1791595366.1090224,0.0365701075643301,18047627264,0,0,85017493504,17903951872,0,143675392,0,117238251520,121115033600,0
1791595366.3124278,0.039888739585876465,18093764608,0,0,85017493504,17947992064,0,145772544,0,117284478976,121115033600,0
1791595366.5124536,0.03980356827378273,18137804800,0,0,85017493504,17994129408,0,143675392,0,117328728064,121115033600,0
1791595366.7138162,0.04107965528964996,18183942144,0,0,85017493504,18040266752,0,143675392,0,117374750720,121115033600,0
1791595366.9120884,0.039269665256142616,18227982336,0,0,85017493504,18084306944,0,143675392,0,117419061248,121115033600,0
1791595367.108913,0.036012232303619385,18272022528,0,0,85017493504,18128347136,0,143675392,0,117463076864,121115033600,0
1791595367.3086927,0.035712623968720436,18318159872,0,0,85017493504,18174484480,0,143675392,0,117509251072,121115033600,0
1791595367.512238,0.03918004408478737,18364297216,0,0,85017493504,18220621824,0,143675392,0,117555736576,121115033600,0
1791595367.7128737,0.03972307965159416,18406240256,0,0,85017493504,18262564864,0,143675392,0,117598040064,121115033600,0
1791595367.912797,0.039583103731274605,18450280448,0,0,85017493504,18306605056,0,143675392,0,117642584064,121115033600,0
1791595368.1140404,0.040723470970988274,18492223488,0,0,85017493504,18348548096,0,143675392,0,117684072448,121115033600,0
1791595368.3158486,0.042421625927090645,18536263680,0,0,85017493504,18390491136,0,145772544,0,117728002048,121115033600,0
1791595368.547763,0.07425812818109989,18584498176,0,0,85017493504,18434531328,0,149966848,0,117776535552,121115033600,0
1791595368.7101004,0.03651455231010914,18620149760,0,0,85017493504,18476474368,0,143675392,0,117811879936,121115033600,0
1791595368.912776,0.03910554759204388,18666287104,0,0,85017493504,18520514560,0,145772544,0,117857628160,121115033600,0
1791595369.1097317,0.03597806394100189,18710327296,0,0,85017493504,18566651904,0,143675392,0,117901967360,121115033600,0
1791595369.31081,0.0369755569845438,18758561792,0,0,85017493504,18612789248,0,145772544,0,117950185472,121115033600,0
1791595369.5081604,0.03424527309834957,18806796288,0,0,85017493504,18663120896,0,143675392,0,117998510080,121115033600,0
1791595369.707894,0.03389946185052395,18857127936,0,0,85017493504,18713452544,0,143675392,0,118049185792,121115033600,0
1791595369.9097161,0.035641985014081,18909556736,0,0,85017493504,18763784192,0,145772544,0,118101708800,121115033600,0
1791595370.111755,0.03758944198489189,18964082688,0,0,85017493504,18820407296,0,143675392,0,118156316672,121115033600,0
1791595370.3110437,0.036794666200876236,19022802944,0,0,85017493504,18877030400,0,145772544,0,118215098368,121115033600,0
1791595370.5083156,0.03398652374744415,19081523200,0,0,85017493504,18935750656,0,145772544,0,118273957888,121115033600,0
1791595370.7097118,0.0353012140840292,19148632064,0,0,85017493504,19002859520,0,145772544,0,118341414912,121115033600,0
1791595370.9089687,0.03447679989039898,19213643776,0,0,85017493504,19067871232,0,145772544,0,118406172672,121115033600,0
1791595371.109321,0.03474980220198631,19282849792,0,0,85017493504,19134980096,0,147869696,0,118475595776,121115033600,0
1791595371.3089957,0.03434312716126442,19328987136,0,0,85017493504,19185311744,0,143675392,0,118521827328,121115033600,0
1791595371.5085917,0.03385777212679386,19368833024,0,0,85017493504,19227254784,0,141578240,0,118561906688,121115033600,0
1791595371.7101195,0.03530201129615307,19412873216,0,0,85017493504,19271294976,0,141578240,0,118605733888,121115029504,0
1791595371.9098685,0.034973111003637314,19456913408,0,0,85017493504,19313238016,0,143675392,0,118649868288,121115029504,0
1791595372.110182,0.03520536422729492,19500953600,0,0,85017493504,19357278208,0,143675392,0,118694260736,121115029504,0
1791595372.3103955,0.035339439287781715,19544993792,0,0,85017493504,19401318400,0,143675392,0,118738128896,121115029504,0
1791595372.509834,0.03469862416386604,19586936832,0,0,85017493504,19443261440,0,143675392,0,118780157952,121115029504,0
1791595372.710781,0.03556523658335209,19628879872,0,0,85017493504,19487301632,0,141578240,0,118822711296,121115029504,0
1791595372.9107192,0.0354218240827322,19672920064,0,0,85017493504,19531341824,0,141578240,0,118866837504,121115029504,0
1791595373.115639,0.04023054428398609,19716960256,0,0,85017493504,19573284864,0,143675392,0,118911221760,121115029504,0
1791595373.317722,0.04221160523593426,19761000448,0,0,85017493504,19615227904,0,145772544,0,118955634688,121115029504,0
1791595373.5126045,0.03701234795153141,19800846336,0,0,85017493504,19657170944,0,143675392,0,118995566592,121115029504,0
1791595373.7112622,0.03558848425745964,19842789376,0,0,85017493504,19699113984,0,143675392,0,119037583360,121115029504,0
1791595373.9134152,0.03765812702476978,19886829568,0,0,85017493504,19743154176,0,143675392,0,119081709568,121115029504,0
1791595374.1114216,0.0355838593095541,19928772608,0,0,85017493504,19787194368,0,141578240,0,119123460096,121115029504,0
1791595374.3113894,0.03547241352498531,19968618496,0,0,85017493504,19827040256,0,141578240,0,119163400192,121115029504,0
1791595374.513153,0.03715309873223305,20008464384,0,0,85017493504,19866886144,0,141578240,0,119203246080,121115029504,0
1791595374.7128341,0.03675438463687897,20052504576,0,0,85017493504,19910926336,0,141578240,0,119247413248,121115029504,0
1791595374.911102,0.03494274243712425,20096544768,0,0,85017493504,19954966528,0,141578240,0,119291285504,121115029504,0
1791595375.1113074,0.03506834805011749,20140584960,0,0,85017493504,19999006720,0,141578240,0,119337521152,121115029504,0
1791595375.3119593,0.03564212843775749,20184625152,0,0,85017493504,20043046912,0,141578240,0,119379804160,121115029504,0
1791595375.5118108,0.03541274555027485,20228665344,0,0,85017493504,20084989952,0,143675392,0,119423643648,121115029504,0
1791595375.7113194,0.03484126925468445,20272705536,0,0,85017493504,20129030144,0,143675392,0,119467778048,121115029504,0
1791595375.916561,0.040003908798098564,20316745728,0,0,85017493504,20173070336,0,143675392,0,119512432640,121115029504,0
1791595376.1183798,0.04172617010772228,20360785920,0,0,85017493504,20217110528,0,143675392,0,119556542464,121115029504,0
1791595376.3157465,0.03899945504963398,20404826112,0,0,85017493504,20261150720,0,143675392,0,119600320512,121115029504,0
1791595376.518801,0.0419548898935318,20448866304,0,0,85017493504,20305190912,0,143675392,0,119644418048,121115029504,0
1791595376.7155578,0.03863057680428028,20490809344,0,0,85017493504,20349231104,0,141578240,0,119688286208,121115029504,0
1791595376.9168117,0.039801476523280144,20534849536,0,0,85017493504,20389076992,0,145772544,0,119730159616,121115029504,0
1791595377.1132567,0.03616649471223354,20574695424,0,0,85017493504,20433117184,0,141578240,0,119770034176,121115029504,0
1791595377.3159316,0.03871764801442623,20616638464,0,0,85017493504,20472963072,0,143675392,0,119811788800,121115029504,0
1791595377.5148087,0.03751536086201668,20658581504,0,0,85017493504,20514906112,0,143675392,0,119853613056,121115029504,0
1791595377.7142365,0.03685763105750084,20702621696,0,0,85017493504,20558946304,0,143675392,0,119897985024,121115029504,0
1791595377.9145985,0.03712460584938526,20746661888,0,0,85017493504,20602986496,0,143675392,0,119941931008,121115029504,0
1791595378.1148,0.03723357617855072,20788604928,0,0,85017493504,20647026688,0,141578240,0,119986044928,121115029504,0
1791595378.3169696,0.03932148031890392,20832645120,0,0,85017493504,20688969728,0,143675392,0,120028344320,121115025408,0
1791595378.5156536,0.03791852109134197,20876685312,0,0,85017493504,20733009920,0,143675392,0,120072380416,121115025408,0
1791595378.7137606,0.035942886024713516,20920725504,0,0,85017493504,20777050112,0,143675392,0,120116244480,121115025408,0
1791595378.913971,0.036074813455343246,20966862848,0,0,85017493504,20823187456,0,143675392,0,120162447360,121115025408,0
1791595379.1149507,0.036970797926187515,21010903040,0,0,85017493504,20867227648,0,143675392,0,120206573568,121115025408,0
1791595379.3141625,0.03610219992697239,21054943232,0,0,85017493504,20911267840,0,143675392,0,120250707968,121115025408,0
1791595379.514519,0.036380965262651443,21098983424,0,0,85017493504,20955308032,0,143675392,0,120295354368,121115025408,0
1791595379.7149851,0.036762142553925514,21140926464,0,0,85017493504,20997251072,0,143675392,0,120337383424,121115025408,0
1791595379.9192924,0.040988119319081306,21184966656,0,0,85017493504,21039194112,0,145772544,0,120381476864,121115025408,0
1791595380.120594,0.04218260943889618,21226909696,0,0,85017493504,21081137152,0,145772544,0,120423694336,121115025408,0
1791595380.322478,0.04397250711917877,21270949888,0,0,85017493504,21125177344,0,145772544,0,120468344832,121115025408,0
1791595380.5155466,0.03696040064096451,21312892928,0,0,85017493504,21169217536,0,143675392,0,120509726720,121115021312,0
1791595380.7146156,0.03594976291060448,21354835968,0,0,85017493504,21211160576,0,143675392,0,120551763968,121115021312,0
1791595380.9149494,0.036205027252435684,21396779008,0,0,85017493504,21253103616,0,143675392,0,120593989632,121115021312,0
1791595381.1150074,0.03618299402296543,21436624896,0,0,85017493504,21295046656,0,141578240,0,120633933824,121115021312,0
1791595381.3147256,0.03582082688808441,21480665088,0,0,85017493504,21336989696,0,143675392,0,120677744640,121115021312,0
1791595381.5168433,0.03785197623074055,21522608128,0,0,85017493504,21378932736,0,143675392,0,120719671296,121115021312,0
1791595381.725373,0.04628911800682545,21568745472,0,0,85017493504,21425070080,0,143675392,0,120766160896,121115021312,0
1791595381.9235044,0.044272955507040024,21612785664,0,0,85017493504,21469110272,0,143675392,0,120810221568,121115021312,0
1791595382.120281,0.04096212610602379,21658923008,0,0,85017493504,21513150464,0,145772544,0,120856702976,121115021312,0
1791595382.319968,0.0405355729162693,21702963200,0,0,85017493504,21557190656,0,145772544,0,120900837376,121115021312,0
1791595382.5190487,0.03951563686132431,21747003392,0,0,85017493504,21603328000,0,143675392,0,120944799744,121115021312,0
1791595382.719532,0.03988157398998737,21791043584,0,0,85017493504,21647368192,0,143675392,0,120989118464,121115021312,0
1791595382.9174647,0.037734467536211014,21837180928,0,0,85017493504,21693505536,0,143675392,0,121034973184,121115021312,0
1791595383.115798,0.035985615104436874,21881221120,0,0,85017493504,21737545728,0,143675392,0,121079013376,121115021312,0
1791595383.321932,0.04203697107732296,21925261312,0,0,85017493504,21779488768,0,145772544,0,121123209216,121115021312,0
1791595383.5173244,0.037350818514823914,21967204352,0,0,85017493504,21823528960,0,143675392,0,121165250560,121115021312,0
1791595383.7152488,0.03519352152943611,22011244544,0,0,85017493504,21867569152,0,143675392,0,121209389056,121115021312,0
1791595383.914946,0.03481215052306652,22053187584,0,0,85017493504,21911609344,0,141578240,0,121251332096,121115021312,0
1791595384.1154077,0.03519290313124657,22097227776,0,0,85017493504,21953552384,0,143675392,0,121295400960,121115021312,0
1791595384.317393,0.03709224797785282,22143365120,0,0,85017493504,21999689728,0,143675392,0,121341673472,121115021312,0
1791595384.5180154,0.037629276514053345,22185308160,0,0,85017493504,22041632768,0,143675392,0,121384206336,121115021312,0
1791595384.7185283,0.03803209215402603,22229348352,0,0,85017493504,22085672960,0,143675392,0,121428070400,121115021312,0
1791595384.9176435,0.037068165838718414,22273388544,0,0,85017493504,22129713152,0,143675392,0,121472131072,121115021312,0
1791595385.1172836,0.03662573732435703,22317428736,0,0,85017493504,22173753344,0,143675392,0,121518465024,121114955776,0
1791595385.318733,0.03799458406865597,22363566080,0,0,85017493504,22219890688,0,143675392,0,121562603520,121114955776,0
1791595385.5157297,0.03490384854376316,22405509120,0,0,85017493504,22263930880,0,141578240,0,121606561792,121114955776,0
1791595385.7196784,0.038733821362257004,22449549312,0,0,85017493504,22305873920,0,143675392,0,121648656384,121114955776,0
1791595385.9186563,0.03762614727020264,22491492352,0,0,85017493504,22347816960,0,143675392,0,121690570752,121114955776,0
1791595386.1166782,0.03556582145392895,22533435392,0,0,85017493504,22389760000,0,143675392,0,121732239360,121114955776,0
1791595386.3186274,0.03743252903223038,22577475584,0,0,85017493504,22433800192,0,143675392,0,121776566272,121114955776,0
1791595386.5210433,0.03976382501423359,22619418624,0,0,85017493504,22475743232,0,143675392,0,121818595328,121114955776,0
1791595386.717994,0.03663139045238495,22661361664,0,0,85017493504,22517686272,0,143675392,0,121860632576,121114955776,0
1791595386.917427,0.035985300317406654,22705401856,0,0,85017493504,22561726464,0,143675392,0,121904685056,121114955776,0
1791595387.118062,0.03653798997402191,22747344896,0,0,85017493504,22603669504,0,143675392,0,121946722304,121114955776,0
1791595387.3170657,0.035463159903883934,22791385088,0,0,85017493504,22647709696,0,143675392,0,121990836224,121114955776,0
1791595387.5175035,0.03582203574478626,22835429376,0,0,85017493504,22691749888,0,143679488,0,122034970624,121114955776,0
1791595387.717493,0.03573010861873627,22881566720,0,0,85017493504,22737887232,0,143679488,0,122081452032,121114955776,0
1791595387.9216285,0.03978380560874939,22927704064,0,0,85017493504,22784024576,0,143679488,0,122127462400,121114955776,0
1791595388.114128,0.03220335766673088,22973841408,0,0,85017493504,22830161920,0,143679488,0,122173997056,121114955776,0
1791595388.3214602,0.03945590741932392,23022075904,0,0,85017493504,22878396416,0,143679488,0,122222243840,121114955776,0
1791595388.5203607,0.03827678598463535,23066128384,0,0,85017493504,22922436608,0,143691776,0,122268688384,121114955776,0
1791595388.7184508,0.036285098642110825,23112265728,0,0,85017493504,22968573952,0,143691776,0,122313068544,121114955776,0
1791595388.9206812,0.03843497112393379,23158403072,0,0,85017493504,23014711296,0,143691776,0,122359271424,121114955776,0
1791595389.1188202,0.036492541432380676,23202443264,0,0,85017493504,23058751488,0,143691776,0,122405072896,121114955776,0
1791595389.3182995,0.035892095416784286,23248580608,0,0,85017493504,23104888832,0,143691776,0,122449383424,121114955776,0
1791595389.5182302,0.03574194945394993,23294717952,0,0,85017493504,23151026176,0,143691776,0,122495512576,121114955776,0
1791595389.7205276,0.03795725479722023,23342952448,0,0,85017493504,23199260672,0,143691776,0,122543841280,121114955776,0
1791595389.9178503,0.03520313650369644,23386992640,0,0,85017493504,23243300864,0,143691776,0,122588499968,121114955776,0
1791595390.1184716,0.0357429925352335,23433129984,0,0,85017493504,23289438208,0,143691776,0,122634178560,121114955776,0
1791595390.3206227,0.0378128495067358,23479267328,0,0,85017493504,23335575552,0,143691776,0,122680270848,121114955776,0
1791595390.519612,0.03672073408961296,23523307520,0,0,85017493504,23379615744,0,143691776,0,122724753408,121114955776,0
1791595390.719532,0.036532485857605934,23569444864,0,0,85017493504,23425753088,0,143691776,0,122770759680,121114955776,0
1791595390.9208095,0.037725552916526794,23613485056,0,0,85017493504,23469793280,0,143691776,0,122814799872,121114955776,0
1791595391.1193395,0.036172058433294296,23657525248,0,0,85017493504,23513833472,0,143691776,0,122858926080,121114955776,0
1791595391.3197038,0.036456888541579247,23701565440,0,0,85017493504,23557873664,0,143691776,0,122902753280,121114955776,0
1791595391.5217237,0.03839256800711155,23747702784,0,0,85017493504,23604011008,0,143691776,0,122948825088,121114955776,0
1791595391.7199981,0.0365833155810833,23791742976,0,0,85017493504,23648051200,0,143691776,0,122993221632,121114955776,0
1791595391.9188442,0.035350024700164795,23835783168,0,0,85017493504,23692091392,0,143691776,0,123037298688,121114955776,0
1791595392.1198046,0.03623117133975029,23879823360,0,0,85017493504,23738228736,0,141594624,0,123081428992,121114955776,0
1791595392.3235202,0.03986318223178387,23928057856,0,0,85017493504,23782268928,0,145788928,0,123130011648,121114955776,0
1791595392.523169,0.0394264068454504,23972098048,0,0,85017493504,23828406272,0,143691776,0,123176763392,121114955776,0
1791595392.720241,0.03641862794756889,24018235392,0,0,85017493504,23874543616,0,143691776,0,123220557824,121114955776,0
1791595392.9203894,0.03648626059293747,24066469888,0,0,85017493504,23922778112,0,143691776,0,123268743168,121114955776,0
1791595393.1210399,0.03705393150448799,24112607232,0,0,85017493504,23968915456,0,143691776,0,123314950144,121114955776,0
1791595393.3187726,0.03470770828425884,24156647424,0,0,85017493504,24015052800,0,141594624,0,123359080448,121114955776,0
1791595393.5182986,0.034155651926994324,24202784768,0,0,85017493504,24059092992,0,143691776,0,123405570048,121114955776,0
1791595393.7189307,0.034706952050328255,24246824960,0,0,85017493504,24103133184,0,143691776,0,123449438208,121114955776,0
1791595393.920727,0.03642221540212631,24292962304,0,0,85017493504,24149270528,0,143691776,0,123495460864,121114955776,0
1791595394.1209123,0.03652837127447128,24334905344,0,0,85017493504,24191213568,0,143691776,0,123537764352,121114955776,0
1791595394.3211453,0.0366808008402586,24378945536,0,0,85017493504,24235253760,0,143691776,0,123581759488,121114955776,0
1791595394.5235581,0.03900763392448425,24425082880,0,0,85017493504,24281391104,0,143691776,0,123627925504,121114955776,0
1791595394.7212062,0.03657780773937702,24471220224,0,0,85017493504,24325431296,0,145788928,0,123674365952,121114955776,0
1791595394.921327,0.036621345207095146,24513163264,0,0,85017493504,24369471488,0,143691776,0,123718500352,121114955776,0
1791595395.1230388,0.038253407925367355,24561397760,0,0,85017493504,24417705984,0,143691776,0,123764662272,121114955776,0
1791595395.3238137,0.03892262279987335,24605437952,0,0,85017493504,24461746176,0,143691776,0,123811049472,121114955776,0
1791595395.521819,0.03684620186686516,24649478144,0,0,85017493504,24507883520,0,141594624,0,123855265792,121114955776,0
1791595395.7220545,0.03699797950685024,24695615488,0,0,85017493504,24551923712,0,143691776,0,123899293696,121114955776,0
1791595395.9216933,0.03655561804771423,24741752832,0,0,85017493504,24598061056,0,143691776,0,123945783296,121114955776,0
1791595396.1226957,0.03747553937137127,24785793024,0,0,85017493504,24642101248,0,143691776,0,123989897216,121114955776,0
1791595396.3239613,0.03865974023938179,24827736064,0,0,85017493504,24686141440,0,141594624,0,124031852544,121114955776,0
1791595396.5219808,0.03659548796713352,24871776256,0,0,85017493504,24730181632,0,141594624,0,124075974656,121114955776,0
1791595396.7221925,0.036725644022226334,24915816448,0,0,85017493504,24774221824,0,141594624,0,124120104960,121114955776,0
1791595396.9241638,0.0386020801961422,24957759488,0,0,85017493504,24814067712,0,143691776,0,124162150400,121114955776,0
1791595397.1162608,0.030627062544226646,24997605376,0,0,85017493504,24856010752,0,141594624,0,124202344448,121114955776,0
1791595397.3258948,0.04017305001616478,25043742720,0,0,85017493504,24900050944,0,143691776,0,124248281088,121114955776,0
1791595397.5273883,0.04156523197889328,25085685760,0,0,85017493504,24941993984,0,143691776,0,124290154496,121114955776,0
1791595397.725268,0.039351893588900566,25127628800,0,0,85017493504,24983937024,0,143691776,0,124332150784,121114955776,0
1791595397.9233367,0.037325212731957436,25169571840,0,0,85017493504,25025880064,0,143691776,0,124374048768,121114955776,0
1791595398.125641,0.03952730447053909,25213612032,0,0,85017493504,25069920256,0,143691776,0,124418641920,121114955776,0
1791595398.3270206,0.040821272879838943,25255555072,0,0,85017493504,25111863296,0,143691776,0,124460273664,121114955776,0
1791595398.5232296,0.03691885620355606,25299595264,0,0,85017493504,25155903488,0,143691776,0,124504465408,121114955776,0
1791595398.72524,0.03882238641381264,25341538304,0,0,85017493504,25197846528,0,143691776,0,124546428928,121114955776,0
1791595398.9286907,0.042176105082035065,25383481344,0,0,85017493504,25239789568,0,143691776,0,124588376064,121114955776,0
1791595399.1285062,0.04188619181513786,25425424384,0,0,85017493504,25281732608,0,143691776,0,124630245376,121114955776,0
1791595399.3269155,0.04019111022353172,25469464576,0,0,85017493504,25323675648,0,145788928,0,124674117632,121114955776,0
1791595399.5262756,0.039451636373996735,25513504768,0,0,85017493504,25369812992,0,143691776,0,124718424064,121114955776,0
1791595399.7276082,0.04066571965813637,25559642112,0,0,85017493504,25415950336,0,143691776,0,124764680192,121114955776,0
1791595399.9303942,0.04336375743150711,25603682304,0,0,85017493504,25459990528,0,143691776,0,124808470528,121114955776,0
1791595400.1239607,0.036849113181233406,25649819648,0,0,85017493504,25506127872,0,143691776,0,124854915072,121114955776,0
1791595400.3242414,0.037034379318356514,25693859840,0,0,85017493504,25550168064,0,143691776,0,124898992128,121114955776,0
1791595400.523075,0.03577648848295212,25737900032,0,0,85017493504,25594208256,0,143691776,0,124943155200,121114955776,0
1791595400.7309241,0.04351911507546902,25786134528,0,0,85017493504,25642442752,0,143691776,0,124991754240,121114955776,0
1791595400.9314337,0.043929895386099815,25828077568,0,0,85017493504,25684385792,0,143691776,0,125033897984,121114955776,0
1791595401.1277516,0.04015734791755676,25870020608,0,0,85017493504,25724231680,0,145788928,0,125075804160,121114955776,0
1791595401.3272383,0.03956049494445324,25914060800,0,0,85017493504,25768271872,0,145788928,0,125120192512,121114955776,0
1791595401.5283954,0.04063139483332634,25958100992,0,0,85017493504,25814409216,0,143691776,0,125164216320,121114955776,0
1791595401.7258987,0.03805210068821907,26000044032,0,0,85017493504,25858449408,0,141594624,0,125208035328,121114955776,0
1791595401.9261246,0.03819427639245987,26044084224,0,0,85017493504,25902489600,0,141594624,0,125250306048,121114955776,0
1791595402.1274393,0.03942917659878731,26086027264,0,0,85017493504,25942335488,0,143691776,0,125292339200,121114955776,0
1791595402.3266687,0.0385765191167593,26123776000,0,0,85017493504,25982181376,0,141594624,0,125332045824,121114955776,0
1791595402.5275662,0.0393518190830946,26169913344,0,0,85017493504,26026221568,0,143691776,0,125376032768,121114955776,0
1791595402.725774,0.03747342713177204,26211856384,0,0,85017493504,26068164608,0,143691776,0,125417820160,121114955776,0
1791595402.927772,0.03938489407300949,26257993728,0,0,85017493504,26114301952,0,143691776,0,125463863296,121114955776,0
1791595403.1268716,0.038395825773477554,26304131072,0,0,85017493504,26160439296,0,143691776,0,125510352896,121114955776,0
1791595403.3277168,0.039160389453172684,26350268416,0,0,85017493504,26206576640,0,143691776,0,125556375552,121114955776,0
1791595403.5283031,0.03966161236166954,26394308608,0,0,85017493504,26250616832,0,143691776,0,125600505856,121114955776,0
1791595403.7287219,0.03999682888388634,26432057344,0,0,85017493504,26290462720,0,141594624,0,125638606848,121114955776,0
1791595403.9272993,0.03848739340901375,26476097536,0,0,85017493504,26332405760,0,143691776,0,125682466816,121114955776,0
1791595404.1290061,0.040112199261784554,26518040576,0,0,85017493504,26374348800,0,143691776,0,125724426240,121114955776,0
1791595404.330182,0.04120086319744587,26562080768,0,0,85017493504,26416291840,0,145788928,0,125769076736,121114955776,0
1791595404.5288596,0.039791274815797806,26612412416,0,0,85017493504,26468720640,0,143691776,0,125819482112,121114955776,0
1791595404.7266772,0.03752090968191624,26660646912,0,0,85017493504,26516955136,0,143691776,0,125867810816,121114955776,0
1791595404.9292607,0.04001755826175213,26713075712,0,0,85017493504,26567286784,0,145788928,0,125920419840,121114955776,0
1791595405.1325865,0.04325542971491814,26765504512,0,0,85017493504,26621812736,0,143691776,0,125972717568,121114955776,0
1791595405.3297484,0.04033438675105572,26820030464,0,0,85017493504,26674241536,0,145788928,0,126027313152,121114955776,0
1791595405.5276258,0.03812772035598755,26874556416,0,0,85017493504,26730864640,0,143691776,0,126082277376,121114955776,0
1791595405.7292237,0.03964054398238659,26926985216,0,0,85017493504,26783293440,0,143691776,0,126134779904,121114955776,0
1791595405.9273841,0.037714555859565735,26991996928,0,0,85017493504,26846208000,0,145788928,0,126199791616,121114955776,0
1791595406.128716,0.03895946405827999,27061202944,0,0,85017493504,26913316864,0,147886080,0,126269001728,121114955776,0
1791595406.3283775,0.038537465035915375,27134603264,0,0,85017493504,26986717184,0,147886080,0,126342676480,121114955776,0
1791595406.5279365,0.03801105357706547,27214295040,0,0,85017493504,27066408960,0,147886080,0,126424432640,121114955776,0
1791595406.7294354,0.039423251524567604,27268820992,0,0,85017493504,27125129216,0,143691776,0,126477033472,121114955776,0
1791595406.929894,0.039798429235816,27312861184,0,0,85017493504,27169169408,0,143691776,0,126521094144,121114955776,0
1791595407.1297562,0.03952322341501713,27356901376,0,0,85017493504,27213209600,0,143691776,0,126565744640,121114955776,0
1791595407.3328853,0.04256757162511349,27396747264,0,0,85017493504,27253055488,0,143691776,0,126605242368,121114955776,0
1791595407.528282,0.037882670760154724,27440787456,0,0,85017493504,27297095680,0,143691776,0,126649278464,121114955776,0
1791595407.7309842,0.04049905762076378,27482730496,0,0,85017493504,27341135872,0,141594624,0,126691569664,121114955776,0
1791595407.928008,0.03744387999176979,27524673536,0,0,85017493504,27380981760,0,143691776,0,126733881344,121114955776,0
1791595408.1296713,0.03902600705623627,27570810880,0,0,85017493504,27427119104,0,143691776,0,126782148608,121114955776,0
1791595408.3298683,0.03914189152419567,27614851072,0,0,85017493504,27471159296,0,143691776,0,126824136704,121114955776,0
1791595408.528953,0.03814647160470486,27658891264,0,0,85017493504,27515199488,0,143691776,0,126868316160,121114955776,0
1791595408.7308977,0.03999494016170502,27702931456,0,0,85017493504,27561336832,0,141594624,0,126914523136,121114955776,0
1791595408.9302113,0.03922577016055584,27746971648,0,0,85017493504,27603279872,0,143691776,0,126958563328,121114955776,0
1791595409.12739,0.03632204048335552,27793108992,0,0,85017493504,27649417216,0,143691776,0,127002959872,121114955776,0
1791595409.3283906,0.037241131067276,27839246336,0,0,85017493504,27695554560,0,143691776,0,127049191424,121114955776,0
1791595409.530852,0.03961666114628315,27887480832,0,0,85017493504,27741691904,0,145788928,0,127097393152,121114955776,0
1791595409.7306857,0.03934539668262005,27929423872,0,0,85017493504,27785732096,0,143691776,0,127139692544,121114955776,0
1791595409.9309087,0.03948446922004223,27975561216,0,0,85017493504,27831869440,0,143691776,0,127185838080,121114955776,0
1791595410.129164,0.03765810467302799,28021698560,0,0,85017493504,27878006784,0,143691776,0,127232065536,121114955776,0
1791595410.3342364,0.04264335706830025,28067835904,0,0,85017493504,27924144128,0,143691776,0,127278202880,121114955776,0
1791595410.5299897,0.038309087976813316,28111876096,0,0,85017493504,27968184320,0,143691776,0,127321841664,121114955776,0
1791595410.728946,0.03718355670571327,28158013440,0,0,85017493504,28014321664,0,143691776,0,127367806976,121114955776,0
1791595410.9314647,0.03962351568043232,28204150784,0,0,85017493504,28060459008,0,143691776,0,127414222848,121114955776,0
1791595411.1321313,0.0402047336101532,28248190976,0,0,85017493504,28104499200,0,143691776,0,127458529280,121114955776,0
1791595411.3314219,0.039414575323462486,28294328320,0,0,85017493504,28150636544,0,143691776,0,127505190912,121114955776,0
1791595411.5324476,0.04036052152514458,28340465664,0,0,85017493504,28196773888,0,143691776,0,127551922176,121114955776,0
1791595411.730421,0.03825150988996029,28386603008,0,0,85017493504,28242911232,0,143691776,0,127597867008,121114955776,0
1791595411.9324715,0.040220655500888824,28432740352,0,0,85017493504,28289048576,0,143691776,0,127645970432,121114955776,0
1791595412.1306818,0.03835120610892773,28478877696,0,0,85017493504,28335185920,0,143691776,0,127689838592,121114955776,0
1791595412.3301022,0.03769215568900108,28522917888,0,0,85017493504,28379226112,0,143691776,0,127733968896,121114955776,0
1791595412.5299518,0.037461504340171814,28569055232,0,0,85017493504,28425363456,0,143691776,0,127780425728,121114955776,0
1791595412.7300148,0.037432318553328514,28615192576,0,0,85017493504,28471500800,0,143691776,0,127826313216,121114955776,0
1791595412.9317641,0.03910255618393421,28661334016,0,0,85017493504,28517638144,0,143695872,0,127872401408,121114955776,0
1791595413.1303613,0.0376202967017889,28705374208,0,0,85017493504,28561678336,0,143695872,0,127916793856,121114955776,0
1791595413.3312664,0.03844485059380531,28751511552,0,0,85017493504,28607815680,0,143695872,0,127962816512,121114955776,0
1791595413.532707,0.0398064274340868,28797648896,0,0,85017493504,28653953024,0,143695872,0,128009039872,121114955776,0
1791595413.7309608,0.03798133507370949,28843786240,0,0,85017493504,28700090368,0,143695872,0,128055517184,121114955776,0
1791595413.9283257,0.03526761755347252,28887838720,0,0,85017493504,28744130560,0,143708160,0,128099651584,121114955776,0
1791595414.131048,0.03790642134845257,28931878912,0,0,85017493504,28788170752,0,143708160,0,128143761408,121114955776,0
1791595414.3325646,0.039341237396001816,28975919104,0,0,85017493504,28832210944,0,143708160,0,128188149760,121114955776,0
1791595414.5303972,0.03709576837718487,29019959296,0,0,85017493504,28876251136,0,143708160,0,128232284160,121114955776,0
1791595414.734723,0.04133529216051102,29061902336,0,0,85017493504,28918194176,0,143708160,0,128274055168,121114955776,0
1791595414.932519,0.039052464067935944,29108039680,0,0,85017493504,28964331520,0,143708160,0,128320434176,121114955776,0
1791595415.1328628,0.03931262716650963,29156274176,0,0,85017493504,29010468864,0,145805312,0,128368771072,121114955776,0
1791595415.3337457,0.040110329166054726,29200314368,0,0,85017493504,29056606208,0,143708160,0,128414941184,121114955776,0
1791595415.5334635,0.03974251449108124,29246451712,0,0,85017493504,29102743552,0,143708160,0,128459112448,121114951680,0
1791595415.7328334,0.03902711346745491,29290491904,0,0,85017493504,29146783744,0,143708160,0,128503246848,121114951680,0
1791595415.9335356,0.03964118845760822,29332434944,0,0,85017493504,29188726784,0,143708160,0,128544735232,121114951680,0
1791595416.1343768,0.04039865732192993,29374377984,0,0,85017493504,29230669824,0,143708160,0,128589041664,121114951680,0
1791595416.3337305,0.03966983035206795,29418418176,0,0,85017493504,29274710016,0,143708160,0,128630996992,121114951680,0
1791595416.530333,0.03619051165878773,29460361216,0,0,85017493504,29316653056,0,143708160,0,128673026048,121114951680,0
1791595416.7351537,0.040931470692157745,29506498560,0,0,85017493504,29362790400,0,143708160,0,128719265792,121114951680,0
1791595416.932829,0.03852330334484577,29550538752,0,0,85017493504,29406830592,0,143708160,0,128763621376,121114951680,0
1791595417.1330338,0.038647036999464035,29594578944,0,0,85017493504,29450870784,0,143708160,0,128807763968,121114951680,0
1791595417.3312807,0.03681378811597824,29638619136,0,0,85017493504,29494910976,0,143708160,0,128852082688,121114951680,0
1791595417.5311613,0.03661072254180908,29680562176,0,0,85017493504,29536854016,0,143708160,0,128893595648,121114951680,0
1791595417.7308722,0.036240408197045326,29726699520,0,0,85017493504,29582991360,0,143708160,0,128939823104,121114951680,0
1791595417.9332108,0.0384988933801651,29770739712,0,0,85017493504,29627031552,0,143708160,0,128984174592,121114951680,0
1791595418.13266,0.03786674700677395,29816877056,0,0,85017493504,29673168896,0,143708160,0,129030586368,121114951680,0
1791595418.3310134,0.036141542717814445,29863014400,0,0,85017493504,29719306240,0,143708160,0,129076531200,121114951680,0
1791595418.532805,0.03785153478384018,29909151744,0,0,85017493504,29765443584,0,143708160,0,129122635776,121114951680,0
1791595418.7323217,0.03728800266981125,29953191936,0,0,85017493504,29809483776,0,143708160,0,129166753792,121114951680,0
1791595418.9346592,0.03954695910215378,29999329280,0,0,85017493504,29855621120,0,143708160,0,129213247488,121114951680,0
1791595419.1332185,0.038023440167307854,30041272320,0,0,85017493504,29897564160,0,143708160,0,129255280640,121114951680,0
1791595419.3315213,0.03624791093170643,30083215360,0,0,85017493504,29939507200,0,143708160,0,129297313792,121114951680,0
1791595419.5317295,0.03637721203267574,30123061248,0,0,85017493504,29979353088,0,143708160,0,129337233408,121114951680,0
1791595419.7314937,0.03606363199651241,30167101440,0,0,85017493504,30023393280,0,143708160,0,129381371904,121114951680,0
1791595419.9321399,0.03662992641329765,30206947328,0,0,85017493504,30063239168,0,143708160,0,129421307904,121114951680,0
1791595420.1352007,0.03961007297039032,30248890368,0,0,85017493504,30105182208,0,143708160,0,129463181312,121114951680,0
1791595420.3363667,0.04068744741380215,30290833408,0,0,85017493504,30147125248,0,143708160,0,129505406976,121114951680,0
1791595420.53187,0.03610424883663654,30330679296,0,0,85017493504,30186971136,0,143708160,0,129545957376,121114951680,0
1791595420.733743,0.037899449467659,30374719488,0,0,85017493504,30233108480,0,141611008,0,129590349824,121114951680,0
1791595420.9352183,0.03929307498037815,30418759680,0,0,85017493504,30275051520,0,143708160,0,129634463744,121114951680,0
1791595421.132041,0.03603403456509113,30460702720,0,0,85017493504,30316994560,0,143708160,0,129676390400,121114951680,0
1791595421.3355644,0.03947385959327221,30502645760,0,0,85017493504,30358937600,0,143708160,0,129718386688,121114951680,0
1791595421.5372546,0.04103448428213596,30546685952,0,0,85017493504,30402977792,0,143708160,0,129761894400,121114951680,0
1791595421.7342713,0.0379710104316473,30590726144,0,0,85017493504,30447017984,0,143708160,0,129808121856,121114951680,0
1791595421.9341671,0.03778651915490627,30636863488,0,0,85017493504,30493155328,0,143708160,0,129852252160,121114951680,0
1791595422.13255,0.0360896922647953,30683000832,0,0,85017493504,30539292672,0,143708160,0,129898496000,121114951680,0
1791595422.3347182,0.038179799914360046,30729138176,0,0,85017493504,30585430016,0,143708160,0,129946681344,121114951680,0
1791595422.5323167,0.03569622151553631,30775275520,0,0,85017493504,30631567360,0,143708160,0,129990815744,121114951680,0
1791595422.734715,0.03801764361560345,30819315712,0,0,85017493504,30675607552,0,143708160,0,130034765824,121114951680,0
1791595422.9339669,0.037189917638897896,30863355904,0,0,85017493504,30719647744,0,143708160,0,130078896128,121114951680,0
1791595423.1352475,0.03837929852306843,30905298944,0,0,85017493504,30761590784,0,143708160,0,130120839168,121114951680,0
1791595423.3351996,0.03825195133686066,30947241984,0,0,85017493504,30803533824,0,143708160,0,130162913280,121114951680,0
1791595423.5374792,0.040437620133161545,30991282176,0,0,85017493504,30845476864,0,145805312,0,130206965760,121114951680,0
1791595423.737101,0.03997061401605606,31035322368,0,0,85017493504,30891614208,0,143708160,0,130251358208,121114951680,0
1791595423.9353683,0.03815830498933792,31079362560,0,0,85017493504,30935654400,0,143708160,0,130295746560,121114951680,0
1791595424.133829,0.036540327593684196,31125499904,0,0,85017493504,30981791744,0,143708160,0,130341974016,121114951680,0
1791595424.332801,0.03543299064040184,31169540096,0,0,85017493504,31025831936,0,143708160,0,130385858560,121114951680,0
1791595424.5345163,0.03706397861242294,31213580288,0,0,85017493504,31069872128,0,143708160,0,130430255104,121114951680,0
1791595424.733623,0.03608185611665249,31257620480,0,0,85017493504,31113912320,0,143708160,0,130474242048,121114951680,0
1791595424.9334702,0.035850271582603455,31301660672,0,0,85017493504,31160049664,0,141611008,0,130520436736,121114951680,0
1791595425.1331563,0.03545825928449631,31347798016,0,0,85017493504,31204089856,0,143708160,0,130564751360,121114951680,0
1791595425.3337092,0.035932181403040886,31393935360,0,0,85017493504,31250227200,0,143708160,0,130610978816,121114951680,0
1791595425.534217,0.03635488077998161,31440072704,0,0,85017493504,31296364544,0,143708160,0,130657538048,121114951680,0
1791595425.736836,0.03889228217303753,31486210048,0,0,85017493504,31340404736,0,145805312,0,130703777792,121114951680,0
1791595425.933748,0.03572316840291023,31528153088,0,0,85017493504,31384444928,0,143708160,0,130745823232,121114951680,0
1791595426.1374547,0.039342544972896576,31576387584,0,0,85017493504,31430582272,0,145805312,0,130794053632,121114951680,0
1791595426.336616,0.03841542452573776,31620427776,0,0,85017493504,31476719616,0,143708160,0,130840272896,121114951680,0
1791595426.5343277,0.03604612685739994,31666565120,0,0,85017493504,31522856960,0,143708160,0,130884415488,121114951680,0
1791595426.7362607,0.037898287177085876,31712702464,0,0,85017493504,31568994304,0,143708160,0,130930171904,121114951680,0
1791595426.9370265,0.03858722001314163,31756742656,0,0,85017493504,31613034496,0,143708160,0,130974560256,121114951680,0
1791595427.1352868,0.03676769323647022,31800782848,0,0,85017493504,31657074688,0,143708160,0,131020787712,121114951680,0
1791595427.3341923,0.03559290058910847,31844823040,0,0,85017493504,31701114880,0,143708160,0,131062820864,121114951680,0
1791595427.5373719,0.0386885404586792,31890960384,0,0,85017493504,31745155072,0,145805312,0,131109040128,121114951680,0
1791595427.736324,0.037560492753982544,31937097728,0,0,85017493504,31793389568,0,143708160,0,131155509248,121114951680,0
1791595427.9360144,0.037171535193920135,31983235072,0,0,85017493504,31839526912,0,143708160,0,131201888256,121114951680,0
1791595428.1391907,0.040267083793878555,32029372416,0,0,85017493504,31883567104,0,145805312,0,131247493120,121114951680,0
1791595428.3401172,0.04110662080347538,32075509760,0,0,85017493504,31931801600,0,143708160,0,131294081024,121114951680,0
1791595428.538796,0.039699140936136246,32121647104,0,0,85017493504,31977938944,0,143708160,0,131340111872,121114951680,0
1791595428.738976,0.0397646427154541,32167784448,0,0,85017493504,32024076288,0,143708160,0,131386306560,121114951680,0
1791595428.9376018,0.03830883093178272,32213921792,0,0,85017493504,32068116480,0,145805312,0,131432415232,121114951680,0
1791595429.1367512,0.03737475536763668,32257961984,0,0,85017493504,32114253824,0,143708160,0,131476766720,121114951680,0
1791595429.335678,0.03622085228562355,32304099328,0,0,85017493504,32160391168,0,143708160,0,131522994176,121114951680,0
1791595429.5359888,0.03645074740052223,32350236672,0,0,85017493504,32206528512,0,143708160,0,131568734208,121114951680,0
1791595429.7392042,0.0395854189991951,32396374016,0,0,85017493504,32252665856,0,143708160,0,131617210368,121114951680,0
1791595429.9378366,0.03813596069812775,32442511360,0,0,85017493504,32298803200,0,143708160,0,131661160448,121114951680,0
1791595430.1355953,0.035814836621284485,32488648704,0,0,85017493504,32344940544,0,143708160,0,131707654144,121114951680,0
1791595430.340101,0.04023975692689419,32534786048,0,0,85017493504,32391077888,0,143708160,0,131753627648,121114951680,0
1791595430.5376165,0.03766716830432415,32576729088,0,0,85017493504,32433020928,0,143708160,0,131795759104,121114951680,0
1791595430.7372932,0.03726468235254288,32620769280,0,0,85017493504,32477061120,0,143708160,0,131839885312,121114951680,0
1791595430.9385724,0.03843805938959122,32664809472,0,0,85017493504,32521101312,0,143708160,0,131884019712,121114951680,0
1791595431.1381218,0.037904730066657066,32706752512,0,0,85017493504,32563044352,0,143708160,0,131926032384,121114951680,0
1791595431.3409548,0.04062213934957981,32754987008,0,0,85017493504,32609181696,0,145805312,0,131974361088,121114951680,0
1791595431.5389397,0.03850898891687393,32801124352,0,0,85017493504,32657416192,0,143708160,0,132020670464,121114951680,0
1791595431.7415366,0.041023975238204,32843067392,0,0,85017493504,32699359232,0,143708160,0,132062711808,121114951680,0
1791595431.9438534,0.04322993569076061,32889204736,0,0,85017493504,32745496576,0,143708160,0,132109086720,121114951680,0
1791595432.1431365,0.042415523901581764,32935342080,0,0,85017493504,32791633920,0,143708160,0,132155535360,121114951680,0
1791595432.3409464,0.040126627311110497,32981479424,0,0,85017493504,32837771264,0,143708160,0,132201754624,121114951680,0
1791595432.5335426,0.03265923261642456,33025519616,0,0,85017493504,32881811456,0,143708160,0,132245397504,121114951680,0
1791595432.7350287,0.03408372029662132,33071656960,0,0,85017493504,32927948800,0,143708160,0,132292059136,121114951680,0
1791595432.942708,0.04164909943938255,33119891456,0,0,85017493504,32976183296,0,143708160,0,132339875840,121114951680,0
1791595433.1418352,0.0406106561422348,33166028800,0,0,85017493504,33022320640,0,143708160,0,132386226176,121114951680,0
1791595433.3413293,0.04000004194676876,33212166144,0,0,85017493504,33068457984,0,143708160,0,132432359424,121114951680,0
1791595433.541309,0.039893658831715584,33258303488,0,0,85017493504,33114595328,0,143708160,0,132478517248,121114951680,0
1791595433.7381682,0.03666936792433262,33300246528,0,0,85017493504,33156538368,0,143708160,0,132520554496,121114951680,0
1791595433.9389355,0.03735226206481457,33344286720,0,0,85017493504,33202675712,0,141611008,0,132564951040,121114951680,0
1791595434.138863,0.03719421662390232,33388326912,0,0,85017493504,33244618752,0,143708160,0,132608823296,121114951680,0
1791595434.337573,0.03581032529473305,33430269952,0,0,85017493504,33288658944,0,141611008,0,132650672128,121114951680,0
1791595434.5372458,0.0354024488478899,33476407296,0,0,85017493504,33334796288,0,141611008,0,132697169920,121114951680,0
1791595434.738248,0.036325473338365555,33522544640,0,0,85017493504,33378836480,0,143708160,0,132743401472,121114951680,0
1791595434.9419503,0.03992707282304764,33568681984,0,0,85017493504,33424973824,0,143708160,0,132789338112,121114951680,0
1791595435.1416223,0.03951568901538849,33614819328,0,0,85017493504,33471111168,0,143708160,0,132836089856,121114951680,0
1791595435.3423185,0.0400921031832695,33658859520,0,0,85017493504,33515151360,0,143708160,0,132879855616,121114951680,0
1791595435.5434675,0.04114129766821861,33704996864,0,0,85017493504,33561288704,0,143708160,0,132926459904,121114951680,0
1791595435.7421114,0.03967211954295635,33751134208,0,0,85017493504,33607426048,0,143708160,0,132972687360,121114951680,0
1791595435.9460497,0.0435005109757185,33797271552,0,0,85017493504,33653563392,0,143708160,0,133021274112,121114951680,0
1791595436.1449835,0.0423433817923069,33843408896,0,0,85017493504,33699700736,0,143708160,0,133065515008,121114951680,0
1791595436.345869,0.04311683587729931,33889546240,0,0,85017493504,33745838080,0,143708160,0,133111336960,121114951680,0
1791595436.5418847,0.039017193019390106,33931489280,0,0,85017493504,33787781120,0,143708160,0,133153370112,121114951680,0
1791595436.746632,0.04365011490881443,33975529472,0,0,85017493504,33831821312,0,143708160,0,133197504512,121114951680,0
1791595436.9446397,0.0415443517267704,34019569664,0,0,85017493504,33875861504,0,143708160,0,133241405440,121114951680,0
1791595437.1434188,0.0401691310107708,34061512704,0,0,85017493504,33917804544,0,143708160,0,133283287040,121114951680,0
1791595437.3444312,0.041080184280872345,34107650048,0,0,85017493504,33963941888,0,143708160,0,133329436672,121114951680,0
1791595437.542281,0.03882797807455063,34151690240,0,0,85017493504,34007982080,0,143708160,0,133373820928,121114951680,0
1791595437.746071,0.04250398091971874,34197827584,0,0,85017493504,34054119424,0,143708160,0,133419606016,121114951680,0
1791595437.9427888,0.039108557626605034,34243964928,0,0,85017493504,34100256768,0,143708160,0,133466042368,121114951680,0
1791595438.1453595,0.04156808368861675,34288005120,0,0,85017493504,34144296960,0,143708160,0,133510426624,121114951680,0
1791595438.3467324,0.042822668328881264,34334146560,0,0,85017493504,34190434304,0,143712256,0,133556424704,121114951680,0
1791595438.545298,0.041271599009633064,34378186752,0,0,85017493504,34234474496,0,143712256,0,133600497664,121114951680,0
1791595438.7449737,0.04083517752587795,34422226944,0,0,85017493504,34278514688,0,143712256,0,133644730368,121114951680,0
1791595438.945239,0.04099813848733902,34466267136,0,0,85017493504,34322554880,0,143712256,0,133688750080,121114951680,0
1791595439.1434076,0.039051467552781105,34506113024,0,0,85017493504,34364497920,0,141615104,0,133728354304,121114951680,0
1791595439.3452902,0.040832147002220154,34552262656,0,0,85017493504,34408538112,0,143724544,0,133774839808,121114951680,0
1791595439.545224,0.040653079748153687,34596302848,0,0,85017493504,34452578304,0,143724544,0,133818859520,121114951680,0
1791595439.7480721,0.04339680075645447,34644537344,0,0,85017493504,34500812800,0,143724544,0,133867180032,121114951680,0
1791595439.9480035,0.04321136511862278,34694868992,0,0,85017493504,34551144448,0,143724544,0,133917814784,121114951680,0
1791595440.148927,0.04403095506131649,34747297792,0,0,85017493504,34601476096,0,145821696,0,133970374656,121114951680,0
1791595440.3472714,0.042266516014933586,34801823744,0,0,85017493504,34656002048,0,145821696,0,134025261056,121114951680,0
1791595440.5446942,0.03957710787653923,34856349696,0,0,85017493504,34712625152,0,143724544,0,134079967232,121114951680,0
1791595440.7485335,0.043293384835124016,34912972800,0,0,85017493504,34767151104,0,145821696,0,134136594432,121114951680,0
1791595440.950647,0.04529276862740517,34967498752,0,0,85017493504,34821677056,0,145821696,0,134191370240,121114951680,0
1791595441.1500459,0.04457844980061054,35030413312,0,0,85017493504,34882494464,0,147918848,0,134254370816,121114951680,0
1791595441.3490698,0.04349103569984436,35097522176,0,0,85017493504,34951700480,0,145821696,0,134323929088,121114951680,0
1791595441.5473018,0.041611865162849426,35173019648,0,0,85017493504,35025100800,0,147918848,0,134397337600,121114951680,0
1791595441.7501488,0.0443321168422699,35248517120,0,0,85017493504,35100598272,0,147918848,0,134473195520,121114951680,0
1791595441.9493437,0.043395161628723145,35303043072,0,0,85017493504,35159318528,0,143724544,0,134527508480,121114951680,0
1791595442.1485877,0.04252898879349232,35344986112,0,0,85017493504,35201261568,0,143724544,0,134569799680,121114951680,0
1791595442.3467612,0.0406184159219265,35384832000,0,0,85017493504,35241107456,0,143724544,0,134612025344,121114951680,0
1791595442.5454295,0.03919948451220989,35430969344,0,0,85017493504,35287244800,0,143724544,0,134656143360,121114951680,0
1791595442.7485292,0.042210666462779045,35479203840,0,0,85017493504,35333382144,0,145821696,0,134705000448,121114951680,0
1791595442.9488838,0.042451849207282066,35525341184,0,0,85017493504,35379519488,0,145821696,0,134751195136,121114951680,0
1791595443.1506996,0.04415292292833328,35569381376,0,0,85017493504,35425656832,0,143724544,0,134794960896,121114951680,0
1791595443.3495233,0.04287055879831314,35615518720,0,0,85017493504,35471794176,0,143724544,0,134841081856,121114951680,0
1791595443.548589,0.04182100109755993,35659558912,0,0,85017493504,35515834368,0,143724544,0,134885212160,121114951680,0
1791595443.7484689,0.041590455919504166,35703599104,0,0,85017493504,35559874560,0,143724544,0,134928433152,121114951680,0
1791595443.9494185,0.042426230385899544,35747639296,0,0,85017493504,35603914752,0,143724544,0,134972829696,121114951680,0
1791595444.151048,0.043934714049100876,35789582336,0,0,85017493504,35645857792,0,143724544,0,135017213952,121114951680,0
1791595444.3495448,0.04234011285007,35835719680,0,0,85017493504,35691995136,0,143724544,0,135061245952,121114951680,0
1791595444.5486362,0.04134544916450977,35879759872,0,0,85017493504,35736035328,0,143724544,0,135105630208,121114951680,0
1791595444.7499607,0.042574264109134674,35923800064,0,0,85017493504,35780075520,0,143724544,0,135149748224,121114951680,0
1791595444.9527068,0.04520886950194836,35967840256,0,0,85017493504,35824115712,0,143724544,0,135193894912,121114951680,0
1791595445.1499689,0.04235984943807125,36011880448,0,0,85017493504,35866058752,0,145821696,0,135237947392,121114951680,0
1791595445.3477983,0.040069058537483215,36055920640,0,0,85017493504,35912196096,0,143724544,0,135282012160,121114951680,0
1791595445.5481124,0.04026604816317558,36099960832,0,0,85017493504,35958333440,0,141627392,0,135326240768,121114947584,0
1791595445.7456005,0.0376414954662323,36146098176,0,0,85017493504,36002373632,0,143724544,0,135372726272,121114947584,0
1791595445.9496024,0.041527800261974335,36190138368,0,0,85017493504,36046413824,0,143724544,0,135416553472,121114947584,0
1791595446.1479177,0.0396796315908432,36236275712,0,0,85017493504,36092551168,0,143724544,0,135462666240,121114947584,0
1791595446.3493505,0.0410033892840147,36280315904,0,0,85017493504,36138688512,0,141627392,0,135507017728,121114947584,0
1791595446.5483267,0.0398674663156271,36326453248,0,0,85017493504,36182728704,0,143724544,0,135553253376,121114947584,0
1791595446.7507842,0.04221576079726219,36372590592,0,0,85017493504,36228866048,0,143724544,0,135599132672,121114947584,0
1791595446.9492395,0.040551112964749336,36418727936,0,0,85017493504,36272906240,0,145821696,0,135645523968,121114947584,0
1791595447.1517344,0.04293085262179375,36464865280,0,0,85017493504,36319043584,0,145821696,0,135691755520,121114947584,0
1791595447.3503149,0.04140189290046692,36508905472,0,0,85017493504,36365180928,0,143724544,0,135735885824,121114947584,0
1791595447.5478716,0.03884941153228283,36552945664,0,0,85017493504,36409221120,0,143724544,0,135780257792,121114947584,0
1791595447.750503,0.04136885888874531,36596985856,0,0,85017493504,36453261312,0,143724544,0,135824650240,121114947584,0
1791595447.9504924,0.041248904541134834,36638928896,0,0,85017493504,36495204352,0,143724544,0,135868317696,121114947584,0
1791595448.1523678,0.04301046393811703,36682969088,0,0,85017493504,36539244544,0,143724544,0,135909986304,121114947584,0
1791595448.3532379,0.04376266710460186,36729106432,0,0,85017493504,36585381888,0,143724544,0,135955951616,121114947584,0
1791595448.5539868,0.04438183270394802,36773146624,0,0,85017493504,36629422080,0,143724544,0,135999930368,121114947584,0
1791595448.7545426,0.044809335842728615,36819283968,0,0,85017493504,36673462272,0,145821696,0,136046419968,121114947584,0
1791595448.9562702,0.04641418345272541,36863324160,0,0,85017493504,36719599616,0,143724544,0,136090427392,121114947584,0
1791595449.1547441,0.044768549501895905,36905267200,0,0,85017493504,36761542656,0,143724544,0,136132460544,121114947584,0
1791595449.3541021,0.04400863125920296,36949307392,0,0,85017493504,36805582848,0,143724544,0,136176627712,121114947584,0
1791595449.555832,0.04557815380394459,36993347584,0,0,85017493504,36849623040,0,143724544,0,136220643328,121114947584,0
1791595449.7511842,0.04081507958471775,37037387776,0,0,85017493504,36893663232,0,143724544,0,136264777728,121114947584,0
1791595449.952913,0.04243307746946812,37079330816,0,0,85017493504,36935606272,0,143724544,0,136307003392,121114947584,0
1791595450.1529484,0.04235108755528927,37123371008,0,0,85017493504,36979646464,0,143724544,0,136351014912,121114947584,0
1791595450.3503761,0.03966430574655533,37165314048,0,0,85017493504,37023686656,0,141627392,0,136395145216,121114947584,0
1791595450.5525703,0.04173567518591881,37209354240,0,0,85017493504,37065629696,0,143724544,0,136437784576,121114947584,0
1791595450.7511342,0.04018361680209637,37255491584,0,0,85017493504,37111767040,0,143724544,0,136483749888,121114947584,0
1791595450.9540746,0.0430075079202652,37299531776,0,0,85017493504,37155807232,0,143724544,0,136527884288,121114947584,0
1791595451.1520221,0.040769072249531746,37343571968,0,0,85017493504,37199847424,0,143724544,0,136572243968,121114947584,0
1791595451.3569603,0.04559149406850338,37385515008,0,0,85017493504,37241790464,0,143724544,0,136614375424,121114947584,0
1791595451.553907,0.04243827797472477,37427458048,0,0,85017493504,37283733504,0,143724544,0,136656674816,121114947584,0
1791595451.7534733,0.04189315252006054,37469401088,0,0,85017493504,37327773696,0,141627392,0,136700444672,121114947584,0
1791595451.9563837,0.0446893610060215,37515538432,0,0,85017493504,37371813888,0,143724544,0,136744775680,121114947584,0
1791595452.153634,0.04185226000845432,37559578624,0,0,85017493504,37415854080,0,143724544,0,136788905984,121114947584,0
1791595452.352089,0.0402202345430851,37601521664,0,0,85017493504,37457797120,0,143724544,0,136830935040,121114947584,0
1791595452.5552008,0.043216804042458534,37649756160,0,0,85017493504,37503934464,0,145821696,0,136879521792,121114947584,0
1791595452.7515886,0.03949159383773804,37691699200,0,0,85017493504,37547974656,0,143724544,0,136921440256,121114947584,0
1791595452.9535053,0.0412269439548254,37735739392,0,0,85017493504,37592014848,0,143724544,0,136965566464,121114947584,0
1791595453.1513433,0.03895078785717487,37777682432,0,0,85017493504,37636055040,0,141627392,0,137009954816,121114947584,0
1791595453.3544996,0.041993480175733566,37823819776,0,0,85017493504,37680095232,0,143724544,0,137053822976,121114947584,0
1791595453.5519032,0.03927719220519066,37867859968,0,0,85017493504,37726232576,0,141627392,0,137097875456,121114947584,0
1791595453.7537336,0.04099167324602604,37913997312,0,0,85017493504,37770272768,0,143724544,0,137144897536,121114947584,0
1791595453.9545608,0.04170821234583855,37958037504,0,0,85017493504,37814312960,0,143724544,0,137191264256,121114947584,0
1791595454.15335,0.04038769751787186,38002077696,0,0,85017493504,37860450304,0,141627392,0,137232945152,121114968064,0
1791595454.3530738,0.0399975311011076,38048215040,0,0,85017493504,37904490496,0,143724544,0,137279434752,121114968064,0
1791595454.5527778,0.03954889439046383,38092255232,0,0,85017493504,37950627840,0,141627392,0,137323302912,121114968064,0
1791595454.7520945,0.03875276818871498,38136295424,0,0,85017493504,37992570880,0,143724544,0,137367158784,121114968064,0
1791595454.956372,0.04291383549571037,38182432768,0,0,85017493504,38040805376,0,141627392,0,137414963200,121114968064,0
1791595455.1557348,0.04215593263506889,38228570112,0,0,85017493504,38084845568,0,143724544,0,137458888704,121114968064,0
1791595455.3569984,0.043303726240992546,38274707456,0,0,85017493504,38128885760,0,145821696,0,137505054720,121114968064,0
1791595455.5545537,0.040753403678536415,38316650496,0,0,85017493504,38172925952,0,143724544,0,137547366400,121114968064,0
1791595455.753947,0.04004826210439205,38362787840,0,0,85017493504,38216966144,0,145821696,0,137593368576,121114968064,0
1791595455.9529598,0.03896969184279442,38404730880,0,0,85017493504,38261006336,0,143724544,0,137635401728,121114968064,0
1791595456.1525514,0.038482943549752235,38452965376,0,0,85017493504,38307143680,0,145821696,0,137683734528,121114968064,0
1791595456.354809,0.04065382666885853,38497005568,0,0,85017493504,38353281024,0,143724544,0,137727848448,121114968064,0
1791595456.551723,0.037482280284166336,38541045760,0,0,85017493504,38397321216,0,143724544,0,137771970560,121114968064,0
1791595456.754258,0.03993847034871578,38587183104,0,0,85017493504,38443458560,0,143724544,0,137820028928,121114968064,0
1791595456.953347,0.03894551657140255,38633320448,0,0,85017493504,38489595904,0,143724544,0,137864355840,121114968064,0
1791595457.1545777,0.04007977433502674,38679457792,0,0,85017493504,38533636096,0,145821696,0,137910079488,121114968064,0
1791595457.3542292,0.03964540176093578,38723497984,0,0,85017493504,38579773440,0,143724544,0,137956286464,121114968064,0
1791595457.553444,0.03877690248191357,38769635328,0,0,85017493504,38625910784,0,143724544,0,138000629760,121114968064,0
1791595457.7591696,0.044386791065335274,38815772672,0,0,85017493504,38672048128,0,143724544,0,138047004672,121114968064,0
1791595457.9581494,0.043243590742349625,38859812864,0,0,85017493504,38716088320,0,143724544,0,138090962944,121114968064,0
1791595458.1565444,0.041526541113853455,38903853056,0,0,85017493504,38760128512,0,143724544,0,138135355392,121114968064,0
1791595458.3562734,0.04115240462124348,38945796096,0,0,85017493504,38802071552,0,143724544,0,138177392640,121114968064,0
1791595458.558292,0.04301759600639343,38985641984,0,0,85017493504,38841917440,0,143724544,0,138216820736,121114968064,0
1791595458.7526875,0.037331780418753624,39027585024,0,0,85017493504,38883860480,0,143724544,0,138259091456,121114968064,0
1791595458.954384,0.03894374705851078,39071625216,0,0,85017493504,38927900672,0,143724544,0,138303066112,121114968064,0
1791595459.1587648,0.04324027709662914,39117762560,0,0,85017493504,38974038016,0,143724544,0,138349113344,121114947584,0
1791595459.3573363,0.04172451235353947,39161802752,0,0,85017493504,39015981056,0,145821696,0,138393677824,121114947584,0
1791595459.55937,0.043667787685990334,39207940096,0,0,85017493504,39062118400,0,145821696,0,138439585792,121114947584,0
1791595459.765135,0.049301519989967346,39254077440,0,0,85017493504,39110352896,0,143724544,0,138485649408,121114947584,0
1791595459.958002,0.042088013142347336,39298117632,0,0,85017493504,39154393088,0,143724544,0,138529775616,121114947584,0
1791595460.157101,0.041103195399045944,39342157824,0,0,85017493504,39198433280,0,143724544,0,138573811712,121114947584,0
1791595460.3564858,0.04040386714041233,39388295168,0,0,85017493504,39242473472,0,145821696,0,138619949056,121114947584,0
1791595460.553566,0.03739662654697895,39430238208,0,0,85017493504,39288610816,0,141627392,0,138662318080,121114947584,0
1791595460.754706,0.03845494985580444,39474278400,0,0,85017493504,39330553856,0,143724544,0,138706366464,121114947584,0
1791595460.9568636,0.040529342368245125,39518318592,0,0,85017493504,39374594048,0,143724544,0,138750513152,121114947584,0
1791595461.155797,0.03938233107328415,39560261632,0,0,85017493504,39418634240,0,141627392,0,138792493056,121114947584,0
1791595461.3551457,0.03864702768623829,39604301824,0,0,85017493504,39460577280,0,143724544,0,138836594688,121114947584,0
1791595461.5548599,0.03827444836497307,39650439168,0,0,85017493504,39506714624,0,143724544,0,138882785280,121114947584,0
1791595461.7546084,0.037941694259643555,39694479360,0,0,85017493504,39550754816,0,143724544,0,138927009792,121114947584,0
1791595461.9584103,0.04166468232870102,39740616704,0,0,85017493504,39596892160,0,143724544,0,138973442048,121114947584,0
1791595462.1604636,0.04362627863883972,39784656896,0,0,85017493504,39640932352,0,143724544,0,139019931648,121114947584,0
1791595462.3590095,0.04207899421453476,39830794240,0,0,85017493504,39687069696,0,143724544,0,139064320000,121114947584,0
1791595462.5591073,0.042082780972123146,39874834432,0,0,85017493504,39731109888,0,143724544,0,139108450304,121114947584,0
1791595462.7596414,0.04252326115965843,39916777472,0,0,85017493504,39773052928,0,143724544,0,139150479360,121114947584,0
1791595462.9622378,0.045026250183582306,39958720512,0,0,85017493504,39814995968,0,143724544,0,139192496128,121114947584,0
1791595463.1584103,0.04111252352595329,40004857856,0,0,85017493504,39861133312,0,143724544,0,139238817792,121114947584,0
1791595463.358212,0.04083393141627312,40050995200,0,0,85017493504,39907270656,0,143724544,0,139284946944,121114947584,0
1791595463.5644405,0.046957552433013916,40097132544,0,0,85017493504,39953408000,0,143724544,0,139331059712,121114947584,0
1791595463.75705,0.03948425501585007,40139079680,0,0,85017493504,39995351040,0,143728640,0,139373092864,121114947584,0
1791595463.9565508,0.03890384919941425,40183119872,0,0,85017493504,40039391232,0,143728640,0,139417227264,121114947584,0
1791595464.1583729,0.04064439795911312,40229257216,0,0,85017493504,40085528576,0,143728640,0,139465818112,121114947584,0
1791595464.3547106,0.03690263628959656,40273297408,0,0,85017493504,40129568768,0,143728640,0,139507757056,121114947584,0
1791595464.555663,0.037773437798023224,40317337600,0,0,85017493504,40173608960,0,143728640,0,139551657984,121114947584,0
1791595464.757768,0.03979753702878952,40361390080,0,0,85017493504,40217649152,0,143740928,0,139595935744,121114947584,0
1791595464.95633,0.038277432322502136,40405430272,0,0,85017493504,40261689344,0,143740928,0,139640070144,121114947584,0
1791595465.1552196,0.03708909638226032,40451567616,0,0,85017493504,40307826688,0,143740928,0,139686301696,121114947584,0
1791595465.3550692,0.03685831464827061,40495607808,0,0,85017493504,40353964032,0,141643776,0,139732725760,121114947584,0
1791595465.5550313,0.03673150576651096,40541745152,0,0,85017493504,40400101376,0,141643776,0,139776602112,121114947584,0
1791595465.7556777,0.03729611821472645,40587882496,0,0,85017493504,40444141568,0,143740928,0,139822833664,121114947584,0
1791595465.954637,0.03617658466100693,40634019840,0,0,85017493504,40490278912,0,143740928,0,139869323264,121114947584,0
1791595466.1581128,0.03954947181046009,40678060032,0,0,85017493504,40534319104,0,143740928,0,139912986624,121114947584,0
1791595466.356017,0.03737565502524376,40720003072,0,0,85017493504,40578359296,0,141643776,0,139954851840,121114947584,0
1791595466.5578468,0.039104659110307693,40768237568,0,0,85017493504,40624496640,0,143740928,0,140003184640,121114947584,0
1791595466.759334,0.040510619059205055,40814374912,0,0,85017493504,40670633984,0,143740928,0,140049272832,121114947584,0
1791595466.9583766,0.03947008028626442,40858415104,0,0,85017493504,40714674176,0,143740928,0,140093308928,121114947584,0
1791595467.1561408,0.03715498372912407,40904552448,0,0,85017493504,40760811520,0,143740928,0,140139696128,121114947584,0
1791595467.3608553,0.041788125410676,40950689792,0,0,85017493504,40804851712,0,145838080,0,140185939968,121114947584,0
1791595467.5605276,0.041291771456599236,40996827136,0,0,85017493504,40853086208,0,143740928,0,140231913472,121114947584,0
1791595467.757522,0.03820270858705044,41042964480,0,0,85017493504,40899223552,0,143740928,0,140278386688,121114947584,0
1791595467.958399,0.03898687846958637,41091198976,0,0,85017493504,40947458048,0,143740928,0,140326682624,121114947584,0
1791595468.159822,0.04032663442194462,41137336320,0,0,85017493504,40993595392,0,143740928,0,140372905984,121114947584,0
1791595468.3584058,0.03883049823343754,41181376512,0,0,85017493504,41037635584,0,143740928,0,140417302528,121114947584,0
1791595468.5566847,0.03702817112207413,41223319552,0,0,85017493504,41081675776,0,141643776,0,140461408256,121114947584,0
1791595468.7581694,0.03843126446008682,41267359744,0,0,85017493504,41123618816,0,143740928,0,140503437312,121114947584,0
1791595468.9567316,0.03691423311829567,41311399936,0,0,85017493504,41167659008,0,143740928,0,140547801088,121114947584,0
1791595469.1577165,0.03781881928443909,41353342976,0,0,85017493504,41211699200,0,141643776,0,140589572096,121114947584,0
1791595469.356332,0.036354536190629005,41397383168,0,0,85017493504,41255739392,0,141643776,0,140633436160,121114947584,0
1791595469.5572543,0.03719240985810757,41443520512,0,0,85017493504,41301876736,0,141643776,0,140679708672,121114947584,0
1791595469.7591703,0.039024319499731064,41489657856,0,0,85017493504,41345916928,0,143740928,0,140725628928,121114947584,0
1791595469.9578645,0.03763275966048241,41533698048,0,0,85017493504,41389957120,0,143740928,0,140769742848,121114947584,0
1791595470.1577194,0.037408651784062386,41579835392,0,0,85017493504,41436094464,0,143740928,0,140816232448,121114947584,0
1791595470.3586624,0.038249578326940536,41625972736,0,0,85017493504,41482231808,0,143740928,0,140862459904,121114947584,0
1791595470.5578907,0.03738941624760628,41672110080,0,0,85017493504,41528369152,0,143740928,0,140908511232,121114947584,0
1791595470.759348,0.03876419551670551,41718247424,0,0,85017493504,41574506496,0,143740928,0,140954705920,121114947584,0
1791595470.9613028,0.04063432104885578,41764384768,0,0,85017493504,41618546688,0,145838080,0,141000933376,121114947584,0
1791595471.1591873,0.03844067081809044,41808424960,0,0,85017493504,41664684032,0,143740928,0,141044989952,121114947584,0
1791595471.3625777,0.041732748970389366,41852465152,0,0,85017493504,41708724224,0,143740928,0,141089132544,121114947584,0
1791595471.5629253,0.041985856369137764,41896505344,0,0,85017493504,41752764416,0,143740928,0,141132918784,121114947584,0
1791595471.7644389,0.0434060413390398,41940545536,0,0,85017493504,41796804608,0,143740928,0,141176913920,121114947584,0
1791595471.964113,0.042986080050468445,41984585728,0,0,85017493504,41840844800,0,143740928,0,141221314560,121114947584,0
1791595472.1657724,0.044565122574567795,42030723072,0,0,85017493504,41886982144,0,143740928,0,141268066304,121114947584,0
1791595472.3627503,0.04144456051290035,42072666112,0,0,85017493504,41928925184,0,143740928,0,141309870080,121114947584,0
1791595472.5624058,0.041004788130521774,42118803456,0,0,85017493504,41975062528,0,143740928,0,141356367872,121114947584,0
1791595472.7620678,0.040568577125668526,42162843648,0,0,85017493504,42019102720,0,143740928,0,141400457216,121114947584,0
1791595472.9626298,0.041032884269952774,42208980992,0,0,85017493504,42065240064,0,143740928,0,141446627328,121114947584,0
1791595473.1619592,0.04027004353702068,42250924032,0,0,85017493504,42107183104,0,143740928,0,141488926720,121114947584,0
1791595473.3612761,0.03949538804590702,42294964224,0,0,85017493504,42151223296,0,143740928,0,141533065216,121114947584,0
1791595473.5657322,0.043850285932421684,42339004416,0,0,85017493504,42193166336,0,145838080,0,141577175040,121114947584,0
1791595473.7658627,0.04388930834829807,42385141760,0,0,85017493504,42239303680,0,145838080,0,141623906304,121114947584,0
1791595473.9653575,0.043297573924064636,42431279104,0,0,85017493504,42285441024,0,145838080,0,141669982208,121114947584,0
1791595474.1642814,0.04212658852338791,42475319296,0,0,85017493504,42331578368,0,143740928,0,141713883136,121114947584,0
1791595474.3639674,0.04172224551439285,42517262336,0,0,85017493504,42373521408,0,143740928,0,141756071936,121114947584,0
1791595474.5643828,0.042035214602947235,42565496832,0,0,85017493504,42421755904,0,143740928,0,141804400640,121114947584,0
1791595474.7617986,0.039357518777251244,42609537024,0,0,85017493504,42465796096,0,143740928,0,141848526848,121114947584,0
1791595474.9609237,0.03839038871228695,42655674368,0,0,85017493504,42511933440,0,143740928,0,141894991872,121114947584,0
1791595475.164799,0.04216182045638561,42706006016,0,0,85017493504,42562265088,0,143740928,0,141945176064,121114947584,0
1791595475.3654637,0.04273116961121559,42756337664,0,0,85017493504,42610499584,0,145838080,0,141995446272,121114947584,0
1791595475.561455,0.038627251982688904,42808766464,0,0,85017493504,42662928384,0,145838080,0,142048321536,121114947584,0
1791595475.7664948,0.043571190908551216,42863292416,0,0,85017493504,42717454336,0,145838080,0,142102786048,121114947584,0
1791595475.9682565,0.04523192532360554,42917818368,0,0,85017493504,42771980288,0,145838080,0,142157189120,121114947584,0
1791595476.1667798,0.04365687631070614,42974441472,0,0,85017493504,42828603392,0,145838080,0,142213894144,121114947584,0
1791595476.3642862,0.04107104241847992,43031064576,0,0,85017493504,42885226496,0,145838080,0,142270767104,121114947584,0
1791595476.5639145,0.04060292989015579,43091881984,0,0,85017493504,42946043904,0,145838080,0,142331674624,121114947584,0
1791595476.7645621,0.041171640157699585,43163185152,0,0,85017493504,43013152768,0,150032384,0,142402961408,121114947584,0
1791595476.9625115,0.03903990611433983,43236585472,0,0,85017493504,43088650240,0,147935232,0,142476361728,121114947584,0
1791595477.16184,0.03828706964850426,43312082944,0,0,85017493504,43166244864,0,145838080,0,142552113152,121114947584,0
1791595477.3647814,0.041133204475045204,43360317440,0,0,85017493504,43216576512,0,143740928,0,142600417280,121114947584,0
1791595477.5636592,0.039915816858410835,43404357632,0,0,85017493504,43260616704,0,143740928,0,142644903936,121114947584,0
1791595477.7747707,0.05092877335846424,43450494976,0,0,85017493504,43304656896,0,145838080,0,142691057664,121114947584,0
1791595477.9885886,0.06465076841413975,43496632320,0,0,85017493504,43348697088,0,147935232,0,142737379328,121114947584,0
1791595478.1676788,0.043654246255755424,43536478208,0,0,85017493504,43392737280,0,143740928,0,142777344000,121114947584,0
1791595478.3697245,0.04559499770402908,43578421248,0,0,85017493504,43434680320,0,143740928,0,142820810752,121114947584,0
1791595478.5674777,0.04325615428388119,43624558592,0,0,85017493504,43478720512,0,145838080,0,142864945152,121114947584,0
1791595478.7661102,0.04180033504962921,43670695936,0,0,85017493504,43526955008,0,143740928,0,142911438848,121114947584,0
1791595478.9657533,0.041350673884153366,43714736128,0,0,85017493504,43570995200,0,143740928,0,142957658112,121114947584,0
1791595479.1678078,0.0433120746165514,43762970624,0,0,85017493504,43619229696,0,143740928,0,143003717632,121114947584,0
1791595479.3687212,0.044129787012934685,43807010816,0,0,85017493504,43663269888,0,143740928,0,143048224768,121114947584,0
1791595479.565228,0.04054094851016998,43851051008,0,0,85017493504,43707310080,0,143740928,0,143092080640,121114947584,0
1791595479.7667139,0.04193447530269623,43892994048,0,0,85017493504,43749253120,0,143740928,0,143134380032,121114947584,0
1791595479.9658096,0.040930695831775665,43937034240,0,0,85017493504,43793293312,0,143740928,0,143177900032,121114947584,0
1791595480.165056,0.04008205235004425,43978977280,0,0,85017493504,43835236352,0,143740928,0,143220195328,121114947584,0
1791595480.3660438,0.04096715524792671,44025114624,0,0,85017493504,43881373696,0,143740928,0,143266463744,121114947584,0
1791595480.5676882,0.042474573478102684,44071251968,0,0,85017493504,43927511040,0,143740928,0,143313039360,121114943488,0
1791595480.766922,0.041615357622504234,44115292160,0,0,85017493504,43971551232,0,143740928,0,143357095936,121114943488,0
1791595480.9671443,0.04173644445836544,44159332352,0,0,85017493504,44015591424,0,143740928,0,143401140224,121114943488,0
1791595481.1666017,0.04110049270093441,44201275392,0,0,85017493504,44059631616,0,141643776,0,143445282816,121114943488,0
1791595481.3678122,0.04221026971936226,44247412736,0,0,85017493504,44103671808,0,143740928,0,143489314816,121114943488,0
1791595481.5683038,0.0426044687628746,44291452928,0,0,85017493504,44147712000,0,143740928,0,143533375488,121114943488,0
1791595481.768967,0.04316709190607071,44337590272,0,0,85017493504,44193849344,0,143740928,0,143579545600,121114943488,0
1791595481.9692929,0.043386682868003845,44383727616,0,0,85017493504,44239986688,0,143740928,0,143625924608,121114943488,0
1791595482.168151,0.042138513177633286,44429864960,0,0,85017493504,44284026880,0,145838080,0,143672152064,121114943488,0
1791595482.3716223,0.04551814682781696,44473905152,0,0,85017493504,44330164224,0,143740928,0,143716712448,121114943488,0
1791595482.5690162,0.04277244955301285,44517945344,0,0,85017493504,44374204416,0,143740928,0,143760584704,121114943488,0
1791595482.7677276,0.04140552319586277,44564082688,0,0,85017493504,44420341760,0,143740928,0,143806902272,121114943488,0
1791595482.96881,0.04240338131785393,44608122880,0,0,85017493504,44464381952,0,143740928,0,143851036672,121114943488,0
1791595483.1673393,0.04084921255707741,44654260224,0,0,85017493504,44510519296,0,143740928,0,143897165824,121114943488,0
1791595483.3673031,0.040735408663749695,44698300416,0,0,85017493504,44554559488,0,143740928,0,143941308416,121114943488,0
1791595483.5653253,0.03867550566792488,44740243456,0,0,85017493504,44596502528,0,143740928,0,143983304704,121114943488,0
1791595483.765631,0.03890339285135269,44784283648,0,0,85017493504,44640542720,0,143740928,0,144027439104,121114943488,0
1791595483.9645414,0.03773322328925133,44828323840,0,0,85017493504,44684582912,0,143740928,0,144071512064,121114943488,0
1791595484.1672246,0.040335020050406456,44874461184,0,0,85017493504,44730720256,0,143740928,0,144117698560,121114943488,0
1791595484.3657568,0.03878840245306492,44920598528,0,0,85017493504,44776857600,0,143740928,0,144163926016,121114943488,0
1791595484.567059,0.04001011699438095,44964638720,0,0,85017493504,44820897792,0,143740928,0,144210669568,121114943488,0
1791595484.766796,0.039668381214141846,45010776064,0,0,85017493504,44867035136,0,143740928,0,144254537728,121114943488,0
1791595484.967026,0.03981865756213665,45056913408,0,0,85017493504,44913172480,0,143740928,0,144300654592,121114943488,0
1791595485.1700919,0.0428049024194479,45098856448,0,0,85017493504,44955115520,0,143740928,0,144342953984,121114943488,0
1791595485.3689616,0.041595516726374626,45142896640,0,0,85017493504,44999155712,0,143740928,0,144387076096,121114943488,0
1791595485.5674713,0.04001837968826294,45182742528,0,0,85017493504,45039001600,0,143740928,0,144427360256,121114943488,0
1791595485.7687764,0.041227804496884346,45222588416,0,0,85017493504,45078847488,0,143740928,0,144467456000,121114943488,0
1791595485.9689677,0.04132339358329773,45268725760,0,0,85017493504,45124984832,0,143740928,0,144513392640,121114943488,0
1791595486.1698573,0.04211589694023132,45314863104,0,0,85017493504,45171122176,0,143740928,0,144559620096,121114943488,0
1791595486.366695,0.03885222226381302,45361000448,0,0,85017493504,45217259520,0,143740928,0,144606113792,121114943488,0
1791595486.568681,0.04074103385210037,45405040640,0,0,85017493504,45261299712,0,143740928,0,144650252288,121114943488,0
1791595486.7714696,0.043434131890535355,45449080832,0,0,85017493504,45305339904,0,143740928,0,144694079488,121114943488,0
1791595486.9696143,0.04148024693131447,45491023872,0,0,85017493504,45347282944,0,143740928,0,144736358400,121114943488,0
1791595487.1684818,0.04025551676750183,45532966912,0,0,85017493504,45389225984,0,143740928,0,144778039296,121114943488,0
1791595487.3683243,0.04000069946050644,45577007104,0,0,85017493504,45433266176,0,143740928,0,144822165504,121114943488,0
1791595487.5714765,0.04304784908890724,45616852992,0,0,85017493504,45473112064,0,143740928,0,144861749248,121114943488,0
1791595487.7591004,0.030613016337156296,45658796032,0,0,85017493504,45517152256,0,141643776,0,144903729152,121114943488,0
1791595487.9585567,0.030003927648067474,45704933376,0,0,85017493504,45563289600,0,141643776,0,144949850112,121114943488,0
1791595488.1633031,0.03468354046344757,45751070720,0,0,85017493504,45607329792,0,143740928,0,144996323328,121114943488,0
1791595488.3708768,0.04216630756855011,45799305216,0,0,85017493504,45655564288,0,143740928,0,145044905984,121114943488,0
1791595488.5729363,0.04412607103586197,45845442560,0,0,85017493504,45701701632,0,143740928,0,145091112960,121114943488,0
1791595488.7692866,0.040393223986029625,45889482752,0,0,85017493504,45745741824,0,143740928,0,145137344512,121114943488,0
1791595488.9666214,0.03764883242547512,45933522944,0,0,85017493504,45791879168,0,141643776,0,145179361280,121114943488,0
1791595489.1668937,0.03784108906984329,45977567232,0,0,85017493504,45835919360,0,141647872,0,145223163904,121114943488,0
1791595489.3697226,0.04058884456753731,46021607424,0,0,85017493504,45877862400,0,143745024,0,145267171328,121114943488,0
1791595489.5701425,0.04092900641262531,46065647616,0,0,85017493504,45921902592,0,143745024,0,145311318016,121114943488,0
1791595489.772386,0.0430882852524519,46109687808,0,0,85017493504,45965942784,0,143745024,0,145355108352,121114943488,0
1791595489.973747,0.04434720426797867,46155825152,0,0,85017493504,46012080128,0,143745024,0,145401712640,121114943488,0
1791595490.169283,0.039804087951779366,46199877632,0,0,85017493504,46056120320,0,143757312,0,145445838848,121114943488,0
1791595490.3679006,0.038342203944921494,46246014976,0,0,85017493504,46102257664,0,143757312,0,145491972096,121114943488,0
1791595490.5683737,0.03873644396662712,46290055168,0,0,85017493504,46146297856,0,143757312,0,145535959040,121114943488,0
1791595490.7725856,0.042860377579927444,46334095360,0,0,85017493504,46190338048,0,143757312,0,145580089344,121114943488,0
1791595490.9698048,0.040000030770897865,46380232704,0,0,85017493504,46236475392,0,143757312,0,145626263552,121114943488,0
1791595491.1691444,0.039259230718016624,46426370048,0,0,85017493504,46282612736,0,143757312,0,145672990720,121114943488,0
1791595491.3698652,0.03990118205547333,46474604544,0,0,85017493504,46330847232,0,143757312,0,145721245696,121114943488,0
1791595491.5668736,0.036831481382250786,46518644736,0,0,85017493504,46374887424,0,143757312,0,145765380096,121114943488,0
1791595491.7686899,0.03856855258345604,46564782080,0,0,85017493504,46421024768,0,143757312,0,145811619840,121114943488,0
1791595491.9702387,0.04003696143627167,46610919424,0,0,85017493504,46467162112,0,143757312,0,145857847296,121114943488,0
1791595492.1708698,0.04058723524212837,46652862464,0,0,85017493504,46509105152,0,143757312,0,145899847680,121114943488,0
1791595492.3693068,0.03894535452127457,46698999808,0,0,85017493504,46555242496,0,143757312,0,145946349568,121114943488,0
1791595492.5676112,0.037166886031627655,46745137152,0,0,85017493504,46601379840,0,143757312,0,145992400896,121114943488,0
1791595492.7597997,0.029291251674294472,46787080192,0,0,85017493504,46645420032,0,141660160,0,146034429952,121114877952,0
1791595492.9719338,0.04133440554141998,46837411840,0,0,85017493504,46693654528,0,143757312,0,146085031936,121114877952,0
1791595493.1726177,0.041933780536055565,46883549184,0,0,85017493504,46739791872,0,143757312,0,146131193856,121114877952,0
1791595493.3695662,0.03880045935511589,46927589376,0,0,85017493504,46783832064,0,143757312,0,146175328256,121114877952,0
1791595493.5700288,0.03918273560702801,46973726720,0,0,85017493504,46829969408,0,143757312,0,146223833088,121114877952,0
1791595493.770294,0.03936977870762348,47019864064,0,0,85017493504,46876106752,0,143757312,0,146267975680,121114877952,0
1791595493.971749,0.04074210859835148,47066001408,0,0,85017493504,46922244096,0,143757312,0,146314256384,121114877952,0
1791595494.1684895,0.03740033693611622,47110041600,0,0,85017493504,46966284288,0,143757312,0,146358652928,121114877952,0
1791595494.368747,0.03757523186504841,47156178944,0,0,85017493504,47012421632,0,143757312,0,146404880384,121114877952,0
1791595494.5691497,0.0378943607211113,47198121984,0,0,85017493504,47054364672,0,143757312,0,146446651392,121114877952,0
1791595494.770483,0.03914460726082325,47242162176,0,0,85017493504,47098404864,0,143757312,0,146491047936,121114877952,0
1791595494.9707782,0.03935914859175682,47284105216,0,0,85017493504,47140347904,0,143757312,0,146534469632,121114877952,0
1791595495.1691396,0.037638239562511444,47330242560,0,0,85017493504,47186485248,0,143757312,0,146578337792,121114877952,0
1791595495.3707767,0.03918858431279659,47376379904,0,0,85017493504,47232622592,0,143757312,0,146624827392,121114877952,0
1791595495.5705068,0.038839228451251984,47420420096,0,0,85017493504,47276662784,0,143757312,0,146669051904,121114877952,0
1791595495.7708347,0.0390815120190382,47468654592,0,0,85017493504,47324897280,0,143757312,0,146717372416,121114877952,0
1791595495.9720273,0.040190424770116806,47514791936,0,0,85017493504,47368937472,0,145854464,0,146763571200,121114877952,0
1791595496.17259,0.040666138753294945,47558832128,0,0,85017493504,47415074816,0,143757312,0,146807701504,121114877952,0
1791595496.3721082,0.04010297171771526,47604969472,0,0,85017493504,47459115008,0,145854464,0,146853912576,121114877952,0
1791595496.5714586,0.03936595283448696,47649009664,0,0,85017493504,47505252352,0,143757312,0,146898038784,121114877952,0
1791595496.771249,0.03903413377702236,47693049856,0,0,85017493504,47549292544,0,143757312,0,146941984768,121114877952,0
1791595496.9724772,0.040182096883654594,47737090048,0,0,85017493504,47593332736,0,143757312,0,146988253184,121114877952,0
1791595497.1724443,0.04006446711719036,47781130240,0,0,85017493504,47637372928,0,143757312,0,147030171648,121114877952,0
1791595497.372304,0.039840586483478546,47825170432,0,0,85017493504,47681413120,0,143757312,0,147073945600,121114877952,0
1791595497.575728,0.04318183846771717,47869210624,0,0,85017493504,47725453312,0,143757312,0,147118071808,121114877952,0
1791595497.7754474,0.04281379096210003,47915347968,0,0,85017493504,47769493504,0,145854464,0,147164823552,121114877952,0
1791595497.9720504,0.03933711536228657,47959388160,0,0,85017493504,47815630848,0,143757312,0,147208994816,121114877952,0
1791595498.1728399,0.04004243202507496,48003428352,0,0,85017493504,47859671040,0,143757312,0,147253088256,121114877952,0
1791595498.3703294,0.03744971379637718,48049565696,0,0,85017493504,47905808384,0,143757312,0,147299561472,121114877952,0
1791595498.5752892,0.042324891313910484,48095703040,0,0,85017493504,47951945728,0,143757312,0,147345768448,121114877952,0
1791595498.7748795,0.041827037930488586,48141840384,0,0,85017493504,47998083072,0,143757312,0,147391807488,121114877952,0
1791595498.9748566,0.04171631671488285,48185880576,0,0,85017493504,48042123264,0,143757312,0,147435900928,121114877952,0
1791595499.174238,0.04101592116057873,48229920768,0,0,85017493504,48086163456,0,143757312,0,147479822336,121114877952,0
1791595499.372957,0.03965512663125992,48273960960,0,0,85017493504,48130203648,0,143757312,0,147523846144,121114877952,0
1791595499.5767667,0.04336555860936642,48320098304,0,0,85017493504,48174243840,0,145854464,0,147570114560,121114877952,0
1791595499.7792172,0.04572144336998463,48364138496,0,0,85017493504,48220381184,0,143757312,0,147616763904,121114877952,0
1791595499.974278,0.04069923982024193,48408178688,0,0,85017493504,48264421376,0,143757312,0,147658432512,121114877952,0
1791595500.1727448,0.039087219163775444,48452218880,0,0,85017493504,48310558720,0,141660160,0,147702829056,121114877952,0
1791595500.3867304,0.05294404551386833,48502550528,0,0,85017493504,48356696064,0,145854464,0,147753234432,121114877952,0
1791595500.5724375,0.03856850415468216,48544493568,0,0,85017493504,48400736256,0,143757312,0,147795300352,121114877952,0
1791595500.7717578,0.03780665993690491,48590630912,0,0,85017493504,48446873600,0,143757312,0,147842035712,121114877952,0
1791595500.972882,0.03884861059486866,48636768256,0,0,85017493504,48493010944,0,143757312,0,147887882240,121114877952,0
1791595501.171162,0.03704777732491493,48682905600,0,0,85017493504,48539148288,0,143757312,0,147934076928,121114877952,0
1791595501.3711584,0.036961814388632774,48729042944,0,0,85017493504,48587382784,0,141660160,0,147980505088,121114877952,0
1791595501.5726867,0.038392217829823494,48775180288,0,0,85017493504,48631422976,0,143757312,0,148026462208,121114877952,0
1791595501.772783,0.038407452404499054,48821317632,0,0,85017493504,48677560320,0,143757312,0,148072505344,121114877952,0
1791595501.9747894,0.04033520817756653,48867454976,0,0,85017493504,48723697664,0,143757312,0,148119048192,121114877952,0
1791595502.1719658,0.037425484508275986,48913592320,0,0,85017493504,48769835008,0,143757312,0,148165009408,121114877952,0
1791595502.371443,0.03682122565805912,48959729664,0,0,85017493504,48815972352,0,143757312,0,148210974720,121114877952,0
1791595502.5718758,0.03716396912932396,49005867008,0,0,85017493504,48862109696,0,143757312,0,148257472512,121114877952,0
1791595502.7722704,0.03747274540364742,49052004352,0,0,85017493504,48908247040,0,143757312,0,148303704064,121114877952,0
1791595502.97238,0.037497684359550476,49098141696,0,0,85017493504,48954384384,0,143757312,0,148349984768,121114877952,0
1791595503.1729352,0.03797074407339096,49144279040,0,0,85017493504,49000521728,0,143757312,0,148396216320,121114877952,0
1791595503.378206,0.04315721057355404,49190416384,0,0,85017493504,49046659072,0,143757312,0,148442177536,121114877952,0
1791595503.5794604,0.044301699846982956,49236553728,0,0,85017493504,49092796416,0,143757312,0,148488290304,121114877952,0
1791595503.7772882,0.04203774221241474,49280593920,0,0,85017493504,49136836608,0,143757312,0,148534280192,121114877952,0
1791595503.9748535,0.03952307067811489,49328828416,0,0,85017493504,49182973952,0,145854464,0,148580220928,121114877952,0
1791595504.1755974,0.04018804058432579,49374965760,0,0,85017493504,49231208448,0,143757312,0,148626698240,121114877952,0
1791595504.3738222,0.03833205811679363,49419005952,0,0,85017493504,49275248640,0,143757312,0,148670824448,121114877952,0
1791595504.5738852,0.03831641748547554,49465143296,0,0,85017493504,49321385984,0,143757312,0,148717043712,121114877952,0
1791595504.7754834,0.039834411814808846,49511280640,0,0,85017493504,49369620480,0,141660160,0,148765372416,121114877952,0
1791595504.9748175,0.03909009322524071,49559515136,0,0,85017493504,49415757824,0,143757312,0,148811653120,121114877952,0
1791595505.1785994,0.04279185086488724,49607749632,0,0,85017493504,49461895168,0,145854464,0,148860010496,121114877952,0
1791595505.3802078,0.04429926350712776,49653886976,0,0,85017493504,49510129664,0,143757312,0,148906475520,121114877952,0
1791595505.5770848,0.04109615460038185,49700024320,0,0,85017493504,49556267008,0,143757312,0,148953321472,121114877952,0
1791595505.7747219,0.03865604288876057,49746161664,0,0,85017493504,49602404352,0,143757312,0,148999282688,121114877952,0
1791595505.9769392,0.040794890373945236,49792299008,0,0,85017493504,49648541696,0,143757312,0,149045211136,121114877952,0
1791595506.176075,0.039850952103734016,49838436352,0,0,85017493504,49694679040,0,143757312,0,149091434496,121114877952,0
1791595506.374633,0.03833034262061119,49884573696,0,0,85017493504,49740816384,0,143757312,0,149137489920,121114877952,0
1791595506.575734,0.03934971056878567,49932808192,0,0,85017493504,49789050880,0,143757312,0,149185937408,121114877952,0
1791595506.7772682,0.040803806856274605,49978945536,0,0,85017493504,49835188224,0,143757312,0,149232173056,121114877952,0
1791595506.9760208,0.03947867825627327,50027180032,0,0,85017493504,49883422720,0,143757312,0,149280555008,121114877952,0
1791595507.1784952,0.04187503829598427,50073317376,0,0,85017493504,49929560064,0,143757312,0,149329145856,121114877952,0
1791595507.3788767,0.04216381907463074,50121551872,0,0,85017493504,49977794560,0,143757312,0,149375344640,121114877952,0
1791595507.577026,0.04023294150829315,50167689216,0,0,85017493504,50023931904,0,143757312,0,149421490176,121114877952,0
1791595507.7758226,0.03895176947116852,50213826560,0,0,85017493504,50070069248,0,143757312,0,149467631616,121114877952,0
1791595507.9758763,0.03892561420798302,50259963904,0,0,85017493504,50116206592,0,143757312,0,149513900032,121114877952,0
1791595508.1757693,0.03874063119292259,50306101248,0,0,85017493504,50162343936,0,143757312,0,149560385536,121114877952,0
1791595508.3763022,0.039193933829665184,50352238592,0,0,85017493504,50210578432,0,141660160,0,149608435712,121114877952,0
1791595508.57799,0.04076559469103813,50400473088,0,0,85017493504,50256715776,0,143757312,0,149654642688,121114877952,0
1791595508.778666,0.04135877825319767,50446610432,0,0,85017493504,50302853120,0,143757312,0,149701128192,121114877952,0
1791595508.9762113,0.03882758505642414,50492747776,0,0,85017493504,50348990464,0,143757312,0,149747408896,121114877952,0
1791595509.1886756,0.051212647929787636,50540982272,0,0,85017493504,50395127808,0,145854464,0,149795127296,121114877952,0
1791595509.3764098,0.03886623494327068,50582925312,0,0,85017493504,50439168000,0,143757312,0,149837393920,121114877952,0
1791595509.5786927,0.041066206991672516,50629062656,0,0,85017493504,50485305344,0,143757312,0,149883363328,121114877952,0
1791595509.7756367,0.03792988881468773,50673102848,0,0,85017493504,50529345536,0,143757312,0,149927481344,121114877952,0
1791595509.9762452,0.03845900855958462,50719240192,0,0,85017493504,50575482880,0,143757312,0,149974016000,121114877952,0
1791595510.1767738,0.038908906280994415,50767474688,0,0,85017493504,50623717376,0,143757312,0,150022340608,121114877952,0
1791595510.3778236,0.039877282455563545,50815709184,0,0,85017493504,50671951872,0,143757312,0,150070214656,121114877952,0
1791595510.579474,0.04144822433590889,50863943680,0,0,85017493504,50720186368,0,143757312,0,150118952960,121114877952,0
1791595510.7796168,0.041509341448545456,50916372480,0,0,85017493504,50770518016,0,145854464,0,150171627520,121114877952,0
1791595510.979788,0.04156661592423916,50970898432,0,0,85017493504,50825043968,0,145854464,0,150226493440,121114877952,0
1791595511.177914,0.039611583575606346,51025424384,0,0,85017493504,50879569920,0,145854464,0,150280871936,121114877952,0
1791595511.3780508,0.03966852091252804,51082047488,0,0,85017493504,50936193024,0,145854464,0,150337556480,121114877952,0
1791595511.5797112,0.04123629257082939,51142864896,0,0,85017493504,50997010432,0,145854464,0,150398234624,121114877952,0
1791595511.781269,0.042698320001363754,51205779456,0,0,85017493504,51059924992,0,145854464,0,150460809216,121114877952,0
1791595511.977838,0.03918673284351826,51270791168,0,0,85017493504,51124936704,0,145854464,0,150526058496,121114877952,0
1791595512.1770341,0.03830062039196491,51342094336,0,0,85017493504,51194142720,0,147951616,0,150597693440,121114877952,0
1791595512.3799114,0.0410978477448225,51419688960,0,0,85017493504,51269640192,0,150048768,0,150675636224,121114877952,0
1791595512.5787697,0.039876461029052734,51480506368,0,0,85017493504,51336749056,0,143757312,0,150736547840,121114877952,0
1791595512.7796302,0.04064943082630634,51526643712,0,0,85017493504,51382886400,0,143757312,0,150782771200,121114877952,0
1791595512.9799774,0.04090319760143757,51570683904,0,0,85017493504,51426926592,0,143757312,0,150826954752,121114877952,0
1791595513.181034,0.041876696050167084,51616821248,0,0,85017493504,51473063936,0,143757312,0,150872834048,121114877952,0
1791595513.3808265,0.04161806404590607,51662958592,0,0,85017493504,51519201280,0,143757312,0,150919258112,121114877952,0
1791595513.5811338,0.04183589108288288,51709095936,0,0,85017493504,51565338624,0,143757312,0,150965411840,121114877952,0
1791595513.7799237,0.040545372292399406,51753136128,0,0,85017493504,51609378816,0,143757312,0,151009517568,121114877952,0
1791595513.9771118,0.03765552304685116,51799273472,0,0,85017493504,51655516160,0,143757312,0,151056044032,121114877952,0
1791595514.180255,0.04071570001542568,51845410816,0,0,85017493504,51701653504,0,143757312,0,151102255104,121114877952,0
1791595514.381668,0.042046790942549706,51891548160,0,0,85017493504,51745693696,0,145854464,0,151148486656,121114877952,0
1791595514.5824323,0.042726073414087296,51935592448,0,0,85017493504,51791831040,0,143761408,0,151194484736,121114877952,0
1791595514.7801216,0.04030974023044109,51981729792,0,0,85017493504,51837968384,0,143761408,0,151238508544,121114877952,0
1791595514.9808142,0.04089532606303692,52029964288,0,0,85017493504,51886202880,0,143761408,0,151286845440,121114877952,0
1791595515.1805856,0.04057718999683857,52076101632,0,0,85017493504,51932340224,0,143761408,0,151333339136,121114877952,0
1791595515.379762,0.03967004269361496,52122238976,0,0,85017493504,51978477568,0,143761408,0,151379550208,121114877952,0
1791595515.5834692,0.04325301945209503,52168388608,0,0,85017493504,52024614912,0,143773696,0,151425851392,121114873856,0
1791595515.7843127,0.044000521302223206,52214525952,0,0,85017493504,52070752256,0,143773696,0,151472443392,121114873856,0
1791595515.9843493,0.04395216144621372,52262760448,0,0,85017493504,52116889600,0,145870848,0,151520829440,121114873856,0
1791595516.181228,0.040749894455075264,52306800640,0,0,85017493504,52163026944,0,143773696,0,151564959744,121114873856,0
1791595516.3796625,0.03910174034535885,52350840832,0,0,85017493504,52209164288,0,141676544,0,151608827904,121114873856,0
1791595516.5809138,0.04026989825069904,52399075328,0,0,85017493504,52255301632,0,143773696,0,151657066496,121114873856,0
1791595516.781204,0.04048114828765392,52445212672,0,0,85017493504,52299341824,0,145870848,0,151703564288,121114873856,0
1791595516.9796505,0.03884652256965637,52487155712,0,0,85017493504,52343382016,0,143773696,0,151745626112,121114873856,0
1791595517.1821547,0.04125095345079899,52531195904,0,0,85017493504,52387422208,0,143773696,0,151789244416,121114873856,0
1791595517.3809738,0.03998622111976147,52575236096,0,0,85017493504,52431462400,0,143773696,0,151833382912,121114873856,0
1791595517.5821095,0.041039759293198586,52617179136,0,0,85017493504,52473405440,0,143773696,0,151875350528,121114873856,0
1791595517.7799277,0.038777077570557594,52661219328,0,0,85017493504,52517445632,0,143773696,0,151919484928,121114873856,0
1791595517.9806588,0.03942460939288139,52705259520,0,0,85017493504,52561485824,0,143773696,0,151963414528,121114873856,0
1791595518.1804142,0.03909893520176411,52747202560,0,0,85017493504,52603428864,0,143773696,0,152005689344,121114873856,0
1791595518.3791652,0.03776976466178894,52791242752,0,0,85017493504,52647469056,0,143773696,0,152049819648,121114873856,0
1791595518.5836637,0.0421846155077219,52837380096,0,0,85017493504,52693606400,0,143773696,0,152095879168,121114873856,0
1791595518.7834647,0.04190501198172569,52881420288,0,0,85017493504,52737646592,0,143773696,0,152142622720,121114873856,0
1791595518.9828405,0.041200246661901474,52927557632,0,0,85017493504,52783783936,0,143773696,0,152186191872,121114873856,0
1791595519.1807446,0.03902455419301987,52971597824,0,0,85017493504,52827824128,0,143773696,0,152230330368,121114873856,0
1791595519.3833587,0.041531775146722794,53013540864,0,0,85017493504,52871864320,0,141676544,0,152272650240,121114873856,0
1791595519.584113,0.04219267889857292,53057581056,0,0,85017493504,52913807360,0,143773696,0,152316661760,121114873856,0
1791595519.783453,0.04144973307847977,53099524096,0,0,85017493504,52957847552,0,141676544,0,152358387712,121114873856,0
1791595519.9828079,0.04072316363453865,53143564288,0,0,85017493504,52999790592,0,143773696,0,152402530304,121114873856,0
1791595520.1824968,0.040329983457922935,53187604480,0,0,85017493504,53043830784,0,143773696,0,152446660608,121114873856,0
1791595520.3814633,0.03921419754624367,53229547520,0,0,85017493504,53085773824,0,143773696,0,152488693760,121114873856,0
1791595520.5850291,0.04269988648593426,53271490560,0,0,85017493504,53127716864,0,143773696,0,152531116032,121114873856,0
1791595520.787846,0.04541616514325142,53317627904,0,0,85017493504,53171757056,0,145870848,0,152577527808,121114873856,0
1791595520.9859793,0.04345879331231117,53361668096,0,0,85017493504,53217894400,0,143773696,0,152621559808,121114873856,0
1791595521.1878998,0.04528607241809368,53403611136,0,0,85017493504,53259837440,0,143773696,0,152663769088,121114873856,0
1791595521.3863375,0.04364304058253765,53445554176,0,0,85017493504,53301780480,0,143773696,0,152705421312,121114873856,0
1791595521.5838943,0.04110914655029774,53489594368,0,0,85017493504,53345820672,0,143773696,0,152749748224,121114873856,0
1791595521.7829895,0.0401243232190609,53531537408,0,0,85017493504,53387763712,0,143773696,0,152791781376,121114873856,0
1791595521.984556,0.041610753163695335,53573480448,0,0,85017493504,53429706752,0,143773696,0,152834052096,121114918912,0
1791595522.1880133,0.04497913643717766,53621714944,0,0,85017493504,53477941248,0,143773696,0,152882372608,121114918912,0
1791595522.3859715,0.04285816475749016,53667852288,0,0,85017493504,53524078592,0,143773696,0,152928595968,121114918912,0
1791595522.5837348,0.04054121486842632,53711892480,0,0,85017493504,53568118784,0,143773696,0,152972730368,121114918912,0
1791595522.7834182,0.04014064557850361,53755932672,0,0,85017493504,53612158976,0,143773696,0,153016594432,121114918912,0
1791595522.984251,0.04089273698627949,53799972864,0,0,85017493504,53656199168,0,143773696,0,153060163584,121114918912,0
1791595523.1844187,0.04098006896674633,53846110208,0,0,85017493504,53702336512,0,143773696,0,153106370560,121114918912,0
1791595523.3852963,0.04177725501358509,53890150400,0,0,85017493504,53746376704,0,143773696,0,153150423040,121114918912,0
1791595523.5861392,0.04253984987735748,53936287744,0,0,85017493504,53792514048,0,143773696,0,153196912640,121114918912,0
1791595523.7871664,0.04348462261259556,53980327936,0,0,85017493504,53836554240,0,143773696,0,153241317376,121114918912,0
1791595523.9862032,0.042442455887794495,54024368128,0,0,85017493504,53878497280,0,145870848,0,153285447680,121114918912,0
1791595524.1891599,0.04531028866767883,54068408320,0,0,85017493504,53924634624,0,143773696,0,153331679232,121114918912,0
1791595524.3854575,0.041524991393089294,54110351360,0,0,85017493504,53966577664,0,143773696,0,153371774976,121114918912,0
1791595524.5840616,0.040047986432909966,54154391552,0,0,85017493504,54010617856,0,143773696,0,153415360512,121114918912,0
1791595524.7836308,0.03953764773905277,54200528896,0,0,85017493504,54056755200,0,143773696,0,153461805056,121114918912,0
1791595524.9849086,0.04073671996593475,54244569088,0,0,85017493504,54100795392,0,143773696,0,153505935360,121114918912,0
1791595525.185611,0.04135778360068798,54288609280,0,0,85017493504,54144835584,0,143773696,0,153550057472,121114918912,0
1791595525.385965,0.04163052327930927,54330552320,0,0,85017493504,54186778624,0,143773696,0,153592086528,121114918912,0
1791595525.584659,0.04024403356015682,54374592512,0,0,85017493504,54230818816,0,143773696,0,153636540416,121114918912,0
1791595525.7849276,0.04043175093829632,54420729856,0,0,85017493504,54276956160,0,143773696,0,153682452480,121114918912,0
1791595525.9819815,0.037399863824248314,54466867200,0,0,85017493504,54323093504,0,143773696,0,153728921600,121114918912,0
1791595526.1832762,0.03861205838620663,54510907392,0,0,85017493504,54369230848,0,141676544,0,153773056000,121114873856,0
1791595526.3828297,0.038085268810391426,54557044736,0,0,85017493504,54413271040,0,143773696,0,153819283456,121114873856,0
1791595526.5825326,0.0377089437097311,54603182080,0,0,85017493504,54461505536,0,141676544,0,153865781248,121114873856,0
1791595526.784926,0.04002280533313751,54647222272,0,0,85017493504,54503448576,0,143773696,0,153909899264,121114873856,0
1791595526.9832346,0.03825167566537857,54691262464,0,0,85017493504,54547488768,0,143773696,0,153954033664,121114873856,0
1791595527.18294,0.037877120077610016,54739496960,0,0,85017493504,54595723264,0,143773696,0,154001899520,121114873856,0
1791595527.3826394,0.03749728016555309,54783537152,0,0,85017493504,54641860608,0,141676544,0,154045763584,121114873856,0
1791595527.5839238,0.03870024532079697,54831771648,0,0,85017493504,54687997952,0,143773696,0,154093928448,121114873856,0
1791595527.7835467,0.038241416215896606,54875811840,0,0,85017493504,54732038144,0,143773696,0,154138329088,121114873856,0
1791595527.9827344,0.03735081106424332,54921949184,0,0,85017493504,54780272640,0,141676544,0,154186657792,121114873856,0
1791595528.183008,0.03754471242427826,54968086528,0,0,85017493504,54826409984,0,141676544,0,154230534144,121114873856,0
1791595528.3835475,0.038003142923116684,55014223872,0,0,85017493504,54872547328,0,141676544,0,154277027840,121114873856,0
1791595528.582288,0.03666359931230545,55060361216,0,0,85017493504,54918684672,0,141676544,0,154323259392,121114873856,0
1791595528.7840137,0.03830837272107601,55106498560,0,0,85017493504,54962724864,0,143773696,0,154369486848,121114873856,0
1791595528.9834478,0.037662236019968987,55152635904,0,0,85017493504,55008862208,0,143773696,0,154415710208,121114873856,0
1791595529.1837432,0.03787603974342346,55198773248,0,0,85017493504,55054999552,0,143773696,0,154461696000,121114873856,0
1791595529.383657,0.03770996443927288,55242813440,0,0,85017493504,55101136896,0,141676544,0,154507927552,121114873856,0
1791595529.5850887,0.039052875712513924,55288950784,0,0,85017493504,55147274240,0,141676544,0,154552176640,121114873856,0
1791595529.783044,0.03692793473601341,55335088128,0,0,85017493504,55193411584,0,141676544,0,154598133760,121114873856,0
1791595529.9835365,0.037339234724640846,55381225472,0,0,85017493504,55237451776,0,143773696,0,154644226048,121114873856,0
1791595530.1831124,0.03683669492602348,55427362816,0,0,85017493504,55283589120,0,143773696,0,154690449408,121114873856,0
1791595530.3841007,0.03774588368833065,55473500160,0,0,85017493504,55329726464,0,143773696,0,154736934912,121114873856,0
1791595530.5836902,0.03725377656519413,55519637504,0,0,85017493504,55375863808,0,143773696,0,154783490048,121114873856,0
1791595530.7870824,0.04056641086935997,55565774848,0,0,85017493504,55422001152,0,143773696,0,154829991936,121114873856,0
1791595530.9896643,0.04305822402238846,55609815040,0,0,85017493504,55466041344,0,143773696,0,154874028032,121114873856,0
1791595531.1879675,0.04128072038292885,55649660928,0,0,85017493504,55505887232,0,143773696,0,154913923072,121114873856,0
1791595531.3868995,0.04013138450682163,55689506816,0,0,85017493504,55545733120,0,143773696,0,154954121216,121114873856,0
1791595531.5856528,0.038804516196250916,55733547008,0,0,85017493504,55589773312,0,143773696,0,154997985280,121114873856,0
1791595531.7855854,0.03865339420735836,55779684352,0,0,85017493504,55635910656,0,143773696,0,155044216832,121114873856,0
1791595531.985603,0.03859112225472927,55823724544,0,0,85017493504,55682048000,0,141676544,0,155090182144,121114873856,0
1791595532.1852512,0.03815583698451519,55869861888,0,0,85017493504,55728185344,0,141676544,0,155133939712,121114873856,0
1791595532.3855755,0.03836367093026638,55915999232,0,0,85017493504,55772225536,0,143773696,0,155180167168,121114873856,0
1791595532.5850089,0.03771638311445713,55960039424,0,0,85017493504,55818362880,0,141676544,0,155226398720,121114873856,0
1791595532.7870865,0.03970951773226261,56006176768,0,0,85017493504,55862403072,0,143773696,0,155272622080,121114873856,0
1791595532.9870532,0.039595743641257286,56054411264,0,0,85017493504,55910637568,0,143773696,0,155318853632,121114873856,0
1791595533.1852257,0.037688810378313065,56098451456,0,0,85017493504,55954677760,0,143773696,0,155362971648,121114873856,0
1791595533.3864625,0.03883271478116512,56142491648,0,0,85017493504,55998717952,0,143773696,0,155407286272,121114873856,0
1791595533.57804,0.030294887721538544,56184434688,0,0,85017493504,56042758144,0,141676544,0,155448926208,121114873856,0
1791595533.7765343,0.02872808463871479,56230572032,0,0,85017493504,56086798336,0,143773696,0,155495424000,121114873856,0
1791595533.9877965,0.039906350895762444,56276709376,0,0,85017493504,56132935680,0,143773696,0,155543736320,121114873856,0
1791595534.1875918,0.039617085829377174,56322846720,0,0,85017493504,56179073024,0,143773696,0,155587596288,121114873856,0
1791595534.387676,0.039615971967577934,56368984064,0,0,85017493504,56227307520,0,141676544,0,155636191232,121114873856,0
1791595534.5885296,0.04038170725107193,56417218560,0,0,85017493504,56273444864,0,143773696,0,155682402304,121114873856,0
1791595534.789315,0.04108515568077564,56463355904,0,0,85017493504,56319582208,0,143773696,0,155728629760,121114873856,0
1791595534.9905846,0.042260944843292236,56507396096,0,0,85017493504,56363622400,0,143773696,0,155772747776,121114873856,0
1791595535.187237,0.03883110359311104,56549339136,0,0,85017493504,56405565440,0,143773696,0,155815038976,121114873856,0
1791595535.387037,0.03854953683912754,56591282176,0,0,85017493504,56449605632,0,141676544,0,155857047552,121114873856,0
1791595535.5871441,0.038572728633880615,56633225216,0,0,85017493504,56489451520,0,143773696,0,155899396096,121114873856,0
1791595535.788557,0.03989803604781628,56675168256,0,0,85017493504,56533491712,0,141676544,0,155941163008,121114873856,0
1791595535.9894986,0.04075767286121845,56721305600,0,0,85017493504,56577531904,0,143773696,0,155987361792,121114873856,0
1791595536.1878219,0.038996538147330284,56761151488,0,0,85017493504,56617377792,0,143773696,0,156027228160,121114873856,0
1791595536.3898647,0.040955811738967896,56805191680,0,0,85017493504,56661417984,0,143773696,0,156071358464,121114873856,0
1791595536.591157,0.04216391779482365,56847134720,0,0,85017493504,56705458176,0,141676544,0,156113707008,121114873856,0
1791595536.788688,0.039611173793673515,56886980608,0,0,85017493504,56745304064,0,141676544,0,156153597952,121114873856,0
1791595536.9887528,0.039591724053025246,56926826496,0,0,85017493504,56785149952,0,141676544,0,156195606528,121114873856,0
1791595537.1884127,0.03916705958545208,56966672384,0,0,85017493504,56824995840,0,141676544,0,156233166848,121114873856,0
1791595537.39126,0.041933828964829445,57010712576,0,0,85017493504,56866938880,0,143773696,0,156277317632,121114873856,0
1791595537.5888867,0.03947793319821358,57052655616,0,0,85017493504,56910979072,0,141676544,0,156319322112,121114873856,0
1791595537.7920017,0.04250721447169781,57096695808,0,0,85017493504,56952922112,0,143773696,0,156363452416,121114873856,0
1791595537.9902902,0.040713826194405556,57138638848,0,0,85017493504,56994865152,0,143773696,0,156405657600,121114873856,0
1791595538.1889133,0.039252208545804024,57182679040,0,0,85017493504,57038905344,0,143773696,0,156449521664,121114873856,0
1791595538.3889453,0.03919784352183342,57224622080,0,0,85017493504,57080848384,0,143773696,0,156491554816,121114873856,0
1791595538.5909636,0.041132353246212006,57266565120,0,0,85017493504,57122791424,0,143773696,0,156533850112,121114873856,0
1791595538.7886105,0.03869619406759739,57308508160,0,0,85017493504,57166831616,0,141676544,0,156577722368,121114873856,0
1791595538.989865,0.039865436032414436,57350451200,0,0,85017493504,57206677504,0,143773696,0,156617658368,121114873856,0
1791595539.1886005,0.038519104942679405,57392394240,0,0,85017493504,57250717696,0,141676544,0,156661788672,121114873856,0
1791595539.389079,0.03891278617084026,57436434432,0,0,85017493504,57292660736,0,143773696,0,156704002048,121114873856,0
1791595539.5883121,0.03806374780833721,57478377472,0,0,85017493504,57334603776,0,143773696,0,156745756672,121114873856,0
1791595539.7905457,0.0402099434286356,57520320512,0,0,85017493504,57376546816,0,143773696,0,156788043776,121114873856,0
1791595539.99032,0.0398703683167696,57562267648,0,0,85017493504,57418489856,0,143777792,0,156830212096,121114873856,0
1791595540.1888847,0.03835197910666466,57606307840,0,0,85017493504,57462530048,0,143777792,0,156874047488,121114873856,0
1791595540.3929918,0.042364802211523056,57648250880,0,0,85017493504,57504473088,0,143777792,0,156915974144,121114873856,0
1791595540.5922964,0.04157962650060654,57690193920,0,0,85017493504,57546416128,0,143777792,0,156958367744,121114873856,0
1791595540.7952511,0.04445122182369232,57734234112,0,0,85017493504,57590456320,0,143777792,0,157002498048,121114873856,0
1791595540.995821,0.04492125101387501,57778286592,0,0,85017493504,57634496512,0,143790080,0,157046890496,121114873856,0
1791595541.192804,0.04181596450507641,57820229632,0,0,85017493504,57676439552,0,143790080,0,157088948224,121114873856,0
1791595541.3922877,0.04121572524309158,57864269824,0,0,85017493504,57720479744,0,143790080,0,157132890112,121114873856,0
1791595541.5917885,0.04062512144446373,57906212864,0,0,85017493504,57762422784,0,143790080,0,157174927360,121114873856,0
1791595541.7921157,0.04086450673639774,57950253056,0,0,85017493504,57806462976,0,143790080,0,157219323904,121114873856,0
1791595541.9917133,0.040379686281085014,57992196096,0,0,85017493504,57848406016,0,143790080,0,157261262848,121114873856,0
1791595542.1906376,0.03921903297305107,58034139136,0,0,85017493504,57890349056,0,143790080,0,157303296000,121114873856,0
1791595542.3925965,0.041095633059740067,58078179328,0,0,85017493504,57934389248,0,143790080,0,157347536896,121114873856,0
1791595542.5924873,0.04090224206447601,58120122368,0,0,85017493504,57978429440,0,141692928,0,157391388672,121114873856,0
1791595542.7916667,0.03999794460833073,58164162560,0,0,85017493504,58020372480,0,143790080,0,157433417728,121114873856,0
1791595542.9909997,0.03924923948943615,58208202752,0,0,85017493504,58064412672,0,143790080,0,157477810176,121114873856,0
1791595543.189779,0.03794783167541027,58250145792,0,0,85017493504,58106355712,0,143790080,0,157519581184,121114873856,0
1791595543.391925,0.04000997915863991,58292088832,0,0,85017493504,58148298752,0,143790080,0,157561528320,121114873856,0
1791595543.5926518,0.04065136983990669,58336129024,0,0,85017493504,58192338944,0,143790080,0,157605273600,121114873856,0
1791595543.7898996,0.037818023934960365,58378072064,0,0,85017493504,58234281984,0,143790080,0,157647564800,121114873856,0
1791595543.9927304,0.0405656099319458,58422112256,0,0,85017493504,58278322176,0,143790080,0,157691359232,121114873856,0
1791595544.1910305,0.03878263384103775,58464055296,0,0,85017493504,58322362368,0,141692928,0,157733388288,121114873856,0
1791595544.3907883,0.03845726698637009,58508095488,0,0,85017493504,58364305408,0,143790080,0,157777776640,121114873856,0
1791595544.592558,0.04014392010867596,58552135680,0,0,85017493504,58408345600,0,143790080,0,157822177280,121114873856,0
1791595544.7914767,0.03898470476269722,58596175872,0,0,85017493504,58452385792,0,143790080,0,157865799680,121114873856,0
1791595544.9905887,0.03801436349749565,58638118912,0,0,85017493504,58496425984,0,141692928,0,157907918848,121114873856,0
1791595545.189886,0.03723200410604477,58680061952,0,0,85017493504,58536271872,0,143790080,0,157949947904,121114873856,0
1791595545.3935091,0.040774980559945107,58726199296,0,0,85017493504,58582409216,0,143790080,0,157996183552,121114873856,0
1791595545.593449,0.04063260182738304,58772336640,0,0,85017493504,58628546560,0,143790080,0,158042701824,121114869760,0
1791595545.7930477,0.04014599695801735,58818473984,0,0,85017493504,58674683904,0,143790080,0,158088781824,121114869760,0
1791595545.993383,0.04039467312395573,58864611328,0,0,85017493504,58720821248,0,143790080,0,158135009280,121114869760,0
1791595546.1920223,0.03895146586000919,58917040128,0,0,85017493504,58773250048,0,143790080,0,158187778048,121114869760,0
1791595546.391073,0.03792049176990986,58969468928,0,0,85017493504,58823581696,0,145887232,0,158240296960,121114869760,0
1791595546.5921085,0.03887240029871464,59023994880,0,0,85017493504,58878107648,0,145887232,0,158294880256,121114869760,0
1791595546.7941983,0.04087534733116627,59080617984,0,0,85017493504,58934730752,0,145887232,0,158351577088,121114869760,0
1791595546.9920034,0.03859858959913254,59139338240,0,0,85017493504,58993451008,0,145887232,0,158410391552,121114869760,0
1791595547.1926768,0.039189424365758896,59202252800,0,0,85017493504,59058462720,0,143790080,0,158473400320,121114869760,0
1791595547.39095,0.03738115169107914,59271458816,0,0,85017493504,59125571584,0,145887232,0,158542692352,121114869760,0
1791595547.5927813,0.03913217782974243,59344859136,0,0,85017493504,59196874752,0,147984384,0,158616416256,121114869760,0
1791595547.7957053,0.041970254853367805,59422453760,0,0,85017493504,59272372224,0,150081536,0,158694170624,121114869760,0
1791595547.9940715,0.04025513119995594,59468591104,0,0,85017493504,59324801024,0,143790080,0,158740398080,121114869760,0
1791595548.1963787,0.04247111640870571,59512631296,0,0,85017493504,59368841216,0,143790080,0,158784790528,121114869760,0
1791595548.395722,0.04172811284661293,59554574336,0,0,85017493504,59410784256,0,143790080,0,158826803200,121114869760,0
1791595548.595657,0.04157623089849949,59598614528,0,0,85017493504,59452727296,0,145887232,0,158870540288,121114869760,0
1791595548.797306,0.04313482344150543,59642654720,0,0,85017493504,59496767488,0,145887232,0,158914502656,121114869760,0
1791595548.999218,0.044986115768551826,59686694912,0,0,85017493504,59540807680,0,145887232,0,158959009792,121114869760,0
1791595549.2017832,0.047445908188819885,59728637952,0,0,85017493504,59584847872,0,143790080,0,159001030656,121114869760,0
1791595549.3975074,0.043087542057037354,59770580992,0,0,85017493504,59626790912,0,143790080,0,159042695168,121114869760,0
1791595549.595011,0.04050665535032749,59814621184,0,0,85017493504,59670831104,0,143790080,0,159087079424,121114869760,0
1791595549.7976964,0.0430928822606802,59858661376,0,0,85017493504,59714871296,0,143790080,0,159131422720,121114869760,0
1791595549.9932048,0.03851786628365517,59900604416,0,0,85017493504,59756814336,0,143790080,0,159173181440,121114869760,0
1791595550.1963143,0.04154199734330177,59942547456,0,0,85017493504,59800854528,0,141692928,0,159217037312,121114869760,0
1791595550.3935795,0.03872518986463547,59988684800,0,0,85017493504,59844894720,0,143790080,0,159261687808,121114869760,0
1791595550.5945632,0.03962701931595802,60030627840,0,0,85017493504,59886837760,0,143790080,0,159303782400,121114869760,0
1791595550.7949023,0.039879804477095604,60074668032,0,0,85017493504,59930877952,0,143790080,0,159347769344,121114869760,0
1791595550.9957438,0.04063939116895199,60118708224,0,0,85017493504,59974918144,0,143790080,0,159392169984,121114869760,0
1791595551.1938348,0.038615887984633446,60162748416,0,0,85017493504,60018958336,0,143790080,0,159436300288,121114869760,0
1791595551.3949423,0.039641326293349266,60206788608,0,0,85017493504,60062998528,0,143790080,0,159480209408,121114869760,0
1791595551.5953906,0.04000677727162838,60250828800,0,0,85017493504,60107038720,0,143790080,0,159523713024,121114869760,0
1791595551.795585,0.040116867050528526,60292771840,0,0,85017493504,60148981760,0,143790080,0,159565369344,121114869760,0
1791595551.9958518,0.040303509682416916,60334714880,0,0,85017493504,60190924800,0,143790080,0,159607402496,121114869760,0
1791595552.1952415,0.03961065597832203,60376657920,0,0,85017493504,60234964992,0,141692928,0,159649701888,121114869760,0
1791595552.3964133,0.04070120118558407,60420698112,0,0,85017493504,60276908032,0,143790080,0,159693832192,121114869760,0
1791595552.5949576,0.039161769673228264,60462641152,0,0,85017493504,60318851072,0,143790080,0,159735869440,121114869760,0
1791595552.7991464,0.04325021989643574,60504584192,0,0,85017493504,60360794112,0,143790080,0,159778025472,121114869760,0
1791595553.0035753,0.04758801683783531,60548624384,0,0,85017493504,60404834304,0,143790080,0,159822422016,121114869760,0
1791595553.2000034,0.04393142834305763,60592664576,0,0,85017493504,60448874496,0,143790080,0,159866548224,121114869760,0
1791595553.3964827,0.040328387171030045,60634607616,0,0,85017493504,60490817536,0,143790080,0,159908843520,121114869760,0
1791595553.59801,0.041772687807679176,60678647808,0,0,85017493504,60534857728,0,143790080,0,159952556032,121114869760,0
1791595553.7973068,0.04098476842045784,60722688000,0,0,85017493504,60578897920,0,143790080,0,159996313600,121114869760,0
1791595553.9969728,0.04056892357766628,60766728192,0,0,85017493504,60622938112,0,143790080,0,160040706048,121114869760,0
1791595554.1957083,0.0392219927161932,60808671232,0,0,85017493504,60666978304,0,141692928,0,160082726912,121114869760,0
1791595554.3974814,0.040912410244345665,60850614272,0,0,85017493504,60706824192,0,143790080,0,160124502016,121114869760,0
1791595554.5988948,0.04224138334393501,60888363008,0,0,85017493504,60746670080,0,141692928,0,160164356096,121114869760,0
1791595554.801255,0.044512925669550896,60930306048,0,0,85017493504,60786515968,0,143790080,0,160204288000,121114869760,0
1791595554.9985929,0.0417662151157856,60968054784,0,0,85017493504,60826361856,0,141692928,0,160242384896,121114869760,0
1791595555.1967897,0.03988149203360081,61012094976,0,0,85017493504,60868304896,0,143790080,0,160286752768,121114869760,0
1791595555.3968096,0.03981847129762173,61056135168,0,0,85017493504,60912345088,0,143790080,0,160330878976,121114869760,0
1791595555.5969064,0.039830392226576805,61100175360,0,0,85017493504,60956385280,0,143790080,0,160375238656,121114869760,0
1791595555.796299,0.039139149710536,61144215552,0,0,85017493504,61000425472,0,143790080,0,160419368960,121114869760,0
1791595555.9968967,0.0396555420011282,61188255744,0,0,85017493504,61044465664,0,143790080,0,160463507456,121114869760,0
1791595556.1962464,0.038923729211091995,61228101632,0,0,85017493504,61084311552,0,143790080,0,160503439360,121114869760,0
1791595556.4012754,0.043864402920007706,61267947520,0,0,85017493504,61124157440,0,143790080,0,160543277056,121114869760,0
1791595556.6039329,0.04640179127454758,61309890560,0,0,85017493504,61166100480,0,143790080,0,160585568256,121114869760,0
1791595556.8001115,0.042476000264286995,61351833600,0,0,85017493504,61208043520,0,143790080,0,160627482624,121114869760,0
1791595557.006003,0.04825399070978165,61395873792,0,0,85017493504,61252083712,0,143790080,0,160671612928,121114869760,0
1791595557.205901,0.04803836904466152,61439913984,0,0,85017493504,61296123904,0,143790080,0,160715767808,121114869760,0
1791595557.4030185,0.04507200978696346,61481857024,0,0,85017493504,61338066944,0,143790080,0,160757530624,121114869760,0
1791595557.5985298,0.04050100035965443,61525897216,0,0,85017493504,61382107136,0,143790080,0,160801394688,121114869760,0
1791595558.0246851,0.26657124795019627,61533896704,0,1048576,85017493504,61394685952,0,140259328,0,160801878016,121114861568,0
1791595558.0787253,0.05372164770960808,61551677440,0,23068672,84995473408,61394685952,0,180060160,0,160803274752,121114861568,0
1791595558.272142,0.047054752707481384,61581545472,0,61740154880,23278387200,61394685952,61394690560,532323840,0,160819486720,121114857472,0
1791595558.4719453,0.0467729140073061,61581545472,0,61740154880,23278387200,61394685952,61394690560,532323840,0,160819572736,121114857472,0
1791595558.6728086,0.04755104333162308,61581545472,0,61740154880,23278387200,61394685952,61394690560,532323840,0,160819662848,121114857472,0
1791595558.881106,0.05576949194073677,61581545472,0,61740154880,23278387200,61394685952,61394690560,532323840,0,160820023296,121114857472,0
1791595559.0816016,0.05615685693919659,61581545472,0,61740154880,23278387200,61394685952,61394690560,532323840,0,160820625408,121114857472,0
1791595559.2754185,0.0498926006257534,61581545472,0,61740154880,23278387200,61394685952,61394690560,532323840,0,160820211712,121114857472,0
1791595559.4791408,0.053534772247076035,61581545472,0,61740154880,23278387200,61394685952,61394690560,532323840,0,160820281344,121114857472,0
1791595559.680313,0.054596446454524994,61581545472,0,61740154880,23278387200,61394685952,61394690560,532323840,0,160820334592,121114857472,0
1791595559.879685,0.0538843497633934,61581545472,0,61740154880,23278387200,61394685952,61394690560,532323840,0,160820191232,121114857472,0
1791595560.0845404,0.058627188205718994,61581545472,0,61740154880,23278387200,61394685952,61394690560,532323840,0,160820047872,121114857472,0
1791595560.276382,0.05038663372397423,61581545472,0,61740154880,23278387200,61394685952,61394690560,532323840,0,160820113408,121114857472,0
1791595560.4765708,0.050495630130171776,61581545472,0,61740154880,23278387200,61394685952,61394690560,532323840,0,160820162560,121114857472,0
1791595560.6780326,0.05187339335680008,61581545472,0,61740154880,23278387200,61394685952,61394690560,532323840,0,160820248576,121114857472,0
1791595560.8746758,0.048435697332024574,61581545472,0,61740154880,23278387200,61394685952,61394690560,532323840,0,160820305920,121114857472,0
1791595561.0742495,0.04792788811028004,61581545472,0,61740154880,23278387200,61394685952,61394690560,532323840,0,160820326400,121114857472,0
1791595561.2798393,0.053432224318385124,61581545472,0,61740154880,23278387200,61394685952,61394690560,532323840,0,160819965952,121114857472,0
1791595561.4871945,0.060682374984025955,61581545472,0,61740154880,23278387200,61394685952,61394690560,532323840,0,160820015104,121114857472,0
1791595561.6845028,0.057884760200977325,61581545472,0,61740154880,23278387200,61394685952,61394690560,532323840,0,160819900416,121114857472,0
1791595561.8785865,0.051884761080145836,61581545472,0,61740154880,23278387200,61394685952,61394690560,532323840,0,160819949568,121114857472,0
1791595562.0759323,0.04914934001863003,61581545472,0,61740154880,23278387200,61394685952,61394690560,532323840,0,160820039680,121114857472,0
1791595562.274625,0.047758299857378006,61581545472,0,61740154880,23278387200,61394685952,61394690560,532323840,0,160820129792,121114857472,0
1791595562.4752262,0.04827977530658245,61581549568,0,61740154880,23278387200,61394685952,61394690560,532327936,0,160819953664,121114857472,0
1791595562.6794932,0.05246581882238388,61581549568,0,61740154880,23278387200,61394685952,61394690560,532327936,0,160820301824,121114857472,0
1791595562.88392,0.05678648315370083,61581549568,0,61740154880,23278387200,61394685952,61394690560,532327936,0,160820109312,121114857472,0
1791595563.0778987,0.0506849680095911,61581549568,0,61740154880,23278387200,61394685952,61394690560,532327936,0,160820203520,121114857472,0
1791595563.2760239,0.04872591979801655,61581549568,0,61740154880,23278387200,61394685952,61394690560,532327936,0,160820301824,121114857472,0
1791595563.4759405,0.04856001026928425,61581561856,0,61740154880,23278387200,61394685952,61394690560,532340224,0,160820117504,121114857472,0
1791595563.6754045,0.047945085912942886,61581561856,0,61740154880,23278387200,61394685952,61394690560,532340224,0,160820154368,121114857472,0
1791595563.8767962,0.04925217293202877,61581561856,0,61740154880,23278387200,61394685952,61394690560,532340224,0,160819994624,121114857472,0
1791595564.1007214,0.07309785485267639,61581561856,0,61740154880,23278387200,61394685952,61394690560,532340224,0,160819994624,121114857472,0
1791595564.302086,0.07437966763973236,61581561856,0,61740154880,23278387200,61394685952,61394690560,532340224,0,160819859456,121114857472,0
1791595564.4764771,0.048686813563108444,61581561856,0,61740154880,23278387200,61394685952,61394690560,532340224,0,160819531776,121114857472,0
1791595564.6766782,0.048805128782987595,61581561856,0,61740154880,23278387200,61394685952,61394690560,532340224,0,160819634176,121114857472,0
1791595564.8754766,0.04752073995769024,61581561856,0,61740154880,23278387200,61394685952,61394690560,532340224,0,160819699712,121114857472,0
1791595565.080408,0.05237114429473877,61581561856,0,61740154880,23278387200,61394685952,61394690560,532340224,0,160819470336,121114857472,0
1791595565.2850158,0.05686298757791519,61581561856,0,61740154880,23278387200,61394685952,61394690560,532340224,0,160819806208,121114857472,0
1791595565.4828618,0.05460073798894882,61581561856,0,61740154880,23278387200,61394685952,61394690560,532340224,0,160819875840,121114857472,0
1791595565.682076,0.053731443360447884,61581561856,0,61740154880,23278387200,61394685952,61394690560,532340224,0,160819957760,121114857472,0
1791595565.8783727,0.049946555867791176,61581561856,0,61740154880,23278387200,61394685952,61394690560,532340224,0,160819945472,121114857472,0
1791595566.0784612,0.04995526000857353,61581561856,0,61740154880,23278387200,61394685952,61394690560,532340224,0,160820019200,121114857472,0
1791595566.27951,0.050919292494654655,61581561856,0,61740154880,23278387200,61394685952,61394690560,532340224,0,160819855360,121114857472,0
1791595566.4791694,0.050497619435191154,61581561856,0,61740154880,23278387200,61394685952,61394690560,532340224,0,160819912704,121114857472,0
1791595566.6890953,0.06033195182681084,61581561856,0,61740154880,23278387200,61394685952,61394690560,532340224,0,160820178944,121114857472,0
1791595566.879796,0.05095070227980614,61581561856,0,61740154880,23278387200,61394685952,61394690560,532340224,0,160820137984,121114857472,0
1791595567.0778828,0.04895490221679211,61581561856,0,61740154880,23278387200,61394685952,61394690560,532340224,0,160820195328,121114857472,0
1791595567.277404,0.04839199595153332,61581561856,0,61740154880,23278387200,61394685952,61394690560,532340224,0,160820285440,121114857472,0
1791595567.476934,0.04784083366394043,61581561856,0,61740154880,23278387200,61394685952,61394690560,532340224,0,160820334592,121114857472,0
1791595567.677167,0.04799363575875759,61581561856,0,61740154880,23278387200,61394685952,61394690560,532340224,0,160819957760,121114857472,0
1791595567.8767722,0.04751455970108509,61581561856,0,61740154880,23278387200,61394685952,61394690560,532340224,0,160820051968,121114857472,0
1791595568.0793223,0.049985095858573914,61581561856,0,61740154880,23278387200,61394685952,61394690560,532340224,0,160820146176,121114857472,0
1791595568.2798803,0.0504609439522028,61581561856,0,61740154880,23278387200,61394685952,61394690560,532340224,0,160819822592,121114857472,0
1791595568.48112,0.051583996042609215,61581561856,0,61740154880,23278387200,61394685952,61394690560,532340224,0,160819904512,121114857472,0
1791595568.6821573,0.052536772564053535,61581561856,0,61740154880,23278387200,61394685952,61394690560,532340224,0,160819888128,121114857472,0
1791595568.8792531,0.049551788717508316,61581561856,0,61740154880,23278387200,61394685952,61394690560,532340224,0,160819961856,121114857472,0
1791595569.0794957,0.049713706597685814,61581561856,0,61740154880,23278387200,61394685952,61394690560,532340224,0,160820035584,121114857472,0
1791595569.278108,0.04824352078139782,61581561856,0,61740154880,23278387200,61394685952,61394690560,532340224,0,160819843072,121114857472,0
1791595569.4826806,0.052734652534127235,61581561856,0,61740154880,23278387200,61394685952,61394690560,532340224,0,160819937280,121114857472,0
1791595569.6787982,0.04877234622836113,61581561856,0,61740154880,23278387200,61394685952,61394690560,532340224,0,160820011008,121114857472,0
1791595569.8780363,0.047929178923368454,61581561856,0,61740154880,23278387200,61394685952,61394690560,532340224,0,160820072448,121114857472,0
1791595570.080818,0.05059630982577801,61581561856,0,61740154880,23278387200,61394685952,61394690560,532340224,0,160819937280,121114857472,0
1791595570.2794542,0.049151621758937836,61581561856,0,61740154880,23278387200,61394685952,61394690560,532340224,0,160819949568,121114857472,0
1791595570.4805639,0.050182413309812546,61581561856,0,61740154880,23278387200,61394685952,61394690560,532340224,0,160820133888,121114857472,0
1791595570.6786985,0.04823542572557926,61581561856,0,61740154880,23278387200,61394685952,61394690560,532340224,0,160819978240,121114857472,0
1791595570.8785365,0.047991931438446045,61581561856,0,61740154880,23278387200,61394685952,61394690560,532340224,0,160819982336,121114857472,0
1791595571.0796993,0.04907459206879139,61581561856,0,61740154880,23278387200,61394685952,61394690560,532340224,0,160820076544,121114857472,0
1791595571.2834425,0.05273795872926712,61581561856,0,61740154880,23278387200,61394685952,61394690560,532340224,0,160819961856,121114857472,0
1791595571.4881725,0.05735376104712486,61581561856,0,61740154880,23278387200,61394685952,61394690560,532340224,0,160820137984,121114857472,0
1791595571.6826558,0.051756247878074646,61581561856,0,61740154880,23278387200,61394685952,61394690560,532340224,0,160820154368,121114857472,0
1791595571.8794458,0.04846515133976936,61581561856,0,61740154880,23278387200,61394685952,61394690560,532340224,0,160820146176,121114857472,0
1791595572.0796359,0.04857353866100311,61581561856,0,61740154880,23278387200,61394685952,61394690560,532340224,0,160819916800,121114857472,0
1791595572.2817998,0.050654370337724686,61581561856,0,61740154880,23278387200,61394685952,61394690560,532340224,0,160819769344,121114857472,0
1791595572.4817367,0.050509147346019745,61581561856,0,61740154880,23278387200,61394685952,61394690560,532340224,0,160819867648,121114857472,0
1791595572.6811562,0.049838827922940254,61581561856,0,61740154880,23278387200,61394685952,61394690560,532340224,0,160819601408,121114857472,0
1791595572.8798876,0.048490455374121666,61581561856,0,61740154880,23278387200,61394685952,61394690560,532340224,0,160819527680,121114857472,0
1791595573.078343,0.04686570353806019,61581561856,0,61740154880,23278387200,61394685952,61394690560,532340224,0,160819621888,121114857472,0
1791595573.2797637,0.048207370564341545,61581561856,0,61740154880,23278387200,61394685952,61394690560,532340224,0,160819417088,121114857472,0
1791595573.4788706,0.047232577577233315,61581561856,0,61740154880,23278387200,61394685952,61394690560,532340224,0,160819494912,121114857472,0
1791595573.6774774,0.04575792886316776,61581561856,0,61740154880,23278387200,61394685952,61394690560,532340224,0,160819322880,121114857472,0
1791595573.8854616,0.05366113409399986,61581561856,0,61740154880,23278387200,61394685952,61394690560,532340224,0,160819367936,121114857472,0
1791595574.08843,0.05652153491973877,61581561856,0,61740154880,23278387200,61394685952,61394690560,532340224,0,160819720192,121114857472,0
1791595574.282692,0.050702206790447235,61581561856,0,61740154880,23278387200,61394685952,61394690560,532340224,0,160819822592,121114857472,0
1791595574.484233,0.052163777872920036,61581561856,0,61740154880,23278387200,61394685952,61394690560,532340224,0,160819871744,121114857472,0
1791595574.6886246,0.05640650354325771,61581561856,0,61740154880,23278387200,61394685952,61394690560,532340224,0,160819884032,121114857472,0
1791595574.8887382,0.05641488544642925,61581561856,0,61740154880,23278387200,61394685952,61394690560,532340224,0,160819793920,121114857472,0
1791595575.08864,0.05622905679047108,61581561856,0,61740154880,23278387200,61394685952,61394690560,532340224,0,160819884032,121114857472,0
1791595575.2856119,0.05311804078519344,61581561856,0,61740154880,23278387200,61394685952,61394690560,532340224,0,160819978240,121114857472,0
1791595575.483382,0.05080827884376049,61581561856,0,61740154880,23278387200,61394685952,61394690560,532340224,0,160819929088,121114853376,0
1791595575.6839902,0.0513341911137104,61581561856,0,61740154880,23278387200,61394685952,61394690560,532340224,0,160819957760,121114853376,0
1791595575.8848946,0.0521557554602623,61581561856,0,61740154880,23278387200,61394685952,61394690560,532340224,0,160819806208,121114853376,0
1791595576.0847445,0.051924142986536026,61581561856,0,61740154880,23278387200,61394685952,61394690560,532340224,0,160819879936,121114853376,0
1791595576.285234,0.05233262851834297,61581561856,0,61740154880,23278387200,61394685952,61394690560,532340224,0,160819974144,121114853376,0
1791595576.4848115,0.051828427240252495,61581561856,0,61740154880,23278387200,61394685952,61394690560,532340224,0,160819998720,121114853376,0
1791595576.6836727,0.05060515180230141,61581561856,0,61740154880,23278387200,61394685952,61394690560,532340224,0,160820576256,121114853376,0
1791595576.8852012,0.05204934813082218,61581561856,0,61740154880,23278387200,61394685952,61394690560,532340224,0,160819982336,121114853376,0
1791595577.085241,0.05200839787721634,61581561856,0,61740154880,23278387200,61394685952,61394690560,532340224,0,160820060160,121114853376,0
1791595577.2856457,0.05232791230082512,61581561856,0,61740154880,23278387200,61394685952,61394690560,532340224,0,160819859456,121114853376,0
1791595577.484959,0.05156019702553749,61581561856,0,61740154880,23278387200,61394685952,61394690560,532340224,0,160819892224,121114853376,0
1791595577.6860244,0.052545854821801186,61581561856,0,61740154880,23278387200,61394685952,61394690560,532340224,0,160819941376,121114853376,0
1791595577.885974,0.052408456802368164,61581561856,0,61740154880,23278387200,61394685952,61394690560,532340224,0,160819748864,121114853376,0
1791595578.085275,0.051627952605485916,61581561856,0,61740154880,23278387200,61394685952,61394690560,532340224,0,160819822592,121114853376,0
1791595578.2857723,0.052041999995708466,61581561856,0,61740154880,23278387200,61394685952,61394690560,532340224,0,160819908608,121114853376,0
1791595578.4848342,0.0510244257748127,61581561856,0,61740154880,23278387200,61394685952,61394690560,532340224,0,160819986432,121114853376,0
1791595578.6823087,0.04841617867350578,61581561856,0,61740154880,23278387200,61394685952,61394690560,532340224,0,160820084736,121114853376,0
1791595578.8853881,0.05141628719866276,61581561856,0,61740154880,23278387200,61394685952,61394690560,532340224,0,160820174848,121114853376,0
1791595579.085521,0.05146457068622112,61581561856,0,61740154880,23278387200,61394685952,61394690560,532340224,0,160819757056,121114853376,0
1791595579.2888975,0.054757216945290565,61581561856,0,61740154880,23278387200,61394685952,61394690560,532340224,0,160819724288,121114853376,0
1791595579.485824,0.0515992883592844,61581561856,0,61740154880,23278387200,61394685952,61394690560,532340224,0,160819286016,121114853376,0
1791595579.6825929,0.0482841357588768,61581561856,0,61740154880,23278387200,61394685952,61394690560,532340224,0,160819351552,121114853376,0
1791595579.8827214,0.04832875728607178,61581561856,0,61740154880,23278387200,61394685952,61394690560,532340224,0,160819441664,121114853376,0
1791595580.0826128,0.04814011976122856,61581561856,0,61740154880,23278387200,61394685952,61394690560,532340224,0,160819531776,121114853376,0
1791595580.2819674,0.04741113260388374,61581561856,0,61740154880,23278387200,61394685952,61394690560,532340224,0,160818950144,121114853376,0
1791595580.4846997,0.050056520849466324,61581561856,0,61740154880,23278387200,61394685952,61394690560,532340224,0,160819388416,121114853376,0
1791595580.683666,0.04893387667834759,61581561856,0,61740154880,23278387200,61394685952,61394690560,532340224,0,160819429376,121114853376,0
1791595580.8851917,0.050375208258628845,61581561856,0,61740154880,23278387200,61394685952,61394690560,532340224,0,160819494912,121114853376,0
1791595581.0856678,0.05075669102370739,61581561856,0,61740154880,23278387200,61394685952,61394690560,532340224,0,160819326976,121114853376,0
1791595581.2862236,0.05122833326458931,61581561856,0,61740154880,23278387200,61394685952,61394690560,532340224,0,160819388416,121114853376,0
1791595581.4849398,0.049861593171954155,61581561856,0,61740154880,23278387200,61394685952,61394690560,532340224,0,160819482624,121114853376,0
1791595581.6848829,0.04971911944448948,61581561856,0,61740154880,23278387200,61394685952,61394690560,532340224,0,160819298304,121114853376,0
1791595581.8847785,0.049526285380125046,61581561856,0,61740154880,23278387200,61394685952,61394690560,532340224,0,160819335168,121114853376,0
1791595582.0851138,0.04977509193122387,61581561856,0,61740154880,23278387200,61394685952,61394690560,532340224,0,160819429376,121114853376,0
1791595582.2863362,0.050907956436276436,61581561856,0,61740154880,23278387200,61394685952,61394690560,532340224,0,160819642368,121114853376,0
1791595582.4854603,0.04994911700487137,61581561856,0,61740154880,23278387200,61394685952,61394690560,532340224,0,160819666944,121114853376,0
1791595582.685605,0.05000896751880646,61581561856,0,61740154880,23278387200,61394685952,61394690560,532340224,0,160819732480,121114853376,0
1791595582.8863962,0.05071990005671978,61581561856,0,61740154880,23278387200,61394685952,61394690560,532340224,0,160819511296,121114853376,0
1791595583.0854354,0.04967597872018814,61581561856,0,61740154880,23278387200,61394685952,61394690560,532340224,0,160819605504,121114853376,0
1791595583.2841709,0.04832938499748707,61581561856,0,61740154880,23278387200,61394685952,61394690560,532340224,0,160819499008,121114853376,0
1791595583.4877653,0.051838645711541176,61605740544,0,62356717568,22661824512,61394685952,61394690560,1173081600,0,160821129216,121114849280,0
1791595583.6894505,0.053420428186655045,61583581184,0,62377689088,22640852992,61394685952,61394690560,1171893760,0,160820912128,121114849280,0
1791595583.8865426,0.0504327192902565,61583831040,0,62400757760,22617784320,61394685952,61394690560,1195212288,0,160821248000,121114849280,0
1791595584.086303,0.05007409304380417,61584027648,0,62417534976,22601007104,61394685952,61394690560,1212186112,0,160821547008,121114849280,0
1791595584.2829354,0.04662718437612057,61584027648,0,62417534976,22601007104,61394685952,61394690560,1212186112,0,160821637120,121114849280,0
1791595584.4837277,0.04734090343117714,61584027648,0,62417534976,22601007104,61394685952,61394690560,1212186112,0,160821456896,121114849280,0
1791595584.6853662,0.04889773949980736,61584027648,0,62417534976,22601007104,61394685952,61394690560,1212186112,0,160821870592,121114849280,0
1791595584.8843389,0.047783736139535904,61584027648,0,62417534976,22601007104,61394685952,61394690560,1212186112,0,160821698560,121114853376,0
1791595585.0847147,0.04807746410369873,61584027648,0,62417534976,22601007104,61394685952,61394690560,1212186112,0,160821768192,121114853376,0
1791595585.284066,0.04734356515109539,61584027648,0,62417534976,22601007104,61394685952,61394690560,1212186112,0,160821596160,121114853376,0
1791595585.4867077,0.04990622401237488,61584027648,0,62417534976,22601007104,61394685952,61394690560,1212186112,0,160821772288,121114853376,0
1791595585.686276,0.049391377717256546,61584027648,0,62417534976,22601007104,61394685952,61394690560,1212186112,0,160821854208,121114853376,0
1791595585.8862457,0.04927698150277138,61584027648,0,62417534976,22601007104,61394685952,61394690560,1212186112,0,160821944320,121114853376,0
1791595586.0885434,0.051496703177690506,61584027648,0,62417534976,22601007104,61394685952,61394690560,1212186112,0,160822034432,121114853376,0
1791595586.284807,0.04768242873251438,61584027648,0,62417534976,22601007104,61394685952,61394690560,1212186112,0,160821854208,121114853376,0
1791595586.4855993,0.04839437082409859,61584027648,0,62417534976,22601007104,61394685952,61394690560,1212186112,0,160821944320,121114853376,0
1791595586.68754,0.05025088042020798,61584027648,0,62417534976,22601007104,61394685952,61394690560,1212186112,0,160822038528,121114853376,0
1791595586.8862708,0.0489023607224226,61584027648,0,62417534976,22601007104,61394685952,61394690560,1212186112,0,160822079488,121114853376,0
1791595587.086186,0.0487357322126627,61584027648,0,62417534976,22601007104,61394685952,61394690560,1212186112,0,160821911552,121114853376,0
1791595587.2847974,0.047264909371733665,61584027648,0,62417534976,22601007104,61394685952,61394690560,1212186112,0,160822005760,121114853376,0
1791595587.4861012,0.04848487302660942,61584027648,0,62417534976,22601007104,61394685952,61394690560,1212186112,0,160821825536,121114853376,0
1791595587.6874282,0.04972853139042854,61584027648,0,62417534976,22601007104,61394685952,61394690560,1212186112,0,160821915648,121114853376,0
1791595587.8860831,0.04830218106508255,61584027648,0,62417534976,22601007104,61394685952,61394690560,1212186112,0,160821743616,121114853376,0
1791595588.0874248,0.049559829756617546,61584027648,0,62417534976,22601007104,61394685952,61394690560,1212186112,0,160821964800,121114853376,0
1791595588.2875786,0.04963143914937973,61584027648,0,62417534976,22601007104,61394685952,61394690560,1212186112,0,160822054912,121114853376,0
1791595588.4873435,0.0493171326816082,61584027648,0,62417534976,22601007104,61394685952,61394690560,1212186112,0,160822140928,121114849280,0
1791595588.6867783,0.048669612035155296,61584027648,0,62417534976,22601007104,61394685952,61394690560,1212186112,0,160821870592,121114849280,0
1791595588.8893304,0.05109990946948528,61584027648,0,62417534976,22601007104,61394685952,61394690560,1212186112,0,160821940224,121114849280,0
1791595589.0895767,0.05126515030860901,61584027648,0,62417534976,22601007104,61394685952,61394690560,1212186112,0,160821903360,121114849280,0
1791595589.2892845,0.050889138132333755,61584027648,0,62417534976,22601007104,61394685952,61394690560,1212186112,0,160821755904,121114849280,0
1791595589.4887335,0.050254277884960175,61584027648,0,62417534976,22601007104,61394685952,61394690560,1212186112,0,160821829632,121114849280,0
1791595589.6898143,0.051256267353892326,61584027648,0,62417534976,22601007104,61394685952,61394690560,1212186112,0,160821899264,121114849280,0
1791595589.8885305,0.04989355057477951,61584027648,0,62417534976,22601007104,61394685952,61394690560,1212186112,0,160821714944,121114849280,0
1791595590.0892692,0.05055181123316288,61584027648,0,62417534976,22601007104,61394685952,61394690560,1212186112,0,160821542912,121114849280,0
1791595590.287846,0.04904520884156227,61584027648,0,62417534976,22601007104,61394685952,61394690560,1212186112,0,160821637120,121114849280,0
1791595590.4894068,0.05052531696856022,61584027648,0,62417534976,22601007104,61394685952,61394690560,1212186112,0,160821821440,121114849280,0
1791595590.6904478,0.0514554176479578,61584027648,0,62417534976,22601007104,61394685952,61394690560,1212186112,0,160821813248,121114849280,0
1791595590.8945973,0.05550014413893223,61584027648,0,62417534976,22601007104,61394685952,61394690560,1212186112,0,160821923840,121114849280,0
1791595591.0909133,0.051663074642419815,61584027648,0,62417534976,22601007104,61394685952,61394690560,1212186112,0,160821571584,121114849280,0
1791595591.2919736,0.052636999636888504,61584027648,0,62417534976,22601007104,61394685952,61394690560,1212186112,0,160821661696,121114849280,0
1791595591.4899998,0.05058022402226925,61584027648,0,62417534976,22601007104,61394685952,61394690560,1212186112,0,160821755904,121114849280,0
1791595591.6900446,0.050542451441287994,61584027648,0,62417534976,22601007104,61394685952,61394690560,1212186112,0,160821813248,121114849280,0
1791595591.8898988,0.05030905082821846,61584027648,0,62417534976,22601007104,61394685952,61394690560,1212186112,0,160821776384,121114849280,0
1791595592.0903063,0.050631994381546974,61584027648,0,62417534976,22601007104,61394685952,61394690560,1212186112,0,160821645312,121114849280,0
1791595592.29017,0.050408849492669106,61584027648,0,62417534976,22601007104,61394685952,61394690560,1212186112,0,160821641216,121114849280,0
1791595592.488856,0.04901576414704323,61584027648,0,62417534976,22601007104,61394685952,61394690560,1212186112,0,160821727232,121114849280,0
1791595592.6988192,0.05884583480656147,61584027648,0,62417534976,22601007104,61394685952,61394690560,1212186112,0,160821731328,121114849280,0
1791595592.8909397,0.050879666581749916,61584027648,0,62417534976,22601007104,61394685952,61394690560,1212186112,0,160821620736,121114849280,0
1791595593.091278,0.05113643780350685,61584027648,0,62417534976,22601007104,61394685952,61394690560,1212186112,0,160821432320,121114849280,0
1791595593.2897036,0.049474818632006645,61584027648,0,62417534976,22601007104,61394685952,61394690560,1212186112,0,160821518336,121114849280,0
1791595593.4948246,0.05451320298016071,61584027648,0,62417534976,22601007104,61394685952,61394690560,1212186112,0,160821616640,121114849280,0
1791595593.6891634,0.04876917228102684,61584027648,0,62417534976,22601007104,61394685952,61394690560,1212186112,0,160821714944,121114849280,0
1791595593.8883493,0.047874439507722855,61584027648,0,62417534976,22601007104,61394685952,61394690560,1212186112,0,160821538816,121114849280,0
1791595594.0895844,0.04902260936796665,61584027648,0,62417534976,22601007104,61394685952,61394690560,1212186112,0,160821596160,121114849280,0
1791595594.292717,0.0520683154463768,61584027648,0,62417534976,22601007104,61394685952,61394690560,1212186112,0,160821850112,121114652672,0
1791595594.4908338,0.05009971372783184,61584027648,0,62417534976,22601007104,61394685952,61394690560,1212186112,0,160821927936,121114652672,0
1791595594.6914709,0.05065166391432285,61584027648,0,62417534976,22601007104,61394685952,61394690560,1212186112,0,160821993472,121114652672,0
1791595594.8919113,0.051006002351641655,61584027648,0,62417534976,22601007104,61394685952,61394690560,1212186112,0,160822091776,121114652672,0
1791595595.0918713,0.05088106356561184,61584027648,0,62417534976,22601007104,61394685952,61394690560,1212186112,0,160822149120,121114652672,0
1791595595.2930968,0.0520212147384882,61584027648,0,62417534976,22601007104,61394685952,61394690560,1212186112,0,160822210560,121114652672,0
1791595595.4926465,0.05148601904511452,61584027648,0,62417534976,22601007104,61394685952,61394690560,1212186112,0,160822263808,121114652672,0
1791595595.6919374,0.05069442838430405,61584027648,0,62417534976,22601007104,61394685952,61394690560,1212186112,0,160822095872,121114652672,0
1791595595.891273,0.04994228668510914,61584027648,0,62417534976,22601007104,61394685952,61394690560,1212186112,0,160822157312,121114652672,0
1791595596.0907886,0.04937400855123997,61584027648,0,62417534976,22601007104,61394685952,61394690560,1212186112,0,160822067200,121114652672,0
1791595596.290386,0.04888185299932957,61584027648,0,62417534976,22601007104,61394685952,61394690560,1212186112,0,160821612544,121114652672,0
1791595596.4910815,0.04949573427438736,61584027648,0,62417534976,22601007104,61394685952,61394690560,1212186112,0,160821686272,121114652672,0
1791595596.6905446,0.0488725770264864,61584027648,0,62417534976,22601007104,61394685952,61394690560,1212186112,0,160821780480,121114652672,0
1791595596.8908424,0.04908582381904125,61584027648,0,62417534976,22601007104,61394685952,61394690560,1212186112,0,160821600256,121114652672,0
1791595597.0918572,0.050016215071082115,61584027648,0,62417534976,22601007104,61394685952,61394690560,1212186112,0,160821694464,121114652672,0
1791595597.2902887,0.04836393892765045,61584027648,0,62417534976,22601007104,61394685952,61394690560,1212186112,0,160821784576,121114652672,0
1791595597.4932845,0.05127241834998131,61584027648,0,62417534976,22601007104,61394685952,61394690560,1212186112,0,160821858304,121114652672,0
1791595597.691114,0.04901892505586147,61584027648,0,62417534976,22601007104,61394685952,61394690560,1212186112,0,160821686272,121114652672,0
1791595597.8895588,0.04732117988169193,61584027648,0,62417534976,22601007104,61394685952,61394690560,1212186112,0,160821506048,121114652672,0
1791595598.0900724,0.04775277525186539,61584027648,0,62417534976,22601007104,61394685952,61394690560,1212186112,0,160821596160,121114652672,0
1791595598.2897232,0.04732375033199787,61584027648,0,62417534976,22601007104,61394685952,61394690560,1212186112,0,160821440512,121114652672,0
1791595598.490494,0.048008888959884644,61584027648,0,62417534976,22601007104,61394685952,61394690560,1212186112,0,160821329920,121114652672,0
1791595598.6901891,0.047618791460990906,61584027648,0,62417534976,22601007104,61394685952,61394690560,1212186112,0,160821420032,121114652672,0
1791595598.894315,0.05166059546172619,61584027648,0,62417534976,22601007104,61394685952,61394690560,1212186112,0,160821776384,121114652672,0
1791595599.0917034,0.048966916278004646,61584027648,0,62417534976,22601007104,61394685952,61394690560,1212186112,0,160821858304,121114652672,0
1791595599.2936702,0.050849804654717445,61584027648,0,62417534976,22601007104,61394685952,61394690560,1212186112,0,160821665792,121114652672,0
1791595599.4935672,0.050663404166698456,61584027648,0,62417534976,22601007104,61394685952,61394690560,1212186112,0,160821596160,121114652672,0
1791595599.6944199,0.05142807401716709,61584027648,0,62417534976,22601007104,61394685952,61394690560,1212186112,0,160821186560,121114652672,0
1791595599.8925855,0.04950986057519913,61584027648,0,62417534976,22601007104,61394685952,61394690560,1212186112,0,160821276672,121114652672,0
1791595600.0938225,0.050664134323596954,61584027648,0,62417534976,22601007104,61394685952,61394690560,1212186112,0,160821370880,121114652672,0
1791595600.293442,0.050188904628157616,61584027648,0,62417534976,22601007104,61394685952,61394690560,1212186112,0,160821391360,121114652672,0
1791595600.4956644,0.05232231318950653,61584027648,0,62417534976,22601007104,61394685952,61394690560,1212186112,0,160821592064,121114648576,0
1791595600.6966164,0.0531895998865366,61584027648,0,62417534976,22601007104,61394685952,61394690560,1212186112,0,160821587968,121114648576,0
1791595600.9001951,0.05667261406779289,61584027648,0,62417534976,22601007104,61394685952,61394690560,1212186112,0,160822128640,121114648576,0
1791595601.095105,0.0514997448772192,61584027648,0,62417534976,22601007104,61394685952,61394690560,1212186112,0,160822087680,121114648576,0
1791595601.2946959,0.05097711272537708,61584027648,0,62417534976,22601007104,61394685952,61394690560,1212186112,0,160822173696,121114648576,0
1791595601.4958084,0.05200507491827011,61584027648,0,62417534976,22601007104,61394685952,61394690560,1212186112,0,160822452224,121114648576,0
1791595601.7014415,0.057540006935596466,61584027648,0,62417534976,22601007104,61394685952,61394690560,1212186112,0,160822501376,121114648576,0
1791595601.8945749,0.05058951862156391,61584027648,0,62417534976,22601007104,61394685952,61394690560,1212186112,0,160822284288,121114648576,0
1791595602.092303,0.048234833404421806,61584027648,0,62417534976,22601007104,61394685952,61394690560,1212186112,0,160821858304,121114648576,0
1791595602.29482,0.05067028850317001,61584027648,0,62417534976,22601007104,61394685952,61394690560,1212186112,0,160821678080,121114648576,0
1791595602.4964342,0.0521953497081995,61584027648,0,62417534976,22601007104,61394685952,61394690560,1212186112,0,160821780480,121114648576,0
1791595602.695227,0.050893759354949,61584027648,0,62417534976,22601007104,61394685952,61394690560,1212186112,0,160821809152,121114648576,0
1791595602.895955,0.05154161527752876,61584027648,0,62417534976,22601007104,61394685952,61394690560,1212186112,0,160821854208,121114648576,0
1791595603.0927246,0.0482291504740715,61584027648,0,62417534976,22601007104,61394685952,61394690560,1212186112,0,160821948416,121114648576,0
1791595603.2955396,0.05093621276319027,61584027648,0,62417534976,22601007104,61394685952,61394690560,1212186112,0,160821346304,121114648576,0
1791595603.5013988,0.05667139030992985,61584027648,0,62417534976,22601007104,61394685952,61394690560,1212186112,0,160821121024,121114648576,0
1791595603.6968603,0.05204971134662628,61584027648,0,62417534976,22601007104,61394685952,61394690560,1212186112,0,160821170176,121114648576,0
1791595603.894568,0.049670781940221786,61584027648,0,62417534976,22601007104,61394685952,61394690560,1212186112,0,160821260288,121114648576,0
1791595604.0944073,0.0494228582829237,61584027648,0,62417534976,22601007104,61394685952,61394690560,1212186112,0,160821346304,121114648576,0
1791595604.2940154,0.04894377291202545,61584027648,0,62417534976,22601007104,61394685952,61394690560,1212186112,0,160821420032,121114648576,0
1791595604.49421,0.04905778914690018,61584027648,0,62417534976,22601007104,61394685952,61394690560,1212186112,0,160821170176,121114648576,0
1791595604.693682,0.04844396188855171,61584027648,0,62417534976,22601007104,61394685952,61394690560,1212186112,0,160821186560,121114648576,0
1791595604.893154,0.04782339185476303,61584027648,0,62417534976,22601007104,61394685952,61394690560,1212186112,0,160821276672,121114648576,0
1791595605.0962007,0.05078510195016861,61584027648,0,62417534976,22601007104,61394685952,61394690560,1212186112,0,160821227520,121114648576,0
1791595605.2975862,0.052076179534196854,61584027648,0,62417534976,22601007104,61394685952,61394690560,1212186112,0,160821301248,121114648576,0
1791595605.498131,0.052531832829117775,61584027648,0,62417534976,22601007104,61394685952,61394690560,1212186112,0,160821702656,121114648576,0
1791595605.6956723,0.04998598247766495,61584027648,0,62417534976,22601007104,61394685952,61394690560,1212186112,0,160821551104,121114648576,0
1791595605.89344,0.047669777646660805,61584027648,0,62417534976,22601007104,61394685952,61394690560,1212186112,0,160821645312,121114648576,0
1791595606.0930305,0.04717855900526047,61584027648,0,62417534976,22601007104,61394685952,61394690560,1212186112,0,160821731328,121114648576,0
1791595606.2970905,0.05115234665572643,61584027648,0,62417534976,22601007104,61394685952,61394690560,1212186112,0,160821313536,121114648576,0
1791595606.4969406,0.05091563053429127,61584027648,0,62417534976,22601007104,61394685952,61394690560,1212186112,0,160821334016,121114648576,0
1791595606.6987772,0.052661241963505745,61584027648,0,62417534976,22601007104,61394685952,61394690560,1212186112,0,160821256192,121114648576,0
1791595606.8977122,0.051506996154785156,61584027648,0,62417534976,22601007104,61394685952,61394690560,1212186112,0,160821256192,121114648576,0
1791595607.095856,0.04956844076514244,61584027648,0,62417534976,22601007104,61394685952,61394690560,1212186112,0,160821075968,121114648576,0
1791595607.3017776,0.05538533255457878,61584027648,0,62417534976,22601007104,61394685952,61394690560,1212186112,0,160821432320,121114648576,0
1791595607.5037832,0.057284072041511536,61584027648,0,62417534976,22601007104,61394685952,61394690560,1212186112,0,160821747712,121114648576,0
1791595607.6994674,0.052883755415678024,61584027648,0,62417534976,22601007104,61394685952,61394690560,1212186112,0,160822226944,121114648576,0
1791595607.8984764,0.05180959589779377,61584027648,0,62417534976,22601007104,61394685952,61394690560,1212186112,0,160821985280,121114832896,0
1791595608.0959046,0.04915361851453781,61584027648,0,62417534976,22601007104,61394685952,61394690560,1212186112,0,160821850112,121114832896,0
1791595608.2964315,0.049592217430472374,61584027648,0,62417534976,22601007104,61394685952,61394690560,1212186112,0,160821395456,121114832896,0
1791595608.4958346,0.04891153611242771,61584027648,0,62417534976,22601007104,61394685952,61394690560,1212186112,0,160821489664,121114832896,0
1791595608.6946862,0.04767846129834652,61584027648,0,62417534976,22601007104,61394685952,61394690560,1212186112,0,160821567488,121114832896,0
1791595608.8979313,0.05083811841905117,61584027648,0,62417534976,22601007104,61394685952,61394690560,1212186112,0,160821579776,121114832896,0
1791595609.0982282,0.05101109854876995,61584027648,0,62417534976,22601007104,61394685952,61394690560,1212186112,0,160821645312,121114832896,0
1791595609.2986681,0.05136754736304283,61584027648,0,62417534976,22601007104,61394685952,61394690560,1212186112,0,160821604352,121114832896,0
1791595609.4962766,0.04887835495173931,61584027648,0,62417534976,22601007104,61394685952,61394690560,1212186112,0,160821698560,121114832896,0
1791595609.700167,0.05267735570669174,61584027648,0,62417534976,22601007104,61394685952,61394690560,1212186112,0,160821338112,121114832896,0
1791595609.8980732,0.05049013905227184,61584027648,0,62417534976,22601007104,61394685952,61394690560,1212186112,0,160821354496,121114832896,0
1791595610.1017816,0.05411222390830517,61584027648,0,62417534976,22601007104,61394685952,61394690560,1212186112,0,160821297152,121114832896,0
1791595610.297563,0.04980863630771637,61584027648,0,62417534976,22601007104,61394685952,61394690560,1212186112,0,160821374976,121114832896,0
1791595610.4980156,0.05015944875776768,61584027648,0,62417534976,22601007104,61394685952,61394690560,1212186112,0,160821551104,121114832896,0
1791595610.7011218,0.05316844396293163,61584027648,0,62417534976,22601007104,61394685952,61394690560,1212186112,0,160821620736,121114832896,0
1791595610.8983355,0.05030031129717827,61584027648,0,62417534976,22601007104,61394685952,61394690560,1212186112,0,160821551104,121114832896,0
1791595611.0975735,0.04945484735071659,61584027648,0,62417534976,22601007104,61394685952,61394690560,1212186112,0,160821628928,121114832896,0
1791595611.2975304,0.04932537488639355,61584027648,0,62417534976,22601007104,61394685952,61394690560,1212186112,0,160821653504,121114832896,0
1791595611.4968696,0.04857916012406349,61584027648,0,62417534976,22601007104,61394685952,61394690560,1212186112,0,160821747712,121114648576,0
1791595611.6977203,0.04934600181877613,61584027648,0,62417534976,22601007104,61394685952,61394690560,1212186112,0,160821567488,121114648576,0
1791595611.8961825,0.047725919634103775,61584027648,0,62417534976,22601007104,61394685952,61394690560,1212186112,0,160821657600,121114648576,0
1791595612.0968287,0.04828930273652077,61584027648,0,62417534976,22601007104,61394685952,61394690560,1212186112,0,160821747712,121114648576,0
1791595612.298619,0.0499874334782362,61584027648,0,62417534976,22601007104,61394685952,61394690560,1212186112,0,160821833728,121114648576,0
1791595612.4981468,0.04943399876356125,61584027648,0,62417534976,22601007104,61394685952,61394690560,1212186112,0,160821657600,121114648576,0
1791595612.697772,0.04897219501435757,61584027648,0,62417534976,22601007104,61394685952,61394690560,1212186112,0,160821747712,121114648576,0
1791595612.8976371,0.0487558264285326,61584027648,0,62417534976,22601007104,61394685952,61394690560,1212186112,0,160821563392,121114648576,0
1791595613.0999768,0.05101262032985687,61584027648,0,62417534976,22601007104,61394685952,61394690560,1212186112,0,160821616640,121114648576,0
1791595613.297842,0.04879275523126125,61584031744,0,62417534976,22601007104,61394685952,61394690560,1212190208,0,160821686272,121114648576,0
1791595613.4978263,0.04869178310036659,61584031744,0,62417534976,22601007104,61394685952,61394690560,1212190208,0,160821784576,121114648576,0
1791595613.6979568,0.04873823747038841,61584031744,0,62417534976,22601007104,61394685952,61394690560,1212190208,0,160821571584,121114648576,0
1791595613.9017062,0.052397655323147774,61584031744,0,62417534976,22601007104,61394685952,61394690560,1212190208,0,160821383168,121114648576,0
1791595614.0993307,0.04993797093629837,61584031744,0,62417534976,22601007104,61394685952,61394690560,1212190208,0,160821211136,121114648576,0
1791595614.298232,0.048752328380942345,61584044032,0,62417534976,22601007104,61394685952,61394690560,1212202496,0,160821297152,121114648576,0
1791595614.4979672,0.04840500093996525,61584044032,0,62417534976,22601007104,61394685952,61394690560,1212202496,0,160821641216,121114648576,0
1791595614.7092695,0.059620101004838943,61584044032,0,62417534976,22601007104,61394685952,61394690560,1212202496,0,160821878784,121114648576,0
1791595614.9105163,0.06075295992195606,61584044032,0,62417534976,22601007104,61394685952,61394690560,1212202496,0,160821657600,121114648576,0
1791595615.1096668,0.05978761427104473,61584044032,0,62417534976,22601007104,61394685952,61394690560,1212202496,0,160821358592,121114648576,0
1791595615.3073897,0.057409388944506645,61584044032,0,62417534976,22601007104,61394685952,61394690560,1212202496,0,160821387264,121114648576,0
1791595615.5064666,0.056390292942523956,61584044032,0,62417534976,22601007104,61394685952,61394690560,1212202496,0,160821456896,121114648576,0
1791595615.7101252,0.059905076399445534,61584044032,0,62417534976,22601007104,61394685952,61394690560,1212202496,0,160821268480,121114648576,0
1791595615.9040217,0.05370154231786728,61584044032,0,62417534976,22601007104,61394685952,61394690560,1212202496,0,160821346304,121114648576,0
1791595616.1033132,0.05289313942193985,61584044032,0,62417534976,22601007104,61394685952,61394690560,1212202496,0,160821297152,121114648576,0
1791595616.303163,0.052653856575489044,61584044032,0,62417534976,22601007104,61394685952,61394690560,1212202496,0,160821362688,121114648576,0
1791595616.5017521,0.05116146802902222,61584044032,0,62417534976,22601007104,61394685952,61394690560,1212202496,0,160821428224,121114648576,0
1791595616.7017095,0.051028890535235405,61584044032,0,62417534976,22601007104,61394685952,61394690560,1212202496,0,160821231616,121114648576,0
1791595616.901703,0.0509187038987875,61584044032,0,62417534976,22601007104,61394685952,61394690560,1212202496,0,160821317632,121114648576,0
1791595617.1033223,0.05244477465748787,61584044032,0,62417534976,22601007104,61394685952,61394690560,1212202496,0,160821391360,121114648576,0
1791595617.3007755,0.049813149496912956,61584044032,0,62417534976,22601007104,61394685952,61394690560,1212202496,0,160821481472,121114648576,0
1791595617.5023966,0.05135274492204189,61584044032,0,62417534976,22601007104,61394685952,61394690560,1212202496,0,160821563392,121114648576,0
1791595617.702381,0.0512549951672554,61584044032,0,62417534976,22601007104,61394685952,61394690560,1212202496,0,160821485568,121114648576,0
1791595617.904214,0.05300223454833031,61584044032,0,62417534976,22601007104,61394685952,61394690560,1212202496,0,160821579776,121114648576,0
1791595618.1033945,0.05210072360932827,61584044032,0,62417534976,22601007104,61394685952,61394690560,1212202496,0,160821391360,121114648576,0
1791595618.30422,0.052840329706668854,61584044032,0,62417534976,22601007104,61394685952,61394690560,1212202496,0,160821637120,121114648576,0
1791595618.503563,0.05209813453257084,61584044032,0,62417534976,22601007104,61394685952,61394690560,1212202496,0,160821297152,121114648576,0
1791595618.7056239,0.05406697280704975,61584044032,0,62417534976,22601007104,61394685952,61394690560,1212202496,0,160821383168,121114648576,0
1791595618.9105694,0.058912720531225204,61584044032,0,62417534976,22601007104,61394685952,61394690560,1212202496,0,160821653504,121114648576,0
1791595619.1117373,0.059983620420098305,61584044032,0,62417534976,22601007104,61394685952,61394690560,1212202496,0,160821719040,121114648576,0
1791595619.3135362,0.061685191467404366,61584044032,0,62417534976,22601007104,61394685952,61394690560,1212202496,0,160821493760,121114648576,0
1791595619.506831,0.054880088195204735,61584044032,0,62417534976,22601007104,61394685952,61394690560,1212202496,0,160821493760,121114648576,0
1791595619.7096586,0.05761275254189968,61584044032,0,62417534976,22601007104,61394685952,61394690560,1212202496,0,160821563392,121114648576,0
1791595619.9059067,0.053778864443302155,61584044032,0,62417534976,22601007104,61394685952,61394690560,1212202496,0,160821866496,121114648576,0
1791595620.104213,0.05200904607772827,61584044032,0,62417534976,22601007104,61394685952,61394690560,1212202496,0,160821784576,121114648576,0
1791595620.3062544,0.05395483039319515,61584044032,0,62417534976,22601007104,61394685952,61394690560,1212202496,0,160821706752,121114648576,0
1791595620.5018213,0.049438292160630226,61584044032,0,62417534976,22601007104,61394685952,61394690560,1212202496,0,160822132736,121114648576,0
1791595620.7040403,0.05157519690692425,61584044032,0,62417534976,22601007104,61394685952,61394690560,1212202496,0,160821936128,121114648576,0
1791595620.9109175,0.0583483949303627,61584044032,0,62417534976,22601007104,61394685952,61394690560,1212202496,0,160821841920,121114648576,0
1791595621.104796,0.05214683152735233,61584044032,0,62417534976,22601007104,61394685952,61394690560,1212202496,0,160821841920,121114648576,0
1791595621.330106,0.07737640291452408,61584044032,0,62417534976,22601007104,61394685952,61394690560,1212202496,0,160821915648,121114648576,0
1791595621.508942,0.056130046024918556,61584044032,0,62417534976,22601007104,61394685952,61394690560,1212202496,0,160822001664,121114648576,0
1791595621.7114537,0.05855914019048214,61584044032,0,62417534976,22601007104,61394685952,61394690560,1212202496,0,160821567488,121114648576,0
1791595621.9053159,0.05233154818415642,61584044032,0,62417534976,22601007104,61394685952,61394690560,1212202496,0,160821690368,121114648576,0
1791595622.1053689,0.05228396877646446,61584044032,0,62417534976,22601007104,61394685952,61394690560,1212202496,0,160821346304,121114648576,0
1791595622.3047173,0.051546961069107056,61584044032,0,62417534976,22601007104,61394685952,61394690560,1212202496,0,160821288960,121114648576,0
1791595622.5110018,0.057749804109334946,61584044032,0,62417534976,22601007104,61394685952,61394690560,1212202496,0,160821067776,121114648576,0
1791595622.7077687,0.0544159971177578,61584044032,0,62417534976,22601007104,61394685952,61394690560,1212202496,0,160821420032,121114648576,0
1791595622.9102724,0.05683382786810398,61584044032,0,62417534976,22601007104,61394685952,61394690560,1212202496,0,160821772288,121114648576,0
1791595623.1070085,0.053484879434108734,61584044032,0,62417534976,22601007104,61394685952,61394690560,1212202496,0,160821755904,121114648576,0
1791595623.30663,0.053020210936665535,61584044032,0,62417534976,22601007104,61394685952,61394690560,1212202496,0,160821805056,121114648576,0
1791595623.5081294,0.054436324164271355,61584044032,0,62417534976,22601007104,61394685952,61394690560,1212202496,0,160821899264,121114648576,0
1791595623.7087426,0.05496663227677345,61584044032,0,62417534976,22601007104,61394685952,61394690560,1212202496,0,160821788672,121114648576,0
1791595623.9066124,0.05274900235235691,61584044032,0,62417534976,22601007104,61394685952,61394690560,1212202496,0,160821698560,121114648576,0
1791595624.105223,0.05125710181891918,61584044032,0,62417534976,22601007104,61394685952,61394690560,1212202496,0,160821780480,121114648576,0
1791595624.3053572,0.051306890323758125,61584044032,0,62417534976,22601007104,61394685952,61394690560,1212202496,0,160821874688,121114648576,0
1791595624.5067255,0.05257616564631462,61584044032,0,62417534976,22601007104,61394685952,61394690560,1212202496,0,160822251520,121114648576,0
1791595624.7070498,0.052810367196798325,61584044032,0,62417534976,22601007104,61394685952,61394690560,1212202496,0,160822140928,121114648576,0
1791595624.905467,0.051141899079084396,61584044032,0,62417534976,22601007104,61394685952,61394690560,1212202496,0,160821862400,121114648576,0
1791595625.1080356,0.05362687632441521,61584044032,0,62417534976,22601007104,61394685952,61394690560,1212202496,0,160821948416,121114648576,0
1791595625.306431,0.05193444900214672,61584044032,0,62417534976,22601007104,61394685952,61394690560,1212202496,0,160822038528,121114648576,0
1791595625.5092025,0.05460490845143795,61584044032,0,62417534976,22601007104,61394685952,61394690560,1212202496,0,160822165504,121114644480,0
1791595625.71114,0.05644400231540203,61584044032,0,62417534976,22601007104,61394685952,61394690560,1212202496,0,160822099968,121114644480,0
1791595625.9074485,0.05267009884119034,61584044032,0,62417534976,22601007104,61394685952,61394690560,1212202496,0,160822145024,121114644480,0
1791595626.1049585,0.05009911395609379,61584044032,0,62417534976,22601007104,61394685952,61394690560,1212202496,0,160821882880,121114644480,0
1791595626.3054268,0.05048389732837677,61584044032,0,62417534976,22601007104,61394685952,61394690560,1212202496,0,160821465088,121114644480,0
1791595626.506407,0.05138278938829899,61584044032,0,62417534976,22601007104,61394685952,61394690560,1212202496,0,160821555200,121114644480,0
1791595626.7074854,0.05237370356917381,61584044032,0,62417534976,22601007104,61394685952,61394690560,1212202496,0,160821305344,121114644480,0
1791595626.9088805,0.053650833666324615,61584044032,0,62417534976,22601007104,61394685952,61394690560,1212202496,0,160821575680,121114644480,0
1791595627.1098585,0.05452658608555794,61584044032,0,62417534976,22601007104,61394685952,61394690560,1212202496,0,160821334016,121114644480,0
1791595627.3084118,0.05299519561231136,61584044032,0,62417534976,22601007104,61394685952,61394690560,1212202496,0,160821293056,121114644480,0
1791595627.5054913,0.04999304935336113,61584044032,0,62417534976,22601007104,61394685952,61394690560,1212202496,0,160821383168,121114644480,0
1791595627.7044997,0.048917973414063454,61584044032,0,62417534976,22601007104,61394685952,61394690560,1212202496,0,160821477376,121114644480,0
1791595627.9076097,0.051941048353910446,61584044032,0,62417534976,22601007104,61394685952,61394690560,1212202496,0,160821280768,121114644480,0
1791595628.1083696,0.052620699629187584,61584044032,0,62417534976,22601007104,61394685952,61394690560,1212202496,0,160821374976,121114644480,0
1791595628.3062508,0.050413601100444794,61584044032,0,62417534976,22601007104,61394685952,61394690560,1212202496,0,160821399552,121114644480,0
1791595628.5063288,0.05040069296956062,61584044032,0,62417534976,22601007104,61394685952,61394690560,1212202496,0,160821485568,121114644480,0
1791595628.705552,0.049536241218447685,61584044032,0,62417534976,22601007104,61394685952,61394690560,1212202496,0,160821579776,121114644480,0
1791595628.9084892,0.052384015172719955,61584044032,0,62417534976,22601007104,61394685952,61394690560,1212202496,0,160821493760,121114644480,0
1791595629.108202,0.051968712359666824,61584044032,0,62417534976,22601007104,61394685952,61394690560,1212202496,0,160821485568,121114644480,0
1791595629.3099973,0.05366656370460987,61584044032,0,62417534976,22601007104,61394685952,61394690560,1212202496,0,160821354496,121114644480,0
1791595629.508077,0.05166143365204334,61584044032,0,62417534976,22601007104,61394685952,61394690560,1212202496,0,160821399552,121114644480,0
1791595629.70572,0.049218637868762016,61584044032,0,62417534976,22601007104,61394685952,61394690560,1212202496,0,160821522432,121114644480,0
1791595629.9081187,0.05152984522283077,61584044032,0,62417534976,22601007104,61394685952,61394690560,1212202496,0,160821329920,121114644480,0
1791595630.1066735,0.04999951645731926,61584044032,0,62417534976,22601007104,61394685952,61394690560,1212202496,0,160821362688,121114644480,0
1791595630.3120315,0.05523393303155899,61584044032,0,62417534976,22601007104,61394685952,61394690560,1212202496,0,160821383168,121114644480,0
1791595630.506732,0.049843328073620796,61584044032,0,62417534976,22601007104,61394685952,61394690560,1212202496,0,160821514240,121114644480,0
1791595630.708846,0.05187124386429787,61584044032,0,62417534976,22601007104,61394685952,61394690560,1212202496,0,160821604352,121114644480,0
1791595630.9096038,0.052545616403222084,61584044032,0,62417534976,22601007104,61394685952,61394690560,1212202496,0,160821592064,121114644480,0
1791595631.1113958,0.05425209738314152,61584044032,0,62417534976,22601007104,61394685952,61394690560,1212202496,0,160821960704,121114644480,0
1791595631.3152843,0.058050988242030144,61584044032,0,62417534976,22601007104,61394685952,61394690560,1212202496,0,160822059008,121114644480,0
1791595631.5129452,0.05562392994761467,61584044032,0,62417534976,22601007104,61394685952,61394690560,1212202496,0,160821899264,121114644480,0
1791595631.7092745,0.05187409371137619,61584044032,0,62417534976,22601007104,61394685952,61394690560,1212202496,0,160821514240,121114644480,0
1791595631.910792,0.05328145809471607,61584044032,0,62417534976,22601007104,61394685952,61394690560,1212202496,0,160821723136,121114644480,0
1791595632.1108053,0.05320940725505352,61584044032,0,62417534976,22601007104,61394685952,61394690560,1212202496,0,160821800960,121114644480,0
1791595632.3087318,0.05105453357100487,61584044032,0,62417534976,22601007104,61394685952,61394690560,1212202496,0,160821846016,121114644480,0
1791595632.507616,0.04985734075307846,61584044032,0,62417534976,22601007104,61394685952,61394690560,1212202496,0,160821899264,121114644480,0
1791595632.7118986,0.05405782535672188,61584044032,0,62417534976,22601007104,61394685952,61394690560,1212202496,0,160822214656,121114644480,0
1791595632.9201062,0.06216248869895935,61584044032,0,62417534976,22601007104,61394685952,61394690560,1212202496,0,160822034432,121114644480,0
1791595633.1177447,0.059696048498153687,61584044032,0,62417534976,22601007104,61394685952,61394690560,1212202496,0,160822001664,121114644480,0
1791595633.3160388,0.057886695489287376,61584044032,0,62417534976,22601007104,61394685952,61394690560,1212202496,0,160822263808,121114644480,0
1791595633.5115178,0.053281260654330254,61584044032,0,62417534976,22601007104,61394685952,61394690560,1212202496,0,160822562816,121114644480,0
1791595633.7088811,0.05056445486843586,61584044032,0,62417534976,22601007104,61394685952,61394690560,1212202496,0,160822034432,121114644480,0
1791595633.9080052,0.04956786148250103,61584044032,0,62417534976,22601007104,61394685952,61394690560,1212202496,0,160821837824,121114644480,0
1791595634.107259,0.04874078743159771,61584044032,0,62417534976,22601007104,61394685952,61394690560,1212202496,0,160821653504,121114644480,0
1791595634.3108997,0.052300579845905304,61584044032,0,62417534976,22601007104,61394685952,61394690560,1212202496,0,160821743616,121114644480,0
1791595634.5074182,0.048737457022070885,61584044032,0,62417534976,22601007104,61394685952,61394690560,1212202496,0,160821833728,121114644480,0
1791595634.70456,0.04578362591564655,61584044032,0,62417534976,22601007104,61394685952,61394690560,1212202496,0,160821911552,121114644480,0
1791595634.9097455,0.05087551660835743,61584044032,0,62417534976,22601007104,61394685952,61394690560,1212202496,0,160821809152,121114644480,0
1791595635.1079977,0.049048420041799545,61584044032,0,62417534976,22601007104,61394685952,61394690560,1212202496,0,160821899264,121114644480,0
1791595635.3100724,0.05103802867233753,61584044032,0,62417534976,22601007104,61394685952,61394690560,1212202496,0,160821981184,121114644480,0
1791595635.5109632,0.051844412460923195,61584044032,0,62417534976,22601007104,61394685952,61394690560,1212202496,0,160822239232,121114644480,0
1791595635.7151978,0.05599542707204819,61584044032,0,62417534976,22601007104,61394685952,61394690560,1212202496,0,160822116352,121114644480,0
1791595635.9140644,0.05477553606033325,61584044032,0,62417534976,22601007104,61394685952,61394690560,1212202496,0,160822259712,121114644480,0
1791595636.1087089,0.049338169395923615,61584044032,0,62417534976,22601007104,61394685952,61394690560,1212202496,0,160822132736,121114644480,0
1791595636.3088176,0.04936431720852852,61584044032,0,62417534976,22601007104,61394685952,61394690560,1212202496,0,160822079488,121114644480,0
1791595636.511906,0.05235225148499012,61584044032,0,62417534976,22601007104,61394685952,61394690560,1212202496,0,160821903360,121114644480,0
1791595636.7100434,0.050409719347953796,61584044032,0,62417534976,22601007104,61394685952,61394690560,1212202496,0,160821993472,121114644480,0
1791595636.9082978,0.04858115874230862,61584044032,0,62417534976,22601007104,61394685952,61394690560,1212202496,0,160822108160,121114644480,0
1791595637.1201916,0.060392770916223526,61584044032,0,62417534976,22601007104,61394685952,61394690560,1212202496,0,160821854208,121114644480,0
1791595637.3176005,0.05770854838192463,61584044032,0,62417534976,22601007104,61394685952,61394690560,1212202496,0,160822054912,121114644480,0
1791595637.5165296,0.05653427168726921,61584044032,0,62417534976,22601007104,61394685952,61394690560,1212202496,0,160822030336,121114644480,0
1791595637.7176528,0.05755333602428436,61584044032,0,62417534976,22601007104,61394685952,61394690560,1212202496,0,160821854208,121114644480,0
1791595637.915401,0.05517878010869026,61584044032,0,62417534976,22601007104,61394685952,61394690560,1212202496,0,160822157312,121114644480,0
1791595638.1127336,0.05242183431982994,61584044032,0,62417534976,22601007104,61394685952,61394690560,1212202496,0,160822214656,121114644480,0
1791595638.3110983,0.05070337653160095,61584044032,0,62417534976,22601007104,61394685952,61394690560,1212202496,0,160822304768,121114644480,0
1791595638.5188777,0.058398518711328506,61584044032,0,62417534976,22601007104,61394685952,61394690560,1212202496,0,160822243328,121114644480,0
1791595638.7187133,0.058139149099588394,61584048128,0,62417534976,22601007104,61394685952,61394690560,1212206592,0,160822128640,121114644480,0
1791595638.920438,0.05975367873907089,61584048128,0,62417534976,22601007104,61394685952,61394690560,1212206592,0,160822411264,121114644480,0
1791595639.1160114,0.05523008853197098,61584048128,0,62417534976,22601007104,61394685952,61394690560,1212206592,0,160822272000,121114644480,0
1791595639.3136065,0.05272584781050682,61584048128,0,62417534976,22601007104,61394685952,61394690560,1212206592,0,160822075392,121114644480,0
1791595639.5130656,0.0520886667072773,61584048128,0,62417534976,22601007104,61394685952,61394690560,1212206592,0,160821964800,121114644480,0
1791595639.7184992,0.05744095519185066,61584060416,0,62417534976,22601007104,61394685952,61394690560,1212218880,0,160822038528,121114644480,0
1791595639.915485,0.05433134362101555,61584060416,0,62417534976,22601007104,61394685952,61394690560,1212218880,0,160822149120,121114644480,0
1791595640.1120782,0.050849130377173424,61584060416,0,62417534976,22601007104,61394685952,61394690560,1212218880,0,160821960704,121114644480,0
1791595640.3126676,0.05134589038789272,61584060416,0,62417534976,22601007104,61394685952,61394690560,1212218880,0,160822046720,121114644480,0
1791595640.513296,0.05187653750181198,61584076800,0,62419632128,22598909952,61394685952,61394690560,1214332416,0,160822435840,121114644480,0
1791595640.713805,0.05229267105460167,61584076800,0,62419632128,22598909952,61394685952,61394690560,1214332416,0,160822534144,121114644480,0
1791595640.9193807,0.057772163301706314,61584076800,0,62419632128,22598909952,61394685952,61394690560,1214332416,0,160822657024,121114644480,0
1791595641.1192975,0.05758841335773468,61584076800,0,62419632128,22598909952,61394685952,61394690560,1214332416,0,160822890496,121114644480,0
1791595641.3154125,0.053608544170856476,61584076800,0,62419632128,22598909952,61394685952,61394690560,1214332416,0,160822386688,121114644480,0
1791595641.510949,0.049062471836805344,61584076800,0,62419632128,22598909952,61394685952,61394690560,1214332416,0,160822206464,121114644480,0
1791595641.7123852,0.050409458577632904,61584076800,0,62419632128,22598909952,61394685952,61394690560,1214332416,0,160822300672,121114644480,0
1791595641.9136293,0.05157117173075676,61584076800,0,62419632128,22598909952,61394685952,61394690560,1214332416,0,160822398976,121114644480,0
1791595642.1099875,0.0478515699505806,61584076800,0,62419632128,22598909952,61394685952,61394690560,1214332416,0,160822489088,121114644480,0
1791595642.3131075,0.0508899912238121,61584076800,0,62419632128,22598909952,61394685952,61394690560,1214332416,0,160822575104,121114644480,0
1791595642.5136282,0.05132988095283508,61584076800,0,62419632128,22598909952,61394685952,61394690560,1214332416,0,160822558720,121114644480,0
1791595642.7137148,0.051341159269213676,61584076800,0,62419632128,22598909952,61394685952,61394690560,1214332416,0,160822661120,121114644480,0
1791595642.9122112,0.04975368641316891,61584076800,0,62419632128,22598909952,61394685952,61394690560,1214332416,0,160822755328,121114644480,0
1791595643.1107461,0.048205550760030746,61584076800,0,62419632128,22598909952,61394685952,61394690560,1214332416,0,160822628352,121114644480,0
1791595643.316125,0.05349501594901085,61584076800,0,62419632128,22598909952,61394685952,61394690560,1214332416,0,160822603776,121114644480,0
1791595643.5200593,0.05733957141637802,61584076800,0,62419632128,22598909952,61394685952,61394690560,1214332416,0,160822902784,121114644480,0
1791595643.7176795,0.05487239919602871,61584076800,0,62419632128,22598909952,61394685952,61394690560,1214332416,0,160822968320,121114644480,0
1791595643.914515,0.05161974020302296,61584076800,0,62419632128,22598909952,61394685952,61394690560,1214332416,0,160822509568,121114644480,0
1791595644.1136906,0.05070217698812485,61584076800,0,62419632128,22598909952,61394685952,61394690560,1214332416,0,160822599680,121114644480,0
1791595644.3162646,0.053190868347883224,61584076800,0,62419632128,22598909952,61394685952,61394690560,1214332416,0,160822681600,121114644480,0
1791595644.512545,0.049386464059352875,61584076800,0,62419632128,22598909952,61394685952,61394690560,1214332416,0,160822530048,121114644480,0
1791595644.715979,0.052726564928889275,61584076800,0,62419632128,22598909952,61394685952,61394690560,1214332416,0,160822829056,121114644480,0
1791595644.9150243,0.051670268177986145,61584076800,0,62419632128,22598909952,61394685952,61394690560,1214332416,0,160822591488,121114644480,0
1791595645.3718953,0.3082951921969652,61584076800,0,62419632128,22598909952,61394685952,61394690560,1214332416,0,160821190656,121114644480,0
1791595645.4064565,0.03442505933344364,61584076800,0,62419632128,22598909952,61394685952,61394690560,1214332416,0,160821522432,121114644480,0
1791595645.6107771,0.03867886960506439,61584076800,0,62419632128,22598909952,61394685952,61394690560,1214332416,0,160821547008,121114644480,0
1791595645.817585,0.04535679146647453,61584076800,0,62421729280,22596812800,61394685952,61394690560,1216429568,0,160821567488,121114644480,0
1791595646.0085251,0.03622793219983578,61584076800,0,62419632128,22598909952,61394685952,61394690560,1214332416,0,160821903360,121114644480,0
1791595646.2084775,0.03611649386584759,61584076800,0,62419632128,22598909952,61394685952,61394690560,1214332416,0,160821723136,121114644480,0
1791595646.4065375,0.03411228395998478,61584076800,0,62419632128,22598909952,61394685952,61394690560,1214332416,0,160821817344,121114644480,0
1791595646.6096442,0.037154313176870346,61584076800,0,62419632128,22598909952,61394685952,61394690560,1214332416,0,160821891072,121114644480,0
1791595646.8234003,0.050831759348511696,61584076800,0,62419632128,22598909952,61394685952,61394690560,1214332416,0,160822185984,121114644480,0
1791595647.025797,0.05314144305884838,61584076800,0,62419632128,22598909952,61394685952,61394690560,1214332416,0,160822185984,121114644480,0
1791595647.2289522,0.05621204525232315,61584076800,0,62419632128,22598909952,61394685952,61394690560,1214332416,0,160822206464,121114644480,0
1791595647.4264066,0.05358406342566013,61584076800,0,62419632128,22598909952,61394685952,61394690560,1214332416,0,160822272000,121114644480,0
1791595647.6262946,0.053387606516480446,61584076800,0,62419632128,22598909952,61394685952,61394690560,1214332416,0,160822476800,121114644480,0
1791595647.826012,0.053000956773757935,61584076800,0,62419632128,22598909952,61394685952,61394690560,1214332416,0,160822386688,121114644480,0
1791595648.0105407,0.03746486082673073,61584076800,0,62419632128,22598909952,61394685952,61394690560,1214332416,0,160822206464,121114644480,0
1791595648.2090728,0.03592991270124912,61584076800,0,62419632128,22598909952,61394685952,61394690560,1214332416,0,160821968896,121114644480,0
1791595648.4097624,0.03655179962515831,61584076800,0,62419632128,22598909952,61394685952,61394690560,1214332416,0,160822050816,121114644480,0
1791595648.6101158,0.03684026747941971,61584076800,0,62419632128,22598909952,61394685952,61394690560,1214332416,0,160822140928,121114644480,0
1791595648.8127062,0.03936054743826389,61584076800,0,62419632128,22598909952,61394685952,61394690560,1214332416,0,160822095872,121114644480,0
1791595649.0425575,0.06909430772066116,61584076800,0,62419632128,22598909952,61394685952,61394690560,1214332416,0,160821682176,121114644480,0
1791595649.2293484,0.055803943425416946,61584076800,0,62419632128,22598909952,61394685952,61394690560,1214332416,0,160821907456,121114644480,0
1791595649.4290109,0.05537429079413414,61584076800,0,62419632128,22598909952,61394685952,61394690560,1214332416,0,160821743616,121114644480,0
1791595649.6270325,0.05331607721745968,61584076800,0,62419632128,22598909952,61394685952,61394690560,1214332416,0,160822091776,121114644480,0
1791595649.8258343,0.05202998220920563,61584076800,0,62419632128,22598909952,61394685952,61394690560,1214332416,0,160822128640,121114644480,0
1791595650.026478,0.05259474739432335,61584076800,0,62419632128,22598909952,61394685952,61394690560,1214332416,0,160822124544,121114644480,0
1791595650.2265997,0.05263676866889,61584076800,0,62419632128,22598909952,61394685952,61394690560,1214332416,0,160822214656,121114644480,0
1791595650.427917,0.053867269307374954,61584076800,0,62419632128,22598909952,61394685952,61394690560,1214332416,0,160822284288,121114644480,0
1791595650.625095,0.050962259992957115,61584076800,0,62419632128,22598909952,61394685952,61394690560,1214332416,0,160822468608,121114640384,0
1791595650.8262432,0.05203261971473694,61584076800,0,62419632128,22598909952,61394685952,61394690560,1214332416,0,160822558720,121114640384,0
1791595651.0314033,0.057107025757431984,61584076800,0,62419632128,22598909952,61394685952,61394690560,1214332416,0,160822575104,121114640384,0
1791595651.2283106,0.05392882227897644,61584076800,0,62419632128,22598909952,61394685952,61394690560,1214332416,0,160822538240,121114640384,0
1791595651.4274144,0.052946820855140686,61584076800,0,62419632128,22598909952,61394685952,61394690560,1214332416,0,160822603776,121114640384,0
1791595651.6279347,0.05338030681014061,61584076800,0,62419632128,22598909952,61394685952,61394690560,1214332416,0,160822628352,121114640384,0
1791595651.8303716,0.055726196616888046,61584076800,0,62419632128,22598909952,61394685952,61394690560,1214332416,0,160822095872,121114640384,0
1791595652.0295134,0.0547744445502758,61584076800,0,62419632128,22598909952,61394685952,61394690560,1214332416,0,160822194176,121114640384,0
1791595652.2287068,0.05387774854898453,61584076800,0,62419632128,22598909952,61394685952,61394690560,1214332416,0,160822546432,121114640384,0
1791595652.426499,0.05160561762750149,61584076800,0,62419632128,22598909952,61394685952,61394690560,1214332416,0,160822624256,121114640384,0
1791595652.6248682,0.04989587143063545,61584076800,0,62419632128,22598909952,61394685952,61394690560,1214332416,0,160822718464,121114640384,0
1791595652.827521,0.05246768333017826,61584076800,0,62419632128,22598909952,61394685952,61394690560,1214332416,0,160822542336,121114640384,0
1791595653.0310903,0.05594170279800892,61584076800,0,62419632128,22598909952,61394685952,61394690560,1214332416,0,160821997568,121114640384,0
1791595653.2319274,0.056689612567424774,61584076800,0,62419632128,22598909952,61394685952,61394690560,1214332416,0,160822034432,121114640384,0
1791595653.4317605,0.0564359687268734,61584076800,0,62419632128,22598909952,61394685952,61394690560,1214332416,0,160822108160,121114640384,0
1791595653.6265838,0.05117162689566612,61584076800,0,62419632128,22598909952,61394685952,61394690560,1214332416,0,160822198272,121114640384,0
1791595653.824588,0.049094175919890404,61584076800,0,62419632128,22598909952,61394685952,61394690560,1214332416,0,160822235136,121114640384,0
1791595654.0241191,0.04854344017803669,61584076800,0,62419632128,22598909952,61394685952,61394690560,1214332416,0,160822280192,121114640384,0
1791595654.2236989,0.048041870817542076,61584076800,0,62419632128,22598909952,61394685952,61394690560,1214332416,0,160822087680,121114640384,0
1791595654.4261594,0.050408704206347466,61584076800,0,62419632128,22598909952,61394685952,61394690560,1214332416,0,160822140928,121114640384,0
1791595654.6481924,0.0723616499453783,61584076800,0,62419632128,22598909952,61394685952,61394690560,1214332416,0,160822140928,121114640384,0
1791595654.8301644,0.0542451199144125,61584076800,0,62419632128,22598909952,61394685952,61394690560,1214332416,0,160821985280,121114640384,0
1791595655.0262012,0.050172414630651474,61584076800,0,62419632128,22598909952,61394685952,61394690560,1214332416,0,160822054912,121114640384,0
1791595655.2266164,0.05050604045391083,61584076800,0,62419632128,22598909952,61394685952,61394690560,1214332416,0,160822038528,121114640384,0
1791595655.419373,0.04315025359392166,61584076800,0,62419632128,22598909952,61394685952,61394690560,1214332416,0,160822321152,121114640384,0
1791595655.6223004,0.04593224078416824,61584076800,0,62419632128,22598909952,61394685952,61394690560,1214332416,0,160822403072,121114640384,0
1791595655.8277292,0.05128092132508755,61584076800,0,62419632128,22598909952,61394685952,61394690560,1214332416,0,160822366208,121114640384,0
1791595656.026765,0.0502413846552372,61584076800,0,62419632128,22598909952,61394685952,61394690560,1214332416,0,160822386688,121114640384,0
1791595656.224789,0.0481850765645504,61584076800,0,62419632128,22598909952,61394685952,61394690560,1214332416,0,160822210560,121114640384,0
1791595656.425397,0.048707421869039536,61584076800,0,62419632128,22598909952,61394685952,61394690560,1214332416,0,160821743616,121114640384,0
1791595656.6276002,0.050831738859415054,61584076800,0,62419632128,22598909952,61394685952,61394690560,1214332416,0,160821837824,121114640384,0
1791595656.8305917,0.05374287627637386,61584076800,0,62419632128,22598909952,61394685952,61394690560,1214332416,0,160821850112,121114640384,0
1791595657.0323684,0.05543682351708412,61584076800,0,62419632128,22598909952,61394685952,61394690560,1214332416,0,160822198272,121114640384,0
1791595657.2321115,0.05509523116052151,61584076800,0,62419632128,22598909952,61394685952,61394690560,1214332416,0,160822161408,121114640384,0
1791595657.4320846,0.05498438887298107,61584076800,0,62419632128,22598909952,61394685952,61394690560,1214332416,0,160822083584,121114640384,0
1791595657.6373951,0.06017664447426796,61584076800,0,62419632128,22598909952,61394685952,61394690560,1214332416,0,160822165504,121114640384,0
1791595657.8279388,0.05064081959426403,61584076800,0,62419632128,22598909952,61394685952,61394690560,1214332416,0,160822231040,121114640384,0
1791595658.025789,0.04841306433081627,61584076800,0,62419632128,22598909952,61394685952,61394690560,1214332416,0,160822296576,121114640384,0
1791595658.2274218,0.04996313899755478,61584076800,0,62419632128,22598909952,61394685952,61394690560,1214332416,0,160822390784,121114640384,0
1791595658.4252284,0.047690341249108315,61584076800,0,62419632128,22598909952,61394685952,61394690560,1214332416,0,160822480896,121114640384,0
1791595658.6264858,0.048868175595998764,61584076800,0,62419632128,22598909952,61394685952,61394690560,1214332416,0,160822300672,121114640384,0
1791595658.8263137,0.048612043261528015,61584076800,0,62419632128,22598909952,61394685952,61394690560,1214332416,0,160822050816,121114640384,0
1791595659.0302575,0.0524748545140028,61584076800,0,62421729280,22596812800,61394685952,61394690560,1216429568,0,160822403072,121114640384,0
1791595659.2339997,0.056132473051548004,61584076800,0,62419632128,22598909952,61394685952,61394690560,1214332416,0,160822489088,121114640384,0
1791595659.4343514,0.05639967322349548,61584076800,0,62419632128,22598909952,61394685952,61394690560,1214332416,0,160822517760,121114640384,0
1791595659.6315956,0.053561028093099594,61584076800,0,62419632128,22598909952,61394685952,61394690560,1214332416,0,160822484992,121114640384,0
1791595659.8324285,0.054309992119669914,61584076800,0,62419632128,22598909952,61394685952,61394690560,1214332416,0,160822538240,121114640384,0
1791595660.0327187,0.054517319425940514,61584076800,0,62419632128,22598909952,61394685952,61394690560,1214332416,0,160822632448,121114640384,0
1791595660.2155638,0.03729815594851971,61584076800,0,62419632128,22598909952,61394685952,61394690560,1214332416,0,160822419456,121114640384,0
1791595660.4202993,0.04197033680975437,61584076800,0,62419632128,22598909952,61394685952,61394690560,1214332416,0,160822497280,121114640384,0
1791595660.6251404,0.046736739575862885,61584076800,0,62419632128,22598909952,61394685952,61394690560,1214332416,0,160823005184,121114640384,0
1791595660.827713,0.049223896116018295,61584076800,0,62419632128,22598909952,61394685952,61394690560,1214332416,0,160822804480,121114640384,0
1791595661.0302682,0.05168931558728218,61584076800,0,62419632128,22598909952,61394685952,61394690560,1214332416,0,160822489088,121114640384,0
1791595661.2300658,0.05137322470545769,61584076800,0,62419632128,22598909952,61394685952,61394690560,1214332416,0,160822460416,121114640384,0
1791595661.4269443,0.04816802404820919,61584076800,0,62419632128,22598909952,61394685952,61394690560,1214332416,0,160822542336,121114640384,0
1791595661.6332293,0.054371302947402,61584076800,0,62419632128,22598909952,61394685952,61394690560,1214332416,0,160822632448,121114640384,0
1791595661.8357115,0.05677272751927376,61584076800,0,62419632128,22598909952,61394685952,61394690560,1214332416,0,160822972416,121114640384,0
1791595662.029303,0.05028016306459904,61584076800,0,62419632128,22598909952,61394685952,61394690560,1214332416,0,160823296000,121114640384,0
1791595662.2289088,0.0498020313680172,61584076800,0,62419632128,22598909952,61394685952,61394690560,1214332416,0,160823283712,121114640384,0
1791595662.4310853,0.05185523070394993,61584076800,0,62419632128,22598909952,61394685952,61394690560,1214332416,0,160823349248,121114640384,0
1791595662.6330569,0.05374169163405895,61584076800,0,62419632128,22598909952,61394685952,61394690560,1214332416,0,160823451648,121114640384,0
1791595662.8266897,0.04730754718184471,61584076800,0,62419632128,22598909952,61394685952,61394690560,1214332416,0,160823009280,121114640384,0
1791595663.034636,0.05517243966460228,61584076800,0,62419632128,22598909952,61394685952,61394690560,1214332416,0,160823099392,121114640384,0
1791595663.2350943,0.05554790422320366,61584076800,0,62419632128,22598909952,61394685952,61394690560,1214332416,0,160823201792,121114640384,0
1791595663.4325204,0.05289304070174694,61584076800,0,62419632128,22598909952,61394685952,61394690560,1214332416,0,160823238656,121114640384,0
1791595663.6332002,0.05348834581673145,61584076800,0,62421729280,22596812800,61394685952,61394690560,1216429568,0,160823001088,121114640384,0
1791595663.8345652,0.05476760491728783,61584076800,0,62419632128,22598909952,61394685952,61394690560,1214332416,0,160823070720,121114640384,0
1791595664.0307984,0.050934962928295135,61584076800,0,62419632128,22598909952,61394685952,61394690560,1214332416,0,160823160832,121114640384,0
1791595664.232859,0.052913397550582886,61584080896,0,62419632128,22598909952,61394685952,61394690560,1214336512,0,160823160832,121114640384,0
1791595664.433818,0.053791362792253494,61584080896,0,62419632128,22598909952,61394685952,61394690560,1214336512,0,160823214080,121114640384,0
1791595664.6330519,0.0529320053756237,61584080896,0,62419632128,22598909952,61394685952,61394690560,1214336512,0,160823017472,121114640384,0
1791595664.8306131,0.05040878430008888,61584080896,0,62419632128,22598909952,61394685952,61394690560,1214336512,0,160823111680,121114640384,0
1791595665.0315893,0.0513022243976593,61584080896,0,62419632128,22598909952,61394685952,61394690560,1214336512,0,160823316480,121114640384,0
1791595665.2296498,0.0492782611399889,61584093184,0,62419632128,22598909952,61394685952,61394690560,1214348800,0,160823185408,121114640384,0
1791595665.4347572,0.05430528149008751,61584093184,0,62419632128,22598909952,61394685952,61394690560,1214348800,0,160824266752,121114640384,0
1791595665.635162,0.05462774820625782,61584093184,0,62419632128,22598909952,61394685952,61394690560,1214348800,0,160823054336,121114640384,0
1791595665.8338342,0.05321698449552059,61584093184,0,62419632128,22598909952,61394685952,61394690560,1214348800,0,160823181312,121114640384,0
1791595666.03359,0.05289142765104771,61584093184,0,62419632128,22598909952,61394685952,61394690560,1214348800,0,160822992896,121114640384,0
1791595666.2317548,0.05099315196275711,61584093184,0,62419632128,22598909952,61394685952,61394690560,1214348800,0,160822988800,121114640384,0
1791595666.4296682,0.04882129654288292,61584093184,0,62419632128,22598909952,61394685952,61394690560,1214348800,0,160822964224,121114640384,0
1791595666.6305811,0.04964928328990936,61584093184,0,62419632128,22598909952,61394685952,61394690560,1214348800,0,160822677504,121114640384,0
1791595666.8298178,0.04879881627857685,61584093184,0,62419632128,22598909952,61394685952,61394690560,1214348800,0,160822542336,121114640384,0
1791595667.0286674,0.04756518080830574,61584093184,0,62419632128,22598909952,61394685952,61394690560,1214348800,0,160822599680,121114640384,0
1791595667.2312179,0.04999697953462601,61584093184,0,62419632128,22598909952,61394685952,61394690560,1214348800,0,160822542336,121114640384,0
1791595667.4360542,0.054752711206674576,61584093184,0,62419632128,22598909952,61394685952,61394690560,1214348800,0,160822870016,121114640384,0
1791595667.6333172,0.05193389765918255,61584093184,0,62419632128,22598909952,61394685952,61394690560,1214348800,0,160823218176,121114640384,0
1791595667.8344817,0.0530133917927742,61584093184,0,62419632128,22598909952,61394685952,61394690560,1214348800,0,160823185408,121114640384,0
1791595668.0323951,0.05086088553071022,61584093184,0,62419632128,22598909952,61394685952,61394690560,1214348800,0,160823279616,121114640384,0
1791595668.2381253,0.05650837533175945,61584093184,0,62419632128,22598909952,61394685952,61394690560,1214348800,0,160823369728,121114640384,0
1791595668.437682,0.05597963370382786,61584093184,0,62419632128,22598909952,61394685952,61394690560,1214348800,0,160823013376,121114640384,0
1791595668.6329918,0.05120578780770302,61584093184,0,62419632128,22598909952,61394685952,61394690560,1214348800,0,160823169024,121114640384,0
1791595668.837313,0.05544200353324413,61584093184,0,62419632128,22598909952,61394685952,61394690560,1214348800,0,160823218176,121114640384,0
1791595669.0392754,0.057309992611408234,61584093184,0,62419632128,22598909952,61394685952,61394690560,1214348800,0,160823218176,121114640384,0
1791595669.237448,0.05540021136403084,61584093184,0,62419632128,22598909952,61394685952,61394690560,1214348800,0,160823218176,121114640384,0
1791595669.4354908,0.05335431359708309,61586059264,0,62444797952,22573744128,61394685952,61394690560,1241480704,0,160824983552,121114632192,0
1791595669.6274273,0.045207856222987175,61604491264,0,67102572544,17915969536,61394685952,61394690560,5917687296,0,160842977280,121114628096,0
1791595669.83139,0.04908594489097595,61604532224,0,67085795328,17932746752,61394685952,61394690560,5900951040,0,160843141120,121114628096,0
1791595670.0315483,0.049128903076052666,61604577280,0,67136126976,17882415104,61394685952,61394690560,5951327744,0,160842960896,121114628096,0
1791595670.228516,0.046009769663214684,61604605952,0,67098378240,17920163840,61394685952,61394690560,5913607680,0,160842960896,121114628096,0
1791595670.427155,0.044566258788108826,61604642816,0,67140321280,17878220800,61394685952,61394690560,5955587584,0,160842801152,121114628096,0
1791595670.627514,0.04483666270971298,61604663296,0,67108864000,17909678080,61394685952,61394690560,5924150784,0,160843173888,121114628096,0
1791595670.8262372,0.04348093643784523,61604700160,0,67146612736,17871929344,61394685952,61394690560,5961936384,0,160842661888,121114628096,0
1791595671.0287473,0.04589919373393059,61604720640,0,67089989632,17928552448,61394685952,61394690560,5905333760,0,160842579968,121114628096,0
1791595671.2314053,0.04846807196736336,61604753408,0,67104669696,17913872384,61394685952,61394690560,5920046592,0,160842280960,121114628096,0
1791595671.4300988,0.04705246537923813,61604790272,0,67096281088,17922260992,61394685952,61394690560,5911694848,0,160842268672,121114628096,0
1791595671.628442,0.04530149884521961,61604810752,0,67108864000,17909678080,61394685952,61394690560,5924298240,0,160842625024,121114624000,0
1791595671.8319004,0.048668112605810165,61604843520,0,67113058304,17905483776,61394685952,61394690560,5928525312,0,160842702848,121114624000,0
1791595672.0295556,0.04624161869287491,61604868096,0,67121446912,17897095168,61394685952,61394690560,5936938496,0,160842711040,121114624000,0
1791595672.231568,0.04817373491823673,61604900864,0,67165487104,17853054976,61394685952,61394690560,5981011456,0,160842960896,121114624000,0
1791595672.4325433,0.04906476102769375,61604921344,0,67127738368,17890803712,61394685952,61394690560,5943283200,0,160843087872,121114624000,0
1791595672.6313958,0.04783664457499981,61604954112,0,67169681408,17848860672,61394685952,61394690560,5985259008,0,160843182080,121114624000,0
1791595672.8270805,0.04343906790018082,61604978688,0,67131932672,17886609408,61394685952,61394690560,5947534848,0,160842993664,121114624000,0
1791595673.0272949,0.04357275739312172,61605015552,0,67175972864,17842569216,61394685952,61394690560,5991611904,0,160843014144,121114624000,0
1791595673.2276752,0.04387431964278221,61605040128,0,67119349760,17899192320,61394685952,61394690560,5935013376,0,160843358208,121114624000,0
1791595673.4357243,0.051843054592609406,61605072896,0,67131932672,17886609408,61394685952,61394690560,5947629056,0,160842616832,121114624000,0
1791595673.6309428,0.046977076679468155,61605105664,0,67157098496,17861443584,61394685952,61394690560,5972827648,0,160843235328,121114624000,0
1791595673.828938,0.044892724603414536,61605126144,0,67146612736,17871929344,61394685952,61394690560,5962362368,0,160843075584,121114624000,0
1791595674.0269823,0.04285513237118721,61605163008,0,67161292800,17857249280,61394685952,61394690560,5977079296,0,160843161600,121114624000,0
1791595674.2291875,0.04497944004833698,61605183488,0,67238887424,17779654656,61394685952,61394690560,6054694400,0,160843231232,121114624000,0
1791595674.4304774,0.04618892818689346,61605183488,0,67071115264,17947426816,61394685952,61394690560,5886922240,0,160843046912,121114624000,0
1791595674.633461,0.04908118024468422,61605183488,0,67071115264,17947426816,61394685952,61394690560,5886922240,0,160843132928,121114619904,0
1791595674.8317516,0.047289928421378136,61605183488,0,67071115264,17947426816,61394685952,61394690560,5886922240,0,160843100160,121114619904,0
1791595675.0330734,0.04852733202278614,61605183488,0,67071115264,17947426816,61394685952,61394690560,5886922240,0,160842850304,121114619904,0
1791595675.236909,0.05227351188659668,61605183488,0,67071115264,17947426816,61394685952,61394690560,5886922240,0,160842506240,121114619904,0
1791595675.4324453,0.04772193357348442,61605183488,0,67071115264,17947426816,61394685952,61394690560,5886922240,0,160842964992,121114619904,0
1791595675.6311839,0.04637633264064789,61605445632,0,67129835520,17888706560,61394685952,61394690560,5945904640,0,160843153408,121114615808,0
1791595675.8336577,0.0487658753991127,61605445632,0,67075309568,17943232512,61394685952,61394690560,5891378688,0,160843030528,121114615808,0
1791595676.0410347,0.056060561910271645,61605449728,0,67083698176,17934843904,61394685952,61394690560,5899771392,0,160843661312,121114615808,0
1791595676.2324011,0.04734121821820736,61605482496,0,67079503872,17939038208,61394685952,61394690560,5895609856,0,160843497472,121114615808,0
1791595676.4295633,0.044423796236515045,61605507072,0,67100475392,17918066688,61394685952,61394690560,5916605952,0,160843042816,121114615808,0
1791595676.6319733,0.04674878716468811,61605539840,0,67144515584,17874026496,61394685952,61394690560,5960678912,0,160843018240,121114615808,0
1791595676.830753,0.04544759541749954,61605564416,0,67094183936,17924358144,61394685952,61394690560,5910371840,0,160843374592,121114615808,0
1791595677.03034,0.04495371878147125,61605593088,0,67108864000,17909678080,61394685952,61394690560,5925080576,0,160843292672,121114615808,0
1791595677.2190382,0.03358406014740467,61605621760,0,67094183936,17924358144,61394685952,61394690560,5910429184,0,160843341824,121114615808,0
1791595677.4189396,0.033416466787457466,61605650432,0,67115155456,17903386624,61394685952,61394690560,5931429376,0,160843358208,121114615808,0
1791595677.6350083,0.04940513148903847,61605683200,0,67144515584,17874026496,61394685952,61394690560,5960822272,0,160843608064,121114611712,0
1791595677.8347642,0.04904680699110031,61605720064,0,67102572544,17915969536,61394685952,61394690560,5918916096,0,160843276288,121114611712,0
1791595678.0209074,0.035124946385622025,61605740544,0,67150807040,17867735040,61394685952,61394690560,5967171072,0,160843079680,121114611712,0
1791595678.2187042,0.032858315855264664,61605773312,0,67106766848,17911775232,61394685952,61394690560,5923163648,0,160842940416,121114611712,0
1791595678.4189293,0.033013420179486275,61605797888,0,67119349760,17899192320,61394685952,61394690560,5935771136,0,160842735616,121114611712,0
1791595678.6307561,0.04477757401764393,61605830656,0,67140321280,17878220800,61394685952,61394690560,5956775424,0,160843059200,121114611712,0
1791595678.8376198,0.05156027898192406,61605863424,0,67115155456,17903386624,61394685952,61394690560,5931642368,0,160842997760,121114611712,0
1791595679.0586112,0.07234587706625462,61605888000,0,67134029824,17884512256,61394685952,61394690560,5950541312,0,160843292672,121114611712,0
1791595679.2533493,0.06697925552725792,61605920768,0,67186458624,17832083456,61394685952,61394690560,6003002880,0,160843190272,121114611712,0
1791595679.459219,0.07274462096393108,61605945344,0,67127738368,17890803712,61394685952,61394690560,5944307200,0,160843247616,121114611712,0
1791595679.6572232,0.07063900493085384,61605978112,0,67184361472,17834180608,61394685952,61394690560,6000963072,0,160843186176,121114607616,0
1791595679.8447397,0.058035632595419884,61605998592,0,67140321280,17878220800,61394685952,61394690560,5956943360,0,160843169792,121114607616,0
1791595680.0336692,0.046885138377547264,61606035456,0,67190652928,17827889152,61394685952,61394690560,6007311872,0,160843517952,121114607616,0
1791595680.2329366,0.04606934078037739,61606043648,0,67071115264,17947426816,61394685952,61394690560,5887782400,0,160843370496,121114607616,0
1791595680.434538,0.04755525663495064,61606043648,0,67071115264,17947426816,61394685952,61394690560,5887782400,0,160844677120,121114607616,0
1791595680.6370432,0.04997526668012142,61606043648,0,67071115264,17947426816,61394685952,61394690560,5887782400,0,160843898880,121114607616,0
1791595680.8344293,0.04727235250174999,61606043648,0,67071115264,17947426816,61394685952,61394690560,5887782400,0,160843526144,121114607616,0
1791595681.036812,0.04957092925906181,61606043648,0,67071115264,17947426816,61394685952,61394690560,5887782400,0,160843493376,121114607616,0
1791595681.2328384,0.045511193573474884,61606043648,0,67071115264,17947426816,61394685952,61394690560,5887782400,0,160843575296,121114607616,0
1791595681.4346988,0.04728545993566513,61606043648,0,67129835520,17888706560,61394685952,61394690560,5946502656,0,160843558912,121114607616,0
1791595681.6332383,0.04573999531567097,61606043648,0,67073212416,17945329664,61394685952,61394690560,5889879552,0,160843476992,121114607616,0
1791595681.834886,0.04729566164314747,61606043648,0,67094183936,17924358144,61394685952,61394690560,5910851072,0,160843300864,121114607616,0
1791595682.0339544,0.04627787321805954,61606043648,0,67110961152,17907580928,61394685952,61394690560,5927628288,0,160843202560,121114607616,0
1791595682.236269,0.048507221043109894,61606043648,0,67081601024,17936941056,61394685952,61394690560,5898268160,0,160843309056,121114607616,0
1791595682.434947,0.04710709862411022,61606043648,0,67102572544,17915969536,61394685952,61394690560,5919239680,0,160843264000,121114607616,0
1791595682.631402,0.04347965680062771,61606043648,0,67100475392,17918066688,61394685952,61394690560,5917142528,0,160843362304,121114603520,0
1791595682.8305848,0.04257931187748909,61606043648,0,67115155456,17903386624,61394685952,61394690560,5931822592,0,160843354112,121114603520,0
1791595683.0334227,0.04532795585691929,61606043648,0,67129835520,17888706560,61394685952,61394690560,5946502656,0,160843309056,121114603520,0
1791595683.225539,0.037376491352915764,61606043648,0,67094183936,17924358144,61394685952,61394690560,5910851072,0,160843296768,121114603520,0
1791595683.4268935,0.038666076958179474,61606043648,0,67136126976,17882415104,61394685952,61394690560,5952794112,0,160843395072,121114603520,0
1791595683.6324034,0.04409240745007992,61606043648,0,67100475392,17918066688,61394685952,61394690560,5917142528,0,160843128832,121114603520,0
1791595683.8329308,0.04453338496387005,61606043648,0,67113058304,17905483776,61394685952,61394690560,5929725440,0,160843137024,121114603520,0
1791595684.0359766,0.04749637842178345,61606043648,0,67165487104,17853054976,61394685952,61394690560,5982154240,0,160843218944,121114603520,0
1791595684.2373798,0.048798052594065666,61606043648,0,67113058304,17905483776,61394685952,61394690560,5929725440,0,160843313152,121114603520,0
1791595684.4356637,0.04700147546827793,61606043648,0,67138224128,17880317952,61394685952,61394690560,5954891264,0,160843677696,121114603520,0
1791595684.634859,0.04611624777317047,61606043648,0,67115155456,17903386624,61394685952,61394690560,5931822592,0,160843550720,121114603520,0
1791595684.839765,0.05091826058924198,61606043648,0,67140321280,17878220800,61394685952,61394690560,5956988416,0,160843567104,121114603520,0
1791595685.035225,0.04629533924162388,61606043648,0,67178070016,17840472064,61394685952,61394690560,5994737152,0,160843534336,121114603520,0
1791595685.2307978,0.04178764298558235,61606043648,0,67123544064,17894998016,61394685952,61394690560,5940211200,0,160843624448,121114603520,0
1791595685.4333346,0.04424230940639973,61606043648,0,67157098496,17861443584,61394685952,61394690560,5973765632,0,160844234752,121114603520,0
1791595685.6357648,0.04659378528594971,61606043648,0,67186458624,17832083456,61394685952,61394690560,6003125760,0,160844062720,121114599424,0
1791595685.8409708,0.05171445943415165,61606043648,0,67131932672,17886609408,61394685952,61394690560,5948599808,0,160844144640,121114599424,0
1791595686.0363252,0.04697839543223381,61606043648,0,67071115264,17947426816,61394685952,61394690560,5887782400,0,160844230656,121114599424,0
1791595686.2317748,0.04236457124352455,61606043648,0,67071115264,17947426816,61394685952,61394690560,5887782400,0,160844214272,121114599424,0
1791595686.4338377,0.044342752546072006,61606043648,0,67071115264,17947426816,61394685952,61394690560,5887782400,0,160843825152,121114599424,0
1791595686.6349266,0.04535368271172047,61606043648,0,67071115264,17947426816,61394685952,61394690560,5887782400,0,160843567104,121114599424,0
1791595686.8358314,0.04617615230381489,61606043648,0,67071115264,17947426816,61394685952,61394690560,5887782400,0,160843644928,121114599424,0
1791595687.0367944,0.047052713111042976,61606043648,0,67071115264,17947426816,61394685952,61394690560,5887782400,0,160843427840,121114599424,0
1791595687.2427752,0.052902914583683014,61606043648,0,67102572544,17915969536,61394685952,61394690560,5919239680,0,160843501568,121114599424,0
1791595687.4416182,0.05164136737585068,61606043648,0,67089989632,17928552448,61394685952,61394690560,5906656768,0,160843509760,121114599424,0
1791595687.639471,0.04940098524093628,61606043648,0,67134029824,17884512256,61394685952,61394690560,5950696960,0,160843870208,121114595328,0
1791595687.8402107,0.05005156621336937,61606043648,0,67079503872,17939038208,61394685952,61394690560,5896171008,0,160843825152,121114595328,0
1791595688.0377495,0.04750503972172737,61606043648,0,67092086784,17926455296,61394685952,61394690560,5908753920,0,160844169216,121114595328,0
1791595688.2341006,0.0437751691788435,61606043648,0,67115155456,17903386624,61394685952,61394690560,5931822592,0,160844238848,121114595328,0
1791595688.436128,0.045716727152466774,61606043648,0,67087892480,17930649600,61394685952,61394690560,5904559616,0,160844365824,121114595328,0
1791595688.637562,0.04707247018814087,61606043648,0,67102572544,17915969536,61394685952,61394690560,5919239680,0,160844193792,121114595328,0
1791595688.8358536,0.04527896083891392,61606043648,0,67123544064,17894998016,61394685952,61394690560,5940211200,0,160844148736,121114595328,0
1791595689.0358338,0.0451778806746006,61606043648,0,67108864000,17909678080,61394685952,61394690560,5925531136,0,160844177408,121114595328,0
1791595689.236091,0.04535399191081524,61606043648,0,67136126976,17882415104,61394685952,61394690560,5952794112,0,160844161024,121114595328,0
1791595689.436573,0.045753566548228264,61606043648,0,67115155456,17903386624,61394685952,61394690560,5931822592,0,160843853824,121114595328,0
1791595689.6363163,0.04541943594813347,61606043648,0,67125641216,17892900864,61394685952,61394690560,5942308352,0,160844435456,121114595328,0
1791595689.8348548,0.043876538053154945,61606043648,0,67152904192,17865637888,61394685952,61394690560,5969571328,0,160844595200,121114722304,0
1791595690.0336587,0.04259681515395641,61606043648,0,67108864000,17909678080,61394685952,61394690560,5925531136,0,160844664832,121114722304,0
1791595690.2374945,0.04634140990674496,61606043648,0,67129835520,17888706560,61394685952,61394690560,5946502656,0,160843980800,121114722304,0
1791595690.4349885,0.04375123046338558,61606043648,0,67146612736,17871929344,61394685952,61394690560,5963279872,0,160844345344,121114722304,0
1791595690.6367004,0.045383378863334656,61606043648,0,67140321280,17878220800,61394685952,61394690560,5956988416,0,160844288000,121114718208,0
1791595690.8374357,0.04603544995188713,61606043648,0,67146612736,17871929344,61394685952,61394690560,5963279872,0,160844238848,121114718208,0
1791595691.035895,0.04441503994166851,61606043648,0,67136126976,17882415104,61394685952,61394690560,5952794112,0,160844333056,121114718208,0
1791595691.2302809,0.038732266053557396,61606043648,0,67152904192,17865637888,61394685952,61394690560,5969571328,0,160844419072,121114718208,0
1791595691.430318,0.03870352730154991,61606043648,0,67159195648,17859346432,61394685952,61394690560,5975862784,0,160844120064,121114718208,0
1791595691.6352122,0.04352041147649288,61606043648,0,67131932672,17886609408,61394685952,61394690560,5948599808,0,160844472320,121114718208,0
1791595691.8286707,0.036912502720952034,61606047744,0,67071115264,17947426816,61394685952,61394690560,5887786496,0,160844300288,121114591232,0
1791595692.02815,0.03632578067481518,61606047744,0,67071115264,17947426816,61394685952,61394690560,5887786496,0,160844623872,121114591232,0
1791595692.237873,0.04594854265451431,61606047744,0,67071115264,17947426816,61394685952,61394690560,5887786496,0,160844820480,121114591232,0
1791595692.4371855,0.04516804404556751,61606047744,0,67071115264,17947426816,61394685952,61394690560,5887786496,0,160844587008,121114591232,0
1791595692.6368866,0.044790010899305344,61606047744,0,67071115264,17947426816,61394685952,61394690560,5887786496,0,160844390400,121114591232,0
1791595692.8378465,0.04562504217028618,61606047744,0,67071115264,17947426816,61394685952,61394690560,5887786496,0,160844038144,121114591232,0
1791595693.0380962,0.04579553194344044,61606047744,0,67075309568,17943232512,61394685952,61394690560,5891980800,0,160843698176,121114591232,0
1791595693.2401354,0.04774770140647888,61606047744,0,67085795328,17932746752,61394685952,61394690560,5902466560,0,160843722752,121114591232,0
1791595693.4396527,0.047178734093904495,61606047744,0,67134029824,17884512256,61394685952,61394690560,5950701056,0,160843939840,121114591232,0
1791595693.639362,0.046801650896668434,61606047744,0,67079503872,17939038208,61394685952,61394690560,5896175104,0,160844029952,121114587136,0
1791595693.8410964,0.048452308401465416,61606047744,0,67092086784,17926455296,61394685952,61394690560,5908758016,0,160844124160,121114587136,0
1791595694.0395756,0.04685088247060776,61606047744,0,67142418432,17876123648,61394685952,61394690560,5959089664,0,160844460032,121114587136,0
1791595694.2373471,0.04454342648386955,61606047744,0,67085795328,17932746752,61394685952,61394690560,5902466560,0,160844521472,121114587136,0
1791595694.4366772,0.04379374720156193,61606047744,0,67108864000,17909678080,61394685952,61394690560,5925535232,0,160844627968,121114587136,0
1791595694.6374042,0.04443945176899433,61606047744,0,67123544064,17894998016,61394685952,61394690560,5940215296,0,160844443648,121114587136,0
1791595694.8358612,0.042814722284674644,61606047744,0,67119349760,17899192320,61394685952,61394690560,5936020992,0,160844525568,121114587136,0
1791595695.03682,0.043692996725440025,61606047744,0,67144515584,17874026496,61394685952,61394690560,5961186816,0,160844587008,121114587136,0
1791595695.2389207,0.04571139998733997,61606047744,0,67115155456,17903386624,61394685952,61394690560,5931826688,0,160844386304,121114587136,0
1791595695.4416358,0.048335323110222816,61606047744,0,67125641216,17892900864,61394685952,61394690560,5942312448,0,160856141824,121114587136,0
1791595695.6427045,0.04931896924972534,61606047744,0,67134029824,17884512256,61394685952,61394690560,5950701056,0,160843907072,121114583040,0
1791595695.8429396,0.04946316406130791,61606047744,0,67108864000,17909678080,61394685952,61394690560,5925535232,0,160843841536,121114583040,0
1791595696.0402563,0.04669929854571819,61606047744,0,67113058304,17905483776,61394685952,61394690560,5929729536,0,160844169216,121114583040,0
1791595696.2412355,0.04759945906698704,61606047744,0,67173875712,17844666368,61394685952,61394690560,5990546944,0,160844021760,121114583040,0
1791595696.4394665,0.045751312747597694,61606047744,0,67117252608,17901289472,61394685952,61394690560,5933923840,0,160844132352,121114583040,0
1791595696.6379886,0.044193802401423454,61606047744,0,67138224128,17880317952,61394685952,61394690560,5954895360,0,160844230656,121114583040,0
1791595696.8412917,0.04741605743765831,61606047744,0,67182264320,17836277760,61394685952,61394690560,5998935552,0,160844173312,121114583040,0
1791595697.0405738,0.04657690413296223,61606047744,0,67125641216,17892900864,61394685952,61394690560,5942312448,0,160844095488,121114583040,0
1791595697.2430713,0.04899531602859497,61606047744,0,67146612736,17871929344,61394685952,61394690560,5963283968,0,160844210176,121114583040,0
1791595697.4446056,0.05043758265674114,61606047744,0,67190652928,17827889152,61394685952,61394690560,6007324160,0,160844259328,121114583040,0
1791595697.6444151,0.05015181936323643,61606047744,0,67071115264,17947426816,61394685952,61394690560,5887786496,0,160844562432,121114583040,0
1791595697.8412557,0.04691334068775177,61606047744,0,67071115264,17947426816,61394685952,61394690560,5887786496,0,160844165120,121114583040,0
1791595698.0376012,0.0431809201836586,61606047744,0,67071115264,17947426816,61394685952,61394690560,5887786496,0,160844099584,121114583040,0
1791595698.238801,0.044299205765128136,61606047744,0,67071115264,17947426816,61394685952,61394690560,5887786496,0,160843841536,121114583040,0
1791595698.4400713,0.04549029655754566,61606047744,0,67071115264,17947426816,61394685952,61394690560,5887786496,0,160843452416,121114583040,0
1791595698.6382446,0.0435840729624033,61606047744,0,67071115264,17947426816,61394685952,61394690560,5887786496,0,160843546624,121114578944,0
1791595698.8472815,0.05251147598028183,61606047744,0,67098378240,17920163840,61394685952,61394690560,5915049472,0,160843386880,121114578944,0
1791595699.0410097,0.04614803567528725,61606047744,0,67073212416,17945329664,61394685952,61394690560,5889883648,0,160842866688,121114578944,0
1791595699.2436125,0.04867191053926945,61606047744,0,67077406720,17941135360,61394685952,61394690560,5894077952,0,160842964992,121114578944,0
1791595699.4458098,0.0507525522261858,61606047744,0,67138224128,17880317952,61394685952,61394690560,5954895360,0,160843563008,121114578944,0
1791595699.6478066,0.05256432294845581,61606047744,0,67081601024,17936941056,61394685952,61394690560,5898272256,0,160843137024,121114578944,0
1791595699.853495,0.05814705044031143,61606047744,0,67094183936,17924358144,61394685952,61394690560,5910855168,0,160843194368,121114578944,0
1791595700.046001,0.05054890178143978,61606047744,0,67119349760,17899192320,61394685952,61394690560,5936020992,0,160843210752,121114578944,0
1791595700.2443285,0.04879074729979038,61606047744,0,67106766848,17911775232,61394685952,61394690560,5923438080,0,160843329536,121114578944,0
1791595700.444314,0.04867927357554436,61606047744,0,67129835520,17888706560,61394685952,61394690560,5946506752,0,160859287552,121114578944,0
1791595700.6422362,0.04650955647230148,61606047744,0,67096281088,17922260992,61394685952,61394690560,5912952320,0,160843730944,121114574848,0
1791595700.8441408,0.048317547887563705,61606047744,0,67117252608,17901289472,61394685952,61394690560,5933923840,0,160843497472,121114574848,0
1791595701.051774,0.055840471759438515,61606047744,0,67146612736,17871929344,61394685952,61394690560,5963283968,0,160843599872,121114574848,0
1791595701.2448323,0.04881797544658184,61606047744,0,67104669696,17913872384,61394685952,61394690560,5921340928,0,160843218944,121114574848,0
1791595701.4444718,0.048374224454164505,61606047744,0,67117252608,17901289472,61394685952,61394690560,5933923840,0,160843485184,121114574848,0
1791595701.6444652,0.04823227971792221,61606047744,0,67140321280,17878220800,61394685952,61394690560,5956992512,0,160843354112,121114570752,0
1791595701.8462455,0.049927156418561935,61606047744,0,67115155456,17903386624,61394685952,61394690560,5931826688,0,160843374592,121114570752,0
1791595702.043698,0.04729127697646618,61606047744,0,67161292800,17857249280,61394685952,61394690560,5977964032,0,160843513856,121114570752,0
1791595702.2448761,0.04838261008262634,61606047744,0,67129835520,17888706560,61394685952,61394690560,5946506752,0,160843169792,121114570752,0
1791595702.4455934,0.04901321046054363,61606047744,0,67142418432,17876123648,61394685952,61394690560,5959089664,0,160843522048,121114570752,0
1791595702.6458638,0.04919799230992794,61606047744,0,67169681408,17848860672,61394685952,61394690560,5986352640,0,160843878400,121114570752,0
1791595702.8463333,0.04957303963601589,61606047744,0,67140321280,17878220800,61394685952,61394690560,5956992512,0,160843390976,121114570752,0
1791595703.0451257,0.04827243648469448,61606047744,0,67150807040,17867735040,61394685952,61394690560,5967478272,0,160843231232,121114570752,0
1791595703.2460833,0.049136603251099586,61606047744,0,67161292800,17857249280,61394685952,61394690560,5977964032,0,160843026432,121114570752,0
1791595703.444586,0.04754866100847721,61606051840,0,67071115264,17947426816,61394685952,61394690560,5887790592,0,160843120640,121114570752,0
1791595703.6459498,0.04882514476776123,61606051840,0,67071115264,17947426816,61394685952,61394690560,5887790592,0,160843128832,121114566656,0
1791595703.844539,0.0473237968981266,61606051840,0,67071115264,17947426816,61394685952,61394690560,5887790592,0,160843341824,121114566656,0
1791595704.0457895,0.04847915098071098,61606051840,0,67071115264,17947426816,61394685952,61394690560,5887790592,0,160843333632,121114566656,0
1791595704.2467365,0.049337226897478104,61606051840,0,67071115264,17947426816,61394685952,61394690560,5887790592,0,160843202560,121114566656,0
1791595704.4453607,0.04786813445389271,61606051840,0,67071115264,17947426816,61394685952,61394690560,5887790592,0,160843558912,121114566656,0
1791595704.6469884,0.04940999299287796,61606051840,0,67081601024,17936941056,61394685952,61394690560,5898276352,0,160843907072,121114566656,0
1791595704.8464837,0.048823460936546326,61606051840,0,67096281088,17922260992,61394685952,61394690560,5912956416,0,160843849728,121114566656,0
1791595705.0455596,0.047810304909944534,61606051840,0,67134029824,17884512256,61394685952,61394690560,5950705152,0,160843898880,121114566656,0
1791595705.2460015,0.048163171857595444,61606051840,0,67077406720,17941135360,61394685952,61394690560,5894082048,0,160843710464,121114566656,0
1791595705.448277,0.05035596713423729,61606051840,0,67100475392,17918066688,61394685952,61394690560,5917150720,0,160860078080,121114566656,0
1791595705.6482115,0.05020490847527981,61606051840,0,67083698176,17934843904,61394685952,61394690560,5900373504,0,160844177408,121114566656,0
1791595705.8468356,0.04874723590910435,61606051840,0,67098378240,17920163840,61394685952,61394690560,5915053568,0,160844435456,121114566656,0
1791595706.0443509,0.04618184082210064,61606051840,0,67121446912,17897095168,61394685952,61394690560,5938122240,0,160844521472,121114566656,0
1791595706.241968,0.04371698759496212,61606051840,0,67110961152,17907580928,61394685952,61394690560,5927636480,0,160844009472,121114566656,0
1791595706.4434836,0.045153314247727394,61606051840,0,67152904192,17865637888,61394685952,61394690560,5969579520,0,160843804672,121114566656,0
1791595706.6428542,0.044439734891057014,61606051840,0,67098378240,17920163840,61394685952,61394690560,5915053568,0,160843563008,121114562560,0
1791595706.8339825,0.03550192341208458,61606051840,0,67110961152,17907580928,61394685952,61394690560,5927636480,0,160843771904,121114562560,0
1791595707.044037,0.045476920902729034,61606051840,0,67161292800,17857249280,61394685952,61394690560,5977968128,0,160843714560,121114562560,0
1791595707.2439702,0.045323774218559265,61606051840,0,67106766848,17911775232,61394685952,61394690560,5923442176,0,160843546624,121114562560,0
1791595707.4467764,0.048033423721790314,61606051840,0,67127738368,17890803712,61394685952,61394690560,5944413696,0,160843919360,121114562560,0
1791595707.6475697,0.04873716086149216,61606051840,0,67142418432,17876123648,61394685952,61394690560,5959093760,0,160843665408,121114562560,0
1791595707.8475678,0.04865017160773277,61606051840,0,67136126976,17882415104,61394685952,61394690560,5952802304,0,160843681792,121114562560,0
1791595708.0487347,0.04973136633634567,61606051840,0,67163389952,17855152128,61394685952,61394690560,5980065280,0,160843710464,121114562560,0
1791595708.2447817,0.04569593258202076,61606051840,0,67119349760,17899192320,61394685952,61394690560,5936025088,0,160843784192,121114562560,0
1791595708.442456,0.04328509233891964,61606051840,0,67131932672,17886609408,61394685952,61394690560,5948608000,0,160843800576,121114562560,0
1791595708.6444204,0.045163681730628014,61606051840,0,67184361472,17834180608,61394685952,61394690560,6001036800,0,160843890688,121114562560,0
1791595708.8468266,0.04747831076383591,61606051840,0,67127738368,17890803712,61394685952,61394690560,5944413696,0,160843452416,121114562560,0
1791595709.0481272,0.04869492165744305,61606051840,0,67140321280,17878220800,61394685952,61394690560,5956996608,0,160843788288,121114562560,0
1791595709.2474065,0.047890618443489075,61606051840,0,67102572544,17915969536,61394685952,61394690560,5919247872,0,160843714560,121114562560,0
1791595709.4467154,0.04711161181330681,61606051840,0,67071115264,17947426816,61394685952,61394690560,5887790592,0,160843771904,121114562560,0
1791595709.6479287,0.04824296198785305,61606051840,0,67071115264,17947426816,61394685952,61394690560,5887790592,0,160844029952,121114558464,0
1791595709.8472106,0.04744168743491173,61606051840,0,67071115264,17947426816,61394685952,61394690560,5887790592,0,160844025856,121114558464,0
1791595710.0493045,0.04945261590182781,61606051840,0,67071115264,17947426816,61394685952,61394690560,5887790592,0,160843657216,121114558464,0
1791595710.248496,0.04855873994529247,61606051840,0,67071115264,17947426816,61394685952,61394690560,5887790592,0,160843882496,121114558464,0
1791595710.4488215,0.04879906587302685,61606051840,0,67089989632,17928552448,61394685952,61394690560,5906664960,0,160860409856,121114558464,0
1791595710.6472108,0.047104423865675926,61606051840,0,67104669696,17913872384,61394685952,61394690560,5921345024,0,160844300288,121114558464,0
1791595710.8466747,0.046356068924069405,61606051840,0,67081601024,17936941056,61394685952,61394690560,5898276352,0,160844361728,121114558464,0
1791595711.0473523,0.04694873094558716,61606051840,0,67096281088,17922260992,61394685952,61394690560,5912956416,0,160844333056,121114558464,0
1791595711.2495232,0.04903794266283512,61606051840,0,67113058304,17905483776,61394685952,61394690560,5929733632,0,160843919360,121114558464,0
1791595711.4477713,0.047198692336678505,61606051840,0,67110961152,17907580928,61394685952,61394690560,5927636480,0,160843902976,121114558464,0
1791595711.6495261,0.048869457095861435,61606051840,0,67131932672,17886609408,61394685952,61394690560,5948608000,0,160843444224,121114554368,0
1791595711.84589,0.04515054635703564,61606051840,0,67089989632,17928552448,61394685952,61394690560,5906664960,0,160843423744,121114554368,0
1791595712.0495627,0.048728037625551224,61606051840,0,67115155456,17903386624,61394685952,61394690560,5931830784,0,160843214848,121114554368,0
1791595712.251666,0.050750574097037315,61606051840,0,67140321280,17878220800,61394685952,61394690560,5956996608,0,160843481088,121114554368,0
1791595712.4491618,0.04814690165221691,61606051840,0,67108864000,17909678080,61394685952,61394690560,5925539328,0,160843833344,121114554368,0
1791595712.6467612,0.045663198456168175,61606051840,0,67123544064,17894998016,61394685952,61394690560,5940219392,0,160843849728,121114554368,0
1791595712.846342,0.045005615800619125,61606051840,0,67134029824,17884512256,61394685952,61394690560,5950705152,0,160843923456,121114554368,0
1791595713.0459075,0.04448537901043892,61606051840,0,67104669696,17913872384,61394685952,61394690560,5921345024,0,160844271616,121114554368,0
1791595713.248255,0.046749815344810486,61606051840,0,67127738368,17890803712,61394685952,61394690560,5944413696,0,160844062720,121114554368,0
1791595713.4490921,0.047504499554634094,61606051840,0,67115155456,17903386624,61394685952,61394690560,5931830784,0,160844152832,121114554368,0
1791595713.6496902,0.04802105203270912,61606051840,0,67131932672,17886609408,61394685952,61394690560,5948608000,0,160843964416,121114554368,0
1791595713.8589115,0.05716044269502163,61606051840,0,67142418432,17876123648,61394685952,61394690560,5959093760,0,160843878400,121114554368,0
1791595714.0734541,0.07162020169198513,61606051840,0,67163389952,17855152128,61394685952,61394690560,5980065280,0,160843808768,121114554368,0
1791595714.2503202,0.04839729517698288,61606051840,0,67165487104,17853054976,61394685952,61394690560,5982162432,0,160843710464,121114554368,0
1791595714.449774,0.047767236828804016,61606051840,0,67131932672,17886609408,61394685952,61394690560,5948608000,0,160843792384,121114554368,0
1791595714.6525874,0.05049402080476284,61606051840,0,67146612736,17871929344,61394685952,61394690560,5963288064,0,160843579392,121114550272,0
1791595714.8498938,0.047677112743258476,61606051840,0,67186458624,17832083456,61394685952,61394690560,6003133952,0,160843939840,121114550272,0
1791595715.047838,0.04550793766975403,61606051840,0,67134029824,17884512256,61394685952,61394690560,5950705152,0,160843669504,121114550272,0
1791595715.2506037,0.048191165551543236,61606051840,0,67190652928,17827889152,61394685952,61394690560,6007328256,0,160843661312,121114550272,0
1791595715.4514334,0.04891359992325306,61606051840,0,67071115264,17947426816,61394685952,61394690560,5887790592,0,160859398144,121114550272,0
1791595715.65026,0.04765758477151394,61606051840,0,67071115264,17947426816,61394685952,61394690560,5887790592,0,160843497472,121114550272,0
1791595715.846684,0.04400063306093216,61606051840,0,67071115264,17947426816,61394685952,61394690560,5887790592,0,160843595776,121114550272,0
1791595716.0517879,0.04902159608900547,61606051840,0,67071115264,17947426816,61394685952,61394690560,5887790592,0,160843677696,121114550272,0
1791595716.2496016,0.04675452597439289,61606051840,0,67071115264,17947426816,61394685952,61394690560,5887790592,0,160844029952,121114550272,0
1791595716.4500635,0.0471362192183733,61606051840,0,67071115264,17947426816,61394685952,61394690560,5887790592,0,160843878400,121114550272,0
1791595716.6499262,0.04689779132604599,61606051840,0,67089989632,17928552448,61394685952,61394690560,5906664960,0,160843882496,121114550272,0
1791595716.8504076,0.047287655994296074,61606051840,0,67134029824,17884512256,61394685952,61394690560,5950705152,0,160843702272,121114550272,0
1791595717.0493712,0.04615067318081856,61606051840,0,67087892480,17930649600,61394685952,61394690560,5904567808,0,160843735040,121114550272,0
1791595717.249998,0.04668327793478966,61606051840,0,67106766848,17911775232,61394685952,61394690560,5923442176,0,160843464704,121114550272,0
1791595717.4487743,0.04537943936884403,61606051840,0,67083698176,17934843904,61394685952,61394690560,5900373504,0,160843530240,121114550272,0
1791595717.64989,0.046417200937867165,61606051840,0,67104669696,17913872384,61394685952,61394690560,5921345024,0,160843612160,121114546176,0
1791595717.850914,0.04736188054084778,61606051840,0,67146612736,17871929344,61394685952,61394690560,5963288064,0,160843489280,121114546176,0
1791595718.0514615,0.04782990179955959,61606051840,0,67102572544,17915969536,61394685952,61394690560,5919247872,0,160843722752,121114546176,0
1791595718.2521172,0.0484011173248291,61606051840,0,67127738368,17890803712,61394685952,61394690560,5944413696,0,160844115968,121114546176,0
1791595718.4529119,0.04909735545516014,61606051840,0,67142418432,17876123648,61394685952,61394690560,5959093760,0,160844320768,121114546176,0
1791595718.650694,0.046796636655926704,61606051840,0,67100475392,17918066688,61394685952,61394690560,5917150720,0,160844374016,121114546176,0
1791595718.8516393,0.04764917306602001,61606051840,0,67121446912,17897095168,61394685952,61394690560,5938122240,0,160844443648,121114546176,0
1791595719.0509803,0.04689474403858185,61606051840,0,67136126976,17882415104,61394685952,61394690560,5952802304,0,160844460032,121114546176,0
1791595719.252442,0.048223311081528664,61606051840,0,67123544064,17894998016,61394685952,61394690560,5940219392,0,160844550144,121114546176,0
1791595719.4533935,0.04908636026084423,61606051840,0,67138224128,17880317952,61394685952,61394690560,5954899456,0,160844263424,121114546176,0
1791595719.651297,0.04691055603325367,61606051840,0,67113058304,17905483776,61394685952,61394690560,5929733632,0,160844283904,121114546176,0
1791595719.850935,0.04646892659366131,61606051840,0,67134029824,17884512256,61394685952,61394690560,5950705152,0,160844124160,121114546176,0
1791595720.0502512,0.04570418410003185,61606051840,0,67150807040,17867735040,61394685952,61394690560,5967482368,0,160844189696,121114546176,0
1791595720.2535403,0.048912858590483665,61606051840,0,67138224128,17880317952,61394685952,61394690560,5954899456,0,160844062720,121114546176,0
1791595720.4548545,0.05014115013182163,61606051840,0,67142418432,17876123648,61394685952,61394690560,5959093760,0,160860282880,121114546176,0
1791595720.6538005,0.04900232516229153,61606051840,0,67127738368,17890803712,61394685952,61394690560,5944413696,0,160844476416,121114542080,0
1791595720.8522074,0.047327036038041115,61606051840,0,67140321280,17878220800,61394685952,61394690560,5956996608,0,160844554240,121114542080,0
1791595721.0506873,0.04572365619242191,61606051840,0,67163389952,17855152128,61394685952,61394690560,5980065280,0,160844574720,121114542080,0
1791595721.24947,0.044422199949622154,61606051840,0,67071115264,17947426816,61394685952,61394690560,5887790592,0,160844574720,121114542080,0
1791595721.4507,0.04556945152580738,61606051840,0,67071115264,17947426816,61394685952,61394690560,5887790592,0,160843993088,121114542080,0
1791595721.650777,0.04556044563651085,61606051840,0,67071115264,17947426816,61394685952,61394690560,5887790592,0,160843931648,121114542080,0
1791595721.8508887,0.04559280350804329,61606051840,0,67071115264,17947426816,61394685952,61394690560,5887790592,0,160843767808,121114542080,0
1791595722.0511236,0.0457471888512373,61606051840,0,67071115264,17947426816,61394685952,61394690560,5887790592,0,160844091392,121114542080,0
1791595722.2531028,0.04764592833817005,61606051840,0,67071115264,17947426816,61394685952,61394690560,5887790592,0,160843378688,121114542080,0
1791595722.451016,0.04547552391886711,61606051840,0,67117252608,17901289472,61394685952,61394690560,5933927936,0,160843653120,121114542080,0
1791595722.6502738,0.04465058632194996,61606051840,0,67085795328,17932746752,61394685952,61394690560,5902470656,0,160843743232,121114537984,0
1791595722.8502262,0.04451691545546055,61606051840,0,67096281088,17922260992,61394685952,61394690560,5912956416,0,160843685888,121114537984,0
1791595723.0516043,0.045812610536813736,61606051840,0,67144515584,17874026496,61394685952,61394690560,5961190912,0,160843534336,121114537984,0
1791595723.2548788,0.04899805039167404,61606051840,0,67083698176,17934843904,61394685952,61394690560,5900373504,0,160843554816,121114537984,0
1791595723.454274,0.048313774168491364,61606051840,0,67096281088,17922260992,61394685952,61394690560,5912956416,0,160843649024,121114537984,0
1791595723.6564472,0.05039072781801224,61606051840,0,67119349760,17899192320,61394685952,61394690560,5936025088,0,160844128256,121114537984,0
1791595723.8551178,0.04895090311765671,61606051840,0,67106766848,17911775232,61394685952,61394690560,5923442176,0,160844173312,121114537984,0
1791595724.0585258,0.052273547276854515,61606051840,0,67131932672,17886609408,61394685952,61394690560,5948608000,0,160844484608,121114537984,0
1791595724.2556329,0.049270015209913254,61606051840,0,67108864000,17909678080,61394685952,61394690560,5925539328,0,160844308480,121114537984,0
1791595724.4556816,0.04923359677195549,61606051840,0,67121446912,17897095168,61394685952,61394690560,5938122240,0,160844062720,121114537984,0
1791595724.653944,0.04740963689982891,61606051840,0,67161292800,17857249280,61394685952,61394690560,5977968128,0,160844144640,121114537984,0
1791595724.8529923,0.0463714636862278,61606051840,0,67104669696,17913872384,61394685952,61394690560,5921345024,0,160844165120,121114537984,0
1791595725.052003,0.04530034959316254,61606051840,0,67125641216,17892900864,61394685952,61394690560,5942316544,0,160844263424,121114537984,0
1791595725.2529387,0.04615422524511814,61606051840,0,67142418432,17876123648,61394685952,61394690560,5959093760,0,160844353536,121114537984,0
1791595725.4436982,0.0368486437946558,61606051840,0,67140321280,17878220800,61394685952,61394690560,5956996608,0,160858480640,121114537984,0
1791595725.6412995,0.0343818087130785,61606051840,0,67173875712,17844666368,61394685952,61394690560,5990551040,0,160844447744,121114529792,0
1791595725.8535826,0.04658270813524723,61606051840,0,67123544064,17894998016,61394685952,61394690560,5940219392,0,160844226560,121114529792,0
1791595726.0553045,0.048219652846455574,61606051840,0,67144515584,17874026496,61394685952,61394690560,5961190912,0,160844296192,121114529792,0
1791595726.255104,0.047935398295521736,61606051840,0,67169681408,17848860672,61394685952,61394690560,5986356736,0,160844128256,121114529792,0
1791595726.4554987,0.04824468307197094,61606051840,0,67127738368,17890803712,61394685952,61394690560,5944413696,0,160844148736,121114529792,0
1791595726.6553934,0.04805624112486839,61606051840,0,67140321280,17878220800,61394685952,61394690560,5956996608,0,160844222464,121114529792,0
1791595726.854528,0.047109467908740044,61606051840,0,67163389952,17855152128,61394685952,61394690560,5980065280,0,160843538432,121114529792,0
1791595727.0513065,0.04380876570940018,61606051840,0,67071115264,17947426816,61394685952,61394690560,5887790592,0,160843628544,121114529792,0
1791595727.251056,0.043477196246385574,61606051840,0,67071115264,17947426816,61394685952,61394690560,5887790592,0,160843616256,121114529792,0
1791595727.456841,0.04916507564485073,61606051840,0,67071115264,17947426816,61394685952,61394690560,5887790592,0,160843763712,121114529792,0
1791595727.6412852,0.03354424238204956,61606051840,0,67071115264,17947426816,61394685952,61394690560,5887790592,0,160843816960,121114529792,0
1791595727.8546813,0.04685690626502037,61606051840,0,67071115264,17947426816,61394685952,61394690560,5887790592,0,160843497472,121114529792,0
1791595728.0534537,0.04554382525384426,61606051840,0,67071115264,17947426816,61394685952,61394690560,5887790592,0,160843591680,121114529792,0
1791595728.2530432,0.04505111090838909,61606051840,0,67089989632,17928552448,61394685952,61394690560,5906664960,0,160843603968,121114529792,0
1791595728.451772,0.043701546266674995,61606051840,0,67106766848,17911775232,61394685952,61394690560,5923442176,0,160843493376,121114529792,0
1791595728.6535487,0.04539023898541927,61606051840,0,67094183936,17924358144,61394685952,61394690560,5910859264,0,160843825152,121114525696,0
1791595728.8554451,0.04719923995435238,61606051840,0,67098378240,17920163840,61394685952,61394690560,5915053568,0,160843616256,121114525696,0
1791595729.0575037,0.04916972108185291,61606051840,0,67096281088,17922260992,61394685952,61394690560,5912956416,0,160843968512,121114525696,0
1791595729.257407,0.048989441245794296,61606051840,0,67102572544,17915969536,61394685952,61394690560,5919247872,0,160843902976,121114525696,0
1791595729.4576008,0.04907446354627609,61606051840,0,67115155456,17903386624,61394685952,61394690560,5931830784,0,160843620352,121114525696,0
1791595729.6573493,0.048716042190790176,61606051840,0,67104669696,17913872384,61394685952,61394690560,5921345024,0,160843866112,121114525696,0
1791595729.8577812,0.049062203615903854,61606051840,0,67127738368,17890803712,61394685952,61394690560,5944413696,0,160843902976,121114525696,0
1791595730.0584307,0.04961000382900238,61606051840,0,67155001344,17863540736,61394685952,61394690560,5971676672,0,160844156928,121114525696,0
1791595730.253855,0.04497002251446247,61606051840,0,67102572544,17915969536,61394685952,61394690560,5919247872,0,160844242944,121114525696,0
1791595730.4561887,0.04722096025943756,61606055936,0,67121446912,17897095168,61394685952,61394690560,5938126336,0,160860102656,121114525696,0
1791595730.6554332,0.04637908563017845,61606055936,0,67104669696,17913872384,61394685952,61394690560,5921349120,0,160844066816,121114521600,0
1791595730.8563864,0.047246357426047325,61606055936,0,67125641216,17892900864,61394685952,61394690560,5942320640,0,160844095488,121114521600,0
1791595731.0549386,0.04571481980383396,61606055936,0,67142418432,17876123648,61394685952,61394690560,5959097856,0,160844189696,121114521600,0
1791595731.2550812,0.0457778200507164,61606055936,0,67140321280,17878220800,61394685952,61394690560,5957000704,0,160844136448,121114521600,0
1791595731.4554756,0.04609163478016853,61606055936,0,67134029824,17884512256,61394685952,61394690560,5950709248,0,160843374592,121114521600,0
1791595731.6548471,0.04537304677069187,61606055936,0,67131932672,17886609408,61394685952,61394690560,5948612096,0,160843427840,121114521600,0
1791595731.855789,0.04623241722583771,61606055936,0,67136126976,17882415104,61394685952,61394690560,5952806400,0,160843407360,121114521600,0
1791595732.0546749,0.04503694549202919,61606055936,0,67169681408,17848860672,61394685952,61394690560,5986360832,0,160843497472,121114521600,0
1791595732.2553008,0.04557836055755615,61606055936,0,67138224128,17880317952,61394685952,61394690560,5954903552,0,160843071488,121114521600,0
1791595732.4570339,0.04723146930336952,61606055936,0,67142418432,17876123648,61394685952,61394690560,5959097856,0,160843014144,121114521600,0
1791595732.6561482,0.0462638046592474,61606055936,0,67190652928,17827889152,61394685952,61394690560,6007332352,0,160843083776,121114521600,0
1791595732.8548756,0.04490756243467331,61606055936,0,67071115264,17947426816,61394685952,61394690560,5887794688,0,160842944512,121114521600,0
1791595733.0553756,0.045326998457312584,61606055936,0,67071115264,17947426816,61394685952,61394690560,5887794688,0,160843276288,121114521600,0
1791595733.2552524,0.04512440413236618,61606055936,0,67071115264,17947426816,61394685952,61394690560,5887794688,0,160843218944,121114521600,0
1791595733.4564323,0.046225110068917274,61606055936,0,67071115264,17947426816,61394685952,61394690560,5887794688,0,160843313152,121114521600,0
1791595733.6599011,0.049603911116719246,61606055936,0,67071115264,17947426816,61394685952,61394690560,5887794688,0,160843489280,121114517504,0
1791595733.8568547,0.046472782269120216,61606055936,0,67071115264,17947426816,61394685952,61394690560,5887794688,0,160843366400,121114517504,0
1791595734.060444,0.04998207837343216,61606055936,0,67083698176,17934843904,61394685952,61394690560,5900377600,0,160843440128,121114517504,0
1791595734.257823,0.04728222079575062,61606055936,0,67134029824,17884512256,61394685952,61394690560,5950709248,0,160843816960,121114517504,0
1791595734.4565825,0.04596243239939213,61606055936,0,67094183936,17924358144,61394685952,61394690560,5910863360,0,160843542528,121114517504,0
1791595734.6562405,0.045538753271102905,61606055936,0,67144515584,17874026496,61394685952,61394690560,5961195008,0,160843608064,121114517504,0
1791595734.8570957,0.04631452262401581,61606055936,0,67083698176,17934843904,61394685952,61394690560,5900377600,0,160843481088,121114517504,0
1791595735.0551853,0.04432491958141327,61606055936,0,67098378240,17920163840,61394685952,61394690560,5915057664,0,160843833344,121114517504,0
1791595735.2582946,0.04735402762889862,61606055936,0,67119349760,17899192320,61394685952,61394690560,5936029184,0,160843665408,121114517504,0
1791595735.4594748,0.04845439828932285,61606055936,0,67094183936,17924358144,61394685952,61394690560,5910863360,0,160859258880,121114517504,0
1791595735.660439,0.04933503642678261,61606055936,0,67131932672,17886609408,61394685952,61394690560,5948612096,0,160844005376,121114517504,0
1791595735.857962,0.046728892251849174,61606055936,0,67106766848,17911775232,61394685952,61394690560,5923446272,0,160843423744,121114517504,0
1791595736.0620396,0.0507277213037014,61606055936,0,67108864000,17909678080,61394685952,61394690560,5925543424,0,160843341824,121114517504,0
1791595736.2564757,0.04508357681334019,61606055936,0,67115155456,17903386624,61394685952,61394690560,5931834880,0,160843538432,121114517504,0
1791595736.4560182,0.04454713873565197,61606055936,0,67129835520,17888706560,61394685952,61394690560,5946514944,0,160843636736,121114517504,0
1791595736.659684,0.04813603684306145,61606055936,0,67165487104,17853054976,61394685952,61394690560,5982166528,0,160843718656,121114513408,0
1791595736.8626237,0.050982363522052765,61606055936,0,67110961152,17907580928,61394685952,61394690560,5927640576,0,160844066816,121114513408,0
1791595737.0580363,0.0463152714073658,61606055936,0,67123544064,17894998016,61394685952,61394690560,5940223488,0,160844414976,121114513408,0
1791595737.2564118,0.04461227357387543,61606055936,0,67146612736,17871929344,61394685952,61394690560,5963292160,0,160844263424,121114513408,0
1791595737.4553597,0.04348132759332657,61606055936,0,67121446912,17897095168,61394685952,61394690560,5938126336,0,160843984896,121114513408,0
1791595737.658818,0.04685676842927933,61606055936,0,67140321280,17878220800,61394685952,61394690560,5957000704,0,160843956224,121114513408,0
1791595737.856305,0.044262927025556564,61606055936,0,67155001344,17863540736,61394685952,61394690560,5971680768,0,160843612160,121114513408,0
1791595738.0605369,0.04841342568397522,61606055936,0,67142418432,17876123648,61394685952,61394690560,5959097856,0,160843960320,121114513408,0
1791595738.2610776,0.04887009412050247,61606055936,0,67175972864,17842569216,61394685952,61394690560,5992652288,0,160844316672,121114513408,0
1791595738.4582806,0.0459904670715332,61606060032,0,67152904192,17865637888,61394685952,61394690560,5969587712,0,160844402688,121114513408,0
1791595738.661297,0.04892716743052006,61606060032,0,67071115264,17947426816,61394685952,61394690560,5887798784,0,160844177408,121114509312,0
1791595738.859009,0.04655417986214161,61606060032,0,67071115264,17947426816,61394685952,61394690560,5887798784,0,160844025856,121114509312,0
1791595739.0589817,0.046447135508060455,61606060032,0,67071115264,17947426816,61394685952,61394690560,5887798784,0,160844148736,121114509312,0
1791595739.2588968,0.04628024995326996,61606060032,0,67071115264,17947426816,61394685952,61394690560,5887798784,0,160844427264,121114509312,0
1791595739.4597619,0.04705934040248394,61606060032,0,67071115264,17947426816,61394685952,61394690560,5887798784,0,160843960320,121114509312,0
1791595739.6593618,0.04658193700015545,61606060032,0,67071115264,17947426816,61394685952,61394690560,5887798784,0,160843776000,121114509312,0
1791595739.860304,0.04745943658053875,61606060032,0,67129835520,17888706560,61394685952,61394690560,5946519040,0,160843538432,121114509312,0
1791595740.0618021,0.0488724447786808,61606060032,0,67075309568,17943232512,61394685952,61394690560,5891993088,0,160844140544,121114509312,0
1791595740.2601602,0.04715105704963207,61606060032,0,67096281088,17922260992,61394685952,61394690560,5912964608,0,160844181504,121114509312,0
1791595740.4652095,0.05212297663092613,61606060032,0,67110961152,17907580928,61394685952,61394690560,5927644672,0,160860626944,121114509312,0
1791595740.659482,0.04631013236939907,61606060032,0,67100475392,17918066688,61394685952,61394690560,5917158912,0,160843657216,121114509312,0
1791595740.8588047,0.0455290824174881,61606060032,0,67131932672,17886609408,61394685952,61394690560,5948616192,0,160843509760,121114509312,0
1791595741.0616057,0.04824885353446007,61606060032,0,67102572544,17915969536,61394685952,61394690560,5919256064,0,160843722752,121114509312,0
1791595741.2613316,0.04788855463266373,61606060032,0,67104669696,17913872384,61394685952,61394690560,5921353216,0,160843886592,121114509312,0
1791595741.4608803,0.04735290817916393,61606060032,0,67140321280,17878220800,61394685952,61394690560,5957004800,0,160843976704,121114509312,0
1791595741.6623342,0.04871790483593941,61606060032,0,67096281088,17922260992,61394685952,61394690560,5912964608,0,160843780096,121114505216,0
1791595741.8616624,0.047964854165911674,61606060032,0,67117252608,17901289472,61394685952,61394690560,5933936128,0,160843530240,121114505216,0
1791595742.062199,0.04842117242515087,61606060032,0,67161292800,17857249280,61394685952,61394690560,5977976320,0,160843780096,121114505216,0
1791595742.2638948,0.05002995580434799,61606060032,0,67104669696,17913872384,61394685952,61394690560,5921353216,0,160843870208,121114505216,0
1791595742.4602342,0.04628768563270569,61606060032,0,67125641216,17892900864,61394685952,61394690560,5942324736,0,160843878400,121114505216,0
1791595742.6629033,0.0488735344260931,61606060032,0,67142418432,17876123648,61394685952,61394690560,5959101952,0,160843845632,121114505216,0
1791595742.861784,0.04766620881855488,61606060032,0,67140321280,17878220800,61394685952,61394690560,5957004800,0,160843874304,121114505216,0
1791595743.0611384,0.04694005101919174,61606060032,0,67142418432,17876123648,61394685952,61394690560,5959101952,0,160844177408,121114505216,0
1791595743.2586606,0.044382283464074135,61606060032,0,67119349760,17899192320,61394685952,61394690560,5936033280,0,160844230656,121114505216,0
1791595743.4603436,0.04598408751189709,61606060032,0,67159195648,17859346432,61394685952,61394690560,5975879168,0,160843669504,121114505216,0
1791595743.661138,0.04669775441288948,61606060032,0,67138224128,17880317952,61394685952,61394690560,5954907648,0,160843739136,121114505216,0
1791595743.8623278,0.047803452238440514,61606060032,0,67144515584,17874026496,61394685952,61394690560,5961199104,0,160843546624,121114505216,0
1791595744.0761285,0.06148706376552582,61606060032,0,67140321280,17878220800,61394685952,61394690560,5957004800,0,160844058624,121114505216,0
1791595744.2611885,0.04646970145404339,61606060032,0,67152904192,17865637888,61394685952,61394690560,5969587712,0,160843542528,121114505216,0
1791595744.4616544,0.04685691371560097,61606060032,0,67071115264,17947426816,61394685952,61394690560,5887798784,0,160843894784,121114505216,0
1791595744.6613572,0.04647924192249775,61606060032,0,67071115264,17947426816,61394685952,61394690560,5887798784,0,160843714560,121114501120,0
1791595744.860195,0.04523545317351818,61606060032,0,67071115264,17947426816,61394685952,61394690560,5887798784,0,160843587584,121114501120,0
1791595745.059613,0.044572604820132256,61606060032,0,67071115264,17947426816,61394685952,61394690560,5887798784,0,160843898880,121114501120,0
1791595745.2566018,0.0414902288466692,61606060032,0,67071115264,17947426816,61394685952,61394690560,5887798784,0,160843939840,121114501120,0
1791595745.466763,0.05153823643922806,61606060032,0,67071115264,17947426816,61394685952,61394690560,5887798784,0,160844091392,121114501120,0
1791595745.6612272,0.045913029462099075,61606060032,0,67083698176,17934843904,61394685952,61394690560,5900381696,0,160843898880,121114431488,0
1791595745.860994,0.045599520206451416,61606060032,0,67085795328,17932746752,61394685952,61394690560,5902478848,0,160843771904,121114431488,0
1791595746.0610223,0.045546017587184906,61606060032,0,67096281088,17922260992,61394685952,61394690560,5912964608,0,160844124160,121114431488,0
1791595746.2603703,0.04481113888323307,61606060032,0,67092086784,17926455296,61394685952,61394690560,5908770304,0,160843837440,121114431488,0
1791595746.4629893,0.0473508033901453,61606060032,0,67108864000,17909678080,61394685952,61394690560,5925547520,0,160843456512,121114431488,0
1791595746.663967,0.04823581874370575,61606060032,0,67131932672,17886609408,61394685952,61394690560,5948616192,0,160843444224,121114427392,0
1791595746.8538985,0.038101013749837875,61606060032,0,67087892480,17930649600,61394685952,61394690560,5904576000,0,160843317248,121114427392,0
1791595747.0648203,0.04892253130674362,61606060032,0,67115155456,17903386624,61394685952,61394690560,5931838976,0,160843636736,121114427392,0
1791595747.262582,0.046601781621575356,61606060032,0,67159195648,17859346432,61394685952,61394690560,5975879168,0,160843702272,121114427392,0
1791595747.4604332,0.04436974413692951,61606060032,0,67096281088,17922260992,61394685952,61394690560,5912964608,0,160843796480,121114427392,0
1791595747.665838,0.049692047759890556,61606060032,0,67121446912,17897095168,61394685952,61394690560,5938130432,0,160843882496,121114427392,0
1791595747.865276,0.049047937616705894,61606060032,0,67161292800,17857249280,61394685952,61394690560,5977976320,0,160843808768,121114427392,0
1791595748.0650356,0.04872871935367584,61606060032,0,67108864000,17909678080,61394685952,61394690560,5925547520,0,160844107776,121114427392,0
1791595748.2640631,0.04767046682536602,61606060032,0,67165487104,17853054976,61394685952,61394690560,5982170624,0,160844197888,121114427392,0
1791595748.4632187,0.046743663027882576,61606060032,0,67110961152,17907580928,61394685952,61394690560,5927644672,0,160844206080,121114427392,0
1791595748.6632833,0.046722471714019775,61606060032,0,67136126976,17882415104,61394685952,61394690560,5952810496,0,160844263424,121114427392,0
1791595748.8618739,0.045231765136122704,61606060032,0,67146612736,17871929344,61394685952,61394690560,5963296256,0,160843673600,121114427392,0
1791595749.064473,0.04774698242545128,61606060032,0,67119349760,17899192320,61394685952,61394690560,5936033280,0,160843964416,121114427392,0
1791595749.2661974,0.04938761703670025,61606060032,0,67134029824,17884512256,61394685952,61394690560,5950713344,0,160844050432,121114427392,0
1791595749.46331,0.04641660116612911,61606060032,0,67155001344,17863540736,61394685952,61394690560,5971684864,0,160844066816,121114427392,0
1791595749.6614926,0.044517043977975845,61606060032,0,67144515584,17874026496,61394685952,61394690560,5961199104,0,160844414976,121114423296,0
1791595749.8650453,0.047986747696995735,61606060032,0,67175972864,17842569216,61394685952,61394690560,5992656384,0,160844206080,121114423296,0
1791595750.0665984,0.04945830814540386,61606060032,0,67146612736,17871929344,61394685952,61394690560,5963296256,0,160844414976,121114423296,0
1791595750.2634075,0.04618602246046066,61606060032,0,67071115264,17947426816,61394685952,61394690560,5887798784,0,160844308480,121114423296,0
1791595750.4696765,0.052374690771102905,61606060032,0,67071115264,17947426816,61394685952,61394690560,5887798784,0,160844222464,121114423296,0
1791595750.6662803,0.0488833524286747,61606060032,0,67071115264,17947426816,61394685952,61394690560,5887798784,0,160843767808,121114423296,0
1791595750.8651388,0.04765794426202774,61606060032,0,67071115264,17947426816,61394685952,61394690560,5887798784,0,160843579392,121114423296,0
1791595751.063171,0.04560660012066364,61606060032,0,67071115264,17947426816,61394685952,61394690560,5887798784,0,160844120064,121114423296,0
1791595751.2649992,0.04735257849097252,61606060032,0,67071115264,17947426816,61394685952,61394690560,5887798784,0,160843931648,121114423296,0
1791595751.464894,0.04716496914625168,61606060032,0,67102572544,17915969536,61394685952,61394690560,5919256064,0,160843935744,121114423296,0
1791595751.6647217,0.04691186361014843,61606060032,0,67092086784,17926455296,61394685952,61394690560,5908770304,0,160844070912,121114423296,0
1791595751.863744,0.045850230380892754,61606060032,0,67142418432,17876123648,61394685952,61394690560,5959101952,0,160843898880,121114423296,0
1791595752.064676,0.046703215688467026,61606060032,0,67092086784,17926455296,61394685952,61394690560,5908770304,0,160843849728,121114423296,0
1791595752.2644644,0.0464087538421154,61606060032,0,67106766848,17911775232,61394685952,61394690560,5923450368,0,160843866112,121114423296,0
1791595752.4661658,0.04802948795258999,61606060032,0,67131932672,17886609408,61394685952,61394690560,5948616192,0,160843542528,121114423296,0
1791595752.6662169,0.04800290800631046,61606060032,0,67115155456,17903386624,61394685952,61394690560,5931838976,0,160843829248,121114419200,0
1791595752.864801,0.04650415480136871,61606060032,0,67115155456,17903386624,61394685952,61394690560,5931838976,0,160843816960,121114419200,0
1791595753.0635753,0.04519321396946907,61606060032,0,67152904192,17865637888,61394685952,61394690560,5969587712,0,160843898880,121114419200,0
1791595753.2703674,0.05190398916602135,61606060032,0,67110961152,17907580928,61394685952,61394690560,5927644672,0,160843866112,121114419200,0
1791595753.4675567,0.049004800617694855,61606060032,0,67113058304,17905483776,61394685952,61394690560,5929741824,0,160843862016,121114419200,0
1791595753.6675832,0.04894978180527687,61606060032,0,67161292800,17857249280,61394685952,61394690560,5977976320,0,160843886592,121114419200,0
1791595753.8664455,0.047726621851325035,61606060032,0,67104669696,17913872384,61394685952,61394690560,5921353216,0,160844025856,121114419200,0
1791595754.0662963,0.0474974624812603,61606060032,0,67125641216,17892900864,61394685952,61394690560,5942324736,0,160843857920,121114419200,0
1791595754.2650046,0.04612353257834911,61606060032,0,67142418432,17876123648,61394685952,61394690560,5959101952,0,160843948032,121114419200,0
1791595754.4650574,0.04609104059636593,61606060032,0,67146612736,17871929344,61394685952,61394690560,5963296256,0,160844042240,121114419200,0
1791595754.6634748,0.04442702233791351,61606060032,0,67146612736,17871929344,61394685952,61394690560,5963296256,0,160843821056,121114419200,0
1791595754.8668728,0.04773975722491741,61606060032,0,67119349760,17899192320,61394685952,61394690560,5936033280,0,160843816960,121114415104,0
1791595755.066692,0.047478776425123215,61606060032,0,67140321280,17878220800,61394685952,61394690560,5957004800,0,160843902976,121114415104,0
1791595755.2649357,0.04563763178884983,61606060032,0,67182264320,17836277760,61394685952,61394690560,5998947840,0,160843972608,121114415104,0
1791595755.456074,0.0367081593722105,61606060032,0,67136126976,17882415104,61394685952,61394690560,5952810496,0,160860270592,121114415104,0
1791595755.664901,0.04545171000063419,61606060032,0,67188555776,17829986304,61394685952,61394690560,6005239296,0,160844464128,121114415104,0
1791595755.8639083,0.04437806271016598,61606060032,0,67131932672,17886609408,61394685952,61394690560,5948616192,0,160844214272,121114415104,0
1791595756.058017,0.03842067904770374,61606060032,0,67071115264,17947426816,61394685952,61394690560,5887798784,0,160844296192,121114415104,0
1791595756.2668333,0.04715779423713684,61606060032,0,67071115264,17947426816,61394685952,61394690560,5887798784,0,160844386304,121114415104,0
1791595756.4659572,0.046182189136743546,61606060032,0,67071115264,17947426816,61394685952,61394690560,5887798784,0,160844124160,121114415104,0
1791595756.6665337,0.04667762666940689,61606060032,0,67071115264,17947426816,61394685952,61394690560,5887798784,0,160844206080,121114415104,0
1791595756.8649783,0.04503958486020565,61606060032,0,67071115264,17947426816,61394685952,61394690560,5887798784,0,160844161024,121114415104,0
1791595757.0663836,0.04636169783771038,61606060032,0,67071115264,17947426816,61394685952,61394690560,5887798784,0,160843771904,121114415104,0
1791595757.2647862,0.0446811318397522,61606060032,0,67081601024,17936941056,61394685952,61394690560,5898284544,0,160843866112,121114415104,0
1791595757.4692488,0.049024999141693115,61606060032,0,67089989632,17928552448,61394685952,61394690560,5906673152,0,160843874304,121114415104,0
1791595757.6704814,0.05014789290726185,61606060032,0,67104669696,17913872384,61394685952,61394690560,5921353216,0,160844132352,121114415104,0
1791595757.87152,0.051078155636787415,61606060032,0,67079503872,17939038208,61394685952,61394690560,5896187392,0,160843956224,121114411008,0
1791595758.071238,0.05068913847208023,61606060032,0,67096281088,17922260992,61394685952,61394690560,5912964608,0,160844521472,121114411008,0
1791595758.2708004,0.05014209821820259,61606060032,0,67144515584,17874026496,61394685952,61394690560,5961199104,0,160844353536,121114411008,0
1791595758.469755,0.04899878427386284,61606060032,0,67087892480,17930649600,61394685952,61394690560,5904576000,0,160844378112,121114411008,0
1791595758.6692057,0.04837025888264179,61606060032,0,67108864000,17909678080,61394685952,61394690560,5925547520,0,160844017664,121114411008,0
1791595758.8689525,0.048034053295850754,61606060032,0,67125641216,17892900864,61394685952,61394690560,5942324736,0,160843878400,121114411008,0
1791595759.0680366,0.04702417925000191,61606060032,0,67108864000,17909678080,61394685952,61394690560,5925547520,0,160843968512,121114411008,0
1791595759.2677052,0.04661114700138569,61606060032,0,67144515584,17874026496,61394685952,61394690560,5961199104,0,160844058624,121114411008,0
1791595759.4661899,0.04497811570763588,61606060032,0,67102572544,17915969536,61394685952,61394690560,5919256064,0,160843681792,121114411008,0
1791595759.6702383,0.04893956892192364,61606060032,0,67129835520,17888706560,61394685952,61394690560,5946519040,0,160844038144,121114411008,0
1791595759.873013,0.05162120424211025,61606060032,0,67165487104,17853054976,61394685952,61394690560,5982170624,0,160843399168,121114411008,0
1791595760.0696235,0.048144515603780746,61606060032,0,67119349760,17899192320,61394685952,61394690560,5936033280,0,160843718656,121114411008,0
1791595760.2669067,0.04534956067800522,61606060032,0,67159195648,17859346432,61394685952,61394690560,5975879168,0,160843575296,121114411008,0
1791595760.4763923,0.05474983714520931,61606060032,0,67125641216,17892900864,61394685952,61394690560,5942324736,0,160843796480,121114411008,0
1791595760.6695635,0.04784019477665424,61606060032,0,67129835520,17888706560,61394685952,61394690560,5946519040,0,160843771904,121114411008,0
1791595760.8682673,0.04646384157240391,61606060032,0,67152904192,17865637888,61394685952,61394690560,5969587712,0,160843845632,121114406912,0
1791595761.067377,0.045489855110645294,61606060032,0,67142418432,17876123648,61394685952,61394690560,5959101952,0,160843554816,121114406912,0
1791595761.268822,0.046851491555571556,61606060032,0,67152904192,17865637888,61394685952,61394690560,5969587712,0,160843644928,121114406912,0
1791595761.4701571,0.048108724877238274,61606060032,0,67142418432,17876123648,61394685952,61394690560,5959101952,0,160843735040,121114406912,0
1791595761.6712358,0.049084439873695374,61606060032,0,67165487104,17853054976,61394685952,61394690560,5982170624,0,160844058624,121114406912,0
1791595761.8702471,0.0480099618434906,61606060032,0,67071115264,17947426816,61394685952,61394690560,5887798784,0,160843706368,121114406912,0
1791595762.069742,0.047423625364899635,61606060032,0,67071115264,17947426816,61394685952,61394690560,5887798784,0,160843644928,121114406912,0
1791595762.2711565,0.048756908625364304,61606060032,0,67071115264,17947426816,61394685952,61394690560,5887798784,0,160843612160,121114406912,0
1791595762.4703228,0.047817545011639595,61606060032,0,67071115264,17947426816,61394685952,61394690560,5887798784,0,160843804672,121114406912,0
1791595762.671332,0.048737579956650734,61606060032,0,67071115264,17947426816,61394685952,61394690560,5887798784,0,160844107776,121114406912,0
1791595762.8716173,0.048940831795334816,61606060032,0,67071115264,17947426816,61394685952,61394690560,5887798784,0,160844357632,121114402816,0
1791595763.068359,0.0455990731716156,61606060032,0,67085795328,17932746752,61394685952,61394690560,5902478848,0,160843911168,121114402816,0
1791595763.2688792,0.04603363014757633,61606060032,0,67119349760,17899192320,61394685952,61394690560,5936033280,0,160843825152,121114402816,0
1791595763.4717705,0.04884006083011627,61606060032,0,67077406720,17941135360,61394685952,61394690560,5894090240,0,160843587584,121114402816,0
1791595763.671525,0.04851228930056095,61606060032,0,67089989632,17928552448,61394685952,61394690560,5906673152,0,160843673600,121114402816,0
1791595763.8721962,0.04909957014024258,61606060032,0,67113058304,17905483776,61394685952,61394690560,5929741824,0,160843456512,121114402816,0
1791595764.072234,0.049006614834070206,61606060032,0,67087892480,17930649600,61394685952,61394690560,5904576000,0,160843554816,121114402816,0
1791595764.2734911,0.0501803457736969,61606060032,0,67106766848,17911775232,61394685952,61394690560,5923450368,0,160843632640,121114402816,0
1791595764.4717846,0.04839074797928333,61606060032,0,67102572544,17915969536,61394685952,61394690560,5919256064,0,160843993088,121114402816,0
1791595764.6701005,0.04661591351032257,61606060032,0,67104669696,17913872384,61394685952,61394690560,5921353216,0,160844070912,121114402816,0
1791595764.8683176,0.0447520911693573,61606060032,0,67155001344,17863540736,61394685952,61394690560,5971684864,0,160843878400,121114402816,0
1791595765.070245,0.04658419266343117,61606060032,0,67098378240,17920163840,61394685952,61394690560,5915061760,0,160844201984,121114402816,0
1791595765.2755015,0.051752202212810516,61606060032,0,67110961152,17907580928,61394685952,61394690560,5927644672,0,160844050432,121114402816,0
1791595765.4774137,0.05357877351343632,61606060032,0,67136126976,17882415104,61394685952,61394690560,5952810496,0,160844488704,121114402816,0
1791595765.6744695,0.05055026151239872,61606060032,0,67119349760,17899192320,61394685952,61394690560,5936033280,0,160844234752,121114402816,0
1791595765.8811414,0.05703751556575298,61606060032,0,67155001344,17863540736,61394685952,61394690560,5971684864,0,160844103680,121114398720,0
1791595766.0788188,0.05457482486963272,61606060032,0,67129835520,17888706560,61394685952,61394690560,5946519040,0,160844189696,121114398720,0
1791595766.28043,0.05608665943145752,61606060032,0,67161292800,17857249280,61394685952,61394690560,5977976320,0,160843640832,121114398720,0
1791595766.4807763,0.056335652247071266,61606060032,0,67127738368,17890803712,61394685952,61394690560,5944421888,0,160843726848,121114398720,0
1791595766.6790447,0.05450955219566822,61606060032,0,67131932672,17886609408,61394685952,61394690560,5948616192,0,160843698176,121114398720,0
1791595766.881906,0.05726485326886177,61606060032,0,67169681408,17848860672,61394685952,61394690560,5986364928,0,160843739136,121114398720,0
1791595767.080505,0.055759722366929054,61606060032,0,67125641216,17892900864,61394685952,61394690560,5942324736,0,160843780096,121114398720,0
1791595767.2789497,0.05409773997962475,61606060032,0,67142418432,17876123648,61394685952,61394690560,5959101952,0,160843862016,121114398720,0
1791595767.474889,0.04992632567882538,61606060032,0,67163389952,17855152128,61394685952,61394690560,5980073472,0,160844177408,121114398720,0
1791595767.6787796,0.05371767096221447,61606060032,0,67071115264,17947426816,61394685952,61394690560,5887798784,0,160844271616,121114398720,0
1791595767.8816612,0.056499991565942764,61606060032,0,67071115264,17947426816,61394685952,61394690560,5887798784,0,160844554240,121114398720,0
1791595768.074029,0.04876947961747646,61606060032,0,67071115264,17947426816,61394685952,61394690560,5887798784,0,160844562432,121114398720,0
1791595768.2741385,0.04878847301006317,61606060032,0,67071115264,17947426816,61394685952,61394690560,5887798784,0,160844664832,121114398720,0
1791595768.4725022,0.04706219211220741,61606060032,0,67071115264,17947426816,61394685952,61394690560,5887798784,0,160844484608,121114398720,0
1791595768.6733992,0.04788300581276417,61606060032,0,67071115264,17947426816,61394685952,61394690560,5887798784,0,160844607488,121114398720,0
1791595768.873663,0.04805602692067623,61606060032,0,67098378240,17920163840,61394685952,61394690560,5915061760,0,160844742656,121114394624,0
1791595769.0778358,0.05211741477251053,61606060032,0,67073212416,17945329664,61394685952,61394690560,5889895936,0,160844460032,121114394624,0
1791595769.2739797,0.04817968048155308,61606060032,0,67094183936,17924358144,61394685952,61394690560,5910867456,0,160844505088,121114394624,0
1791595769.4715881,0.045706380158662796,61606060032,0,67138224128,17880317952,61394685952,61394690560,5954907648,0,160844513280,121114394624,0
1791595769.6741395,0.04817456752061844,61606060032,0,67081601024,17936941056,61394685952,61394690560,5898284544,0,160845037568,121114394624,0
1791595769.8749945,0.04893594793975353,61606060032,0,67102572544,17915969536,61394685952,61394690560,5919256064,0,160845037568,121114394624,0
1791595770.0742574,0.04809927940368652,61606060032,0,67119349760,17899192320,61394685952,61394690560,5936033280,0,160845107200,121114394624,0
1791595770.2746873,0.048424290493130684,61606060032,0,67106766848,17911775232,61394685952,61394690560,5923450368,0,160845185024,121114394624,0
1791595770.4754257,0.04908801428973675,61606060032,0,67119349760,17899192320,61394685952,61394690560,5936033280,0,160845537280,121114394624,0
1791595770.669106,0.042677661404013634,61606060032,0,67094183936,17924358144,61394685952,61394690560,5910867456,0,160845082624,121114394624,0
1791595770.8738158,0.04730022884905338,61606060032,0,67108864000,17909678080,61394685952,61394690560,5925547520,0,160845176832,121114390528,0
1791595771.0761416,0.049538666382431984,61606060032,0,67131932672,17886609408,61394685952,61394690560,5948616192,0,160845537280,121114390528,0
1791595771.2730775,0.04637630097568035,61606060032,0,67119349760,17899192320,61394685952,61394690560,5936033280,0,160845021184,121114390528,0
1791595771.4741585,0.04737936146557331,61606060032,0,67152904192,17865637888,61394685952,61394690560,5969587712,0,160845361152,121114390528,0
1791595771.6765096,0.049639252945780754,61606060032,0,67108864000,17909678080,61394685952,61394690560,5925547520,0,160845225984,121114390528,0
1791595771.876826,0.049862829968333244,61606060032,0,67121446912,17897095168,61394685952,61394690560,5938130432,0,160844832768,121114390528,0
1791595772.076242,0.04918406158685684,61606060032,0,67146612736,17871929344,61394685952,61394690560,5963296256,0,160844746752,121114390528,0
1791595772.2755063,0.04836844466626644,61606060032,0,67121446912,17897095168,61394685952,61394690560,5938130432,0,160844648448,121114390528,0
1791595772.4740403,0.04681116342544556,61606060032,0,67165487104,17853054976,61394685952,61394690560,5982170624,0,160844566528,121114390528,0
1791595772.674365,0.04704033397138119,61606060032,0,67136126976,17882415104,61394685952,61394690560,5952810496,0,160844570624,121114390528,0
1791595772.8729012,0.04549717716872692,61606060032,0,67138224128,17880317952,61394685952,61394690560,5954907648,0,160844447744,121114390528,0
1791595773.0760207,0.048512473702430725,61606060032,0,67173875712,17844666368,61394685952,61394690560,5990559232,0,160844685312,121114390528,0
1791595773.2605767,0.03300634026527405,61606060032,0,67129835520,17888706560,61394685952,61394690560,5946519040,0,160844570624,121114390528,0
1791595773.4618676,0.03423602879047394,61606060032,0,67071115264,17947426816,61394685952,61394690560,5887798784,0,160844873728,121114390528,0
1791595773.676328,0.048603544011712074,61606060032,0,67071115264,17947426816,61394685952,61394690560,5887798784,0,160844640256,121114390528,0
1791595773.8752663,0.04745005443692207,61606060032,0,67071115264,17947426816,61394685952,61394690560,5887798784,0,160844701696,121114386432,0
1791595774.0760436,0.04810322821140289,61606060032,0,67071115264,17947426816,61394685952,61394690560,5887798784,0,160844759040,121114386432,0
1791595774.2750204,0.04698689095675945,61606060032,0,67071115264,17947426816,61394685952,61394690560,5887798784,0,160844832768,121114386432,0
1791595774.4787958,0.05066700279712677,61606060032,0,67071115264,17947426816,61394685952,61394690560,5887798784,0,160844726272,121114386432,0
1791595774.676386,0.048153940588235855,61606060032,0,67075309568,17943232512,61394685952,61394690560,5891993088,0,160844697600,121114386432,0
1791595774.8771033,0.0487654022872448,61606060032,0,67083698176,17934843904,61394685952,61394690560,5900381696,0,160844795904,121114386432,0
1791595775.0750678,0.046631623059511185,61606060032,0,67134029824,17884512256,61394685952,61394690560,5950713344,0,160844886016,121114386432,0
1791595775.2768686,0.048340411856770515,61606060032,0,67092086784,17926455296,61394685952,61394690560,5908770304,0,160844525568,121114386432,0
1791595775.4796894,0.05107665993273258,61606060032,0,67104669696,17913872384,61394685952,61394690560,5921353216,0,160844865536,121114386432,0
1791595775.6775184,0.048818737268447876,61606060032,0,67142418432,17876123648,61394685952,61394690560,5959101952,0,160844734464,121114386432,0
1791595775.8779385,0.049154987558722496,61606060032,0,67089989632,17928552448,61394685952,61394690560,5906673152,0,160844787712,121114386432,0
1791595776.077532,0.04866773448884487,61606060032,0,67136126976,17882415104,61394685952,61394690560,5952810496,0,160844877824,121114386432,0
1791595776.2786887,0.04974130541086197,61606060032,0,67104669696,17913872384,61394685952,61394690560,5921353216,0,160844935168,121114386432,0
1791595776.4849186,0.05589056573808193,61606060032,0,67115155456,17903386624,61394685952,61394690560,5931838976,0,160844853248,121114386432,0
1791595776.7126443,0.08351423218846321,61606060032,0,67113058304,17905483776,61394685952,61394690560,5929741824,0,160844234752,121114382336,0
1791595776.878954,0.04972384311258793,61606060032,0,67115155456,17903386624,61394685952,61394690560,5931838976,0,160843710464,121114382336,0
1791595777.079494,0.05017968453466892,61606060032,0,67159195648,17859346432,61394685952,61394690560,5975879168,0,160843927552,121114382336,0
1791595777.2760928,0.04669662564992905,61606060032,0,67127738368,17890803712,61394685952,61394690560,5944421888,0,160843698176,121114382336,0
1791595777.4775665,0.04808194749057293,61606060032,0,67150807040,17867735040,61394685952,61394690560,5967490560,0,160843771904,121114382336,0
1791595777.6756496,0.04608408734202385,61606060032,0,67108864000,17909678080,61394685952,61394690560,5925547520,0,160844115968,121114382336,0
1791595777.87575,0.046098655089735985,61606060032,0,67121446912,17897095168,61394685952,61394690560,5938130432,0,160844201984,121114382336,0
1791595778.0799854,0.050250012427568436,61606060032,0,67144515584,17874026496,61394685952,61394690560,5961199104,0,160844099584,121114382336,0
1791595778.277513,0.04769495502114296,61606060032,0,67119349760,17899192320,61394685952,61394690560,5936033280,0,160844369920,121114382336,0
1791595778.4800754,0.05016063153743744,61606060032,0,67125641216,17892900864,61394685952,61394690560,5942324736,0,160844173312,121114382336,0
1791595778.677321,0.04732314683496952,61606060032,0,67131932672,17886609408,61394685952,61394690560,5948616192,0,160844529664,121114382336,0
1791595778.8787208,0.048637691885232925,61606060032,0,67140321280,17878220800,61394685952,61394690560,5957004800,0,160844365824,121114378240,0
1791595779.0798054,0.049587056040763855,61606060032,0,67173875712,17844666368,61394685952,61394690560,5990559232,0,160844402688,121114378240,0
1791595779.279401,0.04909485951066017,61606060032,0,67144515584,17874026496,61394685952,61394690560,5961199104,0,160844210176,121114378240,0
1791595779.4792094,0.04882165603339672,61606064128,0,67238887424,17779654656,61394685952,61394690560,6055575040,0,160844029952,121114378240,0
1791595779.6767473,0.0462728776037693,61606064128,0,67071115264,17947426816,61394685952,61394690560,5887802880,0,160843345920,121114378240,0
1791595779.877291,0.04673394933342934,61606064128,0,67071115264,17947426816,61394685952,61394690560,5887802880,0,160843370496,121114378240,0
1791595780.0786276,0.047990089282393456,61606064128,0,67071115264,17947426816,61394685952,61394690560,5887802880,0,160843427840,121114378240,0
1791595780.279369,0.04864560253918171,61606064128,0,67071115264,17947426816,61394685952,61394690560,5887802880,0,160843579392,121114378240,0
1791595780.477862,0.047057969495654106,61606064128,0,67071115264,17947426816,61394685952,61394690560,5887802880,0,160844218368,121114378240,0
1791595780.6771002,0.04621332325041294,61606064128,0,67071115264,17947426816,61394685952,61394690560,5887802880,0,160843980800,121114378240,0
1791595780.8776746,0.0467070322483778,61606064128,0,67073212416,17945329664,61394685952,61394690560,5889900032,0,160843923456,121114378240,0
1791595781.0786972,0.04764425568282604,61606064128,0,67085795328,17932746752,61394685952,61394690560,5902482944,0,160843997184,121114378240,0
1791595781.280187,0.04904712922871113,61606064128,0,67136126976,17882415104,61394685952,61394690560,5952814592,0,160843792384,121114378240,0
1791595781.4774823,0.04624892398715019,61606064128,0,67081601024,17936941056,61394685952,61394690560,5898288640,0,160843866112,121114378240,0
1791595781.6782022,0.04687071591615677,61606064128,0,67102572544,17915969536,61394685952,61394690560,5919260160,0,160843948032,121114378240,0
1791595781.8765633,0.04513075388967991,61606064128,0,67117252608,17901289472,61394685952,61394690560,5933940224,0,160843796480,121114374144,0
1791595782.076125,0.044611893594264984,61606064128,0,67113058304,17905483776,61394685952,61394690560,5929745920,0,160843878400,121114374144,0
1791595782.278968,0.047375062480568886,61606064128,0,67138224128,17880317952,61394685952,61394690560,5954911744,0,160843726848,121114374144,0
1791595782.4767175,0.04503384418785572,61606064128,0,67115155456,17903386624,61394685952,61394690560,5931843072,0,160843845632,121114374144,0
1791595782.6790316,0.04726526699960232,61606064128,0,67119349760,17899192320,61394685952,61394690560,5936037376,0,160843874304,121114374144,0
1791595782.8797297,0.04788387939333916,61606064128,0,67159195648,17859346432,61394685952,61394690560,5975883264,0,160844226560,121114374144,0
1791595783.0790617,0.0471322126686573,61606064128,0,67102572544,17915969536,61394685952,61394690560,5919260160,0,160844111872,121114374144,0
1791595783.279702,0.04768585227429867,61606064128,0,67106766848,17911775232,61394685952,61394690560,5923454464,0,160844304384,121114374144,0
1791595783.4774895,0.045389920473098755,61606064128,0,67140321280,17878220800,61394685952,61394690560,5957008896,0,160844169216,121114374144,0
1791595783.6764126,0.044183699414134026,61606064128,0,67127738368,17890803712,61394685952,61394690560,5944425984,0,160844181504,121114374144,0
1791595783.8768578,0.04454362392425537,61606064128,0,67171778560,17846763520,61394685952,61394690560,5988466176,0,160844009472,121114374144,0
1791595784.0817618,0.049363432452082634,61606064128,0,67117252608,17901289472,61394685952,61394690560,5933940224,0,160844099584,121114374144,0
1791595784.2812157,0.048737192526459694,61606064128,0,67142418432,17876123648,61394685952,61394690560,5959106048,0,160843845632,121114374144,0
1791595784.4775589,0.04499996639788151,61606064128,0,67152904192,17865637888,61394685952,61394690560,5969591808,0,160843931648,121114374144,0
1791595784.6800911,0.047430068254470825,61606064128,0,67125641216,17892900864,61394685952,61394690560,5942328832,0,160843771904,121114374144,0
1791595784.879952,0.04720042273402214,61606064128,0,67146612736,17871929344,61394685952,61394690560,5963300352,0,160843849728,121114370048,0
1791595785.0815952,0.048755794763565063,61606064128,0,67188555776,17829986304,61394685952,61394690560,6005243392,0,160843612160,121114370048,0
1791595785.2814775,0.04855389893054962,61606064128,0,67238887424,17779654656,61394685952,61394690560,6055575040,0,160843943936,121114370048,0
1791595785.480876,0.04784718342125416,61606064128,0,67071115264,17947426816,61394685952,61394690560,5887802880,0,160844283904,121114370048,0
1791595785.6799726,0.046857936307787895,61606064128,0,67071115264,17947426816,61394685952,61394690560,5887802880,0,160844562432,121114370048,0
1791595785.879169,0.04596802778542042,61606064128,0,67071115264,17947426816,61394685952,61394690560,5887802880,0,160844312576,121114370048,0
1791595786.0768516,0.04356819950044155,61606064128,0,67071115264,17947426816,61394685952,61394690560,5887802880,0,160844357632,121114370048,0
1791595786.276143,0.042778583243489265,61606064128,0,67071115264,17947426816,61394685952,61394690560,5887802880,0,160844447744,121114370048,0
1791595786.4785528,0.045104289427399635,61606064128,0,67171778560,17846763520,61394685952,61394690560,5988466176,0,160844300288,121114370048,0
1791595786.6818829,0.04835537075996399,61606064128,0,67073212416,17945329664,61394685952,61394690560,5889900032,0,160844083200,121114370048,0
1791595786.8802514,0.04664441756904125,61606064128,0,67085795328,17932746752,61394685952,61394690560,5902482944,0,160844431360,121114365952,0
1791595787.08113,0.0474390834569931,61606064128,0,67136126976,17882415104,61394685952,61394690560,5952814592,0,160844337152,121114365952,0
1791595787.2819304,0.048153314739465714,61606064128,0,67081601024,17936941056,61394685952,61394690560,5898288640,0,160844279808,121114365952,0
1791595787.481197,0.0473347082734108,61606064128,0,67102572544,17915969536,61394685952,61394690560,5919260160,0,160843796480,121114365952,0
1791595787.682083,0.04813901148736477,61606064128,0,67144515584,17874026496,61394685952,61394690560,5961203200,0,160843759616,121114365952,0
1791595787.8788729,0.0448454599827528,61606064128,0,67113058304,17905483776,61394685952,61394690560,5929745920,0,160843788288,121114365952,0
1791595788.0787494,0.044638002291321754,61606064128,0,67119349760,17899192320,61394685952,61394690560,5936037376,0,160843907072,121114365952,0
1791595788.283384,0.049187224358320236,61606064128,0,67108864000,17909678080,61394685952,61394690560,5925551616,0,160844267520,121114365952,0
1791595788.4819229,0.0476351473480463,61606064128,0,67119349760,17899192320,61394685952,61394690560,5936037376,0,160844406784,121114365952,0
1791595788.6841745,0.04981105588376522,61606064128,0,67138224128,17880317952,61394685952,61394690560,5954911744,0,160844496896,121114365952,0
1791595788.8829706,0.04850548878312111,61606064128,0,67102572544,17915969536,61394685952,61394690560,5919260160,0,160844472320,121114365952,0
1791595789.0831552,0.048604799434542656,61606064128,0,67115155456,17903386624,61394685952,61394690560,5931843072,0,160844054528,121114365952,0
1791595789.284022,0.04937134124338627,61606064128,0,67167584256,17850957824,61394685952,61394690560,5984271872,0,160844136448,121114365952,0
1791595789.4819908,0.047251954674720764,61606064128,0,67115155456,17903386624,61394685952,61394690560,5931843072,0,160844226560,121114365952,0
1791595789.6829834,0.04816010035574436,61606064128,0,67150807040,17867735040,61394685952,61394690560,5967494656,0,160844591104,121114365952,0
1791595789.8810353,0.046125221997499466,61606064128,0,67127738368,17890803712,61394685952,61394690560,5944425984,0,160844664832,121114361856,0
1791595790.0797234,0.04472862929105759,61606064128,0,67150807040,17867735040,61394685952,61394690560,5967494656,0,160844681216,121114361856,0
1791595790.279521,0.04444096237421036,61606064128,0,67180167168,17838374912,61394685952,61394690560,5996854784,0,160844505088,121114361856,0
1791595790.4847238,0.04955381527543068,61606064128,0,67125641216,17892900864,61394685952,61394690560,5942328832,0,160844550144,121114361856,0
1791595790.6829863,0.04777261056005955,61606064128,0,67146612736,17871929344,61394685952,61394690560,5963300352,0,160844627968,121114361856,0
1791595790.8834395,0.04814067482948303,61606064128,0,67188555776,17829986304,61394685952,61394690560,6005243392,0,160844722176,121114361856,0
1791595791.0828464,0.0474602822214365,61606068224,0,67238887424,17779654656,61394685952,61394690560,6055579136,0,160844148736,121114361856,0
1791595791.2830603,0.0475846491754055,61606068224,0,67071115264,17947426816,61394685952,61394690560,5887806976,0,160844136448,121114361856,0
1791595791.4840515,0.04848577454686165,61606068224,0,67071115264,17947426816,61394685952,61394690560,5887806976,0,160844013568,121114361856,0
1791595791.6839724,0.04832279309630394,61606068224,0,67071115264,17947426816,61394685952,61394690560,5887806976,0,160844103680,121114361856,0
1791595791.885641,0.0499038640409708,61606068224,0,67071115264,17947426816,61394685952,61394690560,5887806976,0,160844455936,121114361856,0
1791595792.0810812,0.0452501866966486,61606068224,0,67071115264,17947426816,61394685952,61394690560,5887806976,0,160843997184,121114361856,0
1791595792.2843204,0.048403726890683174,61606068224,0,67071115264,17947426816,61394685952,61394690560,5887806976,0,160844009472,121114361856,0
1791595792.483071,0.04705973528325558,61606068224,0,67073212416,17945329664,61394685952,61394690560,5889904128,0,160844353536,121114361856,0
1791595792.6824794,0.046379588544368744,61606068224,0,67094183936,17924358144,61394685952,61394690560,5910875648,0,160844455936,121114361856,0
1791595792.8829741,0.04674911871552467,61606068224,0,67089989632,17928552448,61394685952,61394690560,5906681344,0,160844439552,121114357760,0
1791595793.0825608,0.046251147985458374,61606068224,0,67092086784,17926455296,61394685952,61394690560,5908778496,0,160844267520,121114357760,0
1791595793.2839153,0.0475220512598753,61606068224,0,67142418432,17876123648,61394685952,61394690560,5959110144,0,160844345344,121114357760,0
1791595793.4845715,0.048098124563694,61606068224,0,67098378240,17920163840,61394685952,61394690560,5915069952,0,160844304384,121114357760,0
1791595793.6820881,0.04553157463669777,61606068224,0,67106766848,17911775232,61394685952,61394690560,5923458560,0,160844267520,121114357760,0
1791595793.885858,0.04921462573111057,61606068224,0,67138224128,17880317952,61394685952,61394690560,5954915840,0,160843902976,121114357760,0
1791595794.0826719,0.04594600014388561,61606068224,0,67115155456,17903386624,61394685952,61394690560,5931847168,0,160843894784,121114357760,0
1791595794.2829883,0.04618304409086704,61606068224,0,67115155456,17903386624,61394685952,61394690560,5931847168,0,160843935744,121114357760,0
1791595794.4842885,0.04740152880549431,61606068224,0,67165487104,17853054976,61394685952,61394690560,5982178816,0,160843943936,121114357760,0
1791595794.6819072,0.04494048096239567,61606068224,0,67102572544,17915969536,61394685952,61394690560,5919264256,0,160844042240,121114357760,0
1791595794.8849728,0.047925788909196854,61606068224,0,67106766848,17911775232,61394685952,61394690560,5923458560,0,160844136448,121114353664,0
1791595795.0824625,0.04533484764397144,61606068224,0,67140321280,17878220800,61394685952,61394690560,5957012992,0,160844042240,121114353664,0
1791595795.2827075,0.04549827612936497,61606068224,0,67134029824,17884512256,61394685952,61394690560,5950721536,0,160843853824,121114353664,0
1791595795.4848475,0.047537291422486305,61606068224,0,67171778560,17846763520,61394685952,61394690560,5988470272,0,160844517376,121114353664,0
1791595795.6855736,0.04817144013941288,61606068224,0,67131932672,17886609408,61394685952,61394690560,5948624384,0,160844611584,121114353664,0
1791595795.8876705,0.050189441069960594,61606068224,0,67157098496,17861443584,61394685952,61394690560,5973790208,0,160844693504,121114353664,0
1791595796.0860019,0.0484362356364727,61606068224,0,67125641216,17892900864,61394685952,61394690560,5942332928,0,160844685312,121114353664,0
1791595796.2735183,0.03589053824543953,61606068224,0,67188555776,17829986304,61394685952,61394690560,6005247488,0,160844488704,121114353664,0
1791595796.4846916,0.046982940286397934,61606068224,0,67138224128,17880317952,61394685952,61394690560,5954915840,0,160844374016,121114353664,0
1791595796.6817367,0.04394769109785557,61606068224,0,67148709888,17869832192,61394685952,61394690560,5965401600,0,160844460032,121114353664,0
1791595796.883797,0.04592739790678024,61606068224,0,67190652928,17827889152,61394685952,61394690560,6007344640,0,160844513280,121114353664,0
1791595797.0828652,0.044915955513715744,61606068224,0,67071115264,17947426816,61394685952,61394690560,5887806976,0,160844480512,121114353664,0
1791595797.2845519,0.04651960916817188,61606068224,0,67071115264,17947426816,61394685952,61394690560,5887806976,0,160844296192,121114353664,0
1791595797.48356,0.04544694162905216,61606068224,0,67071115264,17947426816,61394685952,61394690560,5887806976,0,160844152832,121114353664,0
1791595797.6861687,0.04797276481986046,61606068224,0,67071115264,17947426816,61394685952,61394690560,5887806976,0,160843857920,121114353664,0
1791595797.888264,0.04997917637228966,61606068224,0,67071115264,17947426816,61394685952,61394690560,5887806976,0,160843886592,121114349568,0
1791595798.086279,0.04791325703263283,61606068224,0,67071115264,17947426816,61394685952,61394690560,5887806976,0,160843980800,121114349568,0
1791595798.285089,0.046637844294309616,61606068224,0,67089989632,17928552448,61394685952,61394690560,5906681344,0,160844066816,121114349568,0
1791595798.484308,0.04577382281422615,61606068224,0,67134029824,17884512256,61394685952,61394690560,5950721536,0,160843878400,121114349568,0
1791595798.6863897,0.04776909202337265,61606068224,0,67089989632,17928552448,61394685952,61394690560,5906681344,0,160843837440,121114349568,0
1791595798.8894916,0.05078311078250408,61606068224,0,67125641216,17892900864,61394685952,61394690560,5942332928,0,160843894784,121114349568,0
1791595799.086935,0.048147594556212425,61606068224,0,67083698176,17934843904,61394685952,61394690560,5900389888,0,160843956224,121114349568,0
1791595799.288105,0.04923269338905811,61606068224,0,67110961152,17907580928,61394685952,61394690560,5927652864,0,160843661312,121114349568,0
1791595799.488525,0.04956505447626114,61606068224,0,67146612736,17871929344,61394685952,61394690560,5963304448,0,160844005376,121114349568,0
1791595799.684934,0.045886797830462456,61606068224,0,67092086784,17926455296,61394685952,61394690560,5908778496,0,160844091392,121114349568,0
1791595799.8869092,0.04777554050087929,61606068224,0,67127738368,17890803712,61394685952,61394690560,5944430080,0,160844087296,121114349568,0
1791595800.0884764,0.04925175569951534,61606068224,0,67155001344,17863540736,61394685952,61394690560,5971693056,0,160844435456,121114349568,0
1791595800.286704,0.04739517346024513,61606068224,0,67100475392,17918066688,61394685952,61394690560,5917167104,0,160844447744,121114349568,0
1791595800.4862227,0.04682112857699394,61606068224,0,67121446912,17897095168,61394685952,61394690560,5938138624,0,160844914688,121114349568,0
1791595800.6869073,0.04740815982222557,61606068224,0,67163389952,17855152128,61394685952,61394690560,5980081664,0,160844570624,121114349568,0
1791595800.8874404,0.047849152237176895,61606068224,0,67121446912,17897095168,61394685952,61394690560,5938138624,0,160844210176,121114345472,0
1791595801.0840974,0.04440575651824474,61606068224,0,67175972864,17842569216,61394685952,61394690560,5992664576,0,160844308480,121114345472,0
1791595801.2835195,0.04373552463948727,61606068224,0,67113058304,17905483776,61394685952,61394690560,5929750016,0,160844402688,121114345472,0
1791595801.4829504,0.0430739875882864,61606068224,0,67134029824,17884512256,61394685952,61394690560,5950721536,0,160844476416,121114345472,0
1791595801.7229776,0.08299886249005795,61606068224,0,67165487104,17853054976,61394685952,61394690560,5982178816,0,160843665408,121114345472,0
1791595801.8895378,0.04947286285459995,61606068224,0,67180167168,17838374912,61394685952,61394690560,5996858880,0,160843972608,121114345472,0
1791595802.1274686,0.08731657639145851,61606068224,0,67121446912,17897095168,61394685952,61394690560,5938138624,0,160843841536,121114345472,0
1791595802.763154,0.5229146741330624,61606068224,0,67161292800,17857249280,61394685952,61394690560,5977984512,0,160843165696,121114341376,0
1791595802.8099213,0.046246981248259544,61606068224,0,67123544064,17894998016,61394685952,61394690560,5940235776,0,160843386880,121114341376,0
1791595803.000246,0.03648665174841881,61606068224,0,67131932672,17886609408,61394685952,61394690560,5948624384,0,160843374592,121114341376,0
1791595803.2099328,0.046067170798778534,61606068224,0,67173875712,17844666368,61394685952,61394690560,5990567424,0,160843440128,121114341376,0
1791595803.4146922,0.050739699974656105,61606068224,0,67136126976,17882415104,61394685952,61394690560,5952818688,0,160843382784,121114341376,0
1791595803.6104143,0.04637620784342289,61606068224,0,67142418432,17876123648,61394685952,61394690560,5959110144,0,160843460608,121114341376,0
1791595803.809408,0.04527587629854679,61606068224,0,67071115264,17947426816,61394685952,61394690560,5887806976,0,160843272192,121114341376,0
1791595804.009856,0.04563632421195507,61606068224,0,67071115264,17947426816,61394685952,61394690560,5887806976,0,160842833920,121114341376,0
1791595804.2540112,0.0896980706602335,61606068224,0,67071115264,17947426816,61394685952,61394690560,5887806976,0,160842977280,121114341376,0
1791595804.445356,0.08097352832555771,61606068224,0,67071115264,17947426816,61394685952,61394690560,5887806976,0,160842764288,121114341376,0
1791595804.612235,0.04777131602168083,61606068224,0,67071115264,17947426816,61394685952,61394690560,5887806976,0,160843116544,121114341376,0
1791595804.8554835,0.09093360602855682,61606068224,0,67624763392,17393778688,61394685952,61394690560,6441455104,0,160843198464,121114341376,0
