1787409578465871805	io	read_bytes	0
1787409578465871805	io	write_bytes	0
1787409578465871805	status	VmHWM_bytes	1142784
1787409578465871805	status	VmRSS_bytes	1142784
1787409578465871805	cpu	utime_ticks	0
1787409578465871805	cpu	stime_ticks	0
1787409579472729401	io	read_bytes	0
1787409579472729401	io	write_bytes	0
1787409579472729401	status	VmHWM_bytes	29847552
1787409579472729401	status	VmRSS_bytes	29847552
1787409579472729401	cpu	utime_ticks	52
1787409579472729401	cpu	stime_ticks	15
1787409580479358226	io	read_bytes	0
1787409580479358226	io	write_bytes	0
1787409580479358226	status	VmHWM_bytes	30027776
1787409580479358226	status	VmRSS_bytes	30027776
1787409580479358226	cpu	utime_ticks	152
1787409580479358226	cpu	stime_ticks	15
1787409581487003750	io	read_bytes	0
1787409581487003750	io	write_bytes	0
1787409581487003750	status	VmHWM_bytes	30240768
1787409581487003750	status	VmRSS_bytes	30240768
1787409581487003750	cpu	utime_ticks	253
1787409581487003750	cpu	stime_ticks	15
1787409582493994168	io	read_bytes	0
1787409582493994168	io	write_bytes	0
1787409582493994168	status	VmHWM_bytes	56107008
1787409582493994168	status	VmRSS_bytes	56107008
1787409582493994168	cpu	utime_ticks	353
1787409582493994168	cpu	stime_ticks	16
1787409583503079891	io	read_bytes	0
1787409583503079891	io	write_bytes	0
1787409583503079891	status	VmHWM_bytes	111280128
1787409583503079891	status	VmRSS_bytes	111280128
1787409583503079891	cpu	utime_ticks	451
1787409583503079891	cpu	stime_ticks	19
1787409584511168642	io	read_bytes	0
1787409584511168642	io	write_bytes	0
1787409584511168642	status	VmHWM_bytes	180596736
1787409584511168642	status	VmRSS_bytes	180596736
1787409584511168642	cpu	utime_ticks	548
1787409584511168642	cpu	stime_ticks	22
1787409585518926478	io	read_bytes	0
1787409585518926478	io	write_bytes	0
1787409585518926478	status	VmHWM_bytes	250908672
1787409585518926478	status	VmRSS_bytes	250908672
1787409585518926478	cpu	utime_ticks	646
1787409585518926478	cpu	stime_ticks	25
1787409586526571311	io	read_bytes	0
1787409586526571311	io	write_bytes	0
1787409586526571311	status	VmHWM_bytes	320040960
1787409586526571311	status	VmRSS_bytes	320040960
1787409586526571311	cpu	utime_ticks	745
1787409586526571311	cpu	stime_ticks	27
1787409587534850962	io	read_bytes	0
1787409587534850962	io	write_bytes	0
1787409587534850962	status	VmHWM_bytes	343126016
1787409587534850962	status	VmRSS_bytes	343126016
1787409587534850962	cpu	utime_ticks	845
1787409587534850962	cpu	stime_ticks	28
1787409588543028370	io	read_bytes	0
1787409588543028370	io	write_bytes	0
1787409588543028370	status	VmHWM_bytes	378966016
1787409588543028370	status	VmRSS_bytes	378966016
1787409588543028370	cpu	utime_ticks	943
1787409588543028370	cpu	stime_ticks	30
1787409589550059014	io	read_bytes	0
1787409589550059014	io	write_bytes	0
1787409589550059014	status	VmHWM_bytes	378966016
1787409589550059014	status	VmRSS_bytes	378966016
1787409589550059014	cpu	utime_ticks	1044
1787409589550059014	cpu	stime_ticks	30
1787409590557437324	io	read_bytes	0
1787409590557437324	io	write_bytes	0
1787409590557437324	status	VmHWM_bytes	394108928
1787409590557437324	status	VmRSS_bytes	394108928
1787409590557437324	cpu	utime_ticks	1144
1787409590557437324	cpu	stime_ticks	31
1787409591565746200	io	read_bytes	0
1787409591565746200	io	write_bytes	0
1787409591565746200	status	VmHWM_bytes	450519040
1787409591565746200	status	VmRSS_bytes	450519040
1787409591565746200	cpu	utime_ticks	1243
1787409591565746200	cpu	stime_ticks	32
1787409592572956042	io	read_bytes	0
1787409592572956042	io	write_bytes	0
1787409592572956042	status	VmHWM_bytes	460685312
1787409592572956042	status	VmRSS_bytes	460685312
1787409592572956042	cpu	utime_ticks	1343
1787409592572956042	cpu	stime_ticks	33
1787409593580677649	io	read_bytes	0
1787409593580677649	io	write_bytes	0
1787409593580677649	status	VmHWM_bytes	460918784
1787409593580677649	status	VmRSS_bytes	460918784
1787409593580677649	cpu	utime_ticks	1443
1787409593580677649	cpu	stime_ticks	33
1787409594588143404	io	read_bytes	0
1787409594588143404	io	write_bytes	0
1787409594588143404	status	VmHWM_bytes	523653120
1787409594588143404	status	VmRSS_bytes	523653120
1787409594588143404	cpu	utime_ticks	1541
1787409594588143404	cpu	stime_ticks	36
1787409595594913826	io	read_bytes	0
1787409595594913826	io	write_bytes	0
1787409595594913826	status	VmHWM_bytes	572022784
1787409595594913826	status	VmRSS_bytes	572022784
1787409595594913826	cpu	utime_ticks	1640
1787409595594913826	cpu	stime_ticks	37
1787409596603316500	io	read_bytes	0
1787409596603316500	io	write_bytes	0
1787409596603316500	status	VmHWM_bytes	583753728
1787409596603316500	status	VmRSS_bytes	583753728
1787409596603316500	cpu	utime_ticks	1740
1787409596603316500	cpu	stime_ticks	38
1787409597611213809	io	read_bytes	0
1787409597611213809	io	write_bytes	0
1787409597611213809	status	VmHWM_bytes	602923008
1787409597611213809	status	VmRSS_bytes	602923008
1787409597611213809	cpu	utime_ticks	1840
1787409597611213809	cpu	stime_ticks	39
1787409598619456491	io	read_bytes	0
1787409598619456491	io	write_bytes	0
1787409598619456491	status	VmHWM_bytes	666615808
1787409598619456491	status	VmRSS_bytes	666615808
1787409598619456491	cpu	utime_ticks	1939
1787409598619456491	cpu	stime_ticks	41
1787409599625802672	io	read_bytes	0
1787409599625802672	io	write_bytes	0
1787409599625802672	status	VmHWM_bytes	703492096
1787409599625802672	status	VmRSS_bytes	703492096
1787409599625802672	cpu	utime_ticks	2038
1787409599625802672	cpu	stime_ticks	42
1787409600634849121	io	read_bytes	0
1787409600634849121	io	write_bytes	0
1787409600634849121	status	VmHWM_bytes	707325952
1787409600634849121	status	VmRSS_bytes	707325952
1787409600634849121	cpu	utime_ticks	2138
1787409600634849121	cpu	stime_ticks	43
1787409601643234873	io	read_bytes	0
1787409601643234873	io	write_bytes	0
1787409601643234873	status	VmHWM_bytes	739246080
1787409601643234873	status	VmRSS_bytes	739246080
1787409601643234873	cpu	utime_ticks	2238
1787409601643234873	cpu	stime_ticks	44
1787409602650931503	io	read_bytes	0
1787409602650931503	io	write_bytes	0
1787409602650931503	status	VmHWM_bytes	807284736
1787409602650931503	status	VmRSS_bytes	807284736
1787409602650931503	cpu	utime_ticks	2336
1787409602650931503	cpu	stime_ticks	47
1787409603660243373	io	read_bytes	0
1787409603660243373	io	write_bytes	0
1787409603660243373	status	VmHWM_bytes	830824448
1787409603660243373	status	VmRSS_bytes	830824448
1787409603660243373	cpu	utime_ticks	2435
1787409603660243373	cpu	stime_ticks	49
1787409604669255547	io	read_bytes	0
1787409604669255547	io	write_bytes	0
1787409604669255547	status	VmHWM_bytes	830824448
1787409604669255547	status	VmRSS_bytes	830824448
1787409604669255547	cpu	utime_ticks	2535
1787409604669255547	cpu	stime_ticks	49
1787409605677364286	io	read_bytes	0
1787409605677364286	io	write_bytes	0
1787409605677364286	status	VmHWM_bytes	879603712
1787409605677364286	status	VmRSS_bytes	879603712
1787409605677364286	cpu	utime_ticks	2634
1787409605677364286	cpu	stime_ticks	51
1787409606684950447	io	read_bytes	0
1787409606684950447	io	write_bytes	0
1787409606684950447	status	VmHWM_bytes	940666880
1787409606684950447	status	VmRSS_bytes	940666880
1787409606684950447	cpu	utime_ticks	2733
1787409606684950447	cpu	stime_ticks	52
1787409607693066911	io	read_bytes	0
1787409607693066911	io	write_bytes	0
1787409607693066911	status	VmHWM_bytes	954331136
1787409607693066911	status	VmRSS_bytes	954331136
1787409607693066911	cpu	utime_ticks	2833
1787409607693066911	cpu	stime_ticks	53
1787409608702728922	io	read_bytes	0
1787409608702728922	io	write_bytes	0
1787409608702728922	status	VmHWM_bytes	954331136
1787409608702728922	status	VmRSS_bytes	954331136
1787409608702728922	cpu	utime_ticks	2934
1787409608702728922	cpu	stime_ticks	53
1787409609710830066	io	read_bytes	0
1787409609710830066	io	write_bytes	0
1787409609710830066	status	VmHWM_bytes	1020772352
1787409609710830066	status	VmRSS_bytes	1020772352
1787409609710830066	cpu	utime_ticks	3033
1787409609710830066	cpu	stime_ticks	55
1787409610718510135	io	read_bytes	0
1787409610718510135	io	write_bytes	0
1787409610718510135	status	VmHWM_bytes	1067290624
1787409610718510135	status	VmRSS_bytes	1067290624
1787409610718510135	cpu	utime_ticks	3132
1787409610718510135	cpu	stime_ticks	57
1787409611726775700	io	read_bytes	0
1787409611726775700	io	write_bytes	0
1787409611726775700	status	VmHWM_bytes	1077829632
1787409611726775700	status	VmRSS_bytes	1077829632
1787409611726775700	cpu	utime_ticks	3231
1787409611726775700	cpu	stime_ticks	57
1787409612734339970	io	read_bytes	0
1787409612734339970	io	write_bytes	0
1787409612734339970	status	VmHWM_bytes	1094119424
1787409612734339970	status	VmRSS_bytes	1094119424
1787409612734339970	cpu	utime_ticks	3331
1787409612734339970	cpu	stime_ticks	58
1787409613741285283	io	read_bytes	0
1787409613741285283	io	write_bytes	0
1787409613741285283	status	VmHWM_bytes	1164099584
1787409613741285283	status	VmRSS_bytes	1164099584
1787409613741285283	cpu	utime_ticks	3430
1787409613741285283	cpu	stime_ticks	61
1787409614748094128	io	read_bytes	0
1787409614748094128	io	write_bytes	0
1787409614748094128	status	VmHWM_bytes	1201328128
1787409614748094128	status	VmRSS_bytes	1201328128
1787409614748094128	cpu	utime_ticks	3529
1787409614748094128	cpu	stime_ticks	62
1787409615755730444	io	read_bytes	0
1787409615755730444	io	write_bytes	0
1787409615755730444	status	VmHWM_bytes	1201328128
1787409615755730444	status	VmRSS_bytes	1201328128
1787409615755730444	cpu	utime_ticks	3629
1787409615755730444	cpu	stime_ticks	63
1787409616763138280	io	read_bytes	0
1787409616763138280	io	write_bytes	0
1787409616763138280	status	VmHWM_bytes	1242558464
1787409616763138280	status	VmRSS_bytes	1242558464
1787409616763138280	cpu	utime_ticks	3727
1787409616763138280	cpu	stime_ticks	65
1787409617770985485	io	read_bytes	0
1787409617770985485	io	write_bytes	0
1787409617770985485	status	VmHWM_bytes	1306238976
1787409617770985485	status	VmRSS_bytes	1306238976
1787409617770985485	cpu	utime_ticks	3825
1787409617770985485	cpu	stime_ticks	68
1787409618777407870	io	read_bytes	0
1787409618777407870	io	write_bytes	0
1787409618777407870	status	VmHWM_bytes	1325330432
1787409618777407870	status	VmRSS_bytes	1325330432
1787409618777407870	cpu	utime_ticks	3925
1787409618777407870	cpu	stime_ticks	69
1787409619785800655	io	read_bytes	0
1787409619785800655	io	write_bytes	0
1787409619785800655	status	VmHWM_bytes	1325330432
1787409619785800655	status	VmRSS_bytes	1325330432
1787409619785800655	cpu	utime_ticks	4025
1787409619785800655	cpu	stime_ticks	69
1787409620793409039	io	read_bytes	0
1787409620793409039	io	write_bytes	0
1787409620793409039	status	VmHWM_bytes	1378643968
1787409620793409039	status	VmRSS_bytes	1378643968
1787409620793409039	cpu	utime_ticks	4125
1787409620793409039	cpu	stime_ticks	70
1787409621803750252	io	read_bytes	0
1787409621803750252	io	write_bytes	0
1787409621803750252	status	VmHWM_bytes	1435623424
1787409621803750252	status	VmRSS_bytes	1435623424
1787409621803750252	cpu	utime_ticks	4223
1787409621803750252	cpu	stime_ticks	72
1787409622811511564	io	read_bytes	0
1787409622811511564	io	write_bytes	0
1787409622811511564	status	VmHWM_bytes	1449287680
1787409622811511564	status	VmRSS_bytes	1449287680
1787409622811511564	cpu	utime_ticks	4323
1787409622811511564	cpu	stime_ticks	73
1787409623818074255	io	read_bytes	0
1787409623818074255	io	write_bytes	0
1787409623818074255	status	VmHWM_bytes	1449287680
1787409623818074255	status	VmRSS_bytes	1449287680
1787409623818074255	cpu	utime_ticks	4423
1787409623818074255	cpu	stime_ticks	73
1787409624824569357	io	read_bytes	0
1787409624824569357	io	write_bytes	0
1787409624824569357	status	VmHWM_bytes	1520050176
1787409624824569357	status	VmRSS_bytes	1520050176
1787409624824569357	cpu	utime_ticks	4522
1787409624824569357	cpu	stime_ticks	75
1787409625831106108	io	read_bytes	0
1787409625831106108	io	write_bytes	0
1787409625831106108	status	VmHWM_bytes	1564401664
1787409625831106108	status	VmRSS_bytes	1564401664
1787409625831106108	cpu	utime_ticks	4621
1787409625831106108	cpu	stime_ticks	77
1787409626837878294	io	read_bytes	0
1787409626837878294	io	write_bytes	0
1787409626837878294	status	VmHWM_bytes	1573224448
1787409626837878294	status	VmRSS_bytes	1573224448
1787409626837878294	cpu	utime_ticks	4721
1787409626837878294	cpu	stime_ticks	77
1787409627845298012	io	read_bytes	0
1787409627845298012	io	write_bytes	0
1787409627845298012	status	VmHWM_bytes	1590525952
1787409627845298012	status	VmRSS_bytes	1590525952
1787409627845298012	cpu	utime_ticks	4820
1787409627845298012	cpu	stime_ticks	79
1787409628852024691	io	read_bytes	0
1787409628852024691	io	write_bytes	0
1787409628852024691	status	VmHWM_bytes	1659760640
1787409628852024691	status	VmRSS_bytes	1659760640
1787409628852024691	cpu	utime_ticks	4919
1787409628852024691	cpu	stime_ticks	81
1787409629859068450	io	read_bytes	0
1787409629859068450	io	write_bytes	0
1787409629859068450	status	VmHWM_bytes	1695473664
1787409629859068450	status	VmRSS_bytes	1695473664
1787409629859068450	cpu	utime_ticks	5017
1787409629859068450	cpu	stime_ticks	84
1787409630865857136	io	read_bytes	0
1787409630865857136	io	write_bytes	0
1787409630865857136	status	VmHWM_bytes	1697169408
1787409630865857136	status	VmRSS_bytes	1697169408
1787409630865857136	cpu	utime_ticks	5117
1787409630865857136	cpu	stime_ticks	84
1787409631873354050	io	read_bytes	0
1787409631873354050	io	write_bytes	0
1787409631873354050	status	VmHWM_bytes	1728270336
1787409631873354050	status	VmRSS_bytes	1728270336
1787409631873354050	cpu	utime_ticks	5216
1787409631873354050	cpu	stime_ticks	85
1787409632880627261	io	read_bytes	0
1787409632880627261	io	write_bytes	0
1787409632880627261	status	VmHWM_bytes	1795678208
1787409632880627261	status	VmRSS_bytes	1795678208
1787409632880627261	cpu	utime_ticks	5315
1787409632880627261	cpu	stime_ticks	87
1787409633888685053	io	read_bytes	0
1787409633888685053	io	write_bytes	0
1787409633888685053	status	VmHWM_bytes	1821110272
1787409633888685053	status	VmRSS_bytes	1821110272
1787409633888685053	cpu	utime_ticks	5415
1787409633888685053	cpu	stime_ticks	88
1787409634896217254	io	read_bytes	0
1787409634896217254	io	write_bytes	0
1787409634896217254	status	VmHWM_bytes	1821110272
1787409634896217254	status	VmRSS_bytes	1821110272
1787409634896217254	cpu	utime_ticks	5516
1787409634896217254	cpu	stime_ticks	88
1787409635903744495	io	read_bytes	0
1787409635903744495	io	write_bytes	0
1787409635903744495	status	VmHWM_bytes	1866686464
1787409635903744495	status	VmRSS_bytes	1866686464
1787409635903744495	cpu	utime_ticks	5615
1787409635903744495	cpu	stime_ticks	89
1787409636910508675	io	read_bytes	0
1787409636910508675	io	write_bytes	0
1787409636910508675	status	VmHWM_bytes	1931612160
1787409636910508675	status	VmRSS_bytes	1931612160
1787409636910508675	cpu	utime_ticks	5713
1787409636910508675	cpu	stime_ticks	91
1787409637916517700	io	read_bytes	0
1787409637916517700	io	write_bytes	0
1787409637916517700	status	VmHWM_bytes	1945055232
1787409637916517700	status	VmRSS_bytes	1945055232
1787409637916517700	cpu	utime_ticks	5813
1787409637916517700	cpu	stime_ticks	92
1787409638923276200	io	read_bytes	0
1787409638923276200	io	write_bytes	0
1787409638923276200	status	VmHWM_bytes	1945055232
1787409638923276200	status	VmRSS_bytes	1945055232
1787409638923276200	cpu	utime_ticks	5914
1787409638923276200	cpu	stime_ticks	92
1787409639931540131	io	read_bytes	0
1787409639931540131	io	write_bytes	0
1787409639931540131	status	VmHWM_bytes	2010349568
1787409639931540131	status	VmRSS_bytes	2010349568
1787409639931540131	cpu	utime_ticks	6012
1787409639931540131	cpu	stime_ticks	95
1787409640938528765	io	read_bytes	0
1787409640938528765	io	write_bytes	0
1787409640938528765	status	VmHWM_bytes	2056478720
1787409640938528765	status	VmRSS_bytes	2056478720
1787409640938528765	cpu	utime_ticks	6110
1787409640938528765	cpu	stime_ticks	97
1787409641945678023	io	read_bytes	0
1787409641945678023	io	write_bytes	0
1787409641945678023	status	VmHWM_bytes	2068992000
1787409641945678023	status	VmRSS_bytes	2068992000
1787409641945678023	cpu	utime_ticks	6208
1787409641945678023	cpu	stime_ticks	99
1787409642952728343	io	read_bytes	0
1787409642952728343	io	write_bytes	0
1787409642952728343	status	VmHWM_bytes	2077147136
1787409642952728343	status	VmRSS_bytes	2077147136
1787409642952728343	cpu	utime_ticks	6309
1787409642952728343	cpu	stime_ticks	100
1787409643959921995	io	read_bytes	0
1787409643959921995	io	write_bytes	0
1787409643959921995	status	VmHWM_bytes	2151022592
1787409643959921995	status	VmRSS_bytes	2151022592
1787409643959921995	cpu	utime_ticks	6407
1787409643959921995	cpu	stime_ticks	102
1787409644968571334	io	read_bytes	0
1787409644968571334	io	write_bytes	0
1787409644968571334	status	VmHWM_bytes	2190454784
1787409644968571334	status	VmRSS_bytes	2190454784
1787409644968571334	cpu	utime_ticks	6507
1787409644968571334	cpu	stime_ticks	103
1787409645976643022	io	read_bytes	0
1787409645976643022	io	write_bytes	0
1787409645976643022	status	VmHWM_bytes	2192928768
1787409645976643022	status	VmRSS_bytes	2192928768
1787409645976643022	cpu	utime_ticks	6607
1787409645976643022	cpu	stime_ticks	103
1787409646985311057	io	read_bytes	0
1787409646985311057	io	write_bytes	0
1787409646985311057	status	VmHWM_bytes	2224070656
1787409646985311057	status	VmRSS_bytes	2224070656
1787409646985311057	cpu	utime_ticks	6707
1787409646985311057	cpu	stime_ticks	104
1787409647993150577	io	read_bytes	0
1787409647993150577	io	write_bytes	0
1787409647993150577	status	VmHWM_bytes	2293444608
1787409647993150577	status	VmRSS_bytes	2293444608
1787409647993150577	cpu	utime_ticks	6806
1787409647993150577	cpu	stime_ticks	106
1787409649002833317	io	read_bytes	0
1787409649002833317	io	write_bytes	0
1787409649002833317	status	VmHWM_bytes	2316873728
1787409649002833317	status	VmRSS_bytes	2316873728
1787409649002833317	cpu	utime_ticks	6886
1787409649002833317	cpu	stime_ticks	106
1787409650010067525	io	read_bytes	0
1787409650010067525	io	write_bytes	0
1787409650010067525	status	VmHWM_bytes	2894209024
1787409650010067525	status	VmRSS_bytes	2894209024
1787409650010067525	cpu	utime_ticks	7324
1787409650010067525	cpu	stime_ticks	143
1787409651017566011	io	read_bytes	0
1787409651017566011	io	write_bytes	0
1787409651017566011	status	VmHWM_bytes	2895003648
1787409651017566011	status	VmRSS_bytes	2895003648
1787409651017566011	cpu	utime_ticks	8023
1787409651017566011	cpu	stime_ticks	160
1787409652026009702	io	read_bytes	0
1787409652026009702	io	write_bytes	0
1787409652026009702	status	VmHWM_bytes	3101782016
1787409652026009702	status	VmRSS_bytes	3101782016
1787409652026009702	cpu	utime_ticks	8612
1787409652026009702	cpu	stime_ticks	179
1787409653033189076	io	read_bytes	0
1787409653033189076	io	write_bytes	0
1787409653033189076	status	VmHWM_bytes	3552739328
1787409653033189076	status	VmRSS_bytes	3552739328
1787409653033189076	cpu	utime_ticks	9111
1787409653033189076	cpu	stime_ticks	202
1787409654039854931	io	read_bytes	0
1787409654039854931	io	write_bytes	609419264
1787409654039854931	status	VmHWM_bytes	3781996544
1787409654039854931	status	VmRSS_bytes	2405867520
1787409654039854931	cpu	utime_ticks	9173
1787409654039854931	cpu	stime_ticks	239
1787409655047559707	io	read_bytes	0
1787409655047559707	io	write_bytes	905969664
1787409655047559707	status	VmHWM_bytes	3781996544
1787409655047559707	status	VmRSS_bytes	2405867520
1787409655047559707	cpu	utime_ticks	9190
1787409655047559707	cpu	stime_ticks	302
1787409656055912887	io	read_bytes	0
1787409656055912887	io	write_bytes	1091022848
1787409656055912887	status	VmHWM_bytes	3781996544
1787409656055912887	status	VmRSS_bytes	2405933056
1787409656055912887	cpu	utime_ticks	9249
1787409656055912887	cpu	stime_ticks	344
1787409657064135340	io	read_bytes	0
1787409657064135340	io	write_bytes	1326071808
1787409657064135340	status	VmHWM_bytes	3781996544
1787409657064135340	status	VmRSS_bytes	2442702848
1787409657064135340	cpu	utime_ticks	9301
1787409657064135340	cpu	stime_ticks	388
1787409658073087150	io	read_bytes	0
1787409658073087150	io	write_bytes	1326071808
1787409658073087150	status	VmHWM_bytes	3781996544
1787409658073087150	status	VmRSS_bytes	2712793088
1787409658073087150	cpu	utime_ticks	9388
1787409658073087150	cpu	stime_ticks	402
1787409659081065783	io	read_bytes	0
1787409659081065783	io	write_bytes	1326071808
1787409659081065783	status	VmHWM_bytes	3781996544
1787409659081065783	status	VmRSS_bytes	2982563840
1787409659081065783	cpu	utime_ticks	9473
1787409659081065783	cpu	stime_ticks	418
1787409660089160746	io	read_bytes	0
1787409660089160746	io	write_bytes	1326071808
1787409660089160746	status	VmHWM_bytes	3781996544
1787409660089160746	status	VmRSS_bytes	3253567488
1787409660089160746	cpu	utime_ticks	9558
1787409660089160746	cpu	stime_ticks	433
1787409661097684248	io	read_bytes	0
1787409661097684248	io	write_bytes	1326071808
1787409661097684248	status	VmHWM_bytes	3781996544
1787409661097684248	status	VmRSS_bytes	3522899968
1787409661097684248	cpu	utime_ticks	9644
1787409661097684248	cpu	stime_ticks	448
1787409662106243727	io	read_bytes	0
1787409662106243727	io	write_bytes	1326071808
1787409662106243727	status	VmHWM_bytes	3794731008
1787409662106243727	status	VmRSS_bytes	3794731008
1787409662106243727	cpu	utime_ticks	9732
1787409662106243727	cpu	stime_ticks	461
1787409663113663736	io	read_bytes	0
1787409663113663736	io	write_bytes	1326071808
1787409663113663736	status	VmHWM_bytes	4065800192
1787409663113663736	status	VmRSS_bytes	4065800192
1787409663113663736	cpu	utime_ticks	9819
1787409663113663736	cpu	stime_ticks	475
1787409664121469612	io	read_bytes	0
1787409664121469612	io	write_bytes	1326071808
1787409664121469612	status	VmHWM_bytes	4336394240
1787409664121469612	status	VmRSS_bytes	4336394240
1787409664121469612	cpu	utime_ticks	9905
1787409664121469612	cpu	stime_ticks	490
1787409665129771846	io	read_bytes	0
1787409665129771846	io	write_bytes	1326071808
1787409665129771846	status	VmHWM_bytes	4611203072
1787409665129771846	status	VmRSS_bytes	4611203072
1787409665129771846	cpu	utime_ticks	9991
1787409665129771846	cpu	stime_ticks	504
1787409666137974642	io	read_bytes	0
1787409666137974642	io	write_bytes	1326071808
1787409666137974642	status	VmHWM_bytes	4876197888
1787409666137974642	status	VmRSS_bytes	4876197888
1787409666137974642	cpu	utime_ticks	10075
1787409666137974642	cpu	stime_ticks	521
1787409667146540624	io	read_bytes	0
1787409667146540624	io	write_bytes	1326071808
1787409667146540624	status	VmHWM_bytes	5145853952
1787409667146540624	status	VmRSS_bytes	5145853952
1787409667146540624	cpu	utime_ticks	10160
1787409667146540624	cpu	stime_ticks	537
1787409668154976741	io	read_bytes	0
1787409668154976741	io	write_bytes	1326071808
1787409668154976741	status	VmHWM_bytes	5416759296
1787409668154976741	status	VmRSS_bytes	5416759296
1787409668154976741	cpu	utime_ticks	10247
1787409668154976741	cpu	stime_ticks	551
1787409669162817864	io	read_bytes	0
1787409669162817864	io	write_bytes	1326071808
1787409669162817864	status	VmHWM_bytes	5635383296
1787409669162817864	status	VmRSS_bytes	5635383296
1787409669162817864	cpu	utime_ticks	10313
1787409669162817864	cpu	stime_ticks	585
1787409670171218854	io	read_bytes	0
1787409670171218854	io	write_bytes	1326071808
1787409670171218854	status	VmHWM_bytes	5723500544
1787409670171218854	status	VmRSS_bytes	5723500544
1787409670171218854	cpu	utime_ticks	10369
1787409670171218854	cpu	stime_ticks	618
1787409671178931125	io	read_bytes	0
1787409671178931125	io	write_bytes	1326071808
1787409671178931125	status	VmHWM_bytes	5723500544
1787409671178931125	status	VmRSS_bytes	5723500544
1787409671178931125	cpu	utime_ticks	10470
1787409671178931125	cpu	stime_ticks	618
1787409672187078436	io	read_bytes	0
1787409672187078436	io	write_bytes	1326071808
1787409672187078436	status	VmHWM_bytes	5723500544
1787409672187078436	status	VmRSS_bytes	5723500544
1787409672187078436	cpu	utime_ticks	10569
1787409672187078436	cpu	stime_ticks	620
1787409673193155910	io	read_bytes	0
1787409673193155910	io	write_bytes	1326071808
1787409673193155910	status	VmHWM_bytes	5723500544
1787409673193155910	status	VmRSS_bytes	5723500544
1787409673193155910	cpu	utime_ticks	10670
1787409673193155910	cpu	stime_ticks	620
1787409674203289842	io	read_bytes	0
1787409674203289842	io	write_bytes	1326071808
1787409674203289842	status	VmHWM_bytes	5723500544
1787409674203289842	status	VmRSS_bytes	5723500544
1787409674203289842	cpu	utime_ticks	10771
1787409674203289842	cpu	stime_ticks	620
1787409675211409301	io	read_bytes	0
1787409675211409301	io	write_bytes	1326071808
1787409675211409301	status	VmHWM_bytes	5723500544
1787409675211409301	status	VmRSS_bytes	5723500544
1787409675211409301	cpu	utime_ticks	10871
1787409675211409301	cpu	stime_ticks	621
1787409676218904120	io	read_bytes	0
1787409676218904120	io	write_bytes	1326071808
1787409676218904120	status	VmHWM_bytes	5723500544
1787409676218904120	status	VmRSS_bytes	5723500544
1787409676218904120	cpu	utime_ticks	10972
1787409676218904120	cpu	stime_ticks	621
1787409677225677949	io	read_bytes	0
1787409677225677949	io	write_bytes	1326071808
1787409677225677949	status	VmHWM_bytes	5723500544
1787409677225677949	status	VmRSS_bytes	5723500544
1787409677225677949	cpu	utime_ticks	11072
1787409677225677949	cpu	stime_ticks	621
1787409678233943133	io	read_bytes	0
1787409678233943133	io	write_bytes	1326071808
1787409678233943133	status	VmHWM_bytes	5723500544
1787409678233943133	status	VmRSS_bytes	5723500544
1787409678233943133	cpu	utime_ticks	11173
1787409678233943133	cpu	stime_ticks	621
1787409679241209221	io	read_bytes	0
1787409679241209221	io	write_bytes	1326071808
1787409679241209221	status	VmHWM_bytes	5723500544
1787409679241209221	status	VmRSS_bytes	5723500544
1787409679241209221	cpu	utime_ticks	11274
1787409679241209221	cpu	stime_ticks	621
1787409680249219113	io	read_bytes	0
1787409680249219113	io	write_bytes	1326071808
1787409680249219113	status	VmHWM_bytes	5723500544
1787409680249219113	status	VmRSS_bytes	5723500544
1787409680249219113	cpu	utime_ticks	11373
1787409680249219113	cpu	stime_ticks	622
1787409681256305792	io	read_bytes	0
1787409681256305792	io	write_bytes	1326071808
1787409681256305792	status	VmHWM_bytes	7073214464
1787409681256305792	status	VmRSS_bytes	7073214464
1787409681256305792	cpu	utime_ticks	11417
1787409681256305792	cpu	stime_ticks	679
1787409682263747932	io	read_bytes	0
1787409682263747932	io	write_bytes	1326071808
1787409682263747932	status	VmHWM_bytes	7871152128
1787409682263747932	status	VmRSS_bytes	7871152128
1787409682263747932	cpu	utime_ticks	11471
1787409682263747932	cpu	stime_ticks	725
1787409683271678254	io	read_bytes	0
1787409683271678254	io	write_bytes	1326071808
1787409683271678254	status	VmHWM_bytes	8128958464
1787409683271678254	status	VmRSS_bytes	7872827392
1787409683271678254	cpu	utime_ticks	11553
1787409683271678254	cpu	stime_ticks	742
1787409684279531751	io	read_bytes	0
1787409684279531751	io	write_bytes	1326071808
1787409684279531751	status	VmHWM_bytes	8128958464
1787409684279531751	status	VmRSS_bytes	7872892928
1787409684279531751	cpu	utime_ticks	11654
1787409684279531751	cpu	stime_ticks	742
1787409685286700745	io	read_bytes	0
1787409685286700745	io	write_bytes	1326071808
1787409685286700745	status	VmHWM_bytes	8128958464
1787409685286700745	status	VmRSS_bytes	7872892928
1787409685286700745	cpu	utime_ticks	11755
1787409685286700745	cpu	stime_ticks	742
1787409686294186067	io	read_bytes	0
1787409686294186067	io	write_bytes	1326071808
1787409686294186067	status	VmHWM_bytes	8128958464
1787409686294186067	status	VmRSS_bytes	7872892928
1787409686294186067	cpu	utime_ticks	11854
1787409686294186067	cpu	stime_ticks	743
1787409687302390366	io	read_bytes	0
1787409687302390366	io	write_bytes	1326071808
1787409687302390366	status	VmHWM_bytes	8128958464
1787409687302390366	status	VmRSS_bytes	7872892928
1787409687302390366	cpu	utime_ticks	11955
1787409687302390366	cpu	stime_ticks	743
1787409688309548560	io	read_bytes	0
1787409688309548560	io	write_bytes	1326071808
1787409688309548560	status	VmHWM_bytes	8128958464
1787409688309548560	status	VmRSS_bytes	7872892928
1787409688309548560	cpu	utime_ticks	12055
1787409688309548560	cpu	stime_ticks	744
1787409689316525472	io	read_bytes	0
1787409689316525472	io	write_bytes	1326071808
1787409689316525472	status	VmHWM_bytes	8128958464
1787409689316525472	status	VmRSS_bytes	7872897024
1787409689316525472	cpu	utime_ticks	12154
1787409689316525472	cpu	stime_ticks	746
1787409690323088553	io	read_bytes	0
1787409690323088553	io	write_bytes	1326071808
1787409690323088553	status	VmHWM_bytes	8128958464
1787409690323088553	status	VmRSS_bytes	4814471168
1787409690323088553	cpu	utime_ticks	12207
1787409690323088553	cpu	stime_ticks	782
1787409690323088553	directory	wrapper	1
1787409691331744495	io	read_bytes	0
1787409691331744495	io	write_bytes	1326071808
1787409691331744495	status	VmHWM_bytes	8128958464
1787409691331744495	status	VmRSS_bytes	6728245248
1787409691331744495	cpu	utime_ticks	12228
1787409691331744495	cpu	stime_ticks	862
1787409691331744495	directory	wrapper	1
1787409692340996361	io	read_bytes	0
1787409692340996361	io	write_bytes	1326071808
1787409692340996361	status	VmHWM_bytes	8747130880
1787409692340996361	status	VmRSS_bytes	8747130880
1787409692340996361	cpu	utime_ticks	12248
1787409692340996361	cpu	stime_ticks	944
1787409692340996361	directory	wrapper	1
1787409693350802775	io	read_bytes	0
1787409693350802775	io	write_bytes	1326071808
1787409693350802775	status	VmHWM_bytes	8952836096
1787409693350802775	status	VmRSS_bytes	8952836096
1787409693350802775	cpu	utime_ticks	12341
1787409693350802775	cpu	stime_ticks	952
1787409693350802775	directory	wrapper	1
1787409694360747038	io	read_bytes	0
1787409694360747038	io	write_bytes	1326071808
1787409694360747038	status	VmHWM_bytes	8952893440
1787409694360747038	status	VmRSS_bytes	8952893440
1787409694360747038	cpu	utime_ticks	12442
1787409694360747038	cpu	stime_ticks	953
1787409694360747038	directory	wrapper	1
1787409695371067292	io	read_bytes	0
1787409695371067292	io	write_bytes	1326071808
1787409695371067292	status	VmHWM_bytes	8952893440
1787409695371067292	status	VmRSS_bytes	8952893440
1787409695371067292	cpu	utime_ticks	12544
1787409695371067292	cpu	stime_ticks	953
1787409695371067292	directory	wrapper	1
1787409696381030681	io	read_bytes	0
1787409696381030681	io	write_bytes	1326071808
1787409696381030681	status	VmHWM_bytes	9344651264
1787409696381030681	status	VmRSS_bytes	9344651264
1787409696381030681	cpu	utime_ticks	12632
1787409696381030681	cpu	stime_ticks	966
1787409696381030681	directory	wrapper	1
1787409697391258760	io	read_bytes	0
1787409697391258760	io	write_bytes	1326071808
1787409697391258760	status	VmHWM_bytes	10927988736
1787409697391258760	status	VmRSS_bytes	10927988736
1787409697391258760	cpu	utime_ticks	12689
1787409697391258760	cpu	stime_ticks	1010
1787409697391258760	directory	wrapper	1
1787409698402851626	io	read_bytes	0
1787409698402851626	io	write_bytes	1862942720
1787409698402851626	status	VmHWM_bytes	11637411840
1787409698402851626	status	VmRSS_bytes	11637411840
1787409698402851626	cpu	utime_ticks	12824
1787409698402851626	cpu	stime_ticks	1059
1787409698402851626	directory	wrapper	1
1787409698402851626	file	cohort-c6010001-ordinal-0000/semantic-cache.fp2	536870912
1787409699413640414	io	read_bytes	0
1787409699413640414	io	write_bytes	1862942720
1787409699413640414	status	VmHWM_bytes	11624923136
1787409699413640414	status	VmRSS_bytes	11189563392
1787409699413640414	cpu	utime_ticks	13085
1787409699413640414	cpu	stime_ticks	1102
1787409699413640414	directory	wrapper	1
1787409699413640414	file	cohort-c6010001-ordinal-0000/semantic-cache.fp2	536870912
1787409700424085703	io	read_bytes	0
1787409700424085703	io	write_bytes	1862942720
1787409700424085703	status	VmHWM_bytes	11624923136
1787409700424085703	status	VmRSS_bytes	11106209792
1787409700424085703	cpu	utime_ticks	13277
1787409700424085703	cpu	stime_ticks	1161
1787409700424085703	directory	wrapper	1
1787409700424085703	file	cohort-c6010001-ordinal-0000/semantic-cache.fp2	536870912
1787409701434168919	io	read_bytes	0
1787409701434168919	io	write_bytes	1862942720
1787409701434168919	status	VmHWM_bytes	11637395456
1787409701434168919	status	VmRSS_bytes	11637395456
1787409701434168919	cpu	utime_ticks	13473
1787409701434168919	cpu	stime_ticks	1217
1787409701434168919	directory	wrapper	1
1787409701434168919	file	cohort-c6010001-ordinal-0000/semantic-cache.fp2	536870912
1787409702444348808	io	read_bytes	0
1787409702444348808	io	write_bytes	1862942720
1787409702444348808	status	VmHWM_bytes	11637391360
1787409702444348808	status	VmRSS_bytes	11637391360
1787409702444348808	cpu	utime_ticks	13804
1787409702444348808	cpu	stime_ticks	1257
1787409702444348808	directory	wrapper	1
1787409702444348808	file	cohort-c6010001-ordinal-0000/semantic-cache.fp2	536870912
1787409703453640820	io	read_bytes	0
1787409703453640820	io	write_bytes	1862942720
1787409703453640820	status	VmHWM_bytes	11624923136
1787409703453640820	status	VmRSS_bytes	11339587584
1787409703453640820	cpu	utime_ticks	13999
1787409703453640820	cpu	stime_ticks	1310
1787409703453640820	directory	wrapper	1
1787409703453640820	file	cohort-c6010001-ordinal-0000/semantic-cache.fp2	536870912
1787409704464604368	io	read_bytes	0
1787409704464604368	io	write_bytes	2391425024
1787409704464604368	status	VmHWM_bytes	11624923136
1787409704464604368	status	VmRSS_bytes	11580887040
1787409704464604368	cpu	utime_ticks	14194
1787409704464604368	cpu	stime_ticks	1362
1787409704464604368	directory	wrapper	1
1787409704464604368	file	cohort-c6010001-ordinal-0000/coefficients.fp2	528482304
1787409704464604368	file	cohort-c6010001-ordinal-0000/oracle.fp2	0
1787409704464604368	file	cohort-c6010001-ordinal-0000/semantic-cache.fp2	536870912
1787409705475957952	io	read_bytes	0
1787409705475957952	io	write_bytes	2391425024
1787409705475957952	status	VmHWM_bytes	14981021696
1787409705475957952	status	VmRSS_bytes	14981021696
1787409705475957952	cpu	utime_ticks	14205
1787409705475957952	cpu	stime_ticks	1453
1787409705475957952	directory	wrapper	1
1787409705475957952	file	cohort-c6010001-ordinal-0000/coefficients.fp2	528482304
1787409705475957952	file	cohort-c6010001-ordinal-0000/oracle.fp2	0
1787409705475957952	file	cohort-c6010001-ordinal-0000/semantic-cache.fp2	536870912
1787409706486390918	io	read_bytes	0
1787409706486390918	io	write_bytes	2391425024
1787409706486390918	status	VmHWM_bytes	15932391424
1787409706486390918	status	VmRSS_bytes	15932391424
1787409706486390918	cpu	utime_ticks	14280
1787409706486390918	cpu	stime_ticks	1479
1787409706486390918	directory	wrapper	1
1787409706486390918	file	cohort-c6010001-ordinal-0000/coefficients.fp2	528482304
1787409706486390918	file	cohort-c6010001-ordinal-0000/oracle.fp2	0
1787409706486390918	file	cohort-c6010001-ordinal-0000/semantic-cache.fp2	536870912
1787409707497610338	io	read_bytes	0
1787409707497610338	io	write_bytes	4899618816
1787409707497610338	status	VmHWM_bytes	15919861760
1787409707497610338	status	VmRSS_bytes	15395516416
1787409707497610338	cpu	utime_ticks	14348
1787409707497610338	cpu	stime_ticks	1512
1787409707497610338	directory	wrapper	1
1787409707497610338	file	cohort-c6010001-ordinal-0000/coefficients.fp2	528482304
1787409707497610338	file	cohort-c6010001-ordinal-0000/oracle.fp2	2535456768
1787409707497610338	file	cohort-c6010001-ordinal-0000/semantic-cache.fp2	536870912
1787409708511092651	io	read_bytes	0
1787409708511092651	io	write_bytes	7139377152
1787409708511092651	status	VmHWM_bytes	15919861760
1787409708511092651	status	VmRSS_bytes	11100545024
1787409708511092651	cpu	utime_ticks	14378
1787409708511092651	cpu	stime_ticks	1564
1787409708511092651	directory	wrapper	1
1787409708511092651	file	cohort-c6010001-ordinal-0000/coefficients.fp2	1015021568
1787409708511092651	file	cohort-c6010001-ordinal-0000/oracle.fp2	4286578688
1787409708511092651	file	cohort-c6010001-ordinal-0000/semantic-cache.fp2	536870912
1787409709521183361	io	read_bytes	0
1787409709521183361	io	write_bytes	7214874624
1787409709521183361	status	VmHWM_bytes	15919861760
1787409709521183361	status	VmRSS_bytes	14352949248
1787409709521183361	cpu	utime_ticks	14394
1787409709521183361	cpu	stime_ticks	1649
1787409709521183361	directory	wrapper	1
1787409709521183361	file	cohort-c6010001-ordinal-0000/coefficients.fp2	1065353216
1787409709521183361	file	cohort-c6010001-ordinal-0000/oracle.fp2	4286578688
1787409709521183361	file	cohort-c6010001-ordinal-0000/semantic-cache.fp2	536870912
1787409710531932924	io	read_bytes	0
1787409710531932924	io	write_bytes	7214874624
1787409710531932924	status	VmHWM_bytes	15932391424
1787409710531932924	status	VmRSS_bytes	15932391424
1787409710531932924	cpu	utime_ticks	14454
1787409710531932924	cpu	stime_ticks	1691
1787409710531932924	directory	wrapper	1
1787409710531932924	file	cohort-c6010001-ordinal-0000/coefficients.fp2	1065353216
1787409710531932924	file	cohort-c6010001-ordinal-0000/oracle.fp2	4286578688
1787409710531932924	file	cohort-c6010001-ordinal-0000/semantic-cache.fp2	536870912
1787409711542164080	io	read_bytes	0
1787409711542164080	io	write_bytes	8433319936
1787409711542164080	status	VmHWM_bytes	15919861760
1787409711542164080	status	VmRSS_bytes	15395516416
1787409711542164080	cpu	utime_ticks	14521
1787409711542164080	cpu	stime_ticks	1708
1787409711542164080	directory	wrapper	1
1787409711542164080	file	cohort-c6010001-ordinal-0000/coefficients.fp2	1065353216
1787409711542164080	file	cohort-c6010001-ordinal-0000/oracle.fp2	5505024000
1787409711542164080	file	cohort-c6010001-ordinal-0000/semantic-cache.fp2	536870912
1787409712552965341	io	read_bytes	0
1787409712552965341	io	write_bytes	11509841920
1787409712552965341	status	VmHWM_bytes	15919861760
1787409712552965341	status	VmRSS_bytes	12575182848
1787409712552965341	cpu	utime_ticks	14562
1787409712552965341	cpu	stime_ticks	1759
1787409712552965341	directory	wrapper	1
1787409712552965341	file	cohort-c6010001-ordinal-0000/coefficients.fp2	1065353216
1787409712552965341	file	cohort-c6010001-ordinal-0000/oracle.fp2	8581545984
1787409712552965341	file	cohort-c6010001-ordinal-0000/semantic-cache.fp2	536870912
1787409713562342384	io	read_bytes	0
1787409713562342384	io	write_bytes	12046712832
1787409713562342384	status	VmHWM_bytes	15919861760
1787409713562342384	status	VmRSS_bytes	13662253056
1787409713562342384	cpu	utime_ticks	14580
1787409713562342384	cpu	stime_ticks	1843
1787409713562342384	directory	wrapper	1
1787409713562342384	file	cohort-c6010001-ordinal-0000/coefficients.fp2	1602224128
1787409713562342384	file	cohort-c6010001-ordinal-0000/oracle.fp2	8581545984
1787409713562342384	file	cohort-c6010001-ordinal-0000/semantic-cache.fp2	536870912
1787409714571666647	io	read_bytes	0
1787409714571666647	io	write_bytes	12046712832
1787409714571666647	status	VmHWM_bytes	15932391424
1787409714571666647	status	VmRSS_bytes	15932391424
1787409714571666647	cpu	utime_ticks	14622
1787409714571666647	cpu	stime_ticks	1902
1787409714571666647	directory	wrapper	1
1787409714571666647	file	cohort-c6010001-ordinal-0000/coefficients.fp2	1602224128
1787409714571666647	file	cohort-c6010001-ordinal-0000/oracle.fp2	8581545984
1787409714571666647	file	cohort-c6010001-ordinal-0000/semantic-cache.fp2	536870912
1787409715580622274	io	read_bytes	0
1787409715580622274	io	write_bytes	13141426176
1787409715580622274	status	VmHWM_bytes	15919861760
1787409715580622274	status	VmRSS_bytes	15395516416
1787409715580622274	cpu	utime_ticks	14707
1787409715580622274	cpu	stime_ticks	1919
1787409715580622274	directory	wrapper	1
1787409715580622274	file	cohort-c6010001-ordinal-0000/coefficients.fp2	1602224128
1787409715580622274	file	cohort-c6010001-ordinal-0000/oracle.fp2	9697230848
1787409715580622274	file	cohort-c6010001-ordinal-0000/semantic-cache.fp2	536870912
1787409716590322247	io	read_bytes	0
1787409716590322247	io	write_bytes	16341680128
1787409716590322247	status	VmHWM_bytes	15919861760
1787409716590322247	status	VmRSS_bytes	13449089024
1787409716590322247	cpu	utime_ticks	14750
1787409716590322247	cpu	stime_ticks	1966
1787409716590322247	directory	wrapper	1
1787409716590322247	file	cohort-c6010001-ordinal-0000/coefficients.fp2	1602224128
1787409716590322247	file	cohort-c6010001-ordinal-0000/oracle.fp2	12876513280
1787409716590322247	file	cohort-c6010001-ordinal-0000/semantic-cache.fp2	536870912
1787409717600203020	io	read_bytes	0
1787409717600203020	io	write_bytes	16878551040
1787409717600203020	status	VmHWM_bytes	15919861760
1787409717600203020	status	VmRSS_bytes	13542612992
1787409717600203020	cpu	utime_ticks	14769
1787409717600203020	cpu	stime_ticks	2049
1787409717600203020	directory	wrapper	1
1787409717600203020	file	cohort-c6010001-ordinal-0000/coefficients.fp2	2139095040
1787409717600203020	file	cohort-c6010001-ordinal-0000/oracle.fp2	12876513280
1787409717600203020	file	cohort-c6010001-ordinal-0000/semantic-cache.fp2	536870912
1787409718610723953	io	read_bytes	0
1787409718610723953	io	write_bytes	16878551040
1787409718610723953	status	VmHWM_bytes	15932391424
1787409718610723953	status	VmRSS_bytes	15932391424
1787409718610723953	cpu	utime_ticks	14808
1787409718610723953	cpu	stime_ticks	2112
1787409718610723953	directory	wrapper	1
1787409718610723953	file	cohort-c6010001-ordinal-0000/coefficients.fp2	2139095040
1787409718610723953	file	cohort-c6010001-ordinal-0000/oracle.fp2	12876513280
1787409718610723953	file	cohort-c6010001-ordinal-0000/semantic-cache.fp2	536870912
1787409719621135388	io	read_bytes	0
1787409719621135388	io	write_bytes	17826463744
1787409719621135388	status	VmHWM_bytes	15919861760
1787409719621135388	status	VmRSS_bytes	15395516416
1787409719621135388	cpu	utime_ticks	14895
1787409719621135388	cpu	stime_ticks	2126
1787409719621135388	directory	wrapper	1
1787409719621135388	file	cohort-c6010001-ordinal-0000/coefficients.fp2	2139095040
1787409719621135388	file	cohort-c6010001-ordinal-0000/oracle.fp2	13841203200
1787409719621135388	file	cohort-c6010001-ordinal-0000/semantic-cache.fp2	536870912
1787409720631079652	io	read_bytes	0
1787409720631079652	io	write_bytes	21173518336
1787409720631079652	status	VmHWM_bytes	15919861760
1787409720631079652	status	VmRSS_bytes	14640779264
1787409720631079652	cpu	utime_ticks	14940
1787409720631079652	cpu	stime_ticks	2170
1787409720631079652	directory	wrapper	1
1787409720631079652	file	cohort-c6010001-ordinal-0000/coefficients.fp2	2139095040
1787409720631079652	file	cohort-c6010001-ordinal-0000/oracle.fp2	17171480576
1787409720631079652	file	cohort-c6010001-ordinal-0000/semantic-cache.fp2	536870912
1787409721641370690	io	read_bytes	0
1787409721641370690	io	write_bytes	21710389248
1787409721641370690	status	VmHWM_bytes	15919861760
1787409721641370690	status	VmRSS_bytes	13318074368
1787409721641370690	cpu	utime_ticks	14956
1787409721641370690	cpu	stime_ticks	2255
1787409721641370690	directory	wrapper	1
1787409721641370690	file	cohort-c6010001-ordinal-0000/coefficients.fp2	2675965952
1787409721641370690	file	cohort-c6010001-ordinal-0000/oracle.fp2	17171480576
1787409721641370690	file	cohort-c6010001-ordinal-0000/semantic-cache.fp2	536870912
1787409722651592578	io	read_bytes	0
1787409722651592578	io	write_bytes	21710389248
1787409722651592578	status	VmHWM_bytes	15932391424
1787409722651592578	status	VmRSS_bytes	15932391424
1787409722651592578	cpu	utime_ticks	14992
1787409722651592578	cpu	stime_ticks	2321
1787409722651592578	directory	wrapper	1
1787409722651592578	file	cohort-c6010001-ordinal-0000/coefficients.fp2	2675965952
1787409722651592578	file	cohort-c6010001-ordinal-0000/oracle.fp2	17171480576
1787409722651592578	file	cohort-c6010001-ordinal-0000/semantic-cache.fp2	536870912
1787409723662243806	io	read_bytes	0
1787409723662243806	io	write_bytes	22415032320
1787409723662243806	status	VmHWM_bytes	15919861760
1787409723662243806	status	VmRSS_bytes	15395516416
1787409723662243806	cpu	utime_ticks	15082
1787409723662243806	cpu	stime_ticks	2332
1787409723662243806	directory	wrapper	1
1787409723662243806	file	cohort-c6010001-ordinal-0000/coefficients.fp2	2675965952
1787409723662243806	file	cohort-c6010001-ordinal-0000/oracle.fp2	17901289472
1787409723662243806	file	cohort-c6010001-ordinal-0000/semantic-cache.fp2	536870912
1787409724673170383	io	read_bytes	0
1787409724673170383	io	write_bytes	25665617920
1787409724673170383	status	VmHWM_bytes	15919861760
1787409724673170383	status	VmRSS_bytes	15395516416
1787409724673170383	cpu	utime_ticks	15129
1787409724673170383	cpu	stime_ticks	2374
1787409724673170383	directory	wrapper	1
1787409724673170383	file	cohort-c6010001-ordinal-0000/coefficients.fp2	2675965952
1787409724673170383	file	cohort-c6010001-ordinal-0000/oracle.fp2	21147680768
1787409724673170383	file	cohort-c6010001-ordinal-0000/semantic-cache.fp2	536870912
1787409725683783550	io	read_bytes	0
1787409725683783550	io	write_bytes	26542227456
1787409725683783550	status	VmHWM_bytes	15919861760
1787409725683783550	status	VmRSS_bytes	12593438720
1787409725683783550	cpu	utime_ticks	15148
1787409725683783550	cpu	stime_ticks	2453
1787409725683783550	directory	wrapper	1
1787409725683783550	file	cohort-c6010001-ordinal-0000/coefficients.fp2	3212836864
1787409725683783550	file	cohort-c6010001-ordinal-0000/oracle.fp2	21466447872
1787409725683783550	file	cohort-c6010001-ordinal-0000/semantic-cache.fp2	536870912
1787409726694955661	io	read_bytes	0
1787409726694955661	io	write_bytes	26542227456
1787409726694955661	status	VmHWM_bytes	15932391424
1787409726694955661	status	VmRSS_bytes	15932391424
1787409726694955661	cpu	utime_ticks	15162
1787409726694955661	cpu	stime_ticks	2541
1787409726694955661	directory	wrapper	1
1787409726694955661	file	cohort-c6010001-ordinal-0000/coefficients.fp2	3212836864
1787409726694955661	file	cohort-c6010001-ordinal-0000/oracle.fp2	21466447872
1787409726694955661	file	cohort-c6010001-ordinal-0000/semantic-cache.fp2	536870912
1787409727706898347	io	read_bytes	0
1787409727706898347	io	write_bytes	26542227456
1787409727706898347	status	VmHWM_bytes	15932391424
1787409727706898347	status	VmRSS_bytes	15932391424
1787409727706898347	cpu	utime_ticks	15264
1787409727706898347	cpu	stime_ticks	2541
1787409727706898347	directory	wrapper	1
1787409727706898347	file	cohort-c6010001-ordinal-0000/coefficients.fp2	3212836864
1787409727706898347	file	cohort-c6010001-ordinal-0000/oracle.fp2	21466447872
1787409727706898347	file	cohort-c6010001-ordinal-0000/semantic-cache.fp2	536870912
1787409728717424419	io	read_bytes	0
1787409728717424419	io	write_bytes	28748431360
1787409728717424419	status	VmHWM_bytes	15919861760
1787409728717424419	status	VmRSS_bytes	15395516416
1787409728717424419	cpu	utime_ticks	15320
1787409728717424419	cpu	stime_ticks	2570
1787409728717424419	directory	wrapper	1
1787409728717424419	file	cohort-c6010001-ordinal-0000/coefficients.fp2	3212836864
1787409728717424419	file	cohort-c6010001-ordinal-0000/oracle.fp2	23697817600
1787409728717424419	file	cohort-c6010001-ordinal-0000/semantic-cache.fp2	536870912
1787409729728597282	io	read_bytes	0
1787409729728597282	io	write_bytes	31374065664
1787409729728597282	status	VmHWM_bytes	15919861760
1787409729728597282	status	VmRSS_bytes	11320430592
1787409729728597282	cpu	utime_ticks	15357
1787409729728597282	cpu	stime_ticks	2630
1787409729728597282	directory	wrapper	1
1787409729728597282	file	cohort-c6010001-ordinal-0000/coefficients.fp2	3749707776
1787409729728597282	file	cohort-c6010001-ordinal-0000/oracle.fp2	25761415168
1787409729728597282	file	cohort-c6010001-ordinal-0000/semantic-cache.fp2	536870912
1787409730739406699	io	read_bytes	0
1787409730739406699	io	write_bytes	31374065664
1787409730739406699	status	VmHWM_bytes	15919861760
1787409730739406699	status	VmRSS_bytes	14640082944
1787409730739406699	cpu	utime_ticks	15368
1787409730739406699	cpu	stime_ticks	2721
1787409730739406699	directory	wrapper	1
1787409730739406699	file	cohort-c6010001-ordinal-0000/coefficients.fp2	3749707776
1787409730739406699	file	cohort-c6010001-ordinal-0000/oracle.fp2	25761415168
1787409730739406699	file	cohort-c6010001-ordinal-0000/semantic-cache.fp2	536870912
1787409731750647871	io	read_bytes	0
1787409731750647871	io	write_bytes	31374065664
1787409731750647871	status	VmHWM_bytes	15932391424
1787409731750647871	status	VmRSS_bytes	15932391424
1787409731750647871	cpu	utime_ticks	15435
1787409731750647871	cpu	stime_ticks	2756
1787409731750647871	directory	wrapper	1
1787409731750647871	file	cohort-c6010001-ordinal-0000/coefficients.fp2	3749707776
1787409731750647871	file	cohort-c6010001-ordinal-0000/oracle.fp2	25761415168
1787409731750647871	file	cohort-c6010001-ordinal-0000/semantic-cache.fp2	536870912
1787409732760696912	io	read_bytes	0
1787409732760696912	io	write_bytes	33278279680
1787409732760696912	status	VmHWM_bytes	15919861760
1787409732760696912	status	VmRSS_bytes	15395516416
1787409732760696912	cpu	utime_ticks	15504
1787409732760696912	cpu	stime_ticks	2781
1787409732760696912	directory	wrapper	1
1787409732760696912	file	cohort-c6010001-ordinal-0000/coefficients.fp2	3749707776
1787409732760696912	file	cohort-c6010001-ordinal-0000/oracle.fp2	27665629184
1787409732760696912	file	cohort-c6010001-ordinal-0000/semantic-cache.fp2	536870912
1787409733770683716	io	read_bytes	0
1787409733770683716	io	write_bytes	36071686144
1787409733770683716	status	VmHWM_bytes	15919861760
1787409733770683716	status	VmRSS_bytes	11100545024
1787409733770683716	cpu	utime_ticks	15542
1787409733770683716	cpu	stime_ticks	2837
1787409733770683716	directory	wrapper	1
1787409733770683716	file	cohort-c6010001-ordinal-0000/coefficients.fp2	4173332480
1787409733770683716	file	cohort-c6010001-ordinal-0000/oracle.fp2	30056382464
1787409733770683716	file	cohort-c6010001-ordinal-0000/semantic-cache.fp2	536870912
1787409734779717140	io	read_bytes	0
1787409734779717140	io	write_bytes	36205903872
1787409734779717140	status	VmHWM_bytes	15919861760
1787409734779717140	status	VmRSS_bytes	14382440448
1787409734779717140	cpu	utime_ticks	15556
1787409734779717140	cpu	stime_ticks	2925
1787409734779717140	directory	wrapper	1
1787409734779717140	file	cohort-c6010001-ordinal-0000/coefficients.fp2	4286578688
1787409734779717140	file	cohort-c6010001-ordinal-0000/oracle.fp2	30056382464
1787409734779717140	file	cohort-c6010001-ordinal-0000/semantic-cache.fp2	536870912
1787409735788825506	io	read_bytes	0
1787409735788825506	io	write_bytes	36205903872
1787409735788825506	status	VmHWM_bytes	15932391424
1787409735788825506	status	VmRSS_bytes	15932391424
1787409735788825506	cpu	utime_ticks	15616
1787409735788825506	cpu	stime_ticks	2966
1787409735788825506	directory	wrapper	1
1787409735788825506	file	cohort-c6010001-ordinal-0000/coefficients.fp2	4286578688
1787409735788825506	file	cohort-c6010001-ordinal-0000/oracle.fp2	30056382464
1787409735788825506	file	cohort-c6010001-ordinal-0000/semantic-cache.fp2	536870912
1787409736797893224	io	read_bytes	0
1787409736797893224	io	write_bytes	38235947008
1787409736797893224	status	VmHWM_bytes	15919861760
1787409736797893224	status	VmRSS_bytes	15395516416
1787409736797893224	cpu	utime_ticks	15692
1787409736797893224	cpu	stime_ticks	2991
1787409736797893224	directory	wrapper	1
1787409736797893224	file	cohort-c6010001-ordinal-0000/coefficients.fp2	4286578688
1787409736797893224	file	cohort-c6010001-ordinal-0000/oracle.fp2	32092717056
1787409736797893224	file	cohort-c6010001-ordinal-0000/semantic-cache.fp2	536870912
1787409737808362299	io	read_bytes	0
1787409737808362299	io	write_bytes	40508211200
1787409737808362299	status	VmHWM_bytes	15919861760
1787409737808362299	status	VmRSS_bytes	11100545024
1787409737808362299	cpu	utime_ticks	15724
1787409737808362299	cpu	stime_ticks	3039
1787409737808362299	directory	wrapper	1
1787409737808362299	file	cohort-c6010001-ordinal-0000/coefficients.fp2	4294967296
1787409737808362299	file	cohort-c6010001-ordinal-0000/oracle.fp2	34351349760
1787409737808362299	file	cohort-c6010001-ordinal-0000/semantic-cache.fp2	536870912
1787409738818427461	io	read_bytes	285999104
1787409738818427461	io	write_bytes	40576368640
1787409738818427461	status	VmHWM_bytes	15919861760
1787409738818427461	status	VmRSS_bytes	11100549120
1787409738818427461	cpu	utime_ticks	15731
1787409738818427461	cpu	stime_ticks	3072
1787409738818427461	directory	wrapper	1
1787409738818427461	file	cohort-c6010001-ordinal-0000/coefficients.fp2	4294967296
1787409738818427461	file	cohort-c6010001-ordinal-0000/oracle.fp2	34359738368
1787409738818427461	file	cohort-c6010001-ordinal-0000/semantic-cache.fp2	536870912
1787409738818427461	file	cohort-c6010001-ordinal-0000/staging/x4b-4659-1-3334471681-0-0-outer-0.bin	58720256
1787409739828750249	io	read_bytes	913047552
1787409739828750249	io	write_bytes	40727363584
1787409739828750249	status	VmHWM_bytes	15919861760
1787409739828750249	status	VmRSS_bytes	11100549120
1787409739828750249	cpu	utime_ticks	15762
1787409739828750249	cpu	stime_ticks	3076
1787409739828750249	directory	wrapper	1
1787409739828750249	file	cohort-c6010001-ordinal-0000/coefficients.fp2	4294967296
1787409739828750249	file	cohort-c6010001-ordinal-0000/oracle.fp2	34359738368
1787409739828750249	file	cohort-c6010001-ordinal-0000/semantic-cache.fp2	536870912
1787409739828750249	file	cohort-c6010001-ordinal-0000/staging/x4b-4659-1-3334471681-0-0-outer-0.bin	209715200
1787409740838218253	io	read_bytes	1539178496
1787409740838218253	io	write_bytes	40878358528
1787409740838218253	status	VmHWM_bytes	15919861760
1787409740838218253	status	VmRSS_bytes	11100549120
1787409740838218253	cpu	utime_ticks	15793
1787409740838218253	cpu	stime_ticks	3081
1787409740838218253	directory	wrapper	1
1787409740838218253	file	cohort-c6010001-ordinal-0000/coefficients.fp2	4294967296
1787409740838218253	file	cohort-c6010001-ordinal-0000/oracle.fp2	34359738368
1787409740838218253	file	cohort-c6010001-ordinal-0000/semantic-cache.fp2	536870912
1787409740838218253	file	cohort-c6010001-ordinal-0000/staging/x4b-4659-1-3334471681-0-0-outer-0.bin	360710144
1787409741847938765	io	read_bytes	2150367232
1787409741847938765	io	write_bytes	41046130688
1787409741847938765	status	VmHWM_bytes	15919861760
1787409741847938765	status	VmRSS_bytes	11100549120
1787409741847938765	cpu	utime_ticks	15827
1787409741847938765	cpu	stime_ticks	3085
1787409741847938765	directory	wrapper	1
1787409741847938765	file	cohort-c6010001-ordinal-0000/coefficients.fp2	4294967296
1787409741847938765	file	cohort-c6010001-ordinal-0000/oracle.fp2	34359738368
1787409741847938765	file	cohort-c6010001-ordinal-0000/semantic-cache.fp2	536870912
1787409741847938765	file	cohort-c6010001-ordinal-0000/staging/x4b-4659-1-3334471681-0-0-outer-0.bin	528482304
1787409742857348068	io	read_bytes	2782789632
1787409742857348068	io	write_bytes	41197125632
1787409742857348068	status	VmHWM_bytes	15919861760
1787409742857348068	status	VmRSS_bytes	11100549120
1787409742857348068	cpu	utime_ticks	15858
1787409742857348068	cpu	stime_ticks	3089
1787409742857348068	directory	wrapper	1
1787409742857348068	file	cohort-c6010001-ordinal-0000/coefficients.fp2	4294967296
1787409742857348068	file	cohort-c6010001-ordinal-0000/oracle.fp2	34359738368
1787409742857348068	file	cohort-c6010001-ordinal-0000/semantic-cache.fp2	536870912
1787409742857348068	file	cohort-c6010001-ordinal-0000/staging/x4b-4659-1-3334471681-0-0-outer-0.bin	679477248
1787409743866193508	io	read_bytes	3413377024
1787409743866193508	io	write_bytes	41348120576
1787409743866193508	status	VmHWM_bytes	15919861760
1787409743866193508	status	VmRSS_bytes	11100549120
1787409743866193508	cpu	utime_ticks	15873
1787409743866193508	cpu	stime_ticks	3110
1787409743866193508	directory	wrapper	1
1787409743866193508	file	cohort-c6010001-ordinal-0000/coefficients.fp2	4294967296
1787409743866193508	file	cohort-c6010001-ordinal-0000/oracle.fp2	34359738368
1787409743866193508	file	cohort-c6010001-ordinal-0000/semantic-cache.fp2	536870912
1787409743866193508	file	cohort-c6010001-ordinal-0000/staging/x4b-4659-1-3334471681-0-0-outer-0.bin	830472192
1787409744875752774	io	read_bytes	4027580416
1787409744875752774	io	write_bytes	41499115520
1787409744875752774	status	VmHWM_bytes	15919861760
1787409744875752774	status	VmRSS_bytes	11100549120
1787409744875752774	cpu	utime_ticks	15894
1787409744875752774	cpu	stime_ticks	3128
1787409744875752774	directory	wrapper	1
1787409744875752774	file	cohort-c6010001-ordinal-0000/coefficients.fp2	4294967296
1787409744875752774	file	cohort-c6010001-ordinal-0000/oracle.fp2	34359738368
1787409744875752774	file	cohort-c6010001-ordinal-0000/semantic-cache.fp2	536870912
1787409744875752774	file	cohort-c6010001-ordinal-0000/staging/x4b-4659-1-3334471681-0-0-outer-0.bin	998244352
1787409745885916171	io	read_bytes	4657643520
1787409745885916171	io	write_bytes	41666887680
1787409745885916171	status	VmHWM_bytes	15919861760
1787409745885916171	status	VmRSS_bytes	11100549120
1787409745885916171	cpu	utime_ticks	15926
1787409745885916171	cpu	stime_ticks	3132
1787409745885916171	directory	wrapper	1
1787409745885916171	file	cohort-c6010001-ordinal-0000/coefficients.fp2	4294967296
1787409745885916171	file	cohort-c6010001-ordinal-0000/oracle.fp2	34359738368
1787409745885916171	file	cohort-c6010001-ordinal-0000/semantic-cache.fp2	536870912
1787409745885916171	file	cohort-c6010001-ordinal-0000/staging/x4b-4659-1-3334471681-0-0-outer-0.bin	1149239296
1787409746894252179	io	read_bytes	5291114496
1787409746894252179	io	write_bytes	41817882624
1787409746894252179	status	VmHWM_bytes	15919861760
1787409746894252179	status	VmRSS_bytes	11100549120
1787409746894252179	cpu	utime_ticks	15958
1787409746894252179	cpu	stime_ticks	3136
1787409746894252179	directory	wrapper	1
1787409746894252179	file	cohort-c6010001-ordinal-0000/coefficients.fp2	4294967296
1787409746894252179	file	cohort-c6010001-ordinal-0000/oracle.fp2	34359738368
1787409746894252179	file	cohort-c6010001-ordinal-0000/semantic-cache.fp2	536870912
1787409746894252179	file	cohort-c6010001-ordinal-0000/staging/x4b-4659-1-3334471681-0-0-outer-0.bin	1300234240
1787409747905966454	io	read_bytes	5906628608
1787409747905966454	io	write_bytes	41970974720
1787409747905966454	status	VmHWM_bytes	15919861760
1787409747905966454	status	VmRSS_bytes	11100549120
1787409747905966454	cpu	utime_ticks	15992
1787409747905966454	cpu	stime_ticks	3140
1787409747905966454	directory	wrapper	1
1787409747905966454	file	cohort-c6010001-ordinal-0000/coefficients.fp2	4294967296
1787409747905966454	file	cohort-c6010001-ordinal-0000/oracle.fp2	34359738368
1787409747905966454	file	cohort-c6010001-ordinal-0000/semantic-cache.fp2	536870912
1787409747905966454	file	cohort-c6010001-ordinal-0000/staging/x4b-4659-1-3334471681-0-0-outer-0.bin	1468006400
1787409748915528596	io	read_bytes	6467092480
1787409748915528596	io	write_bytes	42119872512
1787409748915528596	status	VmHWM_bytes	15919861760
1787409748915528596	status	VmRSS_bytes	11100549120
1787409748915528596	cpu	utime_ticks	16015
1787409748915528596	cpu	stime_ticks	3149
1787409748915528596	directory	wrapper	1
1787409748915528596	file	cohort-c6010001-ordinal-0000/coefficients.fp2	4294967296
1787409748915528596	file	cohort-c6010001-ordinal-0000/oracle.fp2	34359738368
1787409748915528596	file	cohort-c6010001-ordinal-0000/semantic-cache.fp2	536870912
1787409748915528596	file	cohort-c6010001-ordinal-0000/staging/x4b-4659-1-3334471681-0-0-outer-0.bin	1602224128
1787409749924423639	io	read_bytes	7096369152
1787409749924423639	io	write_bytes	42270867456
1787409749924423639	status	VmHWM_bytes	15919861760
1787409749924423639	status	VmRSS_bytes	11100549120
1787409749924423639	cpu	utime_ticks	16029
1787409749924423639	cpu	stime_ticks	3173
1787409749924423639	directory	wrapper	1
1787409749924423639	file	cohort-c6010001-ordinal-0000/coefficients.fp2	4294967296
1787409749924423639	file	cohort-c6010001-ordinal-0000/oracle.fp2	34359738368
1787409749924423639	file	cohort-c6010001-ordinal-0000/semantic-cache.fp2	536870912
1787409749924423639	file	cohort-c6010001-ordinal-0000/staging/x4b-4659-1-3334471681-0-0-outer-0.bin	1753219072
1787409750933935476	io	read_bytes	7718567936
1787409750933935476	io	write_bytes	42421862400
1787409750933935476	status	VmHWM_bytes	15919861760
1787409750933935476	status	VmRSS_bytes	11100549120
1787409750933935476	cpu	utime_ticks	16055
1787409750933935476	cpu	stime_ticks	3184
1787409750933935476	directory	wrapper	1
1787409750933935476	file	cohort-c6010001-ordinal-0000/coefficients.fp2	4294967296
1787409750933935476	file	cohort-c6010001-ordinal-0000/oracle.fp2	34359738368
1787409750933935476	file	cohort-c6010001-ordinal-0000/semantic-cache.fp2	536870912
1787409750933935476	file	cohort-c6010001-ordinal-0000/staging/x4b-4659-1-3334471681-0-0-outer-0.bin	1904214016
1787409751942936339	io	read_bytes	8342863872
1787409751942936339	io	write_bytes	42589634560
1787409751942936339	status	VmHWM_bytes	15919861760
1787409751942936339	status	VmRSS_bytes	11100549120
1787409751942936339	cpu	utime_ticks	16087
1787409751942936339	cpu	stime_ticks	3188
1787409751942936339	directory	wrapper	1
1787409751942936339	file	cohort-c6010001-ordinal-0000/coefficients.fp2	4294967296
1787409751942936339	file	cohort-c6010001-ordinal-0000/oracle.fp2	34359738368
1787409751942936339	file	cohort-c6010001-ordinal-0000/semantic-cache.fp2	536870912
1787409751942936339	file	cohort-c6010001-ordinal-0000/staging/x4b-4659-1-3334471681-0-0-outer-0.bin	2071986176
1787409752952234022	io	read_bytes	8973713408
1787409752952234022	io	write_bytes	42740629504
1787409752952234022	status	VmHWM_bytes	15919861760
1787409752952234022	status	VmRSS_bytes	11100549120
1787409752952234022	cpu	utime_ticks	16119
1787409752952234022	cpu	stime_ticks	3193
1787409752952234022	directory	wrapper	1
1787409752952234022	file	cohort-c6010001-ordinal-0000/coefficients.fp2	4294967296
1787409752952234022	file	cohort-c6010001-ordinal-0000/oracle.fp2	34359738368
1787409752952234022	file	cohort-c6010001-ordinal-0000/semantic-cache.fp2	536870912
1787409752952234022	file	cohort-c6010001-ordinal-0000/staging/x4b-4659-1-3334471681-0-0-outer-0.bin	2222981120
1787409753962370779	io	read_bytes	9597616128
1787409753962370779	io	write_bytes	42891624448
1787409753962370779	status	VmHWM_bytes	15919861760
1787409753962370779	status	VmRSS_bytes	11100549120
1787409753962370779	cpu	utime_ticks	16152
1787409753962370779	cpu	stime_ticks	3198
1787409753962370779	directory	wrapper	1
1787409753962370779	file	cohort-c6010001-ordinal-0000/coefficients.fp2	4294967296
1787409753962370779	file	cohort-c6010001-ordinal-0000/oracle.fp2	34359738368
1787409753962370779	file	cohort-c6010001-ordinal-0000/semantic-cache.fp2	536870912
1787409753962370779	file	cohort-c6010001-ordinal-0000/staging/x4b-4659-1-3334471681-0-0-outer-0.bin	2373976064
1787409754971196802	io	read_bytes	9959899136
1787409754971196802	io	write_bytes	42992287744
1787409754971196802	status	VmHWM_bytes	15919861760
1787409754971196802	status	VmRSS_bytes	11100549120
1787409754971196802	cpu	utime_ticks	16163
1787409754971196802	cpu	stime_ticks	3208
1787409754971196802	directory	wrapper	1
1787409754971196802	file	cohort-c6010001-ordinal-0000/coefficients.fp2	4294967296
1787409754971196802	file	cohort-c6010001-ordinal-0000/oracle.fp2	34359738368
1787409754971196802	file	cohort-c6010001-ordinal-0000/semantic-cache.fp2	536870912
1787409754971196802	file	cohort-c6010001-ordinal-0000/staging/x4b-4659-1-3334471681-0-0-outer-0.bin	2474639360
1787409755980809890	io	read_bytes	10593501184
1787409755980809890	io	write_bytes	43143282688
1787409755980809890	status	VmHWM_bytes	15919861760
1787409755980809890	status	VmRSS_bytes	11100549120
1787409755980809890	cpu	utime_ticks	16176
1787409755980809890	cpu	stime_ticks	3232
1787409755980809890	directory	wrapper	1
1787409755980809890	file	cohort-c6010001-ordinal-0000/coefficients.fp2	4294967296
1787409755980809890	file	cohort-c6010001-ordinal-0000/oracle.fp2	34359738368
1787409755980809890	file	cohort-c6010001-ordinal-0000/semantic-cache.fp2	536870912
1787409755980809890	file	cohort-c6010001-ordinal-0000/staging/x4b-4659-1-3334471681-0-0-outer-0.bin	2625634304
1787409756989433811	io	read_bytes	11208753152
1787409756989433811	io	write_bytes	43311054848
1787409756989433811	status	VmHWM_bytes	15919861760
1787409756989433811	status	VmRSS_bytes	11100549120
1787409756989433811	cpu	utime_ticks	16209
1787409756989433811	cpu	stime_ticks	3236
1787409756989433811	directory	wrapper	1
1787409756989433811	file	cohort-c6010001-ordinal-0000/coefficients.fp2	4294967296
1787409756989433811	file	cohort-c6010001-ordinal-0000/oracle.fp2	34359738368
1787409756989433811	file	cohort-c6010001-ordinal-0000/semantic-cache.fp2	536870912
1787409756989433811	file	cohort-c6010001-ordinal-0000/staging/x4b-4659-1-3334471681-0-0-outer-0.bin	2793406464
1787409757997929340	io	read_bytes	11843141632
1787409757997929340	io	write_bytes	43462049792
1787409757997929340	status	VmHWM_bytes	15919861760
1787409757997929340	status	VmRSS_bytes	11100549120
1787409757997929340	cpu	utime_ticks	16241
1787409757997929340	cpu	stime_ticks	3240
1787409757997929340	directory	wrapper	1
1787409757997929340	file	cohort-c6010001-ordinal-0000/coefficients.fp2	4294967296
1787409757997929340	file	cohort-c6010001-ordinal-0000/oracle.fp2	34359738368
1787409757997929340	file	cohort-c6010001-ordinal-0000/semantic-cache.fp2	536870912
1787409757997929340	file	cohort-c6010001-ordinal-0000/staging/x4b-4659-1-3334471681-0-0-outer-0.bin	2944401408
1787409759006984936	io	read_bytes	12476743680
1787409759006984936	io	write_bytes	43613044736
1787409759006984936	status	VmHWM_bytes	15919861760
1787409759006984936	status	VmRSS_bytes	11100549120
1787409759006984936	cpu	utime_ticks	16273
1787409759006984936	cpu	stime_ticks	3244
1787409759006984936	directory	wrapper	1
1787409759006984936	file	cohort-c6010001-ordinal-0000/coefficients.fp2	4294967296
1787409759006984936	file	cohort-c6010001-ordinal-0000/oracle.fp2	34359738368
1787409759006984936	file	cohort-c6010001-ordinal-0000/semantic-cache.fp2	536870912
1787409759006984936	file	cohort-c6010001-ordinal-0000/staging/x4b-4659-1-3334471681-0-0-outer-0.bin	3095396352
1787409760015997591	io	read_bytes	13092519936
1787409760015997591	io	write_bytes	43780816896
1787409760015997591	status	VmHWM_bytes	15919861760
1787409760015997591	status	VmRSS_bytes	11100549120
1787409760015997591	cpu	utime_ticks	16305
1787409760015997591	cpu	stime_ticks	3249
1787409760015997591	directory	wrapper	1
1787409760015997591	file	cohort-c6010001-ordinal-0000/coefficients.fp2	4294967296
1787409760015997591	file	cohort-c6010001-ordinal-0000/oracle.fp2	34359738368
1787409760015997591	file	cohort-c6010001-ordinal-0000/semantic-cache.fp2	536870912
1787409760015997591	file	cohort-c6010001-ordinal-0000/staging/x4b-4659-1-3334471681-0-0-outer-0.bin	3263168512
1787409761024441112	io	read_bytes	13691256832
1787409761024441112	io	write_bytes	43915034624
1787409761024441112	status	VmHWM_bytes	15919861760
1787409761024441112	status	VmRSS_bytes	11100549120
1787409761024441112	cpu	utime_ticks	16319
1787409761024441112	cpu	stime_ticks	3275
1787409761024441112	directory	wrapper	1
1787409761024441112	file	cohort-c6010001-ordinal-0000/coefficients.fp2	4294967296
1787409761024441112	file	cohort-c6010001-ordinal-0000/oracle.fp2	34359738368
1787409761024441112	file	cohort-c6010001-ordinal-0000/semantic-cache.fp2	536870912
1787409761024441112	file	cohort-c6010001-ordinal-0000/staging/x4b-4659-1-3334471681-0-0-outer-0.bin	3397386240
1787409762033440461	io	read_bytes	14350286848
1787409762033440461	io	write_bytes	44082806784
1787409762033440461	status	VmHWM_bytes	15919861760
1787409762033440461	status	VmRSS_bytes	11100549120
1787409762033440461	cpu	utime_ticks	16336
1787409762033440461	cpu	stime_ticks	3292
1787409762033440461	directory	wrapper	1
1787409762033440461	file	cohort-c6010001-ordinal-0000/coefficients.fp2	4294967296
1787409762033440461	file	cohort-c6010001-ordinal-0000/oracle.fp2	34359738368
1787409762033440461	file	cohort-c6010001-ordinal-0000/semantic-cache.fp2	536870912
1787409762033440461	file	cohort-c6010001-ordinal-0000/staging/x4b-4659-1-3334471681-0-0-outer-0.bin	3565158400
1787409763042531715	io	read_bytes	15001190400
1787409763042531715	io	write_bytes	44250578944
1787409763042531715	status	VmHWM_bytes	15919861760
1787409763042531715	status	VmRSS_bytes	11100549120
1787409763042531715	cpu	utime_ticks	16366
1787409763042531715	cpu	stime_ticks	3297
1787409763042531715	directory	wrapper	1
1787409763042531715	file	cohort-c6010001-ordinal-0000/coefficients.fp2	4294967296
1787409763042531715	file	cohort-c6010001-ordinal-0000/oracle.fp2	34359738368
1787409763042531715	file	cohort-c6010001-ordinal-0000/semantic-cache.fp2	536870912
1787409763042531715	file	cohort-c6010001-ordinal-0000/staging/x4b-4659-1-3334471681-0-0-outer-0.bin	3732930560
1787409764052833954	io	read_bytes	15640297472
1787409764052833954	io	write_bytes	44418351104
1787409764052833954	status	VmHWM_bytes	15919861760
1787409764052833954	status	VmRSS_bytes	11100549120
1787409764052833954	cpu	utime_ticks	16395
1787409764052833954	cpu	stime_ticks	3303
1787409764052833954	directory	wrapper	1
1787409764052833954	file	cohort-c6010001-ordinal-0000/coefficients.fp2	4294967296
1787409764052833954	file	cohort-c6010001-ordinal-0000/oracle.fp2	34359738368
1787409764052833954	file	cohort-c6010001-ordinal-0000/semantic-cache.fp2	536870912
1787409764052833954	file	cohort-c6010001-ordinal-0000/staging/x4b-4659-1-3334471681-0-0-outer-0.bin	3900702720
1787409765063669550	io	read_bytes	16199450624
1787409765063669550	io	write_bytes	44552568832
1787409765063669550	status	VmHWM_bytes	15919861760
1787409765063669550	status	VmRSS_bytes	11100549120
1787409765063669550	cpu	utime_ticks	16420
1787409765063669550	cpu	stime_ticks	3308
1787409765063669550	directory	wrapper	1
1787409765063669550	file	cohort-c6010001-ordinal-0000/coefficients.fp2	4294967296
1787409765063669550	file	cohort-c6010001-ordinal-0000/oracle.fp2	34359738368
1787409765063669550	file	cohort-c6010001-ordinal-0000/semantic-cache.fp2	536870912
1787409765063669550	file	cohort-c6010001-ordinal-0000/staging/x4b-4659-1-3334471681-0-0-outer-0.bin	4034920448
1787409766075241536	io	read_bytes	16854155264
1787409766075241536	io	write_bytes	44720340992
1787409766075241536	status	VmHWM_bytes	15919861760
1787409766075241536	status	VmRSS_bytes	11100549120
1787409766075241536	cpu	utime_ticks	16442
1787409766075241536	cpu	stime_ticks	3319
1787409766075241536	directory	wrapper	1
1787409766075241536	file	cohort-c6010001-ordinal-0000/coefficients.fp2	4294967296
1787409766075241536	file	cohort-c6010001-ordinal-0000/oracle.fp2	34359738368
1787409766075241536	file	cohort-c6010001-ordinal-0000/semantic-cache.fp2	536870912
1787409766075241536	file	cohort-c6010001-ordinal-0000/staging/x4b-4659-1-3334471681-0-0-outer-0.bin	4202692608
1787409767086791621	io	read_bytes	17516462080
1787409767086791621	io	write_bytes	44871335936
1787409767086791621	status	VmHWM_bytes	15919861760
1787409767086791621	status	VmRSS_bytes	11100549120
1787409767086791621	cpu	utime_ticks	16451
1787409767086791621	cpu	stime_ticks	3345
1787409767086791621	directory	wrapper	1
1787409767086791621	file	cohort-c6010001-ordinal-0000/coefficients.fp2	4294967296
1787409767086791621	file	cohort-c6010001-ordinal-0000/oracle.fp2	34359738368
1787409767086791621	file	cohort-c6010001-ordinal-0000/semantic-cache.fp2	536870912
1787409767086791621	file	cohort-c6010001-ordinal-0000/staging/x4b-4659-1-3334471681-0-0-outer-0.bin	4353687552
1787409768098085913	io	read_bytes	18175623168
1787409768098085913	io	write_bytes	45039108096
1787409768098085913	status	VmHWM_bytes	15919861760
1787409768098085913	status	VmRSS_bytes	11100549120
1787409768098085913	cpu	utime_ticks	16476
1787409768098085913	cpu	stime_ticks	3354
1787409768098085913	directory	wrapper	1
1787409768098085913	file	cohort-c6010001-ordinal-0000/coefficients.fp2	4294967296
1787409768098085913	file	cohort-c6010001-ordinal-0000/oracle.fp2	34359738368
1787409768098085913	file	cohort-c6010001-ordinal-0000/semantic-cache.fp2	536870912
1787409768098085913	file	cohort-c6010001-ordinal-0000/staging/x4b-4659-1-3334471681-0-0-outer-0.bin	4521459712
1787409769108282153	io	read_bytes	18828230656
1787409769108282153	io	write_bytes	45206880256
1787409769108282153	status	VmHWM_bytes	15919861760
1787409769108282153	status	VmRSS_bytes	11100549120
1787409769108282153	cpu	utime_ticks	16505
1787409769108282153	cpu	stime_ticks	3358
1787409769108282153	directory	wrapper	1
1787409769108282153	file	cohort-c6010001-ordinal-0000/coefficients.fp2	4294967296
1787409769108282153	file	cohort-c6010001-ordinal-0000/oracle.fp2	34359738368
1787409769108282153	file	cohort-c6010001-ordinal-0000/semantic-cache.fp2	536870912
1787409769108282153	file	cohort-c6010001-ordinal-0000/staging/x4b-4659-1-3334471681-0-0-outer-0.bin	4689231872
1787409770116921823	io	read_bytes	19482279936
1787409770116921823	io	write_bytes	45374652416
1787409770116921823	status	VmHWM_bytes	15919861760
1787409770116921823	status	VmRSS_bytes	11100549120
1787409770116921823	cpu	utime_ticks	16535
1787409770116921823	cpu	stime_ticks	3362
1787409770116921823	directory	wrapper	1
1787409770116921823	file	cohort-c6010001-ordinal-0000/coefficients.fp2	4294967296
1787409770116921823	file	cohort-c6010001-ordinal-0000/oracle.fp2	34359738368
1787409770116921823	file	cohort-c6010001-ordinal-0000/semantic-cache.fp2	536870912
1787409770116921823	file	cohort-c6010001-ordinal-0000/staging/x4b-4659-1-3334471681-0-0-outer-0.bin	4857004032
1787409771125839028	io	read_bytes	19892797440
1787409771125839028	io	write_bytes	45475315712
1787409771125839028	status	VmHWM_bytes	15919861760
1787409771125839028	status	VmRSS_bytes	11100549120
1787409771125839028	cpu	utime_ticks	16553
1787409771125839028	cpu	stime_ticks	3365
1787409771125839028	directory	wrapper	1
1787409771125839028	file	cohort-c6010001-ordinal-0000/coefficients.fp2	4294967296
1787409771125839028	file	cohort-c6010001-ordinal-0000/oracle.fp2	34359738368
1787409771125839028	file	cohort-c6010001-ordinal-0000/semantic-cache.fp2	536870912
1787409771125839028	file	cohort-c6010001-ordinal-0000/staging/x4b-4659-1-3334471681-0-0-outer-0.bin	4957667328
1787409772134276066	io	read_bytes	20543700992
1787409772134276066	io	write_bytes	45643087872
1787409772134276066	status	VmHWM_bytes	15919861760
1787409772134276066	status	VmRSS_bytes	11100549120
1787409772134276066	cpu	utime_ticks	16568
1787409772134276066	cpu	stime_ticks	3384
1787409772134276066	directory	wrapper	1
1787409772134276066	file	cohort-c6010001-ordinal-0000/coefficients.fp2	4294967296
1787409772134276066	file	cohort-c6010001-ordinal-0000/oracle.fp2	34359738368
1787409772134276066	file	cohort-c6010001-ordinal-0000/semantic-cache.fp2	536870912
1787409772134276066	file	cohort-c6010001-ordinal-0000/staging/x4b-4659-1-3334471681-0-0-outer-0.bin	5125439488
1787409773143135432	io	read_bytes	21207449600
1787409773143135432	io	write_bytes	45794082816
1787409773143135432	status	VmHWM_bytes	15919861760
1787409773143135432	status	VmRSS_bytes	11100549120
1787409773143135432	cpu	utime_ticks	16579
1787409773143135432	cpu	stime_ticks	3407
1787409773143135432	directory	wrapper	1
1787409773143135432	file	cohort-c6010001-ordinal-0000/coefficients.fp2	4294967296
1787409773143135432	file	cohort-c6010001-ordinal-0000/oracle.fp2	34359738368
1787409773143135432	file	cohort-c6010001-ordinal-0000/semantic-cache.fp2	536870912
1787409773143135432	file	cohort-c6010001-ordinal-0000/staging/x4b-4659-1-3334471681-0-0-outer-0.bin	5276434432
1787409774151703217	io	read_bytes	21860974592
1787409774151703217	io	write_bytes	45961854976
1787409774151703217	status	VmHWM_bytes	15919861760
1787409774151703217	status	VmRSS_bytes	11100549120
1787409774151703217	cpu	utime_ticks	16608
1787409774151703217	cpu	stime_ticks	3411
1787409774151703217	directory	wrapper	1
1787409774151703217	file	cohort-c6010001-ordinal-0000/coefficients.fp2	4294967296
1787409774151703217	file	cohort-c6010001-ordinal-0000/oracle.fp2	34359738368
1787409774151703217	file	cohort-c6010001-ordinal-0000/semantic-cache.fp2	536870912
1787409774151703217	file	cohort-c6010001-ordinal-0000/staging/x4b-4659-1-3334471681-0-0-outer-0.bin	5444206592
1787409775161563091	io	read_bytes	22515023872
1787409775161563091	io	write_bytes	46129627136
1787409775161563091	status	VmHWM_bytes	15919861760
1787409775161563091	status	VmRSS_bytes	11100549120
1787409775161563091	cpu	utime_ticks	16638
1787409775161563091	cpu	stime_ticks	3416
1787409775161563091	directory	wrapper	1
1787409775161563091	file	cohort-c6010001-ordinal-0000/coefficients.fp2	4294967296
1787409775161563091	file	cohort-c6010001-ordinal-0000/oracle.fp2	34359738368
1787409775161563091	file	cohort-c6010001-ordinal-0000/semantic-cache.fp2	536870912
1787409775161563091	file	cohort-c6010001-ordinal-0000/staging/x4b-4659-1-3334471681-0-0-outer-0.bin	5611978752
1787409776170776896	io	read_bytes	23170121728
1787409776170776896	io	write_bytes	46297399296
1787409776170776896	status	VmHWM_bytes	15919861760
1787409776170776896	status	VmRSS_bytes	11100549120
1787409776170776896	cpu	utime_ticks	16667
1787409776170776896	cpu	stime_ticks	3421
1787409776170776896	directory	wrapper	1
1787409776170776896	file	cohort-c6010001-ordinal-0000/coefficients.fp2	4294967296
1787409776170776896	file	cohort-c6010001-ordinal-0000/oracle.fp2	34359738368
1787409776170776896	file	cohort-c6010001-ordinal-0000/semantic-cache.fp2	536870912
1787409776170776896	file	cohort-c6010001-ordinal-0000/staging/x4b-4659-1-3334471681-0-0-outer-0.bin	5779750912
1787409777179431014	io	read_bytes	23824695296
1787409777179431014	io	write_bytes	46448394240
1787409777179431014	status	VmHWM_bytes	15919861760
1787409777179431014	status	VmRSS_bytes	11100549120
1787409777179431014	cpu	utime_ticks	16694
1787409777179431014	cpu	stime_ticks	3427
1787409777179431014	directory	wrapper	1
1787409777179431014	file	cohort-c6010001-ordinal-0000/coefficients.fp2	4294967296
1787409777179431014	file	cohort-c6010001-ordinal-0000/oracle.fp2	34359738368
1787409777179431014	file	cohort-c6010001-ordinal-0000/semantic-cache.fp2	536870912
1787409777179431014	file	cohort-c6010001-ordinal-0000/staging/x4b-4659-1-3334471681-0-0-outer-0.bin	5947523072
1787409778189297260	io	read_bytes	24490541056
1787409778189297260	io	write_bytes	46616166400
1787409778189297260	status	VmHWM_bytes	15919861760
1787409778189297260	status	VmRSS_bytes	11100549120
1787409778189297260	cpu	utime_ticks	16702
1787409778189297260	cpu	stime_ticks	3452
1787409778189297260	directory	wrapper	1
1787409778189297260	file	cohort-c6010001-ordinal-0000/coefficients.fp2	4294967296
1787409778189297260	file	cohort-c6010001-ordinal-0000/oracle.fp2	34359738368
1787409778189297260	file	cohort-c6010001-ordinal-0000/semantic-cache.fp2	536870912
1787409778189297260	file	cohort-c6010001-ordinal-0000/staging/x4b-4659-1-3334471681-0-0-outer-0.bin	6098518016
1787409779199424770	io	read_bytes	25139347456
1787409779199424770	io	write_bytes	46783938560
1787409779199424770	status	VmHWM_bytes	15919861760
1787409779199424770	status	VmRSS_bytes	11100549120
1787409779199424770	cpu	utime_ticks	16724
1787409779199424770	cpu	stime_ticks	3465
1787409779199424770	directory	wrapper	1
1787409779199424770	file	cohort-c6010001-ordinal-0000/coefficients.fp2	4294967296
1787409779199424770	file	cohort-c6010001-ordinal-0000/oracle.fp2	34359738368
1787409779199424770	file	cohort-c6010001-ordinal-0000/semantic-cache.fp2	536870912
1787409779199424770	file	cohort-c6010001-ordinal-0000/staging/x4b-4659-1-3334471681-0-0-outer-0.bin	6266290176
1787409780208539928	io	read_bytes	25793921024
1787409780208539928	io	write_bytes	46951710720
1787409780208539928	status	VmHWM_bytes	15919861760
1787409780208539928	status	VmRSS_bytes	11100549120
1787409780208539928	cpu	utime_ticks	16754
1787409780208539928	cpu	stime_ticks	3469
1787409780208539928	directory	wrapper	1
1787409780208539928	file	cohort-c6010001-ordinal-0000/coefficients.fp2	4294967296
1787409780208539928	file	cohort-c6010001-ordinal-0000/oracle.fp2	34359738368
1787409780208539928	file	cohort-c6010001-ordinal-0000/semantic-cache.fp2	536870912
1787409780208539928	file	cohort-c6010001-ordinal-0000/staging/x4b-4659-1-3334471681-0-0-outer-0.bin	6434062336
1787409781217951847	io	read_bytes	26430930944
1787409781217951847	io	write_bytes	47102705664
1787409781217951847	status	VmHWM_bytes	15919861760
1787409781217951847	status	VmRSS_bytes	11100549120
1787409781217951847	cpu	utime_ticks	16782
1787409781217951847	cpu	stime_ticks	3473
1787409781217951847	directory	wrapper	1
1787409781217951847	file	cohort-c6010001-ordinal-0000/coefficients.fp2	4294967296
1787409781217951847	file	cohort-c6010001-ordinal-0000/oracle.fp2	34359738368
1787409781217951847	file	cohort-c6010001-ordinal-0000/semantic-cache.fp2	536870912
1787409781217951847	file	cohort-c6010001-ordinal-0000/staging/x4b-4659-1-3334471681-0-0-outer-0.bin	6585057280
1787409782227798086	io	read_bytes	27023376384
1787409782227798086	io	write_bytes	47253700608
1787409782227798086	status	VmHWM_bytes	15919861760
1787409782227798086	status	VmRSS_bytes	11100549120
1787409782227798086	cpu	utime_ticks	16809
1787409782227798086	cpu	stime_ticks	3478
1787409782227798086	directory	wrapper	1
1787409782227798086	file	cohort-c6010001-ordinal-0000/coefficients.fp2	4294967296
1787409782227798086	file	cohort-c6010001-ordinal-0000/oracle.fp2	34359738368
1787409782227798086	file	cohort-c6010001-ordinal-0000/semantic-cache.fp2	536870912
1787409782227798086	file	cohort-c6010001-ordinal-0000/staging/x4b-4659-1-3334471681-0-0-outer-0.bin	6736052224
1787409783236815249	io	read_bytes	27675852800
1787409783236815249	io	write_bytes	47421472768
1787409783236815249	status	VmHWM_bytes	15919861760
1787409783236815249	status	VmRSS_bytes	11100549120
1787409783236815249	cpu	utime_ticks	16829
1787409783236815249	cpu	stime_ticks	3493
1787409783236815249	directory	wrapper	1
1787409783236815249	file	cohort-c6010001-ordinal-0000/coefficients.fp2	4294967296
1787409783236815249	file	cohort-c6010001-ordinal-0000/oracle.fp2	34359738368
1787409783236815249	file	cohort-c6010001-ordinal-0000/semantic-cache.fp2	536870912
1787409783236815249	file	cohort-c6010001-ordinal-0000/staging/x4b-4659-1-3334471681-0-0-outer-0.bin	6903824384
1787409784245921411	io	read_bytes	28329902080
1787409784245921411	io	write_bytes	47589244928
1787409784245921411	status	VmHWM_bytes	15919861760
1787409784245921411	status	VmRSS_bytes	11100549120
1787409784245921411	cpu	utime_ticks	16838
1787409784245921411	cpu	stime_ticks	3518
1787409784245921411	directory	wrapper	1
1787409784245921411	file	cohort-c6010001-ordinal-0000/coefficients.fp2	4294967296
1787409784245921411	file	cohort-c6010001-ordinal-0000/oracle.fp2	34359738368
1787409784245921411	file	cohort-c6010001-ordinal-0000/semantic-cache.fp2	536870912
1787409784245921411	file	cohort-c6010001-ordinal-0000/staging/x4b-4659-1-3334471681-0-0-outer-0.bin	7071596544
1787409785255788549	io	read_bytes	28992077824
1787409785255788549	io	write_bytes	47740239872
1787409785255788549	status	VmHWM_bytes	15919861760
1787409785255788549	status	VmRSS_bytes	11100549120
1787409785255788549	cpu	utime_ticks	16865
1787409785255788549	cpu	stime_ticks	3525
1787409785255788549	directory	wrapper	1
1787409785255788549	file	cohort-c6010001-ordinal-0000/coefficients.fp2	4294967296
1787409785255788549	file	cohort-c6010001-ordinal-0000/oracle.fp2	34359738368
1787409785255788549	file	cohort-c6010001-ordinal-0000/semantic-cache.fp2	536870912
1787409785255788549	file	cohort-c6010001-ordinal-0000/staging/x4b-4659-1-3334471681-0-0-outer-0.bin	7222591488
1787409786265782366	io	read_bytes	29649272832
1787409786265782366	io	write_bytes	47908012032
1787409786265782366	status	VmHWM_bytes	15919861760
1787409786265782366	status	VmRSS_bytes	11100549120
1787409786265782366	cpu	utime_ticks	16894
1787409786265782366	cpu	stime_ticks	3529
1787409786265782366	directory	wrapper	1
1787409786265782366	file	cohort-c6010001-ordinal-0000/coefficients.fp2	4294967296
1787409786265782366	file	cohort-c6010001-ordinal-0000/oracle.fp2	34359738368
1787409786265782366	file	cohort-c6010001-ordinal-0000/semantic-cache.fp2	536870912
1787409786265782366	file	cohort-c6010001-ordinal-0000/staging/x4b-4659-1-3334471681-0-0-outer-0.bin	7390363648
1787409787274504372	io	read_bytes	30079057920
1787409787274504372	io	write_bytes	48025452544
1787409787274504372	status	VmHWM_bytes	15919861760
1787409787274504372	status	VmRSS_bytes	11100549120
1787409787274504372	cpu	utime_ticks	16914
1787409787274504372	cpu	stime_ticks	3532
1787409787274504372	directory	wrapper	1
1787409787274504372	file	cohort-c6010001-ordinal-0000/coefficients.fp2	4294967296
1787409787274504372	file	cohort-c6010001-ordinal-0000/oracle.fp2	34359738368
1787409787274504372	file	cohort-c6010001-ordinal-0000/semantic-cache.fp2	536870912
1787409787274504372	file	cohort-c6010001-ordinal-0000/staging/x4b-4659-1-3334471681-0-0-outer-0.bin	7507804160
1787409788284035025	io	read_bytes	30644633600
1787409788284035025	io	write_bytes	48159670272
1787409788284035025	status	VmHWM_bytes	15919861760
1787409788284035025	status	VmRSS_bytes	11100549120
1787409788284035025	cpu	utime_ticks	16938
1787409788284035025	cpu	stime_ticks	3538
1787409788284035025	directory	wrapper	1
1787409788284035025	file	cohort-c6010001-ordinal-0000/coefficients.fp2	4294967296
1787409788284035025	file	cohort-c6010001-ordinal-0000/oracle.fp2	34359738368
1787409788284035025	file	cohort-c6010001-ordinal-0000/semantic-cache.fp2	536870912
1787409788284035025	file	cohort-c6010001-ordinal-0000/staging/x4b-4659-1-3334471681-0-0-outer-0.bin	7642021888
1787409789295387046	io	read_bytes	31298945024
1787409789295387046	io	write_bytes	48327442432
1787409789295387046	status	VmHWM_bytes	15919861760
1787409789295387046	status	VmRSS_bytes	11100549120
1787409789295387046	cpu	utime_ticks	16950
1787409789295387046	cpu	stime_ticks	3561
1787409789295387046	directory	wrapper	1
1787409789295387046	file	cohort-c6010001-ordinal-0000/coefficients.fp2	4294967296
1787409789295387046	file	cohort-c6010001-ordinal-0000/oracle.fp2	34359738368
1787409789295387046	file	cohort-c6010001-ordinal-0000/semantic-cache.fp2	536870912
1787409789295387046	file	cohort-c6010001-ordinal-0000/staging/x4b-4659-1-3334471681-0-0-outer-0.bin	7809794048
1787409790307751989	io	read_bytes	31951683584
1787409790307751989	io	write_bytes	48495214592
1787409790307751989	status	VmHWM_bytes	15919861760
1787409790307751989	status	VmRSS_bytes	11100549120
1787409790307751989	cpu	utime_ticks	16966
1787409790307751989	cpu	stime_ticks	3580
1787409790307751989	directory	wrapper	1
1787409790307751989	file	cohort-c6010001-ordinal-0000/coefficients.fp2	4294967296
1787409790307751989	file	cohort-c6010001-ordinal-0000/oracle.fp2	34359738368
1787409790307751989	file	cohort-c6010001-ordinal-0000/semantic-cache.fp2	536870912
1787409790307751989	file	cohort-c6010001-ordinal-0000/staging/x4b-4659-1-3334471681-0-0-outer-0.bin	7977566208
1787409791318835613	io	read_bytes	32615038976
1787409791318835613	io	write_bytes	48646209536
1787409791318835613	status	VmHWM_bytes	15919861760
1787409791318835613	status	VmRSS_bytes	11100549120
1787409791318835613	cpu	utime_ticks	16995
1787409791318835613	cpu	stime_ticks	3585
1787409791318835613	directory	wrapper	1
1787409791318835613	file	cohort-c6010001-ordinal-0000/coefficients.fp2	4294967296
1787409791318835613	file	cohort-c6010001-ordinal-0000/oracle.fp2	34359738368
1787409791318835613	file	cohort-c6010001-ordinal-0000/semantic-cache.fp2	536870912
1787409791318835613	file	cohort-c6010001-ordinal-0000/staging/x4b-4659-1-3334471681-0-0-outer-0.bin	8128561152
1787409792328802319	io	read_bytes	33269219328
1787409792328802319	io	write_bytes	48813981696
1787409792328802319	status	VmHWM_bytes	15919861760
1787409792328802319	status	VmRSS_bytes	11100549120
1787409792328802319	cpu	utime_ticks	17024
1787409792328802319	cpu	stime_ticks	3590
1787409792328802319	directory	wrapper	1
1787409792328802319	file	cohort-c6010001-ordinal-0000/coefficients.fp2	4294967296
1787409792328802319	file	cohort-c6010001-ordinal-0000/oracle.fp2	34359738368
1787409792328802319	file	cohort-c6010001-ordinal-0000/semantic-cache.fp2	536870912
1787409792328802319	file	cohort-c6010001-ordinal-0000/staging/x4b-4659-1-3334471681-0-0-outer-0.bin	8296333312
1787409793338689515	io	read_bytes	33924579328
1787409793338689515	io	write_bytes	48981753856
1787409793338689515	status	VmHWM_bytes	15919861760
1787409793338689515	status	VmRSS_bytes	11100549120
1787409793338689515	cpu	utime_ticks	17053
1787409793338689515	cpu	stime_ticks	3595
1787409793338689515	directory	wrapper	1
1787409793338689515	file	cohort-c6010001-ordinal-0000/coefficients.fp2	4294967296
1787409793338689515	file	cohort-c6010001-ordinal-0000/oracle.fp2	34359738368
1787409793338689515	file	cohort-c6010001-ordinal-0000/semantic-cache.fp2	536870912
1787409793338689515	file	cohort-c6010001-ordinal-0000/staging/x4b-4659-1-3334471681-0-0-outer-0.bin	8464105472
1787409794348876807	io	read_bytes	34359738368
1787409794348876807	io	write_bytes	49099194368
1787409794348876807	status	VmHWM_bytes	15919861760
1787409794348876807	status	VmRSS_bytes	11100549120
1787409794348876807	cpu	utime_ticks	17072
1787409794348876807	cpu	stime_ticks	3631
1787409794348876807	directory	wrapper	1
1787409794348876807	file	cohort-c6010001-ordinal-0000/coefficients.fp2	4294967296
1787409794348876807	file	cohort-c6010001-ordinal-0000/oracle.fp2	34359738368
1787409794348876807	file	cohort-c6010001-ordinal-0000/semantic-cache.fp2	536870912
1787409794348876807	file	cohort-c6010001-ordinal-0000/staging/x4b-4659-1-3334471681-0-0-outer-0.bin	8581545984
1787409795358815811	io	read_bytes	34765406208
1787409795358815811	io	write_bytes	49233412096
1787409795358815811	status	VmHWM_bytes	15919861760
1787409795358815811	status	VmRSS_bytes	11238572032
1787409795358815811	cpu	utime_ticks	17072
1787409795358815811	cpu	stime_ticks	3680
1787409795358815811	directory	wrapper	1
1787409795358815811	file	cohort-c6010001-ordinal-0000/coefficients.fp2	4294967296
1787409795358815811	file	cohort-c6010001-ordinal-0000/oracle.fp2	34359738368
1787409795358815811	file	cohort-c6010001-ordinal-0000/semantic-cache.fp2	536870912
1787409795358815811	file	cohort-c6010001-ordinal-0000/staging/x4b-4659-1-3334471681-0-0-outer-0.bin	8589934592
1787409795358815811	file	cohort-c6010001-ordinal-0000/staging/x4b-4659-1-3334471681-0-0-outer-1.bin	125829120
1787409796368963849	io	read_bytes	35293364224
1787409796368963849	io	write_bytes	49501847552
1787409796368963849	status	VmHWM_bytes	15919861760
1787409796368963849	status	VmRSS_bytes	11229790208
1787409796368963849	cpu	utime_ticks	17083
1787409796368963849	cpu	stime_ticks	3734
1787409796368963849	directory	wrapper	1
1787409796368963849	file	cohort-c6010001-ordinal-0000/coefficients.fp2	4294967296
1787409796368963849	file	cohort-c6010001-ordinal-0000/oracle.fp2	34359738368
1787409796368963849	file	cohort-c6010001-ordinal-0000/semantic-cache.fp2	536870912
1787409796368963849	file	cohort-c6010001-ordinal-0000/staging/x4b-4659-1-3334471681-0-0-outer-0.bin	8589934592
1787409796368963849	file	cohort-c6010001-ordinal-0000/staging/x4b-4659-1-3334471681-0-0-outer-1.bin	394264576
1787409797378830356	io	read_bytes	35827220480
1787409797378830356	io	write_bytes	49770283008
1787409797378830356	status	VmHWM_bytes	15919861760
1787409797378830356	status	VmRSS_bytes	11226513408
1787409797378830356	cpu	utime_ticks	17101
1787409797378830356	cpu	stime_ticks	3781
1787409797378830356	directory	wrapper	1
1787409797378830356	file	cohort-c6010001-ordinal-0000/coefficients.fp2	4294967296
1787409797378830356	file	cohort-c6010001-ordinal-0000/oracle.fp2	34359738368
1787409797378830356	file	cohort-c6010001-ordinal-0000/semantic-cache.fp2	536870912
1787409797378830356	file	cohort-c6010001-ordinal-0000/staging/x4b-4659-1-3334471681-0-0-outer-0.bin	8589934592
1787409797378830356	file	cohort-c6010001-ordinal-0000/staging/x4b-4659-1-3334471681-0-0-outer-1.bin	662700032
1787409798388423968	io	read_bytes	36364091392
1787409798388423968	io	write_bytes	50038718464
1787409798388423968	status	VmHWM_bytes	15919861760
1787409798388423968	status	VmRSS_bytes	11226644480
1787409798388423968	cpu	utime_ticks	17118
1787409798388423968	cpu	stime_ticks	3829
1787409798388423968	directory	wrapper	1
1787409798388423968	file	cohort-c6010001-ordinal-0000/coefficients.fp2	4294967296
1787409798388423968	file	cohort-c6010001-ordinal-0000/oracle.fp2	34359738368
1787409798388423968	file	cohort-c6010001-ordinal-0000/semantic-cache.fp2	536870912
1787409798388423968	file	cohort-c6010001-ordinal-0000/staging/x4b-4659-1-3334471681-0-0-outer-0.bin	8589934592
1787409798388423968	file	cohort-c6010001-ordinal-0000/staging/x4b-4659-1-3334471681-0-0-outer-1.bin	931135488
1787409799397884498	io	read_bytes	36898603008
1787409799397884498	io	write_bytes	50307153920
1787409799397884498	status	VmHWM_bytes	15919861760
1787409799397884498	status	VmRSS_bytes	11224285184
1787409799397884498	cpu	utime_ticks	17133
1787409799397884498	cpu	stime_ticks	3878
1787409799397884498	directory	wrapper	1
1787409799397884498	file	cohort-c6010001-ordinal-0000/coefficients.fp2	4294967296
1787409799397884498	file	cohort-c6010001-ordinal-0000/oracle.fp2	34359738368
1787409799397884498	file	cohort-c6010001-ordinal-0000/semantic-cache.fp2	536870912
1787409799397884498	file	cohort-c6010001-ordinal-0000/staging/x4b-4659-1-3334471681-0-0-outer-0.bin	8589934592
1787409799397884498	file	cohort-c6010001-ordinal-0000/staging/x4b-4659-1-3334471681-0-0-outer-1.bin	1199570944
1787409800407230943	io	read_bytes	37426954240
1787409800407230943	io	write_bytes	50575589376
1787409800407230943	status	VmHWM_bytes	15919861760
1787409800407230943	status	VmRSS_bytes	11215634432
1787409800407230943	cpu	utime_ticks	17148
1787409800407230943	cpu	stime_ticks	3928
1787409800407230943	directory	wrapper	1
1787409800407230943	file	cohort-c6010001-ordinal-0000/coefficients.fp2	4294967296
1787409800407230943	file	cohort-c6010001-ordinal-0000/oracle.fp2	34359738368
1787409800407230943	file	cohort-c6010001-ordinal-0000/semantic-cache.fp2	536870912
1787409800407230943	file	cohort-c6010001-ordinal-0000/staging/x4b-4659-1-3334471681-0-0-outer-0.bin	8589934592
1787409800407230943	file	cohort-c6010001-ordinal-0000/staging/x4b-4659-1-3334471681-0-0-outer-1.bin	1468006400
1787409801415642934	io	read_bytes	37971165184
1787409801415642934	io	write_bytes	50844024832
1787409801415642934	status	VmHWM_bytes	15919861760
1787409801415642934	status	VmRSS_bytes	11223105536
1787409801415642934	cpu	utime_ticks	17154
1787409801415642934	cpu	stime_ticks	3985
1787409801415642934	directory	wrapper	1
1787409801415642934	file	cohort-c6010001-ordinal-0000/coefficients.fp2	4294967296
1787409801415642934	file	cohort-c6010001-ordinal-0000/oracle.fp2	34359738368
1787409801415642934	file	cohort-c6010001-ordinal-0000/semantic-cache.fp2	536870912
1787409801415642934	file	cohort-c6010001-ordinal-0000/staging/x4b-4659-1-3334471681-0-0-outer-0.bin	8589934592
1787409801415642934	file	cohort-c6010001-ordinal-0000/staging/x4b-4659-1-3334471681-0-0-outer-1.bin	1736441856
1787409802424335445	io	read_bytes	38528745472
1787409802424335445	io	write_bytes	51112460288
1787409802424335445	status	VmHWM_bytes	15919861760
1787409802424335445	status	VmRSS_bytes	11243945984
1787409802424335445	cpu	utime_ticks	17172
1787409802424335445	cpu	stime_ticks	4029
1787409802424335445	directory	wrapper	1
1787409802424335445	file	cohort-c6010001-ordinal-0000/coefficients.fp2	4294967296
1787409802424335445	file	cohort-c6010001-ordinal-0000/oracle.fp2	34359738368
1787409802424335445	file	cohort-c6010001-ordinal-0000/semantic-cache.fp2	536870912
1787409802424335445	file	cohort-c6010001-ordinal-0000/staging/x4b-4659-1-3334471681-0-0-outer-0.bin	8589934592
1787409802424335445	file	cohort-c6010001-ordinal-0000/staging/x4b-4659-1-3334471681-0-0-outer-1.bin	2004877312
1787409803433718820	io	read_bytes	38966788096
1787409803433718820	io	write_bytes	51380895744
1787409803433718820	status	VmHWM_bytes	15919861760
1787409803433718820	status	VmRSS_bytes	11144200192
1787409803433718820	cpu	utime_ticks	17190
1787409803433718820	cpu	stime_ticks	4068
1787409803433718820	directory	wrapper	1
1787409803433718820	file	cohort-c6010001-ordinal-0000/coefficients.fp2	4294967296
1787409803433718820	file	cohort-c6010001-ordinal-0000/oracle.fp2	34359738368
1787409803433718820	file	cohort-c6010001-ordinal-0000/semantic-cache.fp2	536870912
1787409803433718820	file	cohort-c6010001-ordinal-0000/staging/x4b-4659-1-3334471681-0-0-outer-0.bin	8589934592
1787409803433718820	file	cohort-c6010001-ordinal-0000/staging/x4b-4659-1-3334471681-0-0-outer-1.bin	2273312768
1787409804443577131	io	read_bytes	39460143104
1787409804443577131	io	write_bytes	51515113472
1787409804443577131	status	VmHWM_bytes	15919861760
1787409804443577131	status	VmRSS_bytes	11368988672
1787409804443577131	cpu	utime_ticks	17201
1787409804443577131	cpu	stime_ticks	4109
1787409804443577131	directory	wrapper	1
1787409804443577131	file	cohort-c6010001-ordinal-0000/coefficients.fp2	4294967296
1787409804443577131	file	cohort-c6010001-ordinal-0000/oracle.fp2	34359738368
1787409804443577131	file	cohort-c6010001-ordinal-0000/semantic-cache.fp2	536870912
1787409804443577131	file	cohort-c6010001-ordinal-0000/staging/x4b-4659-1-3334471681-0-0-outer-0.bin	8589934592
1787409804443577131	file	cohort-c6010001-ordinal-0000/staging/x4b-4659-1-3334471681-0-0-outer-1.bin	2407530496
1787409805453329402	io	read_bytes	39997014016
1787409805453329402	io	write_bytes	51783548928
1787409805453329402	status	VmHWM_bytes	15919861760
1787409805453329402	status	VmRSS_bytes	11368988672
1787409805453329402	cpu	utime_ticks	17219
1787409805453329402	cpu	stime_ticks	4155
1787409805453329402	directory	wrapper	1
1787409805453329402	file	cohort-c6010001-ordinal-0000/coefficients.fp2	4294967296
1787409805453329402	file	cohort-c6010001-ordinal-0000/oracle.fp2	34359738368
1787409805453329402	file	cohort-c6010001-ordinal-0000/semantic-cache.fp2	536870912
1787409805453329402	file	cohort-c6010001-ordinal-0000/staging/x4b-4659-1-3334471681-0-0-outer-0.bin	8589934592
1787409805453329402	file	cohort-c6010001-ordinal-0000/staging/x4b-4659-1-3334471681-0-0-outer-1.bin	2675965952
1787409806462875664	io	read_bytes	40533884928
1787409806462875664	io	write_bytes	52051984384
1787409806462875664	status	VmHWM_bytes	15919861760
1787409806462875664	status	VmRSS_bytes	11368988672
1787409806462875664	cpu	utime_ticks	17234
1787409806462875664	cpu	stime_ticks	4203
1787409806462875664	directory	wrapper	1
1787409806462875664	file	cohort-c6010001-ordinal-0000/coefficients.fp2	4294967296
1787409806462875664	file	cohort-c6010001-ordinal-0000/oracle.fp2	34359738368
1787409806462875664	file	cohort-c6010001-ordinal-0000/semantic-cache.fp2	536870912
1787409806462875664	file	cohort-c6010001-ordinal-0000/staging/x4b-4659-1-3334471681-0-0-outer-0.bin	8589934592
1787409806462875664	file	cohort-c6010001-ordinal-0000/staging/x4b-4659-1-3334471681-0-0-outer-1.bin	2944401408
1787409807472927070	io	read_bytes	41070755840
1787409807472927070	io	write_bytes	52320419840
1787409807472927070	status	VmHWM_bytes	15919861760
1787409807472927070	status	VmRSS_bytes	11592404992
1787409807472927070	cpu	utime_ticks	17240
1787409807472927070	cpu	stime_ticks	4263
1787409807472927070	directory	wrapper	1
1787409807472927070	file	cohort-c6010001-ordinal-0000/coefficients.fp2	4294967296
1787409807472927070	file	cohort-c6010001-ordinal-0000/oracle.fp2	34359738368
1787409807472927070	file	cohort-c6010001-ordinal-0000/semantic-cache.fp2	536870912
1787409807472927070	file	cohort-c6010001-ordinal-0000/staging/x4b-4659-1-3334471681-0-0-outer-0.bin	8589934592
1787409807472927070	file	cohort-c6010001-ordinal-0000/staging/x4b-4659-1-3334471681-0-0-outer-1.bin	3212836864
1787409808483400743	io	read_bytes	41607626752
1787409808483400743	io	write_bytes	52588855296
1787409808483400743	status	VmHWM_bytes	15919861760
1787409808483400743	status	VmRSS_bytes	11614117888
1787409808483400743	cpu	utime_ticks	17257
1787409808483400743	cpu	stime_ticks	4310
1787409808483400743	directory	wrapper	1
1787409808483400743	file	cohort-c6010001-ordinal-0000/coefficients.fp2	4294967296
1787409808483400743	file	cohort-c6010001-ordinal-0000/oracle.fp2	34359738368
1787409808483400743	file	cohort-c6010001-ordinal-0000/semantic-cache.fp2	536870912
1787409808483400743	file	cohort-c6010001-ordinal-0000/staging/x4b-4659-1-3334471681-0-0-outer-0.bin	8589934592
1787409808483400743	file	cohort-c6010001-ordinal-0000/staging/x4b-4659-1-3334471681-0-0-outer-1.bin	3481272320
1787409809493081920	io	read_bytes	41876062208
1787409809493081920	io	write_bytes	52857290752
1787409809493081920	status	VmHWM_bytes	15919861760
1787409809493081920	status	VmRSS_bytes	11210096640
1787409809493081920	cpu	utime_ticks	17272
1787409809493081920	cpu	stime_ticks	4336
1787409809493081920	directory	wrapper	1
1787409809493081920	file	cohort-c6010001-ordinal-0000/coefficients.fp2	4294967296
1787409809493081920	file	cohort-c6010001-ordinal-0000/oracle.fp2	34359738368
1787409809493081920	file	cohort-c6010001-ordinal-0000/semantic-cache.fp2	536870912
1787409809493081920	file	cohort-c6010001-ordinal-0000/staging/x4b-4659-1-3334471681-0-0-outer-0.bin	8589934592
1787409809493081920	file	cohort-c6010001-ordinal-0000/staging/x4b-4659-1-3334471681-0-0-outer-1.bin	3749707776
1787409810502666815	io	read_bytes	42412933120
1787409810502666815	io	write_bytes	53125726208
1787409810502666815	status	VmHWM_bytes	15919861760
1787409810502666815	status	VmRSS_bytes	11289542656
1787409810502666815	cpu	utime_ticks	17288
1787409810502666815	cpu	stime_ticks	4384
1787409810502666815	directory	wrapper	1
1787409810502666815	file	cohort-c6010001-ordinal-0000/coefficients.fp2	4294967296
1787409810502666815	file	cohort-c6010001-ordinal-0000/oracle.fp2	34359738368
1787409810502666815	file	cohort-c6010001-ordinal-0000/semantic-cache.fp2	536870912
1787409810502666815	file	cohort-c6010001-ordinal-0000/staging/x4b-4659-1-3334471681-0-0-outer-0.bin	8589934592
1787409810502666815	file	cohort-c6010001-ordinal-0000/staging/x4b-4659-1-3334471681-0-0-outer-1.bin	4018143232
1787409811511388401	io	read_bytes	42949672960
1787409811511388401	io	write_bytes	53259943936
1787409811511388401	status	VmHWM_bytes	15919861760
1787409811511388401	status	VmRSS_bytes	11622723584
1787409811511388401	cpu	utime_ticks	17296
1787409811511388401	cpu	stime_ticks	4443
1787409811511388401	directory	wrapper	1
1787409811511388401	file	cohort-c6010001-ordinal-0000/coefficients.fp2	4294967296
1787409811511388401	file	cohort-c6010001-ordinal-0000/oracle.fp2	34359738368
1787409811511388401	file	cohort-c6010001-ordinal-0000/semantic-cache.fp2	536870912
1787409811511388401	file	cohort-c6010001-ordinal-0000/staging/x4b-4659-1-3334471681-0-0-outer-0.bin	8589934592
1787409811511388401	file	cohort-c6010001-ordinal-0000/staging/x4b-4659-1-3334471681-0-0-outer-1.bin	4152360960
1787409812520737020	io	read_bytes	43218239488
1787409812520737020	io	write_bytes	53528379392
1787409812520737020	status	VmHWM_bytes	15919861760
1787409812520737020	status	VmRSS_bytes	11210096640
1787409812520737020	cpu	utime_ticks	17307
1787409812520737020	cpu	stime_ticks	4497
1787409812520737020	directory	wrapper	1
1787409812520737020	file	cohort-c6010001-ordinal-0000/coefficients.fp2	4294967296
1787409812520737020	file	cohort-c6010001-ordinal-0000/oracle.fp2	34359738368
1787409812520737020	file	cohort-c6010001-ordinal-0000/semantic-cache.fp2	536870912
1787409812520737020	file	cohort-c6010001-ordinal-0000/staging/x4b-4659-1-3334471681-0-0-outer-1.bin	4294967296
1787409812520737020	file	cohort-c6010001-ordinal-0000/staging/x4b-4659-1-3334471681-0-0-outer-2.bin	125829120
1787409813531552688	io	read_bytes	43755110400
1787409813531552688	io	write_bytes	53662597120
1787409813531552688	status	VmHWM_bytes	15919861760
1787409813531552688	status	VmRSS_bytes	11539898368
1787409813531552688	cpu	utime_ticks	17323
1787409813531552688	cpu	stime_ticks	4544
1787409813531552688	directory	wrapper	1
1787409813531552688	file	cohort-c6010001-ordinal-0000/coefficients.fp2	4294967296
1787409813531552688	file	cohort-c6010001-ordinal-0000/oracle.fp2	34359738368
1787409813531552688	file	cohort-c6010001-ordinal-0000/semantic-cache.fp2	536870912
1787409813531552688	file	cohort-c6010001-ordinal-0000/staging/x4b-4659-1-3334471681-0-0-outer-1.bin	4294967296
1787409813531552688	file	cohort-c6010001-ordinal-0000/staging/x4b-4659-1-3334471681-0-0-outer-2.bin	260046848
1787409814541224187	io	read_bytes	44229197824
1787409814541224187	io	write_bytes	53931032576
1787409814541224187	status	VmHWM_bytes	15919861760
1787409814541224187	status	VmRSS_bytes	11307122688
1787409814541224187	cpu	utime_ticks	17346
1787409814541224187	cpu	stime_ticks	4589
1787409814541224187	directory	wrapper	1
1787409814541224187	file	cohort-c6010001-ordinal-0000/coefficients.fp2	4294967296
1787409814541224187	file	cohort-c6010001-ordinal-0000/oracle.fp2	34359738368
1787409814541224187	file	cohort-c6010001-ordinal-0000/semantic-cache.fp2	536870912
1787409814541224187	file	cohort-c6010001-ordinal-0000/staging/x4b-4659-1-3334471681-0-0-outer-1.bin	4294967296
1787409814541224187	file	cohort-c6010001-ordinal-0000/staging/x4b-4659-1-3334471681-0-0-outer-2.bin	528482304
1787409815550554512	io	read_bytes	44656623616
1787409815550554512	io	write_bytes	54199468032
1787409815550554512	status	VmHWM_bytes	15919861760
1787409815550554512	status	VmRSS_bytes	11197865984
1787409815550554512	cpu	utime_ticks	17369
1787409815550554512	cpu	stime_ticks	4637
1787409815550554512	directory	wrapper	1
1787409815550554512	file	cohort-c6010001-ordinal-0000/coefficients.fp2	4294967296
1787409815550554512	file	cohort-c6010001-ordinal-0000/oracle.fp2	34359738368
1787409815550554512	file	cohort-c6010001-ordinal-0000/semantic-cache.fp2	536870912
1787409815550554512	file	cohort-c6010001-ordinal-0000/staging/x4b-4659-1-3334471681-0-0-outer-1.bin	4294967296
1787409815550554512	file	cohort-c6010001-ordinal-0000/staging/x4b-4659-1-3334471681-0-0-outer-2.bin	796917760
1787409816560145739	io	read_bytes	45097287680
1787409816560145739	io	write_bytes	54467903488
1787409816560145739	status	VmHWM_bytes	15919861760
1787409816560145739	status	VmRSS_bytes	11264126976
1787409816560145739	cpu	utime_ticks	17391
1787409816560145739	cpu	stime_ticks	4686
1787409816560145739	directory	wrapper	1
1787409816560145739	file	cohort-c6010001-ordinal-0000/coefficients.fp2	4294967296
1787409816560145739	file	cohort-c6010001-ordinal-0000/oracle.fp2	34359738368
1787409816560145739	file	cohort-c6010001-ordinal-0000/semantic-cache.fp2	536870912
1787409816560145739	file	cohort-c6010001-ordinal-0000/staging/x4b-4659-1-3334471681-0-0-outer-1.bin	4294967296
1787409816560145739	file	cohort-c6010001-ordinal-0000/staging/x4b-4659-1-3334471681-0-0-outer-2.bin	1065353216
1787409817568639334	io	read_bytes	45634158592
1787409817568639334	io	write_bytes	54602121216
1787409817568639334	status	VmHWM_bytes	15919861760
1787409817568639334	status	VmRSS_bytes	11592634368
1787409817568639334	cpu	utime_ticks	17394
1787409817568639334	cpu	stime_ticks	4747
1787409817568639334	directory	wrapper	1
1787409817568639334	file	cohort-c6010001-ordinal-0000/coefficients.fp2	4294967296
1787409817568639334	file	cohort-c6010001-ordinal-0000/oracle.fp2	34359738368
1787409817568639334	file	cohort-c6010001-ordinal-0000/semantic-cache.fp2	536870912
1787409817568639334	file	cohort-c6010001-ordinal-0000/staging/x4b-4659-1-3334471681-0-0-outer-1.bin	4294967296
1787409817568639334	file	cohort-c6010001-ordinal-0000/staging/x4b-4659-1-3334471681-0-0-outer-2.bin	1199570944
1787409818578263283	io	read_bytes	46124892160
1787409818578263283	io	write_bytes	54870556672
1787409818578263283	status	VmHWM_bytes	15919861760
1787409818578263283	status	VmRSS_bytes	11323596800
1787409818578263283	cpu	utime_ticks	17409
1787409818578263283	cpu	stime_ticks	4797
1787409818578263283	directory	wrapper	1
1787409818578263283	file	cohort-c6010001-ordinal-0000/coefficients.fp2	4294967296
1787409818578263283	file	cohort-c6010001-ordinal-0000/oracle.fp2	34359738368
1787409818578263283	file	cohort-c6010001-ordinal-0000/semantic-cache.fp2	536870912
1787409818578263283	file	cohort-c6010001-ordinal-0000/staging/x4b-4659-1-3334471681-0-0-outer-1.bin	4294967296
1787409818578263283	file	cohort-c6010001-ordinal-0000/staging/x4b-4659-1-3334471681-0-0-outer-2.bin	1468006400
1787409819587853628	io	read_bytes	46559264768
1787409819587853628	io	write_bytes	55138992128
1787409819587853628	status	VmHWM_bytes	15919861760
1787409819587853628	status	VmRSS_bytes	11221270528
1787409819587853628	cpu	utime_ticks	17432
1787409819587853628	cpu	stime_ticks	4846
1787409819587853628	directory	wrapper	1
1787409819587853628	file	cohort-c6010001-ordinal-0000/coefficients.fp2	4294967296
1787409819587853628	file	cohort-c6010001-ordinal-0000/oracle.fp2	34359738368
1787409819587853628	file	cohort-c6010001-ordinal-0000/semantic-cache.fp2	536870912
1787409819587853628	file	cohort-c6010001-ordinal-0000/staging/x4b-4659-1-3334471681-0-0-outer-1.bin	4294967296
1787409819587853628	file	cohort-c6010001-ordinal-0000/staging/x4b-4659-1-3334471681-0-0-outer-2.bin	1736441856
1787409820597617792	io	read_bytes	46976335872
1787409820597617792	io	write_bytes	55273209856
1787409820597617792	status	VmHWM_bytes	15919861760
1787409820597617792	status	VmRSS_bytes	11569623040
1787409820597617792	cpu	utime_ticks	17447
1787409820597617792	cpu	stime_ticks	4885
1787409820597617792	directory	wrapper	1
1787409820597617792	file	cohort-c6010001-ordinal-0000/coefficients.fp2	4294967296
1787409820597617792	file	cohort-c6010001-ordinal-0000/oracle.fp2	34359738368
1787409820597617792	file	cohort-c6010001-ordinal-0000/semantic-cache.fp2	536870912
1787409820597617792	file	cohort-c6010001-ordinal-0000/staging/x4b-4659-1-3334471681-0-0-outer-1.bin	4294967296
1787409820597617792	file	cohort-c6010001-ordinal-0000/staging/x4b-4659-1-3334471681-0-0-outer-2.bin	1870659584
1787409821608184390	io	read_bytes	47244640256
1787409821608184390	io	write_bytes	55550033920
1787409821608184390	status	VmHWM_bytes	15919861760
1787409821608184390	status	VmRSS_bytes	11100549120
1787409821608184390	cpu	utime_ticks	17466
1787409821608184390	cpu	stime_ticks	4923
1787409821608184390	directory	wrapper	1
1787409821608184390	file	cohort-c6010001-ordinal-0000/coefficients.fp2	4294967296
1787409821608184390	file	cohort-c6010001-ordinal-0000/oracle.fp2	34359738368
1787409821608184390	file	cohort-c6010001-ordinal-0000/semantic-cache.fp2	536870912
1787409821608184390	file	cohort-c6010001-ordinal-0000/staging/x4b-4659-1-3334471681-0-0-outer-1.bin	4294967296
1787409821608184390	file	cohort-c6010001-ordinal-0000/staging/x4b-4659-1-3334471681-0-0-outer-2.bin	2147483648
1787409822616940942	io	read_bytes	47744679936
1787409822616940942	io	write_bytes	55675863040
1787409822616940942	status	VmHWM_bytes	15919861760
1787409822616940942	status	VmRSS_bytes	11333074944
1787409822616940942	cpu	utime_ticks	17472
1787409822616940942	cpu	stime_ticks	4978
1787409822616940942	directory	wrapper	1
1787409822616940942	file	cohort-c6010001-ordinal-0000/coefficients.fp2	4294967296
1787409822616940942	file	cohort-c6010001-ordinal-0000/oracle.fp2	34359738368
1787409822616940942	file	cohort-c6010001-ordinal-0000/semantic-cache.fp2	536870912
1787409822616940942	file	cohort-c6010001-ordinal-0000/staging/x4b-4659-1-3334471681-0-0-outer-2.bin	2147483648
1787409822616940942	file	cohort-c6010001-ordinal-0000/staging/x4b-4659-1-3334471681-0-0-outer-3.bin	125829120
1787409823626929239	io	read_bytes	48154148864
1787409823626929239	io	write_bytes	55944298496
1787409823626929239	status	VmHWM_bytes	15919861760
1787409823626929239	status	VmRSS_bytes	11205410816
1787409823626929239	cpu	utime_ticks	17486
1787409823626929239	cpu	stime_ticks	5036
1787409823626929239	directory	wrapper	1
1787409823626929239	file	cohort-c6010001-ordinal-0000/coefficients.fp2	4294967296
1787409823626929239	file	cohort-c6010001-ordinal-0000/oracle.fp2	34359738368
1787409823626929239	file	cohort-c6010001-ordinal-0000/semantic-cache.fp2	536870912
1787409823626929239	file	cohort-c6010001-ordinal-0000/staging/x4b-4659-1-3334471681-0-0-outer-2.bin	2147483648
1787409823626929239	file	cohort-c6010001-ordinal-0000/staging/x4b-4659-1-3334471681-0-0-outer-3.bin	394264576
1787409824637639187	io	read_bytes	48595075072
1787409824637639187	io	write_bytes	56212733952
1787409824637639187	status	VmHWM_bytes	15919861760
1787409824637639187	status	VmRSS_bytes	11109642240
1787409824637639187	cpu	utime_ticks	17505
1787409824637639187	cpu	stime_ticks	5088
1787409824637639187	directory	wrapper	1
1787409824637639187	file	cohort-c6010001-ordinal-0000/coefficients.fp2	4294967296
1787409824637639187	file	cohort-c6010001-ordinal-0000/oracle.fp2	34359738368
1787409824637639187	file	cohort-c6010001-ordinal-0000/semantic-cache.fp2	536870912
1787409824637639187	file	cohort-c6010001-ordinal-0000/staging/x4b-4659-1-3334471681-0-0-outer-2.bin	2147483648
1787409824637639187	file	cohort-c6010001-ordinal-0000/staging/x4b-4659-1-3334471681-0-0-outer-3.bin	662700032
1787409825647402449	io	read_bytes	49123819520
1787409825647402449	io	write_bytes	56346951680
1787409825647402449	status	VmHWM_bytes	15919861760
1787409825647402449	status	VmRSS_bytes	11631898624
1787409825647402449	cpu	utime_ticks	17521
1787409825647402449	cpu	stime_ticks	5136
1787409825647402449	directory	wrapper	1
1787409825647402449	file	cohort-c6010001-ordinal-0000/coefficients.fp2	4294967296
1787409825647402449	file	cohort-c6010001-ordinal-0000/oracle.fp2	34359738368
1787409825647402449	file	cohort-c6010001-ordinal-0000/semantic-cache.fp2	536870912
1787409825647402449	file	cohort-c6010001-ordinal-0000/staging/x4b-4659-1-3334471681-0-0-outer-2.bin	2147483648
1787409825647402449	file	cohort-c6010001-ordinal-0000/staging/x4b-4659-1-3334471681-0-0-outer-3.bin	796917760
1787409826659013580	io	read_bytes	49392123904
1787409826659013580	io	write_bytes	56623775744
1787409826659013580	status	VmHWM_bytes	15919861760
1787409826659013580	status	VmRSS_bytes	11100549120
1787409826659013580	cpu	utime_ticks	17539
1787409826659013580	cpu	stime_ticks	5175
1787409826659013580	directory	wrapper	1
1787409826659013580	file	cohort-c6010001-ordinal-0000/coefficients.fp2	4294967296
1787409826659013580	file	cohort-c6010001-ordinal-0000/oracle.fp2	34359738368
1787409826659013580	file	cohort-c6010001-ordinal-0000/semantic-cache.fp2	536870912
1787409826659013580	file	cohort-c6010001-ordinal-0000/staging/x4b-4659-1-3334471681-0-0-outer-3.bin	1073741824
1787409827671386397	io	read_bytes	49929125888
1787409827671386397	io	write_bytes	56749604864
1787409827671386397	status	VmHWM_bytes	15919861760
1787409827671386397	status	VmRSS_bytes	11368988672
1787409827671386397	cpu	utime_ticks	17554
1787409827671386397	cpu	stime_ticks	5227
1787409827671386397	directory	wrapper	1
1787409827671386397	file	cohort-c6010001-ordinal-0000/coefficients.fp2	4294967296
1787409827671386397	file	cohort-c6010001-ordinal-0000/oracle.fp2	34359738368
1787409827671386397	file	cohort-c6010001-ordinal-0000/semantic-cache.fp2	536870912
1787409827671386397	file	cohort-c6010001-ordinal-0000/staging/x4b-4659-1-3334471681-0-0-outer-3.bin	1073741824
1787409827671386397	file	cohort-c6010001-ordinal-0000/staging/x4b-4659-1-3334471681-0-0-outer-4.bin	125829120
1787409828681778176	io	read_bytes	50464423936
1787409828681778176	io	write_bytes	57018040320
1787409828681778176	status	VmHWM_bytes	15919861760
1787409828681778176	status	VmRSS_bytes	11368333312
1787409828681778176	cpu	utime_ticks	17563
1787409828681778176	cpu	stime_ticks	5284
1787409828681778176	directory	wrapper	1
1787409828681778176	file	cohort-c6010001-ordinal-0000/coefficients.fp2	4294967296
1787409828681778176	file	cohort-c6010001-ordinal-0000/oracle.fp2	34359738368
1787409828681778176	file	cohort-c6010001-ordinal-0000/semantic-cache.fp2	536870912
1787409828681778176	file	cohort-c6010001-ordinal-0000/staging/x4b-4659-1-3334471681-0-0-outer-3.bin	1073741824
1787409828681778176	file	cohort-c6010001-ordinal-0000/staging/x4b-4659-1-3334471681-0-0-outer-4.bin	394264576
1787409829692103429	io	read_bytes	50734432256
1787409829692103429	io	write_bytes	57160646656
1787409829692103429	status	VmHWM_bytes	15919861760
1787409829692103429	status	VmRSS_bytes	11368988672
1787409829692103429	cpu	utime_ticks	17574
1787409829692103429	cpu	stime_ticks	5330
1787409829692103429	directory	wrapper	1
1787409829692103429	file	cohort-c6010001-ordinal-0000/coefficients.fp2	4294967296
1787409829692103429	file	cohort-c6010001-ordinal-0000/oracle.fp2	34359738368
1787409829692103429	file	cohort-c6010001-ordinal-0000/semantic-cache.fp2	536870912
1787409829692103429	file	cohort-c6010001-ordinal-0000/staging/x4b-4659-1-3334471681-0-0-outer-4.bin	536870912
1787409829692103429	file	cohort-c6010001-ordinal-0000/staging/x4b-4659-1-3334471681-0-0-outer-5.bin	0
1787409830702618510	io	read_bytes	51218612224
1787409830702618510	io	write_bytes	57429082112
1787409830702618510	status	VmHWM_bytes	15919861760
1787409830702618510	status	VmRSS_bytes	11317346304
1787409830702618510	cpu	utime_ticks	17593
1787409830702618510	cpu	stime_ticks	5373
1787409830702618510	directory	wrapper	1
1787409830702618510	file	cohort-c6010001-ordinal-0000/coefficients.fp2	4294967296
1787409830702618510	file	cohort-c6010001-ordinal-0000/oracle.fp2	34359738368
1787409830702618510	file	cohort-c6010001-ordinal-0000/semantic-cache.fp2	536870912
1787409830702618510	file	cohort-c6010001-ordinal-0000/staging/x4b-4659-1-3334471681-0-0-outer-5.bin	268435456
1787409830702618510	file	cohort-c6010001-ordinal-0000/staging/x4b-4659-1-3334471681-0-0-outer-6.bin	0
1787409831712940236	io	read_bytes	51539628032
1787409831712940236	io	write_bytes	57697550336
1787409831712940236	status	VmHWM_bytes	15919861760
1787409831712940236	status	VmRSS_bytes	10094551040
1787409831712940236	cpu	utime_ticks	17624
1787409831712940236	cpu	stime_ticks	5406
1787409831712940236	directory	wrapper	1
1787409831712940236	file	cohort-c6010001-ordinal-0000/coefficients.fp2	4294967296
1787409831712940236	file	cohort-c6010001-ordinal-0000/manifest.c6wsp1	180
1787409831712940236	file	cohort-c6010001-ordinal-0000/oracle.fp2	34359738368
1787409831712940236	file	cohort-c6010001-ordinal-0000/root.digest	32
1787409831712940236	file	cohort-c6010001-ordinal-0000/semantic-cache.fp2	536870912
1787409832721640050	io	read_bytes	51539628032
1787409832721640050	io	write_bytes	57697550336
1787409832721640050	status	VmHWM_bytes	15919861760
1787409832721640050	status	VmRSS_bytes	7838208000
1787409832721640050	cpu	utime_ticks	17662
1787409832721640050	cpu	stime_ticks	5469
1787409832721640050	directory	wrapper	1
1787409832721640050	file	cohort-c6010001-ordinal-0000/coefficients.fp2	4294967296
1787409832721640050	file	cohort-c6010001-ordinal-0000/manifest.c6wsp1	180
1787409832721640050	file	cohort-c6010001-ordinal-0000/oracle.fp2	34359738368
1787409832721640050	file	cohort-c6010001-ordinal-0000/root.digest	32
1787409832721640050	file	cohort-c6010001-ordinal-0000/semantic-cache.fp2	536870912
1787409833731697898	io	read_bytes	51539628032
1787409833731697898	io	write_bytes	58024706048
1787409833731697898	status	VmHWM_bytes	15919861760
1787409833731697898	status	VmRSS_bytes	8960618496
1787409833731697898	cpu	utime_ticks	17712
1787409833731697898	cpu	stime_ticks	5521
1787409833731697898	directory	wrapper	1
1787409833731697898	file	cohort-c6010001-ordinal-0000/coefficients.fp2	4294967296
1787409833731697898	file	cohort-c6010001-ordinal-0000/manifest.c6wsp1	180
1787409833731697898	file	cohort-c6010001-ordinal-0000/oracle.fp2	34359738368
1787409833731697898	file	cohort-c6010001-ordinal-0000/root.digest	32
1787409833731697898	file	cohort-c6010001-ordinal-0000/semantic-cache.fp2	536870912
1787409833731697898	file	cohort-c6010002-ordinal-0001/semantic-cache.fp2	335544320
1787409834741199045	io	read_bytes	51539628032
1787409834741199045	io	write_bytes	58234421248
1787409834741199045	status	VmHWM_bytes	15919861760
1787409834741199045	status	VmRSS_bytes	9497489408
1787409834741199045	cpu	utime_ticks	17857
1787409834741199045	cpu	stime_ticks	5575
1787409834741199045	directory	wrapper	1
1787409834741199045	file	cohort-c6010001-ordinal-0000/coefficients.fp2	4294967296
1787409834741199045	file	cohort-c6010001-ordinal-0000/manifest.c6wsp1	180
1787409834741199045	file	cohort-c6010001-ordinal-0000/oracle.fp2	34359738368
1787409834741199045	file	cohort-c6010001-ordinal-0000/root.digest	32
1787409834741199045	file	cohort-c6010001-ordinal-0000/semantic-cache.fp2	536870912
1787409834741199045	file	cohort-c6010002-ordinal-0001/semantic-cache.fp2	536870912
1787409835751072105	io	read_bytes	51539628032
1787409835751072105	io	write_bytes	58234421248
1787409835751072105	status	VmHWM_bytes	15919861760
1787409835751072105	status	VmRSS_bytes	9497485312
1787409835751072105	cpu	utime_ticks	18051
1787409835751072105	cpu	stime_ticks	5627
1787409835751072105	directory	wrapper	1
1787409835751072105	file	cohort-c6010001-ordinal-0000/coefficients.fp2	4294967296
1787409835751072105	file	cohort-c6010001-ordinal-0000/manifest.c6wsp1	180
1787409835751072105	file	cohort-c6010001-ordinal-0000/oracle.fp2	34359738368
1787409835751072105	file	cohort-c6010001-ordinal-0000/root.digest	32
1787409835751072105	file	cohort-c6010001-ordinal-0000/semantic-cache.fp2	536870912
1787409835751072105	file	cohort-c6010002-ordinal-0001/semantic-cache.fp2	536870912
1787409836760015729	io	read_bytes	51539628032
1787409836760015729	io	write_bytes	58234421248
1787409836760015729	status	VmHWM_bytes	15919861760
1787409836760015729	status	VmRSS_bytes	9497481216
1787409836760015729	cpu	utime_ticks	18237
1787409836760015729	cpu	stime_ticks	5683
1787409836760015729	directory	wrapper	1
1787409836760015729	file	cohort-c6010001-ordinal-0000/coefficients.fp2	4294967296
1787409836760015729	file	cohort-c6010001-ordinal-0000/manifest.c6wsp1	180
1787409836760015729	file	cohort-c6010001-ordinal-0000/oracle.fp2	34359738368
1787409836760015729	file	cohort-c6010001-ordinal-0000/root.digest	32
1787409836760015729	file	cohort-c6010001-ordinal-0000/semantic-cache.fp2	536870912
1787409836760015729	file	cohort-c6010002-ordinal-0001/semantic-cache.fp2	536870912
1787409837770145072	io	read_bytes	51539628032
1787409837770145072	io	write_bytes	58234421248
1787409837770145072	status	VmHWM_bytes	15919861760
1787409837770145072	status	VmRSS_bytes	9497477120
1787409837770145072	cpu	utime_ticks	18394
1787409837770145072	cpu	stime_ticks	5740
1787409837770145072	directory	wrapper	1
1787409837770145072	file	cohort-c6010001-ordinal-0000/coefficients.fp2	4294967296
1787409837770145072	file	cohort-c6010001-ordinal-0000/manifest.c6wsp1	180
1787409837770145072	file	cohort-c6010001-ordinal-0000/oracle.fp2	34359738368
1787409837770145072	file	cohort-c6010001-ordinal-0000/root.digest	32
1787409837770145072	file	cohort-c6010001-ordinal-0000/semantic-cache.fp2	536870912
1787409837770145072	file	cohort-c6010002-ordinal-0001/semantic-cache.fp2	536870912
1787409838780060050	io	read_bytes	51539628032
1787409838780060050	io	write_bytes	58234421248
1787409838780060050	status	VmHWM_bytes	15919861760
1787409838780060050	status	VmRSS_bytes	9497473024
1787409838780060050	cpu	utime_ticks	18578
1787409838780060050	cpu	stime_ticks	5797
1787409838780060050	directory	wrapper	1
1787409838780060050	file	cohort-c6010001-ordinal-0000/coefficients.fp2	4294967296
1787409838780060050	file	cohort-c6010001-ordinal-0000/manifest.c6wsp1	180
1787409838780060050	file	cohort-c6010001-ordinal-0000/oracle.fp2	34359738368
1787409838780060050	file	cohort-c6010001-ordinal-0000/root.digest	32
1787409838780060050	file	cohort-c6010001-ordinal-0000/semantic-cache.fp2	536870912
1787409838780060050	file	cohort-c6010002-ordinal-0001/semantic-cache.fp2	536870912
1787409839790722469	io	read_bytes	51539628032
1787409839790722469	io	write_bytes	58234421248
1787409839790722469	status	VmHWM_bytes	15919861760
1787409839790722469	status	VmRSS_bytes	9497468928
1787409839790722469	cpu	utime_ticks	18762
1787409839790722469	cpu	stime_ticks	5854
1787409839790722469	directory	wrapper	1
1787409839790722469	file	cohort-c6010001-ordinal-0000/coefficients.fp2	4294967296
1787409839790722469	file	cohort-c6010001-ordinal-0000/manifest.c6wsp1	180
1787409839790722469	file	cohort-c6010001-ordinal-0000/oracle.fp2	34359738368
1787409839790722469	file	cohort-c6010001-ordinal-0000/root.digest	32
1787409839790722469	file	cohort-c6010001-ordinal-0000/semantic-cache.fp2	536870912
1787409839790722469	file	cohort-c6010002-ordinal-0001/semantic-cache.fp2	536870912
1787409840800162511	io	read_bytes	51539628032
1787409840800162511	io	write_bytes	58234421248
1787409840800162511	status	VmHWM_bytes	15919861760
1787409840800162511	status	VmRSS_bytes	9497464832
1787409840800162511	cpu	utime_ticks	18947
1787409840800162511	cpu	stime_ticks	5909
1787409840800162511	directory	wrapper	1
1787409840800162511	file	cohort-c6010001-ordinal-0000/coefficients.fp2	4294967296
1787409840800162511	file	cohort-c6010001-ordinal-0000/manifest.c6wsp1	180
1787409840800162511	file	cohort-c6010001-ordinal-0000/oracle.fp2	34359738368
1787409840800162511	file	cohort-c6010001-ordinal-0000/root.digest	32
1787409840800162511	file	cohort-c6010001-ordinal-0000/semantic-cache.fp2	536870912
1787409840800162511	file	cohort-c6010002-ordinal-0001/semantic-cache.fp2	536870912
1787409841809992619	io	read_bytes	51539628032
1787409841809992619	io	write_bytes	58234421248
1787409841809992619	status	VmHWM_bytes	15919861760
1787409841809992619	status	VmRSS_bytes	9497460736
1787409841809992619	cpu	utime_ticks	19134
1787409841809992619	cpu	stime_ticks	5963
1787409841809992619	directory	wrapper	1
1787409841809992619	file	cohort-c6010001-ordinal-0000/coefficients.fp2	4294967296
1787409841809992619	file	cohort-c6010001-ordinal-0000/manifest.c6wsp1	180
1787409841809992619	file	cohort-c6010001-ordinal-0000/oracle.fp2	34359738368
1787409841809992619	file	cohort-c6010001-ordinal-0000/root.digest	32
1787409841809992619	file	cohort-c6010001-ordinal-0000/semantic-cache.fp2	536870912
1787409841809992619	file	cohort-c6010002-ordinal-0001/semantic-cache.fp2	536870912
1787409842819668797	io	read_bytes	51539628032
1787409842819668797	io	write_bytes	58762903552
1787409842819668797	status	VmHWM_bytes	15919861760
1787409842819668797	status	VmRSS_bytes	10806763520
1787409842819668797	cpu	utime_ticks	19164
1787409842819668797	cpu	stime_ticks	6034
1787409842819668797	directory	wrapper	1
1787409842819668797	file	cohort-c6010001-ordinal-0000/coefficients.fp2	4294967296
1787409842819668797	file	cohort-c6010001-ordinal-0000/manifest.c6wsp1	180
1787409842819668797	file	cohort-c6010001-ordinal-0000/oracle.fp2	34359738368
1787409842819668797	file	cohort-c6010001-ordinal-0000/root.digest	32
1787409842819668797	file	cohort-c6010001-ordinal-0000/semantic-cache.fp2	536870912
1787409842819668797	file	cohort-c6010002-ordinal-0001/coefficients.fp2	528482304
1787409842819668797	file	cohort-c6010002-ordinal-0001/oracle.fp2	0
1787409842819668797	file	cohort-c6010002-ordinal-0001/semantic-cache.fp2	536870912
1787409843830577020	io	read_bytes	51539628032
1787409843830577020	io	write_bytes	58762903552
1787409843830577020	status	VmHWM_bytes	15919861760
1787409843830577020	status	VmRSS_bytes	13621182464
1787409843830577020	cpu	utime_ticks	19173
1787409843830577020	cpu	stime_ticks	6128
1787409843830577020	directory	wrapper	1
1787409843830577020	file	cohort-c6010001-ordinal-0000/coefficients.fp2	4294967296
1787409843830577020	file	cohort-c6010001-ordinal-0000/manifest.c6wsp1	180
1787409843830577020	file	cohort-c6010001-ordinal-0000/oracle.fp2	34359738368
1787409843830577020	file	cohort-c6010001-ordinal-0000/root.digest	32
1787409843830577020	file	cohort-c6010001-ordinal-0000/semantic-cache.fp2	536870912
1787409843830577020	file	cohort-c6010002-ordinal-0001/coefficients.fp2	528482304
1787409843830577020	file	cohort-c6010002-ordinal-0001/oracle.fp2	0
1787409843830577020	file	cohort-c6010002-ordinal-0001/semantic-cache.fp2	536870912
1787409844840737873	io	read_bytes	51539628032
1787409844840737873	io	write_bytes	58762903552
1787409844840737873	status	VmHWM_bytes	15919861760
1787409844840737873	status	VmRSS_bytes	13792432128
1787409844840737873	cpu	utime_ticks	19268
1787409844840737873	cpu	stime_ticks	6134
1787409844840737873	directory	wrapper	1
1787409844840737873	file	cohort-c6010001-ordinal-0000/coefficients.fp2	4294967296
1787409844840737873	file	cohort-c6010001-ordinal-0000/manifest.c6wsp1	180
1787409844840737873	file	cohort-c6010001-ordinal-0000/oracle.fp2	34359738368
1787409844840737873	file	cohort-c6010001-ordinal-0000/root.digest	32
1787409844840737873	file	cohort-c6010001-ordinal-0000/semantic-cache.fp2	536870912
1787409844840737873	file	cohort-c6010002-ordinal-0001/coefficients.fp2	528482304
1787409844840737873	file	cohort-c6010002-ordinal-0001/oracle.fp2	0
1787409844840737873	file	cohort-c6010002-ordinal-0001/semantic-cache.fp2	536870912
1787409845851808392	io	read_bytes	51539628032
1787409845851808392	io	write_bytes	62294507520
1787409845851808392	status	VmHWM_bytes	15919861760
1787409845851808392	status	VmRSS_bytes	13255557120
1787409845851808392	cpu	utime_ticks	19325
1787409845851808392	cpu	stime_ticks	6179
1787409845851808392	directory	wrapper	1
1787409845851808392	file	cohort-c6010001-ordinal-0000/coefficients.fp2	4294967296
1787409845851808392	file	cohort-c6010001-ordinal-0000/manifest.c6wsp1	180
1787409845851808392	file	cohort-c6010001-ordinal-0000/oracle.fp2	34359738368
1787409845851808392	file	cohort-c6010001-ordinal-0000/root.digest	32
1787409845851808392	file	cohort-c6010001-ordinal-0000/semantic-cache.fp2	536870912
1787409845851808392	file	cohort-c6010002-ordinal-0001/coefficients.fp2	528482304
1787409845851808392	file	cohort-c6010002-ordinal-0001/oracle.fp2	3556769792
1787409845851808392	file	cohort-c6010002-ordinal-0001/semantic-cache.fp2	536870912
1787409846862510025	io	read_bytes	51539628032
1787409846862510025	io	write_bytes	63586353152
1787409846862510025	status	VmHWM_bytes	15919861760
1787409846862510025	status	VmRSS_bytes	10452480000
1787409846862510025	cpu	utime_ticks	19350
1787409846862510025	cpu	stime_ticks	6255
1787409846862510025	directory	wrapper	1
1787409846862510025	file	cohort-c6010001-ordinal-0000/coefficients.fp2	4294967296
1787409846862510025	file	cohort-c6010001-ordinal-0000/manifest.c6wsp1	180
1787409846862510025	file	cohort-c6010001-ordinal-0000/oracle.fp2	34359738368
1787409846862510025	file	cohort-c6010001-ordinal-0000/root.digest	32
1787409846862510025	file	cohort-c6010001-ordinal-0000/semantic-cache.fp2	536870912
1787409846862510025	file	cohort-c6010002-ordinal-0001/coefficients.fp2	1065353216
1787409846862510025	file	cohort-c6010002-ordinal-0001/oracle.fp2	4286578688
1787409846862510025	file	cohort-c6010002-ordinal-0001/semantic-cache.fp2	536870912
1787409847873229723	io	read_bytes	51539628032
1787409847873229723	io	write_bytes	63586353152
1787409847873229723	status	VmHWM_bytes	15919861760
1787409847873229723	status	VmRSS_bytes	13792432128
1787409847873229723	cpu	utime_ticks	19363
1787409847873229723	cpu	stime_ticks	6343
1787409847873229723	directory	wrapper	1
1787409847873229723	file	cohort-c6010001-ordinal-0000/coefficients.fp2	4294967296
1787409847873229723	file	cohort-c6010001-ordinal-0000/manifest.c6wsp1	180
1787409847873229723	file	cohort-c6010001-ordinal-0000/oracle.fp2	34359738368
1787409847873229723	file	cohort-c6010001-ordinal-0000/root.digest	32
1787409847873229723	file	cohort-c6010001-ordinal-0000/semantic-cache.fp2	536870912
1787409847873229723	file	cohort-c6010002-ordinal-0001/coefficients.fp2	1065353216
1787409847873229723	file	cohort-c6010002-ordinal-0001/oracle.fp2	4286578688
1787409847873229723	file	cohort-c6010002-ordinal-0001/semantic-cache.fp2	536870912
1787409848884040222	io	read_bytes	51539628032
1787409848884040222	io	write_bytes	63586353152
1787409848884040222	status	VmHWM_bytes	15919861760
1787409848884040222	status	VmRSS_bytes	13792432128
1787409848884040222	cpu	utime_ticks	19464
1787409848884040222	cpu	stime_ticks	6344
1787409848884040222	directory	wrapper	1
1787409848884040222	file	cohort-c6010001-ordinal-0000/coefficients.fp2	4294967296
1787409848884040222	file	cohort-c6010001-ordinal-0000/manifest.c6wsp1	180
1787409848884040222	file	cohort-c6010001-ordinal-0000/oracle.fp2	34359738368
1787409848884040222	file	cohort-c6010001-ordinal-0000/root.digest	32
1787409848884040222	file	cohort-c6010001-ordinal-0000/semantic-cache.fp2	536870912
1787409848884040222	file	cohort-c6010002-ordinal-0001/coefficients.fp2	1065353216
1787409848884040222	file	cohort-c6010002-ordinal-0001/oracle.fp2	4286578688
1787409848884040222	file	cohort-c6010002-ordinal-0001/semantic-cache.fp2	536870912
1787409849895833485	io	read_bytes	51539628032
1787409849895833485	io	write_bytes	67252174848
1787409849895833485	status	VmHWM_bytes	15919861760
1787409849895833485	status	VmRSS_bytes	13255557120
1787409849895833485	cpu	utime_ticks	19515
1787409849895833485	cpu	stime_ticks	6390
1787409849895833485	directory	wrapper	1
1787409849895833485	file	cohort-c6010001-ordinal-0000/coefficients.fp2	4294967296
1787409849895833485	file	cohort-c6010001-ordinal-0000/manifest.c6wsp1	180
1787409849895833485	file	cohort-c6010001-ordinal-0000/oracle.fp2	34359738368
1787409849895833485	file	cohort-c6010001-ordinal-0000/root.digest	32
1787409849895833485	file	cohort-c6010001-ordinal-0000/semantic-cache.fp2	536870912
1787409849895833485	file	cohort-c6010002-ordinal-0001/coefficients.fp2	1065353216
1787409849895833485	file	cohort-c6010002-ordinal-0001/oracle.fp2	7977566208
1787409849895833485	file	cohort-c6010002-ordinal-0001/semantic-cache.fp2	536870912
1787409850907269545	io	read_bytes	51539628032
1787409850907269545	io	write_bytes	68418191360
1787409850907269545	status	VmHWM_bytes	15919861760
1787409850907269545	status	VmRSS_bytes	10551656448
1787409850907269545	cpu	utime_ticks	19539
1787409850907269545	cpu	stime_ticks	6468
1787409850907269545	directory	wrapper	1
1787409850907269545	file	cohort-c6010001-ordinal-0000/coefficients.fp2	4294967296
1787409850907269545	file	cohort-c6010001-ordinal-0000/manifest.c6wsp1	180
1787409850907269545	file	cohort-c6010001-ordinal-0000/oracle.fp2	34359738368
1787409850907269545	file	cohort-c6010001-ordinal-0000/root.digest	32
1787409850907269545	file	cohort-c6010001-ordinal-0000/semantic-cache.fp2	536870912
1787409850907269545	file	cohort-c6010002-ordinal-0001/coefficients.fp2	1602224128
1787409850907269545	file	cohort-c6010002-ordinal-0001/oracle.fp2	8581545984
1787409850907269545	file	cohort-c6010002-ordinal-0001/semantic-cache.fp2	536870912
1787409851918107807	io	read_bytes	51539628032
1787409851918107807	io	write_bytes	68418191360
1787409851918107807	status	VmHWM_bytes	15919861760
1787409851918107807	status	VmRSS_bytes	13792432128
1787409851918107807	cpu	utime_ticks	19553
1787409851918107807	cpu	stime_ticks	6555
1787409851918107807	directory	wrapper	1
1787409851918107807	file	cohort-c6010001-ordinal-0000/coefficients.fp2	4294967296
1787409851918107807	file	cohort-c6010001-ordinal-0000/manifest.c6wsp1	180
1787409851918107807	file	cohort-c6010001-ordinal-0000/oracle.fp2	34359738368
1787409851918107807	file	cohort-c6010001-ordinal-0000/root.digest	32
1787409851918107807	file	cohort-c6010001-ordinal-0000/semantic-cache.fp2	536870912
1787409851918107807	file	cohort-c6010002-ordinal-0001/coefficients.fp2	1602224128
1787409851918107807	file	cohort-c6010002-ordinal-0001/oracle.fp2	8581545984
1787409851918107807	file	cohort-c6010002-ordinal-0001/semantic-cache.fp2	536870912
1787409852928651031	io	read_bytes	51539628032
1787409852928651031	io	write_bytes	68418191360
1787409852928651031	status	VmHWM_bytes	15919861760
1787409852928651031	status	VmRSS_bytes	13792432128
1787409852928651031	cpu	utime_ticks	19654
1787409852928651031	cpu	stime_ticks	6556
1787409852928651031	directory	wrapper	1
1787409852928651031	file	cohort-c6010001-ordinal-0000/coefficients.fp2	4294967296
1787409852928651031	file	cohort-c6010001-ordinal-0000/manifest.c6wsp1	180
1787409852928651031	file	cohort-c6010001-ordinal-0000/oracle.fp2	34359738368
1787409852928651031	file	cohort-c6010001-ordinal-0000/root.digest	32
1787409852928651031	file	cohort-c6010001-ordinal-0000/semantic-cache.fp2	536870912
1787409852928651031	file	cohort-c6010002-ordinal-0001/coefficients.fp2	1602224128
1787409852928651031	file	cohort-c6010002-ordinal-0001/oracle.fp2	8581545984
1787409852928651031	file	cohort-c6010002-ordinal-0001/semantic-cache.fp2	536870912
1787409853940894384	io	read_bytes	51539628032
1787409853940894384	io	write_bytes	72025292800
1787409853940894384	status	VmHWM_bytes	15919861760
1787409853940894384	status	VmRSS_bytes	13255557120
1787409853940894384	cpu	utime_ticks	19702
1787409853940894384	cpu	stime_ticks	6602
1787409853940894384	directory	wrapper	1
1787409853940894384	file	cohort-c6010001-ordinal-0000/coefficients.fp2	4294967296
1787409853940894384	file	cohort-c6010001-ordinal-0000/manifest.c6wsp1	180
1787409853940894384	file	cohort-c6010001-ordinal-0000/oracle.fp2	34359738368
1787409853940894384	file	cohort-c6010001-ordinal-0000/root.digest	32
1787409853940894384	file	cohort-c6010001-ordinal-0000/semantic-cache.fp2	536870912
1787409853940894384	file	cohort-c6010002-ordinal-0001/coefficients.fp2	1602224128
1787409853940894384	file	cohort-c6010002-ordinal-0001/oracle.fp2	12213813248
1787409853940894384	file	cohort-c6010002-ordinal-0001/semantic-cache.fp2	536870912
1787409854952012845	io	read_bytes	51539628032
1787409854952012845	io	write_bytes	73250029568
1787409854952012845	status	VmHWM_bytes	15919861760
1787409854952012845	status	VmRSS_bytes	10362183680
1787409854952012845	cpu	utime_ticks	19726
1787409854952012845	cpu	stime_ticks	6678
1787409854952012845	directory	wrapper	1
1787409854952012845	file	cohort-c6010001-ordinal-0000/coefficients.fp2	4294967296
1787409854952012845	file	cohort-c6010001-ordinal-0000/manifest.c6wsp1	180
1787409854952012845	file	cohort-c6010001-ordinal-0000/oracle.fp2	34359738368
1787409854952012845	file	cohort-c6010001-ordinal-0000/root.digest	32
1787409854952012845	file	cohort-c6010001-ordinal-0000/semantic-cache.fp2	536870912
1787409854952012845	file	cohort-c6010002-ordinal-0001/coefficients.fp2	2139095040
1787409854952012845	file	cohort-c6010002-ordinal-0001/oracle.fp2	12876513280
1787409854952012845	file	cohort-c6010002-ordinal-0001/semantic-cache.fp2	536870912
1787409855963091920	io	read_bytes	51539628032
1787409855963091920	io	write_bytes	73250029568
1787409855963091920	status	VmHWM_bytes	15919861760
1787409855963091920	status	VmRSS_bytes	13792100352
1787409855963091920	cpu	utime_ticks	19736
1787409855963091920	cpu	stime_ticks	6769
1787409855963091920	directory	wrapper	1
1787409855963091920	file	cohort-c6010001-ordinal-0000/coefficients.fp2	4294967296
1787409855963091920	file	cohort-c6010001-ordinal-0000/manifest.c6wsp1	180
1787409855963091920	file	cohort-c6010001-ordinal-0000/oracle.fp2	34359738368
1787409855963091920	file	cohort-c6010001-ordinal-0000/root.digest	32
1787409855963091920	file	cohort-c6010001-ordinal-0000/semantic-cache.fp2	536870912
1787409855963091920	file	cohort-c6010002-ordinal-0001/coefficients.fp2	2139095040
1787409855963091920	file	cohort-c6010002-ordinal-0001/oracle.fp2	12876513280
1787409855963091920	file	cohort-c6010002-ordinal-0001/semantic-cache.fp2	536870912
1787409856973420850	io	read_bytes	51539628032
1787409856973420850	io	write_bytes	73250029568
1787409856973420850	status	VmHWM_bytes	15919861760
1787409856973420850	status	VmRSS_bytes	13792432128
1787409856973420850	cpu	utime_ticks	19837
1787409856973420850	cpu	stime_ticks	6770
1787409856973420850	directory	wrapper	1
1787409856973420850	file	cohort-c6010001-ordinal-0000/coefficients.fp2	4294967296
1787409856973420850	file	cohort-c6010001-ordinal-0000/manifest.c6wsp1	180
1787409856973420850	file	cohort-c6010001-ordinal-0000/oracle.fp2	34359738368
1787409856973420850	file	cohort-c6010001-ordinal-0000/root.digest	32
1787409856973420850	file	cohort-c6010001-ordinal-0000/semantic-cache.fp2	536870912
1787409856973420850	file	cohort-c6010002-ordinal-0001/coefficients.fp2	2139095040
1787409856973420850	file	cohort-c6010002-ordinal-0001/oracle.fp2	12876513280
1787409856973420850	file	cohort-c6010002-ordinal-0001/semantic-cache.fp2	536870912
1787409857983055159	io	read_bytes	51539628032
1787409857983055159	io	write_bytes	76513198080
1787409857983055159	status	VmHWM_bytes	15919861760
1787409857983055159	status	VmRSS_bytes	13255557120
1787409857983055159	cpu	utime_ticks	19885
1787409857983055159	cpu	stime_ticks	6811
1787409857983055159	directory	wrapper	1
1787409857983055159	file	cohort-c6010001-ordinal-0000/coefficients.fp2	4294967296
1787409857983055159	file	cohort-c6010001-ordinal-0000/manifest.c6wsp1	180
1787409857983055159	file	cohort-c6010001-ordinal-0000/oracle.fp2	34359738368
1787409857983055159	file	cohort-c6010001-ordinal-0000/root.digest	32
1787409857983055159	file	cohort-c6010001-ordinal-0000/semantic-cache.fp2	536870912
1787409857983055159	file	cohort-c6010002-ordinal-0001/coefficients.fp2	2139095040
1787409857983055159	file	cohort-c6010002-ordinal-0001/oracle.fp2	16156459008
1787409857983055159	file	cohort-c6010002-ordinal-0001/semantic-cache.fp2	536870912
1787409858992853427	io	read_bytes	51539628032
1787409858992853427	io	write_bytes	78081867776
1787409858992853427	status	VmHWM_bytes	15919861760
1787409858992853427	status	VmRSS_bytes	9933225984
1787409858992853427	cpu	utime_ticks	19912
1787409858992853427	cpu	stime_ticks	6884
1787409858992853427	directory	wrapper	1
1787409858992853427	file	cohort-c6010001-ordinal-0000/coefficients.fp2	4294967296
1787409858992853427	file	cohort-c6010001-ordinal-0000/manifest.c6wsp1	180
1787409858992853427	file	cohort-c6010001-ordinal-0000/oracle.fp2	34359738368
1787409858992853427	file	cohort-c6010001-ordinal-0000/root.digest	32
1787409858992853427	file	cohort-c6010001-ordinal-0000/semantic-cache.fp2	536870912
1787409858992853427	file	cohort-c6010002-ordinal-0001/coefficients.fp2	2675965952
1787409858992853427	file	cohort-c6010002-ordinal-0001/oracle.fp2	17171480576
1787409858992853427	file	cohort-c6010002-ordinal-0001/semantic-cache.fp2	536870912
1787409860006168683	io	read_bytes	51539628032
1787409860006168683	io	write_bytes	78081867776
1787409860006168683	status	VmHWM_bytes	15919861760
1787409860006168683	status	VmRSS_bytes	13332197376
1787409860006168683	cpu	utime_ticks	19925
1787409860006168683	cpu	stime_ticks	6973
1787409860006168683	directory	wrapper	1
1787409860006168683	file	cohort-c6010001-ordinal-0000/coefficients.fp2	4294967296
1787409860006168683	file	cohort-c6010001-ordinal-0000/manifest.c6wsp1	180
1787409860006168683	file	cohort-c6010001-ordinal-0000/oracle.fp2	34359738368
1787409860006168683	file	cohort-c6010001-ordinal-0000/root.digest	32
1787409860006168683	file	cohort-c6010001-ordinal-0000/semantic-cache.fp2	536870912
1787409860006168683	file	cohort-c6010002-ordinal-0001/coefficients.fp2	2675965952
1787409860006168683	file	cohort-c6010002-ordinal-0001/oracle.fp2	17171480576
1787409860006168683	file	cohort-c6010002-ordinal-0001/semantic-cache.fp2	536870912
1787409861016337161	io	read_bytes	51539628032
1787409861016337161	io	write_bytes	78081867776
1787409861016337161	status	VmHWM_bytes	15919861760
1787409861016337161	status	VmRSS_bytes	13792432128
1787409861016337161	cpu	utime_ticks	20013
1787409861016337161	cpu	stime_ticks	6986
1787409861016337161	directory	wrapper	1
1787409861016337161	file	cohort-c6010001-ordinal-0000/coefficients.fp2	4294967296
1787409861016337161	file	cohort-c6010001-ordinal-0000/manifest.c6wsp1	180
1787409861016337161	file	cohort-c6010001-ordinal-0000/oracle.fp2	34359738368
1787409861016337161	file	cohort-c6010001-ordinal-0000/root.digest	32
1787409861016337161	file	cohort-c6010001-ordinal-0000/semantic-cache.fp2	536870912
1787409861016337161	file	cohort-c6010002-ordinal-0001/coefficients.fp2	2675965952
1787409861016337161	file	cohort-c6010002-ordinal-0001/oracle.fp2	17171480576
1787409861016337161	file	cohort-c6010002-ordinal-0001/semantic-cache.fp2	536870912
1787409862027720530	io	read_bytes	51539628032
1787409862027720530	io	write_bytes	80852205568
1787409862027720530	status	VmHWM_bytes	15919861760
1787409862027720530	status	VmRSS_bytes	13255557120
1787409862027720530	cpu	utime_ticks	20068
1787409862027720530	cpu	stime_ticks	7022
1787409862027720530	directory	wrapper	1
1787409862027720530	file	cohort-c6010001-ordinal-0000/coefficients.fp2	4294967296
1787409862027720530	file	cohort-c6010001-ordinal-0000/manifest.c6wsp1	180
1787409862027720530	file	cohort-c6010001-ordinal-0000/oracle.fp2	34359738368
1787409862027720530	file	cohort-c6010001-ordinal-0000/root.digest	32
1787409862027720530	file	cohort-c6010001-ordinal-0000/semantic-cache.fp2	536870912
1787409862027720530	file	cohort-c6010002-ordinal-0001/coefficients.fp2	2675965952
1787409862027720530	file	cohort-c6010002-ordinal-0001/oracle.fp2	19964887040
1787409862027720530	file	cohort-c6010002-ordinal-0001/semantic-cache.fp2	536870912
1787409863037389304	io	read_bytes	51539628032
1787409863037389304	io	write_bytes	82913705984
1787409863037389304	status	VmHWM_bytes	15919861760
1787409863037389304	status	VmRSS_bytes	9403383808
1787409863037389304	cpu	utime_ticks	20101
1787409863037389304	cpu	stime_ticks	7087
1787409863037389304	directory	wrapper	1
1787409863037389304	file	cohort-c6010001-ordinal-0000/coefficients.fp2	4294967296
1787409863037389304	file	cohort-c6010001-ordinal-0000/manifest.c6wsp1	180
1787409863037389304	file	cohort-c6010001-ordinal-0000/oracle.fp2	34359738368
1787409863037389304	file	cohort-c6010001-ordinal-0000/root.digest	32
1787409863037389304	file	cohort-c6010001-ordinal-0000/semantic-cache.fp2	536870912
1787409863037389304	file	cohort-c6010002-ordinal-0001/coefficients.fp2	3212836864
1787409863037389304	file	cohort-c6010002-ordinal-0001/oracle.fp2	21466447872
1787409863037389304	file	cohort-c6010002-ordinal-0001/semantic-cache.fp2	536870912
1787409864047915727	io	read_bytes	51539628032
1787409864047915727	io	write_bytes	82913705984
1787409864047915727	status	VmHWM_bytes	15919861760
1787409864047915727	status	VmRSS_bytes	12781551616
1787409864047915727	cpu	utime_ticks	20112
1787409864047915727	cpu	stime_ticks	7178
1787409864047915727	directory	wrapper	1
1787409864047915727	file	cohort-c6010001-ordinal-0000/coefficients.fp2	4294967296
1787409864047915727	file	cohort-c6010001-ordinal-0000/manifest.c6wsp1	180
1787409864047915727	file	cohort-c6010001-ordinal-0000/oracle.fp2	34359738368
1787409864047915727	file	cohort-c6010001-ordinal-0000/root.digest	32
1787409864047915727	file	cohort-c6010001-ordinal-0000/semantic-cache.fp2	536870912
1787409864047915727	file	cohort-c6010002-ordinal-0001/coefficients.fp2	3212836864
1787409864047915727	file	cohort-c6010002-ordinal-0001/oracle.fp2	21466447872
1787409864047915727	file	cohort-c6010002-ordinal-0001/semantic-cache.fp2	536870912
1787409865058055479	io	read_bytes	51539628032
1787409865058055479	io	write_bytes	82913705984
1787409865058055479	status	VmHWM_bytes	15919861760
1787409865058055479	status	VmRSS_bytes	13792432128
1787409865058055479	cpu	utime_ticks	20187
1787409865058055479	cpu	stime_ticks	7204
1787409865058055479	directory	wrapper	1
1787409865058055479	file	cohort-c6010001-ordinal-0000/coefficients.fp2	4294967296
1787409865058055479	file	cohort-c6010001-ordinal-0000/manifest.c6wsp1	180
1787409865058055479	file	cohort-c6010001-ordinal-0000/oracle.fp2	34359738368
1787409865058055479	file	cohort-c6010001-ordinal-0000/root.digest	32
1787409865058055479	file	cohort-c6010001-ordinal-0000/semantic-cache.fp2	536870912
1787409865058055479	file	cohort-c6010002-ordinal-0001/coefficients.fp2	3212836864
1787409865058055479	file	cohort-c6010002-ordinal-0001/oracle.fp2	21466447872
1787409865058055479	file	cohort-c6010002-ordinal-0001/semantic-cache.fp2	536870912
1787409866067819603	io	read_bytes	51539628032
1787409866067819603	io	write_bytes	85098938368
1787409866067819603	status	VmHWM_bytes	15919861760
1787409866067819603	status	VmRSS_bytes	13255557120
1787409866067819603	cpu	utime_ticks	20248
1787409866067819603	cpu	stime_ticks	7233
1787409866067819603	directory	wrapper	1
1787409866067819603	file	cohort-c6010001-ordinal-0000/coefficients.fp2	4294967296
1787409866067819603	file	cohort-c6010001-ordinal-0000/manifest.c6wsp1	180
1787409866067819603	file	cohort-c6010001-ordinal-0000/oracle.fp2	34359738368
1787409866067819603	file	cohort-c6010001-ordinal-0000/root.digest	32
1787409866067819603	file	cohort-c6010001-ordinal-0000/semantic-cache.fp2	536870912
1787409866067819603	file	cohort-c6010002-ordinal-0001/coefficients.fp2	3212836864
1787409866067819603	file	cohort-c6010002-ordinal-0001/oracle.fp2	23672651776
1787409866067819603	file	cohort-c6010002-ordinal-0001/semantic-cache.fp2	536870912
1787409867079154662	io	read_bytes	51539628032
1787409867079154662	io	write_bytes	87711989760
1787409867079154662	status	VmHWM_bytes	15919861760
1787409867079154662	status	VmRSS_bytes	8960585728
1787409867079154662	cpu	utime_ticks	20284
1787409867079154662	cpu	stime_ticks	7294
1787409867079154662	directory	wrapper	1
1787409867079154662	file	cohort-c6010001-ordinal-0000/coefficients.fp2	4294967296
1787409867079154662	file	cohort-c6010001-ordinal-0000/manifest.c6wsp1	180
1787409867079154662	file	cohort-c6010001-ordinal-0000/oracle.fp2	34359738368
1787409867079154662	file	cohort-c6010001-ordinal-0000/root.digest	32
1787409867079154662	file	cohort-c6010001-ordinal-0000/semantic-cache.fp2	536870912
1787409867079154662	file	cohort-c6010002-ordinal-0001/coefficients.fp2	3732930560
1787409867079154662	file	cohort-c6010002-ordinal-0001/oracle.fp2	25761415168
1787409867079154662	file	cohort-c6010002-ordinal-0001/semantic-cache.fp2	536870912
1787409868090161251	io	read_bytes	51539628032
1787409868090161251	io	write_bytes	87745544192
1787409868090161251	status	VmHWM_bytes	15919861760
1787409868090161251	status	VmRSS_bytes	12116979712
1787409868090161251	cpu	utime_ticks	20296
1787409868090161251	cpu	stime_ticks	7383
1787409868090161251	directory	wrapper	1
1787409868090161251	file	cohort-c6010001-ordinal-0000/coefficients.fp2	4294967296
1787409868090161251	file	cohort-c6010001-ordinal-0000/manifest.c6wsp1	180
1787409868090161251	file	cohort-c6010001-ordinal-0000/oracle.fp2	34359738368
1787409868090161251	file	cohort-c6010001-ordinal-0000/root.digest	32
1787409868090161251	file	cohort-c6010001-ordinal-0000/semantic-cache.fp2	536870912
1787409868090161251	file	cohort-c6010002-ordinal-0001/coefficients.fp2	3749707776
1787409868090161251	file	cohort-c6010002-ordinal-0001/oracle.fp2	25761415168
1787409868090161251	file	cohort-c6010002-ordinal-0001/semantic-cache.fp2	536870912
1787409869105605848	io	read_bytes	51539628032
1787409869105605848	io	write_bytes	87745544192
1787409869105605848	status	VmHWM_bytes	15919861760
1787409869105605848	status	VmRSS_bytes	13792432128
1787409869105605848	cpu	utime_ticks	20344
1787409869105605848	cpu	stime_ticks	7438
1787409869105605848	directory	wrapper	1
1787409869105605848	file	cohort-c6010001-ordinal-0000/coefficients.fp2	4294967296
1787409869105605848	file	cohort-c6010001-ordinal-0000/manifest.c6wsp1	180
1787409869105605848	file	cohort-c6010001-ordinal-0000/oracle.fp2	34359738368
1787409869105605848	file	cohort-c6010001-ordinal-0000/root.digest	32
1787409869105605848	file	cohort-c6010001-ordinal-0000/semantic-cache.fp2	536870912
1787409869105605848	file	cohort-c6010002-ordinal-0001/coefficients.fp2	3749707776
1787409869105605848	file	cohort-c6010002-ordinal-0001/oracle.fp2	25761415168
1787409869105605848	file	cohort-c6010002-ordinal-0001/semantic-cache.fp2	536870912
1787409870114953575	io	read_bytes	51539628032
1787409870114953575	io	write_bytes	89163218944
1787409870114953575	status	VmHWM_bytes	15919861760
1787409870114953575	status	VmRSS_bytes	13255557120
1787409870114953575	cpu	utime_ticks	20425
1787409870114953575	cpu	stime_ticks	7459
1787409870114953575	directory	wrapper	1
1787409870114953575	file	cohort-c6010001-ordinal-0000/coefficients.fp2	4294967296
1787409870114953575	file	cohort-c6010001-ordinal-0000/manifest.c6wsp1	180
1787409870114953575	file	cohort-c6010001-ordinal-0000/oracle.fp2	34359738368
1787409870114953575	file	cohort-c6010001-ordinal-0000/root.digest	32
1787409870114953575	file	cohort-c6010001-ordinal-0000/semantic-cache.fp2	536870912
1787409870114953575	file	cohort-c6010002-ordinal-0001/coefficients.fp2	3749707776
1787409870114953575	file	cohort-c6010002-ordinal-0001/oracle.fp2	27200061440
1787409870114953575	file	cohort-c6010002-ordinal-0001/semantic-cache.fp2	536870912
1787409871124671622	io	read_bytes	51539628032
1787409871124671622	io	write_bytes	92040511488
1787409871124671622	status	VmHWM_bytes	15919861760
1787409871124671622	status	VmRSS_bytes	10951622656
1787409871124671622	cpu	utime_ticks	20462
1787409871124671622	cpu	stime_ticks	7506
1787409871124671622	directory	wrapper	1
1787409871124671622	file	cohort-c6010001-ordinal-0000/coefficients.fp2	4294967296
1787409871124671622	file	cohort-c6010001-ordinal-0000/manifest.c6wsp1	180
1787409871124671622	file	cohort-c6010001-ordinal-0000/oracle.fp2	34359738368
1787409871124671622	file	cohort-c6010001-ordinal-0000/root.digest	32
1787409871124671622	file	cohort-c6010001-ordinal-0000/semantic-cache.fp2	536870912
1787409871124671622	file	cohort-c6010002-ordinal-0001/coefficients.fp2	3749707776
1787409871124671622	file	cohort-c6010002-ordinal-0001/oracle.fp2	30056382464
1787409871124671622	file	cohort-c6010002-ordinal-0001/semantic-cache.fp2	536870912
1787409872135423470	io	read_bytes	51539628032
1787409872135423470	io	write_bytes	92577382400
1787409872135423470	status	VmHWM_bytes	15919861760
1787409872135423470	status	VmRSS_bytes	11042742272
1787409872135423470	cpu	utime_ticks	20482
1787409872135423470	cpu	stime_ticks	7587
1787409872135423470	directory	wrapper	1
1787409872135423470	file	cohort-c6010001-ordinal-0000/coefficients.fp2	4294967296
1787409872135423470	file	cohort-c6010001-ordinal-0000/manifest.c6wsp1	180
1787409872135423470	file	cohort-c6010001-ordinal-0000/oracle.fp2	34359738368
1787409872135423470	file	cohort-c6010001-ordinal-0000/root.digest	32
1787409872135423470	file	cohort-c6010001-ordinal-0000/semantic-cache.fp2	536870912
1787409872135423470	file	cohort-c6010002-ordinal-0001/coefficients.fp2	4286578688
1787409872135423470	file	cohort-c6010002-ordinal-0001/oracle.fp2	30056382464
1787409872135423470	file	cohort-c6010002-ordinal-0001/semantic-cache.fp2	536870912
1787409873145836788	io	read_bytes	51539628032
1787409873145836788	io	write_bytes	92577382400
1787409873145836788	status	VmHWM_bytes	15919861760
1787409873145836788	status	VmRSS_bytes	13792432128
1787409873145836788	cpu	utime_ticks	20510
1787409873145836788	cpu	stime_ticks	7660
1787409873145836788	directory	wrapper	1
1787409873145836788	file	cohort-c6010001-ordinal-0000/coefficients.fp2	4294967296
1787409873145836788	file	cohort-c6010001-ordinal-0000/manifest.c6wsp1	180
1787409873145836788	file	cohort-c6010001-ordinal-0000/oracle.fp2	34359738368
1787409873145836788	file	cohort-c6010001-ordinal-0000/root.digest	32
1787409873145836788	file	cohort-c6010001-ordinal-0000/semantic-cache.fp2	536870912
1787409873145836788	file	cohort-c6010002-ordinal-0001/coefficients.fp2	4286578688
1787409873145836788	file	cohort-c6010002-ordinal-0001/oracle.fp2	30056382464
1787409873145836788	file	cohort-c6010002-ordinal-0001/semantic-cache.fp2	536870912
1787409874156873554	io	read_bytes	51539628032
1787409874156873554	io	write_bytes	93030367232
1787409874156873554	status	VmHWM_bytes	15919861760
1787409874156873554	status	VmRSS_bytes	13255557120
1787409874156873554	cpu	utime_ticks	20602
1787409874156873554	cpu	stime_ticks	7670
1787409874156873554	directory	wrapper	1
1787409874156873554	file	cohort-c6010001-ordinal-0000/coefficients.fp2	4294967296
1787409874156873554	file	cohort-c6010001-ordinal-0000/manifest.c6wsp1	180
1787409874156873554	file	cohort-c6010001-ordinal-0000/oracle.fp2	34359738368
1787409874156873554	file	cohort-c6010001-ordinal-0000/root.digest	32
1787409874156873554	file	cohort-c6010001-ordinal-0000/semantic-cache.fp2	536870912
1787409874156873554	file	cohort-c6010002-ordinal-0001/coefficients.fp2	4286578688
1787409874156873554	file	cohort-c6010002-ordinal-0001/oracle.fp2	30534533120
1787409874156873554	file	cohort-c6010002-ordinal-0001/semantic-cache.fp2	536870912
1787409875167383927	io	read_bytes	51539628032
1787409875167383927	io	write_bytes	96530513920
1787409875167383927	status	VmHWM_bytes	15919861760
1787409875167383927	status	VmRSS_bytes	13255557120
1787409875167383927	cpu	utime_ticks	20649
1787409875167383927	cpu	stime_ticks	7711
1787409875167383927	directory	wrapper	1
1787409875167383927	file	cohort-c6010001-ordinal-0000/coefficients.fp2	4294967296
1787409875167383927	file	cohort-c6010001-ordinal-0000/manifest.c6wsp1	180
1787409875167383927	file	cohort-c6010001-ordinal-0000/oracle.fp2	34359738368
1787409875167383927	file	cohort-c6010001-ordinal-0000/root.digest	32
1787409875167383927	file	cohort-c6010001-ordinal-0000/semantic-cache.fp2	536870912
1787409875167383927	file	cohort-c6010002-ordinal-0001/coefficients.fp2	4286578688
1787409875167383927	file	cohort-c6010002-ordinal-0001/oracle.fp2	34028388352
1787409875167383927	file	cohort-c6010002-ordinal-0001/semantic-cache.fp2	536870912
1787409876177195399	io	read_bytes	51767169024
1787409876177195399	io	write_bytes	96931069952
1787409876177195399	status	VmHWM_bytes	15919861760
1787409876177195399	status	VmRSS_bytes	8960585728
1787409876177195399	cpu	utime_ticks	20664
1787409876177195399	cpu	stime_ticks	7750
1787409876177195399	directory	wrapper	1
1787409876177195399	file	cohort-c6010001-ordinal-0000/coefficients.fp2	4294967296
1787409876177195399	file	cohort-c6010001-ordinal-0000/manifest.c6wsp1	180
1787409876177195399	file	cohort-c6010001-ordinal-0000/oracle.fp2	34359738368
1787409876177195399	file	cohort-c6010001-ordinal-0000/root.digest	32
1787409876177195399	file	cohort-c6010001-ordinal-0000/semantic-cache.fp2	536870912
1787409876177195399	file	cohort-c6010002-ordinal-0001/coefficients.fp2	4294967296
1787409876177195399	file	cohort-c6010002-ordinal-0001/oracle.fp2	34359738368
1787409876177195399	file	cohort-c6010002-ordinal-0001/semantic-cache.fp2	536870912
1787409876177195399	file	cohort-c6010002-ordinal-0001/staging/x4b-4659-2-3334471681-0-0-outer-0.bin	41943040
1787409877188397508	io	read_bytes	52413091840
1787409877188397508	io	write_bytes	97082064896
1787409877188397508	status	VmHWM_bytes	15919861760
1787409877188397508	status	VmRSS_bytes	8960585728
1787409877188397508	cpu	utime_ticks	20691
1787409877188397508	cpu	stime_ticks	7756
1787409877188397508	directory	wrapper	1
1787409877188397508	file	cohort-c6010001-ordinal-0000/coefficients.fp2	4294967296
1787409877188397508	file	cohort-c6010001-ordinal-0000/manifest.c6wsp1	180
1787409877188397508	file	cohort-c6010001-ordinal-0000/oracle.fp2	34359738368
1787409877188397508	file	cohort-c6010001-ordinal-0000/root.digest	32
1787409877188397508	file	cohort-c6010001-ordinal-0000/semantic-cache.fp2	536870912
1787409877188397508	file	cohort-c6010002-ordinal-0001/coefficients.fp2	4294967296
1787409877188397508	file	cohort-c6010002-ordinal-0001/oracle.fp2	34359738368
1787409877188397508	file	cohort-c6010002-ordinal-0001/semantic-cache.fp2	536870912
1787409877188397508	file	cohort-c6010002-ordinal-0001/staging/x4b-4659-2-3334471681-0-0-outer-0.bin	192937984
1787409878198236392	io	read_bytes	53065830400
1787409878198236392	io	write_bytes	97249837056
1787409878198236392	status	VmHWM_bytes	15919861760
1787409878198236392	status	VmRSS_bytes	8960585728
1787409878198236392	cpu	utime_ticks	20719
1787409878198236392	cpu	stime_ticks	7762
1787409878198236392	directory	wrapper	1
1787409878198236392	file	cohort-c6010001-ordinal-0000/coefficients.fp2	4294967296
1787409878198236392	file	cohort-c6010001-ordinal-0000/manifest.c6wsp1	180
1787409878198236392	file	cohort-c6010001-ordinal-0000/oracle.fp2	34359738368
1787409878198236392	file	cohort-c6010001-ordinal-0000/root.digest	32
1787409878198236392	file	cohort-c6010001-ordinal-0000/semantic-cache.fp2	536870912
1787409878198236392	file	cohort-c6010002-ordinal-0001/coefficients.fp2	4294967296
1787409878198236392	file	cohort-c6010002-ordinal-0001/oracle.fp2	34359738368
1787409878198236392	file	cohort-c6010002-ordinal-0001/semantic-cache.fp2	536870912
1787409878198236392	file	cohort-c6010002-ordinal-0001/staging/x4b-4659-2-3334471681-0-0-outer-0.bin	360710144
1787409879206941757	io	read_bytes	53702447104
1787409879206941757	io	write_bytes	97417609216
1787409879206941757	status	VmHWM_bytes	15919861760
1787409879206941757	status	VmRSS_bytes	8960585728
1787409879206941757	cpu	utime_ticks	20736
1787409879206941757	cpu	stime_ticks	7781
1787409879206941757	directory	wrapper	1
1787409879206941757	file	cohort-c6010001-ordinal-0000/coefficients.fp2	4294967296
1787409879206941757	file	cohort-c6010001-ordinal-0000/manifest.c6wsp1	180
1787409879206941757	file	cohort-c6010001-ordinal-0000/oracle.fp2	34359738368
1787409879206941757	file	cohort-c6010001-ordinal-0000/root.digest	32
1787409879206941757	file	cohort-c6010001-ordinal-0000/semantic-cache.fp2	536870912
1787409879206941757	file	cohort-c6010002-ordinal-0001/coefficients.fp2	4294967296
1787409879206941757	file	cohort-c6010002-ordinal-0001/oracle.fp2	34359738368
1787409879206941757	file	cohort-c6010002-ordinal-0001/semantic-cache.fp2	536870912
1787409879206941757	file	cohort-c6010002-ordinal-0001/staging/x4b-4659-2-3334471681-0-0-outer-0.bin	528482304
1787409880215831139	io	read_bytes	54359248896
1787409880215831139	io	write_bytes	97568604160
1787409880215831139	status	VmHWM_bytes	15919861760
1787409880215831139	status	VmRSS_bytes	8960585728
1787409880215831139	cpu	utime_ticks	20747
1787409880215831139	cpu	stime_ticks	7805
1787409880215831139	directory	wrapper	1
1787409880215831139	file	cohort-c6010001-ordinal-0000/coefficients.fp2	4294967296
1787409880215831139	file	cohort-c6010001-ordinal-0000/manifest.c6wsp1	180
1787409880215831139	file	cohort-c6010001-ordinal-0000/oracle.fp2	34359738368
1787409880215831139	file	cohort-c6010001-ordinal-0000/root.digest	32
1787409880215831139	file	cohort-c6010001-ordinal-0000/semantic-cache.fp2	536870912
1787409880215831139	file	cohort-c6010002-ordinal-0001/coefficients.fp2	4294967296
1787409880215831139	file	cohort-c6010002-ordinal-0001/oracle.fp2	34359738368
1787409880215831139	file	cohort-c6010002-ordinal-0001/semantic-cache.fp2	536870912
1787409880215831139	file	cohort-c6010002-ordinal-0001/staging/x4b-4659-2-3334471681-0-0-outer-0.bin	687865856
1787409881225593249	io	read_bytes	55021948928
1787409881225593249	io	write_bytes	97736376320
1787409881225593249	status	VmHWM_bytes	15919861760
1787409881225593249	status	VmRSS_bytes	8960585728
1787409881225593249	cpu	utime_ticks	20774
1787409881225593249	cpu	stime_ticks	7811
1787409881225593249	directory	wrapper	1
1787409881225593249	file	cohort-c6010001-ordinal-0000/coefficients.fp2	4294967296
1787409881225593249	file	cohort-c6010001-ordinal-0000/manifest.c6wsp1	180
1787409881225593249	file	cohort-c6010001-ordinal-0000/oracle.fp2	34359738368
1787409881225593249	file	cohort-c6010001-ordinal-0000/root.digest	32
1787409881225593249	file	cohort-c6010001-ordinal-0000/semantic-cache.fp2	536870912
1787409881225593249	file	cohort-c6010002-ordinal-0001/coefficients.fp2	4294967296
1787409881225593249	file	cohort-c6010002-ordinal-0001/oracle.fp2	34359738368
1787409881225593249	file	cohort-c6010002-ordinal-0001/semantic-cache.fp2	536870912
1787409881225593249	file	cohort-c6010002-ordinal-0001/staging/x4b-4659-2-3334471681-0-0-outer-0.bin	847249408
1787409882234689842	io	read_bytes	55673376768
1787409882234689842	io	write_bytes	97904148480
1787409882234689842	status	VmHWM_bytes	15919861760
1787409882234689842	status	VmRSS_bytes	8960585728
1787409882234689842	cpu	utime_ticks	20803
1787409882234689842	cpu	stime_ticks	7816
1787409882234689842	directory	wrapper	1
1787409882234689842	file	cohort-c6010001-ordinal-0000/coefficients.fp2	4294967296
1787409882234689842	file	cohort-c6010001-ordinal-0000/manifest.c6wsp1	180
1787409882234689842	file	cohort-c6010001-ordinal-0000/oracle.fp2	34359738368
1787409882234689842	file	cohort-c6010001-ordinal-0000/root.digest	32
1787409882234689842	file	cohort-c6010001-ordinal-0000/semantic-cache.fp2	536870912
1787409882234689842	file	cohort-c6010002-ordinal-0001/coefficients.fp2	4294967296
1787409882234689842	file	cohort-c6010002-ordinal-0001/oracle.fp2	34359738368
1787409882234689842	file	cohort-c6010002-ordinal-0001/semantic-cache.fp2	536870912
1787409882234689842	file	cohort-c6010002-ordinal-0001/staging/x4b-4659-2-3334471681-0-0-outer-0.bin	1015021568
1787409883244403080	io	read_bytes	56325328896
1787409883244403080	io	write_bytes	98071920640
1787409883244403080	status	VmHWM_bytes	15919861760
1787409883244403080	status	VmRSS_bytes	8960585728
1787409883244403080	cpu	utime_ticks	20832
1787409883244403080	cpu	stime_ticks	7821
1787409883244403080	directory	wrapper	1
1787409883244403080	file	cohort-c6010001-ordinal-0000/coefficients.fp2	4294967296
1787409883244403080	file	cohort-c6010001-ordinal-0000/manifest.c6wsp1	180
1787409883244403080	file	cohort-c6010001-ordinal-0000/oracle.fp2	34359738368
1787409883244403080	file	cohort-c6010001-ordinal-0000/root.digest	32
1787409883244403080	file	cohort-c6010001-ordinal-0000/semantic-cache.fp2	536870912
1787409883244403080	file	cohort-c6010002-ordinal-0001/coefficients.fp2	4294967296
1787409883244403080	file	cohort-c6010002-ordinal-0001/oracle.fp2	34359738368
1787409883244403080	file	cohort-c6010002-ordinal-0001/semantic-cache.fp2	536870912
1787409883244403080	file	cohort-c6010002-ordinal-0001/staging/x4b-4659-2-3334471681-0-0-outer-0.bin	1182793728
1787409884253169470	io	read_bytes	56976494592
1787409884253169470	io	write_bytes	98222915584
1787409884253169470	status	VmHWM_bytes	15919861760
1787409884253169470	status	VmRSS_bytes	8960585728
1787409884253169470	cpu	utime_ticks	20860
1787409884253169470	cpu	stime_ticks	7827
1787409884253169470	directory	wrapper	1
1787409884253169470	file	cohort-c6010001-ordinal-0000/coefficients.fp2	4294967296
1787409884253169470	file	cohort-c6010001-ordinal-0000/manifest.c6wsp1	180
1787409884253169470	file	cohort-c6010001-ordinal-0000/oracle.fp2	34359738368
1787409884253169470	file	cohort-c6010001-ordinal-0000/root.digest	32
1787409884253169470	file	cohort-c6010001-ordinal-0000/semantic-cache.fp2	536870912
1787409884253169470	file	cohort-c6010002-ordinal-0001/coefficients.fp2	4294967296
1787409884253169470	file	cohort-c6010002-ordinal-0001/oracle.fp2	34359738368
1787409884253169470	file	cohort-c6010002-ordinal-0001/semantic-cache.fp2	536870912
1787409884253169470	file	cohort-c6010002-ordinal-0001/staging/x4b-4659-2-3334471681-0-0-outer-0.bin	1344274432
1787409885264816739	io	read_bytes	57636573184
1787409885264816739	io	write_bytes	98390687744
1787409885264816739	status	VmHWM_bytes	15919861760
1787409885264816739	status	VmRSS_bytes	8960585728
1787409885264816739	cpu	utime_ticks	20871
1787409885264816739	cpu	stime_ticks	7850
1787409885264816739	directory	wrapper	1
1787409885264816739	file	cohort-c6010001-ordinal-0000/coefficients.fp2	4294967296
1787409885264816739	file	cohort-c6010001-ordinal-0000/manifest.c6wsp1	180
1787409885264816739	file	cohort-c6010001-ordinal-0000/oracle.fp2	34359738368
1787409885264816739	file	cohort-c6010001-ordinal-0000/root.digest	32
1787409885264816739	file	cohort-c6010001-ordinal-0000/semantic-cache.fp2	536870912
1787409885264816739	file	cohort-c6010002-ordinal-0001/coefficients.fp2	4294967296
1787409885264816739	file	cohort-c6010002-ordinal-0001/oracle.fp2	34359738368
1787409885264816739	file	cohort-c6010002-ordinal-0001/semantic-cache.fp2	536870912
1787409885264816739	file	cohort-c6010002-ordinal-0001/staging/x4b-4659-2-3334471681-0-0-outer-0.bin	1501560832
1787409886274616370	io	read_bytes	58231377920
1787409886274616370	io	write_bytes	98541682688
1787409886274616370	status	VmHWM_bytes	15919861760
1787409886274616370	status	VmRSS_bytes	8960585728
1787409886274616370	cpu	utime_ticks	20887
1787409886274616370	cpu	stime_ticks	7866
1787409886274616370	directory	wrapper	1
1787409886274616370	file	cohort-c6010001-ordinal-0000/coefficients.fp2	4294967296
1787409886274616370	file	cohort-c6010001-ordinal-0000/manifest.c6wsp1	180
1787409886274616370	file	cohort-c6010001-ordinal-0000/oracle.fp2	34359738368
1787409886274616370	file	cohort-c6010001-ordinal-0000/root.digest	32
1787409886274616370	file	cohort-c6010001-ordinal-0000/semantic-cache.fp2	536870912
1787409886274616370	file	cohort-c6010002-ordinal-0001/coefficients.fp2	4294967296
1787409886274616370	file	cohort-c6010002-ordinal-0001/oracle.fp2	34359738368
1787409886274616370	file	cohort-c6010002-ordinal-0001/semantic-cache.fp2	536870912
1787409886274616370	file	cohort-c6010002-ordinal-0001/staging/x4b-4659-2-3334471681-0-0-outer-0.bin	1652555776
1787409887284845401	io	read_bytes	58808356864
1787409887284845401	io	write_bytes	98692677632
1787409887284845401	status	VmHWM_bytes	15919861760
1787409887284845401	status	VmRSS_bytes	8960585728
1787409887284845401	cpu	utime_ticks	20914
1787409887284845401	cpu	stime_ticks	7872
1787409887284845401	directory	wrapper	1
1787409887284845401	file	cohort-c6010001-ordinal-0000/coefficients.fp2	4294967296
1787409887284845401	file	cohort-c6010001-ordinal-0000/manifest.c6wsp1	180
1787409887284845401	file	cohort-c6010001-ordinal-0000/oracle.fp2	34359738368
1787409887284845401	file	cohort-c6010001-ordinal-0000/root.digest	32
1787409887284845401	file	cohort-c6010001-ordinal-0000/semantic-cache.fp2	536870912
1787409887284845401	file	cohort-c6010002-ordinal-0001/coefficients.fp2	4294967296
1787409887284845401	file	cohort-c6010002-ordinal-0001/oracle.fp2	34359738368
1787409887284845401	file	cohort-c6010002-ordinal-0001/semantic-cache.fp2	536870912
1787409887284845401	file	cohort-c6010002-ordinal-0001/staging/x4b-4659-2-3334471681-0-0-outer-0.bin	1803550720
1787409888296351152	io	read_bytes	59459522560
1787409888296351152	io	write_bytes	98843672576
1787409888296351152	status	VmHWM_bytes	15919861760
1787409888296351152	status	VmRSS_bytes	8960585728
1787409888296351152	cpu	utime_ticks	20944
1787409888296351152	cpu	stime_ticks	7877
1787409888296351152	directory	wrapper	1
1787409888296351152	file	cohort-c6010001-ordinal-0000/coefficients.fp2	4294967296
1787409888296351152	file	cohort-c6010001-ordinal-0000/manifest.c6wsp1	180
1787409888296351152	file	cohort-c6010001-ordinal-0000/oracle.fp2	34359738368
1787409888296351152	file	cohort-c6010001-ordinal-0000/root.digest	32
1787409888296351152	file	cohort-c6010001-ordinal-0000/semantic-cache.fp2	536870912
1787409888296351152	file	cohort-c6010002-ordinal-0001/coefficients.fp2	4294967296
1787409888296351152	file	cohort-c6010002-ordinal-0001/oracle.fp2	34359738368
1787409888296351152	file	cohort-c6010002-ordinal-0001/semantic-cache.fp2	536870912
1787409888296351152	file	cohort-c6010002-ordinal-0001/staging/x4b-4659-2-3334471681-0-0-outer-0.bin	1954545664
1787409889306830405	io	read_bytes	60121174016
1787409889306830405	io	write_bytes	99011444736
1787409889306830405	status	VmHWM_bytes	15919861760
1787409889306830405	status	VmRSS_bytes	8960585728
1787409889306830405	cpu	utime_ticks	20972
1787409889306830405	cpu	stime_ticks	7882
1787409889306830405	directory	wrapper	1
1787409889306830405	file	cohort-c6010001-ordinal-0000/coefficients.fp2	4294967296
1787409889306830405	file	cohort-c6010001-ordinal-0000/manifest.c6wsp1	180
1787409889306830405	file	cohort-c6010001-ordinal-0000/oracle.fp2	34359738368
1787409889306830405	file	cohort-c6010001-ordinal-0000/root.digest	32
1787409889306830405	file	cohort-c6010001-ordinal-0000/semantic-cache.fp2	536870912
1787409889306830405	file	cohort-c6010002-ordinal-0001/coefficients.fp2	4294967296
1787409889306830405	file	cohort-c6010002-ordinal-0001/oracle.fp2	34359738368
1787409889306830405	file	cohort-c6010002-ordinal-0001/semantic-cache.fp2	536870912
1787409889306830405	file	cohort-c6010002-ordinal-0001/staging/x4b-4659-2-3334471681-0-0-outer-0.bin	2122317824
1787409890316950962	io	read_bytes	60775485440
1787409890316950962	io	write_bytes	99179216896
1787409890316950962	status	VmHWM_bytes	15919861760
1787409890316950962	status	VmRSS_bytes	8960585728
1787409890316950962	cpu	utime_ticks	20992
1787409890316950962	cpu	stime_ticks	7896
1787409890316950962	directory	wrapper	1
1787409890316950962	file	cohort-c6010001-ordinal-0000/coefficients.fp2	4294967296
1787409890316950962	file	cohort-c6010001-ordinal-0000/manifest.c6wsp1	180
1787409890316950962	file	cohort-c6010001-ordinal-0000/oracle.fp2	34359738368
1787409890316950962	file	cohort-c6010001-ordinal-0000/root.digest	32
1787409890316950962	file	cohort-c6010001-ordinal-0000/semantic-cache.fp2	536870912
1787409890316950962	file	cohort-c6010002-ordinal-0001/coefficients.fp2	4294967296
1787409890316950962	file	cohort-c6010002-ordinal-0001/oracle.fp2	34359738368
1787409890316950962	file	cohort-c6010002-ordinal-0001/semantic-cache.fp2	536870912
1787409890316950962	file	cohort-c6010002-ordinal-0001/staging/x4b-4659-2-3334471681-0-0-outer-0.bin	2290089984
1787409891325773959	io	read_bytes	61405679616
1787409891325773959	io	write_bytes	99338600448
1787409891325773959	status	VmHWM_bytes	15919861760
1787409891325773959	status	VmRSS_bytes	8960585728
1787409891325773959	cpu	utime_ticks	21005
1787409891325773959	cpu	stime_ticks	7920
1787409891325773959	directory	wrapper	1
1787409891325773959	file	cohort-c6010001-ordinal-0000/coefficients.fp2	4294967296
1787409891325773959	file	cohort-c6010001-ordinal-0000/manifest.c6wsp1	180
1787409891325773959	file	cohort-c6010001-ordinal-0000/oracle.fp2	34359738368
1787409891325773959	file	cohort-c6010001-ordinal-0000/root.digest	32
1787409891325773959	file	cohort-c6010001-ordinal-0000/semantic-cache.fp2	536870912
1787409891325773959	file	cohort-c6010002-ordinal-0001/coefficients.fp2	4294967296
1787409891325773959	file	cohort-c6010002-ordinal-0001/oracle.fp2	34359738368
1787409891325773959	file	cohort-c6010002-ordinal-0001/semantic-cache.fp2	536870912
1787409891325773959	file	cohort-c6010002-ordinal-0001/staging/x4b-4659-2-3334471681-0-0-outer-0.bin	2457862144
1787409892334799268	io	read_bytes	61850013696
1787409892334799268	io	write_bytes	99447652352
1787409892334799268	status	VmHWM_bytes	15919861760
1787409892334799268	status	VmRSS_bytes	8960585728
1787409892334799268	cpu	utime_ticks	21020
1787409892334799268	cpu	stime_ticks	7927
1787409892334799268	directory	wrapper	1
1787409892334799268	file	cohort-c6010001-ordinal-0000/coefficients.fp2	4294967296
1787409892334799268	file	cohort-c6010001-ordinal-0000/manifest.c6wsp1	180
1787409892334799268	file	cohort-c6010001-ordinal-0000/oracle.fp2	34359738368
1787409892334799268	file	cohort-c6010001-ordinal-0000/root.digest	32
1787409892334799268	file	cohort-c6010001-ordinal-0000/semantic-cache.fp2	536870912
1787409892334799268	file	cohort-c6010002-ordinal-0001/coefficients.fp2	4294967296
1787409892334799268	file	cohort-c6010002-ordinal-0001/oracle.fp2	34359738368
1787409892334799268	file	cohort-c6010002-ordinal-0001/semantic-cache.fp2	536870912
1787409892334799268	file	cohort-c6010002-ordinal-0001/staging/x4b-4659-2-3334471681-0-0-outer-0.bin	2558525440
1787409893343677769	io	read_bytes	62503800832
1787409893343677769	io	write_bytes	99615424512
1787409893343677769	status	VmHWM_bytes	15919861760
1787409893343677769	status	VmRSS_bytes	8960585728
1787409893343677769	cpu	utime_ticks	21049
1787409893343677769	cpu	stime_ticks	7932
1787409893343677769	directory	wrapper	1
1787409893343677769	file	cohort-c6010001-ordinal-0000/coefficients.fp2	4294967296
1787409893343677769	file	cohort-c6010001-ordinal-0000/manifest.c6wsp1	180
1787409893343677769	file	cohort-c6010001-ordinal-0000/oracle.fp2	34359738368
1787409893343677769	file	cohort-c6010001-ordinal-0000/root.digest	32
1787409893343677769	file	cohort-c6010001-ordinal-0000/semantic-cache.fp2	536870912
1787409893343677769	file	cohort-c6010002-ordinal-0001/coefficients.fp2	4294967296
1787409893343677769	file	cohort-c6010002-ordinal-0001/oracle.fp2	34359738368
1787409893343677769	file	cohort-c6010002-ordinal-0001/semantic-cache.fp2	536870912
1787409893343677769	file	cohort-c6010002-ordinal-0001/staging/x4b-4659-2-3334471681-0-0-outer-0.bin	2726297600
1787409894352690384	io	read_bytes	63150510080
1787409894352690384	io	write_bytes	99783196672
1787409894352690384	status	VmHWM_bytes	15919861760
1787409894352690384	status	VmRSS_bytes	8960585728
1787409894352690384	cpu	utime_ticks	21078
1787409894352690384	cpu	stime_ticks	7938
1787409894352690384	directory	wrapper	1
1787409894352690384	file	cohort-c6010001-ordinal-0000/coefficients.fp2	4294967296
1787409894352690384	file	cohort-c6010001-ordinal-0000/manifest.c6wsp1	180
1787409894352690384	file	cohort-c6010001-ordinal-0000/oracle.fp2	34359738368
1787409894352690384	file	cohort-c6010001-ordinal-0000/root.digest	32
1787409894352690384	file	cohort-c6010001-ordinal-0000/semantic-cache.fp2	536870912
1787409894352690384	file	cohort-c6010002-ordinal-0001/coefficients.fp2	4294967296
1787409894352690384	file	cohort-c6010002-ordinal-0001/oracle.fp2	34359738368
1787409894352690384	file	cohort-c6010002-ordinal-0001/semantic-cache.fp2	536870912
1787409894352690384	file	cohort-c6010002-ordinal-0001/staging/x4b-4659-2-3334471681-0-0-outer-0.bin	2894069760
1787409895361548498	io	read_bytes	63808753664
1787409895361548498	io	write_bytes	99934191616
1787409895361548498	status	VmHWM_bytes	15919861760
1787409895361548498	status	VmRSS_bytes	8960585728
1787409895361548498	cpu	utime_ticks	21105
1787409895361548498	cpu	stime_ticks	7945
1787409895361548498	directory	wrapper	1
1787409895361548498	file	cohort-c6010001-ordinal-0000/coefficients.fp2	4294967296
1787409895361548498	file	cohort-c6010001-ordinal-0000/manifest.c6wsp1	180
1787409895361548498	file	cohort-c6010001-ordinal-0000/oracle.fp2	34359738368
1787409895361548498	file	cohort-c6010001-ordinal-0000/root.digest	32
1787409895361548498	file	cohort-c6010001-ordinal-0000/semantic-cache.fp2	536870912
1787409895361548498	file	cohort-c6010002-ordinal-0001/coefficients.fp2	4294967296
1787409895361548498	file	cohort-c6010002-ordinal-0001/oracle.fp2	34359738368
1787409895361548498	file	cohort-c6010002-ordinal-0001/semantic-cache.fp2	536870912
1787409895361548498	file	cohort-c6010002-ordinal-0001/staging/x4b-4659-2-3334471681-0-0-outer-0.bin	3045064704
1787409896371069752	io	read_bytes	64461099008
1787409896371069752	io	write_bytes	100101963776
1787409896371069752	status	VmHWM_bytes	15919861760
1787409896371069752	status	VmRSS_bytes	8960585728
1787409896371069752	cpu	utime_ticks	21119
1787409896371069752	cpu	stime_ticks	7965
1787409896371069752	directory	wrapper	1
1787409896371069752	file	cohort-c6010001-ordinal-0000/coefficients.fp2	4294967296
1787409896371069752	file	cohort-c6010001-ordinal-0000/manifest.c6wsp1	180
1787409896371069752	file	cohort-c6010001-ordinal-0000/oracle.fp2	34359738368
1787409896371069752	file	cohort-c6010001-ordinal-0000/root.digest	32
1787409896371069752	file	cohort-c6010001-ordinal-0000/semantic-cache.fp2	536870912
1787409896371069752	file	cohort-c6010002-ordinal-0001/coefficients.fp2	4294967296
1787409896371069752	file	cohort-c6010002-ordinal-0001/oracle.fp2	34359738368
1787409896371069752	file	cohort-c6010002-ordinal-0001/semantic-cache.fp2	536870912
1787409896371069752	file	cohort-c6010002-ordinal-0001/staging/x4b-4659-2-3334471681-0-0-outer-0.bin	3212836864
1787409897381221047	io	read_bytes	65105317888
1787409897381221047	io	write_bytes	100269735936
1787409897381221047	status	VmHWM_bytes	15919861760
1787409897381221047	status	VmRSS_bytes	8960585728
1787409897381221047	cpu	utime_ticks	21136
1787409897381221047	cpu	stime_ticks	7983
1787409897381221047	directory	wrapper	1
1787409897381221047	file	cohort-c6010001-ordinal-0000/coefficients.fp2	4294967296
1787409897381221047	file	cohort-c6010001-ordinal-0000/manifest.c6wsp1	180
1787409897381221047	file	cohort-c6010001-ordinal-0000/oracle.fp2	34359738368
1787409897381221047	file	cohort-c6010001-ordinal-0000/root.digest	32
1787409897381221047	file	cohort-c6010001-ordinal-0000/semantic-cache.fp2	536870912
1787409897381221047	file	cohort-c6010002-ordinal-0001/coefficients.fp2	4294967296
1787409897381221047	file	cohort-c6010002-ordinal-0001/oracle.fp2	34359738368
1787409897381221047	file	cohort-c6010002-ordinal-0001/semantic-cache.fp2	536870912
1787409897381221047	file	cohort-c6010002-ordinal-0001/staging/x4b-4659-2-3334471681-0-0-outer-0.bin	3380609024
1787409898391449677	io	read_bytes	65767755776
1787409898391449677	io	write_bytes	100420730880
1787409898391449677	status	VmHWM_bytes	15919861760
1787409898391449677	status	VmRSS_bytes	8960585728
1787409898391449677	cpu	utime_ticks	21165
1787409898391449677	cpu	stime_ticks	7988
1787409898391449677	directory	wrapper	1
1787409898391449677	file	cohort-c6010001-ordinal-0000/coefficients.fp2	4294967296
1787409898391449677	file	cohort-c6010001-ordinal-0000/manifest.c6wsp1	180
1787409898391449677	file	cohort-c6010001-ordinal-0000/oracle.fp2	34359738368
1787409898391449677	file	cohort-c6010001-ordinal-0000/root.digest	32
1787409898391449677	file	cohort-c6010001-ordinal-0000/semantic-cache.fp2	536870912
1787409898391449677	file	cohort-c6010002-ordinal-0001/coefficients.fp2	4294967296
1787409898391449677	file	cohort-c6010002-ordinal-0001/oracle.fp2	34359738368
1787409898391449677	file	cohort-c6010002-ordinal-0001/semantic-cache.fp2	536870912
1787409898391449677	file	cohort-c6010002-ordinal-0001/staging/x4b-4659-2-3334471681-0-0-outer-0.bin	3531603968
1787409899402346048	io	read_bytes	66421542912
1787409899402346048	io	write_bytes	100588503040
1787409899402346048	status	VmHWM_bytes	15919861760
1787409899402346048	status	VmRSS_bytes	8960585728
1787409899402346048	cpu	utime_ticks	21193
1787409899402346048	cpu	stime_ticks	7993
1787409899402346048	directory	wrapper	1
1787409899402346048	file	cohort-c6010001-ordinal-0000/coefficients.fp2	4294967296
1787409899402346048	file	cohort-c6010001-ordinal-0000/manifest.c6wsp1	180
1787409899402346048	file	cohort-c6010001-ordinal-0000/oracle.fp2	34359738368
1787409899402346048	file	cohort-c6010001-ordinal-0000/root.digest	32
1787409899402346048	file	cohort-c6010001-ordinal-0000/semantic-cache.fp2	536870912
1787409899402346048	file	cohort-c6010002-ordinal-0001/coefficients.fp2	4294967296
1787409899402346048	file	cohort-c6010002-ordinal-0001/oracle.fp2	34359738368
1787409899402346048	file	cohort-c6010002-ordinal-0001/semantic-cache.fp2	536870912
1787409899402346048	file	cohort-c6010002-ordinal-0001/staging/x4b-4659-2-3334471681-0-0-outer-0.bin	3699376128
1787409900411950710	io	read_bytes	67071397888
1787409900411950710	io	write_bytes	100756275200
1787409900411950710	status	VmHWM_bytes	15919861760
1787409900411950710	status	VmRSS_bytes	8960585728
1787409900411950710	cpu	utime_ticks	21222
1787409900411950710	cpu	stime_ticks	7999
1787409900411950710	directory	wrapper	1
1787409900411950710	file	cohort-c6010001-ordinal-0000/coefficients.fp2	4294967296
1787409900411950710	file	cohort-c6010001-ordinal-0000/manifest.c6wsp1	180
1787409900411950710	file	cohort-c6010001-ordinal-0000/oracle.fp2	34359738368
1787409900411950710	file	cohort-c6010001-ordinal-0000/root.digest	32
1787409900411950710	file	cohort-c6010001-ordinal-0000/semantic-cache.fp2	536870912
1787409900411950710	file	cohort-c6010002-ordinal-0001/coefficients.fp2	4294967296
1787409900411950710	file	cohort-c6010002-ordinal-0001/oracle.fp2	34359738368
1787409900411950710	file	cohort-c6010002-ordinal-0001/semantic-cache.fp2	536870912
1787409900411950710	file	cohort-c6010002-ordinal-0001/staging/x4b-4659-2-3334471681-0-0-outer-0.bin	3867148288
1787409901421214469	io	read_bytes	67720466432
1787409901421214469	io	write_bytes	100924047360
1787409901421214469	status	VmHWM_bytes	15919861760
1787409901421214469	status	VmRSS_bytes	8960585728
1787409901421214469	cpu	utime_ticks	21244
1787409901421214469	cpu	stime_ticks	8011
1787409901421214469	directory	wrapper	1
1787409901421214469	file	cohort-c6010001-ordinal-0000/coefficients.fp2	4294967296
1787409901421214469	file	cohort-c6010001-ordinal-0000/manifest.c6wsp1	180
1787409901421214469	file	cohort-c6010001-ordinal-0000/oracle.fp2	34359738368
1787409901421214469	file	cohort-c6010001-ordinal-0000/root.digest	32
1787409901421214469	file	cohort-c6010001-ordinal-0000/semantic-cache.fp2	536870912
1787409901421214469	file	cohort-c6010002-ordinal-0001/coefficients.fp2	4294967296
1787409901421214469	file	cohort-c6010002-ordinal-0001/oracle.fp2	34359738368
1787409901421214469	file	cohort-c6010002-ordinal-0001/semantic-cache.fp2	536870912
1787409901421214469	file	cohort-c6010002-ordinal-0001/staging/x4b-4659-2-3334471681-0-0-outer-0.bin	4034920448
1787409902431398045	io	read_bytes	68385001472
1787409902431398045	io	write_bytes	101075042304
1787409902431398045	status	VmHWM_bytes	15919861760
1787409902431398045	status	VmRSS_bytes	8960585728
1787409902431398045	cpu	utime_ticks	21254
1787409902431398045	cpu	stime_ticks	8034
1787409902431398045	directory	wrapper	1
1787409902431398045	file	cohort-c6010001-ordinal-0000/coefficients.fp2	4294967296
1787409902431398045	file	cohort-c6010001-ordinal-0000/manifest.c6wsp1	180
1787409902431398045	file	cohort-c6010001-ordinal-0000/oracle.fp2	34359738368
1787409902431398045	file	cohort-c6010001-ordinal-0000/root.digest	32
1787409902431398045	file	cohort-c6010001-ordinal-0000/semantic-cache.fp2	536870912
1787409902431398045	file	cohort-c6010002-ordinal-0001/coefficients.fp2	4294967296
1787409902431398045	file	cohort-c6010002-ordinal-0001/oracle.fp2	34359738368
1787409902431398045	file	cohort-c6010002-ordinal-0001/semantic-cache.fp2	536870912
1787409902431398045	file	cohort-c6010002-ordinal-0001/staging/x4b-4659-2-3334471681-0-0-outer-0.bin	4185915392
1787409903441350423	io	read_bytes	68812820480
1787409903441350423	io	write_bytes	101192482816
1787409903441350423	status	VmHWM_bytes	15919861760
1787409903441350423	status	VmRSS_bytes	8960585728
1787409903441350423	cpu	utime_ticks	21271
1787409903441350423	cpu	stime_ticks	8041
1787409903441350423	directory	wrapper	1
1787409903441350423	file	cohort-c6010001-ordinal-0000/coefficients.fp2	4294967296
1787409903441350423	file	cohort-c6010001-ordinal-0000/manifest.c6wsp1	180
1787409903441350423	file	cohort-c6010001-ordinal-0000/oracle.fp2	34359738368
1787409903441350423	file	cohort-c6010001-ordinal-0000/root.digest	32
1787409903441350423	file	cohort-c6010001-ordinal-0000/semantic-cache.fp2	536870912
1787409903441350423	file	cohort-c6010002-ordinal-0001/coefficients.fp2	4294967296
1787409903441350423	file	cohort-c6010002-ordinal-0001/oracle.fp2	34359738368
1787409903441350423	file	cohort-c6010002-ordinal-0001/semantic-cache.fp2	536870912
1787409903441350423	file	cohort-c6010002-ordinal-0001/staging/x4b-4659-2-3334471681-0-0-outer-0.bin	4303355904
1787409904451222421	io	read_bytes	69463461888
1787409904451222421	io	write_bytes	101360254976
1787409904451222421	status	VmHWM_bytes	15919861760
1787409904451222421	status	VmRSS_bytes	8960585728
1787409904451222421	cpu	utime_ticks	21301
1787409904451222421	cpu	stime_ticks	8047
1787409904451222421	directory	wrapper	1
1787409904451222421	file	cohort-c6010001-ordinal-0000/coefficients.fp2	4294967296
1787409904451222421	file	cohort-c6010001-ordinal-0000/manifest.c6wsp1	180
1787409904451222421	file	cohort-c6010001-ordinal-0000/oracle.fp2	34359738368
1787409904451222421	file	cohort-c6010001-ordinal-0000/root.digest	32
1787409904451222421	file	cohort-c6010001-ordinal-0000/semantic-cache.fp2	536870912
1787409904451222421	file	cohort-c6010002-ordinal-0001/coefficients.fp2	4294967296
1787409904451222421	file	cohort-c6010002-ordinal-0001/oracle.fp2	34359738368
1787409904451222421	file	cohort-c6010002-ordinal-0001/semantic-cache.fp2	536870912
1787409904451222421	file	cohort-c6010002-ordinal-0001/staging/x4b-4659-2-3334471681-0-0-outer-0.bin	4471128064
1787409905476641136	io	read_bytes	70129831936
1787409905476641136	io	write_bytes	101511249920
1787409905476641136	status	VmHWM_bytes	15919861760
1787409905476641136	status	VmRSS_bytes	8960585728
1787409905476641136	cpu	utime_ticks	21330
1787409905476641136	cpu	stime_ticks	8052
1787409905476641136	directory	wrapper	1
1787409905476641136	file	cohort-c6010001-ordinal-0000/coefficients.fp2	4294967296
1787409905476641136	file	cohort-c6010001-ordinal-0000/manifest.c6wsp1	180
1787409905476641136	file	cohort-c6010001-ordinal-0000/oracle.fp2	34359738368
1787409905476641136	file	cohort-c6010001-ordinal-0000/root.digest	32
1787409905476641136	file	cohort-c6010001-ordinal-0000/semantic-cache.fp2	536870912
1787409905476641136	file	cohort-c6010002-ordinal-0001/coefficients.fp2	4294967296
1787409905476641136	file	cohort-c6010002-ordinal-0001/oracle.fp2	34359738368
1787409905476641136	file	cohort-c6010002-ordinal-0001/semantic-cache.fp2	536870912
1787409905476641136	file	cohort-c6010002-ordinal-0001/staging/x4b-4659-2-3334471681-0-0-outer-0.bin	4622123008
1787409906487411308	io	read_bytes	70786502656
1787409906487411308	io	write_bytes	101679022080
1787409906487411308	status	VmHWM_bytes	15919861760
1787409906487411308	status	VmRSS_bytes	8960585728
1787409906487411308	cpu	utime_ticks	21358
1787409906487411308	cpu	stime_ticks	8057
1787409906487411308	directory	wrapper	1
1787409906487411308	file	cohort-c6010001-ordinal-0000/coefficients.fp2	4294967296
1787409906487411308	file	cohort-c6010001-ordinal-0000/manifest.c6wsp1	180
1787409906487411308	file	cohort-c6010001-ordinal-0000/oracle.fp2	34359738368
1787409906487411308	file	cohort-c6010001-ordinal-0000/root.digest	32
1787409906487411308	file	cohort-c6010001-ordinal-0000/semantic-cache.fp2	536870912
1787409906487411308	file	cohort-c6010002-ordinal-0001/coefficients.fp2	4294967296
1787409906487411308	file	cohort-c6010002-ordinal-0001/oracle.fp2	34359738368
1787409906487411308	file	cohort-c6010002-ordinal-0001/semantic-cache.fp2	536870912
1787409906487411308	file	cohort-c6010002-ordinal-0001/staging/x4b-4659-2-3334471681-0-0-outer-0.bin	4789895168
1787409907496172238	io	read_bytes	71433211904
1787409907496172238	io	write_bytes	101846794240
1787409907496172238	status	VmHWM_bytes	15919861760
1787409907496172238	status	VmRSS_bytes	8960585728
1787409907496172238	cpu	utime_ticks	21372
1787409907496172238	cpu	stime_ticks	8078
1787409907496172238	directory	wrapper	1
1787409907496172238	file	cohort-c6010001-ordinal-0000/coefficients.fp2	4294967296
1787409907496172238	file	cohort-c6010001-ordinal-0000/manifest.c6wsp1	180
1787409907496172238	file	cohort-c6010001-ordinal-0000/oracle.fp2	34359738368
1787409907496172238	file	cohort-c6010001-ordinal-0000/root.digest	32
1787409907496172238	file	cohort-c6010001-ordinal-0000/semantic-cache.fp2	536870912
1787409907496172238	file	cohort-c6010002-ordinal-0001/coefficients.fp2	4294967296
1787409907496172238	file	cohort-c6010002-ordinal-0001/oracle.fp2	34359738368
1787409907496172238	file	cohort-c6010002-ordinal-0001/semantic-cache.fp2	536870912
1787409907496172238	file	cohort-c6010002-ordinal-0001/staging/x4b-4659-2-3334471681-0-0-outer-0.bin	4957667328
1787409908507116259	io	read_bytes	72082280448
1787409908507116259	io	write_bytes	102014566400
1787409908507116259	status	VmHWM_bytes	15919861760
1787409908507116259	status	VmRSS_bytes	8960585728
1787409908507116259	cpu	utime_ticks	21388
1787409908507116259	cpu	stime_ticks	8097
1787409908507116259	directory	wrapper	1
1787409908507116259	file	cohort-c6010001-ordinal-0000/coefficients.fp2	4294967296
1787409908507116259	file	cohort-c6010001-ordinal-0000/manifest.c6wsp1	180
1787409908507116259	file	cohort-c6010001-ordinal-0000/oracle.fp2	34359738368
1787409908507116259	file	cohort-c6010001-ordinal-0000/root.digest	32
1787409908507116259	file	cohort-c6010001-ordinal-0000/semantic-cache.fp2	536870912
1787409908507116259	file	cohort-c6010002-ordinal-0001/coefficients.fp2	4294967296
1787409908507116259	file	cohort-c6010002-ordinal-0001/oracle.fp2	34359738368
1787409908507116259	file	cohort-c6010002-ordinal-0001/semantic-cache.fp2	536870912
1787409908507116259	file	cohort-c6010002-ordinal-0001/staging/x4b-4659-2-3334471681-0-0-outer-0.bin	5125439488
1787409909517909025	io	read_bytes	72612859904
1787409909517909025	io	write_bytes	102132006912
1787409909517909025	status	VmHWM_bytes	15919861760
1787409909517909025	status	VmRSS_bytes	8960585728
1787409909517909025	cpu	utime_ticks	21411
1787409909517909025	cpu	stime_ticks	8101
1787409909517909025	directory	wrapper	1
1787409909517909025	file	cohort-c6010001-ordinal-0000/coefficients.fp2	4294967296
1787409909517909025	file	cohort-c6010001-ordinal-0000/manifest.c6wsp1	180
1787409909517909025	file	cohort-c6010001-ordinal-0000/oracle.fp2	34359738368
1787409909517909025	file	cohort-c6010001-ordinal-0000/root.digest	32
1787409909517909025	file	cohort-c6010001-ordinal-0000/semantic-cache.fp2	536870912
1787409909517909025	file	cohort-c6010002-ordinal-0001/coefficients.fp2	4294967296
1787409909517909025	file	cohort-c6010002-ordinal-0001/oracle.fp2	34359738368
1787409909517909025	file	cohort-c6010002-ordinal-0001/semantic-cache.fp2	536870912
1787409909517909025	file	cohort-c6010002-ordinal-0001/staging/x4b-4659-2-3334471681-0-0-outer-0.bin	5259657216
1787409910529325527	io	read_bytes	73278967808
1787409910529325527	io	write_bytes	102299779072
1787409910529325527	status	VmHWM_bytes	15919861760
1787409910529325527	status	VmRSS_bytes	8960585728
1787409910529325527	cpu	utime_ticks	21438
1787409910529325527	cpu	stime_ticks	8107
1787409910529325527	directory	wrapper	1
1787409910529325527	file	cohort-c6010001-ordinal-0000/coefficients.fp2	4294967296
1787409910529325527	file	cohort-c6010001-ordinal-0000/manifest.c6wsp1	180
1787409910529325527	file	cohort-c6010001-ordinal-0000/oracle.fp2	34359738368
1787409910529325527	file	cohort-c6010001-ordinal-0000/root.digest	32
1787409910529325527	file	cohort-c6010001-ordinal-0000/semantic-cache.fp2	536870912
1787409910529325527	file	cohort-c6010002-ordinal-0001/coefficients.fp2	4294967296
1787409910529325527	file	cohort-c6010002-ordinal-0001/oracle.fp2	34359738368
1787409910529325527	file	cohort-c6010002-ordinal-0001/semantic-cache.fp2	536870912
1787409910529325527	file	cohort-c6010002-ordinal-0001/staging/x4b-4659-2-3334471681-0-0-outer-0.bin	5410652160
1787409911539738966	io	read_bytes	73933017088
1787409911539738966	io	write_bytes	102467551232
1787409911539738966	status	VmHWM_bytes	15919861760
1787409911539738966	status	VmRSS_bytes	8960585728
1787409911539738966	cpu	utime_ticks	21467
1787409911539738966	cpu	stime_ticks	8113
1787409911539738966	directory	wrapper	1
1787409911539738966	file	cohort-c6010001-ordinal-0000/coefficients.fp2	4294967296
1787409911539738966	file	cohort-c6010001-ordinal-0000/manifest.c6wsp1	180
1787409911539738966	file	cohort-c6010001-ordinal-0000/oracle.fp2	34359738368
1787409911539738966	file	cohort-c6010001-ordinal-0000/root.digest	32
1787409911539738966	file	cohort-c6010001-ordinal-0000/semantic-cache.fp2	536870912
1787409911539738966	file	cohort-c6010002-ordinal-0001/coefficients.fp2	4294967296
1787409911539738966	file	cohort-c6010002-ordinal-0001/oracle.fp2	34359738368
1787409911539738966	file	cohort-c6010002-ordinal-0001/semantic-cache.fp2	536870912
1787409911539738966	file	cohort-c6010002-ordinal-0001/staging/x4b-4659-2-3334471681-0-0-outer-0.bin	5578424320
1787409912549664134	io	read_bytes	74586542080
1787409912549664134	io	write_bytes	102635323392
1787409912549664134	status	VmHWM_bytes	15919861760
1787409912549664134	status	VmRSS_bytes	8960585728
1787409912549664134	cpu	utime_ticks	21491
1787409912549664134	cpu	stime_ticks	8124
1787409912549664134	directory	wrapper	1
1787409912549664134	file	cohort-c6010001-ordinal-0000/coefficients.fp2	4294967296
1787409912549664134	file	cohort-c6010001-ordinal-0000/manifest.c6wsp1	180
1787409912549664134	file	cohort-c6010001-ordinal-0000/oracle.fp2	34359738368
1787409912549664134	file	cohort-c6010001-ordinal-0000/root.digest	32
1787409912549664134	file	cohort-c6010001-ordinal-0000/semantic-cache.fp2	536870912
1787409912549664134	file	cohort-c6010002-ordinal-0001/coefficients.fp2	4294967296
1787409912549664134	file	cohort-c6010002-ordinal-0001/oracle.fp2	34359738368
1787409912549664134	file	cohort-c6010002-ordinal-0001/semantic-cache.fp2	536870912
1787409912549664134	file	cohort-c6010002-ordinal-0001/staging/x4b-4659-2-3334471681-0-0-outer-0.bin	5746196480
1787409913560886761	io	read_bytes	75242164224
1787409913560886761	io	write_bytes	102803095552
1787409913560886761	status	VmHWM_bytes	15919861760
1787409913560886761	status	VmRSS_bytes	8960585728
1787409913560886761	cpu	utime_ticks	21502
1787409913560886761	cpu	stime_ticks	8147
1787409913560886761	directory	wrapper	1
1787409913560886761	file	cohort-c6010001-ordinal-0000/coefficients.fp2	4294967296
1787409913560886761	file	cohort-c6010001-ordinal-0000/manifest.c6wsp1	180
1787409913560886761	file	cohort-c6010001-ordinal-0000/oracle.fp2	34359738368
1787409913560886761	file	cohort-c6010001-ordinal-0000/root.digest	32
1787409913560886761	file	cohort-c6010001-ordinal-0000/semantic-cache.fp2	536870912
1787409913560886761	file	cohort-c6010002-ordinal-0001/coefficients.fp2	4294967296
1787409913560886761	file	cohort-c6010002-ordinal-0001/oracle.fp2	34359738368
1787409913560886761	file	cohort-c6010002-ordinal-0001/semantic-cache.fp2	536870912
1787409913560886761	file	cohort-c6010002-ordinal-0001/staging/x4b-4659-2-3334471681-0-0-outer-0.bin	5913968640
1787409914570926725	io	read_bytes	75901194240
1787409914570926725	io	write_bytes	102954090496
1787409914570926725	status	VmHWM_bytes	15919861760
1787409914570926725	status	VmRSS_bytes	8960585728
1787409914570926725	cpu	utime_ticks	21526
1787409914570926725	cpu	stime_ticks	8158
1787409914570926725	directory	wrapper	1
1787409914570926725	file	cohort-c6010001-ordinal-0000/coefficients.fp2	4294967296
1787409914570926725	file	cohort-c6010001-ordinal-0000/manifest.c6wsp1	180
1787409914570926725	file	cohort-c6010001-ordinal-0000/oracle.fp2	34359738368
1787409914570926725	file	cohort-c6010001-ordinal-0000/root.digest	32
1787409914570926725	file	cohort-c6010001-ordinal-0000/semantic-cache.fp2	536870912
1787409914570926725	file	cohort-c6010002-ordinal-0001/coefficients.fp2	4294967296
1787409914570926725	file	cohort-c6010002-ordinal-0001/oracle.fp2	34359738368
1787409914570926725	file	cohort-c6010002-ordinal-0001/semantic-cache.fp2	536870912
1787409914570926725	file	cohort-c6010002-ordinal-0001/staging/x4b-4659-2-3334471681-0-0-outer-0.bin	6073352192
1787409915582325394	io	read_bytes	76563369984
1787409915582325394	io	write_bytes	103121862656
1787409915582325394	status	VmHWM_bytes	15919861760
1787409915582325394	status	VmRSS_bytes	8960585728
1787409915582325394	cpu	utime_ticks	21555
1787409915582325394	cpu	stime_ticks	8162
1787409915582325394	directory	wrapper	1
1787409915582325394	file	cohort-c6010001-ordinal-0000/coefficients.fp2	4294967296
1787409915582325394	file	cohort-c6010001-ordinal-0000/manifest.c6wsp1	180
1787409915582325394	file	cohort-c6010001-ordinal-0000/oracle.fp2	34359738368
1787409915582325394	file	cohort-c6010001-ordinal-0000/root.digest	32
1787409915582325394	file	cohort-c6010001-ordinal-0000/semantic-cache.fp2	536870912
1787409915582325394	file	cohort-c6010002-ordinal-0001/coefficients.fp2	4294967296
1787409915582325394	file	cohort-c6010002-ordinal-0001/oracle.fp2	34359738368
1787409915582325394	file	cohort-c6010002-ordinal-0001/semantic-cache.fp2	536870912
1787409915582325394	file	cohort-c6010002-ordinal-0001/staging/x4b-4659-2-3334471681-0-0-outer-0.bin	6232735744
1787409916592403230	io	read_bytes	77206147072
1787409916592403230	io	write_bytes	103289634816
1787409916592403230	status	VmHWM_bytes	15919861760
1787409916592403230	status	VmRSS_bytes	8960585728
1787409916592403230	cpu	utime_ticks	21585
1787409916592403230	cpu	stime_ticks	8168
1787409916592403230	directory	wrapper	1
1787409916592403230	file	cohort-c6010001-ordinal-0000/coefficients.fp2	4294967296
1787409916592403230	file	cohort-c6010001-ordinal-0000/manifest.c6wsp1	180
1787409916592403230	file	cohort-c6010001-ordinal-0000/oracle.fp2	34359738368
1787409916592403230	file	cohort-c6010001-ordinal-0000/root.digest	32
1787409916592403230	file	cohort-c6010001-ordinal-0000/semantic-cache.fp2	536870912
1787409916592403230	file	cohort-c6010002-ordinal-0001/coefficients.fp2	4294967296
1787409916592403230	file	cohort-c6010002-ordinal-0001/oracle.fp2	34359738368
1787409916592403230	file	cohort-c6010002-ordinal-0001/semantic-cache.fp2	536870912
1787409916592403230	file	cohort-c6010002-ordinal-0001/staging/x4b-4659-2-3334471681-0-0-outer-0.bin	6400507904
1787409917605862980	io	read_bytes	77855739904
1787409917605862980	io	write_bytes	103457406976
1787409917605862980	status	VmHWM_bytes	15919861760
1787409917605862980	status	VmRSS_bytes	8960585728
1787409917605862980	cpu	utime_ticks	21615
1787409917605862980	cpu	stime_ticks	8173
1787409917605862980	directory	wrapper	1
1787409917605862980	file	cohort-c6010001-ordinal-0000/coefficients.fp2	4294967296
1787409917605862980	file	cohort-c6010001-ordinal-0000/manifest.c6wsp1	180
1787409917605862980	file	cohort-c6010001-ordinal-0000/oracle.fp2	34359738368
1787409917605862980	file	cohort-c6010001-ordinal-0000/root.digest	32
1787409917605862980	file	cohort-c6010001-ordinal-0000/semantic-cache.fp2	536870912
1787409917605862980	file	cohort-c6010002-ordinal-0001/coefficients.fp2	4294967296
1787409917605862980	file	cohort-c6010002-ordinal-0001/oracle.fp2	34359738368
1787409917605862980	file	cohort-c6010002-ordinal-0001/semantic-cache.fp2	536870912
1787409917605862980	file	cohort-c6010002-ordinal-0001/staging/x4b-4659-2-3334471681-0-0-outer-0.bin	6568280064
1787409918615707856	io	read_bytes	78518439936
1787409918615707856	io	write_bytes	103608401920
1787409918615707856	status	VmHWM_bytes	15919861760
1787409918615707856	status	VmRSS_bytes	8960585728
1787409918615707856	cpu	utime_ticks	21630
1787409918615707856	cpu	stime_ticks	8192
1787409918615707856	directory	wrapper	1
1787409918615707856	file	cohort-c6010001-ordinal-0000/coefficients.fp2	4294967296
1787409918615707856	file	cohort-c6010001-ordinal-0000/manifest.c6wsp1	180
1787409918615707856	file	cohort-c6010001-ordinal-0000/oracle.fp2	34359738368
1787409918615707856	file	cohort-c6010001-ordinal-0000/root.digest	32
1787409918615707856	file	cohort-c6010001-ordinal-0000/semantic-cache.fp2	536870912
1787409918615707856	file	cohort-c6010002-ordinal-0001/coefficients.fp2	4294967296
1787409918615707856	file	cohort-c6010002-ordinal-0001/oracle.fp2	34359738368
1787409918615707856	file	cohort-c6010002-ordinal-0001/semantic-cache.fp2	536870912
1787409918615707856	file	cohort-c6010002-ordinal-0001/staging/x4b-4659-2-3334471681-0-0-outer-0.bin	6733955072
1787409919626152875	io	read_bytes	79183761408
1787409919626152875	io	write_bytes	103776174080
1787409919626152875	status	VmHWM_bytes	15919861760
1787409919626152875	status	VmRSS_bytes	8960585728
1787409919626152875	cpu	utime_ticks	21644
1787409919626152875	cpu	stime_ticks	8212
1787409919626152875	directory	wrapper	1
1787409919626152875	file	cohort-c6010001-ordinal-0000/coefficients.fp2	4294967296
1787409919626152875	file	cohort-c6010001-ordinal-0000/manifest.c6wsp1	180
1787409919626152875	file	cohort-c6010001-ordinal-0000/oracle.fp2	34359738368
1787409919626152875	file	cohort-c6010001-ordinal-0000/root.digest	32
1787409919626152875	file	cohort-c6010001-ordinal-0000/semantic-cache.fp2	536870912
1787409919626152875	file	cohort-c6010002-ordinal-0001/coefficients.fp2	4294967296
1787409919626152875	file	cohort-c6010002-ordinal-0001/oracle.fp2	34359738368
1787409919626152875	file	cohort-c6010002-ordinal-0001/semantic-cache.fp2	536870912
1787409919626152875	file	cohort-c6010002-ordinal-0001/staging/x4b-4659-2-3334471681-0-0-outer-0.bin	6887047168
1787409920635548853	io	read_bytes	79750254592
1787409920635548853	io	write_bytes	103927169024
1787409920635548853	status	VmHWM_bytes	15919861760
1787409920635548853	status	VmRSS_bytes	8960585728
1787409920635548853	cpu	utime_ticks	21669
1787409920635548853	cpu	stime_ticks	8216
1787409920635548853	directory	wrapper	1
1787409920635548853	file	cohort-c6010001-ordinal-0000/coefficients.fp2	4294967296
1787409920635548853	file	cohort-c6010001-ordinal-0000/manifest.c6wsp1	180
1787409920635548853	file	cohort-c6010001-ordinal-0000/oracle.fp2	34359738368
1787409920635548853	file	cohort-c6010001-ordinal-0000/root.digest	32
1787409920635548853	file	cohort-c6010001-ordinal-0000/semantic-cache.fp2	536870912
1787409920635548853	file	cohort-c6010002-ordinal-0001/coefficients.fp2	4294967296
1787409920635548853	file	cohort-c6010002-ordinal-0001/oracle.fp2	34359738368
1787409920635548853	file	cohort-c6010002-ordinal-0001/semantic-cache.fp2	536870912
1787409920635548853	file	cohort-c6010002-ordinal-0001/staging/x4b-4659-2-3334471681-0-0-outer-0.bin	7038042112
1787409921644846696	io	read_bytes	80406925312
1787409921644846696	io	write_bytes	104094941184
1787409921644846696	status	VmHWM_bytes	15919861760
1787409921644846696	status	VmRSS_bytes	8960585728
1787409921644846696	cpu	utime_ticks	21698
1787409921644846696	cpu	stime_ticks	8222
1787409921644846696	directory	wrapper	1
1787409921644846696	file	cohort-c6010001-ordinal-0000/coefficients.fp2	4294967296
1787409921644846696	file	cohort-c6010001-ordinal-0000/manifest.c6wsp1	180
1787409921644846696	file	cohort-c6010001-ordinal-0000/oracle.fp2	34359738368
1787409921644846696	file	cohort-c6010001-ordinal-0000/root.digest	32
1787409921644846696	file	cohort-c6010001-ordinal-0000/semantic-cache.fp2	536870912
1787409921644846696	file	cohort-c6010002-ordinal-0001/coefficients.fp2	4294967296
1787409921644846696	file	cohort-c6010002-ordinal-0001/oracle.fp2	34359738368
1787409921644846696	file	cohort-c6010002-ordinal-0001/semantic-cache.fp2	536870912
1787409921644846696	file	cohort-c6010002-ordinal-0001/staging/x4b-4659-2-3334471681-0-0-outer-0.bin	7205814272
1787409922654921486	io	read_bytes	81068576768
1787409922654921486	io	write_bytes	104245936128
1787409922654921486	status	VmHWM_bytes	15919861760
1787409922654921486	status	VmRSS_bytes	8960585728
1787409922654921486	cpu	utime_ticks	21726
1787409922654921486	cpu	stime_ticks	8227
1787409922654921486	directory	wrapper	1
1787409922654921486	file	cohort-c6010001-ordinal-0000/coefficients.fp2	4294967296
1787409922654921486	file	cohort-c6010001-ordinal-0000/manifest.c6wsp1	180
1787409922654921486	file	cohort-c6010001-ordinal-0000/oracle.fp2	34359738368
1787409922654921486	file	cohort-c6010001-ordinal-0000/root.digest	32
1787409922654921486	file	cohort-c6010001-ordinal-0000/semantic-cache.fp2	536870912
1787409922654921486	file	cohort-c6010002-ordinal-0001/coefficients.fp2	4294967296
1787409922654921486	file	cohort-c6010002-ordinal-0001/oracle.fp2	34359738368
1787409922654921486	file	cohort-c6010002-ordinal-0001/semantic-cache.fp2	536870912
1787409922654921486	file	cohort-c6010002-ordinal-0001/staging/x4b-4659-2-3334471681-0-0-outer-0.bin	7373586432
1787409923665602952	io	read_bytes	81738616832
1787409923665602952	io	write_bytes	104413708288
1787409923665602952	status	VmHWM_bytes	15919861760
1787409923665602952	status	VmRSS_bytes	8960585728
1787409923665602952	cpu	utime_ticks	21750
1787409923665602952	cpu	stime_ticks	8236
1787409923665602952	directory	wrapper	1
1787409923665602952	file	cohort-c6010001-ordinal-0000/coefficients.fp2	4294967296
1787409923665602952	file	cohort-c6010001-ordinal-0000/manifest.c6wsp1	180
1787409923665602952	file	cohort-c6010001-ordinal-0000/oracle.fp2	34359738368
1787409923665602952	file	cohort-c6010001-ordinal-0000/root.digest	32
1787409923665602952	file	cohort-c6010001-ordinal-0000/semantic-cache.fp2	536870912
1787409923665602952	file	cohort-c6010002-ordinal-0001/coefficients.fp2	4294967296
1787409923665602952	file	cohort-c6010002-ordinal-0001/oracle.fp2	34359738368
1787409923665602952	file	cohort-c6010002-ordinal-0001/semantic-cache.fp2	536870912
1787409923665602952	file	cohort-c6010002-ordinal-0001/staging/x4b-4659-2-3334471681-0-0-outer-0.bin	7524581376
1787409924674535045	io	read_bytes	82393714688
1787409924674535045	io	write_bytes	104581480448
1787409924674535045	status	VmHWM_bytes	15919861760
1787409924674535045	status	VmRSS_bytes	8960585728
1787409924674535045	cpu	utime_ticks	21760
1787409924674535045	cpu	stime_ticks	8259
1787409924674535045	directory	wrapper	1
1787409924674535045	file	cohort-c6010001-ordinal-0000/coefficients.fp2	4294967296
1787409924674535045	file	cohort-c6010001-ordinal-0000/manifest.c6wsp1	180
1787409924674535045	file	cohort-c6010001-ordinal-0000/oracle.fp2	34359738368
1787409924674535045	file	cohort-c6010001-ordinal-0000/root.digest	32
1787409924674535045	file	cohort-c6010001-ordinal-0000/semantic-cache.fp2	536870912
1787409924674535045	file	cohort-c6010002-ordinal-0001/coefficients.fp2	4294967296
1787409924674535045	file	cohort-c6010002-ordinal-0001/oracle.fp2	34359738368
1787409924674535045	file	cohort-c6010002-ordinal-0001/semantic-cache.fp2	536870912
1787409924674535045	file	cohort-c6010002-ordinal-0001/staging/x4b-4659-2-3334471681-0-0-outer-0.bin	7692353536
1787409925684877941	io	read_bytes	82990092288
1787409925684877941	io	write_bytes	104732475392
1787409925684877941	status	VmHWM_bytes	15919861760
1787409925684877941	status	VmRSS_bytes	8960585728
1787409925684877941	cpu	utime_ticks	21779
1787409925684877941	cpu	stime_ticks	8271
1787409925684877941	directory	wrapper	1
1787409925684877941	file	cohort-c6010001-ordinal-0000/coefficients.fp2	4294967296
1787409925684877941	file	cohort-c6010001-ordinal-0000/manifest.c6wsp1	180
1787409925684877941	file	cohort-c6010001-ordinal-0000/oracle.fp2	34359738368
1787409925684877941	file	cohort-c6010001-ordinal-0000/root.digest	32
1787409925684877941	file	cohort-c6010001-ordinal-0000/semantic-cache.fp2	536870912
1787409925684877941	file	cohort-c6010002-ordinal-0001/coefficients.fp2	4294967296
1787409925684877941	file	cohort-c6010002-ordinal-0001/oracle.fp2	34359738368
1787409925684877941	file	cohort-c6010002-ordinal-0001/semantic-cache.fp2	536870912
1787409925684877941	file	cohort-c6010002-ordinal-0001/staging/x4b-4659-2-3334471681-0-0-outer-0.bin	7843348480
1787409926694623258	io	read_bytes	83425120256
1787409926694623258	io	write_bytes	104849915904
1787409926694623258	status	VmHWM_bytes	15919861760
1787409926694623258	status	VmRSS_bytes	8960585728
1787409926694623258	cpu	utime_ticks	21799
1787409926694623258	cpu	stime_ticks	8275
1787409926694623258	directory	wrapper	1
1787409926694623258	file	cohort-c6010001-ordinal-0000/coefficients.fp2	4294967296
1787409926694623258	file	cohort-c6010001-ordinal-0000/manifest.c6wsp1	180
1787409926694623258	file	cohort-c6010001-ordinal-0000/oracle.fp2	34359738368
1787409926694623258	file	cohort-c6010001-ordinal-0000/root.digest	32
1787409926694623258	file	cohort-c6010001-ordinal-0000/semantic-cache.fp2	536870912
1787409926694623258	file	cohort-c6010002-ordinal-0001/coefficients.fp2	4294967296
1787409926694623258	file	cohort-c6010002-ordinal-0001/oracle.fp2	34359738368
1787409926694623258	file	cohort-c6010002-ordinal-0001/semantic-cache.fp2	536870912
1787409926694623258	file	cohort-c6010002-ordinal-0001/staging/x4b-4659-2-3334471681-0-0-outer-0.bin	7960788992
1787409927705520391	io	read_bytes	84088475648
1787409927705520391	io	write_bytes	105000910848
1787409927705520391	status	VmHWM_bytes	15919861760
1787409927705520391	status	VmRSS_bytes	8960585728
1787409927705520391	cpu	utime_ticks	21827
1787409927705520391	cpu	stime_ticks	8280
1787409927705520391	directory	wrapper	1
1787409927705520391	file	cohort-c6010001-ordinal-0000/coefficients.fp2	4294967296
1787409927705520391	file	cohort-c6010001-ordinal-0000/manifest.c6wsp1	180
1787409927705520391	file	cohort-c6010001-ordinal-0000/oracle.fp2	34359738368
1787409927705520391	file	cohort-c6010001-ordinal-0000/root.digest	32
1787409927705520391	file	cohort-c6010001-ordinal-0000/semantic-cache.fp2	536870912
1787409927705520391	file	cohort-c6010002-ordinal-0001/coefficients.fp2	4294967296
1787409927705520391	file	cohort-c6010002-ordinal-0001/oracle.fp2	34359738368
1787409927705520391	file	cohort-c6010002-ordinal-0001/semantic-cache.fp2	536870912
1787409927705520391	file	cohort-c6010002-ordinal-0001/staging/x4b-4659-2-3334471681-0-0-outer-0.bin	8111783936
1787409928715270999	io	read_bytes	84751175680
1787409928715270999	io	write_bytes	105168683008
1787409928715270999	status	VmHWM_bytes	15919861760
1787409928715270999	status	VmRSS_bytes	8960585728
1787409928715270999	cpu	utime_ticks	21855
1787409928715270999	cpu	stime_ticks	8285
1787409928715270999	directory	wrapper	1
1787409928715270999	file	cohort-c6010001-ordinal-0000/coefficients.fp2	4294967296
1787409928715270999	file	cohort-c6010001-ordinal-0000/manifest.c6wsp1	180
1787409928715270999	file	cohort-c6010001-ordinal-0000/oracle.fp2	34359738368
1787409928715270999	file	cohort-c6010001-ordinal-0000/root.digest	32
1787409928715270999	file	cohort-c6010001-ordinal-0000/semantic-cache.fp2	536870912
1787409928715270999	file	cohort-c6010002-ordinal-0001/coefficients.fp2	4294967296
1787409928715270999	file	cohort-c6010002-ordinal-0001/oracle.fp2	34359738368
1787409928715270999	file	cohort-c6010002-ordinal-0001/semantic-cache.fp2	536870912
1787409928715270999	file	cohort-c6010002-ordinal-0001/staging/x4b-4659-2-3334471681-0-0-outer-0.bin	8279556096
1787409929724917029	io	read_bytes	85405618176
1787409929724917029	io	write_bytes	105336455168
1787409929724917029	status	VmHWM_bytes	15919861760
1787409929724917029	status	VmRSS_bytes	8960585728
1787409929724917029	cpu	utime_ticks	21873
1787409929724917029	cpu	stime_ticks	8302
1787409929724917029	directory	wrapper	1
1787409929724917029	file	cohort-c6010001-ordinal-0000/coefficients.fp2	4294967296
1787409929724917029	file	cohort-c6010001-ordinal-0000/manifest.c6wsp1	180
1787409929724917029	file	cohort-c6010001-ordinal-0000/oracle.fp2	34359738368
1787409929724917029	file	cohort-c6010001-ordinal-0000/root.digest	32
1787409929724917029	file	cohort-c6010001-ordinal-0000/semantic-cache.fp2	536870912
1787409929724917029	file	cohort-c6010002-ordinal-0001/coefficients.fp2	4294967296
1787409929724917029	file	cohort-c6010002-ordinal-0001/oracle.fp2	34359738368
1787409929724917029	file	cohort-c6010002-ordinal-0001/semantic-cache.fp2	536870912
1787409929724917029	file	cohort-c6010002-ordinal-0001/staging/x4b-4659-2-3334471681-0-0-outer-0.bin	8447328256
1787409930735124720	io	read_bytes	85899366400
1787409930735124720	io	write_bytes	105470672896
1787409930735124720	status	VmHWM_bytes	15919861760
1787409930735124720	status	VmRSS_bytes	8960585728
1787409930735124720	cpu	utime_ticks	21881
1787409930735124720	cpu	stime_ticks	8344
1787409930735124720	directory	wrapper	1
1787409930735124720	file	cohort-c6010001-ordinal-0000/coefficients.fp2	4294967296
1787409930735124720	file	cohort-c6010001-ordinal-0000/manifest.c6wsp1	180
1787409930735124720	file	cohort-c6010001-ordinal-0000/oracle.fp2	34359738368
1787409930735124720	file	cohort-c6010001-ordinal-0000/root.digest	32
1787409930735124720	file	cohort-c6010001-ordinal-0000/semantic-cache.fp2	536870912
1787409930735124720	file	cohort-c6010002-ordinal-0001/coefficients.fp2	4294967296
1787409930735124720	file	cohort-c6010002-ordinal-0001/oracle.fp2	34359738368
1787409930735124720	file	cohort-c6010002-ordinal-0001/semantic-cache.fp2	536870912
1787409930735124720	file	cohort-c6010002-ordinal-0001/staging/x4b-4659-2-3334471681-0-0-outer-0.bin	8581545984
1787409931744470895	io	read_bytes	86312112128
1787409931744470895	io	write_bytes	105604890624
1787409931744470895	status	VmHWM_bytes	15919861760
1787409931744470895	status	VmRSS_bytes	9105739776
1787409931744470895	cpu	utime_ticks	21889
1787409931744470895	cpu	stime_ticks	8388
1787409931744470895	directory	wrapper	1
1787409931744470895	file	cohort-c6010001-ordinal-0000/coefficients.fp2	4294967296
1787409931744470895	file	cohort-c6010001-ordinal-0000/manifest.c6wsp1	180
1787409931744470895	file	cohort-c6010001-ordinal-0000/oracle.fp2	34359738368
1787409931744470895	file	cohort-c6010001-ordinal-0000/root.digest	32
1787409931744470895	file	cohort-c6010001-ordinal-0000/semantic-cache.fp2	536870912
1787409931744470895	file	cohort-c6010002-ordinal-0001/coefficients.fp2	4294967296
1787409931744470895	file	cohort-c6010002-ordinal-0001/oracle.fp2	34359738368
1787409931744470895	file	cohort-c6010002-ordinal-0001/semantic-cache.fp2	536870912
1787409931744470895	file	cohort-c6010002-ordinal-0001/staging/x4b-4659-2-3334471681-0-0-outer-0.bin	8589934592
1787409931744470895	file	cohort-c6010002-ordinal-0001/staging/x4b-4659-2-3334471681-0-0-outer-1.bin	125829120
1787409932754832927	io	read_bytes	86862221312
1787409932754832927	io	write_bytes	105873326080
1787409932754832927	status	VmHWM_bytes	15919861760
1787409932754832927	status	VmRSS_bytes	9119186944
1787409932754832927	cpu	utime_ticks	21905
1787409932754832927	cpu	stime_ticks	8432
1787409932754832927	directory	wrapper	1
1787409932754832927	file	cohort-c6010001-ordinal-0000/coefficients.fp2	4294967296
1787409932754832927	file	cohort-c6010001-ordinal-0000/manifest.c6wsp1	180
1787409932754832927	file	cohort-c6010001-ordinal-0000/oracle.fp2	34359738368
1787409932754832927	file	cohort-c6010001-ordinal-0000/root.digest	32
1787409932754832927	file	cohort-c6010001-ordinal-0000/semantic-cache.fp2	536870912
1787409932754832927	file	cohort-c6010002-ordinal-0001/coefficients.fp2	4294967296
1787409932754832927	file	cohort-c6010002-ordinal-0001/oracle.fp2	34359738368
1787409932754832927	file	cohort-c6010002-ordinal-0001/semantic-cache.fp2	536870912
1787409932754832927	file	cohort-c6010002-ordinal-0001/staging/x4b-4659-2-3334471681-0-0-outer-0.bin	8589934592
1787409932754832927	file	cohort-c6010002-ordinal-0001/staging/x4b-4659-2-3334471681-0-0-outer-1.bin	394264576
1787409933764728499	io	read_bytes	87411150848
1787409933764728499	io	write_bytes	106141761536
1787409933764728499	status	VmHWM_bytes	15919861760
1787409933764728499	status	VmRSS_bytes	9130704896
1787409933764728499	cpu	utime_ticks	21921
1787409933764728499	cpu	stime_ticks	8477
1787409933764728499	directory	wrapper	1
1787409933764728499	file	cohort-c6010001-ordinal-0000/coefficients.fp2	4294967296
1787409933764728499	file	cohort-c6010001-ordinal-0000/manifest.c6wsp1	180
1787409933764728499	file	cohort-c6010001-ordinal-0000/oracle.fp2	34359738368
1787409933764728499	file	cohort-c6010001-ordinal-0000/root.digest	32
1787409933764728499	file	cohort-c6010001-ordinal-0000/semantic-cache.fp2	536870912
1787409933764728499	file	cohort-c6010002-ordinal-0001/coefficients.fp2	4294967296
1787409933764728499	file	cohort-c6010002-ordinal-0001/oracle.fp2	34359738368
1787409933764728499	file	cohort-c6010002-ordinal-0001/semantic-cache.fp2	536870912
1787409933764728499	file	cohort-c6010002-ordinal-0001/staging/x4b-4659-2-3334471681-0-0-outer-0.bin	8589934592
1787409933764728499	file	cohort-c6010002-ordinal-0001/staging/x4b-4659-2-3334471681-0-0-outer-1.bin	662700032
1787409934774693281	io	read_bytes	87966633984
1787409934774693281	io	write_bytes	106410196992
1787409934774693281	status	VmHWM_bytes	15919861760
1787409934774693281	status	VmRSS_bytes	9149857792
1787409934774693281	cpu	utime_ticks	21936
1787409934774693281	cpu	stime_ticks	8522
1787409934774693281	directory	wrapper	1
1787409934774693281	file	cohort-c6010001-ordinal-0000/coefficients.fp2	4294967296
1787409934774693281	file	cohort-c6010001-ordinal-0000/manifest.c6wsp1	180
1787409934774693281	file	cohort-c6010001-ordinal-0000/oracle.fp2	34359738368
1787409934774693281	file	cohort-c6010001-ordinal-0000/root.digest	32
1787409934774693281	file	cohort-c6010001-ordinal-0000/semantic-cache.fp2	536870912
1787409934774693281	file	cohort-c6010002-ordinal-0001/coefficients.fp2	4294967296
1787409934774693281	file	cohort-c6010002-ordinal-0001/oracle.fp2	34359738368
1787409934774693281	file	cohort-c6010002-ordinal-0001/semantic-cache.fp2	536870912
1787409934774693281	file	cohort-c6010002-ordinal-0001/staging/x4b-4659-2-3334471681-0-0-outer-0.bin	8589934592
1787409934774693281	file	cohort-c6010002-ordinal-0001/staging/x4b-4659-2-3334471681-0-0-outer-1.bin	931135488
1787409935784894319	io	read_bytes	88527360000
1787409935784894319	io	write_bytes	106678632448
1787409935784894319	status	VmHWM_bytes	15919861760
1787409935784894319	status	VmRSS_bytes	9173581824
1787409935784894319	cpu	utime_ticks	21950
1787409935784894319	cpu	stime_ticks	8568
1787409935784894319	directory	wrapper	1
1787409935784894319	file	cohort-c6010001-ordinal-0000/coefficients.fp2	4294967296
1787409935784894319	file	cohort-c6010001-ordinal-0000/manifest.c6wsp1	180
1787409935784894319	file	cohort-c6010001-ordinal-0000/oracle.fp2	34359738368
1787409935784894319	file	cohort-c6010001-ordinal-0000/root.digest	32
1787409935784894319	file	cohort-c6010001-ordinal-0000/semantic-cache.fp2	536870912
1787409935784894319	file	cohort-c6010002-ordinal-0001/coefficients.fp2	4294967296
1787409935784894319	file	cohort-c6010002-ordinal-0001/oracle.fp2	34359738368
1787409935784894319	file	cohort-c6010002-ordinal-0001/semantic-cache.fp2	536870912
1787409935784894319	file	cohort-c6010002-ordinal-0001/staging/x4b-4659-2-3334471681-0-0-outer-0.bin	8589934592
1787409935784894319	file	cohort-c6010002-ordinal-0001/staging/x4b-4659-2-3334471681-0-0-outer-1.bin	1199570944
1787409936794716933	io	read_bytes	88996990976
1787409936794716933	io	write_bytes	106947067904
1787409936794716933	status	VmHWM_bytes	15919861760
1787409936794716933	status	VmRSS_bytes	9106210816
1787409936794716933	cpu	utime_ticks	21961
1787409936794716933	cpu	stime_ticks	8615
1787409936794716933	directory	wrapper	1
1787409936794716933	file	cohort-c6010001-ordinal-0000/coefficients.fp2	4294967296
1787409936794716933	file	cohort-c6010001-ordinal-0000/manifest.c6wsp1	180
1787409936794716933	file	cohort-c6010001-ordinal-0000/oracle.fp2	34359738368
1787409936794716933	file	cohort-c6010001-ordinal-0000/root.digest	32
1787409936794716933	file	cohort-c6010001-ordinal-0000/semantic-cache.fp2	536870912
1787409936794716933	file	cohort-c6010002-ordinal-0001/coefficients.fp2	4294967296
1787409936794716933	file	cohort-c6010002-ordinal-0001/oracle.fp2	34359738368
1787409936794716933	file	cohort-c6010002-ordinal-0001/semantic-cache.fp2	536870912
1787409936794716933	file	cohort-c6010002-ordinal-0001/staging/x4b-4659-2-3334471681-0-0-outer-0.bin	8589934592
1787409936794716933	file	cohort-c6010002-ordinal-0001/staging/x4b-4659-2-3334471681-0-0-outer-1.bin	1468006400
1787409937805646006	io	read_bytes	89541070848
1787409937805646006	io	write_bytes	107215503360
1787409937805646006	status	VmHWM_bytes	15919861760
1787409937805646006	status	VmRSS_bytes	9113550848
1787409937805646006	cpu	utime_ticks	21978
1787409937805646006	cpu	stime_ticks	8659
1787409937805646006	directory	wrapper	1
1787409937805646006	file	cohort-c6010001-ordinal-0000/coefficients.fp2	4294967296
1787409937805646006	file	cohort-c6010001-ordinal-0000/manifest.c6wsp1	180
1787409937805646006	file	cohort-c6010001-ordinal-0000/oracle.fp2	34359738368
1787409937805646006	file	cohort-c6010001-ordinal-0000/root.digest	32
1787409937805646006	file	cohort-c6010001-ordinal-0000/semantic-cache.fp2	536870912
1787409937805646006	file	cohort-c6010002-ordinal-0001/coefficients.fp2	4294967296
1787409937805646006	file	cohort-c6010002-ordinal-0001/oracle.fp2	34359738368
1787409937805646006	file	cohort-c6010002-ordinal-0001/semantic-cache.fp2	536870912
1787409937805646006	file	cohort-c6010002-ordinal-0001/staging/x4b-4659-2-3334471681-0-0-outer-0.bin	8589934592
1787409937805646006	file	cohort-c6010002-ordinal-0001/staging/x4b-4659-2-3334471681-0-0-outer-1.bin	1736441856
1787409938815700488	io	read_bytes	90099437568
1787409938815700488	io	write_bytes	107483938816
1787409938815700488	status	VmHWM_bytes	15919861760
1787409938815700488	status	VmRSS_bytes	9135177728
1787409938815700488	cpu	utime_ticks	21993
1787409938815700488	cpu	stime_ticks	8704
1787409938815700488	directory	wrapper	1
1787409938815700488	file	cohort-c6010001-ordinal-0000/coefficients.fp2	4294967296
1787409938815700488	file	cohort-c6010001-ordinal-0000/manifest.c6wsp1	180
1787409938815700488	file	cohort-c6010001-ordinal-0000/oracle.fp2	34359738368
1787409938815700488	file	cohort-c6010001-ordinal-0000/root.digest	32
1787409938815700488	file	cohort-c6010001-ordinal-0000/semantic-cache.fp2	536870912
1787409938815700488	file	cohort-c6010002-ordinal-0001/coefficients.fp2	4294967296
1787409938815700488	file	cohort-c6010002-ordinal-0001/oracle.fp2	34359738368
1787409938815700488	file	cohort-c6010002-ordinal-0001/semantic-cache.fp2	536870912
1787409938815700488	file	cohort-c6010002-ordinal-0001/staging/x4b-4659-2-3334471681-0-0-outer-0.bin	8589934592
1787409938815700488	file	cohort-c6010002-ordinal-0001/staging/x4b-4659-2-3334471681-0-0-outer-1.bin	2004877312
1787409939826387082	io	read_bytes	90605506560
1787409939826387082	io	write_bytes	107752374272
1787409939826387082	status	VmHWM_bytes	15919861760
1787409939826387082	status	VmRSS_bytes	9104326656
1787409939826387082	cpu	utime_ticks	22008
1787409939826387082	cpu	stime_ticks	8749
1787409939826387082	directory	wrapper	1
1787409939826387082	file	cohort-c6010001-ordinal-0000/coefficients.fp2	4294967296
1787409939826387082	file	cohort-c6010001-ordinal-0000/manifest.c6wsp1	180
1787409939826387082	file	cohort-c6010001-ordinal-0000/oracle.fp2	34359738368
1787409939826387082	file	cohort-c6010001-ordinal-0000/root.digest	32
1787409939826387082	file	cohort-c6010001-ordinal-0000/semantic-cache.fp2	536870912
1787409939826387082	file	cohort-c6010002-ordinal-0001/coefficients.fp2	4294967296
1787409939826387082	file	cohort-c6010002-ordinal-0001/oracle.fp2	34359738368
1787409939826387082	file	cohort-c6010002-ordinal-0001/semantic-cache.fp2	536870912
1787409939826387082	file	cohort-c6010002-ordinal-0001/staging/x4b-4659-2-3334471681-0-0-outer-0.bin	8589934592
1787409939826387082	file	cohort-c6010002-ordinal-0001/staging/x4b-4659-2-3334471681-0-0-outer-1.bin	2273312768
1787409940836334021	io	read_bytes	91142115328
1787409940836334021	io	write_bytes	108020809728
1787409940836334021	status	VmHWM_bytes	15919861760
1787409940836334021	status	VmRSS_bytes	9104142336
1787409940836334021	cpu	utime_ticks	22022
1787409940836334021	cpu	stime_ticks	8794
1787409940836334021	directory	wrapper	1
1787409940836334021	file	cohort-c6010001-ordinal-0000/coefficients.fp2	4294967296
1787409940836334021	file	cohort-c6010001-ordinal-0000/manifest.c6wsp1	180
1787409940836334021	file	cohort-c6010001-ordinal-0000/oracle.fp2	34359738368
1787409940836334021	file	cohort-c6010001-ordinal-0000/root.digest	32
1787409940836334021	file	cohort-c6010001-ordinal-0000/semantic-cache.fp2	536870912
1787409940836334021	file	cohort-c6010002-ordinal-0001/coefficients.fp2	4294967296
1787409940836334021	file	cohort-c6010002-ordinal-0001/oracle.fp2	34359738368
1787409940836334021	file	cohort-c6010002-ordinal-0001/semantic-cache.fp2	536870912
1787409940836334021	file	cohort-c6010002-ordinal-0001/staging/x4b-4659-2-3334471681-0-0-outer-0.bin	8589934592
1787409940836334021	file	cohort-c6010002-ordinal-0001/staging/x4b-4659-2-3334471681-0-0-outer-1.bin	2541748224
1787409941845831601	io	read_bytes	91691307008
1787409941845831601	io	write_bytes	108289245184
1787409941845831601	status	VmHWM_bytes	15919861760
1787409941845831601	status	VmRSS_bytes	9116307456
1787409941845831601	cpu	utime_ticks	22029
1787409941845831601	cpu	stime_ticks	8848
1787409941845831601	directory	wrapper	1
1787409941845831601	file	cohort-c6010001-ordinal-0000/coefficients.fp2	4294967296
1787409941845831601	file	cohort-c6010001-ordinal-0000/manifest.c6wsp1	180
1787409941845831601	file	cohort-c6010001-ordinal-0000/oracle.fp2	34359738368
1787409941845831601	file	cohort-c6010001-ordinal-0000/root.digest	32
1787409941845831601	file	cohort-c6010001-ordinal-0000/semantic-cache.fp2	536870912
1787409941845831601	file	cohort-c6010002-ordinal-0001/coefficients.fp2	4294967296
1787409941845831601	file	cohort-c6010002-ordinal-0001/oracle.fp2	34359738368
1787409941845831601	file	cohort-c6010002-ordinal-0001/semantic-cache.fp2	536870912
1787409941845831601	file	cohort-c6010002-ordinal-0001/staging/x4b-4659-2-3334471681-0-0-outer-0.bin	8589934592
1787409941845831601	file	cohort-c6010002-ordinal-0001/staging/x4b-4659-2-3334471681-0-0-outer-1.bin	2810183680
1787409942855466491	io	read_bytes	92073512960
1787409942855466491	io	write_bytes	108423462912
1787409942855466491	status	VmHWM_bytes	15919861760
1787409942855466491	status	VmRSS_bytes	9254137856
1787409942855466491	cpu	utime_ticks	22038
1787409942855466491	cpu	stime_ticks	8876
1787409942855466491	directory	wrapper	1
1787409942855466491	file	cohort-c6010001-ordinal-0000/coefficients.fp2	4294967296
1787409942855466491	file	cohort-c6010001-ordinal-0000/manifest.c6wsp1	180
1787409942855466491	file	cohort-c6010001-ordinal-0000/oracle.fp2	34359738368
1787409942855466491	file	cohort-c6010001-ordinal-0000/root.digest	32
1787409942855466491	file	cohort-c6010001-ordinal-0000/semantic-cache.fp2	536870912
1787409942855466491	file	cohort-c6010002-ordinal-0001/coefficients.fp2	4294967296
1787409942855466491	file	cohort-c6010002-ordinal-0001/oracle.fp2	34359738368
1787409942855466491	file	cohort-c6010002-ordinal-0001/semantic-cache.fp2	536870912
1787409942855466491	file	cohort-c6010002-ordinal-0001/staging/x4b-4659-2-3334471681-0-0-outer-0.bin	8589934592
1787409942855466491	file	cohort-c6010002-ordinal-0001/staging/x4b-4659-2-3334471681-0-0-outer-1.bin	2944401408
1787409943865826279	io	read_bytes	92610383872
1787409943865826279	io	write_bytes	108691898368
1787409943865826279	status	VmHWM_bytes	15919861760
1787409943865826279	status	VmRSS_bytes	9279008768
1787409943865826279	cpu	utime_ticks	22054
1787409943865826279	cpu	stime_ticks	8921
1787409943865826279	directory	wrapper	1
1787409943865826279	file	cohort-c6010001-ordinal-0000/coefficients.fp2	4294967296
1787409943865826279	file	cohort-c6010001-ordinal-0000/manifest.c6wsp1	180
1787409943865826279	file	cohort-c6010001-ordinal-0000/oracle.fp2	34359738368
1787409943865826279	file	cohort-c6010001-ordinal-0000/root.digest	32
1787409943865826279	file	cohort-c6010001-ordinal-0000/semantic-cache.fp2	536870912
1787409943865826279	file	cohort-c6010002-ordinal-0001/coefficients.fp2	4294967296
1787409943865826279	file	cohort-c6010002-ordinal-0001/oracle.fp2	34359738368
1787409943865826279	file	cohort-c6010002-ordinal-0001/semantic-cache.fp2	536870912
1787409943865826279	file	cohort-c6010002-ordinal-0001/staging/x4b-4659-2-3334471681-0-0-outer-0.bin	8589934592
1787409943865826279	file	cohort-c6010002-ordinal-0001/staging/x4b-4659-2-3334471681-0-0-outer-1.bin	3212836864
1787409944877435616	io	read_bytes	93147254784
1787409944877435616	io	write_bytes	108960333824
1787409944877435616	status	VmHWM_bytes	15919861760
1787409944877435616	status	VmRSS_bytes	9313984512
1787409944877435616	cpu	utime_ticks	22068
1787409944877435616	cpu	stime_ticks	8969
1787409944877435616	directory	wrapper	1
1787409944877435616	file	cohort-c6010001-ordinal-0000/coefficients.fp2	4294967296
1787409944877435616	file	cohort-c6010001-ordinal-0000/manifest.c6wsp1	180
1787409944877435616	file	cohort-c6010001-ordinal-0000/oracle.fp2	34359738368
1787409944877435616	file	cohort-c6010001-ordinal-0000/root.digest	32
1787409944877435616	file	cohort-c6010001-ordinal-0000/semantic-cache.fp2	536870912
1787409944877435616	file	cohort-c6010002-ordinal-0001/coefficients.fp2	4294967296
1787409944877435616	file	cohort-c6010002-ordinal-0001/oracle.fp2	34359738368
1787409944877435616	file	cohort-c6010002-ordinal-0001/semantic-cache.fp2	536870912
1787409944877435616	file	cohort-c6010002-ordinal-0001/staging/x4b-4659-2-3334471681-0-0-outer-0.bin	8589934592
1787409944877435616	file	cohort-c6010002-ordinal-0001/staging/x4b-4659-2-3334471681-0-0-outer-1.bin	3481272320
1787409945887791156	io	read_bytes	93684125696
1787409945887791156	io	write_bytes	109228769280
1787409945887791156	status	VmHWM_bytes	15919861760
1787409945887791156	status	VmRSS_bytes	9374494720
1787409945887791156	cpu	utime_ticks	22083
1787409945887791156	cpu	stime_ticks	9016
1787409945887791156	directory	wrapper	1
1787409945887791156	file	cohort-c6010001-ordinal-0000/coefficients.fp2	4294967296
1787409945887791156	file	cohort-c6010001-ordinal-0000/manifest.c6wsp1	180
1787409945887791156	file	cohort-c6010001-ordinal-0000/oracle.fp2	34359738368
1787409945887791156	file	cohort-c6010001-ordinal-0000/root.digest	32
1787409945887791156	file	cohort-c6010001-ordinal-0000/semantic-cache.fp2	536870912
1787409945887791156	file	cohort-c6010002-ordinal-0001/coefficients.fp2	4294967296
1787409945887791156	file	cohort-c6010002-ordinal-0001/oracle.fp2	34359738368
1787409945887791156	file	cohort-c6010002-ordinal-0001/semantic-cache.fp2	536870912
1787409945887791156	file	cohort-c6010002-ordinal-0001/staging/x4b-4659-2-3334471681-0-0-outer-0.bin	8589934592
1787409945887791156	file	cohort-c6010002-ordinal-0001/staging/x4b-4659-2-3334471681-0-0-outer-1.bin	3749707776
1787409946899855021	io	read_bytes	94220996608
1787409946899855021	io	write_bytes	109497204736
1787409946899855021	status	VmHWM_bytes	15919861760
1787409946899855021	status	VmRSS_bytes	9457610752
1787409946899855021	cpu	utime_ticks	22098
1787409946899855021	cpu	stime_ticks	9063
1787409946899855021	directory	wrapper	1
1787409946899855021	file	cohort-c6010001-ordinal-0000/coefficients.fp2	4294967296
1787409946899855021	file	cohort-c6010001-ordinal-0000/manifest.c6wsp1	180
1787409946899855021	file	cohort-c6010001-ordinal-0000/oracle.fp2	34359738368
1787409946899855021	file	cohort-c6010001-ordinal-0000/root.digest	32
1787409946899855021	file	cohort-c6010001-ordinal-0000/semantic-cache.fp2	536870912
1787409946899855021	file	cohort-c6010002-ordinal-0001/coefficients.fp2	4294967296
1787409946899855021	file	cohort-c6010002-ordinal-0001/oracle.fp2	34359738368
1787409946899855021	file	cohort-c6010002-ordinal-0001/semantic-cache.fp2	536870912
1787409946899855021	file	cohort-c6010002-ordinal-0001/staging/x4b-4659-2-3334471681-0-0-outer-0.bin	8589934592
1787409946899855021	file	cohort-c6010002-ordinal-0001/staging/x4b-4659-2-3334471681-0-0-outer-1.bin	4018143232
1787409947910984261	io	read_bytes	94489300992
1787409947910984261	io	write_bytes	109774028800
1787409947910984261	status	VmHWM_bytes	15919861760
1787409947910984261	status	VmRSS_bytes	8960585728
1787409947910984261	cpu	utime_ticks	22105
1787409947910984261	cpu	stime_ticks	9107
1787409947910984261	directory	wrapper	1
1787409947910984261	file	cohort-c6010001-ordinal-0000/coefficients.fp2	4294967296
1787409947910984261	file	cohort-c6010001-ordinal-0000/manifest.c6wsp1	180
1787409947910984261	file	cohort-c6010001-ordinal-0000/oracle.fp2	34359738368
1787409947910984261	file	cohort-c6010001-ordinal-0000/root.digest	32
1787409947910984261	file	cohort-c6010001-ordinal-0000/semantic-cache.fp2	536870912
1787409947910984261	file	cohort-c6010002-ordinal-0001/coefficients.fp2	4294967296
1787409947910984261	file	cohort-c6010002-ordinal-0001/oracle.fp2	34359738368
1787409947910984261	file	cohort-c6010002-ordinal-0001/semantic-cache.fp2	536870912
1787409947910984261	file	cohort-c6010002-ordinal-0001/staging/x4b-4659-2-3334471681-0-0-outer-1.bin	4294967296
1787409948921326546	io	read_bytes	95026302976
1787409948921326546	io	write_bytes	109983744000
1787409948921326546	status	VmHWM_bytes	15919861760
1787409948921326546	status	VmRSS_bytes	9229025280
1787409948921326546	cpu	utime_ticks	22120
1787409948921326546	cpu	stime_ticks	9154
1787409948921326546	directory	wrapper	1
1787409948921326546	file	cohort-c6010001-ordinal-0000/coefficients.fp2	4294967296
1787409948921326546	file	cohort-c6010001-ordinal-0000/manifest.c6wsp1	180
1787409948921326546	file	cohort-c6010001-ordinal-0000/oracle.fp2	34359738368
1787409948921326546	file	cohort-c6010001-ordinal-0000/root.digest	32
1787409948921326546	file	cohort-c6010001-ordinal-0000/semantic-cache.fp2	536870912
1787409948921326546	file	cohort-c6010002-ordinal-0001/coefficients.fp2	4294967296
1787409948921326546	file	cohort-c6010002-ordinal-0001/oracle.fp2	34359738368
1787409948921326546	file	cohort-c6010002-ordinal-0001/semantic-cache.fp2	536870912
1787409948921326546	file	cohort-c6010002-ordinal-0001/staging/x4b-4659-2-3334471681-0-0-outer-1.bin	4294967296
1787409948921326546	file	cohort-c6010002-ordinal-0001/staging/x4b-4659-2-3334471681-0-0-outer-2.bin	234881024
1787409949931156564	io	read_bytes	95563173888
1787409949931156564	io	write_bytes	110285733888
1787409949931156564	status	VmHWM_bytes	15919861760
1787409949931156564	status	VmRSS_bytes	9229025280
1787409949931156564	cpu	utime_ticks	22137
1787409949931156564	cpu	stime_ticks	9198
1787409949931156564	directory	wrapper	1
1787409949931156564	file	cohort-c6010001-ordinal-0000/coefficients.fp2	4294967296
1787409949931156564	file	cohort-c6010001-ordinal-0000/manifest.c6wsp1	180
1787409949931156564	file	cohort-c6010001-ordinal-0000/oracle.fp2	34359738368
1787409949931156564	file	cohort-c6010001-ordinal-0000/root.digest	32
1787409949931156564	file	cohort-c6010001-ordinal-0000/semantic-cache.fp2	536870912
1787409949931156564	file	cohort-c6010002-ordinal-0001/coefficients.fp2	4294967296
1787409949931156564	file	cohort-c6010002-ordinal-0001/oracle.fp2	34359738368
1787409949931156564	file	cohort-c6010002-ordinal-0001/semantic-cache.fp2	536870912
1787409949931156564	file	cohort-c6010002-ordinal-0001/staging/x4b-4659-2-3334471681-0-0-outer-1.bin	4294967296
1787409949931156564	file	cohort-c6010002-ordinal-0001/staging/x4b-4659-2-3334471681-0-0-outer-2.bin	528482304
1787409950940490956	io	read_bytes	96100044800
1787409950940490956	io	write_bytes	110554169344
1787409950940490956	status	VmHWM_bytes	15919861760
1787409950940490956	status	VmRSS_bytes	9229025280
1787409950940490956	cpu	utime_ticks	22152
1787409950940490956	cpu	stime_ticks	9244
1787409950940490956	directory	wrapper	1
1787409950940490956	file	cohort-c6010001-ordinal-0000/coefficients.fp2	4294967296
1787409950940490956	file	cohort-c6010001-ordinal-0000/manifest.c6wsp1	180
1787409950940490956	file	cohort-c6010001-ordinal-0000/oracle.fp2	34359738368
1787409950940490956	file	cohort-c6010001-ordinal-0000/root.digest	32
1787409950940490956	file	cohort-c6010001-ordinal-0000/semantic-cache.fp2	536870912
1787409950940490956	file	cohort-c6010002-ordinal-0001/coefficients.fp2	4294967296
1787409950940490956	file	cohort-c6010002-ordinal-0001/oracle.fp2	34359738368
1787409950940490956	file	cohort-c6010002-ordinal-0001/semantic-cache.fp2	536870912
1787409950940490956	file	cohort-c6010002-ordinal-0001/staging/x4b-4659-2-3334471681-0-0-outer-1.bin	4294967296
1787409950940490956	file	cohort-c6010002-ordinal-0001/staging/x4b-4659-2-3334471681-0-0-outer-2.bin	796917760
1787409951949455961	io	read_bytes	96636915712
1787409951949455961	io	write_bytes	110839382016
1787409951949455961	status	VmHWM_bytes	15919861760
1787409951949455961	status	VmRSS_bytes	9008816128
1787409951949455961	cpu	utime_ticks	22167
1787409951949455961	cpu	stime_ticks	9290
1787409951949455961	directory	wrapper	1
1787409951949455961	file	cohort-c6010001-ordinal-0000/coefficients.fp2	4294967296
1787409951949455961	file	cohort-c6010001-ordinal-0000/manifest.c6wsp1	180
1787409951949455961	file	cohort-c6010001-ordinal-0000/oracle.fp2	34359738368
1787409951949455961	file	cohort-c6010001-ordinal-0000/root.digest	32
1787409951949455961	file	cohort-c6010001-ordinal-0000/semantic-cache.fp2	536870912
1787409951949455961	file	cohort-c6010002-ordinal-0001/coefficients.fp2	4294967296
1787409951949455961	file	cohort-c6010002-ordinal-0001/oracle.fp2	34359738368
1787409951949455961	file	cohort-c6010002-ordinal-0001/semantic-cache.fp2	536870912
1787409951949455961	file	cohort-c6010002-ordinal-0001/staging/x4b-4659-2-3334471681-0-0-outer-1.bin	4294967296
1787409951949455961	file	cohort-c6010002-ordinal-0001/staging/x4b-4659-2-3334471681-0-0-outer-2.bin	1065353216
1787409952958145676	io	read_bytes	97196462080
1787409952958145676	io	write_bytes	111107817472
1787409952958145676	status	VmHWM_bytes	15919861760
1787409952958145676	status	VmRSS_bytes	8983969792
1787409952958145676	cpu	utime_ticks	22176
1787409952958145676	cpu	stime_ticks	9343
1787409952958145676	directory	wrapper	1
1787409952958145676	file	cohort-c6010001-ordinal-0000/coefficients.fp2	4294967296
1787409952958145676	file	cohort-c6010001-ordinal-0000/manifest.c6wsp1	180
1787409952958145676	file	cohort-c6010001-ordinal-0000/oracle.fp2	34359738368
1787409952958145676	file	cohort-c6010001-ordinal-0000/root.digest	32
1787409952958145676	file	cohort-c6010001-ordinal-0000/semantic-cache.fp2	536870912
1787409952958145676	file	cohort-c6010002-ordinal-0001/coefficients.fp2	4294967296
1787409952958145676	file	cohort-c6010002-ordinal-0001/oracle.fp2	34359738368
1787409952958145676	file	cohort-c6010002-ordinal-0001/semantic-cache.fp2	536870912
1787409952958145676	file	cohort-c6010002-ordinal-0001/staging/x4b-4659-2-3334471681-0-0-outer-1.bin	4294967296
1787409952958145676	file	cohort-c6010002-ordinal-0001/staging/x4b-4659-2-3334471681-0-0-outer-2.bin	1333788672
1787409953967193367	io	read_bytes	97710657536
1787409953967193367	io	write_bytes	111242035200
1787409953967193367	status	VmHWM_bytes	15919861760
1787409953967193367	status	VmRSS_bytes	9229025280
1787409953967193367	cpu	utime_ticks	22188
1787409953967193367	cpu	stime_ticks	9383
1787409953967193367	directory	wrapper	1
1787409953967193367	file	cohort-c6010001-ordinal-0000/coefficients.fp2	4294967296
1787409953967193367	file	cohort-c6010001-ordinal-0000/manifest.c6wsp1	180
1787409953967193367	file	cohort-c6010001-ordinal-0000/oracle.fp2	34359738368
1787409953967193367	file	cohort-c6010001-ordinal-0000/root.digest	32
1787409953967193367	file	cohort-c6010001-ordinal-0000/semantic-cache.fp2	536870912
1787409953967193367	file	cohort-c6010002-ordinal-0001/coefficients.fp2	4294967296
1787409953967193367	file	cohort-c6010002-ordinal-0001/oracle.fp2	34359738368
1787409953967193367	file	cohort-c6010002-ordinal-0001/semantic-cache.fp2	536870912
1787409953967193367	file	cohort-c6010002-ordinal-0001/staging/x4b-4659-2-3334471681-0-0-outer-1.bin	4294967296
1787409953967193367	file	cohort-c6010002-ordinal-0001/staging/x4b-4659-2-3334471681-0-0-outer-2.bin	1468006400
1787409954976032024	io	read_bytes	98247528448
1787409954976032024	io	write_bytes	111535636480
1787409954976032024	status	VmHWM_bytes	15919861760
1787409954976032024	status	VmRSS_bytes	9229025280
1787409954976032024	cpu	utime_ticks	22207
1787409954976032024	cpu	stime_ticks	9427
1787409954976032024	directory	wrapper	1
1787409954976032024	file	cohort-c6010001-ordinal-0000/coefficients.fp2	4294967296
1787409954976032024	file	cohort-c6010001-ordinal-0000/manifest.c6wsp1	180
1787409954976032024	file	cohort-c6010001-ordinal-0000/oracle.fp2	34359738368
1787409954976032024	file	cohort-c6010001-ordinal-0000/root.digest	32
1787409954976032024	file	cohort-c6010001-ordinal-0000/semantic-cache.fp2	536870912
1787409954976032024	file	cohort-c6010002-ordinal-0001/coefficients.fp2	4294967296
1787409954976032024	file	cohort-c6010002-ordinal-0001/oracle.fp2	34359738368
1787409954976032024	file	cohort-c6010002-ordinal-0001/semantic-cache.fp2	536870912
1787409954976032024	file	cohort-c6010002-ordinal-0001/staging/x4b-4659-2-3334471681-0-0-outer-1.bin	4294967296
1787409954976032024	file	cohort-c6010002-ordinal-0001/staging/x4b-4659-2-3334471681-0-0-outer-2.bin	1784676352
1787409955984628493	io	read_bytes	98784268288
1787409955984628493	io	write_bytes	111913123840
1787409955984628493	status	VmHWM_bytes	15919861760
1787409955984628493	status	VmRSS_bytes	9070133248
1787409955984628493	cpu	utime_ticks	22223
1787409955984628493	cpu	stime_ticks	9474
1787409955984628493	directory	wrapper	1
1787409955984628493	file	cohort-c6010001-ordinal-0000/coefficients.fp2	4294967296
1787409955984628493	file	cohort-c6010001-ordinal-0000/manifest.c6wsp1	180
1787409955984628493	file	cohort-c6010001-ordinal-0000/oracle.fp2	34359738368
1787409955984628493	file	cohort-c6010001-ordinal-0000/root.digest	32
1787409955984628493	file	cohort-c6010001-ordinal-0000/semantic-cache.fp2	536870912
1787409955984628493	file	cohort-c6010002-ordinal-0001/coefficients.fp2	4294967296
1787409955984628493	file	cohort-c6010002-ordinal-0001/oracle.fp2	34359738368
1787409955984628493	file	cohort-c6010002-ordinal-0001/semantic-cache.fp2	536870912
1787409955984628493	file	cohort-c6010002-ordinal-0001/staging/x4b-4659-2-3334471681-0-0-outer-1.bin	4294967296
1787409955984628493	file	cohort-c6010002-ordinal-0001/staging/x4b-4659-2-3334471681-0-0-outer-2.bin	2139095040
1787409956994019001	io	read_bytes	99152056320
1787409956994019001	io	write_bytes	112047341568
1787409956994019001	status	VmHWM_bytes	15919861760
1787409956994019001	status	VmRSS_bytes	9061122048
1787409956994019001	cpu	utime_ticks	22230
1787409956994019001	cpu	stime_ticks	9512
1787409956994019001	directory	wrapper	1
1787409956994019001	file	cohort-c6010001-ordinal-0000/coefficients.fp2	4294967296
1787409956994019001	file	cohort-c6010001-ordinal-0000/manifest.c6wsp1	180
1787409956994019001	file	cohort-c6010001-ordinal-0000/oracle.fp2	34359738368
1787409956994019001	file	cohort-c6010001-ordinal-0000/root.digest	32
1787409956994019001	file	cohort-c6010001-ordinal-0000/semantic-cache.fp2	536870912
1787409956994019001	file	cohort-c6010002-ordinal-0001/coefficients.fp2	4294967296
1787409956994019001	file	cohort-c6010002-ordinal-0001/oracle.fp2	34359738368
1787409956994019001	file	cohort-c6010002-ordinal-0001/semantic-cache.fp2	536870912
1787409956994019001	file	cohort-c6010002-ordinal-0001/staging/x4b-4659-2-3334471681-0-0-outer-2.bin	2147483648
1787409956994019001	file	cohort-c6010002-ordinal-0001/staging/x4b-4659-2-3334471681-0-0-outer-3.bin	125829120
1787409958007291688	io	read_bytes	99719598080
1787409958007291688	io	write_bytes	112315777024
1787409958007291688	status	VmHWM_bytes	15919861760
1787409958007291688	status	VmRSS_bytes	9091661824
1787409958007291688	cpu	utime_ticks	22246
1787409958007291688	cpu	stime_ticks	9557
1787409958007291688	directory	wrapper	1
1787409958007291688	file	cohort-c6010001-ordinal-0000/coefficients.fp2	4294967296
1787409958007291688	file	cohort-c6010001-ordinal-0000/manifest.c6wsp1	180
1787409958007291688	file	cohort-c6010001-ordinal-0000/oracle.fp2	34359738368
1787409958007291688	file	cohort-c6010001-ordinal-0000/root.digest	32
1787409958007291688	file	cohort-c6010001-ordinal-0000/semantic-cache.fp2	536870912
1787409958007291688	file	cohort-c6010002-ordinal-0001/coefficients.fp2	4294967296
1787409958007291688	file	cohort-c6010002-ordinal-0001/oracle.fp2	34359738368
1787409958007291688	file	cohort-c6010002-ordinal-0001/semantic-cache.fp2	536870912
1787409958007291688	file	cohort-c6010002-ordinal-0001/staging/x4b-4659-2-3334471681-0-0-outer-2.bin	2147483648
1787409958007291688	file	cohort-c6010002-ordinal-0001/staging/x4b-4659-2-3334471681-0-0-outer-3.bin	394264576
1787409959017986759	io	read_bytes	100284518400
1787409959017986759	io	write_bytes	112584212480
1787409959017986759	status	VmHWM_bytes	15919861760
1787409959017986759	status	VmRSS_bytes	9119449088
1787409959017986759	cpu	utime_ticks	22255
1787409959017986759	cpu	stime_ticks	9610
1787409959017986759	directory	wrapper	1
1787409959017986759	file	cohort-c6010001-ordinal-0000/coefficients.fp2	4294967296
1787409959017986759	file	cohort-c6010001-ordinal-0000/manifest.c6wsp1	180
1787409959017986759	file	cohort-c6010001-ordinal-0000/oracle.fp2	34359738368
1787409959017986759	file	cohort-c6010001-ordinal-0000/root.digest	32
1787409959017986759	file	cohort-c6010001-ordinal-0000/semantic-cache.fp2	536870912
1787409959017986759	file	cohort-c6010002-ordinal-0001/coefficients.fp2	4294967296
1787409959017986759	file	cohort-c6010002-ordinal-0001/oracle.fp2	34359738368
1787409959017986759	file	cohort-c6010002-ordinal-0001/semantic-cache.fp2	536870912
1787409959017986759	file	cohort-c6010002-ordinal-0001/staging/x4b-4659-2-3334471681-0-0-outer-2.bin	2147483648
1787409959017986759	file	cohort-c6010002-ordinal-0001/staging/x4b-4659-2-3334471681-0-0-outer-3.bin	662700032
1787409960028400409	io	read_bytes	100850618368
1787409960028400409	io	write_bytes	112852647936
1787409960028400409	status	VmHWM_bytes	15919861760
1787409960028400409	status	VmRSS_bytes	9148678144
1787409960028400409	cpu	utime_ticks	22272
1787409960028400409	cpu	stime_ticks	9654
1787409960028400409	directory	wrapper	1
1787409960028400409	file	cohort-c6010001-ordinal-0000/coefficients.fp2	4294967296
1787409960028400409	file	cohort-c6010001-ordinal-0000/manifest.c6wsp1	180
1787409960028400409	file	cohort-c6010001-ordinal-0000/oracle.fp2	34359738368
1787409960028400409	file	cohort-c6010001-ordinal-0000/root.digest	32
1787409960028400409	file	cohort-c6010001-ordinal-0000/semantic-cache.fp2	536870912
1787409960028400409	file	cohort-c6010002-ordinal-0001/coefficients.fp2	4294967296
1787409960028400409	file	cohort-c6010002-ordinal-0001/oracle.fp2	34359738368
1787409960028400409	file	cohort-c6010002-ordinal-0001/semantic-cache.fp2	536870912
1787409960028400409	file	cohort-c6010002-ordinal-0001/staging/x4b-4659-2-3334471681-0-0-outer-2.bin	2147483648
1787409960028400409	file	cohort-c6010002-ordinal-0001/staging/x4b-4659-2-3334471681-0-0-outer-3.bin	931135488
1787409961038305869	io	read_bytes	101200318464
1787409961038305869	io	write_bytes	112995254272
1787409961038305869	status	VmHWM_bytes	15919861760
1787409961038305869	status	VmRSS_bytes	9452949504
1787409961038305869	cpu	utime_ticks	22283
1787409961038305869	cpu	stime_ticks	9691
1787409961038305869	directory	wrapper	1
1787409961038305869	file	cohort-c6010001-ordinal-0000/coefficients.fp2	4294967296
1787409961038305869	file	cohort-c6010001-ordinal-0000/manifest.c6wsp1	180
1787409961038305869	file	cohort-c6010001-ordinal-0000/oracle.fp2	34359738368
1787409961038305869	file	cohort-c6010001-ordinal-0000/root.digest	32
1787409961038305869	file	cohort-c6010001-ordinal-0000/semantic-cache.fp2	536870912
1787409961038305869	file	cohort-c6010002-ordinal-0001/coefficients.fp2	4294967296
1787409961038305869	file	cohort-c6010002-ordinal-0001/oracle.fp2	34359738368
1787409961038305869	file	cohort-c6010002-ordinal-0001/semantic-cache.fp2	536870912
1787409961038305869	file	cohort-c6010002-ordinal-0001/staging/x4b-4659-2-3334471681-0-0-outer-3.bin	1073741824
1787409961038305869	file	cohort-c6010002-ordinal-0001/staging/x4b-4659-2-3334471681-0-0-outer-4.bin	0
1787409962048551452	io	read_bytes	101737189376
1787409962048551452	io	write_bytes	113255301120
1787409962048551452	status	VmHWM_bytes	15919861760
1787409962048551452	status	VmRSS_bytes	9417768960
1787409962048551452	cpu	utime_ticks	22298
1787409962048551452	cpu	stime_ticks	9738
1787409962048551452	directory	wrapper	1
1787409962048551452	file	cohort-c6010001-ordinal-0000/coefficients.fp2	4294967296
1787409962048551452	file	cohort-c6010001-ordinal-0000/manifest.c6wsp1	180
1787409962048551452	file	cohort-c6010001-ordinal-0000/oracle.fp2	34359738368
1787409962048551452	file	cohort-c6010001-ordinal-0000/root.digest	32
1787409962048551452	file	cohort-c6010001-ordinal-0000/semantic-cache.fp2	536870912
1787409962048551452	file	cohort-c6010002-ordinal-0001/coefficients.fp2	4294967296
1787409962048551452	file	cohort-c6010002-ordinal-0001/oracle.fp2	34359738368
1787409962048551452	file	cohort-c6010002-ordinal-0001/semantic-cache.fp2	536870912
1787409962048551452	file	cohort-c6010002-ordinal-0001/staging/x4b-4659-2-3334471681-0-0-outer-3.bin	1073741824
1787409962048551452	file	cohort-c6010002-ordinal-0001/staging/x4b-4659-2-3334471681-0-0-outer-4.bin	260046848
1787409963059235572	io	read_bytes	102212718592
1787409963059235572	io	write_bytes	113532125184
1787409963059235572	status	VmHWM_bytes	15919861760
1787409963059235572	status	VmRSS_bytes	9169178624
1787409963059235572	cpu	utime_ticks	22310
1787409963059235572	cpu	stime_ticks	9780
1787409963059235572	directory	wrapper	1
1787409963059235572	file	cohort-c6010001-ordinal-0000/coefficients.fp2	4294967296
1787409963059235572	file	cohort-c6010001-ordinal-0000/manifest.c6wsp1	180
1787409963059235572	file	cohort-c6010001-ordinal-0000/oracle.fp2	34359738368
1787409963059235572	file	cohort-c6010001-ordinal-0000/root.digest	32
1787409963059235572	file	cohort-c6010001-ordinal-0000/semantic-cache.fp2	536870912
1787409963059235572	file	cohort-c6010002-ordinal-0001/coefficients.fp2	4294967296
1787409963059235572	file	cohort-c6010002-ordinal-0001/oracle.fp2	34359738368
1787409963059235572	file	cohort-c6010002-ordinal-0001/semantic-cache.fp2	536870912
1787409963059235572	file	cohort-c6010002-ordinal-0001/staging/x4b-4659-2-3334471681-0-0-outer-4.bin	536870912
1787409963059235572	file	cohort-c6010002-ordinal-0001/staging/x4b-4659-2-3334471681-0-0-outer-5.bin	0
1787409964071200700	io	read_bytes	102702403584
1787409964071200700	io	write_bytes	113800560640
1787409964071200700	status	VmHWM_bytes	15919861760
1787409964071200700	status	VmRSS_bytes	9121542144
1787409964071200700	cpu	utime_ticks	22323
1787409964071200700	cpu	stime_ticks	9827
1787409964071200700	directory	wrapper	1
1787409964071200700	file	cohort-c6010001-ordinal-0000/coefficients.fp2	4294967296
1787409964071200700	file	cohort-c6010001-ordinal-0000/manifest.c6wsp1	180
1787409964071200700	file	cohort-c6010001-ordinal-0000/oracle.fp2	34359738368
1787409964071200700	file	cohort-c6010001-ordinal-0000/root.digest	32
1787409964071200700	file	cohort-c6010001-ordinal-0000/semantic-cache.fp2	536870912
1787409964071200700	file	cohort-c6010002-ordinal-0001/coefficients.fp2	4294967296
1787409964071200700	file	cohort-c6010002-ordinal-0001/oracle.fp2	34359738368
1787409964071200700	file	cohort-c6010002-ordinal-0001/semantic-cache.fp2	536870912
1787409964071200700	file	cohort-c6010002-ordinal-0001/staging/x4b-4659-2-3334471681-0-0-outer-5.bin	268435456
1787409964071200700	file	cohort-c6010002-ordinal-0001/staging/x4b-4659-2-3334471681-0-0-outer-6.bin	0
1787409965082177082	io	read_bytes	103079256064
1787409965082177082	io	write_bytes	114069028864
1787409965082177082	status	VmHWM_bytes	15919861760
1787409965082177082	status	VmRSS_bytes	8642801664
1787409965082177082	cpu	utime_ticks	22338
1787409965082177082	cpu	stime_ticks	9872
1787409965082177082	directory	wrapper	1
1787409965082177082	file	cohort-c6010001-ordinal-0000/coefficients.fp2	4294967296
1787409965082177082	file	cohort-c6010001-ordinal-0000/manifest.c6wsp1	180
1787409965082177082	file	cohort-c6010001-ordinal-0000/oracle.fp2	34359738368
1787409965082177082	file	cohort-c6010001-ordinal-0000/root.digest	32
1787409965082177082	file	cohort-c6010001-ordinal-0000/semantic-cache.fp2	536870912
1787409965082177082	file	cohort-c6010002-ordinal-0001/coefficients.fp2	4294967296
1787409965082177082	file	cohort-c6010002-ordinal-0001/manifest.c6wsp1	180
1787409965082177082	file	cohort-c6010002-ordinal-0001/oracle.fp2	34359738368
1787409965082177082	file	cohort-c6010002-ordinal-0001/root.digest	32
1787409965082177082	file	cohort-c6010002-ordinal-0001/semantic-cache.fp2	536870912
1787409966093315239	cpu	utime_ticks	22339
1787409966093315239	cpu	stime_ticks	9968
1787409966093315239	directory	wrapper	1
1787409966093315239	file	cohort-c6010001-ordinal-0000/coefficients.fp2	4294967296
1787409966093315239	file	cohort-c6010001-ordinal-0000/manifest.c6wsp1	180
1787409966093315239	file	cohort-c6010001-ordinal-0000/oracle.fp2	34359738368
1787409966093315239	file	cohort-c6010001-ordinal-0000/root.digest	32
1787409966093315239	file	cohort-c6010001-ordinal-0000/semantic-cache.fp2	536870912
1787409966093315239	file	cohort-c6010002-ordinal-0001/coefficients.fp2	4294967296
1787409966093315239	file	cohort-c6010002-ordinal-0001/manifest.c6wsp1	180
1787409966093315239	file	cohort-c6010002-ordinal-0001/oracle.fp2	34359738368
1787409966093315239	file	cohort-c6010002-ordinal-0001/root.digest	32
1787409966093315239	file	cohort-c6010002-ordinal-0001/semantic-cache.fp2	536870912
1787409967106467459	process	exit_status	0
