unix_seconds,sample_duration_seconds,host_tree_rss_bytes,host_tree_swap_bytes,whole_gpu_used_bytes,whole_gpu_free_bytes,resident_host_W_lower_bound_bytes,resident_device_W_bytes,sampled_temporary_bytes,W_transition_incomplete,cgroup_memory_current_bytes,disk_available_bytes,smaps_read_failures
1791587622.0938215,0.027990635484457016,47902720,0,0,85017493504,0,0,47902720,0,113000288256,121149034496,0
1791587622.2931554,0.02722669579088688,78495744,0,0,85017493504,0,0,78495744,0,113029816320,121149030400,0
1791587622.4928277,0.02680099755525589,78827520,0,0,85017493504,0,0,78827520,0,113029623808,121149030400,0
1791587622.6966898,0.030580559745430946,78827520,0,0,85017493504,0,0,78827520,0,113029853184,121149030400,0
1791587622.8976994,0.03146669827401638,78827520,0,0,85017493504,0,0,78827520,0,113029455872,121149030400,0
1791587623.0957403,0.029413748532533646,78827520,0,0,85017493504,0,0,78827520,0,113029410816,121149030400,0
1791587623.2952332,0.0288045946508646,78827520,0,0,85017493504,0,0,78827520,0,113029308416,121149030400,0
1791587623.4957542,0.029201019555330276,78827520,0,0,85017493504,0,0,78827520,0,113029349376,121149030400,0
1791587623.696049,0.029408959671854973,78827520,0,0,85017493504,0,0,78827520,0,113007009792,121149030400,0
1791587623.8971267,0.030391957610845566,78831616,0,0,85017493504,0,0,78831616,0,113011462144,121149030400,0
1791587624.0970778,0.030254801735281944,78839808,0,0,85017493504,0,0,78839808,0,113007263744,121149030400,0
1791587624.2963917,0.0294809453189373,78839808,0,0,85017493504,0,0,78839808,0,113007276032,121149030400,0
1791587624.4952316,0.02822038345038891,78839808,0,0,85017493504,0,0,78839808,0,113007202304,121149030400,0
1791587624.6942966,0.02720029465854168,87633920,0,0,85017493504,0,0,87633920,0,113015914496,121149030400,0
1791587624.8938177,0.026651427149772644,87633920,0,0,85017493504,0,0,87633920,0,113015734272,121149030400,0
1791587625.0927715,0.02550348825752735,87633920,0,0,85017493504,0,0,87633920,0,113015787520,121149030400,0
1791587625.2912934,0.02395467273890972,87638016,0,0,85017493504,0,0,87638016,0,113015713792,121149030400,0
1791587625.497235,0.029795626178383827,87638016,0,0,85017493504,0,0,87638016,0,113015308288,121149030400,0
1791587625.6994045,0.031879644840955734,87638016,0,0,85017493504,0,0,87638016,0,113015357440,121149030400,0
1791587625.8954852,0.027865851297974586,87638016,0,0,85017493504,0,0,87638016,0,113015279616,121149030400,0
1791587626.0962882,0.028586752712726593,87638016,0,0,85017493504,0,0,87638016,0,113015382016,121149030400,0
1791587626.295397,0.02761363610625267,87638016,0,0,85017493504,0,0,87638016,0,113015476224,121149030400,0
1791587626.496641,0.028763363137841225,87638016,0,0,85017493504,0,0,87638016,0,113015545856,121149030400,0
1791587626.6970677,0.029096823185682297,87638016,0,0,85017493504,0,0,87638016,0,113015422976,121149030400,0
1791587626.894194,0.026153860613703728,87638016,0,0,85017493504,0,0,87638016,0,113015136256,121149030400,0
1791587627.1010916,0.03297733515501022,96063488,0,0,85017493504,0,0,96063488,0,113023705088,121149030400,0
1791587627.2959871,0.027780573815107346,96428032,0,0,85017493504,0,0,96428032,0,113024323584,121149030400,0
1791587627.4960608,0.027753712609410286,96428032,0,0,85017493504,0,0,96428032,0,113024425984,121149030400,0
1791587627.6979046,0.029512394219636917,96428032,0,0,85017493504,0,0,96428032,0,113024278528,121149030400,0
1791587627.8976119,0.029129380360245705,96428032,0,0,85017493504,0,0,96428032,0,113024221184,121149030400,0
1791587628.0928748,0.024323340505361557,96428032,0,0,85017493504,0,0,96428032,0,113024253952,121149030400,0
1791587628.2973332,0.028699278831481934,96428032,0,0,85017493504,0,0,96428032,0,113024335872,121149030400,0
1791587628.4971993,0.02847159653902054,96428032,0,0,85017493504,0,0,96428032,0,113024360448,121149030400,0
1791587628.6977377,0.028923850506544113,96432128,0,0,85017493504,0,0,96432128,0,113024385024,121149030400,0
1791587628.8992035,0.03030405379831791,96436224,0,0,85017493504,0,0,96436224,0,113024659456,121149030400,0
1791587629.0975416,0.02852855995297432,96436224,0,0,85017493504,0,0,96436224,0,113024307200,121149030400,0
1791587629.2982204,0.02912709303200245,96436224,0,0,85017493504,0,0,96436224,0,113024372736,121149026304,0
1791587629.5122607,0.043034372851252556,100786176,0,0,85017493504,0,0,100786176,0,113028591616,121149022208,0
1791587629.697374,0.028042377904057503,129990656,0,0,85017493504,0,0,129990656,0,113057648640,121149022208,0
1791587629.8950405,0.02563970349729061,129990656,0,0,85017493504,0,0,129990656,0,113057607680,121149022208,0
1791587630.0991132,0.029630059376358986,129990656,0,0,85017493504,0,0,129990656,0,113057357824,121149022208,0
1791587630.2981288,0.02856031246483326,129990656,0,0,85017493504,0,0,129990656,0,113057460224,121149022208,0
1791587630.4976397,0.027965620160102844,129990656,0,0,85017493504,0,0,129990656,0,113057398784,121149022208,0
1791587630.7010422,0.031284213066101074,129990656,0,0,85017493504,0,0,129990656,0,113057189888,121149022208,0
1791587630.9000263,0.030180715024471283,129990656,0,0,85017493504,0,0,129990656,0,113057546240,121149022208,0
1791587631.1001232,0.030179571360349655,129990656,0,0,85017493504,0,0,129990656,0,113057636352,121149022208,0
1791587631.2997277,0.029681093990802765,129990656,0,0,85017493504,0,0,129990656,0,113057886208,121149022208,0
1791587631.500722,0.030598636716604233,129990656,0,0,85017493504,0,0,129990656,0,113057628160,121149022208,0
1791587631.698581,0.02837536297738552,129990656,0,0,85017493504,0,0,129990656,0,113057677312,121149022208,0
1791587631.901238,0.030918074771761894,129990656,0,0,85017493504,0,0,129990656,0,113057779712,121149022208,0
1791587632.1019223,0.0315008033066988,140820480,0,0,85017493504,0,0,140820480,0,113068843008,121149022208,0
1791587632.3001595,0.02965053915977478,140820480,0,0,85017493504,0,0,140820480,0,113068650496,121149022208,0
1791587632.5001447,0.02954619750380516,140820480,0,0,85017493504,0,0,140820480,0,113068744704,121149022208,0
1791587632.6976087,0.02692754939198494,140820480,0,0,85017493504,0,0,140820480,0,113068834816,121149022208,0
1791587632.9011266,0.030348459258675575,140820480,0,0,85017493504,0,0,140820480,0,113068793856,121149022208,0
1791587633.100893,0.030011389404535294,140820480,0,0,85017493504,0,0,140820480,0,113069113344,121149022208,0
1791587633.298172,0.027174724265933037,140820480,0,0,85017493504,0,0,140820480,0,113068625920,121149022208,0
1791587633.5008714,0.02977002039551735,140820480,0,0,85017493504,0,0,140820480,0,113068511232,121149022208,0
1791587633.6992242,0.027838047593832016,140820480,0,0,85017493504,0,0,140820480,0,113068265472,121149022208,0
1791587633.90105,0.029553977772593498,140824576,0,0,85017493504,0,0,140824576,0,113068273664,121149022208,0
1791587634.101385,0.029792888090014458,140824576,0,0,85017493504,0,0,140824576,0,113068343296,121149022208,0
1791587634.3012779,0.029586797580122948,140824576,0,0,85017493504,0,0,140824576,0,113068187648,121149022208,0
1791587634.5002563,0.02847231552004814,140992512,0,0,85017493504,0,0,140992512,0,113068445696,121149022208,0
1791587634.7004695,0.02858988381922245,147603456,0,0,85017493504,0,0,147603456,0,113075208192,121149022208,0
1791587634.9024413,0.030480919405817986,147603456,0,0,85017493504,0,0,147603456,0,113075191808,121149022208,0
1791587635.10297,0.03090778924524784,147603456,0,0,85017493504,0,0,147603456,0,113075437568,121149022208,0
1791587635.303932,0.03177323006093502,147603456,0,0,85017493504,0,0,147603456,0,113075089408,121149022208,0
1791587635.5003195,0.0280678179115057,147603456,0,0,85017493504,0,0,147603456,0,113075015680,121149022208,0
1791587635.701341,0.028984898701310158,147603456,0,0,85017493504,0,0,147603456,0,113075277824,121149022208,0
1791587635.9024482,0.029999803751707077,147603456,0,0,85017493504,0,0,147603456,0,113075142656,121149022208,0
1791587636.1034665,0.030926253646612167,147603456,0,0,85017493504,0,0,147603456,0,113075097600,121149022208,0
1791587636.3016562,0.02902981825172901,147603456,0,0,85017493504,0,0,147603456,0,113075032064,121149022208,0
1791587636.5023873,0.02966379188001156,147603456,0,0,85017493504,0,0,147603456,0,113075122176,121149022208,0
1791587636.7021923,0.029375232756137848,147603456,0,0,85017493504,0,0,147603456,0,113074941952,121149018112,0
1791587636.9003966,0.02748781070113182,147603456,0,0,85017493504,0,0,147603456,0,113075036160,121149018112,0
1791587637.1005359,0.027548307552933693,136880128,0,0,85017493504,0,0,136880128,0,113064509440,121149014016,0
1791587637.298501,0.025446465238928795,136896512,0,0,85017493504,0,0,136896512,0,113064574976,121149014016,0
1791587637.4980202,0.02487042546272278,136908800,0,0,85017493504,0,0,136908800,0,113064341504,121149014016,0
1791587637.7024553,0.029183605685830116,136916992,0,0,85017493504,0,0,136916992,0,113064620032,121149014016,0
1791587637.9108424,0.03748224675655365,171261952,0,0,85017493504,11051008,0,160210944,0,113098432512,121149009920,0
1791587638.111149,0.03770364075899124,318066688,0,0,85017493504,157851648,0,160215040,0,113245184000,121149009920,0
1791587638.3061361,0.03261285834014416,458604544,0,0,85017493504,298360832,0,160243712,0,113386393600,121149009920,0
1791587638.5117424,0.038127606734633446,590725120,0,0,85017493504,453550080,0,137175040,0,113518686208,121149009920,0
1791587638.7111688,0.03746136836707592,597028864,0,0,85017493504,459841536,0,137187328,0,113524740096,121149009920,0
1791587638.9123626,0.03856303542852402,599126016,0,0,85017493504,461938688,0,137187328,0,113526214656,121149009920,0
1791587639.1123736,0.03848274052143097,601223168,0,0,85017493504,464035840,0,137187328,0,113528565760,121149009920,0
1791587639.3115993,0.03758741170167923,624291840,0,0,85017493504,482910208,0,141381632,0,113552076800,121149009920,0
1791587639.5129857,0.038886820897459984,657862656,0,0,85017493504,516464640,0,141398016,0,113585672192,121149009920,0
1791587639.7115357,0.037313682958483696,689319936,0,0,85017493504,547921920,0,141398016,0,113617739776,121149009920,0
1791587639.91295,0.038637809455394745,724971520,0,0,85017493504,581476352,0,143495168,0,113652883456,121149009920,0
1791587640.1123848,0.03798488527536392,758525952,0,0,85017493504,615030784,0,143495168,0,113686446080,121149009920,0
1791587640.3107243,0.036243828013539314,792080384,0,0,85017493504,650682368,0,141398016,0,113720328192,121149009920,0
1791587640.510421,0.035840556025505066,825634816,0,0,85017493504,684236800,0,141398016,0,113753853952,121149009920,0
1791587640.7099025,0.03524058125913143,859205632,0,0,85017493504,717791232,0,141414400,0,113787207680,121149009920,0
1791587640.9125748,0.03782449662685394,892760064,0,0,85017493504,749248512,0,143511552,0,113820762112,121149009920,0
1791587641.1142182,0.03935536742210388,924217344,0,0,85017493504,782802944,0,141414400,0,113852784640,121149009920,0
1791587641.3128839,0.037932926788926125,957771776,0,0,85017493504,816357376,0,141414400,0,113886019584,121149009920,0
1791587641.5149846,0.03994568809866905,989229056,0,0,85017493504,847814656,0,141414400,0,113917267968,121149009920,0
1791587641.713116,0.03794421628117561,1020686336,0,0,85017493504,879271936,0,141414400,0,113948831744,121149009920,0
1791587641.912075,0.0368086751550436,1054257152,0,0,85017493504,912826368,0,141430784,0,113982771200,121149009920,0
1791587642.1124613,0.037101514637470245,1087811584,0,0,85017493504,946380800,0,141430784,0,114016555008,121149009920,0
1791587642.3102846,0.0348373930901289,1121366016,0,0,85017493504,979935232,0,141430784,0,114050154496,121149009920,0
1791587642.5103872,0.03484218195080757,1154920448,0,0,85017493504,1013489664,0,141430784,0,114083512320,121149009920,0
1791587642.7115672,0.03593819588422775,1188474880,0,0,85017493504,1047044096,0,141430784,0,114119491584,121149009920,0
1791587642.9165134,0.04080371558666229,1224126464,0,0,85017493504,1080598528,0,143527936,0,114153095168,121149009920,0
1791587643.112813,0.037004003301262856,1255600128,0,0,85017493504,1114152960,0,141447168,0,114184781824,121149009920,0
1791587643.3120842,0.03619011119008064,1289154560,0,0,85017493504,1147707392,0,141447168,0,114217947136,121149009920,0
1791587643.5129948,0.036982642486691475,1322708992,0,0,85017493504,1181261824,0,141447168,0,114251751424,121149009920,0
1791587643.7129369,0.03682894632220268,1356263424,0,0,85017493504,1214816256,0,141447168,0,114286358528,121149005824,0
1791587643.914478,0.03823850303888321,1389817856,0,0,85017493504,1246273536,0,143544320,0,114319753216,121149005824,0
1791587644.1119213,0.03559166379272938,1421275136,0,0,85017493504,1279827968,0,141447168,0,114351329280,121149005824,0
1791587644.311456,0.03504440747201443,1454845952,0,0,85017493504,1313382400,0,141463552,0,114386907136,121149005824,0
1791587644.514115,0.037611883133649826,1490497536,0,0,85017493504,1346936832,0,143560704,0,114420338688,121149005824,0
1791587644.7131083,0.03651856258511543,1524051968,0,0,85017493504,1380491264,0,143560704,0,114453803008,121149005824,0
1791587644.9124217,0.03574903681874275,1555509248,0,0,85017493504,1414045696,0,141463552,0,114485334016,121149005824,0
1791587645.1148381,0.03806781396269798,1589067776,0,0,85017493504,1447600128,0,141467648,0,114519228416,121149005824,0
1791587645.3162987,0.03943389095366001,1620525056,0,0,85017493504,1479057408,0,141467648,0,114550763520,121149005824,0
1791587645.518794,0.041824936866760254,1647804416,0,0,85017493504,1508417536,0,139386880,0,114579849216,121149005824,0
1791587645.7150557,0.03799874894320965,1679261696,0,0,85017493504,1537777664,0,141484032,0,114609106944,121149005824,0
1791587645.9157183,0.038570476695895195,1710718976,0,0,85017493504,1569234944,0,141484032,0,114641182720,121149005824,0
1791587646.1126025,0.03536165878176689,1742176256,0,0,85017493504,1600692224,0,141484032,0,114672730112,121149005824,0
1791587646.3147805,0.03745330311357975,1777827840,0,0,85017493504,1634246656,0,143581184,0,114711330816,121149005824,0
1791587646.5144403,0.037022607401013374,1811382272,0,0,85017493504,1669898240,0,141484032,0,114744975360,121149005824,0
1791587646.712873,0.03536022827029228,1844953088,0,0,85017493504,1703452672,0,141500416,0,114778914816,121149005824,0
1791587646.916672,0.03907537832856178,1878507520,0,0,85017493504,1737007104,0,141500416,0,114812583936,121149005824,0
1791587647.1167796,0.03907736577093601,1909964800,0,0,85017493504,1768464384,0,141500416,0,114849480704,121149005824,0
1791587647.3180244,0.04023122787475586,1941422080,0,0,85017493504,1797824512,0,143597568,0,114884292608,121149005824,0
1791587647.51596,0.038075247779488564,1972879360,0,0,85017493504,1831378944,0,141500416,0,114905137152,121149005824,0
1791587647.7154367,0.03746648505330086,2004336640,0,0,85017493504,1862836224,0,141500416,0,114936324096,121149005824,0
1791587647.9130392,0.03498145565390587,2037891072,0,0,85017493504,1894293504,0,143597568,0,114969911296,121149005824,0
1791587648.1154034,0.03725919686257839,2069348352,0,0,85017493504,1927847936,0,141500416,0,115001442304,121149005824,0
1791587648.3130796,0.03487016074359417,2102902784,0,0,85017493504,1961402368,0,141500416,0,115034968064,121149005824,0
1791587648.5129802,0.03468257188796997,2136457216,0,0,85017493504,1992859648,0,143597568,0,115068846080,121149005824,0
1791587648.7121103,0.0337283406406641,2167914496,0,0,85017493504,2026414080,0,141500416,0,115100389376,121149005824,0
1791587648.9178545,0.03938598558306694,2203566080,0,0,85017493504,2059968512,0,143597568,0,115136102400,121149005824,0
1791587649.118026,0.03946905955672264,2235023360,0,0,85017493504,2093522944,0,141500416,0,115166932992,121149005824,0
1791587649.3171315,0.03848814778029919,2268577792,0,0,85017493504,2124980224,0,143597568,0,115200749568,121149005824,0
1791587649.516307,0.03757150657474995,2300035072,0,0,85017493504,2158534656,0,141500416,0,115232108544,121149005824,0
1791587649.715595,0.03677551448345184,2333589504,0,0,85017493504,2192089088,0,141500416,0,115265785856,121149005824,0
1791587649.9183486,0.03944348357617855,2367143936,0,0,85017493504,2225643520,0,141500416,0,115299364864,121149005824,0
1791587650.1149137,0.03592272847890854,2400698368,0,0,85017493504,2259197952,0,141500416,0,115332947968,121149005824,0
1791587650.31343,0.03435577638447285,2434252800,0,0,85017493504,2292752384,0,141500416,0,115366494208,121149005824,0
1791587650.5144799,0.03531932830810547,2469904384,0,0,85017493504,2326306816,0,143597568,0,115402240000,121149001728,0
1791587650.7151237,0.03587857075035572,2505555968,0,0,85017493504,2361958400,0,143597568,0,115437989888,121149001728,0
1791587650.9186592,0.0393315926194191,2539110400,0,0,85017493504,2397609984,0,141500416,0,115471347712,121149001728,0
1791587651.1163874,0.0369576271623373,2572664832,0,0,85017493504,2431164416,0,141500416,0,115504693248,121149001728,0
1791587651.3167229,0.037187645211815834,2604122112,0,0,85017493504,2462621696,0,141500416,0,115536297984,121149001728,0
1791587651.5198944,0.04025021381676197,2637680640,0,0,85017493504,2494078976,0,143601664,0,115569602560,121149001728,0
1791587651.7178836,0.0381502453237772,2671235072,0,0,85017493504,2527633408,0,143601664,0,115603763200,121149001728,0
1791587651.917341,0.037518568336963654,2704789504,0,0,85017493504,2561187840,0,143601664,0,115637137408,121149001728,0
1791587652.1161315,0.03621995262801647,2738343936,0,0,85017493504,2596839424,0,141504512,0,115672817664,121149001728,0
1791587652.3177412,0.037737756967544556,2773995520,0,0,85017493504,2632491008,0,141504512,0,115706462208,121149001728,0
1791587652.514703,0.03461001627147198,2807549952,0,0,85017493504,2666045440,0,141504512,0,115740352512,121149001728,0
1791587652.715284,0.03506605140864849,2843201536,0,0,85017493504,2701697024,0,141504512,0,115776204800,121149001728,0
1791587652.9188921,0.038586223497986794,2878853120,0,0,85017493504,2737348608,0,141504512,0,115811753984,121149001728,0
1791587653.115869,0.03547310084104538,2912407552,0,0,85017493504,2768805888,0,143601664,0,115845361664,121149001728,0
1791587653.3180215,0.037542618811130524,2945961984,0,0,85017493504,2802360320,0,143601664,0,115878846464,121149001728,0
1791587653.5130148,0.03244289755821228,2977419264,0,0,85017493504,2835914752,0,141504512,0,115910586368,121149001728,0
1791587653.7110405,0.030397355556488037,3010973696,0,0,85017493504,2869469184,0,141504512,0,115944185856,121149001728,0
1791587653.9152923,0.034560779109597206,3046625280,0,0,85017493504,2905120768,0,141504512,0,115979829248,121149001728,0
1791587654.1147952,0.03397519327700138,3080179712,0,0,85017493504,2938675200,0,141504512,0,116013158400,121149001728,0
1791587654.3142617,0.03335900977253914,3113734144,0,0,85017493504,2974326784,0,139407360,0,116047065088,121149001728,0
1791587654.5163393,0.03535546362400055,3149385728,0,0,85017493504,3005784064,0,143601664,0,116082790400,121149001728,0
1791587654.716764,0.035698119550943375,3180843008,0,0,85017493504,3039338496,0,141504512,0,116113727488,121149001728,0
1791587654.9205332,0.03938223980367184,3216494592,0,0,85017493504,3074990080,0,141504512,0,116149477376,121149001728,0
1791587655.120467,0.03922705911099911,3250049024,0,0,85017493504,3108544512,0,141504512,0,116183392256,121149001728,0
1791587655.3197424,0.0384159404784441,3283603456,0,0,85017493504,3142098944,0,141504512,0,116216913920,121149001728,0
1791587655.524288,0.04287018068134785,3317157888,0,0,85017493504,3175653376,0,141504512,0,116250542080,121149001728,0
1791587655.719541,0.03803591430187225,3350712320,0,0,85017493504,3209207808,0,141504512,0,116284182528,121149001728,0
1791587655.9177942,0.03620744124054909,3384266752,0,0,85017493504,3242762240,0,141504512,0,116318040064,121149001728,0
1791587656.118084,0.03640286810696125,3417821184,0,0,85017493504,3276316672,0,141504512,0,116351561728,121149001728,0
1791587656.3171015,0.03533516824245453,3451375616,0,0,85017493504,3307773952,0,143601664,0,116385374208,121149001728,0
1791587656.516226,0.03436978720128536,3482832896,0,0,85017493504,3341328384,0,141504512,0,116416897024,121149001728,0
1791587656.719299,0.03735094703733921,3518484480,0,0,85017493504,3374882816,0,143601664,0,116452835328,121149001728,0
1791587656.9260168,0.04397725500166416,3554136064,0,0,85017493504,3410534400,0,143601664,0,116487667712,121149001728,0
1791587657.1227841,0.040649039670825005,3585593344,0,0,85017493504,3444088832,0,141504512,0,116519833600,121149001728,0
1791587657.3194294,0.03718440793454647,3614953472,0,0,85017493504,3473448960,0,141504512,0,116548472832,121148997632,0
1791587657.5221703,0.03983244672417641,3648507904,0,0,85017493504,3504906240,0,143601664,0,116582617088,121148997632,0
1791587657.720914,0.03846127539873123,3677868032,0,0,85017493504,3536363520,0,141504512,0,116611608576,121148997632,0
1791587657.9196177,0.03706682473421097,3711426560,0,0,85017493504,3567820800,0,143605760,0,116645224448,121148997632,0
1791587658.1185772,0.03591775894165039,3742883840,0,0,85017493504,3601375232,0,141508608,0,116676571136,121148997632,0
1791587658.3227222,0.03997744806110859,3776438272,0,0,85017493504,3634929664,0,141508608,0,116709822464,121148997632,0
1791587658.5166216,0.03379421681165695,3809992704,0,0,85017493504,3668484096,0,141508608,0,116743696384,121148997632,0
1791587658.7179074,0.03499162569642067,3843551232,0,0,85017493504,3702038528,0,141512704,0,116777189376,121148997632,0
1791587658.9232025,0.040200674906373024,3877113856,0,0,85017493504,3735592960,0,141520896,0,116810665984,121148997632,0
1791587659.1265237,0.043402498587965965,3910668288,0,0,85017493504,3769147392,0,141520896,0,116844847104,121148997632,0
1791587659.3250751,0.04185940697789192,3942125568,0,0,85017493504,3798507520,0,143618048,0,116876255232,121148997632,0
1791587659.521507,0.03816625289618969,3973582848,0,0,85017493504,3832061952,0,141520896,0,116907601920,121148997632,0
1791587659.7270913,0.04364195093512535,4007137280,0,0,85017493504,3863519232,0,143618048,0,116941074432,121148997632,0
1791587659.9197338,0.03618013300001621,4038594560,0,0,85017493504,3897073664,0,141520896,0,116972597248,121148997632,0
1791587660.111465,0.027835823595523834,4070051840,0,0,85017493504,3928530944,0,141520896,0,117004619776,121148997632,0
1791587660.3112879,0.02759053185582161,4105703424,0,0,85017493504,3964182528,0,141520896,0,117040283648,121148997632,0
1791587660.517911,0.03412412293255329,4141355008,0,0,85017493504,3999834112,0,141520896,0,117075972096,121148997632,0
1791587660.719799,0.035912515595555305,4174909440,0,0,85017493504,4033388544,0,141520896,0,117111734272,121148997632,0
1791587660.9234033,0.039432425051927567,4210561024,0,0,85017493504,4066942976,0,143618048,0,117145169920,121148997632,0
1791587661.1230268,0.03893750160932541,4244115456,0,0,85017493504,4100497408,0,143618048,0,117178814464,121148997632,0
1791587661.3245664,0.04035062901675701,4275572736,0,0,85017493504,4134051840,0,141520896,0,117210624000,121148997632,0
1791587661.523444,0.03913659043610096,4307030016,0,0,85017493504,4165509120,0,141520896,0,117242183680,121148997632,0
1791587661.7225287,0.038127824664115906,4340584448,0,0,85017493504,4199063552,0,141520896,0,117275832320,121148997632,0
1791587661.9218893,0.03739549405872822,4374138880,0,0,85017493504,4232617984,0,141520896,0,117309390848,121148997632,0
1791587662.1182976,0.03370898216962814,4407693312,0,0,85017493504,4266172416,0,141520896,0,117342896128,121148993536,0
1791587662.3204913,0.03580986522138119,4441247744,0,0,85017493504,4299726848,0,141520896,0,117376708608,121148993536,0
1791587662.550366,0.06558961421251297,4478996480,0,0,85017493504,4333281280,0,145715200,0,117414514688,121148993536,0
1791587662.7199082,0.03504292108118534,4508356608,0,0,85017493504,4366835712,0,141520896,0,117443956736,121148993536,0
1791587662.9246626,0.03969565033912659,4541911040,0,0,85017493504,4400390144,0,141520896,0,117479464960,121148993536,0
1791587663.122863,0.03780573792755604,4575465472,0,0,85017493504,4431847424,0,143618048,0,117510778880,121148993536,0
1791587663.3242478,0.03909398429095745,4606922752,0,0,85017493504,4465401856,0,141520896,0,117542363136,121148993536,0
1791587663.5270789,0.04183337092399597,4640477184,0,0,85017493504,4496859136,0,143618048,0,117576253440,121148993536,0
1791587663.7249262,0.03958761692047119,4671934464,0,0,85017493504,4528316416,0,143618048,0,117607628800,121148993536,0
1791587663.9235363,0.03810735605657101,4703391744,0,0,85017493504,4561870848,0,141520896,0,117639122944,121148993536,0
1791587664.1223629,0.036842476576566696,4736946176,0,0,85017493504,4595425280,0,141520896,0,117673025536,121148989440,0
1791587664.32232,0.03669913671910763,4770500608,0,0,85017493504,4628979712,0,141520896,0,117708791808,121148989440,0
1791587664.5222018,0.036491528153419495,4806152192,0,0,85017493504,4662534144,0,143618048,0,117742391296,121148989440,0
1791587664.7219253,0.03612528555095196,4839706624,0,0,85017493504,4698185728,0,141520896,0,117776007168,121148989440,0
1791587664.9245696,0.03867671452462673,4873261056,0,0,85017493504,4731740160,0,141520896,0,117809508352,121148989440,0
1791587665.1243484,0.0383440125733614,4906815488,0,0,85017493504,4765294592,0,141520896,0,117843054592,121148989440,0
1791587665.3250642,0.03897066414356232,4938272768,0,0,85017493504,4796751872,0,141520896,0,117874536448,121148989440,0
1791587665.5235138,0.03734636679291725,4971827200,0,0,85017493504,4828209152,0,143618048,0,117908180992,121148989440,0
1791587665.725833,0.03957516513764858,5005381632,0,0,85017493504,4861763584,0,143618048,0,117942091776,121148989440,0
1791587665.9230206,0.036673080176115036,5036838912,0,0,85017493504,4895318016,0,141520896,0,117973536768,121148989440,0
1791587666.1245785,0.03814256191253662,5072490496,0,0,85017493504,4928872448,0,143618048,0,118009159680,121148989440,0
1791587666.3221169,0.035596393048763275,5106044928,0,0,85017493504,4962426880,0,143618048,0,118042525696,121148989440,0
1791587666.524227,0.037618765607476234,5139599360,0,0,85017493504,4995981312,0,143618048,0,118076379136,121148989440,0
1791587666.7245593,0.03786222264170647,5173153792,0,0,85017493504,5031632896,0,141520896,0,118110289920,121148989440,0
1791587666.928139,0.04135598987340927,5206708224,0,0,85017493504,5065187328,0,141520896,0,118143504384,121148989440,0
1791587667.1290252,0.04213714972138405,5240262656,0,0,85017493504,5096644608,0,143618048,0,118177984512,121148989440,0
1791587667.3262036,0.039183519780635834,5269622784,0,0,85017493504,5128101888,0,141520896,0,118207250432,121148989440,0
1791587667.5278916,0.04076935164630413,5303177216,0,0,85017493504,5161656320,0,141520896,0,118240546816,121148989440,0
1791587667.7234063,0.03619111143052578,5334634496,0,0,85017493504,5193113600,0,141520896,0,118272102400,121148989440,0
1791587667.9241977,0.03689122200012207,5368188928,0,0,85017493504,5226668032,0,141520896,0,118305927168,121148989440,0
1791587668.1223917,0.035000648349523544,5401743360,0,0,85017493504,5260222464,0,141520896,0,118341849088,121148989440,0
1791587668.3245435,0.03706464357674122,5437394944,0,0,85017493504,5295874048,0,141520896,0,118375227392,121148989440,0
1791587668.523307,0.03574179299175739,5470949376,0,0,85017493504,5329428480,0,141520896,0,118408491008,121148989440,0
1791587668.7222297,0.034579768776893616,5504503808,0,0,85017493504,5362982912,0,141520896,0,118442143744,121148989440,0
1791587668.9273064,0.03956899233162403,5540155392,0,0,85017493504,5396537344,0,143618048,0,118478176256,121148989440,0
1791587669.129639,0.041809530928730965,5571612672,0,0,85017493504,5430091776,0,141520896,0,118509723648,121148989440,0
1791587669.3277488,0.03983352892100811,5605167104,0,0,85017493504,5463646208,0,141520896,0,118543310848,121148989440,0
1791587669.52579,0.03778011165559292,5636624384,0,0,85017493504,5495103488,0,141520896,0,118574829568,121148989440,0
1791587669.7287116,0.04060855507850647,5672275968,0,0,85017493504,5528657920,0,143618048,0,118610939904,121148989440,0
1791587669.926526,0.03830267675220966,5707927552,0,0,85017493504,5564309504,0,143618048,0,118646210560,121148989440,0
1791587670.126835,0.038519514724612236,5747773440,0,0,85017493504,5604155392,0,143618048,0,118686064640,121148989440,0
1791587670.3252165,0.03680872917175293,5798105088,0,0,85017493504,5656584192,0,141520896,0,118736748544,121148989440,0
1791587670.5233772,0.03488493151962757,5833756672,0,0,85017493504,5690138624,0,143618048,0,118772473856,121148989440,0
1791587670.7263925,0.037813903763890266,5869408256,0,0,85017493504,5727887360,0,141520896,0,118807457792,121148989440,0
1791587670.9299424,0.041276538744568825,5907156992,0,0,85017493504,5763538944,0,143618048,0,118845292544,121148985344,0
1791587671.1291883,0.04043121263384819,5940711424,0,0,85017493504,5799190528,0,141520896,0,118879731712,121148985344,0
1791587671.3255668,0.03669787384569645,5976363008,0,0,85017493504,5832744960,0,143618048,0,118915178496,121148985344,0
1791587671.5283346,0.03936631977558136,6012014592,0,0,85017493504,5868396544,0,143618048,0,118950567936,121148985344,0
1791587671.727733,0.03867615573108196,6045569024,0,0,85017493504,5901950976,0,143618048,0,118984110080,121148985344,0
1791587671.9210567,0.03192427195608616,6074929152,0,0,85017493504,5933408256,0,141520896,0,119013498880,121148985344,0
1791587672.1269116,0.0376795269548893,6110580736,0,0,85017493504,5966962688,0,143618048,0,119050022912,121148985344,0
1791587672.3262017,0.03687019646167755,6146232320,0,0,85017493504,6004711424,0,141520896,0,119085563904,121148985344,0
1791587672.5233881,0.033968303352594376,6181883904,0,0,85017493504,6040363008,0,141520896,0,119121391616,121148985344,0
1791587672.7236376,0.03412746638059616,6215438336,0,0,85017493504,6073917440,0,141520896,0,119154974720,121148985344,0
1791587672.9272573,0.03765958733856678,6251089920,0,0,85017493504,6109569024,0,141520896,0,119192817664,121148985344,0
1791587673.1305728,0.04088610038161278,6288838656,0,0,85017493504,6145220608,0,143618048,0,119228407808,121148985344,0
1791587673.3286486,0.038876257836818695,6320295936,0,0,85017493504,6178775040,0,141520896,0,119262072832,121148985344,0
1791587673.5294213,0.039556924253702164,6355947520,0,0,85017493504,6212329472,0,143618048,0,119295696896,121148985344,0
1791587673.7249763,0.035025330260396004,6387404800,0,0,85017493504,6245883904,0,141520896,0,119327375360,121148985344,0
1791587673.9254315,0.035384418442845345,6418862080,0,0,85017493504,6277341184,0,141520896,0,119358103552,121148985344,0
1791587674.1274447,0.037299977615475655,6454513664,0,0,85017493504,6310895616,0,143618048,0,119394078720,121148985344,0
1791587674.325917,0.03568325191736221,6483873792,0,0,85017493504,6342352896,0,141520896,0,119423721472,121148985344,0
1791587674.5270119,0.0366942435503006,6517428224,0,0,85017493504,6375907328,0,141520896,0,119459086336,121148985344,0
1791587674.7244604,0.0340579766780138,6553079808,0,0,85017493504,6411558912,0,141520896,0,119492743168,121148985344,0
1791587674.9288256,0.038336072117090225,6588731392,0,0,85017493504,6447210496,0,141520896,0,119528484864,121148985344,0
1791587675.1320007,0.041421156376600266,6622285824,0,0,85017493504,6480764928,0,141520896,0,119562559488,121148985344,0
1791587675.3301504,0.039480580016970634,6655840256,0,0,85017493504,6512222208,0,143618048,0,119596195840,121148985344,0
1791587675.531579,0.040808768942952156,6687297536,0,0,85017493504,6545776640,0,141520896,0,119627395072,121148985344,0
1791587675.7309608,0.04010409489274025,6720851968,0,0,85017493504,6579331072,0,141520896,0,119661023232,121148985344,0
1791587675.9287903,0.037844885140657425,6754406400,0,0,85017493504,6612885504,0,141520896,0,119694929920,121148985344,0
1791587676.1305134,0.03948220610618591,6790057984,0,0,85017493504,6646439936,0,143618048,0,119730356224,121148985344,0
1791587676.328956,0.03783769905567169,6823612416,0,0,85017493504,6682091520,0,141520896,0,119763988480,121148985344,0
1791587676.526244,0.03503481484949589,6859264000,0,0,85017493504,6717743104,0,141520896,0,119799574528,121148985344,0
1791587676.7266827,0.03538864478468895,6892818432,0,0,85017493504,6751297536,0,141520896,0,119833485312,121148985344,0
1791587676.9313948,0.0400098767131567,6928470016,0,0,85017493504,6786949120,0,141520896,0,119869046784,121148985344,0
1791587677.134408,0.04291297495365143,6962024448,0,0,85017493504,6820503552,0,141520896,0,119902793728,121148985344,0
1791587677.3285816,0.03698577918112278,6993481728,0,0,85017493504,6851960832,0,141520896,0,119934447616,121148985344,0
1791587677.5280964,0.03641451895236969,7027036160,0,0,85017493504,6885515264,0,141520896,0,119968104448,121148985344,0
1791587677.7287354,0.03696916438639164,7060590592,0,0,85017493504,6919069696,0,141520896,0,120003751936,121148985344,0
1791587677.930162,0.038295842707157135,7096242176,0,0,85017493504,6954721280,0,141520896,0,120037097472,121148981248,0
1791587678.1295824,0.0376228503882885,7131893760,0,0,85017493504,6988275712,0,143618048,0,120072806400,121148981248,0
1791587678.3281193,0.03607439063489437,7165448192,0,0,85017493504,7023927296,0,141520896,0,120108716032,121148981248,0
1791587678.5273666,0.03523331694304943,7203196928,0,0,85017493504,7059578880,0,143618048,0,120144457728,121148981248,0
1791587678.7304766,0.03825576417148113,7236751360,0,0,85017493504,7095230464,0,141520896,0,120178368512,121148981248,0
1791587678.930049,0.03774197958409786,7270305792,0,0,85017493504,7128784896,0,141520896,0,120211644416,121148981248,0
1791587679.1268733,0.03447948396205902,7305957376,0,0,85017493504,7164436480,0,141520896,0,120247406592,121148981248,0
1791587679.329904,0.03742448799312115,7339511808,0,0,85017493504,7197990912,0,141520896,0,120281309184,121148981248,0
1791587679.530807,0.038235897198319435,7375163392,0,0,85017493504,7233642496,0,141520896,0,120317116416,121148981248,0
1791587679.7332168,0.04055338352918625,7408717824,0,0,85017493504,7267196928,0,141520896,0,120350347264,121148981248,0
1791587679.931973,0.0392225943505764,7444369408,0,0,85017493504,7300751360,0,143618048,0,120386105344,121148981248,0
1791587680.1305137,0.037667615339159966,7477923840,0,0,85017493504,7336402944,0,141520896,0,120419614720,121148981248,0
1791587680.3295448,0.03661140240728855,7513575424,0,0,85017493504,7369957376,0,143618048,0,120455360512,121148981248,0
1791587680.5279415,0.034922536462545395,7547129856,0,0,85017493504,7405608960,0,141520896,0,120491069440,121148981248,0
1791587680.7311075,0.037992795929312706,7584878592,0,0,85017493504,7443357696,0,141520896,0,120526778368,121148981248,0
1791587680.9326317,0.03942793421447277,7622627328,0,0,85017493504,7481106432,0,141520896,0,120564875264,121148981248,0
1791587681.1306555,0.037360627204179764,7658278912,0,0,85017493504,7516758016,0,141520896,0,120599810048,121148981248,0
1791587681.332421,0.03902669809758663,7693930496,0,0,85017493504,7552409600,0,141520896,0,120635629568,121148981248,0
1791587681.5318272,0.03834248334169388,7729582080,0,0,85017493504,7588061184,0,141520896,0,120671338496,121148981248,0
1791587681.7330334,0.03945480287075043,7765233664,0,0,85017493504,7621615616,0,143618048,0,120707010560,121148981248,0
1791587681.9326315,0.038958895951509476,7798788096,0,0,85017493504,7655170048,0,143618048,0,120740581376,121148981248,0
1791587682.1311252,0.03736274130642414,7834439680,0,0,85017493504,7690821632,0,143618048,0,120777187328,121148981248,0
1791587682.3320677,0.038219163194298744,7870091264,0,0,85017493504,7726473216,0,143618048,0,120812937216,121148981248,0
1791587682.5331059,0.03915808163583279,7905742848,0,0,85017493504,7764221952,0,141520896,0,120847900672,121148981248,0
1791587682.7315454,0.0375130083411932,7941394432,0,0,85017493504,7799873536,0,141520896,0,120883519488,121148981248,0
1791587682.9307673,0.03665258549153805,7979143168,0,0,85017493504,7835525120,0,143618048,0,120921620480,121148981248,0
1791587683.1350913,0.040875716134905815,8014794752,0,0,85017493504,7871176704,0,143618048,0,120957304832,121148981248,0
1791587683.3336508,0.03934479132294655,8048353280,0,0,85017493504,7904731136,0,143622144,0,120990629888,121148981248,0
1791587683.5322652,0.03786575235426426,8081907712,0,0,85017493504,7940382720,0,141524992,0,121024286720,121148981248,0
1791587683.732018,0.03752083331346512,8117559296,0,0,85017493504,7976034304,0,141524992,0,121060212736,121148981248,0
1791587683.9328842,0.03830097243189812,8155308032,0,0,85017493504,8011685888,0,143622144,0,121098047488,121148981248,0
1791587684.132132,0.037453657016158104,8190963712,0,0,85017493504,8049434624,0,141529088,0,121133764608,121148981248,0
1791587684.3362904,0.041527412831783295,8228720640,0,0,85017493504,8087183360,0,141537280,0,121171841024,121148981248,0
1791587684.5309424,0.036071158945560455,8264372224,0,0,85017493504,8122834944,0,141537280,0,121207283712,121148981248,0
1791587684.731248,0.03629055619239807,8300023808,0,0,85017493504,8158486528,0,141537280,0,121244987392,121148977152,0
1791587684.9327362,0.03768106736242771,8337772544,0,0,85017493504,8194138112,0,143634432,0,121280663552,121148977152,0
1791587685.132547,0.03740014135837555,8371326976,0,0,85017493504,8229789696,0,141537280,0,121316929536,121148977152,0
1791587685.338599,0.043367987498641014,8409075712,0,0,85017493504,8265441280,0,143634432,0,121352314880,121148977152,0
1791587685.531979,0.036655835807323456,8444727296,0,0,85017493504,8301092864,0,143634432,0,121388163072,121148977152,0
1791587685.7326024,0.037187155336141586,8480378880,0,0,85017493504,8336744448,0,143634432,0,121423831040,121148977152,0
1791587685.9341512,0.03864484094083309,8516030464,0,0,85017493504,8372396032,0,143634432,0,121459994624,121148977152,0
1791587686.134426,0.038821736350655556,8551682048,0,0,85017493504,8410144768,0,141537280,0,121495924736,121148977152,0
1791587686.3322363,0.03654622472822666,8587333632,0,0,85017493504,8445796352,0,141537280,0,121533431808,121148977152,0
1791587686.5310042,0.03522857464849949,8625082368,0,0,85017493504,8483545088,0,141537280,0,121569431552,121148977152,0
1791587686.7326672,0.03679187037050724,8662831104,0,0,85017493504,8519196672,0,143634432,0,121607204864,121148977152,0
1791587686.9328933,0.0369285773485899,8700579840,0,0,85017493504,8559042560,0,141537280,0,121645015040,121148977152,0
1791587687.134509,0.03844793327152729,8734134272,0,0,85017493504,8592596992,0,141537280,0,121680556032,121148977152,0
1791587687.3356109,0.03946780785918236,8769785856,0,0,85017493504,8628248576,0,141537280,0,121714343936,121148977152,0
1791587687.5336995,0.0374533087015152,8805437440,0,0,85017493504,8661803008,0,143634432,0,121749839872,121148977152,0
1791587687.7338448,0.037508079782128334,8841089024,0,0,85017493504,8697454592,0,143634432,0,121785778176,121148977152,0
1791587687.9350011,0.038568807765841484,8874643456,0,0,85017493504,8733106176,0,141537280,0,121819160576,121148977152,0
1791587688.1333075,0.036785656586289406,8910295040,0,0,85017493504,8768757760,0,141537280,0,121855016960,121148977152,0
1791587688.3327668,0.03615465201437473,8945946624,0,0,85017493504,8804409344,0,141537280,0,121891225600,121148977152,0
1791587688.5349178,0.03821840137243271,8981598208,0,0,85017493504,8837963776,0,143634432,0,121926619136,121148977152,0
1791587688.7322435,0.03542531281709671,9017249792,0,0,85017493504,8875712512,0,141537280,0,121962233856,121148977152,0
1791587688.9360478,0.03913882561028004,9054998528,0,0,85017493504,8911364096,0,143634432,0,122000351232,121148977152,0
1791587689.1357105,0.03870954364538193,9090650112,0,0,85017493504,8949112832,0,141537280,0,122035970048,121148977152,0
1791587689.3325768,0.0354719590395689,9126301696,0,0,85017493504,8982667264,0,143634432,0,122071351296,121148977152,0
1791587689.5389981,0.041765548288822174,9159856128,0,0,85017493504,9018318848,0,141537280,0,122107535360,121148977152,0
1791587689.7368674,0.03954789787530899,9195507712,0,0,85017493504,9053970432,0,141537280,0,122140774400,121148977152,0
1791587689.9365091,0.039105188101530075,9233256448,0,0,85017493504,9089622016,0,143634432,0,122178617344,121148977152,0
1791587690.1341052,0.03661333955824375,9268908032,0,0,85017493504,9127370752,0,141537280,0,122214363136,121148977152,0
1791587690.3332827,0.03571058437228203,9306656768,0,0,85017493504,9163022336,0,143634432,0,122252201984,121148977152,0
1791587690.5352218,0.0375579409301281,9344405504,0,0,85017493504,9200771072,0,143634432,0,122289729536,121148977152,0
1791587690.732915,0.03516891598701477,9380057088,0,0,85017493504,9238519808,0,141537280,0,122325479424,121148977152,0
1791587690.9342916,0.03646046482026577,9417805824,0,0,85017493504,9276268544,0,141537280,0,122363158528,121148977152,0
1791587691.1350508,0.03713313117623329,9455554560,0,0,85017493504,9311920128,0,143634432,0,122400759808,121148977152,0
1791587691.3367252,0.038722991943359375,9493303296,0,0,85017493504,9349668864,0,143634432,0,122438598656,121148977152,0
1791587691.531631,0.03353618085384369,9526857728,0,0,85017493504,9385320448,0,141537280,0,122472022016,121148973056,0
1791587691.734273,0.03605550713837147,9564606464,0,0,85017493504,9420972032,0,143634432,0,122509766656,121148973056,0
1791587691.936775,0.03847490809857845,9600258048,0,0,85017493504,9458720768,0,141537280,0,122545442816,121148973056,0
1791587692.135794,0.03740767575800419,9635909632,0,0,85017493504,9494372352,0,141537280,0,122581430272,121148968960,0
1791587692.3356676,0.03719432279467583,9673658368,0,0,85017493504,9530023936,0,143634432,0,122619142144,121148968960,0
1791587692.5336103,0.03505212441086769,9709309952,0,0,85017493504,9567772672,0,141537280,0,122655141888,121148968960,0
1791587692.7333555,0.03471546620130539,9747058688,0,0,85017493504,9603424256,0,143634432,0,122692927488,121148968960,0
1791587692.9361503,0.037423962727189064,9782710272,0,0,85017493504,9641172992,0,141537280,0,122728669184,121148968960,0
1791587693.1488154,0.05000421032309532,9822556160,0,0,85017493504,9676824576,0,145731584,0,122768592896,121148968960,0
1791587693.3352575,0.03635859489440918,9856110592,0,0,85017493504,9712476160,0,143634432,0,122802233344,121148968960,0
1791587693.535434,0.036449916660785675,9891762176,0,0,85017493504,9750224896,0,141537280,0,122837585920,121148968960,0
1791587693.737354,0.03828022629022598,9929510912,0,0,85017493504,9785876480,0,143634432,0,122875547648,121148968960,0
1791587693.9385178,0.03936113975942135,9965162496,0,0,85017493504,9823625216,0,141537280,0,122911551488,121148968960,0
1791587694.1379058,0.03866333141922951,10002911232,0,0,85017493504,9859276800,0,143634432,0,122949386240,121148968960,0
1791587694.339392,0.04004973545670509,10038562816,0,0,85017493504,9897025536,0,141537280,0,122984841216,121148968960,0
1791587694.5370903,0.03765765205025673,10076311552,0,0,85017493504,9932677120,0,143634432,0,123022696448,121148968960,0
1791587694.734384,0.03486578352749348,10111963136,0,0,85017493504,9970425856,0,141537280,0,123058688000,121148968960,0
1791587694.9399693,0.04036309756338596,10149711872,0,0,85017493504,10008174592,0,141537280,0,123098890240,121148968960,0
1791587695.1374543,0.03776391223073006,10187460608,0,0,85017493504,10045923328,0,141537280,0,123134365696,121148968960,0
1791587695.3397796,0.04000340960919857,10227306496,0,0,85017493504,10083672064,0,143634432,0,123174547456,121148968960,0
1791587695.536809,0.036943551152944565,10262958080,0,0,85017493504,10119323648,0,143634432,0,123209850880,121148968960,0
1791587695.7383447,0.03839256428182125,10300706816,0,0,85017493504,10157072384,0,143634432,0,123247697920,121148968960,0
1791587695.9365678,0.036530837416648865,10336358400,0,0,85017493504,10192723968,0,143634432,0,123283410944,121148968960,0
1791587696.1378946,0.03776865452528,10374107136,0,0,85017493504,10230472704,0,143634432,0,123321499648,121148968960,0
1791587696.3362396,0.03602028451859951,10411855872,0,0,85017493504,10268221440,0,143634432,0,123359600640,121148968960,0
1791587696.5375981,0.037286264821887016,10449604608,0,0,85017493504,10305970176,0,143634432,0,123397140480,121148968960,0
1791587696.7353725,0.034972259774804115,10483159040,0,0,85017493504,10341621760,0,141537280,0,123430547456,121148968960,0
1791587696.9389307,0.03844301961362362,10520907776,0,0,85017493504,10377273344,0,143634432,0,123468550144,121148968960,0
1791587697.1369524,0.0363767184317112,10554462208,0,0,85017493504,10412924928,0,141537280,0,123502227456,121148968960,0
1791587697.3389108,0.03824158385396004,10588016640,0,0,85017493504,10446479360,0,141537280,0,123535540224,121148968960,0
1791587697.5387166,0.03793981298804283,10621571072,0,0,85017493504,10480033792,0,141537280,0,123569156096,121148968960,0
1791587697.7418623,0.040980299934744835,10655125504,0,0,85017493504,10513588224,0,141537280,0,123605151744,121148968960,0
1791587697.9410157,0.04004891775548458,10690777088,0,0,85017493504,10547142656,0,143634432,0,123638509568,121148968960,0
1791587698.1393502,0.03829212673008442,10724331520,0,0,85017493504,10582794240,0,141537280,0,123672129536,121148968960,0
1791587698.3409207,0.039771655574440956,10759983104,0,0,85017493504,10616348672,0,143634432,0,123707854848,121148964864,0
1791587698.539465,0.03822692856192589,10795634688,0,0,85017493504,10652000256,0,143634432,0,123743657984,121148964864,0
1791587698.7362397,0.03491859883069992,10831286272,0,0,85017493504,10687651840,0,143634432,0,123779358720,121148964864,0
1791587698.9379385,0.0365330595523119,10866937856,0,0,85017493504,10723303424,0,143634432,0,123815100416,121148964864,0
1791587699.139797,0.038302378728985786,10900492288,0,0,85017493504,10756857856,0,143634432,0,123848884224,121148964864,0
1791587699.3408237,0.03920041397213936,10934046720,0,0,85017493504,10790412288,0,143634432,0,123882651648,121148964864,0
1791587699.5419204,0.040199993178248405,10967601152,0,0,85017493504,10823966720,0,143634432,0,123916308480,121148964864,0
1791587699.7389996,0.03718968853354454,11001155584,0,0,85017493504,10859618304,0,141537280,0,123949953024,121148964864,0
1791587699.9421065,0.04021264612674713,11036807168,0,0,85017493504,10893172736,0,143634432,0,123985694720,121148964864,0
1791587700.138399,0.03641596436500549,11070361600,0,0,85017493504,10928824320,0,141537280,0,124019347456,121148964864,0
1791587700.3385375,0.036466483026742935,11106013184,0,0,85017493504,10964475904,0,141537280,0,124054872064,121148964864,0
1791587700.5386322,0.03648104704916477,11141664768,0,0,85017493504,11000127488,0,141537280,0,124090089472,121148964864,0
1791587700.7389352,0.036733441054821014,11177316352,0,0,85017493504,11033681920,0,143634432,0,124126015488,121148964864,0
1791587700.9394865,0.03719121217727661,11210870784,0,0,85017493504,11069333504,0,141537280,0,124159356928,121148964864,0
1791587701.1397955,0.0374070443212986,11246522368,0,0,85017493504,11104985088,0,141537280,0,124195074048,121148964864,0
1791587701.341287,0.038815537467598915,11280076800,0,0,85017493504,11138539520,0,141537280,0,124228583424,121148964864,0
1791587701.541192,0.03862261585891247,11313631232,0,0,85017493504,11172093952,0,141537280,0,124262318080,121148964864,0
1791587701.7472727,0.04459085501730442,11347185664,0,0,85017493504,11203551232,0,143634432,0,124295856128,121148964864,0
1791587701.9564154,0.05365337245166302,11380740096,0,0,85017493504,11235008512,0,145731584,0,124329213952,121148964864,0
1791587702.63176,0.5289031025022268,11500277760,0,0,85017493504,11270660096,0,229617664,0,124464979968,121148964864,0
1791587702.6762755,0.044190991669893265,11504472064,0,0,85017493504,11362934784,0,141537280,0,124453437440,121148964864,0
1791587702.862579,0.030372248962521553,11533832192,0,0,85017493504,11390197760,0,143634432,0,124482973696,121148964864,0
1791587703.071609,0.03933074697852135,11569483776,0,0,85017493504,11425849344,0,143634432,0,124521066496,121148964864,0
1791587703.272528,0.04012128338217735,11609329664,0,0,85017493504,11465695232,0,143634432,0,124559138816,121148964864,0
1791587703.4706857,0.03819204494357109,11653369856,0,0,85017493504,11509735424,0,143634432,0,124603269120,121148964864,0
1791587703.6625335,0.02994033880531788,11689021440,0,0,85017493504,11547484160,0,141537280,0,124639256576,121148964864,0
1791587703.8741682,0.041466305032372475,11726770176,0,0,85017493504,11583135744,0,143634432,0,124677021696,121148964864,0
1791587704.0729523,0.04014531709253788,11758227456,0,0,85017493504,11616690176,0,141537280,0,124708220928,121148964864,0
1791587704.2715924,0.03868509642779827,11793879040,0,0,85017493504,11650244608,0,143634432,0,124743888896,121148964864,0
1791587704.4742925,0.04129733517765999,11827433472,0,0,85017493504,11685896192,0,141537280,0,124777799680,121148964864,0
1791587704.6723487,0.03926989249885082,11860987904,0,0,85017493504,11717353472,0,143634432,0,124811243520,121148964864,0
1791587704.8645213,0.03136260621249676,11890348032,0,0,85017493504,11750907904,0,139440128,0,124839997440,121148964864,0
1791587705.0704308,0.037179404869675636,11913416704,0,0,85017493504,11773976576,0,139440128,0,124863004672,121148964864,0
1791587705.2798324,0.04647788405418396,11944873984,0,0,85017493504,11801239552,0,143634432,0,124894339072,121148960768,0
1791587705.8031611,0.3697242718189955,12037148672,0,1048576,85017493504,11834793984,0,203403264,0,124986646528,121149194240,0
1791587705.8882682,0.08475416898727417,12051828736,0,4194304,85014347776,11901902848,0,154120192,0,125001211904,121149194240,0
1791587706.043328,0.03971423581242561,12079091712,0,4194304,85014347776,11935457280,0,147828736,0,125028757504,121149194240,0
1791587706.2445855,0.04088147170841694,12114743296,0,23068672,84995473408,11971108864,0,166703104,0,125064683520,121149194240,0
1791587706.464497,0.06069900467991829,12154589184,0,556793856,84461748224,12006760448,0,704622592,0,125104574464,121149194240,0
1791587706.6532788,0.04940062016248703,12186046464,0,556793856,84461748224,12042412032,0,700428288,0,125138460672,121149194240,0
1791587706.8566236,0.05265969969332218,12223795200,0,556793856,84461748224,12078063616,0,702525440,0,125174009856,121149194240,0
1791587707.0730946,0.06901521794497967,12263641088,0,556793856,84461748224,12115812352,0,704622592,0,125230395392,121149194240,0
1791587707.2634256,0.05921413376927376,12297195520,0,556793856,84461748224,12149366784,0,704622592,0,125248012288,121149194240,0
1791587707.4502213,0.04591238498687744,12328652800,0,556793856,84461748224,12185018368,0,700428288,0,125279313920,121149194240,0
1791587707.66232,0.057905979454517365,12366401536,0,556793856,84461748224,12220669952,0,702525440,0,125316886528,121149194240,0
1791587708.3306248,0.5261266846209764,12473356288,0,0,85017493504,12247932928,0,225423360,0,125423898624,121149194240,0
1791587708.366716,0.03577236086130142,12479647744,0,0,85017493504,12338110464,0,141537280,0,125430472704,121149194240,0
1791587708.559372,0.028335899114608765,12511105024,0,0,85017493504,12369567744,0,141537280,0,125461581824,121149194240,0
1791587708.7650297,0.033923545852303505,12546756608,0,0,85017493504,12405219328,0,141537280,0,125497319424,121149194240,0
1791587708.9938076,0.06255815364420414,12586602496,0,0,85017493504,12440870912,0,145731584,0,125537619968,121149194240,0
1791587709.1662598,0.034924279898405075,12615962624,0,0,85017493504,12474425344,0,141537280,0,125567115264,121149194240,0
1791587709.3682024,0.03678344376385212,12651614208,0,0,85017493504,12510076928,0,141537280,0,125602557952,121149194240,0
1791587709.5676837,0.03616759367287159,12687269888,0,0,85017493504,12545728512,0,141541376,0,125638508544,121149194240,0
1791587709.7725906,0.04098401963710785,12722921472,0,0,85017493504,12579282944,0,143638528,0,125674364928,121149194240,0
1791587709.9681215,0.036428309977054596,12756475904,0,0,85017493504,12614934528,0,141541376,0,125708460032,121149194240,0
1791587710.162875,0.031102659180760384,12792127488,0,0,85017493504,12650586112,0,141541376,0,125744164864,121149194240,0
1791587710.3777633,0.045903345569968224,12829880320,0,0,85017493504,12686237696,0,143642624,0,125781819392,121149194240,0
1791587710.6028697,0.07091475278139114,12869734400,0,0,85017493504,12721889280,0,147845120,0,125821657088,121149194240,0
1791587710.7771971,0.04515996016561985,12901191680,0,0,85017493504,12757540864,0,143650816,0,125853081600,121149194240,0
1791587710.96984,0.03771317005157471,12934746112,0,0,85017493504,12791095296,0,143650816,0,125886562304,121149194240,0
1791587711.1997843,0.06756876595318317,12974592000,0,0,85017493504,12826746880,0,147845120,0,125925912576,121149194240,0
1791587711.3695464,0.03724268451333046,13001854976,0,0,85017493504,12860301312,0,141553664,0,125953773568,121149194240,0
1791587711.5960972,0.06370334140956402,13039603712,0,0,85017493504,12893855744,0,145747968,0,125993693184,121149194240,0
1791587711.766405,0.033916860818862915,13071060992,0,0,85017493504,12927410176,0,143650816,0,126022885376,121149194240,0
1791587711.976641,0.04406632483005524,13104615424,0,0,85017493504,12963061760,0,141553664,0,126056443904,121149194240,0
1791587712.167793,0.03511912189424038,13138169856,0,0,85017493504,12996616192,0,141553664,0,126090375168,121149194240,0
1791587712.3644571,0.03170848451554775,13173821440,0,0,85017493504,13032267776,0,141553664,0,126126022656,121149190144,0
1791587712.568681,0.03584360517561436,13211570176,0,0,85017493504,13067919360,0,143650816,0,126163861504,121149190144,0
1791587712.7698302,0.036904310807585716,13247221760,0,0,85017493504,13105668096,0,141553664,0,126199586816,121149190144,0
1791587712.969848,0.0368326622992754,13284970496,0,0,85017493504,13141319680,0,143650816,0,126237552640,121149190144,0
1791587713.1729078,0.039805373176932335,13322719232,0,0,85017493504,13181165568,0,141553664,0,126275145728,121149190144,0
1791587713.369883,0.03663654625415802,13358370816,0,0,85017493504,13214720000,0,143650816,0,126310801408,121149190144,0
1791587713.569505,0.036176932975649834,13394022400,0,0,85017493504,13252468736,0,141553664,0,126347071488,121149190144,0
1791587713.7725346,0.03910232335329056,13431771136,0,0,85017493504,13288120320,0,143650816,0,126384828416,121149190144,0
1791587713.9725184,0.03900190815329552,13465325568,0,0,85017493504,13323771904,0,141553664,0,126418468864,121149190144,0
1791587714.1713521,0.037744248285889626,13500977152,0,0,85017493504,13359423488,0,141553664,0,126454194176,121149190144,0
1791587714.3717103,0.03801221400499344,13538725888,0,0,85017493504,13395075072,0,143650816,0,126492250112,121149190144,0
1791587714.5734649,0.039683450013399124,13574377472,0,0,85017493504,13432823808,0,141553664,0,126528262144,121149190144,0
1791587714.7697375,0.03587176091969013,13607931904,0,0,85017493504,13466378240,0,141553664,0,126563966976,121149190144,0
1791587714.9718068,0.03785182721912861,13645680640,0,0,85017493504,13502029824,0,143650816,0,126599491584,121149190144,0
1791587715.1747568,0.04070260375738144,13679235072,0,0,85017493504,13537681408,0,141553664,0,126634995712,121149190144,0
1791587715.3730495,0.03888273797929287,13714886656,0,0,85017493504,13573332992,0,141553664,0,126668836864,121149190144,0
1791587715.5727289,0.03847983852028847,13750538240,0,0,85017493504,13606887424,0,143650816,0,126704541696,121149190144,0
1791587715.7742553,0.03991945646703243,13786189824,0,0,85017493504,13642539008,0,143650816,0,126740467712,121149190144,0
1791587715.974162,0.03974313102662563,13821841408,0,0,85017493504,13678190592,0,143650816,0,126775726080,121149190144,0
1791587716.1713746,0.036861227825284004,13857492992,0,0,85017493504,13715939328,0,141553664,0,126811971584,121149190144,0
1791587716.363504,0.02891564927995205,13893144576,0,0,85017493504,13751590912,0,141553664,0,126847877120,121149190144,0
1791587716.5627635,0.028101548552513123,13928796160,0,0,85017493504,13787242496,0,141553664,0,126883651584,121149190144,0
1791587716.7626638,0.027933046221733093,13964447744,0,0,85017493504,13822894080,0,141553664,0,126921490432,121149190144,0
1791587716.975377,0.04053901694715023,14004293632,0,0,85017493504,13860642816,0,143650816,0,126958796800,121149190144,0
1791587717.1723645,0.03744085691869259,14037848064,0,0,85017493504,13894197248,0,143650816,0,126992744448,121149190144,0
1791587717.3740232,0.03899821452796459,14071402496,0,0,85017493504,13929848832,0,141553664,0,127026475008,121149190144,0
1791587717.575061,0.039928846061229706,14104956928,0,0,85017493504,13963403264,0,141553664,0,127059644416,121149190144,0
1791587717.7741487,0.0389206875115633,14140608512,0,0,85017493504,13999054848,0,141553664,0,127095541760,121149190144,0
1791587717.9758828,0.04056267812848091,14174162944,0,0,85017493504,14032609280,0,141553664,0,127128756224,121149190144,0
1791587718.1782749,0.04284646734595299,14209814528,0,0,85017493504,14066163712,0,143650816,0,127164891136,121149190144,0
1791587718.373413,0.037875400856137276,14245466112,0,0,85017493504,14101815296,0,143650816,0,127200092160,121149190144,0
1791587718.5730202,0.037391895428299904,14281117696,0,0,85017493504,14137466880,0,143650816,0,127235760128,121149190144,0
1791587718.772241,0.03651130013167858,14314672128,0,0,85017493504,14173118464,0,141553664,0,127269142528,121149190144,0
1791587718.9747584,0.0389220230281353,14350323712,0,0,85017493504,14208770048,0,141553664,0,127304679424,121149190144,0
1791587719.1757321,0.03980906121432781,14385975296,0,0,85017493504,14244421632,0,141553664,0,127340601344,121149186048,0
1791587719.3747542,0.038733480498194695,14419529728,0,0,85017493504,14277976064,0,141553664,0,127376424960,121149186048,0
1791587719.5745575,0.03844681195914745,14453084160,0,0,85017493504,14311530496,0,141553664,0,127407341568,121149186048,0
1791587719.7754679,0.039270900189876556,14488735744,0,0,85017493504,14347182080,0,141553664,0,127443324928,121149186048,0
1791587719.977054,0.04073757119476795,14524387328,0,0,85017493504,14380736512,0,143650816,0,127479156736,121149186048,0
1791587720.1725852,0.03618023172020912,14560038912,0,0,85017493504,14416388096,0,143650816,0,127514845184,121149186048,0
1791587720.3754864,0.03899208456277847,14595690496,0,0,85017493504,14454136832,0,141553664,0,127550840832,121149186048,0
1791587720.5737438,0.03716158866882324,14631342080,0,0,85017493504,14489788416,0,141553664,0,127586734080,121149186048,0
1791587720.7733088,0.03664353862404823,14669090816,0,0,85017493504,14525440000,0,143650816,0,127624572928,121149186048,0
1791587720.973914,0.037157222628593445,14706839552,0,0,85017493504,14563188736,0,143650816,0,127662247936,121149186048,0
1791587721.1773,0.040458014234900475,14742491136,0,0,85017493504,14600937472,0,141553664,0,127698194432,121149186048,0
1791587721.3802466,0.04329266399145126,14778142720,0,0,85017493504,14636589056,0,141553664,0,127734136832,121149186048,0
1791587721.5782695,0.04122993163764477,14813794304,0,0,85017493504,14672240640,0,141553664,0,127769624576,121149186048,0
1791587721.7799802,0.0428127758204937,14851543040,0,0,85017493504,14707892224,0,143650816,0,127807455232,121149186048,0
1791587721.9764268,0.039176082238554955,14885097472,0,0,85017493504,14743543808,0,141553664,0,127843385344,121149186048,0
1791587722.1723425,0.03498116880655289,14920749056,0,0,85017493504,14779195392,0,141553664,0,127877427200,121149186048,0
1791587722.3730936,0.035659534856677055,14956400640,0,0,85017493504,14814846976,0,141553664,0,127912636416,121149186048,0
1791587722.5746171,0.0370946079492569,14994149376,0,0,85017493504,14850498560,0,143650816,0,127950708736,121149186048,0
1791587722.774416,0.03680701367557049,15029800960,0,0,85017493504,14888247296,0,141553664,0,127986454528,121149186048,0
1791587722.9749918,0.03729620575904846,15067549696,0,0,85017493504,14923898880,0,143650816,0,128024268800,121149186048,0
1791587723.1776724,0.03987503610551357,15105298432,0,0,85017493504,14961647616,0,143650816,0,128061767680,121149186048,0
1791587723.378033,0.04012056812644005,15143047168,0,0,85017493504,14999396352,0,143650816,0,128099573760,121149186048,0
1791587723.5822303,0.04422437958419323,15180795904,0,0,85017493504,15037145088,0,143650816,0,128137359360,121149186048,0
1791587723.776496,0.03840317204594612,15216447488,0,0,85017493504,15072796672,0,143650816,0,128173031424,121149186048,0
1791587723.9783525,0.04011573642492294,15254196224,0,0,85017493504,15112642560,0,141553664,0,128212733952,121149186048,0
1791587724.1809483,0.04260672815144062,15294042112,0,0,85017493504,15150391296,0,143650816,0,128251305984,121149186048,0
1791587724.3683567,0.029944054782390594,15329693696,0,0,85017493504,15188140032,0,141553664,0,128286945280,121149186048,0
1791587724.5653312,0.0268498957157135,15365345280,0,0,85017493504,15223791616,0,141553664,0,128322686976,121149186048,0
1791587724.7791367,0.04056454822421074,15405191168,0,0,85017493504,15261540352,0,143650816,0,128362491904,121149186048,0
1791587725.016055,0.07739744707942009,15447134208,0,0,85017493504,15297191936,0,149942272,0,128404291584,121149186048,0
1791587725.1854684,0.04672311432659626,15476494336,0,0,85017493504,15332843520,0,143650816,0,128433713152,121149186048,0
1791587725.3822393,0.0434008464217186,15507951616,0,0,85017493504,15366397952,0,141553664,0,128465260544,121149186048,0
1791587725.5787556,0.039825547486543655,15541506048,0,0,85017493504,15397855232,0,143650816,0,128499154944,121149186048,0
1791587725.7786806,0.03965922258794308,15579254784,0,0,85017493504,15435603968,0,143650816,0,128537001984,121149181952,0
1791587725.9792435,0.04013417288661003,15614906368,0,0,85017493504,15473352704,0,141553664,0,128572743680,121149181952,0
1791587726.1764307,0.037198180332779884,15652655104,0,0,85017493504,15511101440,0,141553664,0,128610537472,121149181952,0
1791587726.3709064,0.03160160779953003,15688306688,0,0,85017493504,15546753024,0,141553664,0,128646463488,121149181952,0
1791587726.5788033,0.03940793313086033,15726055424,0,0,85017493504,15584501760,0,141553664,0,128683859968,121149181952,0
1791587726.7765832,0.03709911368787289,15763804160,0,0,85017493504,15622250496,0,141553664,0,128721690624,121149181952,0
1791587726.9800553,0.040484555065631866,15801552896,0,0,85017493504,15659999232,0,141553664,0,128759791616,121149181952,0
1791587727.1753807,0.035712238401174545,15837204480,0,0,85017493504,15695650816,0,141553664,0,128797556736,121149177856,0
1791587727.3731048,0.033358801156282425,15874953216,0,0,85017493504,15733399552,0,141553664,0,128832831488,121149177856,0
1791587727.5742598,0.034431761130690575,15910604800,0,0,85017493504,15769051136,0,141553664,0,128868204544,121149177856,0
1791587727.7725759,0.032660678029060364,15946256384,0,0,85017493504,15804702720,0,141553664,0,128904232960,121149177856,0
1791587727.9747503,0.034755123779177666,15984005120,0,0,85017493504,15840354304,0,143650816,0,128942247936,121149177856,0
1791587728.1755154,0.03543156012892723,16019656704,0,0,85017493504,15876005888,0,143650816,0,128977956864,121149177856,0
1791587728.3760157,0.035857921466231346,16057405440,0,0,85017493504,15915851776,0,141553664,0,129015750656,121149177856,0
1791587728.5715697,0.03137511387467384,16097251328,0,0,85017493504,15955697664,0,141553664,0,129055952896,121149177856,0
1791587728.771767,0.03149458393454552,16137097216,0,0,85017493504,15993446400,0,143650816,0,129095892992,121149177856,0
1791587728.9738917,0.03354525938630104,16176943104,0,0,85017493504,16035389440,0,141553664,0,129135296512,121149177856,0
1791587729.1748068,0.034387048333883286,16214691840,0,0,85017493504,16073138176,0,141553664,0,129173356544,121149177856,0
1791587729.3751266,0.034620845690369606,16252440576,0,0,85017493504,16108789760,0,143650816,0,129210933248,121149177856,0
1791587729.5763726,0.0357836801558733,16290189312,0,0,85017493504,16146538496,0,143650816,0,129248751616,121149177856,0
1791587729.775897,0.035225288942456245,16325840896,0,0,85017493504,16184287232,0,141553664,0,129284136960,121149177856,0
1791587729.9752002,0.03445081599056721,16365686784,0,0,85017493504,16222035968,0,143650816,0,129324236800,121149177856,0
1791587730.1751323,0.03429633565247059,16403435520,0,0,85017493504,16261881856,0,141553664,0,129362075648,121149177856,0
1791587730.3752854,0.034373050555586815,16441184256,0,0,85017493504,16299630592,0,141553664,0,129399877632,121149177856,0
1791587730.5739956,0.03300926089286804,16481030144,0,0,85017493504,16339476480,0,141553664,0,129440075776,121149177856,0
1791587730.7740183,0.0329502634704113,16520876032,0,0,85017493504,16379322368,0,141553664,0,129480015872,121149177856,0
1791587730.973809,0.03266301192343235,16558624768,0,0,85017493504,16414973952,0,143650816,0,129517142016,121149177856,0
1791587731.174421,0.03320201672613621,16594276352,0,0,85017493504,16452722688,0,141553664,0,129552863232,121149177856,0
1791587731.376696,0.03539152257144451,16632025088,0,0,85017493504,16490471424,0,141553664,0,129590972416,121149177856,0
1791587731.5778096,0.03642403148114681,16667676672,0,0,85017493504,16526123008,0,141553664,0,129626714112,121149177856,0
1791587731.7763362,0.03486615978181362,16703328256,0,0,85017493504,16561774592,0,141553664,0,129662156800,121149177856,0
1791587731.976924,0.03537468798458576,16741076992,0,0,85017493504,16599523328,0,141553664,0,129700184064,121149177856,0
1791587732.1815195,0.03986685536801815,16776728576,0,0,85017493504,16635174912,0,141553664,0,129735983104,121149177856,0
1791587732.3707223,0.02899964712560177,16812380160,0,0,85017493504,16670826496,0,141553664,0,129771982848,121149177856,0
1791587732.5828915,0.041084157302975655,16854323200,0,0,85017493504,16710672384,0,143650816,0,129813774336,121149112320,0
1791587732.7782955,0.036405958235263824,16889974784,0,0,85017493504,16748421120,0,141553664,0,129849749504,121149112320,0
1791587732.979201,0.037221891805529594,16927723520,0,0,85017493504,16786169856,0,141553664,0,129887526912,121149112320,0
1791587733.1812518,0.03918459638953209,16965472256,0,0,85017493504,16821821440,0,143650816,0,129925050368,121149112320,0
1791587733.3836246,0.04146410897374153,17003220992,0,0,85017493504,16861667328,0,141553664,0,129963151360,121149112320,0
1791587733.5822546,0.040006326511502266,17040969728,0,0,85017493504,16899416064,0,141553664,0,130000986112,121149112320,0
1791587733.7815788,0.03923757001757622,17078718464,0,0,85017493504,16935067648,0,143650816,0,130038554624,121149112320,0
1791587733.9835978,0.041171109303832054,17118564352,0,0,85017493504,16974913536,0,143650816,0,130078416896,121149112320,0
1791587734.182003,0.03948412835597992,17156313088,0,0,85017493504,17012662272,0,143650816,0,130116452352,121149112320,0
1791587734.379732,0.03712993115186691,17194061824,0,0,85017493504,17050411008,0,143650816,0,130154012672,121149112320,0
1791587734.5828042,0.04011420160531998,17231810560,0,0,85017493504,17088159744,0,143650816,0,130191851520,121149112320,0
1791587734.7814357,0.03865582123398781,17269559296,0,0,85017493504,17125908480,0,143650816,0,130230218752,121149112320,0
1791587734.980614,0.037747856229543686,17307312128,0,0,85017493504,17165754368,0,141557760,0,130267762688,121149112320,0
1791587735.1787486,0.03580109961330891,17347158016,0,0,85017493504,17203503104,0,143654912,0,130307698688,121149112320,0
1791587735.3831666,0.04012207314372063,17384906752,0,0,85017493504,17241251840,0,143654912,0,130345472000,121149112320,0
1791587735.5825987,0.039462240412831306,17420558336,0,0,85017493504,17276903424,0,143654912,0,130381180928,121149108224,0
1791587735.7827163,0.03948854096233845,17454116864,0,0,85017493504,17312555008,0,141561856,0,130414739456,121149108224,0
1791587735.9875379,0.04422175884246826,17489776640,0,0,85017493504,17348206592,0,141570048,0,130452504576,121149108224,0
1791587736.1839094,0.04049764759838581,17527525376,0,0,85017493504,17383858176,0,143667200,0,130488139776,121149108224,0
1791587736.382654,0.03913637809455395,17565274112,0,0,85017493504,17421606912,0,143667200,0,130526425088,121149108224,0
1791587736.5813522,0.0377498809248209,17603022848,0,0,85017493504,17461452800,0,141570048,0,130564141056,121149108224,0
1791587736.7844052,0.040713075548410416,17653354496,0,0,85017493504,17507590144,0,145764352,0,130614493184,121149108224,0
1791587736.9858258,0.04204154573380947,17733046272,0,0,85017493504,17580990464,0,152055808,0,130694717440,121149108224,0
1791587737.1815963,0.03771250322461128,17787572224,0,0,85017493504,17643905024,0,143667200,0,130749403136,121149108224,0
1791587737.37982,0.03583930991590023,17825320960,0,0,85017493504,17683750912,0,141570048,0,130787401728,121149108224,0
1791587737.5774503,0.03339800424873829,17863069696,0,0,85017493504,17721499648,0,141570048,0,130824978432,121149108224,0
1791587737.7766683,0.03250902332365513,17898721280,0,0,85017493504,17757151232,0,141570048,0,130860707840,121149108224,0
1791587737.976133,0.03190443478524685,17936470016,0,0,85017493504,17792802816,0,143667200,0,130898554880,121149108224,0
1791587738.1759953,0.03169143199920654,17972121600,0,0,85017493504,17830551552,0,141570048,0,130934562816,121149108224,0
1791587738.3740053,0.029637165367603302,18007773184,0,0,85017493504,17864105984,0,143667200,0,130969915392,121149108224,0
1791587738.581889,0.03744112327694893,18047619072,0,0,85017493504,17903951872,0,143667200,0,131009626112,121149108224,0
1791587738.7805564,0.036021020263433456,18087464960,0,0,85017493504,17943797760,0,143667200,0,131049824256,121149108224,0
1791587738.9829571,0.038336170837283134,18125213696,0,0,85017493504,17983643648,0,141570048,0,131087663104,121149108224,0
1791587739.1821434,0.03743969090282917,18165059584,0,0,85017493504,18021392384,0,143667200,0,131127603200,121149108224,0
1791587739.3835042,0.0387023463845253,18200711168,0,0,85017493504,18059141120,0,141570048,0,131163152384,121149108224,0
1791587739.5841706,0.039284419268369675,18236362752,0,0,85017493504,18094792704,0,141570048,0,131199119360,121149108224,0
1791587739.7833216,0.038356807082891464,18272014336,0,0,85017493504,18130444288,0,141570048,0,131236687872,121149108224,0
1791587739.9840112,0.038962285965681076,18309763072,0,0,85017493504,18168193024,0,141570048,0,131272437760,121149108224,0
1791587740.1836395,0.03849714435636997,18347511808,0,0,85017493504,18203844608,0,143667200,0,131310313472,121149108224,0
1791587740.3883028,0.043059105053544044,18385260544,0,0,85017493504,18241593344,0,143667200,0,131348054016,121149108224,0
1791587740.5813901,0.03604368679225445,18423009280,0,0,85017493504,18279342080,0,143667200,0,131385831424,121149108224,0
1791587740.7844129,0.03898766078054905,18460758016,0,0,85017493504,18317090816,0,143667200,0,131423420416,121149108224,0
1791587740.981556,0.03604711964726448,18498506752,0,0,85017493504,18354839552,0,143667200,0,131461488640,121149108224,0
1791587741.184864,0.03926940821111202,18536255488,0,0,85017493504,18394685440,0,141570048,0,131501121536,121149108224,0
1791587741.3842657,0.03857595846056938,18574004224,0,0,85017493504,18432434176,0,141570048,0,131536498688,121149108224,0
1791587741.5823734,0.036599792540073395,18611752960,0,0,85017493504,18468085760,0,143667200,0,131574804480,121149108224,0
1791587741.784736,0.03886973112821579,18649501696,0,0,85017493504,18505834496,0,143667200,0,131612385280,121149108224,0
1791587741.985323,0.0393680315464735,18689347584,0,0,85017493504,18545680384,0,143667200,0,131652444160,121149108224,0
1791587742.1843991,0.0383392833173275,18724999168,0,0,85017493504,18583429120,0,141570048,0,131688513536,121149108224,0
1791587742.3834822,0.03733879327774048,18762747904,0,0,85017493504,18621177856,0,141570048,0,131726413824,121149108224,0
1791587742.5820818,0.03588087856769562,18802593792,0,0,85017493504,18658926592,0,143667200,0,131766349824,121149108224,0
1791587742.7814515,0.035165391862392426,18842439680,0,0,85017493504,18698772480,0,143667200,0,131806269440,121149108224,0
1791587742.982305,0.035932064056396484,18878091264,0,0,85017493504,18736521216,0,141570048,0,131841961984,121149108224,0
1791587743.1849465,0.03849341906607151,18915840000,0,0,85017493504,18774269952,0,141570048,0,131879809024,121149108224,0
1791587743.3863611,0.03981802798807621,18951491584,0,0,85017493504,18807824384,0,143667200,0,131915264000,121149108224,0
1791587743.58533,0.03870171494781971,18985046016,0,0,85017493504,18843475968,0,141570048,0,131948822528,121149108224,0
1791587743.779056,0.0323487501591444,19018600448,0,0,85017493504,18877030400,0,141570048,0,131982729216,121149108224,0
1791587743.9776788,0.03088567592203617,19054252032,0,0,85017493504,18914779136,0,139472896,0,132018454528,121149108224,0
1791587744.1791916,0.032323528081178665,19092000768,0,0,85017493504,18950430720,0,141570048,0,132056125440,121149108224,0
1791587744.3889077,0.04193335399031639,19129749504,0,0,85017493504,18988179456,0,141570048,0,132093947904,121149108224,0
1791587744.5862706,0.03920897841453552,19169595392,0,0,85017493504,19025928192,0,143667200,0,132134137856,121149108224,0
1791587744.7852263,0.03805644437670708,19205246976,0,0,85017493504,19061579776,0,143667200,0,132169773056,121149108224,0
1791587744.9889662,0.04169294610619545,19247190016,0,0,85017493504,19103522816,0,143667200,0,132211806208,121149108224,0
1791587745.1852157,0.03784398175776005,19287035904,0,0,85017493504,19143368704,0,143667200,0,132252000256,121149108224,0
1791587745.387392,0.03993485867977142,19326881792,0,0,85017493504,19183214592,0,143667200,0,132291854336,121149108224,0
1791587745.589312,0.04176667518913746,19364630528,0,0,85017493504,19220963328,0,143667200,0,132329357312,121149108224,0
1791587745.7853413,0.03770383261144161,19400282112,0,0,85017493504,19258712064,0,141570048,0,132364832768,121149108224,0
1791587745.9768991,0.029195362702012062,19438030848,0,0,85017493504,19294363648,0,143667200,0,132402937856,121149108224,0
1791587746.184829,0.03703880310058594,19475779584,0,0,85017493504,19334209536,0,141570048,0,132440760320,121149108224,0
1791587746.3863704,0.03848433494567871,19513528320,0,0,85017493504,19369861120,0,143667200,0,132478488576,121149108224,0
1791587746.5869112,0.0389213003218174,19551277056,0,0,85017493504,19407609856,0,143667200,0,132516323328,121149108224,0
1791587746.7819061,0.033840782940387726,19589025792,0,0,85017493504,19445358592,0,143667200,0,132554100736,121149108224,0
1791587746.987249,0.03909844160079956,19626774528,0,0,85017493504,19483107328,0,143667200,0,132591747072,121149108224,0
1791587747.190116,0.04186312295496464,19662426112,0,0,85017493504,19520856064,0,141570048,0,132627759104,121149108224,0
1791587747.3882174,0.03986150771379471,19700174848,0,0,85017493504,19556507648,0,143667200,0,132665589760,121149108224,0
1791587747.5861187,0.037651173770427704,19737923584,0,0,85017493504,19594256384,0,143667200,0,132703399936,121149108224,0
1791587747.787112,0.03856215626001358,19775672320,0,0,85017493504,19632005120,0,143667200,0,132741255168,121149108224,0
1791587747.98892,0.0402805395424366,19813421056,0,0,85017493504,19669753856,0,143667200,0,132779020288,121149108224,0
1791587748.1889615,0.04020909033715725,19855364096,0,0,85017493504,19711696896,0,143667200,0,132821037056,121149108224,0
1791587748.3852198,0.036352455615997314,19893112832,0,0,85017493504,19749445632,0,143667200,0,132858544128,121149108224,0
1791587748.5784101,0.029479192569851875,19930861568,0,0,85017493504,19789291520,0,141570048,0,132896641024,121149108224,0
1791587748.7780733,0.029076073318719864,19970707456,0,0,85017493504,19827040256,0,143667200,0,132936806400,121149108224,0
1791587748.9767346,0.027671577408909798,20010553344,0,0,85017493504,19866886144,0,143667200,0,132976693248,121149108224,0
1791587749.1766198,0.0274911280721426,20050399232,0,0,85017493504,19908829184,0,141570048,0,133016612864,121149108224,0
1791587749.3771896,0.0279999990016222,20088147968,0,0,85017493504,19946577920,0,141570048,0,133054447616,121149108224,0
1791587749.582739,0.0334615595638752,20125896704,0,0,85017493504,19984326656,0,141570048,0,133091979264,121149108224,0
1791587749.782876,0.03351379930973053,20163645440,0,0,85017493504,20019978240,0,143667200,0,133129773056,121149108224,0
1791587749.9871209,0.03767157904803753,20201394176,0,0,85017493504,20059824128,0,141570048,0,133167853568,121149108224,0
1791587750.179463,0.029939686879515648,20239142912,0,0,85017493504,20097572864,0,141570048,0,133205872640,121149108224,0
1791587750.3781197,0.028531145304441452,20274794496,0,0,85017493504,20133224448,0,141570048,0,133241561088,121149108224,0
1791587750.5764363,0.026782210916280746,20314640384,0,0,85017493504,20173070336,0,141570048,0,133281476608,121149108224,0
1791587750.7764094,0.026690859347581863,20352389120,0,0,85017493504,20210819072,0,141570048,0,133319315456,121149108224,0
1791587750.9766238,0.02684127353131771,20392235008,0,0,85017493504,20248567808,0,143667200,0,133359251456,121149108224,0
1791587751.1786466,0.028799254447221756,20432080896,0,0,85017493504,20288413696,0,143667200,0,133399052288,121149108224,0
1791587751.3813689,0.031447483226656914,20471926784,0,0,85017493504,20328259584,0,143667200,0,133438808064,121149108224,0
1791587751.5800781,0.030087534338235855,20509675520,0,0,85017493504,20366008320,0,143667200,0,133476909056,121149108224,0
1791587751.7846203,0.03454280644655228,20547424256,0,0,85017493504,20405854208,0,141570048,0,133514563584,121149108224,0
1791587751.9932961,0.04307684302330017,20587270144,0,0,85017493504,20443602944,0,143667200,0,133553917952,121149108224,0
1791587752.1911442,0.04081853851675987,20625018880,0,0,85017493504,20481351680,0,143667200,0,133592371200,121149108224,0
1791587752.3893318,0.03890686854720116,20664864768,0,0,85017493504,20521197568,0,143667200,0,133631950848,121149108224,0
1791587752.5880609,0.037549592554569244,20702613504,0,0,85017493504,20561043456,0,141570048,0,133669707776,121149108224,0
1791587752.7847884,0.03420542553067207,20740362240,0,0,85017493504,20598792192,0,141570048,0,133707546624,121149108224,0
1791587752.9888628,0.03819071501493454,20778110976,0,0,85017493504,20636540928,0,141570048,0,133745639424,121149108224,0
1791587753.192319,0.04155231639742851,20815859712,0,0,85017493504,20674289664,0,141570048,0,133783109632,121149108224,0
1791587753.3919563,0.04110390692949295,20851511296,0,0,85017493504,20709941248,0,141570048,0,133818851328,121149108224,0
1791587753.5897913,0.03882681205868721,20889260032,0,0,85017493504,20745592832,0,143667200,0,133856899072,121149108224,0
1791587753.7941456,0.043093277141451836,20927008768,0,0,85017493504,20783341568,0,143667200,0,133895213056,121149108224,0
1791587753.9925754,0.041429560631513596,20962660352,0,0,85017493504,20821090304,0,141570048,0,133933223936,121149108224,0
1791587754.187449,0.03624500334262848,21000409088,0,0,85017493504,20856741888,0,143667200,0,133968744448,121149108224,0
1791587754.389819,0.038510819897055626,21040254976,0,0,85017493504,20896587776,0,143667200,0,134008942592,121149108224,0
1791587754.5888975,0.03749426454305649,21075906560,0,0,85017493504,20934336512,0,141570048,0,134044360704,121149108224,0
1791587754.7787905,0.02731146104633808,21111558144,0,0,85017493504,20969988096,0,141570048,0,134080368640,121149108224,0
1791587754.9821954,0.030643422156572342,21149306880,0,0,85017493504,21005639680,0,143667200,0,134118211584,121149108224,0
1791587755.195694,0.04407401382923126,21189152768,0,0,85017493504,21047582720,0,141570048,0,134157672448,121149108224,0
1791587755.3855784,0.03388751484453678,21224804352,0,0,85017493504,21083234304,0,141570048,0,134193541120,121149108224,0
1791587755.591439,0.03965520113706589,21264650240,0,0,85017493504,21120983040,0,143667200,0,134233268224,121149108224,0
1791587755.7850409,0.03317943401634693,21298204672,0,0,85017493504,21154537472,0,143667200,0,134267068416,121149108224,0
1791587755.993785,0.04180905781686306,21335953408,0,0,85017493504,21192286208,0,143667200,0,134304886784,121149108224,0
1791587756.1926553,0.040563663467764854,21373702144,0,0,85017493504,21230034944,0,143667200,0,134342725632,121149108224,0
1791587756.3913352,0.03908047080039978,21411450880,0,0,85017493504,21267783680,0,143667200,0,134380568576,121149108224,0
1791587756.5902033,0.03784872218966484,21449199616,0,0,85017493504,21305532416,0,143667200,0,134418669568,121149108224,0
1791587756.7856157,0.03318607807159424,21484851200,0,0,85017493504,21343281152,0,141570048,0,134456508416,121149108224,0
1791587756.9944425,0.04191942140460014,21524697088,0,0,85017493504,21383127040,0,141570048,0,134494081024,121149108224,0
1791587757.1959186,0.043302787467837334,21562445824,0,0,85017493504,21418778624,0,143667200,0,134532497408,121149108224,0
1791587757.3948586,0.042125362902879715,21598097408,0,0,85017493504,21456527360,0,141570048,0,134567759872,121149108224,0
1791587757.5960457,0.04319289140403271,21635846144,0,0,85017493504,21494276096,0,141570048,0,134607601664,121149108224,0
1791587757.794117,0.04114219546318054,21671497728,0,0,85017493504,21529927680,0,141570048,0,134641152000,121149108224,0
1791587757.993165,0.040071453899145126,21709246464,0,0,85017493504,21565579264,0,143667200,0,134679384064,121149108224,0
1791587758.192166,0.03894609771668911,21744898048,0,0,85017493504,21603328000,0,141570048,0,134714638336,121149108224,0
1791587758.3901227,0.03682187385857105,21782646784,0,0,85017493504,21638979584,0,143667200,0,134752092160,121149108224,0
1791587758.5894914,0.036110347136855125,21820395520,0,0,85017493504,21676728320,0,143667200,0,134789935104,121149108224,0
1791587758.7903414,0.03687886521220207,21856047104,0,0,85017493504,21714477056,0,141570048,0,134825693184,121149108224,0
1791587758.9903643,0.03682141937315464,21891698688,0,0,85017493504,21750128640,0,141570048,0,134861389824,121149108224,0
1791587759.1899345,0.03631211072206497,21931544576,0,0,85017493504,21787877376,0,143667200,0,134901329920,121149108224,0
1791587759.3931239,0.039408985525369644,21969293312,0,0,85017493504,21825626112,0,143667200,0,134939172864,121149108224,0
1791587759.5956075,0.04180208407342434,22007042048,0,0,85017493504,21863374848,0,143667200,0,134976512000,121149108224,0
1791587759.7907183,0.03682212345302105,22044790784,0,0,85017493504,21901123584,0,143667200,0,135014277120,121149108224,0
1791587759.9955773,0.04157725349068642,22082539520,0,0,85017493504,21940969472,0,141570048,0,135052304384,121149108224,0
1791587760.2008212,0.04669082723557949,22120288256,0,0,85017493504,21976621056,0,143667200,0,135090384896,121149108224,0
1791587760.3873696,0.03314856253564358,22151749632,0,0,85017493504,22010175488,0,141574144,0,135121920000,121149108224,0
1791587760.5941072,0.039800992235541344,22189498368,0,0,85017493504,22047924224,0,141574144,0,135161856000,121149108224,0
1791587760.7926428,0.03825019858777523,22231441408,0,0,85017493504,22087770112,0,143671296,0,135202050048,121149108224,0
1791587760.9921958,0.037717970088124275,22269190144,0,0,85017493504,22127616000,0,141574144,0,135239892992,121149108224,0
1791587761.1914542,0.03688797727227211,22309040128,0,0,85017493504,22165364736,0,143675392,0,135279632384,121149108224,0
1791587761.3953528,0.04068445600569248,22346797056,0,0,85017493504,22205210624,0,141586432,0,135317483520,121149108224,0
1791587761.5950541,0.040293846279382706,22384545792,0,0,85017493504,22242959360,0,141586432,0,135355670528,121149108224,0
1791587761.785062,0.030226467177271843,22422294528,0,0,85017493504,22280708096,0,141586432,0,135393210368,121149108224,0
1791587761.9942303,0.039324572309851646,22462140416,0,0,85017493504,22318456832,0,143683584,0,135433080832,121149108224,0
1791587762.1954153,0.040416257455945015,22499889152,0,0,85017493504,22356205568,0,143683584,0,135471292416,121149104128,0
1791587762.3954911,0.04039434902369976,22535540736,0,0,85017493504,22391857152,0,143683584,0,135506587648,121149104128,0
1791587762.5928586,0.037624867632985115,22569095168,0,0,85017493504,22427508736,0,141586432,0,135540400128,121149104128,0
1791587762.7886727,0.03336784802377224,22606843904,0,0,85017493504,22465257472,0,141586432,0,135580073984,121149104128,0
1791587762.9929304,0.03752775117754936,22646689792,0,0,85017493504,22503006208,0,143683584,0,135617630208,121149104128,0
1791587763.194804,0.03929645009338856,22684438528,0,0,85017493504,22542852096,0,141586432,0,135657906176,121149104128,0
1791587763.3981054,0.04249981418251991,22724284416,0,0,85017493504,22582697984,0,141586432,0,135695560704,121149104128,0
1791587763.5974426,0.04171601124107838,22762033152,0,0,85017493504,22618349568,0,143683584,0,135733358592,121149104128,0
1791587763.7975442,0.04170162416994572,22801879040,0,0,85017493504,22658195456,0,143683584,0,135773556736,121149104128,0
1791587763.9958096,0.03985953889787197,22841724928,0,0,85017493504,22698041344,0,143683584,0,135813660672,121149104128,0
1791587764.198781,0.042717380449175835,22881570816,0,0,85017493504,22737887232,0,143683584,0,135853592576,121149104128,0
1791587764.394838,0.03867192380130291,22921416704,0,0,85017493504,22777733120,0,143683584,0,135893254144,121149104128,0
1791587764.5955522,0.03929102048277855,22961262592,0,0,85017493504,22819676160,0,141586432,0,135935287296,121149104128,0
1791587764.7953298,0.03897055983543396,23003205632,0,0,85017493504,22859522048,0,143683584,0,135975227392,121149104128,0
1791587764.9940856,0.03762601874768734,23043051520,0,0,85017493504,22901465088,0,141586432,0,136015069184,121149104128,0
1791587765.1965868,0.040028756484389305,23084994560,0,0,85017493504,22941310976,0,143683584,0,136057282560,121149104128,0
1791587765.3935986,0.036950040608644485,23124840448,0,0,85017493504,22983254016,0,141586432,0,136097017856,121149104128,0
1791587765.5943234,0.03758442401885986,23162589184,0,0,85017493504,23018905600,0,143683584,0,136134504448,121149104128,0
1791587765.7880988,0.03128782846033573,23200337920,0,0,85017493504,23056654336,0,143683584,0,136172187648,121149104128,0
1791587766.0009608,0.04405293986201286,23242280960,0,0,85017493504,23098597376,0,143683584,0,136214724608,121149104128,0
1791587766.1985905,0.04159147851169109,23277932544,0,0,85017493504,23136346112,0,141586432,0,136252362752,121149104128,0
1791587766.3954842,0.03839893825352192,23317778432,0,0,85017493504,23174094848,0,143683584,0,136290156544,121149104128,0
1791587766.5934682,0.03629811480641365,23353430016,0,0,85017493504,23209746432,0,143683584,0,136326127616,121149104128,0
1791587766.79264,0.03543383441865444,23389081600,0,0,85017493504,23245398016,0,143683584,0,136361598976,121149104128,0
1791587766.9935136,0.036223309114575386,23426830336,0,0,85017493504,23285243904,0,141586432,0,136399441920,121149104128,0
1791587767.1945596,0.03717793524265289,23464579072,0,0,85017493504,23322992640,0,141586432,0,136437624832,121149104128,0
1791587767.3981223,0.04064810462296009,23504424960,0,0,85017493504,23362838528,0,141586432,0,136477741056,121149104128,0
1791587767.5961258,0.03855866193771362,23542173696,0,0,85017493504,23400587264,0,141586432,0,136515256320,121149104128,0
1791587767.7945747,0.03691074810922146,23579922432,0,0,85017493504,23436238848,0,143683584,0,136553029632,121149104128,0
1791587767.9964104,0.038660118356347084,23617671168,0,0,85017493504,23473987584,0,143683584,0,136591147008,121149104128,0
1791587768.1993957,0.041550224646925926,23653322752,0,0,85017493504,23509639168,0,143683584,0,136627306496,121149104128,0
1791587768.400725,0.042782554402947426,23691071488,0,0,85017493504,23547387904,0,143683584,0,136664842240,121149145088,0
1791587768.596309,0.03826954588294029,23728820224,0,0,85017493504,23585136640,0,143683584,0,136702685184,121149145088,0
1791587768.798213,0.04006284102797508,23768666112,0,0,85017493504,23624982528,0,143683584,0,136742760448,121149145088,0
1791587768.9985027,0.040270138531923294,23806414848,0,0,85017493504,23662731264,0,143683584,0,136780218368,121149145088,0
1791587769.199104,0.040766868740320206,23844163584,0,0,85017493504,23702577152,0,141586432,0,136819994624,121149145088,0
1791587769.3989172,0.04048701003193855,23881912320,0,0,85017493504,23738228736,0,143683584,0,136855863296,121149145088,0
1791587769.596595,0.038073455914855,23919661056,0,0,85017493504,23778074624,0,141586432,0,136893812736,121149145088,0
1791587769.8027925,0.04418201930820942,23959506944,0,0,85017493504,23815823360,0,143683584,0,136935845888,121149145088,0
1791587770.000024,0.041325440630316734,24003547136,0,0,85017493504,23859863552,0,143683584,0,136977850368,121149145088,0
1791587770.1981328,0.03934025950729847,24060170240,0,0,85017493504,23916486656,0,143683584,0,137034747904,121149145088,0
1791587770.3966818,0.03780530393123627,24095821824,0,0,85017493504,23954235392,0,141586432,0,137070252032,121149145088,0
1791587770.5967157,0.03775857947766781,24133570560,0,0,85017493504,23991984128,0,141586432,0,137110110208,121149145088,0
1791587770.797795,0.03875312954187393,24173416448,0,0,85017493504,24029732864,0,143683584,0,137148182528,121149145088,0
1791587770.9989657,0.03984036482870579,24211165184,0,0,85017493504,24067481600,0,143683584,0,137186025472,121149145088,0
1791587771.1945713,0.03536517173051834,24248913920,0,0,85017493504,24107327488,0,141586432,0,137223557120,121149145088,0
1791587771.4004853,0.04118315130472183,24288759808,0,0,85017493504,24145076224,0,143683584,0,137263697920,121149145088,0
1791587771.6002207,0.04083007946610451,24326508544,0,0,85017493504,24182824960,0,143683584,0,137301184512,121149145088,0
1791587771.7974908,0.03801130875945091,24362160128,0,0,85017493504,24220573696,0,141586432,0,137337024512,121149145088,0
1791587771.997565,0.03800029680132866,24399908864,0,0,85017493504,24256225280,0,143683584,0,137374519296,121149145088,0
1791587772.2283223,0.06867152266204357,24443949056,0,0,85017493504,24296071168,0,147877888,0,137419624448,121149145088,0
1791587772.399919,0.040178172290325165,24475406336,0,0,85017493504,24331722752,0,143683584,0,137450631168,121149145088,0
1791587772.6004126,0.04058302938938141,24513155072,0,0,85017493504,24371568640,0,141586432,0,137490239488,121149145088,0
1791587772.8008957,0.040981195867061615,24553000960,0,0,85017493504,24409317376,0,143683584,0,137528315904,121149104128,0
1791587772.9993722,0.03936789557337761,24590749696,0,0,85017493504,24447066112,0,143683584,0,137566076928,121149104128,0
1791587773.2001867,0.04009528085589409,24630595584,0,0,85017493504,24486912000,0,143683584,0,137606025216,121149104128,0
1791587773.4017053,0.0414898507297039,24668344320,0,0,85017493504,24526757888,0,141586432,0,137643868160,121149104128,0
1791587773.6009696,0.04066914692521095,24703995904,0,0,85017493504,24562409472,0,141586432,0,137679691776,121149104128,0
1791587773.7997434,0.0393522921949625,24741744640,0,0,85017493504,24598061056,0,143683584,0,137717460992,121149104128,0
1791587774.0009658,0.040486523881554604,24775299072,0,0,85017493504,24633712640,0,141586432,0,137751187456,121149104128,0
1791587774.2016995,0.04112977162003517,24810950656,0,0,85017493504,24667267072,0,143683584,0,137786667008,121149104128,0
1791587774.4012704,0.04060700722038746,24848699392,0,0,85017493504,24707112960,0,141586432,0,137824759808,121149104128,0
1791587774.6008973,0.04014661721885204,24888545280,0,0,85017493504,24744861696,0,143683584,0,137864683520,121149104128,0
1791587774.800975,0.040135618299245834,24926294016,0,0,85017493504,24782610432,0,143683584,0,137901969408,121149104128,0
1791587775.0000618,0.03913749381899834,24966139904,0,0,85017493504,24822456320,0,143683584,0,137942167552,121149104128,0
1791587775.2001262,0.039118567481637,25003888640,0,0,85017493504,24860205056,0,143683584,0,137980010496,121149104128,0
1791587775.402835,0.041741108521819115,25043734528,0,0,85017493504,24900050944,0,143683584,0,138019676160,121149104128,0
1791587775.6012697,0.04004759341478348,25081483264,0,0,85017493504,24937799680,0,143683584,0,138057920512,121149104128,0
1791587775.8035958,0.04227314703166485,25119232000,0,0,85017493504,24975548416,0,143683584,0,138095525888,121149104128,0
1791587776.000406,0.038989389315247536,25156980736,0,0,85017493504,25013297152,0,143683584,0,138133544960,121149104128,0
1791587776.200783,0.039273323491215706,25194729472,0,0,85017493504,25051045888,0,143683584,0,138171633664,121149104128,0
1791587776.400056,0.038459379225969315,25232478208,0,0,85017493504,25088794624,0,143683584,0,138209673216,121149104128,0
1791587776.5987535,0.03707464598119259,25270226944,0,0,85017493504,25126543360,0,143683584,0,138247778304,121149104128,0
1791587776.798664,0.03690560907125473,25310072832,0,0,85017493504,25166389248,0,143683584,0,138287710208,121149104128,0
1791587777.0023234,0.04047660529613495,25349918720,0,0,85017493504,25206235136,0,143683584,0,138326712320,121149104128,0
1791587777.2024589,0.040529949590563774,25389764608,0,0,85017493504,25246081024,0,143683584,0,138367201280,121149104128,0
1791587777.4016435,0.0396225918084383,25425416192,0,0,85017493504,25283829760,0,141586432,0,138403086336,121149104128,0
1791587777.6036098,0.041472187265753746,25463164928,0,0,85017493504,25319481344,0,143683584,0,138440798208,121149104128,0
1791587777.8015194,0.03927283734083176,25498816512,0,0,85017493504,25355132928,0,143683584,0,138476257280,121149104128,0
1791587778.000472,0.03811941109597683,25532370944,0,0,85017493504,25390784512,0,141586432,0,138509586432,121149104128,0
1791587778.2068286,0.044382138177752495,25568022528,0,0,85017493504,25426436096,0,141586432,0,138545172480,121149104128,0
1791587778.4005935,0.03806031495332718,25601576960,0,0,85017493504,25459990528,0,141586432,0,138578825216,121149104128,0
1791587778.6019528,0.039320820942521095,25643520000,0,0,85017493504,25499836416,0,143683584,0,138620887040,121149104128,0
1791587778.802023,0.0392882265150547,25679171584,0,0,85017493504,25535488000,0,143683584,0,138656587776,121149104128,0
1791587779.0038514,0.04103123024106026,25714823168,0,0,85017493504,25571139584,0,143683584,0,138691670016,121149104128,0
1791587779.2051592,0.04226382449269295,25752571904,0,0,85017493504,25610985472,0,141586432,0,138731900928,121149104128,0
1791587779.4064796,0.04348563402891159,25788223488,0,0,85017493504,25646637056,0,141586432,0,138767613952,121149104128,0
1791587779.6056604,0.04254589416086674,25825972224,0,0,85017493504,25684385792,0,141586432,0,138802941952,121149104128,0
1791587779.803678,0.04046088084578514,25861623808,0,0,85017493504,25720037376,0,141586432,0,138838962176,121149104128,0
1791587780.0007823,0.03747110441327095,25899372544,0,0,85017493504,25755688960,0,143683584,0,138877304832,121149104128,0
1791587780.2043676,0.04095231555402279,25937121280,0,0,85017493504,25793437696,0,143683584,0,138914811904,121149104128,0
1791587780.40325,0.039746999740600586,25972772864,0,0,85017493504,25831186432,0,141586432,0,138952572928,121149104128,0
1791587780.6026905,0.039104828611016273,26010521600,0,0,85017493504,25866838016,0,143683584,0,138988105728,121149104128,0
1791587780.7995937,0.03592875972390175,26048270336,0,0,85017493504,25906683904,0,141586432,0,139026206720,121149104128,0
1791587781.0009735,0.037224169820547104,26086019072,0,0,85017493504,25944432640,0,141586432,0,139063816192,121149104128,0
1791587781.2040854,0.040249306708574295,26127962112,0,0,85017493504,25984278528,0,143683584,0,139105701888,121149104128,0
1791587781.4067092,0.04278291203081608,26165710848,0,0,85017493504,26024124416,0,141586432,0,139145986048,121149104128,0
1791587781.6034796,0.03946371003985405,26203459584,0,0,85017493504,26061873152,0,141586432,0,139181850624,121149104128,0
1791587781.805291,0.041187915951013565,26243305472,0,0,85017493504,26099621888,0,143683584,0,139221692416,121149104128,0
1791587782.004743,0.04052107222378254,26281054208,0,0,85017493504,26137370624,0,143683584,0,139258990592,121149104128,0
1791587782.2032177,0.03887614794075489,26318802944,0,0,85017493504,26175119360,0,143683584,0,139297435648,121149104128,0
1791587782.4029837,0.03854733519256115,26358648832,0,0,85017493504,26214965248,0,143683584,0,139337121792,121149104128,0
1791587782.6036146,0.03909092769026756,26396397568,0,0,85017493504,26254811136,0,141586432,0,139377467392,121149104128,0
1791587782.8030965,0.038485171273350716,26436243456,0,0,85017493504,26292559872,0,143683584,0,139415281664,121149104128,0
1791587783.0040228,0.03932792693376541,26476089344,0,0,85017493504,26332405760,0,143683584,0,139455066112,121149104128,0
1791587783.2036297,0.038846299052238464,26515935232,0,0,85017493504,26372251648,0,143683584,0,139494928384,121149104128,0
1791587783.4044797,0.039610784500837326,26553683968,0,0,85017493504,26412097536,0,141586432,0,139532754944,121149104128,0
1791587783.603962,0.03902191296219826,26591432704,0,0,85017493504,26449846272,0,141586432,0,139572871168,121149104128,0
1791587783.8062077,0.04117514565587044,26629181440,0,0,85017493504,26487595008,0,141586432,0,139608428544,121149104128,0
1791587784.0036252,0.03850446455180645,26666930176,0,0,85017493504,26525343744,0,141586432,0,139646115840,121149104128,0
1791587784.206253,0.04104427434504032,26704678912,0,0,85017493504,26560995328,0,143683584,0,139684151296,121149104128,0
1791587784.4062688,0.040992703288793564,26742427648,0,0,85017493504,26598744064,0,143683584,0,139721728000,121149104128,0
1791587784.5995367,0.03419368527829647,26775982080,0,0,85017493504,26634395648,0,141586432,0,139755229184,121149104128,0
1791587784.7997231,0.03431480750441551,26811633664,0,0,85017493504,26670047232,0,141586432,0,139790925824,121149104128,0
1791587784.998862,0.03338399529457092,26847285248,0,0,85017493504,26705698816,0,141586432,0,139826921472,121149104128,0
1791587785.1952548,0.029708946123719215,26882936832,0,0,85017493504,26741350400,0,141586432,0,139862401024,121149104128,0
1791587785.3950412,0.0294283926486969,26920685568,0,0,85017493504,26779099136,0,141586432,0,139899965440,121149104128,0
1791587785.6004035,0.03471866622567177,26958434304,0,0,85017493504,26814750720,0,143683584,0,139937976320,121149104128,0
1791587785.7977924,0.03203717619180679,26994089984,0,0,85017493504,26850402304,0,143687680,0,139973718016,121149104128,0
1791587786.000789,0.034958790987730026,27031838720,0,0,85017493504,26890248192,0,141590528,0,140011356160,121149104128,0
1791587786.2011285,0.03521863743662834,27069587456,0,0,85017493504,26927996928,0,141590528,0,140048990208,121149104128,0
1791587786.400154,0.03417539596557617,27109433344,0,0,85017493504,26965745664,0,143687680,0,140089188352,121149104128,0
1791587786.599991,0.033946046605706215,27149283328,0,0,85017493504,27005591552,0,143691776,0,140129120256,121149104128,0
1791587786.7998476,0.03373796492815018,27187040256,0,0,85017493504,27045437440,0,141602816,0,140166692864,121149104128,0
1791587786.9982736,0.0320760291069746,27226886144,0,0,85017493504,27085283328,0,141602816,0,140206891008,121149104128,0
1791587787.1959255,0.029658641666173935,27262537728,0,0,85017493504,27120934912,0,141602816,0,140242726912,121149104128,0
1791587787.4012392,0.03490186668932438,27300286464,0,0,85017493504,27158683648,0,141602816,0,140280750080,121149104128,0
1791587787.6030297,0.03662075102329254,27338035200,0,0,85017493504,27194335232,0,143699968,0,140318298112,121149104128,0
1791587787.8042562,0.03777492605149746,27371589632,0,0,85017493504,27229986816,0,141602816,0,140352696320,121149104128,0
1791587788.0023808,0.035822344943881035,27405144064,0,0,85017493504,27263541248,0,141602816,0,140386570240,121149104128,0
1791587788.203773,0.0371313001960516,27442892800,0,0,85017493504,27301289984,0,141602816,0,140424073216,121149104128,0
1791587788.401609,0.03489809297025204,27480641536,0,0,85017493504,27339038720,0,141602816,0,140461654016,121149104128,0
1791587788.6010177,0.03423513099551201,27520487424,0,0,85017493504,27376787456,0,143699968,0,140501671936,121149104128,0
1791587788.8062272,0.039357513189315796,27558236160,0,0,85017493504,27414536192,0,143699968,0,140539514880,121149104128,0
1791587789.0043306,0.037378886714577675,27593887744,0,0,85017493504,27452284928,0,141602816,0,140575260672,121149104128,0
1791587789.2062416,0.03920072317123413,27629539328,0,0,85017493504,27487936512,0,141602816,0,140611252224,121149104128,0
1791587789.4080265,0.04089963994920254,27669385216,0,0,85017493504,27527782400,0,141602816,0,140651462656,121149104128,0
1791587789.6051497,0.037938192486763,27705036800,0,0,85017493504,27563433984,0,141602816,0,140686872576,121149104128,0
1791587789.8047845,0.037488507106900215,27742785536,0,0,85017493504,27599085568,0,143699968,0,140724617216,121149104128,0
1791587790.0026927,0.03532617539167404,27776339968,0,0,85017493504,27634737152,0,141602816,0,140758200320,121149104128,0
1791587790.2063699,0.03891953080892563,27816185856,0,0,85017493504,27672485888,0,143699968,0,140797648896,121149104128,0
1791587790.4059093,0.038372378796339035,27853934592,0,0,85017493504,27712331776,0,141602816,0,140835475456,121149104128,0
1791587790.6056743,0.03805200755596161,27893780480,0,0,85017493504,27752177664,0,141602816,0,140875415552,121149104128,0
1791587790.8063755,0.03866318799555302,27933626368,0,0,85017493504,27789926400,0,143699968,0,140915347456,121149104128,0
1791587791.0062277,0.0384298712015152,27971375104,0,0,85017493504,27827675136,0,143699968,0,140953190400,121149104128,0
1791587791.2059853,0.038100916892290115,28009123840,0,0,85017493504,27865423872,0,143699968,0,140990894080,121149104128,0
1791587791.4068646,0.03888857923448086,28046872576,0,0,85017493504,27905269760,0,141602816,0,141029031936,121149104128,0
1791587791.6026728,0.03462173789739609,28084621312,0,0,85017493504,27943018496,0,141602816,0,141066682368,121149104128,0
1791587791.8032181,0.035091063007712364,28122370048,0,0,85017493504,27980767232,0,141602816,0,141104504832,121149104128,0
1791587792.0042377,0.03603893518447876,28160118784,0,0,85017493504,28018515968,0,141602816,0,141142560768,121149104128,0
1791587792.2054014,0.03712838888168335,28199964672,0,0,85017493504,28056264704,0,143699968,0,141182844928,121149104128,0
1791587792.408976,0.04062059335410595,28239810560,0,0,85017493504,28096110592,0,143699968,0,141222436864,121149104128,0
1791587792.6103568,0.04191531054675579,28279656448,0,0,85017493504,28135956480,0,143699968,0,141262278656,121149104128,0
1791587792.8078938,0.03936668112874031,28317405184,0,0,85017493504,28173705216,0,143699968,0,141300015104,121149104128,0
1791587793.0083845,0.03977334685623646,28355153920,0,0,85017493504,28213551104,0,141602816,0,141337567232,121149104128,0
1791587793.209225,0.04053083807229996,28394999808,0,0,85017493504,28251299840,0,143699968,0,141377761280,121149104128,0
1791587793.402782,0.03402203507721424,28432748544,0,0,85017493504,28291145728,0,141602816,0,141415411712,121149104128,0
1791587793.6063063,0.03746257722377777,28472594432,0,0,85017493504,28328894464,0,143699968,0,141455196160,121149104128,0
1791587793.8053813,0.03647031635046005,28510343168,0,0,85017493504,28368740352,0,141602816,0,141492961280,121149104128,0
1791587794.0062492,0.037250740453600883,28548091904,0,0,85017493504,28406489088,0,141602816,0,141530955776,121149104128,0
1791587794.205873,0.0367932990193367,28585840640,0,0,85017493504,28442140672,0,143699968,0,141568724992,121149104128,0
1791587794.401716,0.032566964626312256,28623589376,0,0,85017493504,28481986560,0,141602816,0,141606567936,121149104128,0
1791587794.6008441,0.03162756934762001,28661338112,0,0,85017493504,28519735296,0,141602816,0,141644251136,121149104128,0
1791587794.801017,0.03173155151307583,28699086848,0,0,85017493504,28557484032,0,141602816,0,141681897472,121149104128,0
1791587795.002557,0.03320540860295296,28736835584,0,0,85017493504,28595232768,0,141602816,0,141719617536,121149104128,0
1791587795.19988,0.03046201355755329,28776681472,0,0,85017493504,28632981504,0,143699968,0,141759778816,121149104128,0
1791587795.3999593,0.030475661158561707,28814430208,0,0,85017493504,28672827392,0,141602816,0,141797474304,121149104128,0
1791587795.6032107,0.03365264646708965,28852178944,0,0,85017493504,28710576128,0,141602816,0,141835042816,121149104128,0
1791587795.8055406,0.035906776785850525,28887830528,0,0,85017493504,28746227712,0,141602816,0,141870530560,121149104128,0
1791587796.0054815,0.035768017172813416,28923482112,0,0,85017493504,28781879296,0,141602816,0,141906530304,121149104128,0
1791587796.2066176,0.03681322932243347,28963328000,0,0,85017493504,28819628032,0,143699968,0,141946744832,121149104128,0
1791587796.403115,0.03323773108422756,29001076736,0,0,85017493504,28857376768,0,143699968,0,141984477184,121149104128,0
1791587796.6016357,0.0316820926964283,29038825472,0,0,85017493504,28895125504,0,143699968,0,142022103040,121149104128,0
1791587796.800192,0.030168641358613968,29078671360,0,0,85017493504,28934971392,0,143699968,0,142062305280,121149104128,0
1791587797.0086586,0.03854844160377979,29118517248,0,0,85017493504,28974817280,0,143699968,0,142102204416,121149104128,0
1791587797.2093446,0.03914366289973259,29156265984,0,0,85017493504,29012566016,0,143699968,0,142140051456,121149100032,0
1791587797.4063582,0.03609266132116318,29194014720,0,0,85017493504,29052411904,0,141602816,0,142177902592,121149100032,0
1791587797.6060572,0.03571127541363239,29231763456,0,0,85017493504,29088063488,0,143699968,0,142215712768,121149100032,0
1791587797.8064167,0.035980941727757454,29269512192,0,0,85017493504,29125812224,0,143699968,0,142253711360,121149100032,0
1791587798.0067525,0.036243343725800514,29305163776,0,0,85017493504,29163560960,0,141602816,0,142291501056,121149100032,0
1791587798.205681,0.035093095153570175,29342912512,0,0,85017493504,29201309696,0,141602816,0,142327734272,121149100032,0
1791587798.4048922,0.034230269491672516,29380661248,0,0,85017493504,29239058432,0,141602816,0,142365274112,121149100032,0
1791587798.61076,0.04002249054610729,29420507136,0,0,85017493504,29278904320,0,141602816,0,142405107712,121149100032,0
1791587798.8104377,0.03961648792028427,29460353024,0,0,85017493504,29316653056,0,143699968,0,142445240320,121149100032,0
1791587799.0122685,0.041362909600138664,29500198912,0,0,85017493504,29356498944,0,143699968,0,142485094400,121149100032,0
1791587799.2121518,0.04115976206958294,29537947648,0,0,85017493504,29394247680,0,143699968,0,142522654720,121149100032,0
1791587799.41229,0.04119674488902092,29577793536,0,0,85017493504,29434093568,0,143699968,0,142562316288,121149100032,0
1791587799.6051302,0.03395995683968067,29613445120,0,0,85017493504,29469745152,0,143699968,0,142598270976,121149100032,0
1791587799.8078046,0.03656398691236973,29649096704,0,0,85017493504,29507493888,0,141602816,0,142636077056,121149100032,0
1791587800.0112085,0.03988225944340229,29686845440,0,0,85017493504,29543145472,0,143699968,0,142671945728,121149100032,0
1791587800.205645,0.03424454480409622,29722497024,0,0,85017493504,29578797056,0,143699968,0,142707957760,121149100032,0
1791587800.4077063,0.036231789737939835,29760245760,0,0,85017493504,29618642944,0,141602816,0,142745780224,121149100032,0
1791587800.612863,0.041300879791378975,29797994496,0,0,85017493504,29654294528,0,143699968,0,142783545344,121149100032,0
1791587800.811245,0.03959396667778492,29835743232,0,0,85017493504,29692043264,0,143699968,0,142821117952,121149100032,0
1791587801.0117986,0.04006308317184448,29873491968,0,0,85017493504,29729792000,0,143699968,0,142859218944,121149100032,0
1791587801.2110023,0.03917980566620827,29911240704,0,0,85017493504,29767540736,0,143699968,0,142897061888,121149100032,0
1791587801.413074,0.04116448014974594,29948989440,0,0,85017493504,29805289472,0,143699968,0,142934433792,121149100032,0
1791587801.6095626,0.03757496550679207,29982543872,0,0,85017493504,29840941056,0,141602816,0,142970441728,121149100032,0
1791587801.8125322,0.04045596159994602,30020292608,0,0,85017493504,29876592640,0,143699968,0,143006175232,121149100032,0
1791587802.006625,0.034475525841116905,30051749888,0,0,85017493504,29910147072,0,141602816,0,143037730816,121149100032,0
1791587802.2065547,0.034349165856838226,30087401472,0,0,85017493504,29945798656,0,141602816,0,143073554432,121149100032,0
1791587802.4070957,0.034813277423381805,30123053056,0,0,85017493504,29981450240,0,141602816,0,143109754880,121149100032,0
1791587802.606037,0.03367115184664726,30158704640,0,0,85017493504,30017101824,0,141602816,0,143145037824,121149100032,0
1791587802.8084528,0.03599800541996956,30209036288,0,0,85017493504,30063239168,0,145797120,0,143195377664,121149100032,0
1791587803.0052462,0.03269817680120468,30250979328,0,0,85017493504,30109376512,0,141602816,0,143237611520,121149100032,0
1791587803.2082999,0.03565611504018307,30295019520,0,0,85017493504,30151319552,0,143699968,0,143281655808,121149100032,0
1791587803.4093404,0.0366276316344738,30334865408,0,0,85017493504,30191165440,0,143699968,0,143321493504,121149100032,0
1791587803.6061199,0.033327994868159294,30370516992,0,0,85017493504,30228914176,0,141602816,0,143357317120,121149100032,0
1791587803.8111434,0.03827482648193836,30408265728,0,0,85017493504,30266662912,0,141602816,0,143395258368,121149100032,0
1791587804.007776,0.03483135811984539,30443917312,0,0,85017493504,30302314496,0,141602816,0,143431012352,121149100032,0
1791587804.2084804,0.03544322028756142,30483763200,0,0,85017493504,30340063232,0,143699968,0,143470673920,121149100032,0
1791587804.407076,0.033968355506658554,30521511936,0,0,85017493504,30379909120,0,141602816,0,143508779008,121149100032,0
1791587804.6029184,0.029714995995163918,30561357824,0,0,85017493504,30417657856,0,143699968,0,143548641280,121149100032,0
1791587804.80285,0.02958221174776554,30599106560,0,0,85017493504,30457503744,0,141602816,0,143586103296,121149100032,0
1791587805.0026097,0.029276737943291664,30636855296,0,0,85017493504,30495252480,0,141602816,0,143623663616,121149100032,0
1791587805.2014892,0.028091980144381523,30674604032,0,0,85017493504,30533001216,0,141602816,0,143661760512,121149100032,0
1791587805.4071705,0.03370792418718338,30714449920,0,0,85017493504,30572847104,0,141602816,0,143701704704,121149100032,0
1791587805.6069674,0.033431537449359894,30752198656,0,0,85017493504,30610595840,0,141602816,0,143739207680,121149100032,0
1791587805.8027446,0.029138674959540367,30792044544,0,0,85017493504,30648344576,0,143699968,0,143779405824,121149100032,0
1791587806.0040057,0.030327271670103073,30827696128,0,0,85017493504,30686093312,0,141602816,0,143814991872,121149100032,0
1791587806.2054403,0.031684983521699905,30865444864,0,0,85017493504,30721744896,0,143699968,0,143852900352,121149100032,0
1791587806.405324,0.031496843323111534,30901096448,0,0,85017493504,30759493632,0,141602816,0,143888629760,121149100032,0
1791587806.6060283,0.03213627636432648,30936748032,0,0,85017493504,30795145216,0,141602816,0,143924396032,121149100032,0
1791587806.8036618,0.029705865308642387,30974496768,0,0,85017493504,30832893952,0,141602816,0,143962497024,121149100032,0
1791587807.0036366,0.029615631327033043,31014342656,0,0,85017493504,30870642688,0,143699968,0,144002166784,121149100032,0
1791587807.2112823,0.03717484883964062,31054188544,0,0,85017493504,30910488576,0,143699968,0,144042389504,121149100032,0
1791587807.413387,0.0391666516661644,31091937280,0,0,85017493504,30950334464,0,141602816,0,144080064512,121149100032,0
1791587807.614895,0.04058207385241985,31129686016,0,0,85017493504,30985986048,0,143699968,0,144117841920,121149100032,0
1791587807.8139467,0.03954877518117428,31165337600,0,0,85017493504,31023734784,0,141602816,0,144153575424,121149100032,0
1791587808.0163748,0.04188707284629345,31203086336,0,0,85017493504,31061483520,0,141602816,0,144191938560,121149100032,0
1791587808.2168794,0.04229212366044521,31242932224,0,0,85017493504,31099232256,0,143699968,0,144231284736,121149100032,0
1791587808.4160652,0.04139004275202751,31278583808,0,0,85017493504,31134883840,0,143699968,0,144266776576,121149100032,0
1791587808.6147077,0.03994845412671566,31314235392,0,0,85017493504,31172632576,0,141602816,0,144302358528,121149100032,0
1791587808.80672,0.03187858685851097,31351984128,0,0,85017493504,31210381312,0,141602816,0,144340414464,121149100032,0
1791587809.0074465,0.03250111639499664,31391830016,0,0,85017493504,31250227200,0,141602816,0,144380276736,121149100032,0
1791587809.2129173,0.03790272958576679,31431675904,0,0,85017493504,31287975936,0,143699968,0,144419946496,121149100032,0
1791587809.4165275,0.041427936404943466,31471521792,0,0,85017493504,31327821824,0,143699968,0,144460025856,121149100032,0
1791587809.613198,0.03797311149537563,31507173376,0,0,85017493504,31363473408,0,143699968,0,144495677440,121149100032,0
1791587809.8088877,0.0335815753787756,31540727808,0,0,85017493504,31399124992,0,141602816,0,144529002496,121149100032,0
1791587810.0360823,0.06068878062069416,31580573696,0,0,85017493504,31434776576,0,145797120,0,144568856576,121149100032,0
1791587810.2170923,0.04160066694021225,31612030976,0,0,85017493504,31468331008,0,143699968,0,144600616960,121149100032,0
1791587810.4150748,0.039476195350289345,31647682560,0,0,85017493504,31506079744,0,141602816,0,144636334080,121149100032,0
1791587810.6143737,0.03867664188146591,31687528448,0,0,85017493504,31543828480,0,143699968,0,144676286464,121149100032,0
1791587810.815825,0.04004235379397869,31725277184,0,0,85017493504,31583674368,0,141602816,0,144714252288,121149100032,0
1791587811.0153575,0.039488907903432846,31765123072,0,0,85017493504,31621423104,0,143699968,0,144754188288,121149100032,0
1791587811.2147672,0.03881695494055748,31802875904,0,0,85017493504,31661268992,0,141606912,0,144791805952,121149100032,0
1791587811.416832,0.040799858048558235,31842721792,0,0,85017493504,31701114880,0,141606912,0,144831451136,121149100032,0
1791587811.617792,0.04166317172348499,31882567680,0,0,85017493504,31738863616,0,143704064,0,144871550976,121149100032,0
1791587811.8167577,0.04053880460560322,31920316416,0,0,85017493504,31776612352,0,143704064,0,144909312000,121149100032,0
1791587812.0174809,0.041169337928295135,31958069248,0,0,85017493504,31814361088,0,143708160,0,144947048448,121149100032,0
1791587812.2165952,0.040187081322073936,31995826176,0,0,85017493504,31852109824,0,143716352,0,144985182208,121149100032,0
1791587812.415147,0.0386495403945446,32031477760,0,0,85017493504,31887761408,0,143716352,0,145020903424,121149100032,0
1791587812.6143684,0.037789324298501015,32069226496,0,0,85017493504,31927607296,0,141619200,0,145060839424,121149100032,0
1791587812.8164353,0.039771994575858116,32109072384,0,0,85017493504,31965356032,0,143716352,0,145098399744,121149100032,0
1791587813.0172422,0.040496593341231346,32148918272,0,0,85017493504,32005201920,0,143716352,0,145138544640,121149100032,0
1791587813.2144687,0.03764236904680729,32186667008,0,0,85017493504,32045047808,0,141619200,0,145176272896,121149100032,0
1791587813.4163282,0.03942001610994339,32224415744,0,0,85017493504,32082796544,0,141619200,0,145214095360,121149100032,0
1791587813.6181493,0.041149236261844635,32262164480,0,0,85017493504,32120545280,0,141619200,0,145254002688,121149100032,0
1791587813.8187802,0.041694119572639465,32302010368,0,0,85017493504,32158294016,0,143716352,0,145291829248,121149100032,0
1791587814.0182698,0.041060103103518486,32341856256,0,0,85017493504,32200237056,0,141619200,0,145333784576,121149100032,0
1791587814.2169297,0.039628466591238976,32381702144,0,0,85017493504,32237985792,0,143716352,0,145371533312,121149100032,0
1791587814.4193904,0.04199936054646969,32419450880,0,0,85017493504,32275734528,0,143716352,0,145409638400,121149100032,0
1791587814.6183097,0.040822384878993034,32459296768,0,0,85017493504,32315580416,0,143716352,0,145449472000,121149100032,0
1791587814.8188462,0.04127064347267151,32499142656,0,0,85017493504,32355426304,0,143716352,0,145489215488,121149100032,0
1791587815.0170002,0.03934246674180031,32538988544,0,0,85017493504,32395272192,0,143716352,0,145528881152,121149100032,0
1791587815.2173908,0.03964938037097454,32576737280,0,0,85017493504,32435118080,0,141619200,0,145566978048,121149100032,0
1791587815.4181666,0.040344083681702614,32612388864,0,0,85017493504,32470769664,0,141619200,0,145602715648,121149100032,0
1791587815.6191385,0.04122499004006386,32648040448,0,0,85017493504,32506421248,0,141619200,0,145638453248,121149100032,0
1791587815.823535,0.04553109034895897,32681594880,0,0,85017493504,32539975680,0,141619200,0,145672019968,121149100032,0
1791587816.019504,0.041408970952034,32715149312,0,0,85017493504,32573530112,0,141619200,0,145705648128,121149100032,0
1791587816.220528,0.04230564273893833,32748703744,0,0,85017493504,32607084544,0,141619200,0,145739292672,121149100032,0
1791587816.4195158,0.0412066038697958,32788549632,0,0,85017493504,32644833280,0,143716352,0,145779204096,121149100032,0
1791587816.6208808,0.042479610070586205,32826298368,0,0,85017493504,32682582016,0,143716352,0,145817722880,121149100032,0
1791587816.820347,0.04186372272670269,32864047104,0,0,85017493504,32722427904,0,141619200,0,145857355776,121149100032,0
1791587817.0189314,0.04036529362201691,32901795840,0,0,85017493504,32758079488,0,143716352,0,145892745216,121149100032,0
1791587817.218771,0.04012162797152996,32937447424,0,0,85017493504,32793731072,0,143716352,0,145928847360,121149100032,0
1791587817.416961,0.03822986036539078,32973099008,0,0,85017493504,32831479808,0,141619200,0,145964597248,121149100032,0
1791587817.6194837,0.04066249169409275,33008750592,0,0,85017493504,32867131392,0,141619200,0,146000265216,121149100032,0
1791587817.8228571,0.04394756071269512,33046499328,0,0,85017493504,32902782976,0,143716352,0,146037833728,121149100032,0
1791587818.019978,0.0409779641777277,33082150912,0,0,85017493504,32938434560,0,143716352,0,146073714688,121149100032,0
1791587818.2209866,0.04189598187804222,33117802496,0,0,85017493504,32976183296,0,141619200,0,146109460480,121149100032,0
1791587818.4201245,0.04091273620724678,33155551232,0,0,85017493504,33011834880,0,143716352,0,146146701312,121149100032,0
1791587818.6202214,0.04092792607843876,33193299968,0,0,85017493504,33051680768,0,141619200,0,146184544256,121149100032,0
1791587818.8184128,0.039036331698298454,33233145856,0,0,85017493504,33091526656,0,141619200,0,146224726016,121149100032,0
1791587819.0202181,0.040756938979029655,33272991744,0,0,85017493504,33129275392,0,143716352,0,146264539136,121149100032,0
1791587819.218743,0.03919840604066849,33310740480,0,0,85017493504,33167024128,0,143716352,0,146302386176,121149100032,0
1791587819.4179204,0.03829599358141422,33350586368,0,0,85017493504,33206870016,0,143716352,0,146342301696,121149100032,0
1791587819.6221998,0.04248422756791115,33386237952,0,0,85017493504,33242521600,0,143716352,0,146378047488,121149100032,0
1791587819.8203137,0.04051156900823116,33421889536,0,0,85017493504,33278173184,0,143716352,0,146413694976,121149100032,0
1791587820.0195496,0.03965582884848118,33461735424,0,0,85017493504,33318019072,0,143716352,0,146453331968,121149100032,0
1791587820.220711,0.040723271667957306,33497387008,0,0,85017493504,33355767808,0,141619200,0,146489569280,121149100032,0
1791587820.4212482,0.04117094911634922,33535135744,0,0,85017493504,33391419392,0,143716352,0,146527256576,121149100032,0
1791587820.6212828,0.041121456772089005,33572884480,0,0,85017493504,33431265280,0,141619200,0,146565103616,121149100032,0
1791587820.8185887,0.03834627568721771,33610633216,0,0,85017493504,33466916864,0,143716352,0,146603188224,121149100032,0
1791587821.0181007,0.03777687810361385,33648381952,0,0,85017493504,33504665600,0,143716352,0,146641031168,121149100032,0
1791587821.218564,0.038158487528562546,33686130688,0,0,85017493504,33544511488,0,141619200,0,146678390784,121149100032,0
1791587821.4200838,0.03959542326629162,33725976576,0,0,85017493504,33582260224,0,143716352,0,146718330880,121149100032,0
1791587821.6215672,0.040989456698298454,33761628160,0,0,85017493504,33617911808,0,143716352,0,146754338816,121149100032,0
1791587821.8205564,0.03989151492714882,33795182592,0,0,85017493504,33653563392,0,141619200,0,146787667968,121149100032,0
1791587822.0220838,0.041329359635710716,33832931328,0,0,85017493504,33689214976,0,143716352,0,146825404416,121149100032,0
1791587822.2209725,0.04012494347989559,33868582912,0,0,85017493504,33726963712,0,141619200,0,146861518848,121149100032,0
1791587822.4222105,0.04127071239054203,33904234496,0,0,85017493504,33762615296,0,141619200,0,146899095552,121149100032,0
1791587822.6202075,0.03918693959712982,33941983232,0,0,85017493504,33798266880,0,143716352,0,146934841344,121149100032,0
1791587822.8199966,0.0388944186270237,33979731968,0,0,85017493504,33838112768,0,141619200,0,146972684288,121149100032,0
1791587823.0196927,0.03847191296517849,34017480704,0,0,85017493504,33875861504,0,141619200,0,147010523136,121149100032,0
1791587823.2207165,0.039414092898368835,34057326592,0,0,85017493504,33913610240,0,143716352,0,147050356736,121149100032,0
1791587823.420637,0.039253367111086845,34095075328,0,0,85017493504,33951358976,0,143716352,0,147088138240,121149100032,0
1791587823.6251502,0.04367461986839771,34132824064,0,0,85017493504,33989107712,0,143716352,0,147125985280,121149100032,0
1791587823.8227792,0.04121626913547516,34166378496,0,0,85017493504,34024759296,0,141619200,0,147159740416,121149100032,0
1791587824.022423,0.04076920077204704,34202030080,0,0,85017493504,34060410880,0,141619200,0,147197583360,121149100032,0
1791587824.2231557,0.04141232930123806,34241875968,0,0,85017493504,34098159616,0,143716352,0,147235422208,121149100032,0
1791587824.425476,0.0436436515301466,34277527552,0,0,85017493504,34133811200,0,143716352,0,147271421952,121149100032,0
1791587824.6212766,0.0393624734133482,34315276288,0,0,85017493504,34171559936,0,143716352,0,147309129728,121149100032,0
1791587824.8197322,0.03773685544729233,34353025024,0,0,85017493504,34211405824,0,141619200,0,147346968576,121149100032,0
1791587825.0213668,0.0392900574952364,34392870912,0,0,85017493504,34249154560,0,143716352,0,147386638336,121149100032,0
1791587825.2189555,0.03679964318871498,34430619648,0,0,85017493504,34286903296,0,143716352,0,147424722944,121149100032,0
1791587825.420788,0.03854799456894398,34468368384,0,0,85017493504,34326749184,0,141619200,0,147464622080,121149100032,0
1791587825.624417,0.0420878641307354,34508214272,0,0,85017493504,34364497920,0,143716352,0,147502436352,121149100032,0
1791587825.8233218,0.04090852662920952,34545963008,0,0,85017493504,34402246656,0,143716352,0,147540529152,121149100032,0
1791587826.026185,0.04367915168404579,34583711744,0,0,85017493504,34439995392,0,143716352,0,147578097664,121149100032,0
1791587826.2233856,0.04078914038836956,34621460480,0,0,85017493504,34477744128,0,143716352,0,147615936512,121149100032,0
1791587826.42399,0.04130586236715317,34657112064,0,0,85017493504,34515492864,0,141619200,0,147651952640,121149100032,0
1791587826.6244206,0.04165296442806721,34694860800,0,0,85017493504,34553241600,0,141619200,0,147689730048,121149100032,0
1791587826.8217266,0.03887796401977539,34732609536,0,0,85017493504,34588893184,0,143716352,0,147727224832,121149100032,0
1791587827.0226374,0.03970661945641041,34770358272,0,0,85017493504,34626641920,0,143716352,0,147765059584,121149100032,0
1791587827.220319,0.03730642981827259,34806009856,0,0,85017493504,34664390656,0,141619200,0,147803267072,121149095936,0
1791587827.4219718,0.0388770904392004,34845855744,0,0,85017493504,34702139392,0,143716352,0,147841105920,121149095936,0
1791587827.6243837,0.041166551411151886,34883604480,0,0,85017493504,34739888128,0,143716352,0,147878813696,121149095936,0
1791587827.8242207,0.040921133011579514,34919256064,0,0,85017493504,34775539712,0,143716352,0,147914067968,121149095936,0
1791587828.0211868,0.037807973101735115,34957004800,0,0,85017493504,34815385600,0,141619200,0,147952164864,121149095936,0
1791587828.2189248,0.03546733036637306,34998947840,0,0,85017493504,34855231488,0,143716352,0,147994193920,121149095936,0
1791587828.4205472,0.03701166994869709,35040890880,0,0,85017493504,34897174528,0,143716352,0,148036231168,121149095936,0
1791587828.618488,0.03487443923950195,35080736768,0,0,85017493504,34939117568,0,141619200,0,148076433408,121149095936,0
1791587828.8208697,0.03717847540974617,35122679808,0,0,85017493504,34981060608,0,141619200,0,148118171648,121149095936,0
1791587829.0185597,0.034791748970746994,35162525696,0,0,85017493504,35020906496,0,141619200,0,148158103552,121149095936,0
1791587829.220143,0.03629576414823532,35204468736,0,0,85017493504,35060752384,0,143716352,0,148199870464,121149095936,0
1791587829.419334,0.03540949337184429,35242217472,0,0,85017493504,35100598272,0,141619200,0,148237705216,121149095936,0
1791587829.620258,0.03625521995127201,35282063360,0,0,85017493504,35140444160,0,141619200,0,148277657600,121149095936,0
1791587829.821242,0.037162575870752335,35324006400,0,0,85017493504,35182387200,0,141619200,0,148319457280,121149095936,0
1791587830.0199487,0.03579065389931202,35363852288,0,0,85017493504,35222233088,0,141619200,0,148359905280,121149095936,0
1791587830.21742,0.0331826601177454,35405795328,0,0,85017493504,35264176128,0,141619200,0,148401680384,121149095936,0
1791587830.4205034,0.03618921712040901,35447738368,0,0,85017493504,35304022016,0,143716352,0,148443660288,121149095936,0
1791587830.619621,0.03523125313222408,35489681408,0,0,85017493504,35345965056,0,143716352,0,148485955584,121149095936,0
1791587830.8194578,0.034990644082427025,35531624448,0,0,85017493504,35387908096,0,143716352,0,148527955968,121149095936,0
1791587831.018978,0.034433213993906975,35571470336,0,0,85017493504,35429851136,0,141619200,0,148567883776,121149095936,0
1791587831.2226424,0.038021188229322433,35613413376,0,0,85017493504,35469697024,0,143716352,0,148610187264,121149095936,0
1791587831.4256086,0.040903400629758835,35655356416,0,0,85017493504,35511640064,0,143716352,0,148652642304,121149095936,0
1791587831.6250134,0.04021633230149746,35697299456,0,0,85017493504,35553583104,0,143716352,0,148694265856,121149095936,0
1791587831.8231285,0.03824865445494652,35739242496,0,0,85017493504,35595526144,0,143716352,0,148736303104,121149095936,0
1791587832.0211692,0.036211395636200905,35781185536,0,0,85017493504,35637469184,0,143716352,0,148778332160,121149095936,0
1791587832.2219083,0.03686937876045704,35823128576,0,0,85017493504,35679412224,0,143716352,0,148820480000,121149095936,0
1791587832.4224887,0.03737275302410126,35865071616,0,0,85017493504,35723452416,0,141619200,0,148862382080,121149095936,0
1791587832.6246328,0.03943832404911518,35907014656,0,0,85017493504,35763298304,0,143716352,0,148904923136,121149095936,0
1791587832.8269558,0.04167116433382034,35946860544,0,0,85017493504,35805241344,0,141619200,0,148946571264,121149095936,0
1791587833.0254936,0.040117841213941574,35988803584,0,0,85017493504,35847184384,0,141619200,0,148986109952,121149095936,0
1791587833.2238424,0.03838816098868847,36030746624,0,0,85017493504,35887030272,0,143716352,0,149028622336,121149095936,0
1791587833.421843,0.03629566542804241,36072689664,0,0,85017493504,35928973312,0,143716352,0,149070589952,121149095936,0
1791587833.6209538,0.03532807342708111,36110438400,0,0,85017493504,35968819200,0,141619200,0,149108416512,121149095936,0
1791587833.825805,0.04010185785591602,36150284288,0,0,85017493504,36006567936,0,143716352,0,149148618752,121149095936,0
1791587834.0282676,0.04247019439935684,36190130176,0,0,85017493504,36046413824,0,143716352,0,149188263936,121149095936,0
1791587834.2258716,0.039989618584513664,36227878912,0,0,85017493504,36086259712,0,141619200,0,149225873408,121149095936,0
1791587834.4274104,0.04144372418522835,36269821952,0,0,85017493504,36126105600,0,143716352,0,149267886080,121149095936,0
1791587834.625476,0.03942679613828659,36309667840,0,0,85017493504,36165951488,0,143716352,0,149307912192,121149095936,0
1791587834.8181953,0.03207455389201641,36349513728,0,0,85017493504,36207894528,0,141619200,0,149347753984,121149095936,0
1791587835.0262365,0.04003352299332619,36393553920,0,0,85017493504,36249837568,0,143716352,0,149391863808,121149095936,0
1791587835.2243767,0.03807298466563225,36435496960,0,0,85017493504,36291780608,0,143716352,0,149434163200,121149095936,0
1791587835.4246912,0.0382948350161314,36477440000,0,0,85017493504,36333723648,0,143716352,0,149475942400,121149095936,0
1791587835.6261647,0.039650971069931984,36517285888,0,0,85017493504,36375666688,0,141619200,0,149515878400,121149095936,0
1791587835.8265247,0.039908479899168015,36557131776,0,0,85017493504,36413415424,0,143716352,0,149555871744,121149095936,0
1791587836.0274084,0.04071580432355404,36605366272,0,0,85017493504,36463747072,0,141619200,0,149604192256,121149095936,0
1791587836.22238,0.03560918942093849,36647309312,0,0,85017493504,36503592960,0,143716352,0,149646229504,121149095936,0
1791587836.4227571,0.03590654395520687,36689252352,0,0,85017493504,36545536000,0,143716352,0,149688360960,121149095936,0
1791587836.6229992,0.0360705591738224,36733296640,0,0,85017493504,36591673344,0,141623296,0,149734588416,121149095936,0
1791587836.8232114,0.03620552830398083,36775239680,0,0,85017493504,36633616384,0,141623296,0,149776588800,121149095936,0
1791587837.0240412,0.036957813426852226,36819279872,0,0,85017493504,36675559424,0,143720448,0,149818494976,121149095936,0
1791587837.2223585,0.0351895447820425,36859125760,0,0,85017493504,36715405312,0,143720448,0,149858308096,121149095936,0
1791587837.4238417,0.03659327141940594,36898975744,0,0,85017493504,36755251200,0,143724544,0,149898006528,121149095936,0
1791587837.6241226,0.03679464943706989,36936732672,0,0,85017493504,36792999936,0,143732736,0,149935726592,121149095936,0
1791587837.824964,0.0375573318451643,36974481408,0,0,85017493504,36830748672,0,143732736,0,149973721088,121149095936,0
1791587838.0236685,0.036168890073895454,37012230144,0,0,85017493504,36868497408,0,143732736,0,150011445248,121149095936,0
1791587838.2226715,0.035094503313302994,37052076032,0,0,85017493504,36908343296,0,143732736,0,150051385344,121149095936,0
1791587838.4300823,0.04242813028395176,37094019072,0,0,85017493504,36950286336,0,143732736,0,150093676544,121149095936,0
1791587838.630517,0.042750561609864235,37133864960,0,0,85017493504,36990132224,0,143732736,0,150133874688,121149095936,0
1791587838.8258016,0.037959372624754906,37173710848,0,0,85017493504,37032075264,0,141635584,0,150173380608,121149095936,0
1791587839.025653,0.03773088380694389,37213556736,0,0,85017493504,37069824000,0,143732736,0,150213222400,121149095936,0
1791587839.2239006,0.035901594907045364,37253402624,0,0,85017493504,37109669888,0,143732736,0,150253318144,121149095936,0
1791587839.4239318,0.03585577569901943,37291151360,0,0,85017493504,37147418624,0,143732736,0,150291161088,121149095936,0
1791587839.6296322,0.04147755540907383,37330997248,0,0,85017493504,37187264512,0,143732736,0,150331092992,121149095936,0
1791587839.8294744,0.04122854582965374,37368745984,0,0,85017493504,37225013248,0,143732736,0,150368862208,121149095936,0
1791587840.0262048,0.0378813985735178,37406494720,0,0,85017493504,37262761984,0,143732736,0,150406426624,121149030400,0
1791587840.230699,0.04229854233562946,37446340608,0,0,85017493504,37304705024,0,141635584,0,150446202880,121149030400,0
1791587840.4271002,0.0386364683508873,37490380800,0,0,85017493504,37346648064,0,143732736,0,150490771456,121149030400,0
1791587840.6274889,0.038945816457271576,37530226688,0,0,85017493504,37386493952,0,143732736,0,150530969600,121149030400,0
1791587840.8283265,0.03971390053629875,37572169728,0,0,85017493504,37428436992,0,143732736,0,150572773376,121149030400,0
1791587841.0280614,0.03936444781720638,37612015616,0,0,85017493504,37468282880,0,143732736,0,150612652032,121149030400,0
1791587841.2285945,0.03980677016079426,37651861504,0,0,85017493504,37508128768,0,143732736,0,150652403712,121149030400,0
1791587841.4478176,0.058944156393408775,37695901696,0,0,85017493504,37550071808,0,145829888,0,150696534016,121149030400,0
1791587841.6306908,0.041732484474778175,37729456128,0,0,85017493504,37585723392,0,143732736,0,150730305536,121149030400,0
1791587841.8295512,0.040509024634957314,37767204864,0,0,85017493504,37623472128,0,143732736,0,150768238592,121149030400,0
1791587842.0272412,0.03811344690620899,37807050752,0,0,85017493504,37663318016,0,143732736,0,150808158208,121149030400,0
1791587842.22844,0.039231956005096436,37844799488,0,0,85017493504,37701066752,0,143732736,0,150846099456,121149030400,0
1791587842.4279933,0.038717690855264664,37882548224,0,0,85017493504,37738815488,0,143732736,0,150884114432,121149030400,0
1791587842.6289961,0.03964105434715748,37918199808,0,0,85017493504,37776564224,0,141635584,0,150919847936,121149030400,0
1791587842.8304515,0.04101635329425335,37953851392,0,0,85017493504,37812215808,0,141635584,0,150954864640,121149030400,0
1791587843.031967,0.042419979348778725,37991600128,0,0,85017493504,37847867392,0,143732736,0,150992928768,121149030400,0
1791587843.232576,0.04291519150137901,38031446016,0,0,85017493504,37887713280,0,143732736,0,151032971264,121149030400,0
1791587843.429023,0.039266010746359825,38069194752,0,0,85017493504,37927559168,0,141635584,0,151070806016,121149030400,0
1791587843.6282084,0.03836696036159992,38106943488,0,0,85017493504,37965307904,0,141635584,0,151108476928,121149030400,0
1791587843.8314033,0.04147513210773468,38146789376,0,0,85017493504,38003056640,0,143732736,0,151148126208,121149030400,0
1791587844.030185,0.04017065465450287,38186635264,0,0,85017493504,38042902528,0,143732736,0,151188037632,121149030400,0
1791587844.2291002,0.039001934230327606,38224384000,0,0,85017493504,38082748416,0,141635584,0,151225880576,121149030400,0
1791587844.4300559,0.0398238729685545,38264229888,0,0,85017493504,38120497152,0,143732736,0,151265415168,121149030400,0
1791587844.6286144,0.03829856403172016,38301978624,0,0,85017493504,38158245888,0,143732736,0,151303180288,121149030400,0
1791587844.8432367,0.05283384025096893,38346018816,0,0,85017493504,38200188928,0,145829888,0,151347527680,121149030400,0
1791587845.0275838,0.037119390442967415,38383767552,0,0,85017493504,38240034816,0,143732736,0,151385088000,121149030400,0
1791587845.2276752,0.037129396572709084,38425710592,0,0,85017493504,38281977856,0,143732736,0,151427903488,121149030400,0
1791587845.426461,0.03583366610109806,38465556480,0,0,85017493504,38323920896,0,141635584,0,151467569152,121149030400,0
1791587845.6313224,0.040615931153297424,38507499520,0,0,85017493504,38363766784,0,143732736,0,151509442560,121149030400,0
1791587845.830684,0.0398893766105175,38545248256,0,0,85017493504,38403612672,0,141635584,0,151547539456,121149030400,0
1791587846.0328388,0.04197889752686024,38582996992,0,0,85017493504,38441361408,0,141635584,0,151587733504,121149030400,0
1791587846.2325978,0.04165635071694851,38622842880,0,0,85017493504,38479110144,0,143732736,0,151625842688,121149030400,0
1791587846.430002,0.03897372633218765,38660591616,0,0,85017493504,38516858880,0,143732736,0,151663575040,121149030400,0
1791587846.6296775,0.03858594782650471,38698340352,0,0,85017493504,38556704768,0,141635584,0,151701286912,121149030400,0
1791587846.8271997,0.03602815605700016,38740283392,0,0,85017493504,38598647808,0,141635584,0,151743315968,121149030400,0
1791587847.031423,0.04016195237636566,38782226432,0,0,85017493504,38640590848,0,141635584,0,151787454464,121149030400,0
1791587847.2317832,0.040442049503326416,38824169472,0,0,85017493504,38680436736,0,143732736,0,151827742720,121149030400,0
1791587847.4335446,0.042115047574043274,38868209664,0,0,85017493504,38724476928,0,143732736,0,151871987712,121149030400,0
1791587847.6317215,0.0402067806571722,38912249856,0,0,85017493504,38768517120,0,143732736,0,151916105728,121149030400,0
1791587847.829157,0.03756033256649971,38952095744,0,0,85017493504,38808363008,0,143732736,0,151955787776,121149030400,0
1791587848.022529,0.030869772657752037,38989844480,0,0,85017493504,38848208896,0,141635584,0,151993880576,121149030400,0
1791587848.2283673,0.036629242822527885,39031787520,0,0,85017493504,38888054784,0,143732736,0,152035414016,121149030400,0
1791587848.4294472,0.03762892819941044,39071633408,0,0,85017493504,38927900672,0,143732736,0,152075350016,121149030400,0
1791587848.6305594,0.03866267763078213,39113576448,0,0,85017493504,38969843712,0,143732736,0,152117379072,121149030400,0
1791587848.830539,0.03856423683464527,39153422336,0,0,85017493504,39011786752,0,141635584,0,152157552640,121149030400,0
1791587849.0322018,0.04014411196112633,39197462528,0,0,85017493504,39053729792,0,143732736,0,152201682944,121149030400,0
1791587849.2323563,0.04021536000072956,39237308416,0,0,85017493504,39093575680,0,143732736,0,152241872896,121149030400,0
1791587849.4304564,0.03823297470808029,39279251456,0,0,85017493504,39135518720,0,143732736,0,152283787264,121149030400,0
1791587849.6321375,0.03982972167432308,39321194496,0,0,85017493504,39177461760,0,143732736,0,152325771264,121149030400,0
1791587849.8335772,0.04118649661540985,39361040384,0,0,85017493504,39217307648,0,143732736,0,152365711360,121149030400,0
1791587850.030872,0.03840125724673271,39400886272,0,0,85017493504,39257153536,0,143732736,0,152405368832,121149030400,0
1791587850.2295804,0.03703747317194939,39440732160,0,0,85017493504,39296999424,0,143732736,0,152445231104,121149030400,0
1791587850.4316258,0.03899597190320492,39482675200,0,0,85017493504,39338942464,0,143732736,0,152487464960,121149030400,0
1791587850.6319063,0.0391992311924696,39522521088,0,0,85017493504,39380885504,0,141635584,0,152529305600,121149030400,0
1791587850.830385,0.037590812891721725,39564464128,0,0,85017493504,39420731392,0,143732736,0,152569131008,121149030400,0
1791587851.0306287,0.037748683243989944,39604310016,0,0,85017493504,39460577280,0,143732736,0,152609329152,121149030400,0
1791587851.23336,0.04039837047457695,39644155904,0,0,85017493504,39500423168,0,143732736,0,152648765440,121149030400,0
1791587851.4260652,0.03303844667971134,39681904640,0,0,85017493504,39540269056,0,141635584,0,152686821376,121149030400,0
1791587851.6238496,0.03075827658176422,39721750528,0,0,85017493504,39580114944,0,141635584,0,152726757376,121149030400,0
1791587851.8332982,0.04013239964842796,39759499264,0,0,85017493504,39617863680,0,141635584,0,152766959616,121149030400,0
1791587852.0324075,0.03916229493916035,39799345152,0,0,85017493504,39655612416,0,143732736,0,152804798464,121149030400,0
1791587852.232979,0.039652032777667046,39839191040,0,0,85017493504,39697555456,0,141635584,0,152846655488,121149030400,0
1791587852.4309595,0.03755385801196098,39879036928,0,0,85017493504,39735304192,0,143732736,0,152884232192,121149030400,0
1791587852.6328871,0.03937617316842079,39918882816,0,0,85017493504,39777247232,0,141635584,0,152924188672,121149030400,0
1791587852.8322558,0.03866525553166866,39960825856,0,0,85017493504,39817093120,0,143732736,0,152965689344,121149030400,0
1791587853.035166,0.041495779529213905,40002768896,0,0,85017493504,39859036160,0,143732736,0,153007972352,121149030400,0
1791587853.236112,0.04235873557627201,40042614784,0,0,85017493504,39898882048,0,143732736,0,153048166400,121149030400,0
1791587853.4343727,0.040538087487220764,40082460672,0,0,85017493504,39938727936,0,143732736,0,153088098304,121149030400,0
1791587853.63283,0.03891436383128166,40122306560,0,0,85017493504,39980670976,0,141635584,0,153128030208,121149030400,0
1791587853.8333309,0.0393405519425869,40164249600,0,0,85017493504,40020516864,0,143732736,0,153170583552,121149030400,0
1791587854.0311284,0.037058157846331596,40204095488,0,0,85017493504,40060362752,0,143732736,0,153210515456,121149030400,0
1791587854.2304559,0.03630751185119152,40243941376,0,0,85017493504,40100208640,0,143732736,0,153250451456,121149030400,0
1791587854.4317017,0.03747279942035675,40283787264,0,0,85017493504,40140054528,0,143732736,0,153290121216,121149030400,0
1791587854.6312025,0.03689522482454777,40323633152,0,0,85017493504,40179900416,0,143732736,0,153330118656,121149030400,0
1791587854.8338158,0.03943048045039177,40365576192,0,0,85017493504,40221843456,0,143732736,0,153372151808,121149030400,0
1791587855.034831,0.04036807455122471,40405422080,0,0,85017493504,40261689344,0,143732736,0,153412345856,121149030400,0
1791587855.2354226,0.04087486490607262,40447365120,0,0,85017493504,40303632384,0,143732736,0,153454628864,121149030400,0
1791587855.4338682,0.039240019395947456,40487211008,0,0,85017493504,40345575424,0,141635584,0,153494511616,121149030400,0
1791587855.6341023,0.03939276374876499,40529154048,0,0,85017493504,40387518464,0,141635584,0,153536487424,121149030400,0
1791587855.834311,0.039526743814349174,40571097088,0,0,85017493504,40427364352,0,143732736,0,153578512384,121149030400,0
1791587856.0334127,0.038550104945898056,40613040128,0,0,85017493504,40469307392,0,143732736,0,153620541440,121149030400,0
1791587856.2318094,0.036868393421173096,40654983168,0,0,85017493504,40511250432,0,143732736,0,153662574592,121149030400,0
1791587856.4364471,0.04142863303422928,40694829056,0,0,85017493504,40551096320,0,143732736,0,153702522880,121149030400,0
1791587856.6370716,0.04197133705019951,40734674944,0,0,85017493504,40593039360,0,141635584,0,153742057472,121149030400,0
1791587856.8364592,0.04123060032725334,40774520832,0,0,85017493504,40632885248,0,141635584,0,153781940224,121149030400,0
1791587857.0369034,0.04159439727663994,40814366720,0,0,85017493504,40672731136,0,141635584,0,153821786112,121149030400,0
1791587857.234352,0.038960130885243416,40854212608,0,0,85017493504,40710479872,0,143732736,0,153862070272,121149030400,0
1791587857.4352088,0.03973335213959217,40894058496,0,0,85017493504,40750325760,0,143732736,0,153901744128,121149030400,0
1791587857.6331155,0.03755983151495457,40933904384,0,0,85017493504,40792268800,0,141635584,0,153941680128,121149030400,0
1791587857.834954,0.039321696385741234,40973750272,0,0,85017493504,40832114688,0,141635584,0,153983713280,121149030400,0
1791587858.0313315,0.035609012469649315,41015693312,0,0,85017493504,40874057728,0,141635584,0,154023657472,121149030400,0
1791587858.2327704,0.03696880303323269,41055539200,0,0,85017493504,40911806464,0,143732736,0,154063597568,121149030400,0
1791587858.4337003,0.03781994432210922,41095385088,0,0,85017493504,40953749504,0,141635584,0,154105364480,121149030400,0
1791587858.6384635,0.042503245174884796,41137328128,0,0,85017493504,40993595392,0,143732736,0,154145570816,121149030400,0
1791587858.8370376,0.040987223386764526,41177174016,0,0,85017493504,41035538432,0,141635584,0,154184908800,121149030400,0
1791587859.0359287,0.03979688882827759,41219117056,0,0,85017493504,41075384320,0,143732736,0,154226950144,121149030400,0
1791587859.234417,0.03820567950606346,41261060096,0,0,85017493504,41117327360,0,143732736,0,154269241344,121149030400,0
1791587859.438,0.0417096633464098,41298808832,0,0,85017493504,41157173248,0,141635584,0,154307084288,121149030400,0
1791587859.634183,0.03781269118189812,41338654720,0,0,85017493504,41197019136,0,141635584,0,154347016192,121149030400,0
1791587859.8322053,0.035772085189819336,41380597760,0,0,85017493504,41236865024,0,143732736,0,154389049344,121149030400,0
1791587860.0328033,0.03629177249968052,41420443648,0,0,85017493504,41278808064,0,141635584,0,154429165568,121149030400,0
1791587860.2379475,0.041335850954055786,41464483840,0,0,85017493504,41320751104,0,143732736,0,154472730624,121149030400,0
1791587860.4381456,0.041439635679125786,41504329728,0,0,85017493504,41362694144,0,141635584,0,154512928768,121149030400,0
1791587860.6349344,0.03814791515469551,41544175616,0,0,85017493504,41400442880,0,143732736,0,154552864768,121149030400,0
1791587860.8344247,0.0375516302883625,41581924352,0,0,85017493504,41440288768,0,141635584,0,154592878592,121149030400,0
1791587861.036749,0.0397950503975153,41621770240,0,0,85017493504,41480134656,0,141635584,0,154630643712,121149030400,0
1791587861.2356064,0.038572872057557106,41659518976,0,0,85017493504,41517883392,0,141635584,0,154668331008,121149030400,0
1791587861.4357955,0.03867840953171253,41701462016,0,0,85017493504,41557729280,0,143732736,0,154710249472,121149030400,0
1791587861.635259,0.03806040249764919,41743405056,0,0,85017493504,41599672320,0,143732736,0,154752286720,121149030400,0
1791587861.8416517,0.04437090829014778,41785348096,0,0,85017493504,41639518208,0,145829888,0,154794000384,121149030400,0
1791587862.0406368,0.04325980320572853,41827295232,0,0,85017493504,41683558400,0,143736832,0,154836213760,121149030400,0
1791587862.234205,0.036736173555254936,41865043968,0,0,85017493504,41723404288,0,141639680,0,154874142720,121149026304,0
1791587862.4346178,0.03706325963139534,41906987008,0,0,85017493504,41765347328,0,141639680,0,154918526976,121149026304,0
1791587862.6403906,0.042741434648633,41951027200,0,0,85017493504,41807290368,0,143736832,0,154960572416,121149026304,0
1791587862.8410115,0.04327693022787571,41992974336,0,0,85017493504,41849233408,0,143740928,0,155005464576,121149030400,0
1791587863.0380082,0.04019384831190109,42032828416,0,0,85017493504,41891176448,0,141651968,0,155054100480,121149030400,0
1791587863.237372,0.0394772756844759,42074771456,0,0,85017493504,41931022336,0,143749120,0,155096260608,121149030400,0
1791587863.4368432,0.03886900655925274,42114617344,0,0,85017493504,41972965376,0,141651968,0,155136081920,121149030400,0
1791587863.6374764,0.03942255675792694,42154463232,0,0,85017493504,42012811264,0,141651968,0,155175813120,121149030400,0
1791587863.8402586,0.042109811678528786,42192211968,0,0,85017493504,42048462848,0,143749120,0,155214000128,121145671680,0
1791587864.0316315,0.03341751918196678,42229960704,0,0,85017493504,42088308736,0,141651968,0,155248680960,121145671680,0
1791587864.2374177,0.03912174701690674,42269806592,0,0,85017493504,42128154624,0,141651968,0,155288178688,121145671680,0
1791587864.4315786,0.03321908786892891,42307555328,0,0,85017493504,42165903360,0,141651968,0,155327410176,121145671680,0
1791587864.640249,0.04180298373103142,42351595520,0,0,85017493504,42207846400,0,143749120,0,155368603648,121145671680,0
1791587864.8391938,0.04066312499344349,42391441408,0,0,85017493504,42249789440,0,141651968,0,155408125952,121145671680,0
1791587865.0388398,0.04022954776883125,42433384448,0,0,85017493504,42291732480,0,141651968,0,155451908096,121145671680,0
1791587865.2383106,0.03962031938135624,42475327488,0,0,85017493504,42331578368,0,143749120,0,155492085760,121145671680,0
1791587865.437653,0.038882872089743614,42513076224,0,0,85017493504,42371424256,0,141651968,0,155529617408,121145671680,0
1791587865.6370742,0.03822381980717182,42550824960,0,0,85017493504,42409172992,0,141651968,0,155566997504,121145671680,0
1791587865.8405516,0.04162095487117767,42592768000,0,0,85017493504,42451116032,0,141651968,0,155611324416,121145671680,0
1791587866.0399659,0.0409427247941494,42632613888,0,0,85017493504,42490961920,0,141651968,0,155649667072,121145671680,0
1791587866.237339,0.038231998682022095,42674556928,0,0,85017493504,42530807808,0,143749120,0,155692109824,121145671680,0
1791587866.4384258,0.039163174107670784,42714402816,0,0,85017493504,42572750848,0,141651968,0,155732070400,121145720832,0
1791587866.6399198,0.04057432524859905,42758443008,0,0,85017493504,42614693888,0,143749120,0,155775930368,121145720832,0
1791587866.8420343,0.04260682687163353,42800386048,0,0,85017493504,42656636928,0,143749120,0,155817975808,121145720832,0
1791587867.038978,0.039464812725782394,42840231936,0,0,85017493504,42696482816,0,143749120,0,155858087936,121145671680,0
1791587867.239355,0.039761221036314964,42882174976,0,0,85017493504,42738425856,0,143749120,0,155899883520,121145671680,0
1791587867.4385889,0.038911372423172,42924118016,0,0,85017493504,42780368896,0,143749120,0,155941908480,121145671680,0
1791587867.6382833,0.038521649315953255,42966061056,0,0,85017493504,42822311936,0,143749120,0,155984048128,121145671680,0
1791587867.837749,0.03790070861577988,43008004096,0,0,85017493504,42864254976,0,143749120,0,156026040320,121145671680,0
1791587868.0383472,0.03843448497354984,43049947136,0,0,85017493504,42906198016,0,143749120,0,156068069376,121145671680,0
1791587868.2393765,0.0393702182918787,43091890176,0,0,85017493504,42948141056,0,143749120,0,156108648448,121145671680,0
1791587868.4409595,0.040869103744626045,43131736064,0,0,85017493504,42990084096,0,141651968,0,156148842496,121145671680,0
1791587868.6434186,0.04319833591580391,43173679104,0,0,85017493504,43029929984,0,143749120,0,156190855168,121145671680,0
1791587868.8430316,0.042726170271635056,43211427840,0,0,85017493504,43067678720,0,143749120,0,156228681728,121145671680,0
1791587869.041584,0.041198985651135445,43251273728,0,0,85017493504,43107524608,0,143749120,0,156268863488,121145671680,0
1791587869.240736,0.04026564583182335,43295313920,0,0,85017493504,43149467648,0,145846272,0,156312993792,121145671680,0
1791587869.4413745,0.04081684909760952,43341451264,0,0,85017493504,43199799296,0,141651968,0,156361326592,121145671680,0
1791587869.640906,0.04026220738887787,43387588608,0,0,85017493504,43243839488,0,143749120,0,156405723136,121145671680,0
1791587869.8389082,0.038198892027139664,43431628800,0,0,85017493504,43287879680,0,143749120,0,156449488896,121145671680,0
1791587870.032717,0.03193438798189163,43471474688,0,0,85017493504,43329822720,0,141651968,0,156488605696,121145671680,0
1791587870.2388108,0.037948522716760635,43513417728,0,0,85017493504,43369668608,0,143749120,0,156530593792,121145671680,0
1791587870.4393647,0.03841979615390301,43553263616,0,0,85017493504,43409514496,0,143749120,0,156570509312,121145671680,0
1791587870.6397521,0.0387245062738657,43593109504,0,0,85017493504,43449360384,0,143749120,0,156610179072,121145671680,0
1791587870.839543,0.03843150660395622,43632955392,0,0,85017493504,43489206272,0,143749120,0,156650123264,121145671680,0
1791587871.0416942,0.04049878381192684,43674898432,0,0,85017493504,43531149312,0,143749120,0,156692426752,121145671680,0
1791587871.2389338,0.03765666112303734,43714744320,0,0,85017493504,43570995200,0,143749120,0,156731817984,121145671680,0
1791587871.439279,0.0379144512116909,43752493056,0,0,85017493504,43608743936,0,143749120,0,156769316864,121145671680,0
1791587871.6388314,0.03738417662680149,43792338944,0,0,85017493504,43648589824,0,143749120,0,156809342976,121145671680,0
1791587871.8373704,0.035840604454278946,43834281984,0,0,85017493504,43692630016,0,141651968,0,156851363840,121145671680,0
1791587872.036923,0.035309288650751114,43876225024,0,0,85017493504,43732475904,0,143749120,0,156893335552,121145671680,0
1791587872.239533,0.037832602858543396,43918168064,0,0,85017493504,43774418944,0,143749120,0,156935462912,121145671680,0
1791587872.438531,0.03674893639981747,43958013952,0,0,85017493504,43816361984,0,141651968,0,156975398912,121145671680,0
1791587872.6395745,0.037710197269916534,43999956992,0,0,85017493504,43856207872,0,143749120,0,157017436160,121145671680,0
1791587872.8393338,0.03738671727478504,44039802880,0,0,85017493504,43896053760,0,143749120,0,157057110016,121145671680,0
1791587873.0401669,0.03813939169049263,44079648768,0,0,85017493504,43935899648,0,143749120,0,157097127936,121145671680,0
1791587873.2435045,0.04139771871268749,44119494656,0,0,85017493504,43975745536,0,143749120,0,157137068032,121145671680,0
1791587873.444491,0.042267823591828346,44163534848,0,0,85017493504,44019785728,0,143749120,0,157181460480,121145671680,0
1791587873.6419766,0.03966985642910004,44209672192,0,0,85017493504,44065923072,0,143749120,0,157227921408,121145671680,0
1791587873.8429601,0.04058137722313404,44251615232,0,0,85017493504,44107866112,0,143749120,0,157269958656,121145671680,0
1791587874.0416985,0.039237093180418015,44291461120,0,0,85017493504,44149809152,0,141651968,0,157309816832,121145671680,0
1791587874.265454,0.06290735676884651,44337598464,0,0,85017493504,44189655040,0,147943424,0,157355950080,121145671680,0
1791587874.4399617,0.03732885979115963,44375347200,0,0,85017493504,44231598080,0,143749120,0,157393793024,121145671680,0
1791587874.6382194,0.03550267405807972,44415193088,0,0,85017493504,44273541120,0,141651968,0,157432659968,121145671680,0
1791587874.8484309,0.04563691467046738,44457136128,0,0,85017493504,44311289856,0,145846272,0,157474553856,121145671680,0
1791587875.0415337,0.03865917585790157,44494884864,0,0,85017493504,44351135744,0,143749120,0,157512216576,121145671680,0
1791587875.2415955,0.03863680362701416,44536827904,0,0,85017493504,44393078784,0,143749120,0,157553934336,121145671680,0
1791587875.4394655,0.03642944432795048,44576673792,0,0,85017493504,44435021824,0,141651968,0,157595963392,121145671680,0
1791587875.642157,0.03904263116419315,44618616832,0,0,85017493504,44474867712,0,143749120,0,157636161536,121145671680,0
1791587875.8451955,0.04198130592703819,44662657024,0,0,85017493504,44518907904,0,143749120,0,157680705536,121145671680,0
1791587876.0399857,0.03669336996972561,44702502912,0,0,85017493504,44560850944,0,141651968,0,157720395776,121145671680,0
1791587876.2410126,0.0376428309828043,44744445952,0,0,85017493504,44600696832,0,143749120,0,157762699264,121145671680,0
1791587876.4408095,0.037364279851317406,44786388992,0,0,85017493504,44642639872,0,143749120,0,157804752896,121145671680,0
1791587876.6393094,0.03578551672399044,44828332032,0,0,85017493504,44686680064,0,141651968,0,157846708224,121145671680,0
1791587876.8420875,0.03848540037870407,44870275072,0,0,85017493504,44726525952,0,143749120,0,157888708608,121145671680,0
1791587877.0406046,0.03692419454455376,44912218112,0,0,85017493504,44768468992,0,143749120,0,157930676224,121145671680,0
1791587877.2409863,0.03722582943737507,44952064000,0,0,85017493504,44810412032,0,141651968,0,157970591744,121145671680,0
1791587877.439613,0.03577469848096371,44991909888,0,0,85017493504,44848160768,0,143749120,0,158010793984,121145671680,0
1791587877.6402144,0.036297814920544624,45031755776,0,0,85017493504,44888006656,0,143749120,0,158050729984,121145671680,0
1791587877.8461084,0.04211362637579441,45071601664,0,0,85017493504,44927852544,0,143749120,0,158090928128,121145671680,0
1791587878.0471084,0.04302084445953369,45111447552,0,0,85017493504,44967698432,0,143749120,0,158131142656,121145671680,0
1791587878.247266,0.04305086471140385,45153390592,0,0,85017493504,45009641472,0,143749120,0,158173413376,121145671680,0
1791587878.4457154,0.04141163267195225,45193236480,0,0,85017493504,45049487360,0,143749120,0,158212935680,121145671680,0
1791587878.6461082,0.04171550087630749,45235179520,0,0,85017493504,45091430400,0,143749120,0,158254895104,121145671680,0
1791587878.845427,0.040952857583761215,45277122560,0,0,85017493504,45133373440,0,143749120,0,158297227264,121145671680,0
1791587879.0475078,0.04293563961982727,45319065600,0,0,85017493504,45175316480,0,143749120,0,158339096576,121145671680,0
1791587879.2462838,0.04160517267882824,45358911488,0,0,85017493504,45217259520,0,141651968,0,158381133824,121145671680,0
1791587879.4470825,0.04230819456279278,45400854528,0,0,85017493504,45257105408,0,143749120,0,158421196800,121145671680,0
1791587879.646714,0.041832348331809044,45438603264,0,0,85017493504,45296951296,0,141651968,0,158458920960,121145671680,0
1791587879.84742,0.042444268241524696,45480546304,0,0,85017493504,45336797184,0,143749120,0,158500864000,121145671680,0
1791587880.0481296,0.04306966811418533,45532975104,0,0,85017493504,45389225984,0,143749120,0,158553407488,121145671680,0
1791587880.244195,0.039054350927472115,45560238080,0,0,85017493504,45418586112,0,141651968,0,158580486144,121145671680,0
1791587880.5673153,0.16209349408745766,45614764032,0,0,85017493504,45445849088,0,168914944,0,158634598400,121145671680,0
1791587880.643429,0.03812746703624725,45629444096,0,0,85017493504,45485694976,0,143749120,0,158649372672,121145671680,0
1791587880.8469126,0.04153125174343586,45667192832,0,0,85017493504,45523443712,0,143749120,0,158687473664,121145671680,0
1791587881.0473537,0.04187364876270294,45709135872,0,0,85017493504,45565386752,0,143749120,0,158729547776,121145671680,0
1791587881.248407,0.042833851650357246,45746884608,0,0,85017493504,45605232640,0,141651968,0,158769147904,121145671680,0
1791587881.4465854,0.04090724140405655,45786730496,0,0,85017493504,45645078528,0,141651968,0,158806986752,121145671680,0
1791587881.6494052,0.043637899681925774,45826576384,0,0,85017493504,45682827264,0,143749120,0,158846959616,121145671680,0
1791587881.8472013,0.04134676791727543,45868519424,0,0,85017493504,45724770304,0,143749120,0,158888869888,121145671680,0
1791587882.042772,0.03683908469974995,45908365312,0,0,85017493504,45766713344,0,141651968,0,158928560128,121145671680,0
1791587882.2420416,0.036029232665896416,45950308352,0,0,85017493504,45806559232,0,143749120,0,158971109376,121145671680,0
1791587882.4410017,0.03491140715777874,45992251392,0,0,85017493504,45850599424,0,141651968,0,159013072896,121145671680,0
1791587882.641445,0.0352765005081892,46034194432,0,0,85017493504,45892542464,0,141651968,0,159054938112,121145671680,0
1791587882.8419018,0.03565440513193607,46076137472,0,0,85017493504,45934485504,0,141651968,0,159096967168,121145671680,0
1791587883.041782,0.03545738197863102,46118080512,0,0,85017493504,45974331392,0,143749120,0,159138807808,121145671680,0
1791587883.2491274,0.042724696919322014,46160023552,0,0,85017493504,46016274432,0,143749120,0,159180845056,121145671680,0
1791587883.451042,0.044547367841005325,46201966592,0,0,85017493504,46058217472,0,143749120,0,159223107584,121145671680,0
1791587883.6485598,0.04197917692363262,46241812480,0,0,85017493504,46098063360,0,143749120,0,159262810112,121145671680,0
1791587883.8474443,0.04078610800206661,46279561216,0,0,85017493504,46135812096,0,143749120,0,159300915200,121145671680,0
1791587884.0477204,0.04098493419587612,46319407104,0,0,85017493504,46177755136,0,141651968,0,159340851200,121145671680,0
1791587884.2476423,0.04082923382520676,46357155840,0,0,85017493504,46215503872,0,141651968,0,159381049344,121145671680,0
1791587884.446072,0.03918096609413624,46399098880,0,0,85017493504,46255349760,0,143749120,0,159420989440,121145671680,0
1791587884.6466177,0.039646513760089874,46436847616,0,0,85017493504,46295195648,0,141651968,0,159460114432,121145671680,0
1791587884.843951,0.03690291941165924,46478790656,0,0,85017493504,46335041536,0,143749120,0,159500087296,121145671680,0
1791587885.0476897,0.0405549518764019,46520733696,0,0,85017493504,46376984576,0,143749120,0,159542112256,121145671680,0
1791587885.2443533,0.03713911771774292,46558482432,0,0,85017493504,46414733312,0,143749120,0,159579955200,121145671680,0
1791587885.4444692,0.037176862359046936,46598328320,0,0,85017493504,46456676352,0,141651968,0,159620120576,121145671680,0
1791587885.6441247,0.03675485588610172,46640271360,0,0,85017493504,46498619392,0,141651968,0,159662116864,121145671680,0
1791587885.8446136,0.037165671586990356,46682214400,0,0,85017493504,46538465280,0,143749120,0,159704154112,121145671680,0
1791587886.0444229,0.036898210644721985,46722060288,0,0,85017493504,46578311168,0,143749120,0,159744258048,121145671680,0
1791587886.244542,0.036938587203621864,46759809024,0,0,85017493504,46618157056,0,141651968,0,159784169472,121145671680,0
1791587886.4451733,0.03749214857816696,46801752064,0,0,85017493504,46660100096,0,141651968,0,159824113664,121145671680,0
1791587886.6496186,0.04186128079891205,46845792256,0,0,85017493504,46702043136,0,143749120,0,159868203008,121145671680,0
1791587886.8511627,0.043319374322891235,46885638144,0,0,85017493504,46741889024,0,143749120,0,159908663296,121145671680,0
1791587887.04896,0.041030388325452805,46927581184,0,0,85017493504,46783832064,0,143749120,0,159950413824,121145671680,0
1791587887.2468967,0.03886992298066616,46967427072,0,0,85017493504,46823677952,0,143749120,0,159990665216,121145671680,0
1791587887.4469275,0.03882577270269394,47009374208,0,0,85017493504,46865620992,0,143753216,0,160032473088,121145671680,0
1791587887.6469135,0.03870098106563091,47051317248,0,0,85017493504,46907564032,0,143753216,0,160074514432,121145671680,0
1791587887.8454587,0.03716752305626869,47091163136,0,0,85017493504,46949507072,0,141656064,0,160114110464,121145671680,0
1791587888.0453372,0.03696806915104389,47133106176,0,0,85017493504,46991450112,0,141656064,0,160156409856,121145671680,0
1791587888.2486002,0.04015819728374481,47172956160,0,0,85017493504,47031296000,0,141660160,0,160195915776,121145671680,0
1791587888.450188,0.04166688024997711,47210713088,0,0,85017493504,47069044736,0,141668352,0,160233754624,121145671680,0
1791587888.6494367,0.040837083011865616,47246364672,0,0,85017493504,47104696320,0,141668352,0,160271491072,121145671680,0
1791587888.8490176,0.04033964313566685,47284113408,0,0,85017493504,47140347904,0,143765504,0,160307761152,121145671680,0
1791587889.0482285,0.039472660049796104,47321862144,0,0,85017493504,47178096640,0,143765504,0,160345096192,121145671680,0
1791587889.2455359,0.0367028433829546,47361708032,0,0,85017493504,47220039680,0,141668352,0,160387129344,121145671680,0
1791587889.447189,0.038279151543974876,47403651072,0,0,85017493504,47261982720,0,141668352,0,160427335680,121145671680,0
1791587889.6470087,0.038022056221961975,47445594112,0,0,85017493504,47303925760,0,141668352,0,160469352448,121145671680,0
1791587889.8457959,0.0367331188172102,47485440000,0,0,85017493504,47341674496,0,143765504,0,160509292544,121145671680,0
1791587890.0468163,0.037677185609936714,47527383040,0,0,85017493504,47383617536,0,143765504,0,160551161856,121145671680,0
1791587890.2447221,0.03550393134355545,47569326080,0,0,85017493504,47427657728,0,141668352,0,160593465344,121145671680,0
1791587890.4449313,0.0356352124363184,47611269120,0,0,85017493504,47469600768,0,141668352,0,160635506688,121145671680,0
1791587890.645563,0.03618939593434334,47653212160,0,0,85017493504,47509446656,0,143765504,0,160677531648,121145671680,0
1791587890.845376,0.03592519648373127,47690960896,0,0,85017493504,47549292544,0,141668352,0,160715366400,121145671680,0
1791587891.0460992,0.03657253831624985,47732903936,0,0,85017493504,47589138432,0,143765504,0,160757395456,121145671680,0
1791587891.2475672,0.03796336054801941,47774846976,0,0,85017493504,47631081472,0,143765504,0,160799129600,121145671680,0
1791587891.4475195,0.03783922456204891,47814692864,0,0,85017493504,47673024512,0,141668352,0,160839110656,121145671680,0
1791587891.6455557,0.03579832799732685,47854538752,0,0,85017493504,47712870400,0,141668352,0,160879042560,121145671680,0
1791587891.849788,0.03995306231081486,47894384640,0,0,85017493504,47752716288,0,141668352,0,160921010176,121145671680,0
1791587892.04785,0.03793736733496189,47934230528,0,0,85017493504,47790465024,0,143765504,0,160958459904,121145671680,0
1791587892.248649,0.03865993395447731,47974076416,0,0,85017493504,47832408064,0,141668352,0,161000517632,121145671680,0
1791587892.4482396,0.03817170672118664,48016019456,0,0,85017493504,47872253952,0,143765504,0,161040310272,121145671680,0
1791587892.6484377,0.03829382173717022,48057962496,0,0,85017493504,47916294144,0,141668352,0,161082343424,121145671680,0
1791587892.8479342,0.03771174140274525,48099905536,0,0,85017493504,47956140032,0,143765504,0,161124380672,121145671680,0
1791587893.0485601,0.03826078586280346,48139751424,0,0,85017493504,47998083072,0,141668352,0,161166086144,121145671680,0
1791587893.2475078,0.037131357938051224,48181694464,0,0,85017493504,48037928960,0,143765504,0,161206026240,121145671680,0
1791587893.4492898,0.03883657231926918,48221540352,0,0,85017493504,48077774848,0,143765504,0,161246228480,121145671680,0
1791587893.653884,0.04335460811853409,48263483392,0,0,85017493504,48119717888,0,143765504,0,161288507392,121145671680,0
1791587893.8521655,0.041551293805241585,48301232128,0,0,85017493504,48159563776,0,141668352,0,161328435200,121145671680,0
1791587894.0516353,0.04094273783266544,48338980864,0,0,85017493504,48195215360,0,143765504,0,161364021248,121145671680,0
1791587894.249444,0.03867489658296108,48378826752,0,0,85017493504,48235061248,0,143765504,0,161403953152,121145671680,0
1791587894.4489336,0.03808744437992573,48418672640,0,0,85017493504,48274907136,0,143765504,0,161443495936,121145671680,0
1791587894.6515417,0.040618766099214554,48458518528,0,0,85017493504,48314753024,0,143765504,0,161483436032,121145671680,0
1791587894.8533251,0.04232543334364891,48498364416,0,0,85017493504,48354598912,0,143765504,0,161523568640,121145671680,0
1791587895.0528452,0.041757840663194656,48536113152,0,0,85017493504,48392347648,0,143765504,0,161561907200,121145671680,0
1791587895.2522573,0.04108419083058834,48573861888,0,0,85017493504,48430096384,0,143765504,0,161599004672,121145671680,0
1791587895.4511905,0.03993331268429756,48611610624,0,0,85017493504,48467845120,0,143765504,0,161636990976,121145671680,0
1791587895.6529999,0.04165501892566681,48649359360,0,0,85017493504,48505593856,0,143765504,0,161674829824,121145671680,0
1791587895.8520184,0.0405882615596056,48687108096,0,0,85017493504,48543342592,0,143765504,0,161712652288,121145671680,0
1791587896.0502322,0.03874082304537296,48720662528,0,0,85017493504,48578994176,0,141668352,0,161748660224,121145671680,0
1791587896.2532067,0.04163794778287411,48762605568,0,0,85017493504,48620937216,0,141668352,0,161790574592,121145671680,0
1791587896.449436,0.03778933174908161,48804548608,0,0,85017493504,48662880256,0,141668352,0,161830518784,121145671680,0
1791587896.6516056,0.03988271206617355,48844394496,0,0,85017493504,48702726144,0,141668352,0,161872441344,121145671680,0
1791587896.8508255,0.03902401216328144,48886337536,0,0,85017493504,48742572032,0,143765504,0,161912639488,121145671680,0
1791587897.0520318,0.040146101266145706,48924086272,0,0,85017493504,48782417920,0,141668352,0,161949995008,121145671680,0
1791587897.2510355,0.0390677135437727,48963932160,0,0,85017493504,48820166656,0,143765504,0,161989922816,121145667584,0
1791587897.4515224,0.039476240053772926,49001680896,0,0,85017493504,48860012544,0,141668352,0,162030120960,121145667584,0
1791587897.652331,0.0401949230581522,49041526784,0,0,85017493504,48897761280,0,143765504,0,162067668992,121145667584,0
1791587897.8538818,0.0416629184037447,49081372672,0,0,85017493504,48937607168,0,143765504,0,162107568128,121145667584,0
1791587898.0531547,0.04085552878677845,49119121408,0,0,85017493504,48977453056,0,141668352,0,162145456128,121145667584,0
1791587898.2514954,0.039115844294428825,49158967296,0,0,85017493504,49015201792,0,143765504,0,162185211904,121145667584,0
1791587898.4534795,0.041022228077054024,49196716032,0,0,85017493504,49055047680,0,141668352,0,162223165440,121145667584,0
1791587898.6551614,0.042618528008461,49236561920,0,0,85017493504,49092796416,0,143765504,0,162262835200,121145667584,0
1791587898.8545425,0.04192424193024635,49274310656,0,0,85017493504,49130545152,0,143765504,0,162301005824,121145667584,0
1791587899.056135,0.043418874964118004,49312059392,0,0,85017493504,49168293888,0,143765504,0,162338893824,121145667584,0
1791587899.2513456,0.038546930998563766,49351905280,0,0,85017493504,49210236928,0,141668352,0,162378833920,121145667584,0
1791587899.4547691,0.04188229702413082,49393848320,0,0,85017493504,49250082816,0,143765504,0,162420613120,121145667584,0
1791587899.6558945,0.04291374236345291,49433694208,0,0,85017493504,49289928704,0,143765504,0,162460966912,121145667584,0
1791587899.8559263,0.04284747317433357,49473540096,0,0,85017493504,49329774592,0,143765504,0,162500747264,121145667584,0
1791587900.0559404,0.042775554582476616,49511288832,0,0,85017493504,49367523328,0,143765504,0,162538037248,121145667584,0
1791587900.253824,0.040578367188572884,49551134720,0,0,85017493504,49407369216,0,143765504,0,162578239488,121145667584,0
1791587900.4513776,0.03805299289524555,49590980608,0,0,85017493504,49447215104,0,143765504,0,162618179584,121145667584,0
1791587900.6537135,0.04031154327094555,49632923648,0,0,85017493504,49491255296,0,141668352,0,162662576128,121145667584,0
1791587900.856224,0.042743781581521034,49674866688,0,0,85017493504,49531101184,0,143765504,0,162702802944,121145667584,0
1791587901.05639,0.04282519407570362,49714712576,0,0,85017493504,49570947072,0,143765504,0,162742751232,121145667584,0
1791587901.2546322,0.04098212905228138,49752461312,0,0,85017493504,49610792960,0,141668352,0,162782953472,121145667584,0
1791587901.4552724,0.0415402315557003,49792307200,0,0,85017493504,49648541696,0,143765504,0,162820386816,121145667584,0
1791587901.654057,0.04024067893624306,49830055936,0,0,85017493504,49686290432,0,143765504,0,162858147840,121145667584,0
1791587901.8581927,0.04428962245583534,49871998976,0,0,85017493504,49728233472,0,143765504,0,162900176896,121145667584,0
1791587902.0553937,0.041410114616155624,49911844864,0,0,85017493504,49770176512,0,141668352,0,162942021632,121145667584,0
1791587902.2541625,0.04009660892188549,49953787904,0,0,85017493504,49812119552,0,141668352,0,162982825984,121145667584,0
1791587902.453473,0.03931956924498081,49993633792,0,0,85017493504,49849868288,0,143765504,0,163022454784,121145667584,0
1791587902.657237,0.042987821623682976,50046062592,0,0,85017493504,49902297088,0,143765504,0,163074981888,121145667584,0
1791587902.8563797,0.042044514790177345,50088005632,0,0,85017493504,49942142976,0,145862656,0,163117285376,121145667584,0
1791587903.0570686,0.04264586418867111,50132045824,0,0,85017493504,49988280320,0,143765504,0,163161051136,121145667584,0
1791587903.257476,0.042964983731508255,50173988864,0,0,85017493504,50030223360,0,143765504,0,163203035136,121145667584,0
1791587903.4580438,0.04344874992966652,50211737600,0,0,85017493504,50070069248,0,141668352,0,163243167744,121145667584,0
1791587903.6566448,0.041966842487454414,50253680640,0,0,85017493504,50109915136,0,143765504,0,163283111936,121145667584,0
1791587903.861498,0.0467366948723793,50295623680,0,0,85017493504,50151858176,0,143765504,0,163324923904,121145667584,0
1791587904.0520732,0.03720850124955177,50333372416,0,0,85017493504,50191704064,0,141668352,0,163362304000,121145667584,0
1791587904.252448,0.03750850260257721,50373218304,0,0,85017493504,50231549952,0,141668352,0,163402227712,121145667584,0
1791587904.4601333,0.04507085308432579,50415161344,0,0,85017493504,50271395840,0,143765504,0,163444183040,121145667584,0
1791587904.6591182,0.04390505142509937,50455007232,0,0,85017493504,50311241728,0,143765504,0,163483701248,121145667584,0
1791587904.8652134,0.049891866743564606,50492755968,0,0,85017493504,50348990464,0,143765504,0,163521671168,121145667584,0
1791587905.0571322,0.04172166623175144,50530504704,0,0,85017493504,50388836352,0,141668352,0,163561525248,121145667584,0
1791587905.2526298,0.037140414118766785,50570350592,0,0,85017493504,50426585088,0,143765504,0,163599540224,121145667584,0
1791587905.4500525,0.03449295647442341,50612293632,0,0,85017493504,50468528128,0,143765504,0,163641831424,121145667584,0
1791587905.6478229,0.032193128019571304,50652139520,0,0,85017493504,50510471168,0,141668352,0,163682025472,121145667584,0
1791587905.8489754,0.03327411599457264,50691985408,0,0,85017493504,50550317056,0,141668352,0,163721965568,121145667584,0
1791587906.04887,0.03309913910925388,50729734144,0,0,85017493504,50588065792,0,141668352,0,163761831936,121145667584,0
1791587906.2525258,0.036679716780781746,50773774336,0,0,85017493504,50630008832,0,143765504,0,163804127232,121145667584,0
1791587906.452494,0.03657149337232113,50815717376,0,0,85017493504,50671951872,0,143765504,0,163845885952,121145667584,0
1791587906.6518805,0.035879574716091156,50855563264,0,0,85017493504,50711797760,0,143765504,0,163885510656,121145667584,0
1791587906.8524528,0.03637368232011795,50895409152,0,0,85017493504,50751643648,0,143765504,0,163925712896,121145667584,0
1791587907.0541446,0.03798702731728554,50937352192,0,0,85017493504,50793586688,0,143765504,0,163967299584,121145667584,0
1791587907.254805,0.038569556549191475,50977198080,0,0,85017493504,50833432576,0,143765504,0,164007600128,121145667584,0
1791587907.4566884,0.04037722013890743,51017043968,0,0,85017493504,50873278464,0,143765504,0,164048064512,121145667584,0
1791587907.6593652,0.042966730892658234,51058987008,0,0,85017493504,50915221504,0,143765504,0,164089761792,121145667584,0
1791587907.8582573,0.04177698865532875,51096735744,0,0,85017493504,50952970240,0,143765504,0,164127305728,121145667584,0
1791587908.0559838,0.039427854120731354,51136581632,0,0,85017493504,50994913280,0,141668352,0,164167229440,121145667584,0
1791587908.257299,0.04066339321434498,51176427520,0,0,85017493504,51032662016,0,143765504,0,164206993408,121145667584,0
1791587908.4546323,0.03791824169456959,51214176256,0,0,85017493504,51072507904,0,141668352,0,164244832256,121145667584,0
1791587908.6540449,0.03725394979119301,51251924992,0,0,85017493504,51110256640,0,141668352,0,164282671104,121145667584,0
1791587908.8548083,0.03793814405798912,51289673728,0,0,85017493504,51148005376,0,141668352,0,164320583680,121145667584,0
1791587909.0584419,0.04149259254336357,51327422464,0,0,85017493504,51185754112,0,141668352,0,164358021120,121145667584,0
1791587909.2540753,0.037046199664473534,51369365504,0,0,85017493504,51225600000,0,143765504,0,164400050176,121145667584,0
1791587909.4568472,0.039740270003676414,51411308544,0,0,85017493504,51267543040,0,143765504,0,164441747456,121145667584,0
1791587909.6548753,0.03765663504600525,51451154432,0,0,85017493504,51309486080,0,141668352,0,164481945600,121145667584,0
1791587909.8542836,0.03698509931564331,51493097472,0,0,85017493504,51349331968,0,143765504,0,164523978752,121145667584,0
1791587910.0770302,0.05965099483728409,51539234816,0,0,85017493504,51391275008,0,147959808,0,164570206208,121145667584,0
1791587910.2581265,0.04066985659301281,51576983552,0,0,85017493504,51433218048,0,143765504,0,164608315392,121145667584,0
1791587910.4579813,0.0404453631490469,51616829440,0,0,85017493504,51473063936,0,143765504,0,164648255488,121145667584,0
1791587910.6554122,0.03780026361346245,51658772480,0,0,85017493504,51515006976,0,143765504,0,164690018304,121145667584,0
1791587910.8616154,0.043927181512117386,51700715520,0,0,85017493504,51556950016,0,143765504,0,164732624896,121145667584,0
1791587911.0607722,0.042997634038329124,51740561408,0,0,85017493504,51596795904,0,143765504,0,164772646912,121145667584,0
1791587911.2586854,0.040828170254826546,51782504448,0,0,85017493504,51638738944,0,143765504,0,164814090240,121145667584,0
1791587911.459211,0.04127350635826588,51820253184,0,0,85017493504,51678584832,0,141668352,0,164853972992,121145667584,0
1791587911.6609504,0.04292804375290871,51862196224,0,0,85017493504,51718430720,0,143765504,0,164893581312,121145667584,0
1791587911.8612216,0.04311228729784489,51899944960,0,0,85017493504,51758276608,0,141668352,0,164931338240,121145667584,0
1791587912.0605803,0.04235897399485111,51937693696,0,0,85017493504,51793928192,0,143765504,0,164969459712,121145667584,0
1791587912.2577758,0.039475541561841965,51973345280,0,0,85017493504,51831676928,0,141668352,0,165005037568,121145667584,0
1791587912.4594092,0.0410301610827446,52013191168,0,0,85017493504,51871522816,0,141668352,0,165044969472,121145667584,0
1791587912.6587873,0.0403297133743763,52050939904,0,0,85017493504,51909271552,0,141668352,0,165082669056,121145667584,0
1791587912.8621247,0.04359016939997673,52088692736,0,0,85017493504,51944923136,0,143769600,0,165120774144,121145667584,0
1791587913.0553365,0.036716191098093987,52128538624,0,0,85017493504,51984769024,0,143769600,0,165160718336,121145667584,0
1791587913.2513301,0.03264356218278408,52168384512,0,0,85017493504,52026712064,0,141672448,0,165200662528,121145667584,0
1791587913.4631953,0.04442773200571537,52214521856,0,0,85017493504,52070752256,0,143769600,0,165246857216,121145667584,0
1791587913.6614306,0.04256133735179901,52256468992,0,0,85017493504,52112695296,0,143773696,0,165289078784,121145667584,0
1791587913.8614404,0.04248769208788872,52298420224,0,0,85017493504,52154638336,0,143781888,0,165331353600,121145667584,0
1791587914.0608356,0.04180382937192917,52340363264,0,0,85017493504,52196581376,0,143781888,0,165373030400,121145667584,0
1791587914.2599084,0.04079030640423298,52382306304,0,0,85017493504,52238524416,0,143781888,0,165415444480,121145667584,0
1791587914.4587173,0.039519134908914566,52422152192,0,0,85017493504,52278370304,0,143781888,0,165455044608,121145667584,0
1791587914.6579804,0.03870377689599991,52461998080,0,0,85017493504,52318216192,0,143781888,0,165494988800,121145667584,0
1791587914.85745,0.038093529641628265,52499746816,0,0,85017493504,52355964928,0,143781888,0,165533089792,121145667584,0
1791587915.0602531,0.0408178623765707,52535398400,0,0,85017493504,52393713664,0,141684736,0,165568520192,121145667584,0
1791587915.262521,0.043000126257538795,52573147136,0,0,85017493504,52431462400,0,141684736,0,165606170624,121145667584,0
1791587915.4599056,0.04030286893248558,52610895872,0,0,85017493504,52467113984,0,143781888,0,165644013568,121145667584,0
1791587915.6603463,0.04066205210983753,52646547456,0,0,85017493504,52504862720,0,141684736,0,165679837184,121145667584,0
1791587915.8592591,0.03949209116399288,52686393344,0,0,85017493504,52544708608,0,141684736,0,165719764992,121145667584,0
1791587916.059437,0.03958703763782978,52728336384,0,0,85017493504,52586651648,0,141684736,0,165761527808,121145667584,0
1791587916.2620807,0.04214927554130554,52772376576,0,0,85017493504,52628594688,0,143781888,0,165805903872,121145667584,0
1791587916.4530659,0.03305673599243164,52812222464,0,0,85017493504,52668440576,0,143781888,0,165846351872,121145667584,0
1791587916.657015,0.03694219887256622,52854165504,0,0,85017493504,52712480768,0,141684736,0,165888385024,121145667584,0
1791587916.8621116,0.04195559583604336,52898205696,0,0,85017493504,52754423808,0,143781888,0,165932785664,121145667584,0
1791587917.0594783,0.039241207763552666,52938051584,0,0,85017493504,52796366848,0,141684736,0,165972979712,121145667584,0
1791587917.2622106,0.04189147986471653,52979994624,0,0,85017493504,52836212736,0,143781888,0,166015119360,121145667584,0
1791587917.4625185,0.04211847297847271,53021937664,0,0,85017493504,52878155776,0,143781888,0,166057033728,121145667584,0
1791587917.6630576,0.04257934354245663,53059686400,0,0,85017493504,52918001664,0,141684736,0,166094237696,121145667584,0
1791587917.8614361,0.04087894223630428,53099532288,0,0,85017493504,52955750400,0,143781888,0,166134136832,121145667584,0
1791587918.0619779,0.041341399773955345,53139378176,0,0,85017493504,52995596288,0,143781888,0,166174076928,121145667584,0
1791587918.261586,0.040866851806640625,53175029760,0,0,85017493504,53031247872,0,143781888,0,166209560576,121145667584,0
1791587918.460204,0.039407698437571526,53216972800,0,0,85017493504,53073190912,0,143781888,0,166251593728,121145667584,0
1791587918.661463,0.04058961383998394,53256818688,0,0,85017493504,53113036800,0,143781888,0,166291795968,121145667584,0
1791587918.8610754,0.040124306455254555,53296664576,0,0,85017493504,53152882688,0,143781888,0,166331731968,121145667584,0
1791587919.061204,0.040174584835767746,53338607616,0,0,85017493504,53194825728,0,143781888,0,166373769216,121145667584,0
1791587919.2605066,0.03940069116652012,53376356352,0,0,85017493504,53232574464,0,143781888,0,166411603968,121145667584,0
1791587919.4644785,0.04325367510318756,53418299392,0,0,85017493504,53274517504,0,143781888,0,166453575680,121145667584,0
1791587919.664047,0.04273828864097595,53458145280,0,0,85017493504,53314363392,0,143781888,0,166493769728,121145667584,0
1791587919.8636408,0.04224874638020992,53500088320,0,0,85017493504,53356306432,0,143781888,0,166535770112,121145667584,0
1791587920.0633872,0.041917890310287476,53542031360,0,0,85017493504,53398249472,0,143781888,0,166577803264,121145667584,0
1791587920.2604725,0.03892541863024235,53581877248,0,0,85017493504,53440192512,0,141684736,0,166617260032,121145667584,0
1791587920.4630318,0.041406312957406044,53621723136,0,0,85017493504,53477941248,0,143781888,0,166657196032,121145667584,0
1791587920.6634173,0.0417146161198616,53659471872,0,0,85017493504,53515689984,0,143781888,0,166695047168,121145667584,0
1791587920.8632097,0.041420893743634224,53695123456,0,0,85017493504,53553438720,0,141684736,0,166731055104,121145667584,0
1791587921.0631208,0.04125038906931877,53730775040,0,0,85017493504,53589090304,0,141684736,0,166766800896,121145667584,0
1791587921.2665043,0.04454934038221836,53768523776,0,0,85017493504,53624741888,0,143781888,0,166804099072,121145667584,0
1791587921.4620304,0.03999614901840687,53808369664,0,0,85017493504,53666684928,0,141684736,0,166844030976,121145667584,0
1791587921.6617987,0.03968243673443794,53850312704,0,0,85017493504,53706530816,0,143781888,0,166886326272,121145667584,0
1791587921.86388,0.041681185364723206,53888061440,0,0,85017493504,53744279552,0,143781888,0,166923730944,121145667584,0
1791587922.0674367,0.045155737549066544,53932101632,0,0,85017493504,53786222592,0,145879040,0,166974664704,121145667584,0
1791587922.2618237,0.03946080058813095,53971947520,0,0,85017493504,53828165632,0,143781888,0,167008264192,121145667584,0
1791587922.4596577,0.03721602261066437,54013890560,0,0,85017493504,53870108672,0,143781888,0,167050289152,121145667584,0
1791587922.6608198,0.03829934820532799,54053736448,0,0,85017493504,53909954560,0,143781888,0,167089995776,121145667584,0
1791587922.8596592,0.03704077936708927,54093582336,0,0,85017493504,53949800448,0,143781888,0,167130161152,121145667584,0
1791587923.0633602,0.04064599610865116,54133428224,0,0,85017493504,53991743488,0,141684736,0,167170019328,121145667584,0
1791587923.2624452,0.03965267166495323,54173274112,0,0,85017493504,54031589376,0,141684736,0,167209938944,121145667584,0
1791587923.4649465,0.04207410477101803,54211022848,0,0,85017493504,54067240960,0,143781888,0,167247425536,121145667584,0
1791587923.6672952,0.04433879628777504,54244577280,0,0,85017493504,54100795392,0,143781888,0,167281340416,121145667584,0
1791587923.86649,0.04345070756971836,54284423168,0,0,85017493504,54140641280,0,143781888,0,167321284608,121145667584,0
1791587924.0641665,0.041048817336559296,54320074752,0,0,85017493504,54178390016,0,141684736,0,167357022208,121145667584,0
1791587924.2629514,0.039754850789904594,54355726336,0,0,85017493504,54214041600,0,141684736,0,167392317440,121145667584,0
1791587924.4622495,0.03897775523364544,54393475072,0,0,85017493504,54251790336,0,141684736,0,167430418432,121145667584,0
1791587924.662762,0.03941199742257595,54431223808,0,0,85017493504,54289539072,0,141684736,0,167468265472,121145667584,0
1791587924.8596642,0.03623676672577858,54468972544,0,0,85017493504,54327287808,0,141684736,0,167505842176,121145667584,0
1791587925.0595515,0.03604575991630554,54510915584,0,0,85017493504,54369230848,0,141684736,0,167548141568,121145667584,0
1791587925.2603638,0.03678013011813164,54552858624,0,0,85017493504,54409076736,0,143781888,0,167590170624,121145667584,0
1791587925.461966,0.03830551728606224,54592704512,0,0,85017493504,54451019776,0,141684736,0,167631937536,121145667584,0
1791587925.6609495,0.037211060523986816,54634647552,0,0,85017493504,54492962816,0,141684736,0,167674499072,121145667584,0
1791587925.8601863,0.0363687239587307,54676590592,0,0,85017493504,54532808704,0,143781888,0,167714422784,121145667584,0
1791587926.060827,0.03693038411438465,54714339328,0,0,85017493504,54572654592,0,141684736,0,167754354688,121145667584,0
1791587926.2601042,0.03612895682454109,54756282368,0,0,85017493504,54614597632,0,141684736,0,167794008064,121145667584,0
1791587926.462152,0.0380986500531435,54798225408,0,0,85017493504,54656540672,0,141684736,0,167836303360,121145667584,0
1791587926.666074,0.04194340482354164,54838071296,0,0,85017493504,54696386560,0,141684736,0,167876239360,121145667584,0
1791587926.867434,0.04322114214301109,54877917184,0,0,85017493504,54736232448,0,141684736,0,167916109824,121145667584,0
1791587927.064822,0.040528010576963425,54917763072,0,0,85017493504,54776078336,0,141684736,0,167961083904,121145667584,0
1791587927.2639434,0.039565399289131165,54957608960,0,0,85017493504,54815924224,0,141684736,0,167998746624,121145663488,0
1791587927.4658997,0.04144006595015526,54997454848,0,0,85017493504,54853672960,0,143781888,0,168036139008,121145663488,0
1791587927.6645923,0.040051763877272606,55037300736,0,0,85017493504,54893518848,0,143781888,0,168076115968,121145663488,0
1791587927.8670359,0.04241377301514149,55075049472,0,0,85017493504,54931267584,0,143781888,0,168113958912,121145663488,0
1791587928.0666237,0.04192628525197506,55110701056,0,0,85017493504,54969016320,0,141684736,0,168149803008,121145663488,0
1791587928.2668345,0.04205554537475109,55152644096,0,0,85017493504,55008862208,0,143781888,0,168191832064,121145663488,0
1791587928.4656625,0.040804604068398476,55192489984,0,0,85017493504,55050805248,0,141684736,0,168231702528,121145663488,0
1791587928.6620643,0.037129465490579605,55234433024,0,0,85017493504,55090651136,0,143781888,0,168273739776,121145663488,0
1791587928.862573,0.03755982592701912,55274278912,0,0,85017493504,55130497024,0,143781888,0,168313376768,121145663488,0
1791587929.0630486,0.03795843571424484,55314124800,0,0,85017493504,55170342912,0,143781888,0,168353579008,121145663488,0
1791587929.2684982,0.04332982935011387,55356067840,0,0,85017493504,55210188800,0,145879040,0,168395616256,121145663488,0
1791587929.4673548,0.042104195803403854,55393816576,0,0,85017493504,55250034688,0,143781888,0,168433442816,121145663488,0
1791587929.6655786,0.04024641588330269,55429468160,0,0,85017493504,55285686272,0,143781888,0,168469065728,121145663488,0
1791587929.867517,0.04210096411406994,55465119744,0,0,85017493504,55321337856,0,143781888,0,168504844288,121145663488,0
1791587930.067306,0.041812753304839134,55502868480,0,0,85017493504,55361183744,0,141684736,0,168544354304,121145663488,0
1791587930.2641737,0.03860255889594555,55542714368,0,0,85017493504,55398932480,0,143781888,0,168582447104,121145663488,0
1791587930.4669194,0.04126907140016556,55580463104,0,0,85017493504,55438778368,0,141684736,0,168619839488,121145663488,0
1791587930.664021,0.03829153627157211,55620308992,0,0,85017493504,55476527104,0,143781888,0,168659775488,121145663488,0
1791587930.8629873,0.03717879205942154,55660154880,0,0,85017493504,55518470144,0,141684736,0,168699633664,121145663488,0
1791587931.0698032,0.043904904276132584,55704195072,0,0,85017493504,55560413184,0,143781888,0,168744091648,121145663488,0
1791587931.268287,0.04230564646422863,55741943808,0,0,85017493504,55600259072,0,141684736,0,168782192640,121145663488,0
1791587931.4658542,0.039792390540242195,55781789696,0,0,85017493504,55638007808,0,143781888,0,168821968896,121145663488,0
1791587931.665636,0.0394932571798563,55823732736,0,0,85017493504,55682048000,0,141684736,0,168866095104,121145663488,0
1791587931.862952,0.03672863356769085,55865675776,0,0,85017493504,55723991040,0,141684736,0,168906305536,121145663488,0
1791587932.0550056,0.02872140146791935,55905521664,0,0,85017493504,55763836928,0,141684736,0,168946229248,121145663488,0
1791587932.2600589,0.0337139330804348,55947464704,0,0,85017493504,55803682816,0,143781888,0,168988610560,121145663488,0
1791587932.4697723,0.04334273003041744,55987310592,0,0,85017493504,55845625856,0,141684736,0,169029066752,121145663488,0
1791587932.6676466,0.04113489203155041,56027156480,0,0,85017493504,55885471744,0,141684736,0,169067986944,121145663488,0
1791587932.8671644,0.04058952443301678,56064905216,0,0,85017493504,55923220480,0,141684736,0,169105833984,121145663488,0
1791587933.0683923,0.04173536226153374,56102653952,0,0,85017493504,55960969216,0,141684736,0,169143898112,121145663488,0
1791587933.2696288,0.04289200156927109,56138305536,0,0,85017493504,55996620800,0,141684736,0,169179648000,121145663488,0
1791587933.4670212,0.040204280987381935,56173957120,0,0,85017493504,56032272384,0,141684736,0,169215123456,121145663488,0
1791587933.6683743,0.041475143283605576,56215900160,0,0,85017493504,56072118272,0,143781888,0,169256820736,121145663488,0
1791587933.8686461,0.041667187586426735,56257843200,0,0,85017493504,56114061312,0,143781888,0,169299124224,121145663488,0
1791587934.070246,0.04318767227232456,56299786240,0,0,85017493504,56156004352,0,143781888,0,169341009920,121145663488,0
1791587934.267599,0.040458837524056435,56337534976,0,0,85017493504,56195850240,0,141684736,0,169379102720,121145663488,0
1791587934.4678578,0.0406380258500576,56377380864,0,0,85017493504,56235696128,0,141684736,0,169419296768,121145663488,0
1791587934.6667004,0.03940065763890743,56417226752,0,0,85017493504,56273444864,0,143781888,0,169459093504,121145663488,0
1791587934.877439,0.05005844868719578,56454975488,0,0,85017493504,56311193600,0,143781888,0,169496928256,121145663488,0
1791587935.0704865,0.043021148070693016,56492724224,0,0,85017493504,56351039488,0,141684736,0,169536864256,121145663488,0
1791587935.2703006,0.042749179527163506,56534667264,0,0,85017493504,56390885376,0,143781888,0,169576951808,121145663488,0
1791587935.4695227,0.04189091734588146,56574513152,0,0,85017493504,56432828416,0,141684736,0,169618952192,121145663488,0
1791587935.670339,0.0426267646253109,56614359040,0,0,85017493504,56470577152,0,143781888,0,169656451072,121145663488,0
1791587935.8720446,0.04424811340868473,56660496384,0,0,85017493504,56516714496,0,143781888,0,169701974016,121145663488,0
1791587936.071318,0.0434581208974123,56698245120,0,0,85017493504,56556560384,0,141684736,0,169741910016,121145663488,0
1791587936.2691936,0.04125417396426201,56738091008,0,0,85017493504,56594309120,0,143781888,0,169779851264,121145663488,0
1791587936.4696338,0.041613711044192314,56780034048,0,0,85017493504,56636252160,0,143781888,0,169822138368,121145663488,0
1791587936.6673448,0.039243804290890694,56817782784,0,0,85017493504,56676098048,0,141684736,0,169859973120,121145663488,0
1791587936.8683522,0.04013713076710701,56857628672,0,0,85017493504,56713846784,0,143781888,0,169899638784,121145663488,0
1791587937.0714273,0.04313298501074314,56899571712,0,0,85017493504,56755789824,0,143781888,0,169956323328,121145663488,0
1791587937.2723613,0.04398109018802643,56941514752,0,0,85017493504,56797732864,0,143781888,0,169983672320,121145663488,0
1791587937.4702277,0.04176568426191807,56983457792,0,0,85017493504,56839675904,0,143781888,0,170025963520,121145663488,0
1791587937.6694124,0.040867557749152184,57025400832,0,0,85017493504,56881618944,0,143781888,0,170067779584,121145663488,0
1791587937.8700535,0.0414282251149416,57065246720,0,0,85017493504,56923561984,0,141684736,0,170107711488,121145663488,0
1791587938.0689867,0.04028001055121422,57105092608,0,0,85017493504,56963407872,0,141684736,0,170147618816,121145663488,0
1791587938.2737932,0.04500404931604862,57149136896,0,0,85017493504,57005350912,0,143785984,0,170191405056,121145663488,0
1791587938.4748445,0.04597664810717106,57188982784,0,0,85017493504,57045196800,0,143785984,0,170231705600,121145663488,0
1791587938.6702623,0.04131169989705086,57224634368,0,0,85017493504,57080848384,0,143785984,0,170267410432,121145663488,0
1791587938.8681173,0.03908325172960758,57262383104,0,0,85017493504,57120694272,0,141688832,0,170304724992,121145663488,0
1791587939.0698526,0.04073788784444332,57304330240,0,0,85017493504,57160540160,0,143790080,0,170346758144,121145663488,0
1791587939.2731678,0.04396634176373482,57344184320,0,0,85017493504,57200386048,0,143798272,0,170386509824,121145663488,0
1791587939.4721286,0.04284738563001156,57384030208,0,0,85017493504,57242329088,0,141701120,0,170428370944,121145663488,0
1791587939.67229,0.042926762253046036,57425973248,0,0,85017493504,57282174976,0,143798272,0,170468044800,121145663488,0
1791587939.8738513,0.044408466666936874,57465819136,0,0,85017493504,57322020864,0,143798272,0,170508234752,121145663488,0
1791587940.0713909,0.04186458885669708,57503567872,0,0,85017493504,57361866752,0,141701120,0,170546339840,121145663488,0
1791587940.2634168,0.03381331078708172,57539219456,0,0,85017493504,57395421184,0,143798272,0,170581815296,121145663488,0
1791587940.457867,0.028202347457408905,57579065344,0,0,85017493504,57437364224,0,141701120,0,170622013440,121145663488,0
1791587940.6624842,0.032750148326158524,57618911232,0,0,85017493504,57477210112,0,141701120,0,170661785600,121145663488,0
1791587940.8587582,0.02896050736308098,57660854272,0,0,85017493504,57519153152,0,141701120,0,170703745024,121145663488,0
1791587941.0575328,0.027672026306390762,57702797312,0,0,85017493504,57561096192,0,141701120,0,170745487360,121145663488,0
1791587941.2587986,0.028870748355984688,57742643200,0,0,85017493504,57600942080,0,141701120,0,170785636352,121145663488,0
1791587941.460036,0.030043166130781174,57784586240,0,0,85017493504,57642885120,0,141701120,0,170827681792,121145663488,0
1791587941.6617196,0.031663939356803894,57824432128,0,0,85017493504,57682731008,0,141701120,0,170867613696,121145663488,0
1791587941.8589914,0.028872909024357796,57866375168,0,0,85017493504,57724674048,0,141701120,0,170909904896,121145663488,0
1791587942.0614743,0.031291963532567024,57906221056,0,0,85017493504,57764519936,0,141701120,0,170950082560,121145663488,0
1791587942.2684603,0.03820043243467808,57950261248,0,0,85017493504,57806462976,0,143798272,0,170993750016,121145663488,0
1791587942.468505,0.03816649690270424,57990107136,0,0,85017493504,57848406016,0,141701120,0,171033800704,121145663488,0
1791587942.6683135,0.03789689764380455,58032050176,0,0,85017493504,57888251904,0,143798272,0,171075833856,121145663488,0
1791587942.8680773,0.037582967430353165,58073993216,0,0,85017493504,57932292096,0,141701120,0,171117871104,121145663488,0
1791587943.068778,0.038205694407224655,58113839104,0,0,85017493504,57972137984,0,141701120,0,171157651456,121145663488,0
1791587943.269124,0.03847092017531395,58155782144,0,0,85017493504,58011983872,0,143798272,0,171199946752,121145663488,0
1791587943.4785783,0.04784664511680603,58197725184,0,0,85017493504,58053926912,0,143798272,0,171241914368,121145663488,0
1791587943.673928,0.04309176094830036,58237571072,0,0,85017493504,58093772800,0,143798272,0,171281510400,121145663488,0
1791587943.8749213,0.044001609086990356,58279514112,0,0,85017493504,58137812992,0,141701120,0,171325886464,121145663488,0
1791587944.071418,0.04041511192917824,58319360000,0,0,85017493504,58177658880,0,141701120,0,171365916672,121145663488,0
1791587944.270654,0.0395713746547699,58361303040,0,0,85017493504,58217504768,0,143798272,0,171405832192,121145663488,0
1791587944.4728022,0.04163275845348835,58403246080,0,0,85017493504,58259447808,0,143798272,0,171448000512,121145663488,0
1791587944.6715393,0.0402882918715477,58445189120,0,0,85017493504,58301390848,0,143798272,0,171490021376,121145663488,0
1791587944.8691363,0.03779710456728935,58485035008,0,0,85017493504,58343333888,0,141701120,0,171529986048,121145663488,0
1791587945.0693705,0.03795093484222889,58524880896,0,0,85017493504,58383179776,0,141701120,0,171570188288,121145663488,0
1791587945.2698622,0.03836333192884922,58564726784,0,0,85017493504,58423025664,0,141701120,0,171609862144,121145663488,0
1791587945.470075,0.0384949017316103,58604572672,0,0,85017493504,58460774400,0,143798272,0,171649802240,121145663488,0
1791587945.6690142,0.0373535230755806,58644418560,0,0,85017493504,58500620288,0,143798272,0,171690012672,121145663488,0
1791587945.870316,0.03855111449956894,58684264448,0,0,85017493504,58540466176,0,143798272,0,171730169856,121145663488,0
1791587946.0723507,0.04049627110362053,58726207488,0,0,85017493504,58582409216,0,143798272,0,171772198912,121145663488,0
1791587946.2703912,0.03843666799366474,58766053376,0,0,85017493504,58622255104,0,143798272,0,171811872768,121145663488,0
1791587946.4704804,0.03844255954027176,58803802112,0,0,85017493504,58662100992,0,141701120,0,171849707520,121145663488,0
1791587946.6690912,0.03697309270501137,58843648000,0,0,85017493504,58701946880,0,141701120,0,171889618944,121145663488,0
1791587946.8715146,0.03931479714810848,58887688192,0,0,85017493504,58743889920,0,143798272,0,171933757440,121145663488,0
1791587947.0722003,0.039921168237924576,58927534080,0,0,85017493504,58783735808,0,143798272,0,171987820544,121145663488,0
1791587947.2744524,0.042093269526958466,58967379968,0,0,85017493504,58825678848,0,141701120,0,172013715456,121145663488,0
1791587947.473143,0.04068726301193237,59005128704,0,0,85017493504,58863427584,0,141701120,0,172053647360,121145663488,0
1791587947.6623285,0.029809435829520226,59044974592,0,0,85017493504,58901176320,0,143798272,0,172091469824,121145466880,0
1791587947.8610015,0.02841479517519474,59084820480,0,0,85017493504,58943119360,0,141701120,0,172131135488,121145466880,0
1791587948.063376,0.030727293342351913,59128860672,0,0,85017493504,58985062400,0,143798272,0,172175249408,121145466880,0
1791587948.2613854,0.028674550354480743,59168706560,0,0,85017493504,59027005440,0,141701120,0,172215193600,121145466880,0
1791587948.460311,0.027538280934095383,59210649600,0,0,85017493504,59068948480,0,141701120,0,172257484800,121145466880,0
1791587948.6729863,0.04013298451900482,59256786944,0,0,85017493504,59112988672,0,143798272,0,172303716352,121145466880,0
1791587948.8759398,0.04302377253770828,59296632832,0,0,85017493504,59152834560,0,143798272,0,172346277888,121145466880,0
1791587949.076358,0.043353307992219925,59338575872,0,0,85017493504,59194777600,0,143798272,0,172386471936,121145466880,0
1791587949.2774448,0.04435352049767971,59378421760,0,0,85017493504,59234623488,0,143798272,0,172426297344,121145466880,0
1791587949.4720933,0.03886215388774872,59416170496,0,0,85017493504,59274469376,0,141701120,0,172463972352,121145466880,0
1791587949.6686006,0.03530598431825638,59453919232,0,0,85017493504,59310120960,0,143798272,0,172501999616,121145466880,0
1791587949.870521,0.03714357130229473,59493765120,0,0,85017493504,59349966848,0,143798272,0,172541407232,121145466880,0
1791587950.070639,0.03718084283173084,59533611008,0,0,85017493504,59389812736,0,143798272,0,172581339136,121145466880,0
1791587950.2723496,0.038808612152934074,59573456896,0,0,85017493504,59429658624,0,143798272,0,172620902400,121145466880,0
1791587950.4715095,0.03788675740361214,59615399936,0,0,85017493504,59471601664,0,143798272,0,172663201792,121145466880,0
1791587950.671369,0.037655824795365334,59657342976,0,0,85017493504,59513544704,0,143798272,0,172704800768,121145466880,0
1791587950.873046,0.039251191541552544,59699286016,0,0,85017493504,59555487744,0,143798272,0,172746756096,121145466880,0
1791587951.0731726,0.03929639421403408,59741229056,0,0,85017493504,59597430784,0,143798272,0,172789030912,121145466880,0
1791587951.2722754,0.038318442180752754,59781074944,0,0,85017493504,59637276672,0,143798272,0,172828966912,121145466880,0
1791587951.4730916,0.03905423544347286,59820920832,0,0,85017493504,59677122560,0,143798272,0,172868636672,121145466880,0
1791587951.676288,0.042170850560069084,59858669568,0,0,85017493504,59716968448,0,141701120,0,172906586112,121145466880,0
1791587951.875617,0.04141328111290932,59900612608,0,0,85017493504,59756814336,0,143798272,0,172948606976,121145466880,0
1791587952.0764415,0.04216322489082813,59940458496,0,0,85017493504,59796660224,0,143798272,0,173004513280,121145466880,0
1791587952.2745962,0.04022923484444618,59980304384,0,0,85017493504,59836506112,0,143798272,0,173028397056,121145466880,0
1791587952.4734955,0.03904886916279793,60018053120,0,0,85017493504,59876352000,0,141701120,0,173066502144,121145466880,0
1791587952.676661,0.04213315062224865,60057899008,0,0,85017493504,59914100736,0,143798272,0,173106212864,121145466880,0
1791587952.8721337,0.03752601705491543,60097744896,0,0,85017493504,59953946624,0,143798272,0,173146406912,121145466880,0
1791587953.0717993,0.03711276315152645,60135493632,0,0,85017493504,59993792512,0,141701120,0,173186600960,121145466880,0
1791587953.2712803,0.03651544451713562,60177436672,0,0,85017493504,60035735552,0,141701120,0,173228634112,121145466880,0
1791587953.4739816,0.0391366183757782,60217282560,0,0,85017493504,60075581440,0,141701120,0,173268557824,121145466880,0
1791587953.6735475,0.03862445242702961,60259225600,0,0,85017493504,60117524480,0,141701120,0,173308456960,121145466880,0
1791587953.8744915,0.03948578983545303,60301168640,0,0,85017493504,60157370368,0,143798272,0,173350469632,121145466880,0
1791587954.0720146,0.03693067841231823,60341014528,0,0,85017493504,60199313408,0,141701120,0,173390405632,121145466880,0
1791587954.2746384,0.03947493992745876,60380860416,0,0,85017493504,60237062144,0,143798272,0,173429997568,121145466880,0
1791587954.4749687,0.03972630575299263,60416512000,0,0,85017493504,60274810880,0,141701120,0,173466001408,121145466880,0
1791587954.6749518,0.03963072970509529,60454260736,0,0,85017493504,60312559616,0,141701120,0,173503393792,121145466880,0
1791587954.873942,0.0385394636541605,60492009472,0,0,85017493504,60350308352,0,141701120,0,173541191680,121145466880,0
1791587955.0772502,0.04176957905292511,60529758208,0,0,85017493504,60385959936,0,143798272,0,173579075584,121145466880,0
1791587955.2802653,0.0446938332170248,60569604096,0,0,85017493504,60425805824,0,143798272,0,173618999296,121145466880,0
1791587955.4798756,0.04420737735927105,60607352832,0,0,85017493504,60465651712,0,141701120,0,173658611712,121145466880,0
1791587955.6793494,0.04359334334731102,60647198720,0,0,85017493504,60503400448,0,143798272,0,173696454656,121145466880,0
1791587955.8788447,0.0430070236325264,60687044608,0,0,85017493504,60543246336,0,143798272,0,173736660992,121145466880,0
1791587956.074799,0.03888176567852497,60726890496,0,0,85017493504,60585189376,0,141701120,0,173776330752,121145466880,0
1791587956.2753694,0.03937165252864361,60768833536,0,0,85017493504,60625035264,0,143798272,0,173817987072,121145466880,0
1791587956.4730248,0.036949725821614265,60810776576,0,0,85017493504,60666978304,0,143798272,0,173860286464,121145466880,0
1791587956.674897,0.03867894038558006,60852719616,0,0,85017493504,60708921344,0,143798272,0,173902020608,121145466880,0
1791587956.874233,0.03793579712510109,60894662656,0,0,85017493504,60750864384,0,143798272,0,173944057856,121145466880,0
1791587957.074721,0.038345808163285255,60934508544,0,0,85017493504,60792807424,0,141701120,0,173999857664,121145466880,0
1791587957.2754235,0.03895482048392296,60974354432,0,0,85017493504,60832653312,0,141701120,0,174023602176,121145466880,0
1791587957.479811,0.043262066319584846,61016297472,0,0,85017493504,60870402048,0,145895424,0,174065496064,121145466880,0
1791587957.686489,0.049854179844260216,61058240512,0,0,85017493504,60914442240,0,143798272,0,174107795456,121145466880,0
1791587957.881134,0.04441559128463268,61095989248,0,0,85017493504,60952190976,0,143798272,0,174146064384,121145466880,0
1791587958.0782304,0.04143141955137253,61135835136,0,0,85017493504,60992036864,0,143798272,0,174185930752,121145466880,0
1791587958.2749333,0.03805501572787762,61177778176,0,0,85017493504,61033979904,0,143798272,0,174227951616,121145466880,0
1791587958.475277,0.038310637697577477,61217624064,0,0,85017493504,61075922944,0,141701120,0,174268104704,121145466880,0
1791587958.676407,0.03936217911541462,61257469952,0,0,85017493504,61113671680,0,143798272,0,174308040704,121145466880,0
1791587958.874823,0.037698809057474136,61297315840,0,0,85017493504,61157711872,0,139603968,0,174347964416,121145466880,0
1791587959.0759208,0.038710085675120354,61339258880,0,0,85017493504,61197557760,0,141701120,0,174390153216,121145466880,0
1791587959.2764304,0.039141906425356865,61379104768,0,0,85017493504,61237403648,0,141701120,0,174430093312,121145466880,0
1791587959.47839,0.041019704192876816,61418950656,0,0,85017493504,61277249536,0,141701120,0,174469894144,121145466880,0
1791587959.6785471,0.041097452864050865,61460893696,0,0,85017493504,61317095424,0,143798272,0,174511935488,121145466880,0
1791587959.8784583,0.04092666693031788,61498642432,0,0,85017493504,61356941312,0,141701120,0,174551949312,121145466880,0
1791587960.396485,0.35886806808412075,61533855744,0,1048576,85017493504,61394685952,0,140218368,0,174576947200,121145458688,0
1791587960.4448874,0.048098549246788025,61566357504,0,31457280,84987084800,61394685952,0,203128832,0,174586753024,121145458688,0
1791587960.64308,0.046205438673496246,61583712256,0,61740154880,23278387200,61394685952,61394690560,534490624,0,174594715648,121145454592,0
1791587960.8429058,0.04595019668340683,61583716352,0,61740154880,23278387200,61394685952,61394690560,534494720,0,174594789376,121145454592,0
1791587961.0449908,0.047945255413651466,61583716352,0,61740154880,23278387200,61394685952,61394690560,534494720,0,174594764800,121145454592,0
1791587961.244455,0.04732408747076988,61583716352,0,61740154880,23278387200,61394685952,61394690560,534494720,0,174594748416,121145454592,0
1791587961.443986,0.046761760488152504,61583716352,0,61740154880,23278387200,61394685952,61394690560,534494720,0,174594822144,121145454592,0
1791587961.6453822,0.04806763678789139,61583716352,0,61740154880,23278387200,61394685952,61394690560,534494720,0,174594846720,121145454592,0
1791587961.8445282,0.04710353910923004,61583728640,0,61740154880,23278387200,61394685952,61394690560,534507008,0,174594752512,121145454592,0
1791587962.0441988,0.04669077694416046,61583728640,0,61740154880,23278387200,61394685952,61394690560,534507008,0,174594686976,121145454592,0
1791587962.244738,0.04711426794528961,61583728640,0,61740154880,23278387200,61394685952,61394690560,534507008,0,174594875392,121145450496,0
1791587962.4441528,0.046446964144706726,61583728640,0,61740154880,23278387200,61394685952,61394690560,534507008,0,174594932736,121145450496,0
1791587962.64065,0.042864492163062096,61583728640,0,61740154880,23278387200,61394685952,61394690560,534507008,0,174595018752,121145450496,0
1791587962.8382134,0.04034697636961937,61583728640,0,61740154880,23278387200,61394685952,61394690560,534507008,0,174594953216,121145450496,0
1791587963.0415955,0.043648216873407364,61583728640,0,61740154880,23278387200,61394685952,61394690560,534507008,0,174594564096,121145450496,0
1791587963.2410152,0.042987676337361336,61583728640,0,61740154880,23278387200,61394685952,61394690560,534507008,0,174594654208,121145450496,0
1791587963.443316,0.04520850069820881,61583728640,0,61740154880,23278387200,61394685952,61394690560,534507008,0,174594654208,121145450496,0
1791587963.6454313,0.04719926230609417,61583728640,0,61740154880,23278387200,61394685952,61394690560,534507008,0,174594707456,121145450496,0
1791587963.8448727,0.046557849273085594,61583728640,0,61740154880,23278387200,61394685952,61394690560,534507008,0,174594592768,121145450496,0
1791587964.0424392,0.044044025242328644,61583728640,0,61740154880,23278387200,61394685952,61394690560,534507008,0,174594461696,121145450496,0
1791587964.2381508,0.03967568650841713,61583728640,0,61740154880,23278387200,61394685952,61394690560,534507008,0,174594420736,121145450496,0
1791587964.4417317,0.04317581094801426,61583728640,0,61740154880,23278387200,61394685952,61394690560,534507008,0,174594486272,121145450496,0
1791587964.6347558,0.0361214317381382,61583728640,0,61740154880,23278387200,61394685952,61394690560,534507008,0,174594551808,121145450496,0
1791587964.8426425,0.04392861947417259,61583728640,0,61740154880,23278387200,61394685952,61394690560,534507008,0,174594551808,121145450496,0
1791587965.0401068,0.04131179861724377,61583728640,0,61740154880,23278387200,61394685952,61394690560,534507008,0,174594547712,121145450496,0
1791587965.2398849,0.04100974649190903,61583728640,0,61740154880,23278387200,61394685952,61394690560,534507008,0,174594588672,121145450496,0
1791587965.4395223,0.04056580737233162,61583728640,0,61740154880,23278387200,61394685952,61394690560,534507008,0,174594412544,121145450496,0
1791587965.642764,0.04372458718717098,61583728640,0,61740154880,23278387200,61394685952,61394690560,534507008,0,174594699264,121145450496,0
1791587965.841618,0.04249752312898636,61583728640,0,61740154880,23278387200,61394685952,61394690560,534507008,0,174594789376,121145450496,0
1791587966.038358,0.03915556147694588,61583728640,0,61740154880,23278387200,61394685952,61394690560,534507008,0,174594883584,121145450496,0
1791587966.2426326,0.043351564556360245,61583728640,0,61740154880,23278387200,61394685952,61394690560,534507008,0,174594973696,121145450496,0
1791587966.4392023,0.03984214924275875,61583728640,0,61740154880,23278387200,61394685952,61394690560,534507008,0,174595072000,121145450496,0
1791587966.6413581,0.04191886819899082,61583728640,0,61740154880,23278387200,61394685952,61394690560,534507008,0,174594732032,121145450496,0
1791587966.8389814,0.039462076500058174,61583728640,0,61740154880,23278387200,61394685952,61394690560,534507008,0,174594822144,121145450496,0
1791587967.040808,0.04120893403887749,61583728640,0,61740154880,23278387200,61394685952,61394690560,534507008,0,174595178496,121145450496,0
1791587967.2402794,0.04058661870658398,61583728640,0,61740154880,23278387200,61394685952,61394690560,534507008,0,174595080192,121145450496,0
1791587967.4394941,0.03972210921347141,61583728640,0,61740154880,23278387200,61394685952,61394690560,534507008,0,174594899968,121145450496,0
1791587967.63944,0.03958892077207565,61583728640,0,61740154880,23278387200,61394685952,61394690560,534507008,0,174594990080,121145450496,0
1791587967.8457308,0.04579925909638405,61583728640,0,61740154880,23278387200,61394685952,61394690560,534507008,0,174595084288,121145450496,0
1791587968.0458186,0.04580491781234741,61583728640,0,61740154880,23278387200,61394685952,61394690560,534507008,0,174594625536,121145450496,0
1791587968.241067,0.04097352921962738,61583728640,0,61740154880,23278387200,61394685952,61394690560,534507008,0,174594981888,121145450496,0
1791587968.4517317,0.051526810973882675,61583728640,0,61740154880,23278387200,61394685952,61394690560,534507008,0,174595010560,121145450496,0
1791587968.6526334,0.05234530754387379,61583728640,0,61740154880,23278387200,61394685952,61394690560,534507008,0,174594699264,121145450496,0
1791587968.836119,0.03576125018298626,61583728640,0,61740154880,23278387200,61394685952,61394690560,534507008,0,174594662400,121145450496,0
1791587969.052296,0.0518238190561533,61583728640,0,61740154880,23278387200,61394685952,61394690560,534507008,0,174595022848,121145450496,0
1791587969.2472997,0.04673473536968231,61583728640,0,61740154880,23278387200,61394685952,61394690560,534507008,0,174594846720,121145450496,0
1791587969.444478,0.0438276045024395,61583728640,0,61740154880,23278387200,61394685952,61394690560,534507008,0,174594936832,121145450496,0
1791587969.6455812,0.04484867490828037,61583728640,0,61740154880,23278387200,61394685952,61394690560,534507008,0,174595018752,121145450496,0
1791587969.842124,0.04131024144589901,61583728640,0,61740154880,23278387200,61394685952,61394690560,534507008,0,174594969600,121145450496,0
1791587970.0436032,0.04270622320473194,61583728640,0,61740154880,23278387200,61394685952,61394690560,534507008,0,174595051520,121145450496,0
1791587970.2421734,0.041191138327121735,61583728640,0,61740154880,23278387200,61394685952,61394690560,534507008,0,174594875392,121145450496,0
1791587970.4426358,0.04157438687980175,61583728640,0,61740154880,23278387200,61394685952,61394690560,534507008,0,174594961408,121145450496,0
1791587970.6431289,0.0419866144657135,61583728640,0,61740154880,23278387200,61394685952,61394690560,534507008,0,174595059712,121145450496,0
1791587970.8447766,0.043553534895181656,61583728640,0,61740154880,23278387200,61394685952,61394690560,534507008,0,174594666496,121145450496,0
1791587971.0457394,0.044432174414396286,61583728640,0,61740154880,23278387200,61394685952,61394690560,534507008,0,174594752512,121145450496,0
1791587971.2430625,0.041670843958854675,61583728640,0,61740154880,23278387200,61394685952,61394690560,534507008,0,174594842624,121145450496,0
1791587971.4480276,0.04655453935265541,61583728640,0,61740154880,23278387200,61394685952,61394690560,534507008,0,174595137536,121145450496,0
1791587971.6480873,0.046531371772289276,61583728640,0,61740154880,23278387200,61394685952,61394690560,534507008,0,174594957312,121145450496,0
1791587971.8505077,0.04885492101311684,61583728640,0,61740154880,23278387200,61394685952,61394690560,534507008,0,174594904064,121145450496,0
1791587972.048834,0.047094786539673805,61583728640,0,61740154880,23278387200,61394685952,61394690560,534507008,0,174594994176,121145450496,0
1791587972.2488296,0.04700035974383354,61583728640,0,61740154880,23278387200,61394685952,61394690560,534507008,0,174595403776,121145450496,0
1791587972.447394,0.04547158628702164,61583728640,0,61740154880,23278387200,61394685952,61394690560,534507008,0,174595502080,121145450496,0
1791587972.6469622,0.04495297931134701,61583728640,0,61740154880,23278387200,61394685952,61394690560,534507008,0,174595592192,121145450496,0
1791587972.847524,0.045430632308125496,61583728640,0,61740154880,23278387200,61394685952,61394690560,534507008,0,174595678208,121145450496,0
1791587973.0477958,0.04558722861111164,61583728640,0,61740154880,23278387200,61394685952,61394690560,534507008,0,174595739648,121145450496,0
1791587973.2477765,0.04547467269003391,61583728640,0,61740154880,23278387200,61394685952,61394690560,534507008,0,174595829760,121145450496,0
1791587973.4503171,0.04792718030512333,61583728640,0,61740154880,23278387200,61394685952,61394690560,534507008,0,174595911680,121145450496,0
1791587973.6448574,0.04238897003233433,61583728640,0,61740154880,23278387200,61394685952,61394690560,534507008,0,174595772416,121145450496,0
1791587973.8436115,0.04106656461954117,61583728640,0,61740154880,23278387200,61394685952,61394690560,534507008,0,174595862528,121145450496,0
1791587974.044651,0.04202855937182903,61583728640,0,61740154880,23278387200,61394685952,61394690560,534507008,0,174595842048,121145450496,0
1791587974.2427766,0.04007716476917267,61583728640,0,61740154880,23278387200,61394685952,61394690560,534507008,0,174595923968,121145450496,0
1791587974.4434361,0.04065443575382233,61583728640,0,61740154880,23278387200,61394685952,61394690560,534507008,0,174595461120,121145450496,0
1791587974.6428745,0.04001535102725029,61583728640,0,61740154880,23278387200,61394685952,61394690560,534507008,0,174595555328,121145450496,0
1791587974.8459408,0.043001990765333176,61583728640,0,61740154880,23278387200,61394685952,61394690560,534507008,0,174595629056,121145450496,0
1791587975.044698,0.041678858920931816,61583728640,0,61740154880,23278387200,61394685952,61394690560,534507008,0,174595723264,121145450496,0
1791587975.2455096,0.04240908473730087,61583728640,0,61740154880,23278387200,61394685952,61394690560,534507008,0,174595796992,121145450496,0
1791587975.4433448,0.04013257101178169,61583728640,0,61740154880,23278387200,61394685952,61394690560,534507008,0,174595616768,121145450496,0
1791587975.6441462,0.040857212617993355,61583728640,0,61740154880,23278387200,61394685952,61394690560,534507008,0,174595428352,121145450496,0
1791587975.844773,0.04140722006559372,61583728640,0,61740154880,23278387200,61394685952,61394690560,534507008,0,174595461120,121145450496,0
1791587976.0453072,0.04186440818011761,61583728640,0,61740154880,23278387200,61394685952,61394690560,534507008,0,174594912256,121145450496,0
1791587976.2459748,0.04245096445083618,61583728640,0,61740154880,23278387200,61394685952,61394690560,534507008,0,174594957312,121145450496,0
1791587976.4439285,0.04032566770911217,61583728640,0,61740154880,23278387200,61394685952,61394690560,534507008,0,174595039232,121145450496,0
1791587976.6437235,0.04004017636179924,61583728640,0,61740154880,23278387200,61394685952,61394690560,534507008,0,174595121152,121145450496,0
1791587976.8433857,0.03962136059999466,61583728640,0,61740154880,23278387200,61394685952,61394690560,534507008,0,174595215360,121145450496,0
1791587977.0457277,0.04188142716884613,61583728640,0,61740154880,23278387200,61394685952,61394690560,534507008,0,174595031040,121145450496,0
1791587977.2476795,0.0437526423484087,61583728640,0,61740154880,23278387200,61394685952,61394690560,534507008,0,174595727360,121145450496,0
1791587977.4450576,0.04104931838810444,61583728640,0,61740154880,23278387200,61394685952,61394690560,534507008,0,174595272704,121145450496,0
1791587977.6449587,0.04086843132972717,61583728640,0,61740154880,23278387200,61394685952,61394690560,534507008,0,174595244032,121145450496,0
1791587977.8439713,0.03973275609314442,61583728640,0,61740154880,23278387200,61394685952,61394690560,534507008,0,174595592192,121145450496,0
1791587978.043321,0.0389990396797657,61583728640,0,61740154880,23278387200,61394685952,61394690560,534507008,0,174595678208,121145450496,0
1791587978.2434242,0.039021776989102364,61583728640,0,61740154880,23278387200,61394685952,61394690560,534507008,0,174595764224,121145450496,0
1791587978.4434397,0.03895571455359459,61583728640,0,61740154880,23278387200,61394685952,61394690560,534507008,0,174595592192,121145450496,0
1791587978.643409,0.03884388320147991,61583728640,0,61740154880,23278387200,61394685952,61394690560,534507008,0,174595686400,121145450496,0
1791587978.8436875,0.039040831848978996,61583728640,0,61740154880,23278387200,61394685952,61394690560,534507008,0,174595776512,121145450496,0
1791587979.0435789,0.03884966857731342,61583728640,0,61740154880,23278387200,61394685952,61394690560,534507008,0,174595866624,121145450496,0
1791587979.243702,0.03889179229736328,61583728640,0,61740154880,23278387200,61394685952,61394690560,534507008,0,174595530752,121145450496,0
1791587979.4436886,0.0387984924018383,61583728640,0,61740154880,23278387200,61394685952,61394690560,534507008,0,174595350528,121145450496,0
1791587979.6438334,0.03886091709136963,61583728640,0,61740154880,23278387200,61394685952,61394690560,534507008,0,174595448832,121145450496,0
1791587979.84497,0.03991648927330971,61583728640,0,61740154880,23278387200,61394685952,61394690560,534507008,0,174595534848,121145450496,0
1791587980.0443158,0.03918246179819107,61583728640,0,61740154880,23278387200,61394685952,61394690560,534507008,0,174595264512,121145450496,0
1791587980.2441313,0.03891652822494507,61583728640,0,61740154880,23278387200,61394685952,61394690560,534507008,0,174595293184,121145450496,0
1791587980.4509618,0.04566841199994087,61583728640,0,61740154880,23278387200,61394685952,61394690560,534507008,0,174595276800,121145450496,0
1791587980.6543248,0.048948099836707115,61583728640,0,61740154880,23278387200,61394685952,61394690560,534507008,0,174595633152,121145450496,0
1791587980.8509836,0.045524122193455696,61583728640,0,61740154880,23278387200,61394685952,61394690560,534507008,0,174595723264,121145450496,0
1791587981.0482213,0.0426801647990942,61583728640,0,61740154880,23278387200,61394685952,61394690560,534507008,0,174595813376,121145450496,0
1791587981.2463002,0.04067676700651646,61583728640,0,61740154880,23278387200,61394685952,61394690560,534507008,0,174595629056,121145450496,0
1791587981.4457684,0.040064290165901184,61583728640,0,61740154880,23278387200,61394685952,61394690560,534507008,0,174595547136,121145450496,0
1791587981.648498,0.042712436988949776,61583728640,0,61740154880,23278387200,61394685952,61394690560,534507008,0,174594949120,121145450496,0
1791587981.845644,0.03977501019835472,61583728640,0,61740154880,23278387200,61394685952,61394690560,534507008,0,174595039232,121145450496,0
1791587982.0476704,0.04171953909099102,61583728640,0,61740154880,23278387200,61394685952,61394690560,534507008,0,174595051520,121145450496,0
1791587982.2507727,0.044739821925759315,61583728640,0,61740154880,23278387200,61394685952,61394690560,534507008,0,174594977792,121145450496,0
1791587982.4509778,0.044852739199995995,61583728640,0,61740154880,23278387200,61394685952,61394690560,534507008,0,174594740224,121145450496,0
1791587982.6477199,0.04151432402431965,61583728640,0,61740154880,23278387200,61394685952,61394690560,534507008,0,174594670592,121145450496,0
1791587982.8471363,0.04084521159529686,61583728640,0,61740154880,23278387200,61394685952,61394690560,534507008,0,174594736128,121145450496,0
1791587983.0516944,0.04532261937856674,61583728640,0,61740154880,23278387200,61394685952,61394690560,534507008,0,174595092480,121145450496,0
1791587983.2537503,0.0472918264567852,61583728640,0,61740154880,23278387200,61394685952,61394690560,534507008,0,174595391488,121145450496,0
1791587983.4511302,0.0445901770144701,61583728640,0,61740154880,23278387200,61394685952,61394690560,534507008,0,174595342336,121145450496,0
1791587983.6492338,0.04261017590761185,61583728640,0,61740154880,23278387200,61394685952,61394690560,534507008,0,174595428352,121145450496,0
1791587983.849347,0.04264058731496334,61583728640,0,61740154880,23278387200,61394685952,61394690560,534507008,0,174595514368,121145450496,0
1791587984.0490901,0.04230093024671078,61583728640,0,61740154880,23278387200,61394685952,61394690560,534507008,0,174595608576,121145450496,0
1791587984.2540493,0.04717901721596718,61583728640,0,61740154880,23278387200,61394685952,61394690560,534507008,0,174595649536,121145450496,0
1791587984.4504974,0.04354879632592201,61583728640,0,61740154880,23278387200,61394685952,61394690560,534507008,0,174595739648,121145450496,0
1791587984.6483243,0.04129589535295963,61583728640,0,61740154880,23278387200,61394685952,61394690560,534507008,0,174595842048,121145450496,0
1791587984.8475144,0.040404727682471275,61583728640,0,61740154880,23278387200,61394685952,61394690560,534507008,0,174595661824,121145450496,0
1791587985.0509062,0.04368424601852894,61583728640,0,61740154880,23278387200,61394685952,61394690560,534507008,0,174595756032,121145450496,0
1791587985.2507675,0.04346549138426781,61583728640,0,61740154880,23278387200,61394685952,61394690560,534507008,0,174595854336,121145450496,0
1791587985.4543562,0.04696838930249214,61583728640,0,61740154880,23278387200,61394685952,61394690560,534507008,0,174595686400,121145450496,0
1791587985.6527247,0.04525570571422577,61604085760,0,64411926528,20606615552,61394685952,61394690560,3226635776,0,174615490560,121145442304,0
1791587985.8516793,0.0441287886351347,61604720640,0,65485668352,19532873728,61394685952,61394690560,4301012480,0,174616113152,121145442304,0
1791587986.0533555,0.04572380892932415,61604720640,0,65485668352,19532873728,61394685952,61394690560,4301012480,0,174616211456,121145442304,0
1791587986.2492485,0.041534796357154846,61604724736,0,65485668352,19532873728,61394685952,61394690560,4301016576,0,174616305664,121145442304,0
1791587986.4480104,0.0402161069214344,61604724736,0,65485668352,19532873728,61394685952,61394690560,4301016576,0,174615891968,121145442304,0
1791587986.6483605,0.0404859222471714,61604737024,0,65485668352,19532873728,61394685952,61394690560,4301028864,0,174615752704,121145438208,0
1791587986.8524683,0.044502781704068184,61604737024,0,65485668352,19532873728,61394685952,61394690560,4301028864,0,174615535616,121145438208,0
1791587987.0405107,0.03248201124370098,61604737024,0,65485668352,19532873728,61394685952,61394690560,4301028864,0,174615576576,121145438208,0
1791587987.2485292,0.04042530991137028,61604864000,0,65485668352,19532873728,61394685952,61394690560,4301155840,0,174615961600,121145434112,0
1791587987.4512017,0.04298906587064266,61604864000,0,65485668352,19532873728,61394685952,61394690560,4301155840,0,174615793664,121145434112,0
1791587987.6492617,0.04096796549856663,61604864000,0,65485668352,19532873728,61394685952,61394690560,4301155840,0,174615752704,121145434112,0
1791587987.8506854,0.04230966418981552,61604872192,0,65485668352,19532873728,61394685952,61394690560,4301164032,0,174615601152,121145434112,0
1791587988.049862,0.04140651598572731,61604872192,0,65485668352,19532873728,61394685952,61394690560,4301164032,0,174615425024,121145434112,0
1791587988.2490127,0.040478842332959175,61604872192,0,65485668352,19532873728,61394685952,61394690560,4301164032,0,174615392256,121145434112,0
1791587988.4524543,0.04383939318358898,61604872192,0,65485668352,19532873728,61394685952,61394690560,4301164032,0,174615494656,121145434112,0
1791587988.6522315,0.04353499226272106,61604872192,0,64411926528,20606615552,61394685952,61394690560,3227422208,0,174615597056,121145434112,0
1791587988.8563673,0.04759223945438862,61604872192,0,65485668352,19532873728,61394685952,61394690560,4301164032,0,174615957504,121145434112,0
1791587989.0516398,0.042783329263329506,61604872192,0,65485668352,19532873728,61394685952,61394690560,4301164032,0,174615818240,121145434112,0
1791587989.2489882,0.04005039855837822,61604872192,0,65485668352,19532873728,61394685952,61394690560,4301164032,0,174615891968,121145434112,0
1791587989.4487872,0.03976748511195183,61604872192,0,65485668352,19532873728,61394685952,61394690560,4301164032,0,174615928832,121145434112,0
1791587989.6530724,0.04397057555615902,61604872192,0,65485668352,19532873728,61394685952,61394690560,4301164032,0,174615748608,121145434112,0
1791587989.856941,0.047723639756441116,61604872192,0,65485668352,19532873728,61394685952,61394690560,4301164032,0,174616100864,121145430016,0
1791587990.0571046,0.047807615250349045,61604872192,0,65217232896,19801309184,61394685952,61394690560,4032728576,0,174616449024,121145430016,0
1791587990.251055,0.04167516715824604,61604872192,0,65485668352,19532873728,61394685952,61394690560,4301164032,0,174615605248,121145430016,0
1791587990.4552631,0.045800572261214256,61604872192,0,65485668352,19532873728,61394685952,61394690560,4301164032,0,174615703552,121145430016,0
1791587990.6549978,0.04545339569449425,61604872192,0,65485668352,19532873728,61394685952,61394690560,4301164032,0,174615797760,121145430016,0
1791587990.8532572,0.04363368824124336,61604872192,0,65485668352,19532873728,61394685952,61394690560,4301164032,0,174615887872,121145430016,0
1791587991.0539145,0.044210171326994896,61604872192,0,65485668352,19532873728,61394685952,61394690560,4301164032,0,174615973888,121145430016,0
1791587991.2544906,0.04470217600464821,61604872192,0,65485668352,19532873728,61394685952,61394690560,4301164032,0,174615797760,121145430016,0
1791587991.4557707,0.04590162821114063,61604872192,0,65485668352,19532873728,61394685952,61394690560,4301164032,0,174615875584,121145430016,0
1791587991.6554427,0.045494092628359795,61604872192,0,65485668352,19532873728,61394685952,61394690560,4301164032,0,174615953408,121145430016,0
1791587991.853533,0.04350295290350914,61604872192,0,65485668352,19532873728,61394685952,61394690560,4301164032,0,174615769088,121145430016,0
1791587992.054463,0.044351208955049515,61604872192,0,65485668352,19532873728,61394685952,61394690560,4301164032,0,174615846912,121145430016,0
1791587992.2543354,0.04414084367454052,61604872192,0,65485668352,19532873728,61394685952,61394690560,4301164032,0,174616145920,121145430016,0
1791587992.4539766,0.043701257556676865,61604872192,0,65485668352,19532873728,61394685952,61394690560,4301164032,0,174615977984,121145430016,0
1791587992.6551087,0.044753359630703926,61604872192,0,65485668352,19532873728,61394685952,61394690560,4301164032,0,174616076288,121145430016,0
1791587992.8540618,0.0436262171715498,61604872192,0,65485668352,19532873728,61394685952,61394690560,4301164032,0,174615904256,121145425920,0
1791587993.054716,0.04420202039182186,61604872192,0,64411926528,20606615552,61394685952,61394690560,3227422208,0,174615998464,121145425920,0
1791587993.2560077,0.04541364498436451,61604872192,0,65485668352,19532873728,61394685952,61394690560,4301164032,0,174616092672,121145425920,0
1791587993.4549944,0.044320087879896164,61604872192,0,65485668352,19532873728,61394685952,61394690560,4301164032,0,174616182784,121145425920,0
1791587993.6552265,0.04447288438677788,61604872192,0,65485668352,19532873728,61394685952,61394690560,4301164032,0,174616276992,121145425920,0
1791587993.8556297,0.044796738773584366,61604872192,0,65485668352,19532873728,61394685952,61394690560,4301164032,0,174616104960,121145425920,0
1791587994.0544388,0.043526673689484596,61604872192,0,65485668352,19532873728,61394685952,61394690560,4301164032,0,174615916544,121145425920,0
1791587994.2551107,0.044118404388427734,61604872192,0,65485668352,19532873728,61394685952,61394690560,4301164032,0,174615736320,121145425920,0
1791587994.4569764,0.04590388387441635,61604872192,0,65485668352,19532873728,61394685952,61394690560,4301164032,0,174616096768,121145425920,0
1791587994.6577177,0.046561576426029205,61604872192,0,65485668352,19532873728,61394685952,61394690560,4301164032,0,174616203264,121145425920,0
1791587994.855059,0.04380803927779198,61604872192,0,65485668352,19532873728,61394685952,61394690560,4301164032,0,174616268800,121145585664,0
1791587995.0510092,0.03967605531215668,61604872192,0,65485668352,19532873728,61394685952,61394690560,4301164032,0,174616358912,121145585664,0
1791587995.2503736,0.03896083123981953,61604872192,0,65485668352,19532873728,61394685952,61394690560,4301164032,0,174616186880,121145585664,0
1791587995.4503806,0.03888706676661968,61604872192,0,65485668352,19532873728,61394685952,61394690560,4301164032,0,174616281088,121145585664,0
1791587995.6504257,0.03885076567530632,61604872192,0,65485668352,19532873728,61394685952,61394690560,4301164032,0,174616371200,121145421824,0
1791587995.8507347,0.03907870128750801,61604872192,0,65485668352,19532873728,61394685952,61394690560,4301164032,0,174616461312,121145421824,0
1791587996.0510678,0.03933200612664223,61604872192,0,64411926528,20606615552,61394685952,61394690560,3227422208,0,174616285184,121145421824,0
1791587996.2507732,0.03895581141114235,61604872192,0,65485668352,19532873728,61394685952,61394690560,4301164032,0,174616379392,121145421824,0
1791587996.454154,0.04225575365126133,61604872192,0,65485668352,19532873728,61394685952,61394690560,4301164032,0,174616420352,121145421824,0
1791587996.654809,0.04282907396554947,61604872192,0,65485668352,19532873728,61394685952,61394690560,4301164032,0,174616244224,121145421824,0
1791587996.8530557,0.04099510982632637,61604872192,0,65485668352,19532873728,61394685952,61394690560,4301164032,0,174616190976,121145421824,0
1791587997.0550308,0.04288864694535732,61604876288,0,65485668352,19532873728,61394685952,61394690560,4301168128,0,174616285184,121145421824,0
1791587997.2524726,0.04024823568761349,61604876288,0,65485668352,19532873728,61394685952,61394690560,4301168128,0,174616113152,121145421824,0
1791587997.4561834,0.04387744702398777,61604876288,0,65217232896,19801309184,61394685952,61394690560,4032732672,0,174616068096,121145421824,0
1791587997.6559215,0.04353427514433861,61604876288,0,65485668352,19532873728,61394685952,61394690560,4301168128,0,174615478272,121145421824,0
1791587997.8600376,0.04756799340248108,61604876288,0,65485668352,19532873728,61394685952,61394690560,4301168128,0,174615834624,121145421824,0
1791587998.0592244,0.04667451232671738,61604876288,0,65485668352,19532873728,61394685952,61394690560,4301168128,0,174615920640,121145417728,0
1791587998.259392,0.046752097085118294,61604876288,0,65485668352,19532873728,61394685952,61394690560,4301168128,0,174615547904,121145417728,0
1791587998.4579687,0.04524739645421505,61604876288,0,65485668352,19532873728,61394685952,61394690560,4301168128,0,174615306240,121145417728,0
1791587998.645233,0.03244862146675587,61604876288,0,65485668352,19532873728,61394685952,61394690560,4301168128,0,174615379968,121145417728,0
1791587998.844365,0.031519124284386635,61604876288,0,65485668352,19532873728,61394685952,61394690560,4301168128,0,174615474176,121145417728,0
1791587999.0415072,0.028600800782442093,61604876288,0,64411926528,20606615552,61394685952,61394690560,3227426304,0,174615515136,121145417728,0
1791587999.2429242,0.029953278601169586,61604876288,0,65485668352,19532873728,61394685952,61394690560,4301168128,0,174615498752,121145417728,0
1791587999.4413323,0.028300290927290916,61604876288,0,65485668352,19532873728,61394685952,61394690560,4301168128,0,174615326720,121145417728,0
1791587999.6402316,0.02713879570364952,61604876288,0,65485668352,19532873728,61394685952,61394690560,4301168128,0,174615416832,121145417728,0
1791587999.8396235,0.026469767093658447,61604876288,0,65485668352,19532873728,61394685952,61394690560,4301168128,0,174615764992,121145417728,0
1791588000.053061,0.039829321205616,61604876288,0,65485668352,19532873728,61394685952,61394690560,4301168128,0,174615789568,121145417728,0
1791588000.2534413,0.04011656902730465,61604876288,0,65485668352,19532873728,61394685952,61394690560,4301168128,0,174615379968,121145417728,0
1791588000.4548118,0.04140659235417843,61604876288,0,64411926528,20606615552,61394685952,61394690560,3227426304,0,174615474176,121145417728,0
1791588000.6554854,0.041999027132987976,61604876288,0,65485668352,19532873728,61394685952,61394690560,4301168128,0,174615560192,121145417728,0
1791588000.8555553,0.04198814369738102,61604876288,0,65485668352,19532873728,61394685952,61394690560,4301168128,0,174615109632,121145417728,0
1791588001.0561278,0.04247932881116867,61604876288,0,65485668352,19532873728,61394685952,61394690560,4301168128,0,174615199744,121145413632,0
1791588001.2552433,0.04151504673063755,61604876288,0,65485668352,19532873728,61394685952,61394690560,4301168128,0,174615273472,121145413632,0
1791588001.4556396,0.04182830825448036,61604876288,0,65485668352,19532873728,61394685952,61394690560,4301168128,0,174615093248,121145413632,0
1791588001.6550887,0.041195616126060486,61604876288,0,65485668352,19532873728,61394685952,61394690560,4301168128,0,174615179264,121145413632,0
1791588001.8565226,0.042548879981040955,61604876288,0,65485668352,19532873728,61394685952,61394690560,4301168128,0,174615265280,121145413632,0
1791588002.055637,0.041580114513635635,61604876288,0,65485668352,19532873728,61394685952,61394690560,4301168128,0,174615359488,121145413632,0
1791588002.2542934,0.04015437141060829,61604876288,0,65485668352,19532873728,61394685952,61394690560,4301168128,0,174615539712,121145413632,0
1791588002.454998,0.0407781433314085,61604876288,0,65485668352,19532873728,61394685952,61394690560,4301168128,0,174615633920,121145413632,0
1791588002.6544683,0.04016492888331413,61604876288,0,65485668352,19532873728,61394685952,61394690560,4301168128,0,174615330816,121145413632,0
1791588002.854367,0.03998295217752457,61604876288,0,65485668352,19532873728,61394685952,61394690560,4301168128,0,174615396352,121145413632,0
1791588003.0587907,0.04432577081024647,61604876288,0,65485668352,19532873728,61394685952,61394690560,4301168128,0,174615105536,121145409536,0
1791588003.258444,0.043897682800889015,61604876288,0,65485668352,19532873728,61394685952,61394690560,4301168128,0,174614822912,121145409536,0
1791588003.4578493,0.04322177171707153,61604876288,0,64411926528,20606615552,61394685952,61394690560,3227426304,0,174614892544,121145409536,0
1791588003.6571915,0.04248040355741978,61604876288,0,65485668352,19532873728,61394685952,61394690560,4301168128,0,174614974464,121145409536,0
1791588003.8596315,0.04484071955084801,61604876288,0,65485668352,19532873728,61394685952,61394690560,4301168128,0,174615060480,121145409536,0
1791588004.0597353,0.04486316815018654,61604876288,0,65485668352,19532873728,61394685952,61394690560,4301168128,0,174615404544,121145409536,0
1791588004.2559543,0.04100240208208561,61604876288,0,65485668352,19532873728,61394685952,61394690560,4301168128,0,174615404544,121145409536,0
1791588004.4584224,0.04338128864765167,61604876288,0,65485668352,19532873728,61394685952,61394690560,4301168128,0,174615416832,121145409536,0
1791588004.6588414,0.04371918737888336,61604876288,0,65485668352,19532873728,61394685952,61394690560,4301168128,0,174615228416,121145409536,0
1791588004.8626583,0.047458428889513016,61604876288,0,65217232896,19801309184,61394685952,61394690560,4032732672,0,174614986752,121145409536,0
1791588005.0623815,0.04710173420608044,61604876288,0,65485668352,19532873728,61394685952,61394690560,4301168128,0,174615343104,121145409536,0
1791588005.2493582,0.034004807472229004,61604876288,0,65485668352,19532873728,61394685952,61394690560,4301168128,0,174615367680,121145409536,0
1791588005.4584932,0.04307606816291809,61604876288,0,65485668352,19532873728,61394685952,61394690560,4301168128,0,174615359488,121145409536,0
1791588005.6594164,0.04391991160809994,61604876288,0,65485668352,19532873728,61394685952,61394690560,4301168128,0,174615715840,121145409536,0
1791588005.859816,0.04424048401415348,61604876288,0,65485668352,19532873728,61394685952,61394690560,4301168128,0,174615539712,121145409536,0
1791588006.0625572,0.04690207354724407,61604876288,0,65485668352,19532873728,61394685952,61394690560,4301168128,0,174615629824,121145405440,0
1791588006.2595618,0.04382648132741451,61604876288,0,65485668352,19532873728,61394685952,61394690560,4301168128,0,174615715840,121145405440,0
1791588006.462327,0.046511925756931305,61604876288,0,64411926528,20606615552,61394685952,61394690560,3227426304,0,174615486464,121145405440,0
1791588006.66213,0.04623373597860336,61604876288,0,65485668352,19532873728,61394685952,61394690560,4301168128,0,174615560192,121145405440,0
1791588006.8608277,0.044846924021840096,61604876288,0,65485668352,19532873728,61394685952,61394690560,4301168128,0,174615908352,121145405440,0
1791588007.061218,0.04515658877789974,61604876288,0,65485668352,19532873728,61394685952,61394690560,4301168128,0,174615625728,121145405440,0
1791588007.261424,0.0452819112688303,61604876288,0,65485668352,19532873728,61394685952,61394690560,4301168128,0,174616076288,121145405440,0
1791588007.460844,0.04462083615362644,61604876288,0,65485668352,19532873728,61394685952,61394690560,4301168128,0,174616170496,121145405440,0
1791588007.6595683,0.04326581954956055,61604876288,0,65485668352,19532873728,61394685952,61394690560,4301168128,0,174616264704,121145405440,0
1791588007.864068,0.047684941440820694,61604876288,0,64411926528,20606615552,61394685952,61394690560,3227426304,0,174615982080,121145405440,0
1791588008.0626092,0.04614618048071861,61604876288,0,65485668352,19532873728,61394685952,61394690560,4301168128,0,174616076288,121145401344,0
1791588008.259734,0.043181415647268295,61604876288,0,65485668352,19532873728,61394685952,61394690560,4301168128,0,174615891968,121145401344,0
1791588008.4571958,0.04056401923298836,61604876288,0,65485668352,19532873728,61394685952,61394690560,4301168128,0,174615523328,121145401344,0
1791588008.6636631,0.04695028066635132,61604876288,0,65485668352,19532873728,61394685952,61394690560,4301168128,0,174615621632,121145401344,0
1791588008.8645043,0.047711675986647606,61604876288,0,65485668352,19532873728,61394685952,61394690560,4301168128,0,174615674880,121145401344,0
1791588009.0606775,0.04380437359213829,61604876288,0,65485668352,19532873728,61394685952,61394690560,4301168128,0,174615760896,121145401344,0
1791588009.263675,0.046723268926143646,61604876288,0,65485668352,19532873728,61394685952,61394690560,4301168128,0,174615842816,121145401344,0
1791588009.4654171,0.048381345346570015,61604876288,0,65485668352,19532873728,61394685952,61394690560,4301168128,0,174615859200,121145401344,0
1791588009.6606073,0.043500473722815514,61604876288,0,65485668352,19532873728,61394685952,61394690560,4301168128,0,174615838720,121145401344,0
1791588009.863632,0.04641391336917877,61604876288,0,65485668352,19532873728,61394685952,61394690560,4301168128,0,174615916544,121145401344,0
1791588010.0642688,0.046971628442406654,61604876288,0,65485668352,19532873728,61394685952,61394690560,4301168128,0,174615969792,121145401344,0
1791588010.2624662,0.04509056359529495,61604880384,0,65485668352,19532873728,61394685952,61394690560,4301172224,0,174616035328,121145401344,0
1791588010.4619982,0.04454384930431843,61604880384,0,65485668352,19532873728,61394685952,61394690560,4301172224,0,174616125440,121145401344,0
1791588010.663832,0.046296317130327225,61604880384,0,65485668352,19532873728,61394685952,61394690560,4301172224,0,174615212032,121145401344,0
1791588010.8639414,0.04633539728820324,61604880384,0,64411926528,20606615552,61394685952,61394690560,3227430400,0,174615719936,121145401344,0
1791588011.0630891,0.04540066793560982,61604880384,0,65485668352,19532873728,61394685952,61394690560,4301172224,0,174615527424,121145401344,0
1791588011.2651484,0.047377316281199455,61604880384,0,65485668352,19532873728,61394685952,61394690560,4301172224,0,174615494656,121145397248,0
1791588011.4637449,0.045892657712101936,61604880384,0,65485668352,19532873728,61394685952,61394690560,4301172224,0,174615584768,121145397248,0
1791588011.6624804,0.044548144564032555,61604880384,0,65485668352,19532873728,61394685952,61394690560,4301172224,0,174615678976,121145397248,0
1791588011.8637004,0.045686619356274605,61604880384,0,65485668352,19532873728,61394685952,61394690560,4301172224,0,174615552000,121145397248,0
1791588012.0642676,0.046174414455890656,61604880384,0,65485668352,19532873728,61394685952,61394690560,4301172224,0,174616145920,121145397248,0
1791588012.2610817,0.04290872812271118,61604880384,0,65485668352,19532873728,61394685952,61394690560,4301172224,0,174615887872,121145393152,0
1791588012.4648402,0.04658910445868969,61604880384,0,65485668352,19532873728,61394685952,61394690560,4301172224,0,174615973888,121145393152,0
1791588012.6658463,0.047513751313090324,61604892672,0,65485668352,19532873728,61394685952,61394690560,4301184512,0,174616051712,121145393152,0
1791588012.86366,0.04524265229701996,61604892672,0,65485668352,19532873728,61394685952,61394690560,4301184512,0,174615851008,121145393152,0
1791588013.0636244,0.045129574835300446,61604892672,0,65485668352,19532873728,61394685952,61394690560,4301184512,0,174615945216,121145393152,0
1791588013.266034,0.04745651222765446,61604892672,0,65485668352,19532873728,61394685952,61394690560,4301184512,0,174615949312,121145393152,0
1791588013.4651377,0.046471305191516876,61604892672,0,65485668352,19532873728,61394685952,61394690560,4301184512,0,174616035328,121145393152,0
1791588013.6648026,0.04605094529688358,61604892672,0,65485668352,19532873728,61394685952,61394690560,4301184512,0,174616092672,121145393152,0
1791588013.8650613,0.046225233003497124,61604892672,0,64411926528,20606615552,61394685952,61394690560,3227442688,0,174616010752,121145393152,0
1791588014.063977,0.04505768418312073,61604892672,0,65485668352,19532873728,61394685952,61394690560,4301184512,0,174615760896,121145393152,0
1791588014.2655063,0.04650944098830223,61604892672,0,65485668352,19532873728,61394685952,61394690560,4301184512,0,174616383488,121145389056,0
1791588014.4656672,0.04658628813922405,61604892672,0,65485668352,19532873728,61394685952,61394690560,4301184512,0,174616465408,121145389056,0
1791588014.6634881,0.044325556606054306,61604892672,0,65485668352,19532873728,61394685952,61394690560,4301184512,0,174617083904,121145389056,0
1791588014.8563318,0.037086592987179756,61604892672,0,65485668352,19532873728,61394685952,61394690560,4301184512,0,174616371200,121145389056,0
1791588015.0663471,0.04701807722449303,61604892672,0,65485668352,19532873728,61394685952,61394690560,4301184512,0,174616178688,121145389056,0
1791588015.267222,0.04781149700284004,61604892672,0,65217232896,19801309184,61394685952,61394690560,4032749056,0,174616539136,121145389056,0
1791588015.4642234,0.04473280534148216,61604892672,0,65485668352,19532873728,61394685952,61394690560,4301184512,0,174616633344,121145389056,0
1791588015.6618688,0.042299117892980576,61604892672,0,65485668352,19532873728,61394685952,61394690560,4301184512,0,174616727552,121145389056,0
1791588015.8619156,0.04226619377732277,61604892672,0,65485668352,19532873728,61394685952,61394690560,4301184512,0,174616813568,121145389056,0
1791588016.0662057,0.0464720968157053,61604892672,0,65485668352,19532873728,61394685952,61394690560,4301184512,0,174616682496,121145389056,0
1791588016.2672515,0.047439295798540115,61604892672,0,65485668352,19532873728,61394685952,61394690560,4301184512,0,174617022464,121145384960,0
1791588016.4668484,0.04694125987589359,61604892672,0,65485668352,19532873728,61394685952,61394690560,4301184512,0,174616850432,121145384960,0
1791588016.6657238,0.04573826119303703,61604892672,0,65485668352,19532873728,61394685952,61394690560,4301184512,0,174616866816,121145384960,0
1791588016.8826637,0.06259721517562866,61604892672,0,64411926528,20606615552,61394685952,61394690560,3227442688,0,174616039424,121145384960,0
1791588017.0659277,0.04577315226197243,61604892672,0,65485668352,19532873728,61394685952,61394690560,4301184512,0,174617501696,121145384960,0
1791588017.2645245,0.0442887507379055,61604892672,0,65485668352,19532873728,61394685952,61394690560,4301184512,0,174615842816,121145384960,0
1791588017.4698834,0.049552325159311295,61604892672,0,65485668352,19532873728,61394685952,61394690560,4301184512,0,174616043520,121145384960,0
1791588017.668496,0.04807850159704685,61604892672,0,65485668352,19532873728,61394685952,61394690560,4301184512,0,174615797760,121145384960,0
1791588017.8721738,0.051670439541339874,61604892672,0,65485668352,19532873728,61394685952,61394690560,4301184512,0,174615244800,121145384960,0
1791588018.06768,0.04708358272910118,61604892672,0,65485668352,19532873728,61394685952,61394690560,4301184512,0,174615240704,121145384960,0
1791588018.2673235,0.04662584513425827,61604892672,0,64411926528,20606615552,61394685952,61394690560,3227442688,0,174615330816,121145384960,0
1791588018.4675617,0.046769360080361366,61604892672,0,65485668352,19532873728,61394685952,61394690560,4301184512,0,174615334912,121145384960,0
1791588018.667067,0.04618651978671551,61604892672,0,65485668352,19532873728,61394685952,61394690560,4301184512,0,174615666688,121145384960,0
1791588018.8852327,0.06426811777055264,61604892672,0,65485668352,19532873728,61394685952,61394690560,4301184512,0,174614790144,121145384960,0
1791588019.055249,0.03421754017472267,61604892672,0,65485668352,19532873728,61394685952,61394690560,4301184512,0,174615056384,121145384960,0
1791588019.2526476,0.03155325911939144,61604892672,0,65485668352,19532873728,61394685952,61394690560,4301184512,0,174615072768,121145384960,0
1791588019.45249,0.031328845769166946,61604892672,0,65485668352,19532873728,61394685952,61394690560,4301184512,0,174615179264,121145380864,0
1791588019.6590862,0.03785022906959057,61604892672,0,65485668352,19532873728,61394685952,61394690560,4301184512,0,174615261184,121145380864,0
1791588019.8730505,0.0517241396009922,61604892672,0,65485668352,19532873728,61394685952,61394690560,4301184512,0,174615035904,121145380864,0
1791588020.068162,0.04674495570361614,61604892672,0,65485668352,19532873728,61394685952,61394690560,4301184512,0,174615347200,121145380864,0
1791588020.2582436,0.03675713203847408,61604892672,0,65485668352,19532873728,61394685952,61394690560,4301184512,0,174615351296,121145380864,0
1791588020.4562526,0.034699685871601105,61604892672,0,65485668352,19532873728,61394685952,61394690560,4301184512,0,174615437312,121145380864,0
1791588020.6540835,0.032462041825056076,61604892672,0,65485668352,19532873728,61394685952,61394690560,4301184512,0,174615535616,121145380864,0
1791588020.8540015,0.032316768541932106,61604892672,0,65485668352,19532873728,61394685952,61394690560,4301184512,0,174615629824,121145380864,0
1791588021.0603456,0.03857762739062309,61604892672,0,65485668352,19532873728,61394685952,61394690560,4301184512,0,174615318528,121145380864,0
1791588021.2711513,0.049277713522315025,61604892672,0,64411926528,20606615552,61394685952,61394690560,3227442688,0,174615425024,121145380864,0
1791588021.4700696,0.0481173824518919,61604892672,0,65485668352,19532873728,61394685952,61394690560,4301184512,0,174615486464,121145380864,0
1791588021.6669583,0.04490704834461212,61604892672,0,65485668352,19532873728,61394685952,61394690560,4301184512,0,174615498752,121145380864,0
1791588021.869753,0.04759901762008667,61604892672,0,65485668352,19532873728,61394685952,61394690560,4301184512,0,174615363584,121145380864,0
1791588022.069074,0.04683605395257473,61604892672,0,65485668352,19532873728,61394685952,61394690560,4301184512,0,174623408128,121145380864,0
1791588022.2575662,0.035260995849967,61604892672,0,65485668352,19532873728,61394685952,61394690560,4301184512,0,174615490560,121145380864,0
1791588022.4616194,0.03924735262989998,61604892672,0,65485668352,19532873728,61394685952,61394690560,4301184512,0,174615584768,121145376768,0
1791588022.6675375,0.04508502036333084,61604892672,0,65485668352,19532873728,61394685952,61394690560,4301184512,0,174615506944,121145376768,0
1791588022.8661351,0.0436189491301775,61604892672,0,65485668352,19532873728,61394685952,61394690560,4301184512,0,174615289856,121145376768,0
1791588023.063206,0.040601687505841255,61604892672,0,65485668352,19532873728,61394685952,61394690560,4301184512,0,174615293952,121145376768,0
1791588023.2706172,0.04792819917201996,61604892672,0,65485668352,19532873728,61394685952,61394690560,4301184512,0,174615220224,121145376768,0
1791588023.467063,0.044293344020843506,61604892672,0,65485668352,19532873728,61394685952,61394690560,4301184512,0,174615040000,121145376768,0
1791588023.6703532,0.04748568870127201,61604892672,0,65485668352,19532873728,61394685952,61394690560,4301184512,0,174615097344,121145376768,0
1791588023.8693414,0.04637608490884304,61604892672,0,65485668352,19532873728,61394685952,61394690560,4301184512,0,174615015424,121145376768,0
1791588024.0701528,0.04708150401711464,61604892672,0,65485668352,19532873728,61394685952,61394690560,4301184512,0,174614945792,121145376768,0
1791588024.2624176,0.03926622495055199,61604892672,0,64411926528,20606615552,61394685952,61394690560,3227442688,0,174615298048,121145376768,0
1791588024.4626853,0.0394760686904192,61604892672,0,65485668352,19532873728,61394685952,61394690560,4301184512,0,174615343104,121145372672,0
1791588024.659673,0.036379119381308556,61604892672,0,65485668352,19532873728,61394685952,61394690560,4301184512,0,174615187456,121145372672,0
1791588024.8634467,0.04007205180823803,61604892672,0,65485668352,19532873728,61394685952,61394690560,4301184512,0,174615109632,121145372672,0
1791588025.0618393,0.0383810568600893,61604892672,0,65485668352,19532873728,61394685952,61394690560,4301184512,0,174615097344,121145372672,0
1791588025.2609692,0.03743002191185951,61604892672,0,65485668352,19532873728,61394685952,61394690560,4301184512,0,174615138304,121145372672,0
1791588025.4615238,0.037905020639300346,61604892672,0,65485668352,19532873728,61394685952,61394690560,4301184512,0,174614953984,121145372672,0
1791588025.6625578,0.038855329155921936,61604892672,0,65217232896,19801309184,61394685952,61394690560,4032749056,0,174614904832,121145372672,0
1791588025.8648086,0.041030220687389374,61604892672,0,65485668352,19532873728,61394685952,61394690560,4301184512,0,174615121920,121145372672,0
1791588026.0732298,0.049364687874913216,61604892672,0,65485668352,19532873728,61394685952,61394690560,4301184512,0,174615207936,121145372672,0
1791588026.2698097,0.04586166515946388,61604892672,0,65485668352,19532873728,61394685952,61394690560,4301184512,0,174615003136,121145372672,0
1791588026.4717214,0.04766901396214962,61604892672,0,65485668352,19532873728,61394685952,61394690560,4301184512,0,174614851584,121145372672,0
1791588026.6662989,0.0421465951949358,61604892672,0,65485668352,19532873728,61394685952,61394690560,4301184512,0,174614867968,121145372672,0
1791588026.8733063,0.04907449893653393,61604892672,0,65485668352,19532873728,61394685952,61394690560,4301184512,0,174614757376,121145372672,0
1791588027.065218,0.040895383805036545,61604892672,0,65485668352,19532873728,61394685952,61394690560,4301184512,0,174617190400,121145372672,0
1791588027.2747867,0.05037173442542553,61604892672,0,65485668352,19532873728,61394685952,61394690560,4301184512,0,174614941696,121145372672,0
1791588027.4725852,0.048085497692227364,61604892672,0,65485668352,19532873728,61394685952,61394690560,4301184512,0,174615068672,121145368576,0
1791588027.669123,0.044523462653160095,61604892672,0,65485668352,19532873728,61394685952,61394690560,4301184512,0,174615142400,121145368576,0
1791588027.869225,0.04454219527542591,61604892672,0,65485668352,19532873728,61394685952,61394690560,4301184512,0,174615191552,121145368576,0
1791588028.0712821,0.046517135575413704,61604892672,0,65485668352,19532873728,61394685952,61394690560,4301184512,0,174615183360,121145368576,0
1791588028.2668793,0.04202852211892605,61604892672,0,65485668352,19532873728,61394685952,61394690560,4301184512,0,174615240704,121145368576,0
1791588028.465819,0.040886033326387405,61604892672,0,65485668352,19532873728,61394685952,61394690560,4301184512,0,174615330816,121145368576,0
1791588028.6628501,0.03783881850540638,61604892672,0,64411926528,20606615552,61394685952,61394690560,3227442688,0,174615412736,121145368576,0
1791588028.8663807,0.04129382222890854,61604892672,0,65485668352,19532873728,61394685952,61394690560,4301184512,0,174615388160,121145368576,0
1791588029.0659394,0.04077347368001938,61604892672,0,65485668352,19532873728,61394685952,61394690560,4301184512,0,174615273472,121145368576,0
1791588029.2678595,0.042614856734871864,61604892672,0,65485668352,19532873728,61394685952,61394690560,4301184512,0,174615379968,121145368576,0
1791588029.46485,0.03952608071267605,61604892672,0,65485668352,19532873728,61394685952,61394690560,4301184512,0,174615453696,121145368576,0
1791588029.6690145,0.04360385611653328,61604892672,0,65485668352,19532873728,61394685952,61394690560,4301184512,0,174615429120,121145364480,0
1791588029.8690763,0.04357663728296757,61604892672,0,65485668352,19532873728,61394685952,61394690560,4301184512,0,174615515136,121145364480,0
1791588030.0682619,0.04267174378037453,61604892672,0,65485668352,19532873728,61394685952,61394690560,4301184512,0,174615494656,121145364480,0
1791588030.2746594,0.048979127779603004,61604892672,0,65485668352,19532873728,61394685952,61394690560,4301184512,0,174615592960,121145364480,0
1791588030.4703374,0.04456896893680096,61604892672,0,65485668352,19532873728,61394685952,61394690560,4301184512,0,174615695360,121145364480,0
1791588030.6680877,0.04222569800913334,61604892672,0,65485668352,19532873728,61394685952,61394690560,4301184512,0,174615789568,121145364480,0
1791588030.870767,0.04481407068669796,61604892672,0,65485668352,19532873728,61394685952,61394690560,4301184512,0,174615535616,121145364480,0
1791588031.0688305,0.042787104845047,61604892672,0,65485668352,19532873728,61394685952,61394690560,4301184512,0,174615642112,121145364480,0
1791588031.2729447,0.04680814780294895,61604892672,0,65485668352,19532873728,61394685952,61394690560,4301184512,0,174615736320,121145364480,0
1791588031.475001,0.04876954294741154,61604892672,0,65485668352,19532873728,61394685952,61394690560,4301184512,0,174616055808,121145364480,0
1791588031.6707609,0.04444500058889389,61604892672,0,64411926528,20606615552,61394685952,61394690560,3227442688,0,174615498752,121145364480,0
1791588031.869492,0.0430913008749485,61604892672,0,65485668352,19532873728,61394685952,61394690560,4301184512,0,174615265280,121145364480,0
1791588032.0693042,0.04282069765031338,61604892672,0,65485668352,19532873728,61394685952,61394690560,4301184512,0,174619041792,121145364480,0
1791588032.2676117,0.041045717895030975,61604892672,0,65485668352,19532873728,61394685952,61394690560,4301184512,0,174615293952,121145364480,0
1791588032.469903,0.043249016627669334,61604892672,0,65485668352,19532873728,61394685952,61394690560,4301184512,0,174615011328,121145364480,0
1791588032.6749601,0.0482234675437212,61604892672,0,65485668352,19532873728,61394685952,61394690560,4301184512,0,174614880256,121145360384,0
1791588032.8747294,0.047905333340168,61604892672,0,65485668352,19532873728,61394685952,61394690560,4301184512,0,174615060480,121145360384,0
1791588033.0751173,0.04821440763771534,61604892672,0,65217232896,19801309184,61394685952,61394690560,4032749056,0,174615400448,121145360384,0
1791588033.2638113,0.0368183720856905,61604892672,0,65485668352,19532873728,61394685952,61394690560,4301184512,0,174615752704,121145360384,0
1791588033.4598355,0.03276558592915535,61604892672,0,65485668352,19532873728,61394685952,61394690560,4301184512,0,174614650880,121145679872,0
1791588033.6659148,0.03876331262290478,61604892672,0,65485668352,19532873728,61394685952,61394690560,4301184512,0,174615011328,121145679872,0
1791588033.8745782,0.04733753390610218,61604892672,0,65485668352,19532873728,61394685952,61394690560,4301184512,0,174615044096,121145679872,0
1791588034.072279,0.0449509359896183,61604892672,0,65485668352,19532873728,61394685952,61394690560,4301184512,0,174615154688,121145679872,0
1791588034.2753682,0.047940533608198166,61604892672,0,65485668352,19532873728,61394685952,61394690560,4301184512,0,174615216128,121145679872,0
1791588034.4688115,0.04130595549941063,61604892672,0,65485668352,19532873728,61394685952,61394690560,4301184512,0,174615040000,121145679872,0
1791588034.665208,0.03761063143610954,61604892672,0,64411926528,20606615552,61394685952,61394690560,3227442688,0,174615609344,121145679872,0
1791588034.87107,0.04340876452624798,61604892672,0,65485668352,19532873728,61394685952,61394690560,4301184512,0,174615744512,121145679872,0
1791588035.0733507,0.04561172239482403,61604892672,0,65485668352,19532873728,61394685952,61394690560,4301184512,0,174615818240,121145679872,0
1791588035.2732418,0.0454302579164505,61604892672,0,65485668352,19532873728,61394685952,61394690560,4301184512,0,174615588864,121145679872,0
1791588035.467015,0.03913128562271595,61604892672,0,65485668352,19532873728,61394685952,61394690560,4301184512,0,174615482368,121145679872,0
1791588035.6717863,0.04382791556417942,61604892672,0,65485668352,19532873728,61394685952,61394690560,4301184512,0,174615605248,121145675776,0
1791588035.8647096,0.036673951894044876,61604892672,0,65485668352,19532873728,61394685952,61394690560,4301184512,0,174615572480,121145675776,0
1791588036.0677378,0.03962807171046734,61604892672,0,63606620160,21411921920,61394685952,61394690560,2422136320,0,174615351296,121145675776,0
1791588036.2667212,0.038507357239723206,61604892672,0,65485668352,19532873728,61394685952,61394690560,4301184512,0,174615707648,121145675776,0
1791588036.4663706,0.038079770281910896,61604892672,0,65485668352,19532873728,61394685952,61394690560,4301184512,0,174615539712,121145675776,0
1791588036.671981,0.04361672140657902,61604892672,0,65485668352,19532873728,61394685952,61394690560,4301184512,0,174615588864,121145675776,0
1791588036.874003,0.045553144067525864,61604892672,0,65485668352,19532873728,61394685952,61394690560,4301184512,0,174615384064,121145675776,0
1791588037.07344,0.04489536210894585,61604892672,0,65485668352,19532873728,61394685952,61394690560,4301184512,0,174628253696,121145675776,0
1791588037.2688956,0.040264951065182686,61604892672,0,65485668352,19532873728,61394685952,61394690560,4301184512,0,174615388160,121145671680,0
1791588037.4702895,0.041574519127607346,61604892672,0,65485668352,19532873728,61394685952,61394690560,4301184512,0,174615453696,121145671680,0
1791588037.6714623,0.04266953840851784,61604892672,0,65485668352,19532873728,61394685952,61394690560,4301184512,0,174615457792,121145667584,0
1791588037.8692408,0.04036772809922695,61604892672,0,65485668352,19532873728,61394685952,61394690560,4301184512,0,174615556096,121145667584,0
1791588038.071297,0.04234639182686806,61604892672,0,65485668352,19532873728,61394685952,61394690560,4301184512,0,174615650304,121145667584,0
1791588038.2685866,0.03955939970910549,61604892672,0,65485668352,19532873728,61394685952,61394690560,4301184512,0,174615662592,121145667584,0
1791588038.4746542,0.045546868816018105,61604892672,0,65485668352,19532873728,61394685952,61394690560,4301184512,0,174615674880,121145667584,0
1791588038.6729786,0.04375942051410675,61604892672,0,65485668352,19532873728,61394685952,61394690560,4301184512,0,174615494656,121145667584,0
1791588038.87154,0.042241474613547325,61604892672,0,65485668352,19532873728,61394685952,61394690560,4301184512,0,174615568384,121145667584,0
1791588039.0748174,0.04544309340417385,61604900864,0,64411926528,20606615552,61394685952,61394690560,3227450880,0,174615412736,121145667584,0
1791588039.2708035,0.04135046526789665,61604900864,0,65485668352,19532873728,61394685952,61394690560,4301192704,0,174615732224,121145667584,0
1791588039.4664426,0.03692593239247799,61604900864,0,65485668352,19532873728,61394685952,61394690560,4301192704,0,174615810048,121145667584,0
1791588039.667726,0.03810770809650421,61604900864,0,65485668352,19532873728,61394685952,61394690560,4301192704,0,174615904256,121145667584,0
1791588039.876651,0.04695217125117779,61604900864,0,65485668352,19532873728,61394685952,61394690560,4301192704,0,174615998464,121145667584,0
1791588040.0744274,0.04464871250092983,61604900864,0,65485668352,19532873728,61394685952,61394690560,4301192704,0,174616092672,121145667584,0
1791588040.2745667,0.04470624588429928,61604900864,0,65485668352,19532873728,61394685952,61394690560,4301192704,0,174616186880,121145667584,0
1791588040.477781,0.04784068651497364,61604900864,0,65485668352,19532873728,61394685952,61394690560,4301192704,0,174615977984,121145667584,0
1791588040.6774285,0.04740073159337044,61604900864,0,65485668352,19532873728,61394685952,61394690560,4301192704,0,174616330240,121145655296,0
1791588040.8761384,0.04602936469018459,61604900864,0,65485668352,19532873728,61394685952,61394690560,4301192704,0,174616010752,121145663488,0
1791588041.07412,0.04389150068163872,61604900864,0,65485668352,19532873728,61394685952,61394690560,4301192704,0,174615822336,121145663488,0
1791588041.2732744,0.04296527057886124,61604900864,0,65485668352,19532873728,61394685952,61394690560,4301192704,0,174615830528,121145663488,0
1791588041.4742935,0.04390094242990017,61604900864,0,65485668352,19532873728,61394685952,61394690560,4301192704,0,174615826432,121145663488,0
1791588041.6770723,0.046597693115472794,61604900864,0,65485668352,19532873728,61394685952,61394690560,4301192704,0,174615457792,121145663488,0
1791588041.877011,0.04645604453980923,61604900864,0,65485668352,19532873728,61394685952,61394690560,4301192704,0,174615552000,121145663488,0
1791588042.0752037,0.04456744156777859,61604904960,0,64411926528,20606615552,61394685952,61394690560,3227454976,0,174631608320,121145663488,0
1791588042.2751493,0.044432803988456726,61604904960,0,65485668352,19532873728,61394685952,61394690560,4301196800,0,174616072192,121145663488,0
1791588042.4773965,0.0466022752225399,61604904960,0,65485668352,19532873728,61394685952,61394690560,4301196800,0,174615957504,121145663488,0
1791588042.6767354,0.045858416706323624,61604904960,0,65485668352,19532873728,61394685952,61394690560,4301196800,0,174615969792,121145663488,0
1791588042.8754802,0.04452536627650261,61604904960,0,65485668352,19532873728,61394685952,61394690560,4301196800,0,174616162304,121145663488,0
1791588043.076767,0.04573318362236023,61604904960,0,65485668352,19532873728,61394685952,61394690560,4301196800,0,174616244224,121145663488,0
1791588043.2756982,0.04458232410252094,61604904960,0,65485668352,19532873728,61394685952,61394690560,4301196800,0,174616334336,121145663488,0
1791588043.477216,0.04601880721747875,61604904960,0,65217232896,19801309184,61394685952,61394690560,4032761344,0,174615924736,121145663488,0
1791588043.678606,0.047321030870079994,61604904960,0,65485668352,19532873728,61394685952,61394690560,4301196800,0,174615199744,121145663488,0
1791588043.8782635,0.04689513146877289,61604904960,0,65485668352,19532873728,61394685952,61394690560,4301196800,0,174615535616,121145659392,0
1791588044.074529,0.04307911917567253,61604904960,0,65485668352,19532873728,61394685952,61394690560,4301196800,0,174615584768,121145659392,0
1791588044.2784178,0.04688616842031479,61604904960,0,65485668352,19532873728,61394685952,61394690560,4301196800,0,174615937024,121145659392,0
1791588044.4758759,0.044260965660214424,61604904960,0,65485668352,19532873728,61394685952,61394690560,4301196800,0,174615404544,121145659392,0
1791588044.6783812,0.04668446630239487,61604904960,0,65485668352,19532873728,61394685952,61394690560,4301196800,0,174615232512,121145659392,0
1791588044.8767617,0.04498317651450634,61604904960,0,65485668352,19532873728,61394685952,61394690560,4301196800,0,174615322624,121145659392,0
1791588045.0754805,0.04362017288804054,61604904960,0,64411926528,20606615552,61394685952,61394690560,3227454976,0,174615441408,121145659392,0
1791588045.2754219,0.043479083105921745,61604904960,0,65485668352,19532873728,61394685952,61394690560,4301196800,0,174615257088,121145659392,0
1791588045.4755268,0.043501170352101326,61604904960,0,65485668352,19532873728,61394685952,61394690560,4301196800,0,174615248896,121145659392,0
1791588045.6764162,0.04430731572210789,61604904960,0,65485668352,19532873728,61394685952,61394690560,4301196800,0,174615330816,121145659392,0
1791588045.8769395,0.04471228085458279,61604904960,0,65485668352,19532873728,61394685952,61394690560,4301196800,0,174615199744,121145655296,0
1791588046.0753891,0.04308210499584675,61604904960,0,65485668352,19532873728,61394685952,61394690560,4301196800,0,174615293952,121145655296,0
1791588046.2799547,0.047565286979079247,61604904960,0,65485668352,19532873728,61394685952,61394690560,4301196800,0,174615355392,121145655296,0
1791588046.4793768,0.046909257769584656,61604904960,0,64411926528,20606615552,61394685952,61394690560,3227454976,0,174615588864,121145655296,0
1791588046.6732152,0.040670495480298996,61604904960,0,65485668352,19532873728,61394685952,61394690560,4301196800,0,174615666688,121145655296,0
1791588046.8773978,0.04477403126657009,61604904960,0,65485668352,19532873728,61394685952,61394690560,4301196800,0,174615760896,121145655296,0
1791588047.0766287,0.04392171651124954,61604904960,0,65485668352,19532873728,61394685952,61394690560,4301196800,0,174632120320,121145655296,0
1791588047.2759182,0.043128008022904396,61604904960,0,65485668352,19532873728,61394685952,61394690560,4301196800,0,174616088576,121145655296,0
1791588047.4766269,0.043756453320384026,61604904960,0,65485668352,19532873728,61394685952,61394690560,4301196800,0,174615846912,121145655296,0
1791588047.6798856,0.04693087935447693,61604904960,0,65485668352,19532873728,61394685952,61394690560,4301196800,0,174615818240,121145655296,0
1791588047.8772323,0.04419655166566372,61604904960,0,65485668352,19532873728,61394685952,61394690560,4301196800,0,174616174592,121145655296,0
1791588048.0765092,0.0433902982622385,61604904960,0,65485668352,19532873728,61394685952,61394690560,4301196800,0,174616268800,121145655296,0
1791588048.2811673,0.04796346090734005,61604904960,0,65485668352,19532873728,61394685952,61394690560,4301196800,0,174616354816,121145655296,0
1791588048.4789157,0.04563194699585438,61604904960,0,65485668352,19532873728,61394685952,61394690560,4301196800,0,174616358912,121145655296,0
1791588048.6789343,0.045571399852633476,61604904960,0,65485668352,19532873728,61394685952,61394690560,4301196800,0,174616440832,121145655296,0
1791588048.880662,0.047217246145009995,61604904960,0,65485668352,19532873728,61394685952,61394690560,4301196800,0,174616535040,121145651200,0
1791588049.0794806,0.04595031216740608,61604904960,0,65485668352,19532873728,61394685952,61394690560,4301196800,0,174616539136,121145651200,0
1791588049.2758033,0.042194513604044914,61604904960,0,65485668352,19532873728,61394685952,61394690560,4301196800,0,174616629248,121145651200,0
1791588049.4735503,0.03986269421875477,61604904960,0,64411926528,20606615552,61394685952,61394690560,3227454976,0,174616719360,121145651200,0
1791588049.6735988,0.039832692593336105,61604904960,0,65485668352,19532873728,61394685952,61394690560,4301196800,0,174616522752,121145651200,0
1791588049.8788526,0.04500729590654373,61604904960,0,65485668352,19532873728,61394685952,61394690560,4301196800,0,174616608768,121145651200,0
1791588050.0790114,0.04508158378303051,61604904960,0,65485668352,19532873728,61394685952,61394690560,4301196800,0,174616588288,121145651200,0
1791588050.2776327,0.04362044110894203,61604904960,0,65485668352,19532873728,61394685952,61394690560,4301196800,0,174616010752,121145651200,0
1791588050.4751463,0.04105832800269127,61604904960,0,65485668352,19532873728,61394685952,61394690560,4301196800,0,174616096768,121145651200,0
1791588050.6874275,0.05325639434158802,61604904960,0,65485668352,19532873728,61394685952,61394690560,4301196800,0,174615851008,121145651200,0
1791588050.8936453,0.05939018167555332,61604904960,0,65217232896,19801309184,61394685952,61394690560,4032761344,0,174615797760,121145651200,0
1791588051.0808544,0.04651782847940922,61604904960,0,65485668352,19532873728,61394685952,61394690560,4301196800,0,174615670784,121145651200,0
1791588051.2768085,0.042383039370179176,61604904960,0,65485668352,19532873728,61394685952,61394690560,4301196800,0,174616256512,121145651200,0
1791588051.4780643,0.04355529882013798,61604904960,0,65485668352,19532873728,61394685952,61394690560,4301196800,0,174615740416,121145651200,0
1791588051.6780105,0.04342033341526985,61604904960,0,65485668352,19532873728,61394685952,61394690560,4301196800,0,174615826432,121145651200,0
1791588051.8778489,0.04317752830684185,61604904960,0,65485668352,19532873728,61394685952,61394690560,4301196800,0,174615851008,121145651200,0
1791588052.0812857,0.04652922786772251,61604904960,0,65485668352,19532873728,61394685952,61394690560,4301196800,0,174632230912,121145647104,0
1791588052.2797432,0.04490443505346775,61604904960,0,65485668352,19532873728,61394685952,61394690560,4301196800,0,174616215552,121145647104,0
1791588052.4826944,0.04777705855667591,61604904960,0,64411926528,20606615552,61394685952,61394690560,3227454976,0,174615982080,121145647104,0
1791588052.6795645,0.04456807300448418,61604904960,0,65485668352,19532873728,61394685952,61394690560,4301196800,0,174616608768,121145647104,0
1791588052.8793218,0.044242456555366516,61604904960,0,65485668352,19532873728,61394685952,61394690560,4301196800,0,174616207360,121145647104,0
1791588053.0823581,0.0471942313015461,61604904960,0,65485668352,19532873728,61394685952,61394690560,4301196800,0,174616199168,121145647104,0
1791588053.279635,0.044392457231879234,61604904960,0,65485668352,19532873728,61394685952,61394690560,4301196800,0,174616367104,121145647104,0
1791588053.4797673,0.04444236122071743,61604904960,0,65485668352,19532873728,61394685952,61394690560,4301196800,0,174616207360,121145647104,0
1791588053.6799133,0.04450528509914875,61604904960,0,65485668352,19532873728,61394685952,61394690560,4301196800,0,174616293376,121145647104,0
1791588053.8788948,0.04340490698814392,61604904960,0,65217232896,19801309184,61394685952,61394690560,4032761344,0,174616338432,121145647104,0
1791588054.080332,0.04476006329059601,61604904960,0,65485668352,19532873728,61394685952,61394690560,4301196800,0,174616166400,121145643008,0
1791588054.2809453,0.045292431488633156,61604904960,0,65485668352,19532873728,61394685952,61394690560,4301196800,0,174616256512,121145643008,0
1791588054.4830441,0.04730718210339546,61604904960,0,65485668352,19532873728,61394685952,61394690560,4301196800,0,174616756224,121145643008,0
1791588054.679013,0.04319501481950283,61604904960,0,65485668352,19532873728,61394685952,61394690560,4301196800,0,174617022464,121145643008,0
1791588054.8819818,0.04608564451336861,61604904960,0,65485668352,19532873728,61394685952,61394690560,4301196800,0,174616842240,121145643008,0
1791588055.080916,0.044941190630197525,61604904960,0,65485668352,19532873728,61394685952,61394690560,4301196800,0,174616932352,121145643008,0
1791588055.280514,0.04445608705282211,61604904960,0,65485668352,19532873728,61394685952,61394690560,4301196800,0,174617071616,121145643008,0
1791588055.4794004,0.043260617181658745,61604904960,0,64411926528,20606615552,61394685952,61394690560,3227454976,0,174617112576,121145643008,0
1791588055.6800222,0.04379867948591709,61604904960,0,65485668352,19532873728,61394685952,61394690560,4301196800,0,174617063424,121145643008,0
1791588055.8790529,0.042746324092149734,61604904960,0,65485668352,19532873728,61394685952,61394690560,4301196800,0,174616887296,121145643008,0
1791588056.0808668,0.044481080025434494,61604904960,0,65485668352,19532873728,61394685952,61394690560,4301196800,0,174616932352,121145643008,0
1791588056.2840025,0.047532666474580765,61604904960,0,65485668352,19532873728,61394685952,61394690560,4301196800,0,174616268800,121145643008,0
1791588056.48179,0.04524194449186325,61604904960,0,65485668352,19532873728,61394685952,61394690560,4301196800,0,174616367104,121145643008,0
1791588056.6819718,0.04534331522881985,61604904960,0,65485668352,19532873728,61394685952,61394690560,4301196800,0,174616461312,121145643008,0
1791588056.8822737,0.04556530341506004,61604904960,0,64411926528,20606615552,61394685952,61394690560,3227454976,0,174616711168,121145643008,0
1791588057.0807953,0.0440078005194664,61604904960,0,65485668352,19532873728,61394685952,61394690560,4301196800,0,174633058304,121145638912,0
1791588057.2806864,0.04381792992353439,61604904960,0,65485668352,19532873728,61394685952,61394690560,4301196800,0,174616821760,121145638912,0
1791588057.4795928,0.04264448396861553,61604904960,0,65485668352,19532873728,61394685952,61394690560,4301196800,0,174616477696,121145638912,0
1791588057.681798,0.04477089084684849,61604904960,0,65485668352,19532873728,61394685952,61394690560,4301196800,0,174616571904,121145638912,0
1791588057.8847427,0.047630779445171356,61604904960,0,65485668352,19532873728,61394685952,61394690560,4301196800,0,174616911872,121145638912,0
1791588058.081236,0.04404189996421337,61604904960,0,65485668352,19532873728,61394685952,61394690560,4301196800,0,174616989696,121145638912,0
1791588058.2842352,0.0469578355550766,61604904960,0,65485668352,19532873728,61394685952,61394690560,4301196800,0,174617079808,121145638912,0
1791588058.4829895,0.045632556080818176,61604904960,0,65485668352,19532873728,61394685952,61394690560,4301196800,0,174617104384,121145638912,0
1791588058.6836498,0.0462107565253973,61604904960,0,65485668352,19532873728,61394685952,61394690560,4301196800,0,174617194496,121145638912,0
1791588058.886626,0.04910536669194698,61604904960,0,65485668352,19532873728,61394685952,61394690560,4301196800,0,174616961024,121145753600,0
1791588059.0831685,0.04556974954903126,61604904960,0,65485668352,19532873728,61394685952,61394690560,4301196800,0,174617051136,121145753600,0
1791588059.2825418,0.04486074857413769,61604904960,0,65485668352,19532873728,61394685952,61394690560,4301196800,0,174617190400,121145749504,0
1791588059.4838164,0.04605317674577236,61604904960,0,65485668352,19532873728,61394685952,61394690560,4301196800,0,174617059328,121145749504,0
1791588059.6832733,0.0454254150390625,61604904960,0,65485668352,19532873728,61394685952,61394690560,4301196800,0,174616875008,121145749504,0
1791588059.8828175,0.04488855600357056,61604904960,0,64411926528,20606615552,61394685952,61394690560,3227454976,0,174616969216,121145749504,0
1791588060.0825117,0.04450112022459507,61604904960,0,65485668352,19532873728,61394685952,61394690560,4301196800,0,174617059328,121145749504,0
1791588060.282734,0.044640811160206795,61604904960,0,65485668352,19532873728,61394685952,61394690560,4301196800,0,174617153536,121145749504,0
1791588060.4841533,0.04598291218280792,61604904960,0,65485668352,19532873728,61394685952,61394690560,4301196800,0,174617153536,121145749504,0
1791588060.6805098,0.04226064682006836,61604904960,0,65485668352,19532873728,61394685952,61394690560,4301196800,0,174617247744,121145749504,0
1791588060.8800988,0.04177093133330345,61604904960,0,65485668352,19532873728,61394685952,61394690560,4301196800,0,174617067520,121145749504,0
1791588061.0798564,0.04144972935318947,61604904960,0,65485668352,19532873728,61394685952,61394690560,4301196800,0,174617157632,121145749504,0
1791588061.280399,0.04191179201006889,61604904960,0,65217232896,19801309184,61394685952,61394690560,4032761344,0,174617137152,121145749504,0
1791588061.4800391,0.041471803560853004,61604904960,0,65485668352,19532873728,61394685952,61394690560,4301196800,0,174617038848,121145749504,0
1791588061.680361,0.04171449691057205,61604904960,0,65485668352,19532873728,61394685952,61394690560,4301196800,0,174616395776,121145749504,0
1791588061.8827016,0.04397807456552982,61604904960,0,65485668352,19532873728,61394685952,61394690560,4301196800,0,174616678400,121145749504,0
1791588062.096152,0.057343654334545135,61604904960,0,65485668352,19532873728,61394685952,61394690560,4301196800,0,174617096192,121145745408,0
1791588062.2855346,0.04664524644613266,61604904960,0,65485668352,19532873728,61394685952,61394690560,4301196800,0,174617120768,121145741312,0
1791588062.485165,0.04619533568620682,61604904960,0,65485668352,19532873728,61394685952,61394690560,4301196800,0,174617104384,121145741312,0
1791588062.6850765,0.04602922685444355,61604904960,0,65485668352,19532873728,61394685952,61394690560,4301196800,0,174617194496,121145741312,0
1791588062.8858209,0.0466908011585474,61604904960,0,64411926528,20606615552,61394685952,61394690560,3227454976,0,174617182208,121145741312,0
1791588063.082198,0.042988844215869904,61604904960,0,65485668352,19532873728,61394685952,61394690560,4301196800,0,174617247744,121145741312,0
1791588063.2811213,0.04183352738618851,61604904960,0,65485668352,19532873728,61394685952,61394690560,4301196800,0,174617206784,121145741312,0
1791588063.488059,0.04868864640593529,61604904960,0,65485668352,19532873728,61394685952,61394690560,4301196800,0,174616637440,121145741312,0
1791588063.6854024,0.04594934172928333,61604904960,0,65485668352,19532873728,61394685952,61394690560,4301196800,0,174616731648,121145741312,0
1791588063.8833694,0.043833713978528976,61604904960,0,65485668352,19532873728,61394685952,61394690560,4301196800,0,174616821760,121145741312,0
1791588064.0818448,0.04222572594881058,61604904960,0,65485668352,19532873728,61394685952,61394690560,4301196800,0,174616907776,121145741312,0
1791588064.2850587,0.04535668529570103,61604904960,0,64411926528,20606615552,61394685952,61394690560,3227454976,0,174617001984,121145741312,0
1791588064.4862685,0.046488240361213684,61604904960,0,65485668352,19532873728,61394685952,61394690560,4301196800,0,174617161728,121145626624,0
1791588064.6833189,0.043459342792630196,61604904960,0,65485668352,19532873728,61394685952,61394690560,4301196800,0,174616985600,121145626624,0
1791588064.8870945,0.04715216904878616,61604904960,0,65485668352,19532873728,61394685952,61394690560,4301196800,0,174616809472,121145626624,0
1791588065.0857584,0.04573827236890793,61604904960,0,65485668352,19532873728,61394685952,61394690560,4301196800,0,174616690688,121145626624,0
1791588065.2837412,0.04364294931292534,61604904960,0,65485668352,19532873728,61394685952,61394690560,4301196800,0,174616797184,121145622528,0
1791588065.4867141,0.04649209603667259,61604904960,0,65485668352,19532873728,61394685952,61394690560,4301196800,0,174616940544,121145622528,0
1791588065.6829948,0.04269058257341385,61604904960,0,65485668352,19532873728,61394685952,61394690560,4301196800,0,174616956928,121145622528,0
1791588065.883435,0.04304906912147999,61604904960,0,65485668352,19532873728,61394685952,61394690560,4301196800,0,174617042944,121145622528,0
1791588066.0830283,0.04255891591310501,61604904960,0,65485668352,19532873728,61394685952,61394690560,4301196800,0,174616870912,121145622528,0
1791588066.2865558,0.04600538685917854,61604904960,0,65485668352,19532873728,61394685952,61394690560,4301196800,0,174616571904,121145622528,0
1791588066.4868116,0.046181270852684975,61604904960,0,65485668352,19532873728,61394685952,61394690560,4301196800,0,174616215552,121145622528,0
1791588066.6882188,0.04750709794461727,61604904960,0,65485668352,19532873728,61394685952,61394690560,4301196800,0,174616543232,121145622528,0
1791588066.8840282,0.043236760422587395,61604904960,0,65485668352,19532873728,61394685952,61394690560,4301196800,0,174616625152,121145622528,0
1791588067.0992005,0.05832791514694691,61604904960,0,65485668352,19532873728,61394685952,61394690560,4301196800,0,174616637440,121145622528,0
1791588067.285421,0.04446931928396225,61604904960,0,64411926528,20606615552,61394685952,61394690560,3227454976,0,174616498176,121145622528,0
1791588067.4862008,0.045168086886405945,61604904960,0,65485668352,19532873728,61394685952,61394690560,4301196800,0,174616408064,121145618432,0
1791588067.687761,0.04664941504597664,61604904960,0,65485668352,19532873728,61394685952,61394690560,4301196800,0,174616498176,121145618432,0
1791588067.8890102,0.047805823385715485,61604904960,0,65485668352,19532873728,61394685952,61394690560,4301196800,0,174616363008,121145618432,0
1791588068.0863504,0.04506478272378445,61604904960,0,65485668352,19532873728,61394685952,61394690560,4301196800,0,174616453120,121145618432,0
1791588068.2903795,0.049013860523700714,61604904960,0,65485668352,19532873728,61394685952,61394690560,4301196800,0,174616145920,121145618432,0
1791588068.4910188,0.04957268759608269,61604904960,0,65485668352,19532873728,61394685952,61394690560,4301196800,0,174616489984,121145618432,0
1791588068.6894665,0.04794049635529518,61604904960,0,65485668352,19532873728,61394685952,61394690560,4301196800,0,174616424448,121145618432,0
1791588068.887239,0.04563143104314804,61604904960,0,65485668352,19532873728,61394685952,61394690560,4301196800,0,174616248320,121145618432,0
1791588069.0860865,0.04439718462526798,61604904960,0,65485668352,19532873728,61394685952,61394690560,4301196800,0,174616330240,121145618432,0
1791588069.2882085,0.04643724672496319,61604904960,0,65485668352,19532873728,61394685952,61394690560,4301196800,0,174616338432,121145618432,0
1791588069.487054,0.04520471207797527,61604904960,0,65485668352,19532873728,61394685952,61394690560,4301196800,0,174616694784,121145618432,0
1791588069.6875968,0.04566662013530731,61604904960,0,65485668352,19532873728,61394685952,61394690560,4301196800,0,174616727552,121145618432,0
1791588069.8859193,0.043909646570682526,61604904960,0,65485668352,19532873728,61394685952,61394690560,4301196800,0,174616686592,121145618432,0
1791588070.086736,0.044645899906754494,61604904960,0,65485668352,19532873728,61394685952,61394690560,4301196800,0,174616772608,121145618432,0
1791588070.2873108,0.045139506459236145,61604904960,0,64411926528,20606615552,61394685952,61394690560,3227454976,0,174616858624,121145618432,0
1791588070.4867804,0.04452895186841488,61604904960,0,65485668352,19532873728,61394685952,61394690560,4301196800,0,174616952832,121145614336,0
1791588070.6855595,0.04322497546672821,61604904960,0,65485668352,19532873728,61394685952,61394690560,4301196800,0,174616936448,121145614336,0
1791588070.883647,0.04122760705649853,61604904960,0,65485668352,19532873728,61394685952,61394690560,4301196800,0,174617022464,121145614336,0
1791588071.084151,0.041648946702480316,61604904960,0,65485668352,19532873728,61394685952,61394690560,4301196800,0,174616846336,121145614336,0
1791588071.28713,0.0445487592369318,61604904960,0,65485668352,19532873728,61394685952,61394690560,4301196800,0,174616915968,121145614336,0
1791588071.4908063,0.04814017564058304,61604904960,0,65485668352,19532873728,61394685952,61394690560,4301196800,0,174616641536,121145614336,0
1791588071.6893823,0.04663602076470852,61604904960,0,65217232896,19801309184,61394685952,61394690560,4032761344,0,174616735744,121145614336,0
1791588071.887362,0.044536905363202095,61604904960,0,65485668352,19532873728,61394685952,61394690560,4301196800,0,174616424448,121145614336,0
1791588072.088113,0.045207101851701736,61604904960,0,65485668352,19532873728,61394685952,61394690560,4301196800,0,174632595456,121145614336,0
1791588072.2909586,0.04797193966805935,61604904960,0,65485668352,19532873728,61394685952,61394690560,4301196800,0,174616510464,121145614336,0
1791588072.4891036,0.04603888653218746,61604904960,0,65485668352,19532873728,61394685952,61394690560,4301196800,0,174616875008,121145614336,0
1791588072.6876183,0.04447424039244652,61604904960,0,65485668352,19532873728,61394685952,61394690560,4301196800,0,174616694784,121145614336,0
1791588072.8880882,0.04486340470612049,61604904960,0,65485668352,19532873728,61394685952,61394690560,4301196800,0,174616514560,121145614336,0
1791588073.088684,0.045377254486083984,61604904960,0,65485668352,19532873728,61394685952,61394690560,4301196800,0,174616612864,121145614336,0
1791588073.2894573,0.046071188524365425,61604904960,0,65485668352,19532873728,61394685952,61394690560,4301196800,0,174616629248,121145614336,0
1791588073.487547,0.04408043995499611,61604904960,0,65485668352,19532873728,61394685952,61394690560,4301196800,0,174616449024,121145610240,0
1791588073.6870499,0.04350440762937069,61604904960,0,65485668352,19532873728,61394685952,61394690560,4301196800,0,174616543232,121145610240,0
1791588073.8878098,0.04418467916548252,61604904960,0,65485668352,19532873728,61394685952,61394690560,4301196800,0,174616633344,121145610240,0
1791588074.0869808,0.0432742852717638,61604904960,0,65485668352,19532873728,61394685952,61394690560,4301196800,0,174616457216,121145610240,0
1791588074.2875392,0.043752262368798256,61604904960,0,65485668352,19532873728,61394685952,61394690560,4301196800,0,174616543232,121145610240,0
1791588074.491267,0.047398317605257034,61604904960,0,65485668352,19532873728,61394685952,61394690560,4301196800,0,174616563712,121145610240,0
1791588074.690403,0.04645039327442646,61604904960,0,64411926528,20606615552,61394685952,61394690560,3227454976,0,174616928256,121145610240,0
1791588074.8878393,0.04380856826901436,61604904960,0,65485668352,19532873728,61394685952,61394690560,4301196800,0,174616477696,121145610240,0
1791588075.0915596,0.0474479291588068,61604904960,0,65485668352,19532873728,61394685952,61394690560,4301196800,0,174616403968,121145610240,0
1791588075.28941,0.04521663673222065,61604904960,0,65485668352,19532873728,61394685952,61394690560,4301196800,0,174616489984,121145610240,0
1791588075.4882932,0.04402178153395653,61604904960,0,65485668352,19532873728,61394685952,61394690560,4301196800,0,174616576000,121145606144,0
1791588075.6877186,0.04336945898830891,61604904960,0,65485668352,19532873728,61394685952,61394690560,4301196800,0,174616387584,121145606144,0
1791588075.8882113,0.04378160461783409,61604904960,0,65485668352,19532873728,61394685952,61394690560,4301196800,0,174616403968,121145606144,0
1791588076.088746,0.044235389679670334,61604904960,0,65485668352,19532873728,61394685952,61394690560,4301196800,0,174616498176,121145606144,0
1791588076.2889147,0.044325828552246094,61604904960,0,65485668352,19532873728,61394685952,61394690560,4301196800,0,174616580096,121145606144,0
1791588076.489758,0.04508785530924797,61604904960,0,65485668352,19532873728,61394685952,61394690560,4301196800,0,174616629248,121145606144,0
1791588076.689937,0.0451864805072546,61604904960,0,65485668352,19532873728,61394685952,61394690560,4301196800,0,174616461312,121145606144,0
1791588076.889796,0.04496497102081776,61604904960,0,65485668352,19532873728,61394685952,61394690560,4301196800,0,174615994368,121145606144,0
1791588077.1024814,0.05756750516593456,61604904960,0,65485668352,19532873728,61394685952,61394690560,4301196800,0,174616690688,121145606144,0
1791588077.2925909,0.047591349110007286,61604904960,0,65485668352,19532873728,61394685952,61394690560,4301196800,0,174615830528,121145606144,0
1791588077.4910922,0.046006375923752785,61604904960,0,65485668352,19532873728,61394685952,61394690560,4301196800,0,174615711744,121145606144,0
1791588077.690864,0.04564763605594635,61604904960,0,64411926528,20606615552,61394685952,61394690560,3227454976,0,174615339008,121145606144,0
1791588077.8933165,0.04801029898226261,61604904960,0,65485668352,19532873728,61394685952,61394690560,4301196800,0,174615560192,121145606144,0
1791588078.0924668,0.04707719571888447,61604904960,0,65485668352,19532873728,61394685952,61394690560,4301196800,0,174615539712,121145606144,0
1791588078.292807,0.04732569679617882,61604904960,0,65485668352,19532873728,61394685952,61394690560,4301196800,0,174615588864,121145606144,0
1791588078.4930637,0.047499287873506546,61604904960,0,65485668352,19532873728,61394685952,61394690560,4301196800,0,174615334912,121145606144,0
1791588078.6920714,0.04642350785434246,61604904960,0,65485668352,19532873728,61394685952,61394690560,4301196800,0,174615969792,121145602048,0
1791588078.8919573,0.046220166608691216,61604904960,0,65485668352,19532873728,61394685952,61394690560,4301196800,0,174616018944,121145602048,0
1791588079.0940742,0.04824556037783623,61604904960,0,65217232896,19801309184,61394685952,61394690560,4032761344,0,174615531520,121145602048,0
1791588079.2931626,0.047246864065527916,61604904960,0,65485668352,19532873728,61394685952,61394690560,4301196800,0,174615883776,121145602048,0
1791588079.495709,0.04971130192279816,61604904960,0,65485668352,19532873728,61394685952,61394690560,4301196800,0,174615670784,121145602048,0
1791588079.7053409,0.059243764728307724,61604904960,0,65485668352,19532873728,61394685952,61394690560,4301196800,0,174615515136,121145602048,0
1791588079.892991,0.046773456037044525,61604904960,0,65485668352,19532873728,61394685952,61394690560,4301196800,0,174615711744,121145602048,0
1791588080.0942798,0.047982001677155495,61604904960,0,65485668352,19532873728,61394685952,61394690560,4301196800,0,174615801856,121145602048,0
1791588080.2944112,0.048033457249403,61604904960,0,65485668352,19532873728,61394685952,61394690560,4301196800,0,174615896064,121145602048,0
1791588080.4924567,0.045988790690898895,61604904960,0,65485668352,19532873728,61394685952,61394690560,4301196800,0,174615818240,121145602048,0
1791588080.6922512,0.04570255987346172,61604904960,0,64411926528,20606615552,61394685952,61394690560,3227454976,0,174615900160,121145597952,0
1791588080.8921103,0.04548010975122452,61604904960,0,65485668352,19532873728,61394685952,61394690560,4301196800,0,174615994368,121145597952,0
1791588081.0925117,0.04579951986670494,61604904960,0,65485668352,19532873728,61394685952,61394690560,4301196800,0,174616088576,121145597952,0
1791588081.2923882,0.04559500701725483,61604904960,0,65485668352,19532873728,61394685952,61394690560,4301196800,0,174616162304,121145597952,0
1791588081.491185,0.044307880103588104,61604904960,0,65485668352,19532873728,61394685952,61394690560,4301196800,0,174616170496,121145597952,0
1791588081.6910825,0.044124891981482506,61604904960,0,65485668352,19532873728,61394685952,61394690560,4301196800,0,174615998464,121145597952,0
1791588081.8903053,0.04326680116355419,61604904960,0,65485668352,19532873728,61394685952,61394690560,4301196800,0,174615887872,121145597952,0
1791588082.0998907,0.05277128703892231,61604904960,0,64411926528,20606615552,61394685952,61394690560,3227454976,0,174616100864,121145597952,0
1791588082.2930043,0.04580402933061123,61604904960,0,65485668352,19532873728,61394685952,61394690560,4301196800,0,174616399872,121145597952,0
1791588082.49171,0.04442571848630905,61604904960,0,65485668352,19532873728,61394685952,61394690560,4301196800,0,174616219648,121145597952,0
1791588082.6904707,0.04310610331594944,61604904960,0,65485668352,19532873728,61394685952,61394690560,4301196800,0,174616309760,121145597952,0
1791588082.8889937,0.04154841788113117,61604904960,0,65485668352,19532873728,61394685952,61394690560,4301196800,0,174616219648,121145597952,0
1791588083.092424,0.044896287843585014,61604904960,0,65485668352,19532873728,61394685952,61394690560,4301196800,0,174615965696,121145597952,0
1791588083.2953703,0.04776090011000633,61604904960,0,65485668352,19532873728,61394685952,61394690560,4301196800,0,174616055808,121145597952,0
1791588083.4931166,0.04542642831802368,61604904960,0,65485668352,19532873728,61394685952,61394690560,4301196800,0,174616145920,121145597952,0
1791588083.6924787,0.044705554842948914,61604904960,0,65485668352,19532873728,61394685952,61394690560,4301196800,0,174616240128,121145593856,0
1791588083.8923573,0.044501977041363716,61604904960,0,65485668352,19532873728,61394685952,61394690560,4301196800,0,174616334336,121145593856,0
1791588084.0913887,0.04345254600048065,61604904960,0,65485668352,19532873728,61394685952,61394690560,4301196800,0,174616420352,121145593856,0
1791588084.294048,0.046029651537537575,61604904960,0,65485668352,19532873728,61394685952,61394690560,4301196800,0,174616489984,121145593856,0
1791588084.4922748,0.04417562671005726,61604904960,0,65485668352,19532873728,61394685952,61394690560,4301196800,0,174616498176,121145593856,0
1791588084.690354,0.042138831689953804,61604909056,0,65485668352,19532873728,61394685952,61394690560,4301200896,0,174616584192,121145593856,0
1791588084.890157,0.04185928404331207,61604909056,0,65485668352,19532873728,61394685952,61394690560,4301200896,0,174616670208,121145593856,0
1791588085.0934138,0.04503566399216652,61604909056,0,64411926528,20606615552,61394685952,61394690560,3227459072,0,174616764416,121145593856,0
1791588085.2953026,0.046844447031617165,61604909056,0,65485668352,19532873728,61394685952,61394690560,4301200896,0,174616854528,121145593856,0
1791588085.49434,0.04580034874379635,61604909056,0,65485668352,19532873728,61394685952,61394690560,4301200896,0,174616944640,121145593856,0
1791588085.716807,0.06818649359047413,61604909056,0,65485668352,19532873728,61394685952,61394690560,4301200896,0,174616096768,121145593856,0
1791588085.90444,0.05573779158294201,61604909056,0,65485668352,19532873728,61394685952,61394690560,4301200896,0,174616297472,121145593856,0
1791588086.0935373,0.04475327581167221,61604909056,0,65485668352,19532873728,61394685952,61394690560,4301200896,0,174616043520,121145593856,0
1791588086.2969816,0.048117607831954956,61604909056,0,65485668352,19532873728,61394685952,61394690560,4301200896,0,174616121344,121145593856,0
1791588086.4963272,0.04737824574112892,61604909056,0,65485668352,19532873728,61394685952,61394690560,4301200896,0,174616133632,121145593856,0
1791588086.6957052,0.0466753002256155,61604909056,0,65485668352,19532873728,61394685952,61394690560,4301200896,0,174616129536,121145589760,0
1791588086.8852918,0.036186397075653076,61604909056,0,65485668352,19532873728,61394685952,61394690560,4301200896,0,174615937024,121145589760,0
1791588087.079308,0.03013765625655651,61604909056,0,65485668352,19532873728,61394685952,61394690560,4301200896,0,174632173568,121145589760,0
1791588087.2834039,0.03417099453508854,61604909056,0,65485668352,19532873728,61394685952,61394690560,4301200896,0,174616150016,121145585664,0
1791588087.4967175,0.04740381985902786,61604909056,0,65485668352,19532873728,61394685952,61394690560,4301200896,0,174616174592,121145585664,0
1791588087.692356,0.042962972074747086,61604909056,0,65485668352,19532873728,61394685952,61394690560,4301200896,0,174616252416,121145585664,0
1791588087.8926241,0.0431499108672142,61604909056,0,65485668352,19532873728,61394685952,61394690560,4301200896,0,174616600576,121145585664,0
1791588088.0924766,0.04292086325585842,61604909056,0,64411926528,20606615552,61394685952,61394690560,3227459072,0,174616100864,121145585664,0
1791588088.2927065,0.04307008907198906,61604909056,0,65485668352,19532873728,61394685952,61394690560,4301200896,0,174616195072,121145585664,0
1791588088.4946706,0.044954705983400345,61604909056,0,65485668352,19532873728,61394685952,61394690560,4301200896,0,174616281088,121145585664,0
1791588088.69686,0.047061383724212646,61604909056,0,65485668352,19532873728,61394685952,61394690560,4301200896,0,174616371200,121145585664,0
1791588088.894031,0.04415114037692547,61604909056,0,65485668352,19532873728,61394685952,61394690560,4301200896,0,174616469504,121145581568,0
1791588089.0950077,0.04504670388996601,61604909056,0,65485668352,19532873728,61394685952,61394690560,4301200896,0,174616559616,121145581568,0
1791588089.2962992,0.04625021293759346,61604909056,0,65485668352,19532873728,61394685952,61394690560,4301200896,0,174616350720,121145581568,0
1791588089.4931064,0.04297647625207901,61604909056,0,65217232896,19801309184,61394685952,61394690560,4032765440,0,174616420352,121145581568,0
1791588089.6934495,0.04323924519121647,61604909056,0,65485668352,19532873728,61394685952,61394690560,4301200896,0,174616248320,121145581568,0
1791588089.8933375,0.04304555989801884,61604909056,0,65485668352,19532873728,61394685952,61394690560,4301200896,0,174616338432,121145581568,0
1791588090.0935705,0.0431982297450304,61604909056,0,65485668352,19532873728,61394685952,61394690560,4301200896,0,174616432640,121145581568,0
1791588090.2955265,0.045074377208948135,61604909056,0,65485668352,19532873728,61394685952,61394690560,4301200896,0,174616526848,121145581568,0
1791588090.4965045,0.045971184968948364,61604909056,0,65485668352,19532873728,61394685952,61394690560,4301200896,0,174616616960,121145581568,0
1791588090.6941879,0.04357505962252617,61604909056,0,65485668352,19532873728,61394685952,61394690560,4301200896,0,174616711168,121145581568,0
1791588090.8971047,0.04641222767531872,61604909056,0,65485668352,19532873728,61394685952,61394690560,4301200896,0,174616702976,121145581568,0
1791588091.0955937,0.044819703325629234,61604909056,0,65485668352,19532873728,61394685952,61394690560,4301200896,0,174616518656,121145581568,0
1791588091.29594,0.045085469260811806,61604909056,0,65485668352,19532873728,61394685952,61394690560,4301200896,0,174616612864,121145581568,0
1791588091.4937305,0.042793113738298416,61604909056,0,65485668352,19532873728,61394685952,61394690560,4301200896,0,174616514560,121145581568,0
1791588091.69368,0.04266198165714741,61604909056,0,65485668352,19532873728,61394685952,61394690560,4301200896,0,174616346624,121145581568,0
1791588091.8948073,0.043707720935344696,61604909056,0,65485668352,19532873728,61394685952,61394690560,4301200896,0,174616342528,121145577472,0
1791588092.1011937,0.04997546412050724,61604909056,0,65485668352,19532873728,61394685952,61394690560,4301200896,0,174616518656,121145577472,0
1791588092.2955518,0.04425216466188431,61604909056,0,65485668352,19532873728,61394685952,61394690560,4301200896,0,174616559616,121145577472,0
1791588092.4977825,0.046401141211390495,61604909056,0,64411926528,20606615552,61394685952,61394690560,3227459072,0,174616842240,121145577472,0
1791588092.6980395,0.046574024483561516,61604909056,0,65485668352,19532873728,61394685952,61394690560,4301200896,0,174617133056,121145577472,0
1791588092.8973894,0.045841485261917114,61604909056,0,65485668352,19532873728,61394685952,61394690560,4301200896,0,174616920064,121145577472,0
1791588093.096573,0.04494223743677139,61604909056,0,65485668352,19532873728,61394685952,61394690560,4301200896,0,174617022464,121145577472,0
1791588093.2969894,0.045277489349246025,61604909056,0,65485668352,19532873728,61394685952,61394690560,4301200896,0,174617014272,121145577472,0
1791588093.4957879,0.043995995074510574,61604909056,0,65485668352,19532873728,61394685952,61394690560,4301200896,0,174616981504,121145577472,0
1791588093.6950216,0.04314941354095936,61604909056,0,65485668352,19532873728,61394685952,61394690560,4301200896,0,174616788992,121145577472,0
1791588093.895357,0.043404875323176384,61604909056,0,65485668352,19532873728,61394685952,61394690560,4301200896,0,174616887296,121145573376,0
1791588094.0944467,0.042412878945469856,61604909056,0,65485668352,19532873728,61394685952,61394690560,4301200896,0,174617231360,121145573376,0
1791588094.296015,0.04390117898583412,61604909056,0,65485668352,19532873728,61394685952,61394690560,4301200896,0,174617059328,121145573376,0
1791588094.4976835,0.0454871766269207,61604909056,0,65485668352,19532873728,61394685952,61394690560,4301200896,0,174617153536,121145573376,0
1791588094.6970084,0.04473317973315716,61604909056,0,65485668352,19532873728,61394685952,61394690560,4301200896,0,174617260032,121145573376,0
1791588094.8972173,0.044861774891614914,61604909056,0,65485668352,19532873728,61394685952,61394690560,4301200896,0,174617350144,121145573376,0
1791588095.0950284,0.04259292781352997,61604909056,0,65485668352,19532873728,61394685952,61394690560,4301200896,0,174617178112,121145573376,0
1791588095.2951224,0.042606789618730545,61604909056,0,65485668352,19532873728,61394685952,61394690560,4301200896,0,174617141248,121145573376,0
1791588095.4955933,0.04299709014594555,61604909056,0,64411926528,20606615552,61394685952,61394690560,3227459072,0,174617235456,121145573376,0
1791588095.6953988,0.04272131435573101,61604909056,0,65485668352,19532873728,61394685952,61394690560,4301200896,0,174617063424,121145573376,0
1791588095.895233,0.042474597692489624,61604909056,0,65485668352,19532873728,61394685952,61394690560,4301200896,0,174617149440,121145573376,0
1791588096.095189,0.04234981723129749,61604909056,0,65485668352,19532873728,61394685952,61394690560,4301200896,0,174616866816,121145573376,0
1791588096.297799,0.04487983696162701,61604909056,0,65485668352,19532873728,61394685952,61394690560,4301200896,0,174616674304,121145573376,0
1791588096.4983246,0.045325467362999916,61604909056,0,65485668352,19532873728,61394685952,61394690560,4301200896,0,174616760320,121145573376,0
1791588096.695058,0.04197834059596062,61604909056,0,65485668352,19532873728,61394685952,61394690560,4301200896,0,174616838144,121145573376,0
1791588096.8971455,0.04398270323872566,61604909056,0,65217232896,19801309184,61394685952,61394690560,4032765440,0,174616834048,121145569280,0
1791588097.0844898,0.03130335919559002,61604909056,0,65485668352,19532873728,61394685952,61394690560,4301200896,0,174632673280,121145569280,0
1791588097.2856865,0.03243817947804928,61604909056,0,65485668352,19532873728,61394685952,61394690560,4301200896,0,174616801280,121145569280,0
1791588097.4959483,0.042620712891221046,61604909056,0,65485668352,19532873728,61394685952,61394690560,4301200896,0,174616879104,121145569280,0
1791588097.6951077,0.04169945605099201,61604909056,0,65485668352,19532873728,61394685952,61394690560,4301200896,0,174616940544,121145569280,0
1791588097.8972228,0.04373246803879738,61604909056,0,65485668352,19532873728,61394685952,61394690560,4301200896,0,174617288704,121145569280,0
1791588098.0866044,0.03304945304989815,61604909056,0,65485668352,19532873728,61394685952,61394690560,4301200896,0,174617112576,121145569280,0
1791588098.283132,0.029513319954276085,61604909056,0,65485668352,19532873728,61394685952,61394690560,4301200896,0,174617190400,121145569280,0
1791588098.4865835,0.03290393389761448,61604909056,0,64411926528,20606615552,61394685952,61394690560,3227459072,0,174617190400,121145569280,0
1791588098.6955597,0.04180356673896313,61604909056,0,65485668352,19532873728,61394685952,61394690560,4301200896,0,174617280512,121145569280,0
1791588098.8968902,0.04305095970630646,61604909056,0,65485668352,19532873728,61394685952,61394690560,4301200896,0,174617366528,121145569280,0
1791588099.0848675,0.030967295169830322,61604909056,0,65485668352,19532873728,61394685952,61394690560,4301200896,0,174617190400,121145569280,0
1791588099.2855885,0.03162751533091068,61604909056,0,65485668352,19532873728,61394685952,61394690560,4301200896,0,174617014272,121145569280,0
1791588099.4974933,0.0434544887393713,61604909056,0,65485668352,19532873728,61394685952,61394690560,4301200896,0,174616760320,121145569280,0
1791588099.6841855,0.03008442558348179,61604909056,0,65485668352,19532873728,61394685952,61394690560,4301200896,0,174616641536,121145569280,0
1791588099.883438,0.029275713488459587,61604909056,0,65217232896,19801309184,61394685952,61394690560,4032765440,0,174616731648,121145569280,0
1791588100.0835145,0.029300648719072342,61604909056,0,65485668352,19532873728,61394685952,61394690560,4301200896,0,174616817664,121145565184,0
1791588100.283406,0.02912880666553974,61604909056,0,65485668352,19532873728,61394685952,61394690560,4301200896,0,174616645632,121145565184,0
1791588100.501773,0.047419097274541855,61604909056,0,65485668352,19532873728,61394685952,61394690560,4301200896,0,174616731648,121145565184,0
1791588100.69971,0.045274365693330765,61604909056,0,65485668352,19532873728,61394685952,61394690560,4301200896,0,174617083904,121145565184,0
1791588100.9008615,0.046346234157681465,61604909056,0,65485668352,19532873728,61394685952,61394690560,4301200896,0,174617165824,121145565184,0
1791588101.099692,0.045094773173332214,61604909056,0,65485668352,19532873728,61394685952,61394690560,4301200896,0,174617227264,121145565184,0
1791588101.2984257,0.043749161064624786,61604909056,0,65485668352,19532873728,61394685952,61394690560,4301200896,0,174617296896,121145565184,0
1791588101.499723,0.04496484808623791,61604909056,0,65485668352,19532873728,61394685952,61394690560,4301200896,0,174617231360,121145565184,0
1791588101.7000382,0.0451985951513052,61604909056,0,65485668352,19532873728,61394685952,61394690560,4301200896,0,174617014272,121145565184,0
1791588101.8974607,0.0425399262458086,61604909056,0,65485668352,19532873728,61394685952,61394690560,4301200896,0,174617104384,121145565184,0
1791588102.1046195,0.04961915500462055,61604909056,0,65485668352,19532873728,61394685952,61394690560,4301200896,0,174617329664,121145561088,0
1791588102.2979648,0.042882973328232765,61604909056,0,65485668352,19532873728,61394685952,61394690560,4301200896,0,174617399296,121145561088,0
1791588102.500974,0.045810455456376076,61604909056,0,65485668352,19532873728,61394685952,61394690560,4301200896,0,174617489408,121145561088,0
1791588102.7017124,0.046464815735816956,61604909056,0,65485668352,19532873728,61394685952,61394690560,4301200896,0,174617268224,121145561088,0
1791588102.899768,0.04443855211138725,61604909056,0,64411926528,20606615552,61394685952,61394690560,3227459072,0,174617362432,121145561088,0
1791588103.0985644,0.04315333068370819,61604909056,0,65485668352,19532873728,61394685952,61394690560,4301200896,0,174617448448,121145561088,0
1791588103.3005884,0.045094914734363556,61604909056,0,65485668352,19532873728,61394685952,61394690560,4301200896,0,174617538560,121145561088,0
1791588103.5013723,0.04579867981374264,61604909056,0,65485668352,19532873728,61394685952,61394690560,4301200896,0,174617612288,121145561088,0
1791588103.7009063,0.04525006003677845,61604909056,0,65485668352,19532873728,61394685952,61394690560,4301200896,0,174617436160,121145561088,0
1791588103.9004653,0.044727275148034096,61604909056,0,65485668352,19532873728,61394685952,61394690560,4301200896,0,174617530368,121145561088,0
1791588104.1007981,0.044977957382798195,61604909056,0,65485668352,19532873728,61394685952,61394690560,4301200896,0,174617354240,121145561088,0
1791588104.3008804,0.04497755318880081,61604909056,0,65485668352,19532873728,61394685952,61394690560,4301200896,0,174617444352,121145561088,0
1791588104.5043259,0.04834192432463169,61604909056,0,65485668352,19532873728,61394685952,61394690560,4301200896,0,174617174016,121145561088,0
1791588104.6998925,0.04382489621639252,61604909056,0,65485668352,19532873728,61394685952,61394690560,4301200896,0,174617522176,121145561088,0
1791588104.8880825,0.031950995326042175,61604909056,0,65485668352,19532873728,61394685952,61394690560,4301200896,0,174617866240,121145561088,0
1791588105.1018066,0.045596590265631676,61604909056,0,65485668352,19532873728,61394685952,61394690560,4301200896,0,174617427968,121145556992,0
1791588105.3001995,0.043908312916755676,61604909056,0,65485668352,19532873728,61394685952,61394690560,4301200896,0,174617415680,121145556992,0
1791588105.5021496,0.04577694833278656,61604909056,0,65485668352,19532873728,61394685952,61394690560,4301200896,0,174617239552,121145556992,0
1791588105.7019553,0.045501844957470894,61604909056,0,65485668352,19532873728,61394685952,61394690560,4301200896,0,174617325568,121145556992,0
1791588105.9002898,0.04375547170639038,61604909056,0,64411926528,20606615552,61394685952,61394690560,3227459072,0,174617415680,121145556992,0
1791588106.1008928,0.04427862726151943,61604909056,0,65485668352,19532873728,61394685952,61394690560,4301200896,0,174617501696,121145556992,0
1791588106.3005805,0.04388550482690334,61604909056,0,65485668352,19532873728,61394685952,61394690560,4301200896,0,174617153536,121145556992,0
1791588106.500345,0.0435707475990057,61604909056,0,65485668352,19532873728,61394685952,61394690560,4301200896,0,174617247744,121145556992,0
1791588106.7021694,0.045312827453017235,61604909056,0,65485668352,19532873728,61394685952,61394690560,4301200896,0,174617333760,121145556992,0
1791588106.9050355,0.04809691943228245,61604909056,0,65485668352,19532873728,61394685952,61394690560,4301200896,0,174617284608,121145556992,0
1791588107.1074126,0.050392281264066696,61604909056,0,65485668352,19532873728,61394685952,61394690560,4301200896,0,174617444352,121145556992,0
1791588107.3027642,0.045661214739084244,61604909056,0,65217232896,19801309184,61394685952,61394690560,4032765440,0,174617387008,121145556992,0
1791588107.5007355,0.04351538605988026,61604909056,0,65485668352,19532873728,61394685952,61394690560,4301200896,0,174617427968,121145556992,0
1791588107.704197,0.046895913779735565,61604909056,0,65485668352,19532873728,61394685952,61394690560,4301200896,0,174617522176,121145556992,0
1791588107.9023232,0.044942066073417664,61604909056,0,65485668352,19532873728,61394685952,61394690560,4301200896,0,174617612288,121145556992,0
1791588108.101147,0.04368552751839161,61604909056,0,65485668352,19532873728,61394685952,61394690560,4301200896,0,174617960448,121145556992,0
1791588108.3031368,0.04559546336531639,61604909056,0,65485668352,19532873728,61394685952,61394690560,4301200896,0,174617780224,121145552896,0
1791588108.505166,0.047543372958898544,61604909056,0,65485668352,19532873728,61394685952,61394690560,4301200896,0,174617538560,121145552896,0
1791588108.7029424,0.04523658752441406,61604909056,0,65485668352,19532873728,61394685952,61394690560,4301200896,0,174617624576,121145552896,0
1791588108.9052875,0.04750001057982445,61604909056,0,65485668352,19532873728,61394685952,61394690560,4301200896,0,174617452544,121145552896,0
1791588109.1031356,0.04526566341519356,61604909056,0,65485668352,19532873728,61394685952,61394690560,4301200896,0,174617808896,121145552896,0
1791588109.3072214,0.0492711067199707,61604909056,0,65485668352,19532873728,61394685952,61394690560,4301200896,0,174616543232,121145552896,0
1791588109.5027146,0.04467988945543766,61604909056,0,65485668352,19532873728,61394685952,61394690560,4301200896,0,174616551424,121145552896,0
1791588109.703845,0.04572996497154236,61604909056,0,65485668352,19532873728,61394685952,61394690560,4301200896,0,174616506368,121145552896,0
1791588109.9034765,0.045280251652002335,61604909056,0,65485668352,19532873728,61394685952,61394690560,4301200896,0,174616653824,121145552896,0
1791588110.1016033,0.043326361104846,61604909056,0,65485668352,19532873728,61394685952,61394690560,4301200896,0,174616477696,121145552896,0
1791588110.3041537,0.045795826241374016,61604909056,0,64411926528,20606615552,61394685952,61394690560,3227459072,0,174616301568,121145548800,0
1791588110.503926,0.04548839293420315,61604909056,0,65485668352,19532873728,61394685952,61394690560,4301200896,0,174616203264,121145548800,0
1791588110.7029657,0.04444510117173195,61604909056,0,65485668352,19532873728,61394685952,61394690560,4301200896,0,174616547328,121145548800,0
1791588110.9063585,0.04775900021195412,61604909056,0,65485668352,19532873728,61394685952,61394690560,4301200896,0,174616489984,121145548800,0
1791588111.104669,0.045990873128175735,61604909056,0,65485668352,19532873728,61394685952,61394690560,4301200896,0,174616752128,121145548800,0
1791588111.305587,0.04682841710746288,61604909056,0,65485668352,19532873728,61394685952,61394690560,4301200896,0,174616825856,121145548800,0
1791588111.4971297,0.03830753266811371,61604909056,0,65485668352,19532873728,61394685952,61394690560,4301200896,0,174616977408,121145548800,0
1791588111.7049532,0.046050071716308594,61604909056,0,65485668352,19532873728,61394685952,61394690560,4301200896,0,174616530944,121145548800,0
1791588111.90358,0.04459645599126816,61604909056,0,65485668352,19532873728,61394685952,61394690560,4301200896,0,174615957504,121145548800,0
1791588112.1052268,0.04616287164390087,61604909056,0,65485668352,19532873728,61394685952,61394690560,4301200896,0,174616109056,121145483264,0
1791588112.3027527,0.04360891133546829,61604909056,0,65485668352,19532873728,61394685952,61394690560,4301200896,0,174615912448,121145483264,0
1791588112.5055752,0.04635011404752731,61604909056,0,65485668352,19532873728,61394685952,61394690560,4301200896,0,174615916544,121145483264,0
1791588112.6933048,0.03401506319642067,61604909056,0,65485668352,19532873728,61394685952,61394690560,4301200896,0,174616268800,121145483264,0
1791588112.8958244,0.036471810191869736,61604909056,0,65485668352,19532873728,61394685952,61394690560,4301200896,0,174616125440,121145483264,0
1791588113.1047504,0.04531855881214142,61604909056,0,65485668352,19532873728,61394685952,61394690560,4301200896,0,174616137728,121145483264,0
1791588113.30379,0.04427744075655937,61604909056,0,64411926528,20606615552,61394685952,61394690560,3227459072,0,174616211456,121145479168,0
1791588113.4947786,0.03520112670958042,61604909056,0,65485668352,19532873728,61394685952,61394690560,4301200896,0,174616313856,121145479168,0
1791588113.7052069,0.04555064998567104,61604909056,0,65485668352,19532873728,61394685952,61394690560,4301200896,0,174616408064,121145479168,0
1791588113.903266,0.043530674651265144,61604909056,0,65485668352,19532873728,61394685952,61394690560,4301200896,0,174616764416,121145479168,0
1791588114.1033185,0.04350475035607815,61604909056,0,65485668352,19532873728,61394685952,61394690560,4301200896,0,174616657920,121145479168,0
1791588114.303083,0.04318917356431484,61604909056,0,65485668352,19532873728,61394685952,61394690560,4301200896,0,174616674304,121145479168,0
1791588114.5050294,0.04505565203726292,61604909056,0,65485668352,19532873728,61394685952,61394690560,4301200896,0,174616731648,121145479168,0
1791588114.7047129,0.044659413397312164,61604909056,0,65217232896,19801309184,61394685952,61394690560,4032765440,0,174617088000,121145479168,0
1791588114.9031904,0.04305783100426197,61604909056,0,65485668352,19532873728,61394685952,61394690560,4301200896,0,174617145344,121145479168,0
1791588115.1006577,0.040446095168590546,61604909056,0,65485668352,19532873728,61394685952,61394690560,4301200896,0,174617231360,121145479168,0
1791588115.3068466,0.046556465327739716,61604909056,0,65485668352,19532873728,61394685952,61394690560,4301200896,0,174617202688,121145475072,0
1791588115.5055223,0.045151205733418465,61604909056,0,65485668352,19532873728,61394685952,61394690560,4301200896,0,174617292800,121145475072,0
1791588115.7050965,0.044647131115198135,61604909056,0,65485668352,19532873728,61394685952,61394690560,4301200896,0,174617378816,121145475072,0
1791588115.9035418,0.04301207885146141,61604909056,0,65485668352,19532873728,61394685952,61394690560,4301200896,0,174617198592,121145475072,0
1791588116.104109,0.04350021108984947,61604909056,0,65485668352,19532873728,61394685952,61394690560,4301200896,0,174617260032,121145475072,0
1791588116.3044584,0.04376841336488724,61604909056,0,64411926528,20606615552,61394685952,61394690560,3227459072,0,174617088000,121145475072,0
1791588116.5066826,0.045913148671388626,61604909056,0,65485668352,19532873728,61394685952,61394690560,4301200896,0,174616981504,121145475072,0
1791588116.708266,0.04741520620882511,61604909056,0,65485668352,19532873728,61394685952,61394690560,4301200896,0,174617034752,121145475072,0
1791588116.9049735,0.04402831941843033,61604909056,0,65485668352,19532873728,61394685952,61394690560,4301200896,0,174617124864,121145475072,0
1791588117.108389,0.04736433923244476,61604909056,0,65485668352,19532873728,61394685952,61394690560,4301200896,0,174617251840,121145475072,0
1791588117.3019617,0.040858982130885124,61604909056,0,65485668352,19532873728,61394685952,61394690560,4301200896,0,174616686592,121145475072,0
1791588117.506186,0.04496501386165619,61604909056,0,65485668352,19532873728,61394685952,61394690560,4301200896,0,174616670208,121145475072,0
1791588117.7051399,0.04384011775255203,61604909056,0,64411926528,20606615552,61394685952,61394690560,3227459072,0,174616768512,121145475072,0
1791588117.9076219,0.04624464176595211,61604909056,0,65485668352,19532873728,61394685952,61394690560,4301200896,0,174616858624,121145475072,0
1791588118.1071508,0.045693447813391685,61604909056,0,65485668352,19532873728,61394685952,61394690560,4301200896,0,174616870912,121145475072,0
1791588118.3058817,0.04433816485106945,61604909056,0,65485668352,19532873728,61394685952,61394690560,4301200896,0,174616326144,121145475072,0
1791588118.506333,0.0447081383317709,61604909056,0,65485668352,19532873728,61394685952,61394690560,4301200896,0,174616395776,121145470976,0
1791588118.7042055,0.04251900315284729,61604909056,0,65485668352,19532873728,61394685952,61394690560,4301200896,0,174616735744,121145470976,0
1791588118.9066777,0.044910116121172905,61604909056,0,65485668352,19532873728,61394685952,61394690560,4301200896,0,174616760320,121145470976,0
1791588119.10548,0.04363192245364189,61604909056,0,65485668352,19532873728,61394685952,61394690560,4301200896,0,174616764416,121145470976,0
1791588119.3074942,0.045565659180283546,61604909056,0,65485668352,19532873728,61394685952,61394690560,4301200896,0,174616850432,121145470976,0
1791588119.5064154,0.04440677724778652,61604909056,0,65485668352,19532873728,61394685952,61394690560,4301200896,0,174616899584,121145470976,0
1791588119.7052414,0.04315337911248207,61604909056,0,65485668352,19532873728,61394685952,61394690560,4301200896,0,174616932352,121145470976,0
1791588119.9048622,0.042694929987192154,61604909056,0,65485668352,19532873728,61394685952,61394690560,4301200896,0,174616940544,121145470976,0
1791588120.1062887,0.044039132073521614,61604909056,0,65485668352,19532873728,61394685952,61394690560,4301200896,0,174616879104,121145470976,0
1791588120.3052938,0.042964592576026917,61604909056,0,65485668352,19532873728,61394685952,61394690560,4301200896,0,174616891392,121145470976,0
1791588120.5103273,0.04791768454015255,61604909056,0,65485668352,19532873728,61394685952,61394690560,4301200896,0,174616600576,121145470976,0
1791588120.7070997,0.04461095295846462,61604909056,0,64411926528,20606615552,61394685952,61394690560,3227459072,0,174616862720,121145470976,0
1791588120.9081445,0.04557516798377037,61604909056,0,65485668352,19532873728,61394685952,61394690560,4301200896,0,174617391104,121145470976,0
1791588121.1061482,0.04349925555288792,61604909056,0,65485668352,19532873728,61394685952,61394690560,4301200896,0,174617276416,121145606144,0
1791588121.3075495,0.0448207538574934,61604909056,0,65485668352,19532873728,61394685952,61394690560,4301200896,0,174616584192,121145606144,0
1791588121.5069575,0.044149262830615044,61604909056,0,65485668352,19532873728,61394685952,61394690560,4301200896,0,174616346624,121145602048,0
1791588121.7070138,0.044104013592004776,61604909056,0,65485668352,19532873728,61394685952,61394690560,4301200896,0,174616281088,121145602048,0
1791588121.9076786,0.04466879367828369,61604909056,0,65485668352,19532873728,61394685952,61394690560,4301200896,0,174616055808,121145528320,0
1791588122.1109126,0.047816503793001175,61604909056,0,65485668352,19532873728,61394685952,61394690560,4301200896,0,174616231936,121145528320,0
1791588122.3086214,0.04535406641662121,61604909056,0,65485668352,19532873728,61394685952,61394690560,4301200896,0,174616322048,121145528320,0
1791588122.5094156,0.04606180265545845,61604909056,0,65485668352,19532873728,61394685952,61394690560,4301200896,0,174616412160,121145528320,0
1791588122.7108846,0.047450652346014977,61604909056,0,65485668352,19532873728,61394685952,61394690560,4301200896,0,174616756224,121145528320,0
1791588122.9072754,0.04373776912689209,61604909056,0,65485668352,19532873728,61394685952,61394690560,4301200896,0,174616838144,121145528320,0
1791588123.1066487,0.0430326834321022,61604909056,0,65485668352,19532873728,61394685952,61394690560,4301200896,0,174616866816,121145528320,0
1791588123.3101697,0.04647453688085079,61604909056,0,65485668352,19532873728,61394685952,61394690560,4301200896,0,174616956928,121145528320,0
1791588123.511082,0.0472971647977829,61604909056,0,65485668352,19532873728,61394685952,61394690560,4301200896,0,174616989696,121145524224,0
1791588123.7077923,0.043923934921622276,61604909056,0,64411926528,20606615552,61394685952,61394690560,3227459072,0,174616928256,121145524224,0
1791588123.9052224,0.04125393182039261,61604909056,0,65485668352,19532873728,61394685952,61394690560,4301200896,0,174617198592,121145524224,0
1791588124.1104424,0.04641025885939598,61604909056,0,65485668352,19532873728,61394685952,61394690560,4301200896,0,174617280512,121145524224,0
1791588124.3067882,0.04267333634197712,61604909056,0,65485668352,19532873728,61394685952,61394690560,4301200896,0,174617370624,121145524224,0
1791588124.5111952,0.04699890315532684,61604909056,0,65485668352,19532873728,61394685952,61394690560,4301200896,0,174617399296,121145524224,0
1791588124.7094328,0.045149436220526695,61604909056,0,65485668352,19532873728,61394685952,61394690560,4301200896,0,174617395200,121145524224,0
1791588124.9101634,0.045801207423210144,61604909056,0,65485668352,19532873728,61394685952,61394690560,4301200896,0,174617231360,121145524224,0
1791588125.1084244,0.04398462548851967,61604909056,0,65217232896,19801309184,61394685952,61394690560,4032765440,0,174617579520,121145524224,0
1791588125.3102589,0.04572381637990475,61604909056,0,65485668352,19532873728,61394685952,61394690560,4301200896,0,174617145344,121145524224,0
1791588125.5108016,0.04618924856185913,61604909056,0,65485668352,19532873728,61394685952,61394690560,4301200896,0,174616690688,121145524224,0
1791588125.709856,0.04515727236866951,61604909056,0,65485668352,19532873728,61394685952,61394690560,4301200896,0,174616969216,121145524224,0
1791588125.9071493,0.04237046279013157,61604909056,0,65485668352,19532873728,61394685952,61394690560,4301200896,0,174617055232,121145524224,0
1791588126.1070182,0.04215599596500397,61604909056,0,65485668352,19532873728,61394685952,61394690560,4301200896,0,174617149440,121145524224,0
1791588126.3089232,0.04397732578217983,61604909056,0,65485668352,19532873728,61394685952,61394690560,4301200896,0,174617006080,121145524224,0
1791588126.5104034,0.04537184163928032,61604909056,0,65485668352,19532873728,61394685952,61394690560,4301200896,0,174616993792,121145520128,0
1791588126.7103603,0.04525035060942173,61604909056,0,65485668352,19532873728,61394685952,61394690560,4301200896,0,174617083904,121145520128,0
1791588126.9102032,0.044983094558119774,61604909056,0,65485668352,19532873728,61394685952,61394690560,4301200896,0,174617178112,121145520128,0
1791588127.1126397,0.0473376102745533,61604909056,0,65485668352,19532873728,61394685952,61394690560,4301200896,0,174617341952,121145520128,0
1791588127.3089037,0.043523943051695824,61604909056,0,65485668352,19532873728,61394685952,61394690560,4301200896,0,174617407488,121145520128,0
1791588127.509246,0.04378313757479191,61604909056,0,65485668352,19532873728,61394685952,61394690560,4301200896,0,174617247744,121145520128,0
1791588127.7082226,0.04267716407775879,61604909056,0,65485668352,19532873728,61394685952,61394690560,4301200896,0,174617243648,121145520128,0
1791588127.908029,0.04240338131785393,61604909056,0,65485668352,19532873728,61394685952,61394690560,4301200896,0,174617067520,121145520128,0
1791588128.107522,0.04181314818561077,61604909056,0,64411926528,20606615552,61394685952,61394690560,3227459072,0,174617161728,121145520128,0
1791588128.3076487,0.04185707867145538,61604909056,0,65485668352,19532873728,61394685952,61394690560,4301200896,0,174616948736,121145520128,0
1791588128.5123236,0.046450911089777946,61604909056,0,65485668352,19532873728,61394685952,61394690560,4301200896,0,174616670208,121145520128,0
1791588128.7128863,0.04692815616726875,61604909056,0,65485668352,19532873728,61394685952,61394690560,4301200896,0,174616883200,121145520128,0
1791588128.9115665,0.045526957139372826,61604909056,0,65485668352,19532873728,61394685952,61394690560,4301200896,0,174617083904,121145520128,0
1791588129.11132,0.04519902542233467,61604909056,0,65485668352,19532873728,61394685952,61394690560,4301200896,0,174617186304,121145520128,0
1791588129.3102968,0.044095542281866074,61604909056,0,65485668352,19532873728,61394685952,61394690560,4301200896,0,174617264128,121145520128,0
1791588129.5104778,0.04419279657304287,61604909056,0,65485668352,19532873728,61394685952,61394690560,4301200896,0,174617313280,121145520128,0
1791588129.7090518,0.042682310566306114,61604909056,0,65485668352,19532873728,61394685952,61394690560,4301200896,0,174617407488,121145516032,0
1791588129.908861,0.04241119138896465,61604909056,0,65485668352,19532873728,61394685952,61394690560,4301200896,0,174617235456,121145516032,0
1791588130.1086507,0.042118415236473083,61604909056,0,65485668352,19532873728,61394685952,61394690560,4301200896,0,174617333760,121145516032,0
1791588130.3087294,0.04211494326591492,61604909056,0,65485668352,19532873728,61394685952,61394690560,4301200896,0,174617419776,121145516032,0
1791588130.5107062,0.04400956816971302,61604909056,0,65485668352,19532873728,61394685952,61394690560,4301200896,0,174617092096,121145516032,0
1791588130.7105982,0.04381885193288326,61604909056,0,65485668352,19532873728,61394685952,61394690560,4301200896,0,174617182208,121145516032,0
1791588130.910152,0.04328681901097298,61604909056,0,65485668352,19532873728,61394685952,61394690560,4301200896,0,174617198592,121145516032,0
1791588131.1104212,0.043474726378917694,61604909056,0,64411926528,20606615552,61394685952,61394690560,3227459072,0,174617030656,121145516032,0
1791588131.3109312,0.04389875754714012,61604909056,0,65485668352,19532873728,61394685952,61394690560,4301200896,0,174617063424,121145516032,0
1791588131.511796,0.044683339074254036,61604909056,0,65485668352,19532873728,61394685952,61394690560,4301200896,0,174617141248,121145516032,0
1791588131.7116833,0.04448598437011242,61604909056,0,65485668352,19532873728,61394685952,61394690560,4301200896,0,174617018368,121145511936,0
1791588131.9095607,0.04228070192039013,61604909056,0,65485668352,19532873728,61394685952,61394690560,4301200896,0,174617112576,121145511936,0
1791588132.1133442,0.045981913805007935,61604909056,0,65485668352,19532873728,61394685952,61394690560,4301200896,0,174618083328,121145511936,0
1791588132.3104136,0.042966609820723534,61604909056,0,65485668352,19532873728,61394685952,61394690560,4301200896,0,174617636864,121145511936,0
1791588132.5160313,0.04850251413881779,61604909056,0,65217232896,19801309184,61394685952,61394690560,4032765440,0,174617587712,121145511936,0
1791588132.7140677,0.04645666852593422,61604909056,0,65485668352,19532873728,61394685952,61394690560,4301200896,0,174617624576,121145511936,0
1791588132.9110863,0.04339490085840225,61604909056,0,65485668352,19532873728,61394685952,61394690560,4301200896,0,174617378816,121145511936,0
1791588133.113519,0.04573667421936989,61604909056,0,65485668352,19532873728,61394685952,61394690560,4301200896,0,174617600000,121145511936,0
1791588133.3117263,0.043849196285009384,61604909056,0,65485668352,19532873728,61394685952,61394690560,4301200896,0,174617067520,121145511936,0
1791588133.514681,0.04670441709458828,61604909056,0,65485668352,19532873728,61394685952,61394690560,4301200896,0,174617399296,121145511936,0
1791588133.7102172,0.042161908000707626,61604909056,0,65485668352,19532873728,61394685952,61394690560,4301200896,0,174617473024,121145511936,0
1791588133.9157023,0.04756741411983967,61604909056,0,65485668352,19532873728,61394685952,61394690560,4301200896,0,174617567232,121145511936,0
1791588134.1128328,0.04461758956313133,61604909056,0,64411926528,20606615552,61394685952,61394690560,3227459072,0,174617915392,121145511936,0
1791588134.3114777,0.04318576492369175,61604909056,0,65485668352,19532873728,61394685952,61394690560,4301200896,0,174618001408,121145511936,0
1791588134.5144045,0.04603453353047371,61604909056,0,65485668352,19532873728,61394685952,61394690560,4301200896,0,174617882624,121145511936,0
1791588134.713145,0.044696932658553123,61604909056,0,65485668352,19532873728,61394685952,61394690560,4301200896,0,174618234880,121145507840,0
1791588134.9122763,0.04375076666474342,61604909056,0,65485668352,19532873728,61394685952,61394690560,4301200896,0,174618034176,121145507840,0
1791588135.1163082,0.047701939940452576,61604909056,0,65485668352,19532873728,61394685952,61394690560,4301200896,0,174617935872,121145507840,0
1791588135.3025696,0.03390203416347504,61604909056,0,65485668352,19532873728,61394685952,61394690560,4301200896,0,174617796608,121145507840,0
1791588135.5162792,0.04753137193620205,61604909056,0,64411926528,20606615552,61394685952,61394690560,3227459072,0,174617882624,121145507840,0
1791588135.7107794,0.04195186495780945,61604909056,0,65485668352,19532873728,61394685952,61394690560,4301200896,0,174617972736,121145507840,0
1791588135.9103627,0.04145483300089836,61604909056,0,65485668352,19532873728,61394685952,61394690560,4301200896,0,174618066944,121145507840,0
1791588136.1105103,0.041522832587361336,61604909056,0,65485668352,19532873728,61394685952,61394690560,4301200896,0,174618161152,121145507840,0
1791588136.3106198,0.0415518656373024,61604909056,0,65485668352,19532873728,61394685952,61394690560,4301200896,0,174617989120,121145507840,0
1791588136.515278,0.04613163694739342,61604909056,0,65485668352,19532873728,61394685952,61394690560,4301200896,0,174618017792,121145507840,0
1791588136.7118108,0.04257315956056118,61604909056,0,65485668352,19532873728,61394685952,61394690560,4301200896,0,174618615808,121145503744,0
1791588136.917057,0.047741249203681946,61604909056,0,65485668352,19532873728,61394685952,61394690560,4301200896,0,174617518080,121145503744,0
1791588137.1119766,0.04257955402135849,61604909056,0,65485668352,19532873728,61394685952,61394690560,4301200896,0,174617714688,121145442304,0
1791588137.3104646,0.04097395949065685,61604909056,0,65485668352,19532873728,61394685952,61394690560,4301200896,0,174617387008,121145442304,0
1791588137.5153964,0.0458099115639925,61604909056,0,65485668352,19532873728,61394685952,61394690560,4301200896,0,174617370624,121145442304,0
1791588137.7157643,0.04608715884387493,61604909056,0,65485668352,19532873728,61394685952,61394690560,4301200896,0,174617370624,121145442304,0
1791588137.9184783,0.048703622072935104,61604909056,0,65485668352,19532873728,61394685952,61394690560,4301200896,0,174617260032,121145442304,0
1791588138.1218038,0.05194856971502304,61604909056,0,65485668352,19532873728,61394685952,61394690560,4301200896,0,174616920064,121145442304,0
1791588138.3217201,0.051785239949822426,61604909056,0,65485668352,19532873728,61394685952,61394690560,4301200896,0,174616653824,121145442304,0
1791588138.5192688,0.04925063997507095,61604909056,0,64411926528,20606615552,61394685952,61394690560,3227459072,0,174616629248,121145442304,0
1791588138.7160387,0.04593398980796337,61604909056,0,65485668352,19532873728,61394685952,61394690560,4301200896,0,174616981504,121145442304,0
1791588138.9174676,0.047238100320100784,61604909056,0,65485668352,19532873728,61394685952,61394690560,4301200896,0,174617042944,121145442304,0
1791588139.1178777,0.047549108043313026,61604909056,0,65485668352,19532873728,61394685952,61394690560,4301200896,0,174616055808,121145442304,0
1791588139.3173206,0.046906352043151855,61604909056,0,65485668352,19532873728,61394685952,61394690560,4301200896,0,174615879680,121145442304,0
1791588139.5231564,0.052658939734101295,61604909056,0,65485668352,19532873728,61394685952,61394690560,4301200896,0,174615953408,121145442304,0
1791588139.7244117,0.05383273586630821,61604909056,0,65485668352,19532873728,61394685952,61394690560,4301200896,0,174615896064,121145438208,0
1791588139.9170783,0.04641823656857014,61604909056,0,65485668352,19532873728,61394685952,61394690560,4301200896,0,174615879680,121145438208,0
1791588140.1175764,0.04683619178831577,61604909056,0,65485668352,19532873728,61394685952,61394690560,4301200896,0,174615973888,121145438208,0
1791588140.3368847,0.06606394052505493,61604909056,0,65485668352,19532873728,61394685952,61394690560,4301200896,0,174616068096,121145438208,0
1791588140.520257,0.04935123957693577,61604909056,0,65485668352,19532873728,61394685952,61394690560,4301200896,0,174616080384,121145438208,0
1791588140.7175608,0.04657345823943615,61604909056,0,65485668352,19532873728,61394685952,61394690560,4301200896,0,174616543232,121145438208,0
1791588140.9169521,0.04588410258293152,61604909056,0,65485668352,19532873728,61394685952,61394690560,4301200896,0,174616633344,121145438208,0
1791588141.1126187,0.04146954044699669,61604909056,0,65485668352,19532873728,61394685952,61394690560,4301200896,0,174616743936,121145438208,0
1791588141.3163772,0.045120393857359886,61604909056,0,65485668352,19532873728,61394685952,61394690560,4301200896,0,174616551424,121145438208,0
1791588141.5154283,0.04410956986248493,61604909056,0,64411926528,20606615552,61394685952,61394690560,3227459072,0,174616621056,121145438208,0
1791588141.718365,0.046963417902588844,61604909056,0,65485668352,19532873728,61394685952,61394690560,4301200896,0,174616395776,121145438208,0
1791588141.9160845,0.04459953308105469,61604909056,0,65485668352,19532873728,61394685952,61394690560,4301200896,0,174616465408,121145438208,0
1791588142.11431,0.04274384863674641,61604909056,0,65485668352,19532873728,61394685952,61394690560,4301200896,0,174616604672,121145438208,0
1791588142.3138573,0.04221126437187195,61604909056,0,65485668352,19532873728,61394685952,61394690560,4301200896,0,174616686592,121145438208,0
1791588142.5196133,0.04787614569067955,61604909056,0,65485668352,19532873728,61394685952,61394690560,4301200896,0,174616637440,121145438208,0
1791588142.719093,0.0472743846476078,61604909056,0,65485668352,19532873728,61394685952,61394690560,4301200896,0,174616735744,121145438208,0
1791588142.9171154,0.04521316476166248,61604909056,0,65217232896,19801309184,61394685952,61394690560,4032765440,0,174616764416,121145434112,0
1791588143.1170447,0.04505772516131401,61604909056,0,65485668352,19532873728,61394685952,61394690560,4301200896,0,174616846336,121145434112,0
1791588143.3179688,0.04590057209134102,61604909056,0,65485668352,19532873728,61394685952,61394690560,4301200896,0,174617063424,121145434112,0
1791588143.517659,0.04550737515091896,61604909056,0,65485668352,19532873728,61394685952,61394690560,4301200896,0,174616891392,121145434112,0
1791588143.7157595,0.04352610372006893,61604909056,0,65485668352,19532873728,61394685952,61394690560,4301200896,0,174616698880,121145434112,0
1791588143.9197254,0.0474084597080946,61604909056,0,65485668352,19532873728,61394685952,61394690560,4301200896,0,174616686592,121145434112,0
1791588144.1177447,0.045347077772021294,61604909056,0,65485668352,19532873728,61394685952,61394690560,4301200896,0,174616723456,121145434112,0
1791588144.3166642,0.044169314205646515,61604909056,0,65485668352,19532873728,61394685952,61394690560,4301200896,0,174616702976,121145434112,0
1791588144.5188575,0.04626105912029743,61604909056,0,65485668352,19532873728,61394685952,61394690560,4301200896,0,174617042944,121145434112,0
1791588144.718427,0.0457498487085104,61604909056,0,65485668352,19532873728,61394685952,61394690560,4301200896,0,174617141248,121145434112,0
1791588144.9197466,0.04696822725236416,61604909056,0,65485668352,19532873728,61394685952,61394690560,4301200896,0,174617075712,121145430016,0
1791588145.118452,0.04559451527893543,61604909056,0,65485668352,19532873728,61394685952,61394690560,4301200896,0,174617133056,121145430016,0
1791588145.3163712,0.04343218728899956,61604909056,0,65485668352,19532873728,61394685952,61394690560,4301200896,0,174617251840,121145430016,0
1791588145.5154972,0.04247559234499931,61604909056,0,65485668352,19532873728,61394685952,61394690560,4301200896,0,174617329664,121145430016,0
1791588145.716342,0.04324125498533249,61604909056,0,65485668352,19532873728,61394685952,61394690560,4301200896,0,174617145344,121145430016,0
1791588145.9187613,0.045546283945441246,61604909056,0,64411926528,20606615552,61394685952,61394690560,3227459072,0,174617214976,121145430016,0
1791588146.1162028,0.042905235663056374,61604909056,0,65485668352,19532873728,61394685952,61394690560,4301200896,0,174617030656,121145430016,0
1791588146.315599,0.042220642790198326,61604909056,0,65485668352,19532873728,61394685952,61394690560,4301200896,0,174617083904,121145430016,0
1791588146.5169864,0.04352712444961071,61604909056,0,65485668352,19532873728,61394685952,61394690560,4301200896,0,174617165824,121145430016,0
1791588146.718528,0.044991156086325645,61604909056,0,65485668352,19532873728,61394685952,61394690560,4301200896,0,174617251840,121145430016,0
1791588146.918153,0.04453391022980213,61604909056,0,65485668352,19532873728,61394685952,61394690560,4301200896,0,174617165824,121145430016,0
1791588147.119961,0.04625898599624634,61604909056,0,65485668352,19532873728,61394685952,61394690560,4301200896,0,174617534464,121145430016,0
1791588147.3196964,0.04588540457189083,61604909056,0,65485668352,19532873728,61394685952,61394690560,4301200896,0,174617636864,121145430016,0
1791588147.5147173,0.040823906660079956,61604909056,0,65485668352,19532873728,61394685952,61394690560,4301200896,0,174617444352,121145430016,0
1791588147.7212217,0.04725017584860325,61604909056,0,65485668352,19532873728,61394685952,61394690560,4301200896,0,174617784320,121145430016,0
1791588147.918839,0.04478803835809231,61604909056,0,65485668352,19532873728,61394685952,61394690560,4301200896,0,174617874432,121145425920,0
1791588148.1216419,0.047508133575320244,61604909056,0,65485668352,19532873728,61394685952,61394690560,4301200896,0,174617890816,121145425920,0
1791588148.3158252,0.04161040112376213,61604909056,0,65485668352,19532873728,61394685952,61394690560,4301200896,0,174617980928,121145425920,0
1791588148.5195482,0.04525400511920452,61604909056,0,65485668352,19532873728,61394685952,61394690560,4301200896,0,174617817088,121145425920,0
1791588148.7214634,0.04708545282483101,61604909056,0,65485668352,19532873728,61394685952,61394690560,4301200896,0,174617907200,121145425920,0
1791588148.922734,0.04827395640313625,61604909056,0,64411926528,20606615552,61394685952,61394690560,3227459072,0,174617948160,121145425920,0
1791588149.1203146,0.04577483423054218,61604909056,0,65485668352,19532873728,61394685952,61394690560,4301200896,0,174617923584,121145425920,0
1791588149.3163111,0.041690776124596596,61604909056,0,65485668352,19532873728,61394685952,61394690560,4301200896,0,174618021888,121145425920,0
1791588149.5171223,0.04241602122783661,61604909056,0,65485668352,19532873728,61394685952,61394690560,4301200896,0,174617337856,121145425920,0
1791588149.7191584,0.04436980187892914,61604909056,0,65485668352,19532873728,61394685952,61394690560,4301200896,0,174617657344,121145425920,0
1791588149.9194808,0.04461147077381611,61604909056,0,65485668352,19532873728,61394685952,61394690560,4301200896,0,174617636864,121145425920,0
1791588150.1221669,0.04721551947295666,61604909056,0,65485668352,19532873728,61394685952,61394690560,4301200896,0,174617698304,121145421824,0
1791588150.319468,0.044435372576117516,61604909056,0,65217232896,19801309184,61394685952,61394690560,4032765440,0,174617731072,121145421824,0
1791588150.5227792,0.047664131969213486,61604909056,0,65485668352,19532873728,61394685952,61394690560,4301200896,0,174617784320,121145421824,0
1791588150.7211487,0.04594774730503559,61604909056,0,65485668352,19532873728,61394685952,61394690560,4301200896,0,174617600000,121145421824,0
1791588150.919539,0.044255299493670464,61604909056,0,65485668352,19532873728,61394685952,61394690560,4301200896,0,174617948160,121145421824,0
1791588151.1199908,0.04462443292140961,61604909056,0,65485668352,19532873728,61394685952,61394690560,4301200896,0,174618030080,121145421824,0
1791588151.3219967,0.04654557630419731,61604909056,0,65485668352,19532873728,61394685952,61394690560,4301200896,0,174618251264,121145421824,0
1791588151.5215108,0.04598039202392101,61604909056,0,65485668352,19532873728,61394685952,61394690560,4301200896,0,174618411008,121145421824,0
1791588151.7209954,0.04537835903465748,61604909056,0,65485668352,19532873728,61394685952,61394690560,4301200896,0,174625927168,121145421824,0
1791588151.923536,0.04782719537615776,61604909056,0,64411926528,20606615552,61394685952,61394690560,3227459072,0,174624972800,121145421824,0
1791588152.1190064,0.04321655072271824,61604909056,0,65485668352,19532873728,61394685952,61394690560,4301200896,0,174625382400,121145421824,0
1791588152.3208456,0.04497519135475159,61604909056,0,65485668352,19532873728,61394685952,61394690560,4301200896,0,174625304576,121145421824,0
1791588152.5247347,0.04878228344023228,61604909056,0,65485668352,19532873728,61394685952,61394690560,4301200896,0,174625161216,121145421824,0
1791588152.7235312,0.0474951546639204,61604909056,0,65485668352,19532873728,61394685952,61394690560,4301200896,0,174625247232,121145421824,0
1791588152.9229712,0.04685196653008461,61604909056,0,65485668352,19532873728,61394685952,61394690560,4301200896,0,174625325056,121145421824,0
1791588153.1207566,0.04455116018652916,61604909056,0,65485668352,19532873728,61394685952,61394690560,4301200896,0,174625415168,121145417728,0
1791588153.3204389,0.04415149427950382,61604909056,0,64411926528,20606615552,61394685952,61394690560,3227459072,0,174625509376,121145417728,0
1791588153.5203843,0.04400868900120258,61604909056,0,65485668352,19532873728,61394685952,61394690560,4301200896,0,174625337344,121145417728,0
1791588153.7203605,0.043902892619371414,61604909056,0,65485668352,19532873728,61394685952,61394690560,4301200896,0,174626938880,121145417728,0
1791588153.9223096,0.045771174132823944,61604909056,0,65485668352,19532873728,61394685952,61394690560,4301200896,0,174627037184,121145417728,0
1791588154.1234813,0.04686141572892666,61604909056,0,65485668352,19532873728,61394685952,61394690560,4301200896,0,174626906112,121145417728,0
1791588154.320319,0.04361910745501518,61604909056,0,65485668352,19532873728,61394685952,61394690560,4301200896,0,174626983936,121145417728,0
1791588154.524321,0.047538917511701584,61604909056,0,65485668352,19532873728,61394685952,61394690560,4301200896,0,174626992128,121145417728,0
1791588154.7249615,0.0480970274657011,61604909056,0,65485668352,19532873728,61394685952,61394690560,4301200896,0,174627082240,121145417728,0
1791588154.9211092,0.044162822887301445,61604909056,0,65485668352,19532873728,61394685952,61394690560,4301200896,0,174627164160,121145417728,0
1791588155.1230905,0.046064842492341995,61604909056,0,65485668352,19532873728,61394685952,61394690560,4301200896,0,174627082240,121145417728,0
1791588155.3235064,0.046398816630244255,61604909056,0,65485668352,19532873728,61394685952,61394690560,4301200896,0,174627168256,121145417728,0
1791588155.5208979,0.04366697929799557,61604909056,0,65485668352,19532873728,61394685952,61394690560,4301200896,0,174627172352,121145417728,0
1791588155.7225718,0.04526328854262829,61604909056,0,65485668352,19532873728,61394685952,61394690560,4301200896,0,174627246080,121145417728,0
1791588155.9214578,0.044070275500416756,61604909056,0,65485668352,19532873728,61394685952,61394690560,4301200896,0,174627336192,121145417728,0
1791588156.1213753,0.04390660114586353,61604909056,0,65485668352,19532873728,61394685952,61394690560,4301200896,0,174627430400,121145413632,0
1791588156.3214185,0.04386776313185692,61604909056,0,64411926528,20606615552,61394685952,61394690560,3227459072,0,174626979840,121145413632,0
1791588156.5243685,0.04673713631927967,61604909056,0,65485668352,19532873728,61394685952,61394690560,4301200896,0,174627053568,121145413632,0
1791588156.7246733,0.04696108028292656,61604909056,0,65485668352,19532873728,61394685952,61394690560,4301200896,0,174626951168,121145413632,0
1791588156.9215462,0.04375344514846802,61604909056,0,65485668352,19532873728,61394685952,61394690560,4301200896,0,174627303424,121145413632,0
1791588157.1244774,0.04660473391413689,61604909056,0,65485668352,19532873728,61394685952,61394690560,4301200896,0,174627434496,121145413632,0
1791588157.3242273,0.0462492611259222,61604909056,0,65485668352,19532873728,61394685952,61394690560,4301200896,0,174626783232,121145413632,0
1791588157.524776,0.04671620763838291,61604909056,0,65485668352,19532873728,61394685952,61394690560,4301200896,0,174627131392,121145413632,0
1791588157.7232678,0.045124467462301254,61604909056,0,65217232896,19801309184,61394685952,61394690560,4032765440,0,174627131392,121145413632,0
1791588157.92309,0.04486440680921078,61604909056,0,65485668352,19532873728,61394685952,61394690560,4301200896,0,174627217408,121145413632,0
1791588158.121197,0.04288855940103531,61604909056,0,65485668352,19532873728,61394685952,61394690560,4301200896,0,174627303424,121145409536,0
1791588158.3206391,0.04224681667983532,61604909056,0,65485668352,19532873728,61394685952,61394690560,4301200896,0,174627401728,121145409536,0
1791588158.5207224,0.04224636219441891,61604909056,0,65485668352,19532873728,61394685952,61394690560,4301200896,0,174627123200,121145409536,0
1791588158.7210357,0.04247653856873512,61604909056,0,65485668352,19532873728,61394685952,61394690560,4301200896,0,174627217408,121145409536,0
1791588158.921362,0.042718611657619476,61604909056,0,65485668352,19532873728,61394685952,61394690560,4301200896,0,174627311616,121145409536,0
1791588159.121269,0.042542291805148125,61604909056,0,65485668352,19532873728,61394685952,61394690560,4301200896,0,174627409920,121145409536,0
1791588159.3212662,0.04245469905436039,61604909056,0,64411926528,20606615552,61394685952,61394690560,3227459072,0,174626914304,121145409536,0
1791588159.5257182,0.046825265511870384,61604909056,0,65485668352,19532873728,61394685952,61394690560,4301200896,0,174626680832,121145409536,0
1791588159.7267723,0.04779393970966339,61604909056,0,65485668352,19532873728,61394685952,61394690560,4301200896,0,174626959360,121145409536,0
1791588159.9242048,0.045145727694034576,61604909056,0,65485668352,19532873728,61394685952,61394690560,4301200896,0,174626787328,121145409536,0
1791588160.1222653,0.043122705072164536,61604909056,0,65485668352,19532873728,61394685952,61394690560,4301200896,0,174626885632,121145409536,0
1791588160.3223374,0.04311255365610123,61604909056,0,65485668352,19532873728,61394685952,61394690560,4301200896,0,174626983936,121145409536,0
1791588160.5278444,0.04853822849690914,61604909056,0,65485668352,19532873728,61394685952,61394690560,4301200896,0,174627037184,121145409536,0
1791588160.7260187,0.04662979021668434,61604909056,0,62801313792,22217228288,61394685952,61394690560,1616846336,0,174627540992,121145409536,0
1791588160.923591,0.044116321951150894,61604909056,0,65485668352,19532873728,61394685952,61394690560,4301200896,0,174627639296,121145409536,0
1791588161.125503,0.04594569280743599,61604909056,0,65485668352,19532873728,61394685952,61394690560,4301200896,0,174627643392,121145409536,0
1791588161.3247824,0.04514148645102978,61604909056,0,65485668352,19532873728,61394685952,61394690560,4301200896,0,174627389440,121145405440,0
1791588161.52305,0.043325528502464294,61604909056,0,65485668352,19532873728,61394685952,61394690560,4301200896,0,174627434496,121145405440,0
1791588161.7226102,0.04280419833958149,61604909056,0,65485668352,19532873728,61394685952,61394690560,4301200896,0,174627323904,121145405440,0
1791588161.9224472,0.04255947843194008,61604909056,0,65485668352,19532873728,61394685952,61394690560,4301200896,0,174627155968,121145405440,0
1791588162.127292,0.0473211407661438,61604909056,0,65485668352,19532873728,61394685952,61394690560,4301200896,0,174626938880,121145405440,0
1791588162.3248863,0.044832395389676094,61604909056,0,65485668352,19532873728,61394685952,61394690560,4301200896,0,174626938880,121145405440,0
1791588162.5243924,0.04425888508558273,61604909056,0,65485668352,19532873728,61394685952,61394690560,4301200896,0,174626881536,121145405440,0
1791588162.7259407,0.045723872259259224,61604909056,0,65485668352,19532873728,61394685952,61394690560,4301200896,0,174627090432,121145405440,0
1791588162.9264443,0.04614739306271076,61604909056,0,65485668352,19532873728,61394685952,61394690560,4301200896,0,174627184640,121145405440,0
1791588163.1244276,0.04405160807073116,61604909056,0,65485668352,19532873728,61394685952,61394690560,4301200896,0,174627307520,121145405440,0
1791588163.3273885,0.0469308253377676,61604909056,0,65485668352,19532873728,61394685952,61394690560,4301200896,0,174626779136,121145401344,0
1791588163.5243077,0.043767163529992104,61604909056,0,65485668352,19532873728,61394685952,61394690560,4301200896,0,174626865152,121145401344,0
1791588163.7311478,0.050525713711977005,61604909056,0,64411926528,20606615552,61394685952,61394690560,3227459072,0,174627098624,121145401344,0
1791588163.9235325,0.0428305771201849,61604909056,0,65485668352,19532873728,61394685952,61394690560,4301200896,0,174627188736,121145401344,0
1791588164.1233425,0.04255715198814869,61604909056,0,65485668352,19532873728,61394685952,61394690560,4301200896,0,174626955264,121145401344,0
1791588164.3236375,0.04277198016643524,61604909056,0,65485668352,19532873728,61394685952,61394690560,4301200896,0,174627041280,121145401344,0
1791588164.52802,0.04707355238497257,61604909056,0,65485668352,19532873728,61394685952,61394690560,4301200896,0,174627127296,121145401344,0
1791588164.7272918,0.046264275908470154,61604909056,0,65485668352,19532873728,61394685952,61394690560,4301200896,0,174627364864,121145401344,0
1791588164.9282708,0.04716120474040508,61604909056,0,65485668352,19532873728,61394685952,61394690560,4301200896,0,174627393536,121145401344,0
1791588165.1250331,0.04380770027637482,61604909056,0,65485668352,19532873728,61394685952,61394690560,4301200896,0,174627487744,121145401344,0
1791588165.3275433,0.04624069668352604,61604909056,0,65485668352,19532873728,61394685952,61394690560,4301200896,0,174627299328,121145401344,0
1791588165.5261607,0.04477517493069172,61604909056,0,65485668352,19532873728,61394685952,61394690560,4301200896,0,174627467264,121145401344,0
1791588165.7247252,0.0432586707174778,61604909056,0,65485668352,19532873728,61394685952,61394690560,4301200896,0,174627405824,121145401344,0
1791588165.9247804,0.04323217272758484,61604909056,0,65485668352,19532873728,61394685952,61394690560,4301200896,0,174627233792,121145401344,0
1791588166.124664,0.04303412511944771,61604909056,0,65485668352,19532873728,61394685952,61394690560,4301200896,0,174627065856,121145401344,0
1791588166.3247836,0.043072083964943886,61604909056,0,65485668352,19532873728,61394685952,61394690560,4301200896,0,174627098624,121145397248,0
1791588166.527187,0.04539135657250881,61604909056,0,65485668352,19532873728,61394685952,61394690560,4301200896,0,174627184640,121145397248,0
1791588166.727609,0.04573146067559719,61604909056,0,64411926528,20606615552,61394685952,61394690560,3227459072,0,174627807232,121145397248,0
1791588166.9231365,0.04118187725543976,61604909056,0,65485668352,19532873728,61394685952,61394690560,4301200896,0,174627598336,121145397248,0
1791588167.1232693,0.04122978076338768,61604909056,0,65485668352,19532873728,61394685952,61394690560,4301200896,0,174627815424,121145397248,0
1791588167.3275805,0.04546421580016613,61604909056,0,65485668352,19532873728,61394685952,61394690560,4301200896,0,174627909632,121145397248,0
1791588167.5294054,0.047204580157995224,61604909056,0,65485668352,19532873728,61394685952,61394690560,4301200896,0,174627889152,121145397248,0
1791588167.728605,0.046320896595716476,61604909056,0,65485668352,19532873728,61394685952,61394690560,4301200896,0,174627352576,121145397248,0
1791588167.92828,0.04591269604861736,61604909056,0,65485668352,19532873728,61394685952,61394690560,4301200896,0,174627446784,121145397248,0
1791588168.127941,0.04549369402229786,61604909056,0,65217232896,19801309184,61394685952,61394690560,4032765440,0,174627463168,121145397248,0
1791588168.327238,0.04471302963793278,61604909056,0,65485668352,19532873728,61394685952,61394690560,4301200896,0,174627553280,121145397248,0
1791588168.5278883,0.04528363607823849,61604909056,0,65485668352,19532873728,61394685952,61394690560,4301200896,0,174627889152,121145397248,0
1791588168.7257938,0.04310544393956661,61604909056,0,65485668352,19532873728,61394685952,61394690560,4301200896,0,174627622912,121145397248,0
1791588168.9246104,0.0418438408523798,61604909056,0,65485668352,19532873728,61394685952,61394690560,4301200896,0,174627610624,121145397248,0
1791588169.1253273,0.04247741214931011,61604909056,0,65485668352,19532873728,61394685952,61394690560,4301200896,0,174627676160,121145397248,0
1791588169.329326,0.04639711417257786,61604909056,0,65485668352,19532873728,61394685952,61394690560,4301200896,0,174627696640,121145393152,0
1791588169.5289643,0.04594891704618931,61604909056,0,65485668352,19532873728,61394685952,61394690560,4301200896,0,174628057088,121145393152,0
1791588169.7277682,0.04467231594026089,61604909056,0,64411926528,20606615552,61394685952,61394690560,3227459072,0,174627786752,121145393152,0
1791588169.9288392,0.04562675766646862,61604909056,0,65485668352,19532873728,61394685952,61394690560,4301200896,0,174627852288,121145393152,0
1791588170.1286058,0.04531346261501312,61604909056,0,65485668352,19532873728,61394685952,61394690560,4301200896,0,174627880960,121145393152,0
1791588170.3294492,0.04607582278549671,61604909056,0,65485668352,19532873728,61394685952,61394690560,4301200896,0,174627713024,121145393152,0
1791588170.5280526,0.04459812305867672,61604909056,0,65485668352,19532873728,61394685952,61394690560,4301200896,0,174627172352,121145393152,0
1791588170.7266073,0.043066658079624176,61604909056,0,65485668352,19532873728,61394685952,61394690560,4301200896,0,174626603008,121145393152,0
1791588170.9261386,0.04251857474446297,61604909056,0,65485668352,19532873728,61394685952,61394690560,4301200896,0,174626689024,121145393152,0
1791588171.1445942,0.06088941730558872,61604909056,0,62801313792,22217228288,61394685952,61394690560,1616846336,0,174626627584,121145393152,0
1791588171.3433208,0.05953643657267094,61604909056,0,65485668352,19532873728,61394685952,61394690560,4301200896,0,174626713600,121145393152,0
1791588171.5302343,0.04636855982244015,61604909056,0,65485668352,19532873728,61394685952,61394690560,4301200896,0,174626136064,121145389056,0
1791588171.7325163,0.048565132543444633,61604909056,0,65485668352,19532873728,61394685952,61394690560,4301200896,0,174626672640,121145389056,0
1791588171.932857,0.048824068158864975,61604909056,0,65485668352,19532873728,61394685952,61394690560,4301200896,0,174626467840,121145389056,0
1791588172.1330557,0.04893995635211468,61604909056,0,65485668352,19532873728,61394685952,61394690560,4301200896,0,174626570240,121145389056,0
1791588172.3308923,0.04669390805065632,61604909056,0,65485668352,19532873728,61394685952,61394690560,4301200896,0,174626582528,121145389056,0
1791588172.5318747,0.047594621777534485,61604909056,0,65485668352,19532873728,61394685952,61394690560,4301200896,0,174626918400,121145389056,0
1791588172.7326922,0.04831521026790142,61604909056,0,64411926528,20606615552,61394685952,61394690560,3227459072,0,174626742272,121145389056,0
1791588172.9289799,0.04452153667807579,61604909056,0,65485668352,19532873728,61394685952,61394690560,4301200896,0,174626832384,121145389056,0
1791588173.1305172,0.0459663700312376,61604909056,0,65485668352,19532873728,61394685952,61394690560,4301200896,0,174626795520,121145389056,0
1791588173.3311417,0.046504560858011246,61604909056,0,65485668352,19532873728,61394685952,61394690560,4301200896,0,174626615296,121145389056,0
1791588173.5324647,0.047746816650033,61604909056,0,65485668352,19532873728,61394685952,61394690560,4301200896,0,174626648064,121145389056,0
1791588173.7326796,0.047881390899419785,61604909056,0,65485668352,19532873728,61394685952,61394690560,4301200896,0,174626484224,121145389056,0
1791588173.9297814,0.0449009258300066,61604909056,0,65485668352,19532873728,61394685952,61394690560,4301200896,0,174626562048,121145389056,0
1791588174.1294768,0.04451331868767738,61604909056,0,65217232896,19801309184,61394685952,61394690560,4032765440,0,174626918400,121145389056,0
1791588174.3291254,0.044079797342419624,61604909056,0,65485668352,19532873728,61394685952,61394690560,4301200896,0,174626742272,121145389056,0
1791588174.5323975,0.04727167263627052,61604909056,0,65485668352,19532873728,61394685952,61394690560,4301200896,0,174626828288,121145384960,0
1791588174.7320514,0.04683947563171387,61604909056,0,65485668352,19532873728,61394685952,61394690560,4301200896,0,174626922496,121145384960,0
1791588174.9292748,0.043976860120892525,61604909056,0,65485668352,19532873728,61394685952,61394690560,4301200896,0,174626988032,121145384960,0
1791588175.131481,0.04609819874167442,61604909056,0,65485668352,19532873728,61394685952,61394690560,4301200896,0,174627082240,121145384960,0
1791588175.3290222,0.04355526715517044,61604909056,0,65485668352,19532873728,61394685952,61394690560,4301200896,0,174627176448,121145384960,0
1791588175.5327973,0.0472516193985939,61604909056,0,65485668352,19532873728,61394685952,61394690560,4301200896,0,174627270656,121145384960,0
1791588175.7418785,0.05624900572001934,61664264192,0,61740154880,23278387200,61394685952,61394690560,615042560,0,174687121408,121145380864,0
1791588175.9379385,0.05222530476748943,61664268288,0,61740154880,23278387200,61394685952,61394690560,615046656,0,174687330304,121145380864,0
1791588176.1408556,0.055059295147657394,61664337920,0,61740154880,23278387200,61394685952,61394690560,615116288,0,174686801920,121145380864,0
1791588176.34158,0.05570085346698761,61664436224,0,61740154880,23278387200,61394685952,61394690560,615214592,0,174687145984,121145380864,0
1791588176.542742,0.056781332939863205,61664505856,0,61740154880,23278387200,61394685952,61394690560,615284224,0,174686887936,121145380864,0
1791588176.7402809,0.05423673056066036,61664612352,0,61740154880,23278387200,61394685952,61394690560,615390720,0,174686986240,121145380864,0
1791588176.9370153,0.050892237573862076,61664677888,0,61740154880,23278387200,61394685952,61394690560,615456256,0,174687272960,121145380864,0
1791588177.1395676,0.053356679156422615,61664784384,0,61740154880,23278387200,61394685952,61394690560,615562752,0,174687309824,121145380864,0
1791588177.3421066,0.05581178702414036,61664854016,0,61740154880,23278387200,61394685952,61394690560,615632384,0,174687526912,121145380864,0
1791588177.5400736,0.05369457229971886,61664952320,0,61740154880,23278387200,61394685952,61394690560,615730688,0,174687617024,121145380864,0
1791588177.7379956,0.051531875506043434,61665026048,0,61740154880,23278387200,61394685952,61394690560,615804416,0,174687891456,121145380864,0
1791588177.9374828,0.05093495734035969,61665124352,0,61740154880,23278387200,61394685952,61394690560,615902720,0,174687813632,121145380864,0
1791588178.1375618,0.05093153938651085,61665181696,0,61740154880,23278387200,61394685952,61394690560,615960064,0,174688018432,121145380864,0
1791588178.341739,0.05501878261566162,61665275904,0,61740154880,23278387200,61394685952,61394690560,616054272,0,174688026624,121145380864,0
1791588178.54157,0.05476811341941357,61665341440,0,61740154880,23278387200,61394685952,61394690560,616119808,0,174688231424,121145380864,0
1791588178.740548,0.05366157554090023,61665443840,0,61740154880,23278387200,61394685952,61394690560,616222208,0,174688055296,121145380864,0
1791588178.941321,0.05435390770435333,61665505280,0,61740154880,23278387200,61394685952,61394690560,616283648,0,174688292864,121145380864,0
1791588179.1410744,0.05402405932545662,61665603584,0,61740154880,23278387200,61394685952,61394690560,616381952,0,174688350208,121145380864,0
1791588179.3411875,0.05405388027429581,61665603584,0,61740154880,23278387200,61394685952,61394690560,616381952,0,174687690752,121145380864,0
1791588179.5424566,0.055237431079149246,61664718848,0,61740154880,23278387200,61394685952,61394690560,615497216,0,174687199232,121145380864,0
1791588179.7386107,0.05130713991820812,61664751616,0,61740154880,23278387200,61394685952,61394690560,615529984,0,174687555584,121145380864,0
1791588179.9414103,0.05402436479926109,61664825344,0,61740154880,23278387200,61394685952,61394690560,615603712,0,174687567872,121145380864,0
1791588180.141141,0.05367225222289562,61664923648,0,61740154880,23278387200,61394685952,61394690560,615702016,0,174687625216,121145380864,0
1791588180.339247,0.05169452168047428,61664993280,0,61740154880,23278387200,61394685952,61394690560,615771648,0,174687649792,121145380864,0
1791588180.5441515,0.056509414687752724,61665091584,0,61740154880,23278387200,61394685952,61394690560,615869952,0,174687649792,121145380864,0
1791588180.7417443,0.05401959456503391,61665161216,0,61740154880,23278387200,61394685952,61394690560,615939584,0,174687920128,121145380864,0
1791588180.9384758,0.050671907141804695,61665263616,0,61740154880,23278387200,61394685952,61394690560,616041984,0,174688276480,121145380864,0
1791588181.1386092,0.05072102136909962,61665329152,0,61740154880,23278387200,61394685952,61394690560,616107520,0,174688038912,121145380864,0
1791588181.3412168,0.05324459262192249,61665435648,0,61740154880,23278387200,61394685952,61394690560,616214016,0,174687813632,121145380864,0
1791588181.5404093,0.05235808715224266,61665505280,0,61740154880,23278387200,61394685952,61394690560,616283648,0,174687752192,121145380864,0
1791588181.7415783,0.05343303829431534,61665603584,0,61740154880,23278387200,61394685952,61394690560,616381952,0,174687768576,121145380864,0
1791588181.9421363,0.053902799263596535,61665603584,0,61740154880,23278387200,61394685952,61394690560,616381952,0,174687105024,121145380864,0
1791588182.1404412,0.05212370492517948,61664727040,0,61740154880,23278387200,61394685952,61394690560,615505408,0,174687248384,121145380864,0
1791588182.3392954,0.05088237673044205,61664759808,0,61740154880,23278387200,61394685952,61394690560,615538176,0,174687211520,121145380864,0
1791588182.5420985,0.053603898733854294,61664833536,0,61740154880,23278387200,61394685952,61394690560,615611904,0,174687199232,121145380864,0
1791588182.7415838,0.05300968885421753,61664931840,0,61740154880,23278387200,61394685952,61394690560,615710208,0,174687031296,121145380864,0
1791588182.9422467,0.053593117743730545,61665001472,0,61740154880,23278387200,61394685952,61394690560,615779840,0,174687055872,121145380864,0
1791588183.1411204,0.0523845087736845,61665099776,0,61740154880,23278387200,61394685952,61394690560,615878144,0,174687416320,121145380864,0
1791588183.340219,0.05140354111790657,61665169408,0,61740154880,23278387200,61394685952,61394690560,615947776,0,174687703040,121145380864,0
1791588183.537779,0.04888460785150528,61665271808,0,61740154880,23278387200,61394685952,61394690560,616050176,0,174687793152,121145380864,0
1791588183.7417326,0.05275253765285015,61665337344,0,61740154880,23278387200,61394685952,61394690560,616115712,0,174688079872,121145380864,0
1791588183.9416625,0.05259900167584419,61665443840,0,61740154880,23278387200,61394685952,61394690560,616222208,0,174687907840,121145380864,0
1791588184.1418638,0.05271920748054981,61665513472,0,61740154880,23278387200,61394685952,61394690560,616291840,0,174688206848,121145380864,0
1791588184.3418458,0.05261669494211674,61665611776,0,61740154880,23278387200,61394685952,61394690560,616390144,0,174688276480,121145380864,0
1791588184.5464537,0.057139746844768524,61665611776,0,61740154880,23278387200,61394685952,61394690560,616390144,0,174687035392,121145380864,0
1791588184.7436473,0.05425124615430832,61664735232,0,61740154880,23278387200,61394685952,61394690560,615513600,0,174686789632,121145380864,0
1791588184.9405544,0.05107850953936577,61664772096,0,61740154880,23278387200,61394685952,61394690560,615550464,0,174686830592,121145380864,0
1791588185.1392071,0.04964660480618477,61664845824,0,61740154880,23278387200,61394685952,61394690560,615624192,0,174687121408,121145380864,0
1791588185.341293,0.05165260098874569,61664944128,0,61740154880,23278387200,61394685952,61394690560,615722496,0,174686945280,121145380864,0
1791588185.5459373,0.056211456656455994,61665013760,0,61740154880,23278387200,61394685952,61394690560,615792128,0,174687207424,121145380864,0
1791588185.7395272,0.049715468659996986,61665112064,0,61740154880,23278387200,61394685952,61394690560,615890432,0,174687559680,121145380864,0
1791588185.9412007,0.051309771835803986,61665181696,0,61740154880,23278387200,61394685952,61394690560,615960064,0,174687576064,121145380864,0
1791588186.1451442,0.05517165921628475,61665284096,0,61740154880,23278387200,61394685952,61394690560,616062464,0,174687666176,121145380864,0
1791588186.343988,0.053931696340441704,61665349632,0,61740154880,23278387200,61394685952,61394690560,616128000,0,174687956992,121145380864,0
1791588186.5416205,0.0514715313911438,61665456128,0,61740154880,23278387200,61394685952,61394690560,616234496,0,174688030720,121145380864,0
1791588186.7479699,0.05773315951228142,61665525760,0,61740154880,23278387200,61394685952,61394690560,616304128,0,174688002048,121145380864,0
1791588186.942121,0.05180411413311958,61665624064,0,61740154880,23278387200,61394685952,61394690560,616402432,0,174688251904,121145380864,0
1791588187.1463163,0.05591731518507004,61665624064,0,61740154880,23278387200,61394685952,61394690560,616402432,0,174687719424,121145380864,0
1791588187.341369,0.050890183076262474,61664743424,0,61740154880,23278387200,61394685952,61394690560,615521792,0,174687293440,121145380864,0
1791588187.540372,0.049815040081739426,61664780288,0,61740154880,23278387200,61394685952,61394690560,615558656,0,174687391744,121145380864,0
1791588187.743028,0.05238398164510727,61664854016,0,61740154880,23278387200,61394685952,61394690560,615632384,0,174687641600,121145380864,0
1791588187.9480047,0.057265350595116615,61664952320,0,61740154880,23278387200,61394685952,61394690560,615730688,0,174686892032,121145380864,0
1791588188.146722,0.05590067245066166,61665021952,0,61740154880,23278387200,61394685952,61394690560,615800320,0,174687182848,121145380864,0
1791588188.3425112,0.05160718597471714,61665120256,0,61740154880,23278387200,61394685952,61394690560,615898624,0,174687268864,121145380864,0
1791588188.544579,0.05359390936791897,61665189888,0,61740154880,23278387200,61394685952,61394690560,615968256,0,174687551488,121145380864,0
1791588188.7468016,0.05573360063135624,61665288192,0,61740154880,23278387200,61394685952,61394690560,616066560,0,174687469568,121145380864,0
1791588188.944882,0.05373385548591614,61665357824,0,61740154880,23278387200,61394685952,61394690560,616136192,0,174687002624,121145380864,0
1791588189.1462805,0.05504634790122509,61665464320,0,61740154880,23278387200,61394685952,61394690560,616242688,0,174686900224,121145380864,0
1791588189.3446026,0.053288478404283524,61665529856,0,61740154880,23278387200,61394685952,61394690560,616308224,0,174687092736,121145380864,0
1791588189.5449126,0.05351356416940689,61665636352,0,61740154880,23278387200,61394685952,61394690560,616414720,0,174687174656,121145380864,0
1791588189.743138,0.05165416561067104,61665636352,0,61740154880,23278387200,61394685952,61394690560,616414720,0,174686277632,121145380864,0
1791588189.9479332,0.05636665038764477,61664751616,0,61740154880,23278387200,61394685952,61394690560,615529984,0,174686797824,121145380864,0
1791588190.144852,0.05320259369909763,61664788480,0,61740154880,23278387200,61394685952,61394690560,615566848,0,174686621696,121145380864,0
1791588190.3430593,0.05132806673645973,61664858112,0,61740154880,23278387200,61394685952,61394690560,615636480,0,174686556160,121145380864,0
1791588190.5423222,0.05050661973655224,61664956416,0,61740154880,23278387200,61394685952,61394690560,615734784,0,174686892032,121145380864,0
1791588190.7478106,0.05591166578233242,61665030144,0,61740154880,23278387200,61394685952,61394690560,615808512,0,174686924800,121145380864,0
1791588190.9437428,0.05176534131169319,61665128448,0,61740154880,23278387200,61394685952,61394690560,615906816,0,174687268864,121145380864,0
1791588191.1459074,0.0538470484316349,61665198080,0,61740154880,23278387200,61394685952,61394690560,615976448,0,174687559680,121145380864,0
1791588191.3443043,0.05216356925666332,61665296384,0,61740154880,23278387200,61394685952,61394690560,616074752,0,174687571968,121145380864,0
1791588191.5424566,0.050234731286764145,61665366016,0,61740154880,23278387200,61394685952,61394690560,616144384,0,174687621120,121145380864,0
1791588191.74409,0.05178355984389782,61665472512,0,61740154880,23278387200,61394685952,61394690560,616250880,0,174687969280,121145380864,0
1791588191.944351,0.05196060240268707,61665538048,0,61740154880,23278387200,61394685952,61394690560,616316416,0,174688260096,121145380864,0
1791588192.143958,0.05148499645292759,61665644544,0,61740154880,23278387200,61394685952,61394690560,616422912,0,174688698368,121145380864,0
1791588192.3553874,0.06283294968307018,61665644544,0,61740154880,23278387200,61394685952,61394690560,616422912,0,174687621120,121145380864,0
1791588192.5462494,0.05361521057784557,61664759808,0,61740154880,23278387200,61394685952,61394690560,615538176,0,174687162368,121145380864,0
1791588192.7469556,0.054230231791734695,61664796672,0,61740154880,23278387200,61394685952,61394690560,615575040,0,174687264768,121145380864,0
1791588192.944398,0.05158190429210663,61664866304,0,61740154880,23278387200,61394685952,61394690560,615644672,0,174687485952,121145380864,0
1791588193.1462882,0.053386613726615906,61664964608,0,61740154880,23278387200,61394685952,61394690560,615742976,0,174687576064,121145380864,0
1791588193.3472104,0.054227279499173164,61665038336,0,61740154880,23278387200,61394685952,61394690560,615816704,0,174687604736,121145380864,0
