unix_seconds,sample_duration_seconds,host_tree_rss_bytes,host_tree_swap_bytes,whole_gpu_used_bytes,whole_gpu_free_bytes,resident_host_W_lower_bound_bytes,resident_device_W_bytes,sampled_temporary_bytes,W_transition_incomplete,cgroup_memory_current_bytes,disk_available_bytes
1791575397.65342,0.027011971920728683,48885760,0,0,85017493504,0,0,48885760,0,125799055360,121282834432
1791575397.8549302,0.028440143913030624,78757888,0,0,85017493504,0,0,78757888,0,125828403200,121282830336
1791575398.053277,0.026700221002101898,78962688,0,0,85017493504,0,0,78962688,0,125828485120,121282830336
1791575398.2515144,0.024855896830558777,78966784,0,0,85017493504,0,0,78966784,0,125828575232,121282830336
1791575398.4519665,0.02522631175816059,78966784,0,0,85017493504,0,0,78966784,0,125828399104,121282830336
1791575398.654291,0.027463652193546295,78974976,0,0,85017493504,0,0,78974976,0,125828489216,121282830336
1791575398.8530927,0.026180818676948547,78974976,0,0,85017493504,0,0,78974976,0,125828616192,121282830336
1791575399.052102,0.025109095498919487,78974976,0,0,85017493504,0,0,78974976,0,125828435968,121282830336
1791575399.2513456,0.02427338808774948,78974976,0,0,85017493504,0,0,78974976,0,125828526080,121282830336
1791575399.4517922,0.02463897503912449,78974976,0,0,85017493504,0,0,78974976,0,125828476928,121282830336
1791575399.6514578,0.02422509342432022,78987264,0,0,85017493504,0,0,78987264,0,125828038656,121282830336
1791575399.8519711,0.024646636098623276,78987264,0,0,85017493504,0,0,78987264,0,125828128768,121282830336
1791575400.0562112,0.02880675159394741,78987264,0,0,85017493504,0,0,78987264,0,125827383296,121282830336
1791575400.2560294,0.028543617576360703,87781376,0,0,85017493504,0,0,87781376,0,125836353536,121282830336
1791575400.4559755,0.028409581631422043,87781376,0,0,85017493504,0,0,87781376,0,125836447744,121282830336
1791575400.6558356,0.028190363198518753,87781376,0,0,85017493504,0,0,87781376,0,125836713984,121282830336
1791575400.8523445,0.02461758814752102,87781376,0,0,85017493504,0,0,87781376,0,125836795904,121282830336
1791575401.052095,0.024286512285470963,87781376,0,0,85017493504,0,0,87781376,0,125836345344,121282830336
1791575401.2542913,0.02639930322766304,87785472,0,0,85017493504,0,0,87785472,0,125836439552,121282830336
1791575401.4566267,0.02864651195704937,87785472,0,0,85017493504,0,0,87785472,0,125836427264,121282830336
1791575401.6538484,0.02578776329755783,87785472,0,0,85017493504,0,0,87785472,0,125836042240,121282830336
1791575401.8526015,0.024458173662424088,87785472,0,0,85017493504,0,0,87785472,0,125836128256,121282830336
1791575402.0526578,0.024433830752968788,87785472,0,0,85017493504,0,0,87785472,0,125836210176,121282830336
1791575402.2524507,0.02414453588426113,87789568,0,0,85017493504,0,0,87789568,0,125836304384,121282830336
1791575402.4543338,0.02594689279794693,87789568,0,0,85017493504,0,0,87789568,0,125836115968,121282830336
1791575402.6530762,0.024607781320810318,87789568,0,0,85017493504,0,0,87789568,0,125836214272,121282830336
1791575402.8538918,0.02532952092587948,96579584,0,0,85017493504,0,0,96579584,0,125845057536,121282830336
1791575403.0535562,0.024910520762205124,96579584,0,0,85017493504,0,0,96579584,0,125844885504,121282830336
1791575403.2533412,0.024615200236439705,96579584,0,0,85017493504,0,0,96579584,0,125844959232,121282830336
1791575403.4548984,0.026088085025548935,96579584,0,0,85017493504,0,0,96579584,0,125844586496,121282830336
1791575403.6533685,0.02447759173810482,96579584,0,0,85017493504,0,0,96579584,0,125844406272,121282830336
1791575403.853431,0.024459611624479294,96579584,0,0,85017493504,0,0,96579584,0,125844291584,121282830336
1791575404.0563724,0.027315160259604454,96579584,0,0,85017493504,0,0,96579584,0,125844381696,121282830336
1791575404.2564857,0.02734268829226494,96579584,0,0,85017493504,0,0,96579584,0,125844209664,121282830336
1791575404.456711,0.027489040046930313,96583680,0,0,85017493504,0,0,96583680,0,125844279296,121282830336
1791575404.6545444,0.025244899094104767,96583680,0,0,85017493504,0,0,96583680,0,125844369408,121282830336
1791575404.853089,0.023711027577519417,96583680,0,0,85017493504,0,0,96583680,0,125844459520,121282826240
1791575405.052863,0.023404700681567192,96583680,0,0,85017493504,0,0,96583680,0,125844553728,121282826240
1791575405.2536714,0.024130476638674736,128385024,0,0,85017493504,0,0,128385024,0,125876518912,121282822144
1791575405.4529703,0.023349111899733543,130072576,0,0,85017493504,0,0,130072576,0,125878177792,121282822144
1791575405.6531608,0.023447928950190544,130072576,0,0,85017493504,0,0,130072576,0,125878267904,121282822144
1791575405.8534703,0.02366708032786846,130072576,0,0,85017493504,0,0,130072576,0,125877817344,121282822144
1791575406.0536711,0.023787276819348335,130072576,0,0,85017493504,0,0,130072576,0,125877915648,121282822144
1791575406.253453,0.02348851040005684,130072576,0,0,85017493504,0,0,130072576,0,125878009856,121282822144
1791575406.453315,0.023270634934306145,130072576,0,0,85017493504,0,0,130072576,0,125877800960,121282822144
1791575406.6537192,0.02359366975724697,130072576,0,0,85017493504,0,0,130072576,0,125877882880,121282822144
1791575406.8549702,0.02476401813328266,130072576,0,0,85017493504,0,0,130072576,0,125877964800,121282822144
1791575407.0539231,0.02362346649169922,130072576,0,0,85017493504,0,0,130072576,0,125878050816,121282822144
1791575407.2536814,0.02330230548977852,130072576,0,0,85017493504,0,0,130072576,0,125877882880,121282822144
1791575407.4538062,0.023343868553638458,130072576,0,0,85017493504,0,0,130072576,0,125877977088,121282822144
1791575407.653933,0.02339024469256401,130072576,0,0,85017493504,0,0,130072576,0,125878001664,121282822144
1791575407.8538969,0.023274153470993042,140902400,0,0,85017493504,0,0,140902400,0,125889101824,121282822144
1791575408.0545232,0.02381969802081585,140902400,0,0,85017493504,0,0,140902400,0,125888929792,121282822144
1791575408.254197,0.02341380901634693,140902400,0,0,85017493504,0,0,140902400,0,125889024000,121282822144
1791575408.4572566,0.026394160464406013,140902400,0,0,85017493504,0,0,140902400,0,125889110016,121282822144
1791575408.6561549,0.02521326020359993,140902400,0,0,85017493504,0,0,140902400,0,125888933888,121282822144
1791575408.856099,0.025066206231713295,140902400,0,0,85017493504,0,0,140902400,0,125888757760,121282822144
1791575409.055442,0.02432646043598652,140902400,0,0,85017493504,0,0,140902400,0,125888851968,121282822144
1791575409.255914,0.024715378880500793,140902400,0,0,85017493504,0,0,140902400,0,125888946176,121282822144
1791575409.4594383,0.028157515451312065,140902400,0,0,85017493504,0,0,140902400,0,125889040384,121282822144
1791575409.658691,0.027330808341503143,140902400,0,0,85017493504,0,0,140902400,0,125889126400,121282822144
1791575409.855459,0.02402002550661564,140902400,0,0,85017493504,0,0,140902400,0,125888950272,121282822144
1791575410.055823,0.024303195998072624,140902400,0,0,85017493504,0,0,140902400,0,125889036288,121282822144
1791575410.2557025,0.024102943018078804,147681280,0,0,85017493504,0,0,147681280,0,125896208384,121282822144
1791575410.4561381,0.024457234889268875,147681280,0,0,85017493504,0,0,147681280,0,125896278016,121282822144
1791575410.655928,0.024165745824575424,147681280,0,0,85017493504,0,0,147681280,0,125896089600,121282822144
1791575410.8558118,0.02397039346396923,147681280,0,0,85017493504,0,0,147681280,0,125895913472,121282822144
1791575411.0589669,0.02703995257616043,147681280,0,0,85017493504,0,0,147681280,0,125896007680,121282822144
1791575411.2588727,0.02686399221420288,147681280,0,0,85017493504,0,0,147681280,0,125896101888,121282822144
1791575411.456377,0.024286940693855286,147681280,0,0,85017493504,0,0,147681280,0,125895921664,121282822144
1791575411.6561017,0.02393069863319397,147681280,0,0,85017493504,0,0,147681280,0,125896015872,121282822144
1791575411.8565855,0.024323727935552597,147681280,0,0,85017493504,0,0,147681280,0,125896101888,121282822144
1791575412.0578663,0.02552243322134018,147681280,0,0,85017493504,0,0,147681280,0,125896196096,121282822144
1791575412.257297,0.024871183559298515,147681280,0,0,85017493504,0,0,147681280,0,125896019968,121282822144
1791575412.45933,0.02682342380285263,147681280,0,0,85017493504,0,0,147681280,0,125895933952,121282818048
1791575412.6573694,0.024784214794635773,135233536,0,0,85017493504,0,0,135233536,0,125883363328,121282813952
1791575412.8565066,0.0238413717597723,136974336,0,0,85017493504,0,0,136974336,0,125884661760,121282813952
1791575413.056503,0.023758664727211,136982528,0,0,85017493504,0,0,136982528,0,125884743680,121282813952
1791575413.2565298,0.023704752326011658,136990720,0,0,85017493504,0,0,136990720,0,125884833792,121282813952
1791575413.4571228,0.024214504286646843,136998912,0,0,85017493504,0,0,136998912,0,125884928000,121282813952
1791575413.6713107,0.038316620513796806,247808000,0,0,85017493504,89124864,0,158683136,0,125996085248,121282809856
1791575413.8713722,0.038295963779091835,403337216,0,0,85017493504,246804480,0,156532736,0,126151831552,121282809856
1791575414.072886,0.03972706198692322,565977088,0,0,85017493504,408809472,0,157167616,0,126314983424,121282809856
1791575414.274872,0.04163369908928871,726278144,0,0,85017493504,569503744,0,156774400,0,126475767808,121282809856
1791575414.4777224,0.04440188407897949,887238656,0,0,85017493504,730738688,0,156499968,0,126636814336,121282809856
1791575414.6802404,0.046838490292429924,1046175744,0,0,85017493504,889004032,0,157171712,0,126796029952,121282809856
1791575414.8801641,0.04667333513498306,1202348032,0,0,85017493504,1047166976,0,155181056,0,126952947712,121282809856
1791575415.0833182,0.049745241180062294,1361313792,0,0,85017493504,1205329920,0,155983872,0,127111938048,121282809856
1791575415.286727,0.053072020411491394,1522118656,0,0,85017493504,1365860352,0,156258304,0,127272996864,121282809856
1791575415.4896617,0.05592508800327778,1686036480,0,0,85017493504,1528610816,0,157425664,0,127437451264,121282809856
1791575415.6937692,0.05995035730302334,1853468672,0,0,85017493504,1697509376,0,155959296,0,127604654080,121282809856
1791575415.8956842,0.06178346648812294,2006884352,0,0,85017493504,1851564032,0,155320320,0,127758626816,121282809856
1791575416.0991461,0.065164128318429,2161156096,0,0,85017493504,2006446080,0,154710016,0,127913127936,121282809856
1791575416.310579,0.07650992274284363,2321387520,0,0,85017493504,2164240384,0,157147136,0,128073650176,121282809856
1791575416.5137465,0.07959401234984398,2474352640,0,0,85017493504,2317295616,0,157057024,0,128226828288,121282809856
1791575416.7131038,0.07887199893593788,2623987712,0,0,85017493504,2468278272,0,155709440,0,128376864768,121282809856
1791575416.9102943,0.07598576694726944,2771103744,0,0,85017493504,2616610816,0,154492928,0,128524288000,121282809856
1791575417.108811,0.07443007826805115,2921512960,0,0,85017493504,2766336000,0,155176960,0,128674848768,121282809856
1791575417.319329,0.08487367071211338,3078762496,0,0,85017493504,2921140224,0,157622272,0,128832483328,121282809856
1791575417.5105114,0.07597777619957924,3223785472,0,0,85017493504,3064590336,0,159195136,0,128977973248,121282809856
1791575417.7140336,0.07943189144134521,3375837184,0,0,85017493504,3219689472,0,156147712,0,129130717184,121282809856
1791575417.914364,0.07968753390014172,3528331264,0,0,85017493504,3372134400,0,156196864,0,129283354624,121282809856
1791575418.1151319,0.08038441278040409,3676721152,0,0,85017493504,3521744896,0,154976256,0,129432080384,121282809856
1791575418.3166354,0.08182312548160553,3828228096,0,0,85017493504,3672592384,0,155635712,0,129583550464,121282809856
1791575418.5144532,0.07957341335713863,3984465920,0,0,85017493504,3830038528,0,154427392,0,129740046336,121282809856
1791575418.7140489,0.07910384237766266,4134739968,0,0,85017493504,3981242368,0,153497600,0,129890750464,121282809856
1791575418.9170315,0.08201699890196323,4290846720,0,0,85017493504,4137451520,0,153395200,0,130047070208,121282809856
1791575419.1185598,0.08347786031663418,4439203840,0,0,85017493504,4284743680,0,154460160,0,130195816448,121282809856
1791575419.3231733,0.08802616037428379,4588609536,0,0,85017493504,4433571840,0,155037696,0,130345578496,121282809856
1791575419.527311,0.09209410101175308,4737044480,0,0,85017493504,4581793792,0,155250688,0,130494046208,121282809856
1791575419.7269769,0.09169597364962101,4889296896,0,0,85017493504,4733739008,0,155557888,0,130646704128,121282805760
1791575419.931484,0.09612596780061722,5049552896,0,0,85017493504,4891799552,0,157753344,0,130807476224,121282805760
1791575420.1209168,0.0854812953621149,5203058688,0,0,85017493504,5044957184,0,158101504,0,130961350656,121282805760
1791575420.3316088,0.09610471315681934,5362196480,0,0,85017493504,5207019520,0,155176960,0,131120930816,121282805760
1791575420.5366619,0.10109541192650795,5515288576,0,0,85017493504,5358088192,0,157200384,0,131274002432,121282805760
1791575420.7345266,0.09888485632836819,5662355456,0,0,85017493504,5509148672,0,153206784,0,131421417472,121282805760
1791575420.9395695,0.10386298969388008,5818650624,0,0,85017493504,5662109696,0,156540928,0,131577741312,121282805760
1791575421.1371489,0.10137776657938957,5969498112,0,0,85017493504,5817364480,0,152133632,0,131729096704,121282805760
1791575421.3405955,0.10476197302341461,6131044352,0,0,85017493504,5973745664,0,157298688,0,131890335744,121282805760
1791575421.5410604,0.10516559518873692,6278656000,0,0,85017493504,6123405312,0,155250688,0,132038205440,121282805760
1791575421.7431931,0.1072351224720478,6426836992,0,0,85017493504,6271135744,0,155701248,0,132186820608,121282805760
1791575421.942488,0.1064669955521822,6577516544,0,0,85017493504,6422622208,0,154894336,0,132337614848,121282805760
1791575422.1424909,0.10640681348741055,6730137600,0,0,85017493504,6575968256,0,154169344,0,132490797056,121282805760
1791575422.3428066,0.10666170716285706,6880501760,0,0,85017493504,6726873088,0,153628672,0,132641619968,121282805760
1791575422.5511124,0.11490491591393948,7035125760,0,0,85017493504,6879584256,0,155541504,0,132796366848,121282805760
1791575422.743758,0.10748783685266972,7179333632,0,0,85017493504,7026348032,0,152985600,0,132940902400,121282805760
1791575422.9593117,0.12297859974205494,7339859968,0,0,85017493504,7180054528,0,159805440,0,133101731840,121282805760
1791575423.1556365,0.11923634819686413,7484047360,0,0,85017493504,7329013760,0,155033600,0,133246259200,121282805760
1791575423.3542266,0.11776429042220116,7632470016,0,0,85017493504,7478112256,0,154357760,0,133394993152,121282805760
1791575423.553921,0.1173943467438221,7780839424,0,0,85017493504,7626682368,0,154157056,0,133543555072,121282805760
1791575423.7572703,0.12068140879273415,7932493824,0,0,85017493504,7776657408,0,155836416,0,133695365120,121282805760
1791575423.9613547,0.12470106035470963,8088006656,0,0,85017493504,7932219392,0,155787264,0,133851131904,121282805760
1791575424.1569579,0.12024120800197124,8236023808,0,0,85017493504,8080678912,0,155344896,0,133999534080,121282805760
1791575424.357266,0.12048803269863129,8387768320,0,0,85017493504,8232824832,0,154943488,0,134151520256,121282805760
1791575424.5599174,0.123076181858778,8540991488,0,0,85017493504,8386048000,0,154943488,0,134304894976,121282805760
1791575424.7649343,0.1280318684875965,8698908672,0,0,85017493504,8541540352,0,157368320,0,134463070208,121282805760
1791575424.9484065,0.11143768206238747,8837279744,0,0,85017493504,8681091072,0,156188672,0,134602072064,121282805760
1791575425.1353886,0.09835430793464184,8977604608,0,0,85017493504,8821821440,0,155783168,0,134742786048,121282805760
1791575425.3675644,0.13046827912330627,9155198976,0,0,85017493504,8998801408,0,156397568,0,134920511488,121282805760
1791575425.5660908,0.1289225909858942,9306251264,0,0,85017493504,9151770624,0,154480640,0,135072116736,121282805760
1791575425.7656202,0.1283897664397955,9458913280,0,0,85017493504,9304801280,0,154112000,0,135225016320,121282805760
1791575425.9701433,0.13285075686872005,9614970880,0,0,85017493504,9458417664,0,156553216,0,135381590016,121282805760
1791575426.169901,0.13254559226334095,9767981056,0,0,85017493504,9612996608,0,154984448,0,135535030272,121282805760
1791575426.3705237,0.13310754112899303,9921703936,0,0,85017493504,9767473152,0,154230784,0,135688998912,121282805760
1791575426.572626,0.13514819741249084,10071977984,0,0,85017493504,9916874752,0,155103232,0,135839170560,121282805760
1791575426.774367,0.13682691752910614,10229059584,0,0,85017493504,10072711168,0,156348416,0,135996731392,121282801664
1791575426.9766572,0.13905268535017967,10391756800,0,0,85017493504,10236456960,0,155299840,0,136159875072,121282801664
1791575427.182158,0.14448771439492702,10553917440,0,0,85017493504,10397577216,0,156340224,0,136321961984,121282801664
1791575427.3821137,0.14438143000006676,10708840448,0,0,85017493504,10553126912,0,155713536,0,136477274112,121282801664
1791575427.5812292,0.1434321440756321,10866360320,0,0,85017493504,10710953984,0,155406336,0,136635097088,121282801664
1791575427.7822695,0.14440864883363247,11024715776,0,0,85017493504,10869350400,0,155365376,0,136794005504,121282801664
1791575427.983818,0.14589509554207325,11183079424,0,0,85017493504,11028107264,0,154972160,0,136952750080,121282801664
1791575428.1838555,0.1458674892783165,11339186176,0,0,85017493504,11184369664,0,154816512,0,137109069824,121282801664
1791575428.385151,0.14710086397826672,11497840640,0,0,85017493504,11342761984,0,155078656,0,137268019200,121282801664
1791575428.585879,0.14776526764035225,11656159232,0,0,85017493504,11500486656,0,155672576,0,137426706432,121282801664
1791575428.7892134,0.1510305404663086,11817209856,0,0,85017493504,11661131776,0,156078080,0,137588273152,121282801664
1791575428.993355,0.15510602667927742,11979919360,0,0,85017493504,11824377856,0,155541504,0,137751150592,121282801664
1791575429.1984973,0.16018548794090748,12143304704,0,0,85017493504,11986599936,0,156704768,0,137914822656,121282801664
1791575429.3920295,0.15365523286163807,12296306688,0,0,85017493504,12140789760,0,155516928,0,138068275200,121282801664
1791575429.5916176,0.153180668130517,12457070592,0,0,85017493504,12301115392,0,155955200,0,138228895744,121282801664
1791575429.791892,0.15339249931275845,12617793536,0,0,85017493504,12462555136,0,155238400,0,138389938176,121282801664
1791575429.992779,0.15421702526509762,12777455616,0,0,85017493504,12622057472,0,155398144,0,138549927936,121282801664
1791575430.2004201,0.16179322637617588,12940705792,0,0,85017493504,12782731264,0,157974528,0,138713505792,121282801664
1791575430.395668,0.15697854943573475,13098713088,0,0,85017493504,12942659584,0,156053504,0,138872180736,121282801664
1791575430.596132,0.15738111920654774,13263646720,0,0,85017493504,13106937856,0,156708864,0,139037106176,121282801664
1791575430.8013623,0.16254812851548195,13431750656,0,0,85017493504,13274939392,0,156811264,0,139205533696,121282801664
1791575431.002867,0.1639869175851345,13595459584,0,0,85017493504,13438971904,0,156487680,0,139369709568,121282801664
1791575431.2026122,0.16367150470614433,13756624896,0,0,85017493504,13600673792,0,155951104,0,139531276288,121282801664
1791575431.40178,0.16277802176773548,13913731072,0,0,85017493504,13758812160,0,154918912,0,139688448000,121282801664
1791575431.6004949,0.1614286918193102,14068367360,0,0,85017493504,13913636864,0,154730496,0,139843403776,121282801664
1791575431.801106,0.16197479330003262,14219976704,0,0,85017493504,14065209344,0,154767360,0,139995324416,121282801664
1791575432.0038013,0.16461507230997086,14369701888,0,0,85017493504,14215118848,0,154583040,0,140145098752,121282801664
1791575432.2031674,0.16391697153449059,14525808640,0,0,85017493504,14371545088,0,154263552,0,140301692928,121282801664
1791575432.4038224,0.16450944729149342,14676713472,0,0,85017493504,14522052608,0,154660864,0,140452782080,121282801664
1791575432.608527,0.16915143467485905,14829043712,0,0,85017493504,14674489344,0,154554368,0,140605706240,121282801664
1791575432.8086634,0.1692253053188324,14985097216,0,0,85017493504,14830473216,0,154624000,0,140761899008,121282801664
1791575433.0047743,0.16527388244867325,15140814848,0,0,85017493504,14985945088,0,154869760,0,140917575680,121282801664
1791575433.204187,0.16462436132133007,15304179712,0,0,85017493504,15148285952,0,155893760,0,141081395200,121282801664
1791575433.40491,0.16528494656085968,15465975808,0,0,85017493504,15310995456,0,154980352,0,141243629568,121282801664
1791575433.606758,0.16707068495452404,15620157440,0,0,85017493504,15466217472,0,153939968,0,141397811200,121282797568
1791575433.8068407,0.16709046810865402,15771463680,0,0,85017493504,15617871872,0,153591808,0,141549621248,121282797568
1791575434.0087101,0.1688952073454857,15924809728,0,0,85017493504,15769939968,0,154869760,0,141703311360,121282797568
1791575434.216212,0.1763313002884388,16089313280,0,0,85017493504,15934287872,0,155025408,0,141868027904,121282797568
1791575434.4202547,0.18031082674860954,16253145088,0,0,85017493504,16097648640,0,155496448,0,142032224256,121282797568
1791575434.615748,0.17574108392000198,16410865664,0,0,85017493504,16255094784,0,155770880,0,142189850624,121282797568
1791575434.8177383,0.1776698287576437,16571830272,0,0,85017493504,16415813632,0,156016640,0,142351163392,121282797568
1791575435.0196888,0.17955885641276836,16731643904,0,0,85017493504,16575758336,0,155885568,0,142511689728,121282797568
1791575435.2350726,0.1948868278414011,16895016960,0,0,85017493504,16729239552,0,165777408,0,142675042304,121282797568
1791575435.419058,0.17881073243916035,17036607488,0,0,85017493504,16880365568,0,156241920,0,142816948224,121282797568
1791575435.622328,0.1820166688412428,17198383104,0,0,85017493504,17042792448,0,155590656,0,142979137536,121282797568
1791575435.8297868,0.18941207975149155,17361174528,0,0,85017493504,17204166656,0,157007872,0,143142539264,121282797568
1791575436.025217,0.18477926775813103,17516224512,0,0,85017493504,17359761408,0,156463104,0,143297425408,121282797568
1791575436.2296429,0.189143106341362,17676906496,0,0,85017493504,17520824320,0,156082176,0,143458410496,121282797568
1791575436.4267018,0.18613730370998383,17833308160,0,0,85017493504,17676451840,0,156856320,0,143614840832,121282797568
1791575436.627746,0.18711184710264206,17990516736,0,0,85017493504,17834704896,0,155811840,0,143772549120,121282797568
1791575436.8274398,0.18674367852509022,18148704256,0,0,85017493504,17992392704,0,156311552,0,143930994688,121282797568
1791575437.0273168,0.18655850365757942,18303418368,0,0,85017493504,18150289408,0,153128960,0,144086016000,121282797568
1791575437.2261872,0.18533367477357388,18462846976,0,0,85017493504,18307235840,0,155611136,0,144245878784,121282797568
1791575437.4273734,0.18645821139216423,18624753664,0,0,85017493504,18469154816,0,155598848,0,144408231936,121282797568
1791575437.628969,0.18799216113984585,18788790272,0,0,85017493504,18632097792,0,156692480,0,144572416000,121282797568
1791575437.8332007,0.1921620201319456,18954461184,0,0,85017493504,18797154304,0,157306880,0,144738394112,121282797568
1791575438.027292,0.18619087152183056,19111071744,0,0,85017493504,18955333632,0,155738112,0,144895512576,121282797568
1791575438.2327302,0.19156760349869728,19276029952,0,0,85017493504,19119747072,0,156282880,0,145060753408,121282797568
1791575438.4307227,0.18953693471848965,19437355008,0,0,85017493504,19281473536,0,155881472,0,145222332416,121282797568
1791575438.6280382,0.18679133616387844,19597717504,0,0,85017493504,19442475008,0,155242496,0,145382858752,121282797568
1791575438.827788,0.18647797219455242,19759554560,0,0,85017493504,19604201472,0,155353088,0,145545183232,121282797568
1791575439.0280752,0.18670320324599743,19921846272,0,0,85017493504,19767554048,0,154292224,0,145707802624,121282797568
1791575439.2288456,0.18741231970489025,20081639424,0,0,85017493504,19926724608,0,154914816,0,145868062720,121282797568
1791575439.4297132,0.18821710720658302,20241313792,0,0,85017493504,20086411264,0,154902528,0,146027794432,121282797568
1791575439.6362875,0.19472534582018852,20407324672,0,0,85017493504,20251590656,0,155734016,0,146194075648,121282797568
1791575439.8420076,0.2003839612007141,20573224960,0,0,85017493504,20413796352,0,159428608,0,146360107008,121282797568
1791575440.035102,0.19295348040759563,20725735424,0,0,85017493504,20570660864,0,155074560,0,146513289216,121282797568
1791575440.2378898,0.19570433534681797,20889485312,0,0,85017493504,20732637184,0,156848128,0,146677256192,121282797568
1791575440.4099796,0.1677314080297947,21026144256,0,0,85017493504,20871127040,0,155017216,0,146814484480,121282793472
1791575440.5936017,0.15129240415990353,21170671616,0,0,85017493504,21013614592,0,157057024,0,146959261696,121282793472
1791575440.839169,0.19679676555097103,21367644160,0,0,85017493504,21211312128,0,156332032,0,147157004288,121282793472
1791575441.0374033,0.1949700564146042,21527367680,0,0,85017493504,21371654144,0,155713536,0,147317264384,121282793472
1791575441.2406356,0.19814034923911095,21689843712,0,0,85017493504,21535195136,0,154648576,0,147479924736,121282793472
1791575441.5464501,0.30389366298913956,21932318720,0,0,85017493504,21693853696,0,238465024,0,147722760192,121282793472
1791575441.742838,0.1962501872330904,22089269248,0,0,85017493504,21933842432,0,155426816,0,147880136704,121282793472
1791575441.9469001,0.20025059767067432,22252793856,0,0,85017493504,22095958016,0,156835840,0,148044115968,121282793472
1791575442.149731,0.20268480479717255,22415310848,0,0,85017493504,22258184192,0,157126656,0,148206727168,121282793472
1791575442.324652,0.17477841302752495,22551171072,0,0,85017493504,22395043840,0,156127232,0,148343046144,121282793472
1791575442.5069838,0.15704828687012196,22689513472,0,0,85017493504,22533328896,0,156184576,0,148481548288,121282793472
1791575442.7050781,0.15507990308105946,22841368576,0,0,85017493504,22686330880,0,155037696,0,148633669632,121282793472
1791575442.907555,0.15749064460396767,22997577728,0,0,85017493504,22840537088,0,157040640,0,148790276096,121282793472
1791575443.1541307,0.20400402322411537,23185985536,0,0,85017493504,23029227520,0,156758016,0,148978884608,121282793472
1791575443.35767,0.20339364744722843,23341137920,0,0,85017493504,23184732160,0,156405760,0,149134348288,121282793472
1791575443.5381327,0.18031753227114677,23477825536,0,0,85017493504,23320375296,0,157450240,0,149270851584,121282793472
1791575443.7641819,0.20630458556115627,23647059968,0,0,85017493504,23491182592,0,155877376,0,149440712704,121282793472
1791575443.944228,0.1799011491239071,23788027904,0,0,85017493504,23630508032,0,157519872,0,149582086144,121282793472
1791575444.1243246,0.1599342580884695,23926157312,0,0,85017493504,23770161152,0,155996160,0,149720580096,121282793472
1791575444.3268878,0.162434171885252,24082677760,0,0,85017493504,23925968896,0,156708864,0,149877420032,121282793472
1791575444.528762,0.16423771902918816,24242409472,0,0,85017493504,24084996096,0,157413376,0,150037671936,121282793472
1791575444.7285604,0.1639721281826496,24399781888,0,0,85017493504,24243466240,0,156315648,0,150195314688,121282793472
1791575444.9280376,0.16338302195072174,24556634112,0,0,85017493504,24400625664,0,156008448,0,150352424960,121282793472
1791575445.175878,0.21116133220493793,24748789760,0,0,85017493504,24592355328,0,156434432,0,150544912384,121282793472
1791575445.3851883,0.2091653011739254,24915443712,0,0,85017493504,24760135680,0,155308032,0,150711984128,121282793472
1791575445.5941997,0.2088658381253481,25079824384,0,0,85017493504,24925761536,0,154062848,0,150876966912,121282793472
1791575445.806907,0.2125610765069723,25246863360,0,0,85017493504,25088851968,0,158011392,0,151043731456,121282793472
1791575445.9914637,0.1844144258648157,25390129152,0,0,85017493504,25233059840,0,157069312,0,151187718144,121282793472
1791575446.1717691,0.16465883888304234,25534554112,0,0,85017493504,25377419264,0,157134848,0,151332241408,121282793472
1791575446.372535,0.16535549983382225,25685901312,0,0,85017493504,25530806272,0,155095040,0,151484100608,121282793472
1791575446.5748203,0.16757704503834248,25840484352,0,0,85017493504,25683218432,0,157265920,0,151638843392,121282793472
1791575446.8219347,0.21462967060506344,26036105216,0,0,85017493504,25879945216,0,156160000,0,151835000832,121282793472
1791575447.0360284,0.21395185589790344,26203963392,0,0,85017493504,26048561152,0,155402240,0,152003129344,121282793472
1791575447.2520216,0.21585222892463207,26366668800,0,0,85017493504,26210910208,0,155758592,0,152166146048,121282793472
1791575447.4688575,0.2166912741959095,26530820096,0,0,85017493504,26375028736,0,155791360,0,152330727424,121282793472
1791575447.6592503,0.19023505970835686,26668662784,0,0,85017493504,26511273984,0,157388800,0,152468967424,121282789376
1791575447.8868635,0.21778713539242744,26848296960,0,0,85017493504,26690711552,0,157585408,0,152648749056,121282789376
1791575448.075596,0.18858470767736435,26995752960,0,0,85017493504,26839281664,0,156471296,0,152796688384,121282789376
1791575448.2581196,0.17104665003716946,27137388544,0,0,85017493504,26980642816,0,156745728,0,152938602496,121282789376
1791575448.4614513,0.174316992983222,27301347328,0,0,85017493504,27142672384,0,158674944,0,153102909440,121282789376
1791575448.7062502,0.21906636282801628,27497754624,0,0,85017493504,27341963264,0,155791360,0,153299619840,121282789376
1791575448.9276755,0.2212798073887825,27673202688,0,0,85017493504,27516465152,0,156737536,0,153475313664,121282789376
1791575449.1503456,0.22252652421593666,27850211328,0,0,85017493504,27693608960,0,156602368,0,153652727808,121282789376
1791575449.346211,0.19571472331881523,28006907904,0,0,85017493504,27847487488,0,159420416,0,153809850368,121282789376
1791575449.5756218,0.22506456077098846,28190892032,0,0,85017493504,28032856064,0,158035968,0,153994063872,121282789376
1791575449.8118389,0.23607373237609863,28379140096,0,0,85017493504,28221820928,0,157319168,0,154182549504,121282789376
1791575450.0063307,0.1943462546914816,28533235712,0,0,85017493504,28376494080,0,156741632,0,154336776192,121282789376
1791575450.1891544,0.17710810713469982,28680011776,0,0,85017493504,28523307008,0,156704768,0,154483802112,121282789376
1791575450.441052,0.22894454561173916,28876439552,0,0,85017493504,28720001024,0,156438528,0,154680758272,121282789376
1791575450.6383376,0.1971496157348156,29030662144,0,0,85017493504,28873519104,0,157143040,0,154835132416,121282789376
1791575450.8221383,0.18088925816118717,29174300672,0,0,85017493504,29017407488,0,156893184,0,154979119104,121282789376
1791575451.0735998,0.23228834010660648,29366190080,0,0,85017493504,29209260032,0,156930048,0,155171332096,121282789376
1791575451.3056867,0.23193764686584473,29545824256,0,0,85017493504,29390364672,0,155459584,0,155351355392,121282789376
1791575451.5503995,0.2445643674582243,29728518144,0,0,85017493504,29573730304,0,154787840,0,155534307328,121282789376
1791575451.7534783,0.202931834384799,29881249792,0,0,85017493504,29724655616,0,156594176,0,155687473152,121282789376
1791575451.9901087,0.23648698441684246,30059167744,0,0,85017493504,29902049280,0,157118464,0,155865804800,121282789376
1791575452.193807,0.20354296639561653,30213308416,0,0,85017493504,30056968192,0,156340224,0,156020543488,121282789376
1791575452.3802948,0.18633778765797615,30361309184,0,0,85017493504,30204362752,0,156946432,0,156168671232,121282789376
1791575452.5809617,0.1869434155523777,30519152640,0,0,85017493504,30362783744,0,156368896,0,156327034880,121282789376
1791575452.794195,0.2001146636903286,30686179328,0,0,85017493504,30520725504,0,165453824,0,156494376960,121282789376
1791575452.9963806,0.20203486271202564,30841929728,0,0,85017493504,30677200896,0,164728832,0,156650229760,121282789376
1791575453.2413287,0.24480835907161236,31033274368,0,0,85017493504,30877642752,0,155631616,0,156842229760,121282789376
1791575453.488725,0.24725005961954594,31221514240,0,0,85017493504,31065960448,0,155553792,0,157030715392,121282789376
1791575453.7019632,0.21309045143425465,31377666048,0,0,85017493504,31221436416,0,156229632,0,157186818048,121282789376
1791575453.951712,0.24960502237081528,31563415552,0,0,85017493504,31406915584,0,156499968,0,157373558784,121282789376
1791575454.2013292,0.24947090074419975,31747039232,0,0,85017493504,31591591936,0,155447296,0,157556846592,121282789376
1791575454.417027,0.21554914489388466,31904931840,0,0,85017493504,31749337088,0,155594752,0,157714731008,121282789376
1791575454.6799057,0.26273982785642147,32093605888,0,0,85017493504,31938793472,0,154812416,0,157903937536,121282789376
1791575454.9368799,0.2568243220448494,32281567232,0,0,85017493504,32125755392,0,155811840,0,158092496896,121282789376
1791575455.1946766,0.2576472908258438,32473374720,0,0,85017493504,32317939712,0,155435008,0,158284722176,121282785280
1791575455.4553194,0.2605049442499876,32667377664,0,0,85017493504,32512929792,0,154447872,0,158479118336,121282785280
1791575455.7201602,0.2647027876228094,32867950592,0,0,85017493504,32711884800,0,156065792,0,158679998464,121282785280
1791575455.9849565,0.26464158296585083,33074085888,0,0,85017493504,32918966272,0,155119616,0,158886658048,121282785280
1791575456.2532005,0.2681004386395216,33281511424,0,0,85017493504,33126244352,0,155267072,0,159094181888,121282785280
1791575456.5323288,0.2789805270731449,33495470080,0,0,85017493504,33339928576,0,155541504,0,159308705792,121282785280
1791575456.8128679,0.2803978081792593,33706397696,0,0,85017493504,33551462400,0,154935296,0,159519797248,121282785280
1791575457.089262,0.2762518413364887,33909186560,0,0,85017493504,33754443776,0,154742784,0,159722991616,121282785280
1791575457.3656473,0.27623553201556206,34109448192,0,0,85017493504,33955262464,0,154185728,0,159923617792,121282785280
1791575457.645192,0.27939681708812714,34314969088,0,0,85017493504,34160189440,0,154779648,0,160129740800,121282785280
1791575457.9256742,0.280333174392581,34542493696,0,0,85017493504,34387324928,0,155168768,0,160357367808,121282785280
1791575458.2137642,0.2879410795867443,34772226048,0,0,85017493504,34616897536,0,155328512,0,160587620352,121282785280
1791575458.50377,0.289866516366601,34991407104,0,0,85017493504,34836594688,0,154812416,0,160807129088,121282785280
1791575458.7912478,0.28732853941619396,35210027008,0,0,85017493504,35054088192,0,155938816,0,161026367488,121282785280
1791575459.0809224,0.2895346023142338,35424817152,0,0,85017493504,35270270976,0,154546176,0,161241407488,121282785280
1791575459.3717701,0.29070672392845154,35639820288,0,0,85017493504,35484332032,0,155488256,0,161456984064,121282785280
1791575459.6755161,0.30360869877040386,35873316864,0,0,85017493504,35717705728,0,155611136,0,161690910720,121282785280
1791575459.9759717,0.3003146667033434,36101681152,0,0,85017493504,35947147264,0,154533888,0,161919852544,121282785280
1791575460.274168,0.29805517941713333,36320739328,0,0,85017493504,36166434816,0,154304512,0,162138824704,121282785280
1791575460.5768445,0.3025273587554693,36541329408,0,0,85017493504,36387024896,0,154304512,0,162359640064,121282785280
1791575460.881253,0.30426481924951077,36760170496,0,0,85017493504,36606300160,0,153870336,0,162579611648,121282785280
1791575461.195287,0.31388647481799126,36987400192,0,0,85017493504,36833341440,0,154058752,0,162807230464,121282785280
1791575461.520808,0.32537744380533695,37220352000,0,0,85017493504,37066854400,0,153497600,0,163040952320,121282785280
1791575461.8312385,0.3102938272058964,37446778880,0,0,85017493504,37292601344,0,154177536,0,163267518464,121282785280
1791575462.1443727,0.31298720464110374,37671645184,0,0,85017493504,37518098432,0,153546752,0,163493052416,121282785280
1791575462.4590826,0.3145669624209404,37904650240,0,0,85017493504,37750370304,0,154279936,0,163726450688,121282785280
1791575462.7770078,0.3178209103643894,38139236352,0,0,85017493504,37985513472,0,153722880,0,163961290752,121282785280
1791575463.1077888,0.33063114434480667,38383947776,0,0,85017493504,38229291008,0,154656768,0,164206489600,121282785280
1791575463.4315312,0.32360236532986164,38631010304,0,0,85017493504,38476693504,0,154316800,0,164453789696,121282785280
1791575463.7590945,0.32740693166852,38872555520,0,0,85017493504,38719057920,0,153497600,0,164695437312,121282785280
1791575464.0874362,0.3281896188855171,39117201408,0,0,85017493504,38961852416,0,155348992,0,164940640256,121282785280
1791575464.4200945,0.3325183931738138,39372115968,0,0,85017493504,39216803840,0,155312128,0,165195976704,121282785280
1791575464.756545,0.33630538545548916,39631687680,0,0,85017493504,39476088832,0,155598848,0,165456220160,121282785280
1791575465.0997534,0.34307135082781315,39892881408,0,0,85017493504,39737475072,0,155406336,0,165717737472,121282785280
1791575465.4408987,0.34099517948925495,40155856896,0,0,85017493504,40000790528,0,155066368,0,165981528064,121282781184
1791575465.7851686,0.3441224303096533,40410513408,0,0,85017493504,40255950848,0,154562560,0,166236692480,121282781184
1791575466.1354272,0.3501066453754902,40673308672,0,0,85017493504,40515375104,0,157933568,0,166499975168,121282781184
1791575466.4732604,0.3376784436404705,40933982208,0,0,85017493504,40775184384,0,158797824,0,166761619456,121282781184
1791575466.7888513,0.31544378586113453,41179172864,0,0,85017493504,41020870656,0,158302208,0,167007326208,121282781184
1791575467.1046705,0.31566339544951916,41422143488,0,0,85017493504,41267212288,0,154931200,0,167251111936,121282781184
1791575467.4755783,0.3707643821835518,41702313984,0,0,85017493504,41547321344,0,154992640,0,167531880448,121282781184
1791575467.838162,0.3624375108629465,41973891072,0,0,85017493504,41817350144,0,156540928,0,167804067840,121282781184
1791575468.2100062,0.3715985119342804,42252230656,0,0,85017493504,42097176576,0,155054080,0,168082821120,121282781184
1791575468.5757535,0.36560564674437046,42527866880,0,0,85017493504,42372620288,0,155246592,0,168358952960,121282781184
1791575468.9426491,0.36675580590963364,42807795712,0,0,85017493504,42652536832,0,155258880,0,168639537152,121282781184
1791575469.3125532,0.3697669021785259,43093569536,0,0,85017493504,42937872384,0,155697152,0,168925863936,121282781184
1791575469.6964107,0.3837155196815729,43385868288,0,0,85017493504,43230556160,0,155312128,0,169218670592,121282781184
1791575470.0730927,0.37652837485074997,43661762560,0,0,85017493504,43507392512,0,154370048,0,169495060480,121282781184
1791575470.4528632,0.3796295914798975,43936903168,0,0,85017493504,43781386240,0,155516928,0,169770663936,121282781184
1791575470.8370085,0.38400175981223583,44232978432,0,0,85017493504,44075462656,0,157515776,0,170067488768,121282781184
1791575471.2277255,0.39057725109159946,44539494400,0,0,85017493504,44384280576,0,155213824,0,170375008256,121282781184
1791575471.6260843,0.398211058229208,44849102848,0,0,85017493504,44693352448,0,155750400,0,170684608512,121282781184
1791575472.020696,0.3945124875754118,45138939904,0,0,85017493504,44982571008,0,156368896,0,170974724096,121282781184
1791575472.4191544,0.39830861054360867,45426049024,0,0,85017493504,45270212608,0,155836416,0,171262382080,121282781184
1791575472.8182573,0.3989553414285183,45717467136,0,0,85017493504,45562499072,0,154968064,0,171554258944,121282781184
1791575473.237892,0.41949272714555264,46034763776,0,0,85017493504,45875163136,0,159600640,0,171872268288,121282781184
1791575473.6517458,0.4137006662786007,46347419648,0,0,85017493504,46191276032,0,156143616,0,172185845760,121282781184
1791575474.0812883,0.42940375208854675,46667788288,0,0,85017493504,46512730112,0,155058176,0,172506791936,121282781184
1791575474.4946737,0.41324435733258724,46977433600,0,0,85017493504,46822023168,0,155410432,0,172817166336,121282781184
1791575474.9121668,0.41734726540744305,47292956672,0,0,85017493504,47134142464,0,158814208,0,173133639680,121282781184
1791575475.329477,0.4171529170125723,47606792192,0,0,85017493504,47448846336,0,157945856,0,173447987200,121282781184
1791575475.7487555,0.41912890039384365,47940616192,0,0,85017493504,47782883328,0,157732864,0,173782568960,121282781184
1791575476.1758904,0.4269947577267885,48280322048,0,0,85017493504,48122884096,0,157437952,0,174123167744,121282781184
1791575476.603348,0.42731611616909504,48618569728,0,0,85017493504,48462884864,0,155684864,0,174461865984,121282781184
1791575477.035946,0.43245551735162735,48960311296,0,0,85017493504,48803082240,0,157229056,0,174804275200,121282781184
1791575477.477835,0.4417528435587883,49301307392,0,0,85017493504,49144823808,0,156483584,0,175145615360,121282781184
1791575477.9301488,0.4521730113774538,49650372608,0,0,85017493504,49493700608,0,156672000,0,175495188480,121282781184
1791575478.3795598,0.4492694977670908,49998528512,0,0,85017493504,49839226880,0,159301632,0,175844130816,121282781184
1791575478.871577,0.4918683785945177,50377244672,0,0,85017493504,50219388928,0,157855744,0,176224006144,121282781184
1791575479.3609977,0.48926979303359985,50758569984,0,0,85017493504,50601488384,0,157081600,0,176605773824,121282777088
1791575479.8182507,0.4571123756468296,51119349760,0,0,85017493504,50962034688,0,157315072,0,176967352320,121282777088
1791575480.2757916,0.4574018269777298,51471273984,0,0,85017493504,51318128640,0,153145344,0,177319960576,121282777088
1791575480.7353935,0.4594650883227587,51828436992,0,0,85017493504,51676770304,0,151666688,0,177677877248,121282777088
1791575481.2049835,0.4694500807672739,52199813120,0,0,85017493504,52040675328,0,159137792,0,178049822720,121282777088
1791575481.6519601,0.4468293823301792,52545740800,0,0,85017493504,52388950016,0,156790784,0,178396622848,121282777088
1791575482.1342764,0.4821786805987358,52921548800,0,0,85017493504,52764602368,0,156946432,0,178772840448,121282777088
1791575482.6041949,0.4697776082903147,53289717760,0,0,85017493504,53132271616,0,157446144,0,179141767168,121282777088
1791575483.0879672,0.48363371938467026,53674582016,0,0,85017493504,53516546048,0,158035968,0,179527233536,121282777088
1791575483.5654545,0.4773495700210333,54054404096,0,0,85017493504,53897523200,0,156880896,0,179907362816,121282777088
1791575484.0457456,0.48014351911842823,54432940032,0,0,85017493504,54277783552,0,155156480,0,180286627840,121282777088
1791575484.5290499,0.48316490091383457,54791020544,0,0,85017493504,54636134400,0,154886144,0,180645265408,121282777088
1791575485.0149555,0.485769335180521,55148130304,0,0,85017493504,54993620992,0,154509312,0,181003079680,121282777088
1791575485.5052683,0.4901653155684471,55511789568,0,0,85017493504,55355895808,0,155893760,0,181367549952,121282777088
1791575486.0100904,0.5046788826584816,55880790016,0,0,85017493504,55722668032,0,158121984,0,181737795584,121282777088
1791575486.5750904,0.5648462828248739,56291475456,0,0,85017493504,56133074944,0,158400512,0,182148993024,121282777088
1791575487.117725,0.5424846448004246,56685424640,0,0,85017493504,56529907712,0,155516928,0,182544072704,121282777088
1791575487.6750362,0.5571571104228497,57089626112,0,0,85017493504,56934141952,0,155484160,0,182948806656,121282777088
1791575488.1868634,0.5116774961352348,57465225216,0,0,85017493504,57311358976,0,153866240,0,183325396992,121282777088
1791575488.6993575,0.5123451445251703,57844367360,0,0,85017493504,57689759744,0,154607616,0,183704805376,121282777088
1791575489.2158184,0.5163138173520565,58219724800,0,0,85017493504,58064515072,0,155209728,0,184080990208,121282777088
1791575489.7460492,0.5300830919295549,58612191232,0,0,85017493504,58456215552,0,155975680,0,184474226688,121282777088
1791575490.2719862,0.5257910639047623,59006574592,0,0,85017493504,58850148352,0,156426240,0,184869347328,121282777088
1791575490.8046446,0.5325085632503033,59400634368,0,0,85017493504,59245064192,0,155570176,0,185264230400,121282777088
1791575491.345344,0.5405447594821453,59801653248,0,0,85017493504,59646197760,0,155455488,0,185666117632,121282777088
1791575491.8801975,0.5347041916102171,60196700160,0,0,85017493504,60042149888,0,154550272,0,186062032896,121282777088
1791575492.4256794,0.5453332364559174,60601081856,0,0,85017493504,60446089216,0,154992640,0,186467393536,121282777088
1791575492.974246,0.5484158787876368,61019090944,0,0,85017493504,60863442944,0,155648000,0,186886393856,121282777088
1791575493.5267615,0.5523690897971392,61426417664,0,0,85017493504,61270695936,0,155721728,0,187294568448,121282777088
1791575494.3689268,0.8420175835490227,61533495296,0,1048576,85017493504,61394554880,0,139988992,0,187394146304,121282772992
1791575494.9471486,0.5780836474150419,61595025408,0,23068672,84995473408,61394554880,0,223539200,0,187394510848,121282772992
1791575495.5158398,0.568549508228898,61595631616,0,24117248,84994424832,61394554880,0,225193984,0,187395100672,121282772992
1791575496.0667274,0.5507446993142366,61608714240,0,30408704,84988133376,61394554880,0,244568064,0,187401981952,121282772992
1791575496.6137345,0.5468643773347139,61631234048,0,42991616,84975550464,61394554880,0,279670784,0,187412230144,121282772992
1791575497.1593397,0.5454510785639286,61632794624,0,61948821504,23069720576,61394554880,0,,1,187413557248,121282764800
1791575497.71653,0.557057673111558,61632991232,0,61948821504,23069720576,61394554880,61394690560,792567296,0,187413311488,121282764800
1791575498.2671962,0.5505264308303595,61633032192,0,61948821504,23069720576,61394554880,61394690560,792608256,0,187413319680,121282764800
1791575498.81204,0.5447003431618214,61633032192,0,61948821504,23069720576,61394554880,61394690560,792608256,0,187413409792,121282764800
1791575499.3585527,0.5463683903217316,61633032192,0,61948821504,23069720576,61394554880,61394690560,792608256,0,187413336064,121282764800
1791575499.9052055,0.5465128663927317,61633032192,0,61948821504,23069720576,61394554880,61394690560,792608256,0,187413159936,121282764800
1791575500.453364,0.5480183679610491,61633032192,0,61948821504,23069720576,61394554880,61394690560,792608256,0,187413192704,121282764800
1791575501.005993,0.5524915363639593,61633032192,0,61948821504,23069720576,61394554880,61394690560,792608256,0,187413164032,121282764800
1791575501.5527112,0.5465697292238474,61633032192,0,61948821504,23069720576,61394554880,61394690560,792608256,0,187413229568,121282764800
1791575502.0985067,0.5456401202827692,61633032192,0,61948821504,23069720576,61394554880,61394690560,792608256,0,187413299200,121282764800
1791575502.6603591,0.56171097420156,61633032192,0,61948821504,23069720576,61394554880,61394690560,792608256,0,187413401600,121282764800
1791575503.2086449,0.5481386221945286,61633032192,0,61948821504,23069720576,61394554880,61394690560,792608256,0,187413188608,121282764800
1791575503.756844,0.5480592586100101,61633032192,0,61948821504,23069720576,61394554880,61394690560,792608256,0,187413143552,121282764800
1791575504.3074055,0.55041160620749,61633032192,0,61948821504,23069720576,61394554880,61394690560,792608256,0,187413233664,121282764800
1791575504.859572,0.552019365131855,61633032192,0,61948821504,23069720576,61394554880,61394690560,792608256,0,187413331968,121282764800
1791575505.414644,0.5549188386648893,61633032192,0,61948821504,23069720576,61394554880,61394690560,792608256,0,187413852160,121282764800
1791575506.0576448,0.6428483966737986,61633032192,0,61948821504,23069720576,61394554880,61394690560,792608256,0,187413905408,121282764800
1791575506.6795394,0.6217395961284637,61633032192,0,61948821504,23069720576,61394554880,61394690560,792608256,0,187413188608,121282764800
1791575507.2953064,0.6156108006834984,61633036288,0,61948821504,23069720576,61394554880,61394690560,792612352,0,187413209088,121282764800
1791575507.9174485,0.621991939842701,61633036288,0,61948821504,23069720576,61394554880,61394690560,792612352,0,187413454848,121282764800
1791575508.4722273,0.5546368900686502,61633036288,0,61948821504,23069720576,61394554880,61394690560,792612352,0,187413532672,121282764800
1791575509.0234752,0.551108056679368,61633036288,0,61948821504,23069720576,61394554880,61394690560,792612352,0,187413557248,121282764800
1791575509.5996022,0.5759885553270578,61633040384,0,61948821504,23069720576,61394554880,61394690560,792616448,0,187413651456,121282764800
1791575510.1522064,0.5524629056453705,61633048576,0,61948821504,23069720576,61394554880,61394690560,792624640,0,187413745664,121282764800
1791575510.702675,0.5503225196152925,61633048576,0,61948821504,23069720576,61394554880,61394690560,792624640,0,187413577728,121282764800
1791575511.2561743,0.5533495042473078,61633048576,0,61948821504,23069720576,61394554880,61394690560,792624640,0,187413680128,121282764800
1791575511.806311,0.5499877482652664,61633048576,0,61948821504,23069720576,61394554880,61394690560,792624640,0,187413606400,121282764800
1791575512.3585055,0.5520533844828606,61633048576,0,61948821504,23069720576,61394554880,61394690560,792624640,0,187413680128,121282764800
1791575512.9107013,0.5520522408187389,61633048576,0,61948821504,23069720576,61394554880,61394690560,792624640,0,187414040576,121282764800
1791575513.4642196,0.5533652976155281,61633048576,0,61948821504,23069720576,61394554880,61394690560,792624640,0,187413471232,121282764800
1791575514.0160275,0.5516486968845129,61633048576,0,61948821504,23069720576,61394554880,61394690560,792624640,0,187413295104,121282760704
1791575514.5950994,0.5789324026554823,61633048576,0,61948821504,23069720576,61394554880,61394690560,792624640,0,187413409792,121282760704
1791575515.2396283,0.6443678792566061,61633048576,0,61948821504,23069720576,61394554880,61394690560,792624640,0,187413356544,121282760704
1791575515.847785,0.6080099288374186,61633048576,0,61948821504,23069720576,61394554880,61394690560,792624640,0,187413082112,121282760704
1791575516.4917061,0.6437621768563986,61633048576,0,61948821504,23069720576,61394554880,61394690560,792624640,0,187412819968,121282760704
1791575517.0445514,0.5527071561664343,61633048576,0,61948821504,23069720576,61394554880,61394690560,792624640,0,187412975616,121282760704
1791575517.5959427,0.5512482635676861,61633048576,0,61948821504,23069720576,61394554880,61394690560,792624640,0,187412586496,121282760704
1791575518.148893,0.5528114587068558,61633048576,0,61948821504,23069720576,61394554880,61394690560,792624640,0,187412672512,121282760704
1791575518.7013187,0.5522788632661104,61633048576,0,61948821504,23069720576,61394554880,61394690560,792624640,0,187412652032,121282760704
1791575519.3082757,0.606816241517663,61635739648,0,61980278784,23038263296,61394554880,61394690560,826772992,0,187415216128,121282752512
1791575519.86035,0.5519379060715437,61653266432,0,64620593152,20397948928,61394554880,61394690560,3484614144,0,187432714240,121282752512
1791575520.4172096,0.5567230060696602,61653909504,0,65694334976,19324207104,61394554880,61394690560,4558999040,0,187432763392,121282752512
1791575521.05197,0.6346117425709963,61653921792,0,65694334976,19324207104,61394554880,61394690560,4559011328,0,187433127936,121282748416
1791575521.6594698,0.6073676105588675,61653921792,0,65694334976,19324207104,61394554880,61394690560,4559011328,0,187433320448,121282748416
1791575522.2953095,0.6356944870203733,61653938176,0,65425899520,19592642560,61394554880,61394690560,4290592256,0,187434299392,121282748416
1791575522.9072418,0.6117866151034832,61653983232,0,64620593152,20397948928,61394554880,61394690560,3485330944,0,187433762816,121282748416
1791575523.5186355,0.6112482249736786,61653983232,0,65694334976,19324207104,61394554880,61394690560,4559072768,0,187433828352,121282748416
1791575524.1286542,0.6098833102732897,61653991424,0,65694334976,19324207104,61394554880,61394690560,4559080960,0,187434184704,121282748416
1791575524.7655292,0.6367333084344864,61653991424,0,65694334976,19324207104,61394554880,61394690560,4559080960,0,187434049536,121282744320
1791575525.3750365,0.6093675699084997,61653991424,0,65425899520,19592642560,61394554880,61394690560,4290645504,0,187434065920,121282744320
1791575525.9846373,0.6094579007476568,61653991424,0,64620593152,20397948928,61394554880,61394690560,3485339136,0,187433926656,121282744320
1791575526.6196613,0.6348828356713057,61653991424,0,65694334976,19324207104,61394554880,61394690560,4559080960,0,187433512960,121282744320
1791575527.232034,0.612218864262104,61653995520,0,65694334976,19324207104,61394554880,61394690560,4559085056,0,187433598976,121282744320
1791575527.8537843,0.6216173619031906,61653995520,0,65694334976,19324207104,61394554880,61394690560,4559085056,0,187433414656,121282744320
1791575528.488289,0.634356290102005,61653995520,0,65425899520,19592642560,61394554880,61394690560,4290649600,0,187433136128,121282740224
1791575529.1017725,0.6133418641984463,61653995520,0,64620593152,20397948928,61394554880,61394690560,3485343232,0,187433132032,121282740224
1791575529.7145731,0.6126623786985874,61653995520,0,65694334976,19324207104,61394554880,61394690560,4559085056,0,187433385984,121282740224
1791575530.2662268,0.5515126679092646,61653995520,0,65694334976,19324207104,61394554880,61394690560,4559085056,0,187433148416,121282740224
1791575530.9030151,0.6366451121866703,61653995520,0,65694334976,19324207104,61394554880,61394690560,4559085056,0,187433033728,121282736128
1791575531.5169532,0.6137883197516203,61653995520,0,65425899520,19592642560,61394554880,61394690560,4290649600,0,187432902656,121282732032
1791575532.1196191,0.6025278624147177,61653995520,0,64620593152,20397948928,61394554880,61394690560,3485343232,0,187433164800,121282732032
1791575532.6671624,0.5474099144339561,61653995520,0,65694334976,19324207104,61394554880,61394690560,4559085056,0,187432591360,121282732032
1791575533.2253313,0.5580256748944521,61653995520,0,65694334976,19324207104,61394554880,61394690560,4559085056,0,187432824832,121282732032
1791575533.7733617,0.547894736751914,61653995520,0,65694334976,19324207104,61394554880,61394690560,4559085056,0,187432521728,121282732032
1791575534.319262,0.5457510836422443,61653995520,0,65425899520,19592642560,61394554880,61394690560,4290649600,0,187432833024,121282727936
1791575534.875424,0.5560276806354523,61653995520,0,64620593152,20397948928,61394554880,61394690560,3485343232,0,187432591360,121282727936
1791575535.425025,0.5494601465761662,61653995520,0,65694334976,19324207104,61394554880,61394690560,4559085056,0,187432853504,121282727936
1791575535.9744773,0.5493109617382288,61653995520,0,65694334976,19324207104,61394554880,61394690560,4559085056,0,187432828928,121282727936
1791575536.5239198,0.549309179186821,61653995520,0,65694334976,19324207104,61394554880,61394690560,4559085056,0,187432927232,121282727936
1791575537.07504,0.5509845186024904,61653995520,0,65425899520,19592642560,61394554880,61394690560,4290649600,0,187432902656,121282727936
1791575537.6288605,0.553676899522543,61653995520,0,64620593152,20397948928,61394554880,61394690560,3485343232,0,187432996864,121282723840
1791575538.3234706,0.6944727692753077,61653995520,0,65694334976,19324207104,61394554880,61394690560,4559085056,0,187432620032,121282723840
1791575538.971932,0.648313395678997,61653995520,0,65694334976,19324207104,61394554880,61394690560,4559085056,0,187432628224,121282723840
1791575539.6085365,0.6364643666893244,61653995520,0,65694334976,19324207104,61394554880,61394690560,4559085056,0,187432710144,121282723840
1791575540.2163622,0.6076750122010708,61653995520,0,65425899520,19592642560,61394554880,61394690560,4290649600,0,187433046016,121282719744
1791575540.7693052,0.552800016477704,61653995520,0,64620593152,20397948928,61394554880,61394690560,3485343232,0,187433127936,121282719744
1791575541.3272188,0.5577582586556673,61653995520,0,65694334976,19324207104,61394554880,61394690560,4559085056,0,187433226240,121282719744
1791575541.8807964,0.5534226074814796,61653995520,0,65694334976,19324207104,61394554880,61394690560,4559085056,0,187432742912,121282719744
1791575542.4278648,0.5469354633241892,61653995520,0,65694334976,19324207104,61394554880,61394690560,4559085056,0,187432550400,121282719744
1791575543.00984,0.5818387437611818,61653995520,0,65425899520,19592642560,61394554880,61394690560,4290649600,0,187432624128,121282719744
1791575543.5604353,0.5504580624401569,61653995520,0,64620593152,20397948928,61394554880,61394690560,3485343232,0,187432501248,121282715648
1791575544.1192374,0.5586632136255503,61653995520,0,65694334976,19324207104,61394554880,61394690560,4559085056,0,187432468480,121282715648
1791575544.7662206,0.6468353569507599,61653995520,0,65694334976,19324207104,61394554880,61394690560,4559085056,0,187433058304,121282715648
1791575545.3845603,0.6181955561041832,61653995520,0,65694334976,19324207104,61394554880,61394690560,4559085056,0,187432472576,121282715648
1791575545.9981802,0.6134731080383062,61653995520,0,65425899520,19592642560,61394554880,61394690560,4290649600,0,187432562688,121282715648
1791575546.5515223,0.5532025434076786,61653995520,0,64620593152,20397948928,61394554880,61394690560,3485343232,0,187432620032,121282715648
1791575547.1011124,0.5494429394602776,61653995520,0,65694334976,19324207104,61394554880,61394690560,4559085056,0,187432529920,121282715648
1791575547.6551528,0.5538847614079714,61653999616,0,65694334976,19324207104,61394554880,61394690560,4559089152,0,187432615936,121282711552
1791575548.2080173,0.5527079254388809,61653999616,0,65694334976,19324207104,61394554880,61394690560,4559089152,0,187432714240,121282707456
1791575548.7570608,0.548906521871686,61653999616,0,65425899520,19592642560,61394554880,61394690560,4290653696,0,187432804352,121282707456
1791575549.3059154,0.5487287361174822,61653999616,0,64620593152,20397948928,61394554880,61394690560,3485347328,0,187432562688,121282707456
1791575549.8646502,0.5585914514958858,61653999616,0,65694334976,19324207104,61394554880,61394690560,4559089152,0,187432660992,121282707456
1791575550.413812,0.5490095987915993,61653999616,0,65694334976,19324207104,61394554880,61394690560,4559089152,0,187432755200,121282703360
1791575550.9673917,0.5534388571977615,61653999616,0,65694334976,19324207104,61394554880,61394690560,4559089152,0,187432431616,121282703360
1791575551.5186155,0.5510878339409828,61653999616,0,65425899520,19592642560,61394554880,61394690560,4290653696,0,187432853504,121282703360
1791575552.0677671,0.549017732962966,61653999616,0,64620593152,20397948928,61394554880,61394690560,3485347328,0,187432673280,121282703360
1791575552.6254218,0.5575162582099438,61653999616,0,65694334976,19324207104,61394554880,61394690560,4559089152,0,187432235008,121282703360
1791575553.173699,0.548135869204998,61653999616,0,65694334976,19324207104,61394554880,61394690560,4559089152,0,187432558592,121282699264
1791575553.723613,0.5497822035104036,61653999616,0,65694334976,19324207104,61394554880,61394690560,4559089152,0,187432411136,121282699264
1791575554.288324,0.5645726900547743,61653999616,0,65425899520,19592642560,61394554880,61394690560,4290653696,0,187432484864,121282699264
1791575554.8400319,0.5515639930963516,61653999616,0,64620593152,20397948928,61394554880,61394690560,3485347328,0,187432660992,121282699264
1791575555.3863795,0.5462145674973726,61653999616,0,65694334976,19324207104,61394554880,61394690560,4559089152,0,187432734720,121282699264
1791575555.9464784,0.5599563047289848,61653999616,0,65694334976,19324207104,61394554880,61394690560,4559089152,0,187432689664,121282695168
1791575556.50385,0.5572391208261251,61653999616,0,65694334976,19324207104,61394554880,61394690560,4559089152,0,187432751104,121282695168
1791575557.052515,0.5485271792858839,61653999616,0,65425899520,19592642560,61394554880,61394690560,4290653696,0,187432849408,121282695168
1791575557.5991285,0.5464749913662672,61653999616,0,64620593152,20397948928,61394554880,61394690560,3485347328,0,187432947712,121282695168
1791575558.157299,0.5580233111977577,61653999616,0,65694334976,19324207104,61394554880,61394690560,4559089152,0,187432947712,121282695168
1791575558.7041168,0.5466816648840904,61653999616,0,65694334976,19324207104,61394554880,61394690560,4559089152,0,187433033728,121282695168
1791575559.2522876,0.5480332672595978,61653999616,0,65694334976,19324207104,61394554880,61394690560,4559089152,0,187433332736,121282691072
1791575559.8081055,0.5556782260537148,61653999616,0,65425899520,19592642560,61394554880,61394690560,4290653696,0,187432923136,121282691072
1791575560.3544517,0.5461950078606606,61653999616,0,64620593152,20397948928,61394554880,61394690560,3485347328,0,187433021440,121282691072
1791575560.905444,0.5508533529937267,61653999616,0,65694334976,19324207104,61394554880,61394690560,4559089152,0,187433107456,121282691072
1791575561.4575906,0.5519962329417467,61653999616,0,65694334976,19324207104,61394554880,61394690560,4559089152,0,187432529920,121282686976
1791575562.0086904,0.55096192099154,61653999616,0,65694334976,19324207104,61394554880,61394690560,4559089152,0,187432464384,121282686976
1791575562.5580378,0.5491983536630869,61653999616,0,65425899520,19592642560,61394554880,61394690560,4290653696,0,187432706048,121282686976
1791575563.1044078,0.546224445104599,61653999616,0,64620593152,20397948928,61394554880,61394690560,3485347328,0,187433058304,121282686976
1791575563.6516519,0.5471000876277685,61653999616,0,65694334976,19324207104,61394554880,61394690560,4559089152,0,187432873984,121282686976
1791575564.2047205,0.5529182292521,61653999616,0,65694334976,19324207104,61394554880,61394690560,4559089152,0,187432697856,121282686976
1791575564.7540593,0.5491905491799116,61653999616,0,65694334976,19324207104,61394554880,61394690560,4559089152,0,187432767488,121282678784
1791575565.3027205,0.5485343672335148,61653999616,0,65425899520,19592642560,61394554880,61394690560,4290653696,0,187432574976,121282678784
1791575565.8507323,0.5478637516498566,61653999616,0,64620593152,20397948928,61394554880,61394690560,3485347328,0,187433119744,121282678784
1791575566.4080927,0.5572229437530041,61653999616,0,65694334976,19324207104,61394554880,61394690560,4559089152,0,187433664512,121282674688
1791575566.9557853,0.547538485378027,61653999616,0,65694334976,19324207104,61394554880,61394690560,4559089152,0,187433349120,121282674688
1791575567.5042286,0.5483069401234388,61653999616,0,65694334976,19324207104,61394554880,61394690560,4559089152,0,187432656896,121282674688
1791575568.0544114,0.5500305444002151,61653999616,0,65425899520,19592642560,61394554880,61394690560,4290653696,0,187432890368,121282670592
1791575568.606358,0.5518055241554976,61653999616,0,64620593152,20397948928,61394554880,61394690560,3485347328,0,187433037824,121282670592
1791575569.162527,0.5560276471078396,61653999616,0,65694334976,19324207104,61394554880,61394690560,4559089152,0,187432898560,121282670592
1791575569.712343,0.5496698599308729,61653999616,0,65694334976,19324207104,61394554880,61394690560,4559089152,0,187432804352,121282670592
1791575570.2628555,0.5503787118941545,61653999616,0,65694334976,19324207104,61394554880,61394690560,4559089152,0,187432910848,121282666496
1791575570.8195744,0.5565781202167273,61653999616,0,65425899520,19592642560,61394554880,61394690560,4290653696,0,187432968192,121282666496
1791575571.3655376,0.5458234548568726,61653999616,0,64620593152,20397948928,61394554880,61394690560,3485347328,0,187432882176,121282666496
1791575571.9115562,0.5458825808018446,61653999616,0,65694334976,19324207104,61394554880,61394690560,4559089152,0,187432980480,121282666496
1791575572.4635108,0.5518098399043083,61653999616,0,65694334976,19324207104,61394554880,61394690560,4559089152,0,187433074688,121282666496
1791575573.0179696,0.5543213896453381,61653999616,0,65694334976,19324207104,61394554880,61394690560,4559089152,0,187432890368,121282666496
1791575573.5668247,0.5487011559307575,61653999616,0,65425899520,19592642560,61394554880,61394690560,4290653696,0,187432931328,121282662400
1791575574.1157823,0.548820486292243,61653999616,0,64620593152,20397948928,61394554880,61394690560,3485347328,0,187433021440,121282662400
1791575574.6670196,0.5510932505130768,61653999616,0,65694334976,19324207104,61394554880,61394690560,4559089152,0,187433111552,121282662400
1791575575.2167344,0.5495657976716757,61653999616,0,65694334976,19324207104,61394554880,61394690560,4559089152,0,187432980480,121282662400
1791575575.7675295,0.5506601296365261,61653999616,0,65694334976,19324207104,61394554880,61394690560,4559089152,0,187432808448,121282662400
1791575576.320381,0.5527137890458107,61653999616,0,65425899520,19592642560,61394554880,61394690560,4290653696,0,187432849408,121282662400
1791575576.871103,0.5505844596773386,61653999616,0,64620593152,20397948928,61394554880,61394690560,3485347328,0,187433062400,121282658304
1791575577.516237,0.6449846588075161,61653999616,0,65694334976,19324207104,61394554880,61394690560,4559089152,0,187433025536,121282658304
1791575578.1196117,0.6032321862876415,61653999616,0,65694334976,19324207104,61394554880,61394690560,4559089152,0,187433123840,121282658304
1791575578.667115,0.5473667494952679,61653999616,0,65694334976,19324207104,61394554880,61394690560,4559089152,0,187433107456,121282658304
1791575579.2213125,0.5540464092046022,61653999616,0,65425899520,19592642560,61394554880,61394690560,4290653696,0,187433033728,121282654208
1791575579.7736342,0.5521894600242376,61654003712,0,64620593152,20397948928,61394554880,61394690560,3485351424,0,187433115648,121282654208
1791575580.3198857,0.5461082067340612,61654003712,0,65694334976,19324207104,61394554880,61394690560,4559093248,0,187433181184,121282654208
1791575580.8685625,0.5485147684812546,61654003712,0,65694334976,19324207104,61394554880,61394690560,4559093248,0,187433537536,121282588672
1791575581.4302802,0.5615832321345806,61654003712,0,65694334976,19324207104,61394554880,61394690560,4559093248,0,187433480192,121282588672
1791575582.0668194,0.6363934073597193,61654003712,0,65425899520,19592642560,61394554880,61394690560,4290657792,0,187433635840,121282588672
1791575582.6668549,0.5998867321759462,61654016000,0,64620593152,20397948928,61394554880,61394690560,3485363712,0,187433402368,121282584576
1791575583.2269228,0.5599313154816628,61654016000,0,65694334976,19324207104,61394554880,61394690560,4559105536,0,187433209856,121282584576
1791575583.7750545,0.5479847937822342,61654016000,0,65694334976,19324207104,61394554880,61394690560,4559105536,0,187433263104,121282584576
1791575584.325871,0.5506836902350187,61654016000,0,65694334976,19324207104,61394554880,61394690560,4559105536,0,187433394176,121282584576
1791575584.8800504,0.5540341660380363,61654016000,0,65425899520,19592642560,61394554880,61394690560,4290670080,0,187433484288,121282584576
1791575585.4266782,0.5464900061488152,61654016000,0,64620593152,20397948928,61394554880,61394690560,3485363712,0,187433304064,121282584576
1791575585.9883718,0.5615467075258493,61654016000,0,65694334976,19324207104,61394554880,61394690560,4559105536,0,187433017344,121282584576
1791575586.5414197,0.5528994929045439,61654016000,0,65694334976,19324207104,61394554880,61394690560,4559105536,0,187433107456,121282580480
1791575587.0893168,0.5477582756429911,61654016000,0,65694334976,19324207104,61394554880,61394690560,4559105536,0,187433201664,121282580480
1791575587.6369224,0.5474656280130148,61654016000,0,65425899520,19592642560,61394554880,61394690560,4290670080,0,187433103360,121282580480
1791575588.1883466,0.5512811038643122,61654016000,0,64620593152,20397948928,61394554880,61394690560,3485363712,0,187433193472,121282576384
1791575588.7364771,0.5479927696287632,61654016000,0,65694334976,19324207104,61394554880,61394690560,4559105536,0,187433287680,121282576384
1791575589.2920575,0.5554414335638285,61654016000,0,65694334976,19324207104,61394554880,61394690560,4559105536,0,187433086976,121282576384
1791575589.8426886,0.5505013279616833,61654016000,0,65694334976,19324207104,61394554880,61394690560,4559105536,0,187433189376,121282576384
1791575590.391965,0.5491288844496012,61654016000,0,65425899520,19592642560,61394554880,61394690560,4290670080,0,187433009152,121282576384
1791575590.9499114,0.5578062999993563,61654016000,0,64620593152,20397948928,61394554880,61394690560,3485363712,0,187432955904,121282576384
1791575591.5082748,0.5582206714898348,61654016000,0,65694334976,19324207104,61394554880,61394690560,4559105536,0,187432947712,121282576384
1791575592.1273265,0.6189095880836248,61654016000,0,65694334976,19324207104,61394554880,61394690560,4559105536,0,187433005056,121282572288
1791575592.7667437,0.6392724961042404,61654016000,0,65694334976,19324207104,61394554880,61394690560,4559105536,0,187433259008,121282572288
1791575593.3852494,0.6183610521256924,61654016000,0,65425899520,19592642560,61394554880,61394690560,4290670080,0,187433259008,121282572288
1791575593.990653,0.6052626613527536,61654016000,0,64620593152,20397948928,61394554880,61394690560,3485363712,0,187433345024,121282572288
1791575594.5442288,0.5534406807273626,61654016000,0,65694334976,19324207104,61394554880,61394690560,4559105536,0,187433086976,121282572288
1791575595.1745262,0.6301502697169781,61654016000,0,65694334976,19324207104,61394554880,61394690560,4559105536,0,187433181184,121282568192
1791575595.7813704,0.6066988594830036,61654016000,0,65694334976,19324207104,61394554880,61394690560,4559105536,0,187433197568,121282568192
1791575596.3862698,0.6047600004822016,61654016000,0,65425899520,19592642560,61394554880,61394690560,4290670080,0,187433762816,121282568192
1791575597.0166302,0.630215872079134,61654016000,0,64620593152,20397948928,61394554880,61394690560,3485363712,0,187433525248,121282568192
1791575597.6261964,0.6094143204391003,61654016000,0,65694334976,19324207104,61394554880,61394690560,4559105536,0,187433181184,121282568192
1791575598.2846556,0.6583122592419386,61654016000,0,65694334976,19324207104,61394554880,61394690560,4559105536,0,187433132032,121282564096
1791575598.9776785,0.6928787026554346,61654016000,0,65425899520,19592642560,61394554880,61394690560,4290670080,0,187432886272,121282564096
1791575599.6095111,0.6316906400024891,61654016000,0,64620593152,20397948928,61394554880,61394690560,3485363712,0,187432644608,121282564096
1791575600.2131555,0.6035023517906666,61654016000,0,65694334976,19324207104,61394554880,61394690560,4559105536,0,187432828928,121282564096
1791575600.7663846,0.5530852843075991,61654016000,0,65694334976,19324207104,61394554880,61394690560,4559105536,0,187432898560,121282560000
1791575601.422904,0.6563754547387362,61654016000,0,65694334976,19324207104,61394554880,61394690560,4559105536,0,187432767488,121282560000
1791575602.0464337,0.6233811229467392,61654016000,0,65425899520,19592642560,61394554880,61394690560,4290670080,0,187432701952,121282560000
1791575602.6603973,0.6138276029378176,61654016000,0,64620593152,20397948928,61394554880,61394690560,3485363712,0,187433054208,121282560000
1791575603.288736,0.6281919404864311,61654016000,0,65694334976,19324207104,61394554880,61394690560,4559105536,0,187433091072,121282560000
1791575603.8903906,0.6015086080878973,61654016000,0,65694334976,19324207104,61394554880,61394690560,4559105536,0,187433267200,121282560000
1791575604.4455059,0.554980805143714,61654016000,0,65694334976,19324207104,61394554880,61394690560,4559105536,0,187433345024,121282555904
1791575604.993742,0.5480954330414534,61654016000,0,65425899520,19592642560,61394554880,61394690560,4290670080,0,187433148416,121282555904
1791575605.5416925,0.5478104408830404,61654016000,0,64620593152,20397948928,61394554880,61394690560,3485363712,0,187433238528,121282555904
1791575606.096978,0.555145937949419,61654016000,0,65694334976,19324207104,61394554880,61394690560,4559105536,0,187433590784,121282555904
1791575606.6532922,0.556172976270318,61654016000,0,65694334976,19324207104,61394554880,61394690560,4559105536,0,187433418752,121282551808
1791575607.2019632,0.5485321842133999,61654016000,0,65694334976,19324207104,61394554880,61394690560,4559105536,0,187433242624,121282551808
1791575607.7493045,0.5472008753567934,61654016000,0,65425899520,19592642560,61394554880,61394690560,4290670080,0,187433299968,121282551808
1791575608.2991045,0.5496616195887327,61654016000,0,64620593152,20397948928,61394554880,61394690560,3485363712,0,187433385984,121282551808
1791575608.8481638,0.5489125736057758,61654016000,0,65694334976,19324207104,61394554880,61394690560,4559105536,0,187433476096,121282551808
1791575609.402318,0.5540109314024448,61654016000,0,65694334976,19324207104,61394554880,61394690560,4559105536,0,187433336832,121282551808
1791575609.9496853,0.54723128862679,61654016000,0,65694334976,19324207104,61394554880,61394690560,4559105536,0,187433156608,121282547712
1791575610.4995534,0.5497282259166241,61654016000,0,65425899520,19592642560,61394554880,61394690560,4290670080,0,187433246720,121282547712
1791575611.051497,0.5518003590404987,61654016000,0,64620593152,20397948928,61394554880,61394690560,3485363712,0,187433336832,121282547712
1791575611.597962,0.5463273767381907,61654016000,0,65694334976,19324207104,61394554880,61394690560,4559105536,0,187433431040,121282547712
1791575612.1448925,0.5467902142554522,61654016000,0,65694334976,19324207104,61394554880,61394690560,4559105536,0,187433529344,121282547712
1791575612.695566,0.550534812733531,61654016000,0,65694334976,19324207104,61394554880,61394690560,4559105536,0,187433611264,121282547712
1791575613.2508101,0.5551043096929789,61654016000,0,65425899520,19592642560,61394554880,61394690560,4290670080,0,187433426944,121282543616
1791575613.7990508,0.5481008272618055,61654016000,0,64620593152,20397948928,61394554880,61394690560,3485363712,0,187433508864,121282543616
1791575614.349441,0.5502521879971027,61654016000,0,65694334976,19324207104,61394554880,61394690560,4559105536,0,187433320448,121282543616
1791575614.8970773,0.5474808532744646,61654016000,0,65694334976,19324207104,61394554880,61394690560,4559105536,0,187433414656,121282543616
1791575615.4441724,0.5469849277287722,61654016000,0,65694334976,19324207104,61394554880,61394690560,4559105536,0,187433394176,121282539520
1791575615.993441,0.5491221901029348,61654016000,0,65425899520,19592642560,61394554880,61394690560,4290670080,0,187433492480,121282539520
1791575616.5467875,0.5531960725784302,61654016000,0,64620593152,20397948928,61394554880,61394690560,3485363712,0,187433582592,121282539520
1791575617.0946667,0.547738591209054,61654016000,0,65694334976,19324207104,61394554880,61394690560,4559105536,0,187432972288,121282539520
1791575617.6412988,0.5464820731431246,61654016000,0,65694334976,19324207104,61394554880,61394690560,4559105536,0,187433066496,121282539520
1791575618.1991215,0.5576791558414698,61654016000,0,65694334976,19324207104,61394554880,61394690560,4559105536,0,187433156608,121282539520
1791575618.7459493,0.5466729179024696,61654016000,0,65425899520,19592642560,61394554880,61394690560,4290670080,0,187432988672,121282535424
1791575619.291133,0.5450416281819344,61654016000,0,64620593152,20397948928,61394554880,61394690560,3485363712,0,187433345024,121282535424
1791575619.849317,0.5580306779593229,61654016000,0,65694334976,19324207104,61394554880,61394690560,4559105536,0,187433230336,121282535424
1791575620.397971,0.5485035832971334,61654016000,0,65694334976,19324207104,61394554880,61394690560,4559105536,0,187433054208,121282535424
1791575620.9481535,0.5500379670411348,61654016000,0,65694334976,19324207104,61394554880,61394690560,4559105536,0,187433148416,121282535424
1791575621.504472,0.5561723317950964,61654016000,0,65425899520,19592642560,61394554880,61394690560,4290670080,0,187433234432,121282535424
1791575622.0550869,0.5504706688225269,61654016000,0,64620593152,20397948928,61394554880,61394690560,3485363712,0,187433594880,121282531328
1791575622.6030939,0.5479067675769329,61654016000,0,65694334976,19324207104,61394554880,61394690560,4559105536,0,187433418752,121282531328
1791575623.1568077,0.5535542145371437,61654016000,0,65694334976,19324207104,61394554880,61394690560,4559105536,0,187433517056,121282531328
1791575623.7082384,0.5512888878583908,61654016000,0,65694334976,19324207104,61394554880,61394690560,4559105536,0,187433390080,121282531328
1791575624.2551668,0.5467894487082958,61654016000,0,65425899520,19592642560,61394554880,61394690560,4290670080,0,187433320448,121282527232
1791575624.8025675,0.547257361933589,61654016000,0,64620593152,20397948928,61394554880,61394690560,3485363712,0,187433177088,121282527232
1791575625.358427,0.5557167883962393,61654016000,0,65694334976,19324207104,61394554880,61394690560,4559105536,0,187433267200,121282527232
1791575625.904808,0.5462407656013966,61654016000,0,65694334976,19324207104,61394554880,61394690560,4559105536,0,187433615360,121282527232
1791575626.458521,0.553572379052639,61654016000,0,65694334976,19324207104,61394554880,61394690560,4559105536,0,187433467904,121282527232
1791575627.0830503,0.6243865806609392,61654016000,0,65425899520,19592642560,61394554880,61394690560,4290670080,0,187433447424,121282527232
1791575627.6812603,0.5980713404715061,61654016000,0,64620593152,20397948928,61394554880,61394690560,3485363712,0,187433648128,121282523136
1791575628.2420468,0.5606507509946823,61654016000,0,65694334976,19324207104,61394554880,61394690560,4559105536,0,187433455616,121282523136
1791575628.7893565,0.5471686609089375,61654020096,0,65694334976,19324207104,61394554880,61394690560,4559109632,0,187433549824,121282523136
1791575629.3387864,0.549292303621769,61654020096,0,65694334976,19324207104,61394554880,61394690560,4559109632,0,187433144320,121282523136
1791575629.9720886,0.6331570986658335,61654020096,0,65425899520,19592642560,61394554880,61394690560,4290674176,0,187433152512,121282523136
1791575630.5712786,0.5990898087620735,61654020096,0,64620593152,20397948928,61394554880,61394690560,3485367808,0,187433242624,121282523136
1791575631.1235917,0.5521651413291693,61654020096,0,65694334976,19324207104,61394554880,61394690560,4559109632,0,187433066496,121282523136
1791575631.679859,0.5561275538057089,61654020096,0,65694334976,19324207104,61394554880,61394690560,4559109632,0,187432812544,121282519040
1791575632.237646,0.557647105306387,61654020096,0,65694334976,19324207104,61394554880,61394690560,4559109632,0,187433152512,121282519040
1791575632.792077,0.5542824622243643,61654020096,0,65425899520,19592642560,61394554880,61394690560,4290674176,0,187433467904,121282519040
1791575633.373745,0.581556960940361,61654020096,0,64620593152,20397948928,61394554880,61394690560,3485367808,0,187433275392,121282514944
1791575633.9323306,0.5584428180009127,61654020096,0,65694334976,19324207104,61394554880,61394690560,4559109632,0,187433353216,121282514944
1791575634.480453,0.5479788724333048,61654020096,0,65694334976,19324207104,61394554880,61394690560,4559109632,0,187433443328,121282514944
1791575635.0367818,0.5561854839324951,61654020096,0,65694334976,19324207104,61394554880,61394690560,4559109632,0,187433254912,121282514944
1791575635.5959573,0.5590300150215626,61654020096,0,65425899520,19592642560,61394554880,61394690560,4290674176,0,187433349120,121282514944
1791575636.1463807,0.5502844229340553,61654020096,0,64620593152,20397948928,61394554880,61394690560,3485367808,0,187433336832,121282514944
1791575636.7000103,0.5534792803227901,61654020096,0,65694334976,19324207104,61394554880,61394690560,4559109632,0,187433435136,121282514944
1791575637.255078,0.554917223751545,61654020096,0,65694334976,19324207104,61394554880,61394690560,4559109632,0,187433336832,121282510848
1791575637.8027964,0.5476081371307373,61654020096,0,65694334976,19324207104,61394554880,61394690560,4559109632,0,187433164800,121282510848
1791575638.353068,0.5501298978924751,61654020096,0,65425899520,19592642560,61394554880,61394690560,4290674176,0,187433517056,121282510848
1791575638.904052,0.5508644729852676,61654020096,0,64620593152,20397948928,61394554880,61394690560,3485367808,0,187433881600,121282510848
1791575639.4530187,0.548833042383194,61654020096,0,65694334976,19324207104,61394554880,61394690560,4559109632,0,187433709568,121282510848
1791575639.9990344,0.5458703730255365,61654020096,0,65694334976,19324207104,61394554880,61394690560,4559109632,0,187433820160,121282506752
1791575640.5576918,0.5585130229592323,61654020096,0,65694334976,19324207104,61394554880,61394690560,4559109632,0,187433693184,121282506752
1791575641.1032944,0.5454524923115969,61654020096,0,65425899520,19592642560,61394554880,61394690560,4290674176,0,187434049536,121282506752
1791575641.6500752,0.5466414485126734,61654020096,0,64620593152,20397948928,61394554880,61394690560,3485367808,0,187433873408,121282506752
1791575642.2066445,0.5564577970653772,61654020096,0,65694334976,19324207104,61394554880,61394690560,4559109632,0,187433963520,121282506752
1791575642.7528245,0.5460347048938274,61654020096,0,65694334976,19324207104,61394554880,61394690560,4559109632,0,187433648128,121282502656
1791575643.3001437,0.5471842437982559,61654020096,0,65694334976,19324207104,61394554880,61394690560,4559109632,0,187433746432,121282502656
1791575643.8452866,0.5450015682727098,61654020096,0,65425899520,19592642560,61394554880,61394690560,4290674176,0,187433459712,121282502656
1791575644.3921247,0.5466972310096025,61654020096,0,64620593152,20397948928,61394554880,61394690560,3485367808,0,187432992768,121282502656
1791575644.9372416,0.5449754614382982,61654020096,0,65694334976,19324207104,61394554880,61394690560,4559109632,0,187433086976,121282502656
1791575645.4839854,0.5466034598648548,61654020096,0,65694334976,19324207104,61394554880,61394690560,4559109632,0,187433156608,121282498560
1791575646.0286386,0.5445170812308788,61654020096,0,65694334976,19324207104,61394554880,61394690560,4559109632,0,187433504768,121282498560
1791575646.573002,0.5442240182310343,61654020096,0,65425899520,19592642560,61394554880,61394690560,4290674176,0,187433594880,121282498560
1791575647.1258292,0.5526835937052965,61654020096,0,64620593152,20397948928,61394554880,61394690560,3485367808,0,187433054208,121282498560
1791575647.6788318,0.5528648607432842,61654020096,0,65694334976,19324207104,61394554880,61394690560,4559109632,0,187432972288,121282498560
1791575648.2243953,0.5454287547618151,61654020096,0,65694334976,19324207104,61394554880,61394690560,4559109632,0,187433066496,121282494464
1791575648.7712538,0.5467272959649563,61654020096,0,65694334976,19324207104,61394554880,61394690560,4559109632,0,187433140224,121282494464
1791575649.3231058,0.5517139695584774,61654020096,0,65425899520,19592642560,61394554880,61394690560,4290674176,0,187433119744,121282494464
1791575649.8709178,0.5476741008460522,61654020096,0,64620593152,20397948928,61394554880,61394690560,3485367808,0,187433078784,121282494464
1791575650.4184446,0.5473922956734896,61654020096,0,65694334976,19324207104,61394554880,61394690560,4559109632,0,187433148416,121282494464
1791575650.9817522,0.563169926404953,61654020096,0,65694334976,19324207104,61394554880,61394690560,4559109632,0,187432939520,121282490368
1791575651.529386,0.5474971253424883,61654024192,0,65694334976,19324207104,61394554880,61394690560,4559113728,0,187433283584,121282490368
1791575652.0785272,0.54899643920362,61654024192,0,65425899520,19592642560,61394554880,61394690560,4290678272,0,187433238528,121282490368
1791575652.6301725,0.5515072848647833,61654024192,0,64620593152,20397948928,61394554880,61394690560,3485371904,0,187433332736,121282490368
1791575653.176286,0.5459621828049421,61654024192,0,65694334976,19324207104,61394554880,61394690560,4559113728,0,187433422848,121282490368
1791575653.728201,0.5517692845314741,61654024192,0,65694334976,19324207104,61394554880,61394690560,4559113728,0,187433074688,121282490368
1791575654.2813902,0.5530568901449442,61654036480,0,65694334976,19324207104,61394554880,61394690560,4559126016,0,187433230336,121282486272
1791575654.835587,0.5540652107447386,61654036480,0,65425899520,19592642560,61394554880,61394690560,4290690560,0,187433189376,121282486272
1791575655.3958256,0.5600985083729029,61654036480,0,64620593152,20397948928,61394554880,61394690560,3485384192,0,187433271296,121282486272
1791575655.9568808,0.5609200485050678,61654036480,0,65694334976,19324207104,61394554880,61394690560,4559126016,0,187433263104,121282486272
1791575656.5058494,0.5488306749612093,61654036480,0,65694334976,19324207104,61394554880,61394690560,4559126016,0,187433562112,121282482176
1791575657.0576084,0.5516223628073931,61654036480,0,65694334976,19324207104,61394554880,61394690560,4559126016,0,187433398272,121282482176
1791575657.6184626,0.5607122853398323,61654036480,0,65425899520,19592642560,61394554880,61394690560,4290690560,0,187433607168,121282482176
1791575658.172457,0.5538613647222519,61654036480,0,64620593152,20397948928,61394554880,61394690560,3485384192,0,187433607168,121282482176
1791575658.7243774,0.5517789516597986,61654036480,0,65694334976,19324207104,61394554880,61394690560,4559126016,0,187434639360,121282482176
1791575659.2855668,0.5610463824123144,61654036480,0,65694334976,19324207104,61394554880,61394690560,4559126016,0,187433353216,121282482176
1791575659.8338625,0.5481542181223631,61654036480,0,65694334976,19324207104,61394554880,61394690560,4559126016,0,187433451520,121282478080
1791575660.3842437,0.5502448230981827,61654036480,0,65425899520,19592642560,61394554880,61394690560,4290690560,0,187433308160,121282478080
1791575660.946448,0.5620611570775509,61654036480,0,64620593152,20397948928,61394554880,61394690560,3485384192,0,187433541632,121282478080
1791575661.495765,0.5491775404661894,61654036480,0,65694334976,19324207104,61394554880,61394690560,4559126016,0,187433611264,121282478080
1791575662.0556283,0.5597282368689775,61654036480,0,65694334976,19324207104,61394554880,61394690560,4559126016,0,187433639936,121282478080
1791575662.609312,0.5535503122955561,61654036480,0,65694334976,19324207104,61394554880,61394690560,4559126016,0,187433730048,121282478080
1791575663.1603048,0.5508552212268114,61654036480,0,65425899520,19592642560,61394554880,61394690560,4290690560,0,187433566208,121282473984
1791575663.7173738,0.5569277387112379,61654036480,0,64620593152,20397948928,61394554880,61394690560,3485384192,0,187433844736,121282473984
1791575664.2681615,0.5505705457180738,61654036480,0,65694334976,19324207104,61394554880,61394690560,4559126016,0,187433021440,121282473984
1791575664.816514,0.5482118241488934,61654036480,0,65694334976,19324207104,61394554880,61394690560,4559126016,0,187433345024,121282473984
1791575665.3689928,0.5523435678333044,61654036480,0,65694334976,19324207104,61394554880,61394690560,4559126016,0,187433439232,121282469888
1791575665.9215322,0.5524004511535168,61654036480,0,65425899520,19592642560,61394554880,61394690560,4290690560,0,187433218048,121282469888
1791575666.4680533,0.5463798642158508,61654036480,0,64620593152,20397948928,61394554880,61394690560,3485384192,0,187433316352,121282469888
1791575667.0158973,0.5477100107818842,61654036480,0,65694334976,19324207104,61394554880,61394690560,4559126016,0,187433451520,121282469888
1791575667.5738034,0.5577681511640549,61654036480,0,65694334976,19324207104,61394554880,61394690560,4559126016,0,187433324544,121282469888
1791575668.1207817,0.5468438100069761,61654036480,0,65694334976,19324207104,61394554880,61394690560,4559126016,0,187433152512,121282469888
1791575668.6680799,0.5471638720482588,61654036480,0,65425899520,19592642560,61394554880,61394690560,4290690560,0,187433246720,121282465792
1791575669.2256722,0.557484682649374,61654036480,0,64620593152,20397948928,61394554880,61394690560,3485384192,0,187433349120,121282465792
1791575669.7722082,0.5463917870074511,61654036480,0,65694334976,19324207104,61394554880,61394690560,4559126016,0,187433369600,121282465792
1791575670.3193734,0.5470296442508698,61654036480,0,65694334976,19324207104,61394554880,61394690560,4559126016,0,187433267200,121282465792
1791575670.8739192,0.5544165372848511,61654036480,0,65694334976,19324207104,61394554880,61394690560,4559126016,0,187433099264,121282465792
1791575671.4214506,0.5473970007151365,61654036480,0,65425899520,19592642560,61394554880,61394690560,4290690560,0,187433230336,121282465792
1791575671.9748633,0.5532762501388788,61654036480,0,64620593152,20397948928,61394554880,61394690560,3485384192,0,187433226240,121282461696
1791575672.5274944,0.5524859074503183,61654036480,0,65694334976,19324207104,61394554880,61394690560,4559126016,0,187433050112,121282461696
1791575673.0769672,0.5493352152407169,61654036480,0,65694334976,19324207104,61394554880,61394690560,4559126016,0,187433140224,121282461696
1791575673.6336129,0.5565126873552799,61654036480,0,65694334976,19324207104,61394554880,61394690560,4559126016,0,187432738816,121282461696
1791575674.1928256,0.559077613055706,61654036480,0,65425899520,19592642560,61394554880,61394690560,4290690560,0,187432833024,121282457600
1791575674.7403486,0.5473879743367434,61654036480,0,64620593152,20397948928,61394554880,61394690560,3485384192,0,187432919040,121282457600
1791575675.2876563,0.547169266268611,61654036480,0,65694334976,19324207104,61394554880,61394690560,4559126016,0,187432751104,121282457600
1791575675.84302,0.5552206002175808,61654036480,0,65694334976,19324207104,61394554880,61394690560,4559126016,0,187433082880,121282457600
1791575676.3894846,0.54632936604321,61654036480,0,65694334976,19324207104,61394554880,61394690560,4559126016,0,187433177088,121282457600
1791575676.9495764,0.5599563047289848,61654036480,0,65425899520,19592642560,61394554880,61394690560,4290690560,0,187433242624,121282457600
1791575677.4967737,0.5470575876533985,61654036480,0,64620593152,20397948928,61394554880,61394690560,3485384192,0,187433074688,121282453504
1791575678.0446649,0.5477482732385397,61654036480,0,65694334976,19324207104,61394554880,61394690560,4559126016,0,187432824832,121282453504
1791575678.6050746,0.5602666810154915,61654036480,0,65694334976,19324207104,61394554880,61394690560,4559126016,0,187432923136,121282453504
1791575679.1527784,0.5475906729698181,61654036480,0,65694334976,19324207104,61394554880,61394690560,4559126016,0,187433275392,121282453504
1791575679.6993265,0.5463974233716726,61654036480,0,65425899520,19592642560,61394554880,61394690560,4290690560,0,187433082880,121282453504
1791575680.2540863,0.5546211823821068,61654036480,0,64620593152,20397948928,61394554880,61394690560,3485384192,0,187433353216,121282453504
1791575680.8860998,0.6318424958735704,61654036480,0,65694334976,19324207104,61394554880,61394690560,4559126016,0,187433680896,121282453504
1791575681.5015056,0.6152632404118776,61654036480,0,65694334976,19324207104,61394554880,61394690560,4559126016,0,187433201664,121282449408
1791575682.1048505,0.603212796151638,61654036480,0,65694334976,19324207104,61394554880,61394690560,4559126016,0,187433537536,121282449408
1791575682.6571946,0.5522064324468374,61654036480,0,65425899520,19592642560,61394554880,61394690560,4290690560,0,187433279488,121282449408
1791575683.2804782,0.6231359988451004,61654036480,0,64620593152,20397948928,61394554880,61394690560,3485384192,0,187433517056,121282445312
1791575683.8776624,0.597046073526144,61654036480,0,65694334976,19324207104,61394554880,61394690560,4559126016,0,187432923136,121282445312
1791575684.432952,0.5551562123000622,61654036480,0,65694334976,19324207104,61394554880,61394690560,4559126016,0,187433119744,121282445312
1791575684.9824202,0.5493376757949591,61654036480,0,65694334976,19324207104,61394554880,61394690560,4559126016,0,187433164800,121282445312
1791575685.5328262,0.5502610709518194,61654036480,0,65425899520,19592642560,61394554880,61394690560,4290690560,0,187433238528,121282445312
1791575686.0824683,0.549511406570673,61654036480,0,64620593152,20397948928,61394554880,61394690560,3485384192,0,187433295872,121282445312
1791575686.6341531,0.551549669355154,61654036480,0,65694334976,19324207104,61394554880,61394690560,4559126016,0,187433299968,121282445312
1791575687.1842139,0.5499199256300926,61654036480,0,65694334976,19324207104,61394554880,61394690560,4559126016,0,187433390080,121282441216
1791575687.7349672,0.5506217554211617,61654036480,0,65694334976,19324207104,61394554880,61394690560,4559126016,0,187433422848,121282441216
1791575688.284658,0.5495580956339836,61654036480,0,65425899520,19592642560,61394554880,61394690560,4290690560,0,187433353216,121282441216
1791575688.8350246,0.550228875130415,61654036480,0,64620593152,20397948928,61394554880,61394690560,3485384192,0,187433447424,121282441216
1791575689.384542,0.5493747927248478,61654036480,0,65694334976,19324207104,61394554880,61394690560,4559126016,0,187433267200,121282441216
1791575689.9377284,0.5530462488532066,61654036480,0,65694334976,19324207104,61394554880,61394690560,4559126016,0,187433328640,121282437120
1791575690.4873238,0.5494596436619759,61654036480,0,65694334976,19324207104,61394554880,61394690560,4559126016,0,187433390080,121282437120
1791575691.0360365,0.5485760346055031,61654036480,0,65425899520,19592642560,61394554880,61394690560,4290690560,0,187433218048,121282437120
1791575691.589767,0.5535863842815161,61654036480,0,64620593152,20397948928,61394554880,61394690560,3485384192,0,187433295872,121282437120
1791575692.1491568,0.5592442061752081,61654036480,0,65694334976,19324207104,61394554880,61394690560,4559126016,0,187433025536,121282437120
1791575692.7043886,0.5550816785544157,61654036480,0,65694334976,19324207104,61394554880,61394690560,4559126016,0,187432837120,121282433024
1791575693.254372,0.5498445574194193,61654036480,0,65694334976,19324207104,61394554880,61394690560,4559126016,0,187432923136,121282433024
1791575693.8062408,0.5517383925616741,61654036480,0,65425899520,19592642560,61394554880,61394690560,4290690560,0,187432759296,121282433024
1791575694.3628957,0.5565172750502825,61654036480,0,64620593152,20397948928,61394554880,61394690560,3485384192,0,187433021440,121282433024
1791575694.915744,0.552708862349391,61654036480,0,65694334976,19324207104,61394554880,61394690560,4559126016,0,187432984576,121282433024
1791575695.4663439,0.5504619255661964,61654036480,0,65694334976,19324207104,61394554880,61394690560,4559126016,0,187432988672,121282428928
1791575696.017014,0.5505277588963509,61654036480,0,65694334976,19324207104,61394554880,61394690560,4559126016,0,187432820736,121282428928
1791575696.5682266,0.5510755740106106,61654036480,0,65425899520,19592642560,61394554880,61394690560,4290690560,0,187433005056,121282428928
1791575697.1202798,0.5519138183444738,61654036480,0,64620593152,20397948928,61394554880,61394690560,3485384192,0,187432751104,121282428928
1791575697.671835,0.5514096654951572,61654036480,0,65694334976,19324207104,61394554880,61394690560,4559126016,0,187432833024,121282428928
1791575698.2223396,0.5503654479980469,61654036480,0,65694334976,19324207104,61394554880,61394690560,4559126016,0,187432779776,121282428928
1791575698.7725005,0.5500262174755335,61654036480,0,65694334976,19324207104,61394554880,61394690560,4559126016,0,187433402368,121282424832
1791575699.3224683,0.5498304441571236,61654036480,0,65425899520,19592642560,61394554880,61394690560,4290690560,0,187433500672,121282424832
1791575699.8730412,0.5504318252205849,61654036480,0,64620593152,20397948928,61394554880,61394690560,3485384192,0,187433680896,121282424832
1791575700.4237995,0.5506154838949442,61654036480,0,65694334976,19324207104,61394554880,61394690560,4559126016,0,187433762816,121282424832
1791575700.9733832,0.5494356006383896,61654036480,0,65694334976,19324207104,61394554880,61394690560,4559126016,0,187433320448,121282420736
1791575701.5261915,0.5526692308485508,61654036480,0,65694334976,19324207104,61394554880,61394690560,4559126016,0,187433218048,121282420736
1791575702.0752923,0.5489526484161615,61654036480,0,65425899520,19592642560,61394554880,61394690560,4290690560,0,187433005056,121282420736
1791575702.6240976,0.548667635768652,61654036480,0,64620593152,20397948928,61394554880,61394690560,3485384192,0,187433099264,121282420736
1791575703.1731098,0.5488610249012709,61654036480,0,65694334976,19324207104,61394554880,61394690560,4559126016,0,187433189376,121282420736
1791575703.7224965,0.5492371097207069,61654036480,0,65694334976,19324207104,61394554880,61394690560,4559126016,0,187433046016,121282420736
1791575704.271422,0.5487903747707605,61654036480,0,65694334976,19324207104,61394554880,61394690560,4559126016,0,187433132032,121282416640
1791575704.8212924,0.549732880666852,61654036480,0,65425899520,19592642560,61394554880,61394690560,4290690560,0,187432935424,121282416640
1791575705.3702207,0.5487825479358435,61654036480,0,64620593152,20397948928,61394554880,61394690560,3485384192,0,187433070592,121282416640
1791575705.9227133,0.5523531194776297,61654036480,0,65694334976,19324207104,61394554880,61394690560,4559126016,0,187432529920,121282416640
1791575706.4775527,0.5547060519456863,61654036480,0,65694334976,19324207104,61394554880,61394690560,4559126016,0,187432841216,121282416640
1791575707.0278423,0.5501602292060852,61654036480,0,65694334976,19324207104,61394554880,61394690560,4559126016,0,187432894464,121282416640
1791575707.5766926,0.5487013272941113,61654036480,0,65425899520,19592642560,61394554880,61394690560,4290690560,0,187432984576,121282412544
1791575708.1265433,0.5497122686356306,61654036480,0,64620593152,20397948928,61394554880,61394690560,3485384192,0,187432779776,121282412544
1791575708.6848493,0.5581624731421471,61654036480,0,65694334976,19324207104,61394554880,61394690560,4559126016,0,187432853504,121282412544
1791575709.234519,0.5495363622903824,61654036480,0,65694334976,19324207104,61394554880,61394690560,4559126016,0,187433189376,121282412544
1791575709.7875514,0.5529036726802588,61654036480,0,65694334976,19324207104,61394554880,61394690560,4559126016,0,187433201664,121282408448
1791575710.345283,0.5575922206044197,61654036480,0,65425899520,19592642560,61394554880,61394690560,4290690560,0,187432992768,121282408448
1791575710.8941672,0.5487370546907187,61654036480,0,64620593152,20397948928,61394554880,61394690560,3485384192,0,187433082880,121282408448
1791575711.4496968,0.555391188710928,61654036480,0,65694334976,19324207104,61394554880,61394690560,4559126016,0,187432919040,121282408448
1791575712.0049398,0.5551104880869389,61654036480,0,65694334976,19324207104,61394554880,61394690560,4559126016,0,187433275392,121282408448
1791575712.556561,0.5514771938323975,61654036480,0,65694334976,19324207104,61394554880,61394690560,4559126016,0,187433201664,121282408448
1791575713.1049004,0.5481972098350525,61654036480,0,65425899520,19592642560,61394554880,61394690560,4290690560,0,187433287680,121282404352
1791575713.6561,0.551063172519207,61654036480,0,64620593152,20397948928,61394554880,61394690560,3485384192,0,187433381888,121282404352
1791575714.2058487,0.5496013704687357,61654036480,0,65694334976,19324207104,61394554880,61394690560,4559126016,0,187433218048,121282404352
1791575714.761487,0.5554967951029539,61654036480,0,65694334976,19324207104,61394554880,61394690560,4559126016,0,187433320448,121282404352
1791575715.3170457,0.5554203484207392,61654036480,0,65694334976,19324207104,61394554880,61394690560,4559126016,0,187433193472,121282404352
1791575715.8688834,0.5516996588557959,61654036480,0,65425899520,19592642560,61394554880,61394690560,4290690560,0,187432927232,121282404352
1791575716.4183083,0.549277912825346,61654036480,0,64620593152,20397948928,61394554880,61394690560,3485384192,0,187433209856,121282400256
1791575716.9693606,0.550919197499752,61654036480,0,65694334976,19324207104,61394554880,61394690560,4559126016,0,187432992768,121282400256
1791575717.522373,0.5528717562556267,61654036480,0,65694334976,19324207104,61394554880,61394690560,4559126016,0,187432755200,121282400256
1791575718.0744064,0.5519000496715307,61654036480,0,65694334976,19324207104,61394554880,61394690560,4559126016,0,187432706048,121282400256
1791575718.6452065,0.5706603340804577,61654036480,0,65425899520,19592642560,61394554880,61394690560,4290690560,0,187433476096,121282396160
1791575719.201779,0.5564366858452559,61654036480,0,64620593152,20397948928,61394554880,61394690560,3485384192,0,187433304064,121282396160
1791575719.7627075,0.5607927795499563,61654036480,0,65694334976,19324207104,61394554880,61394690560,4559126016,0,187432972288,121282396160
1791575720.3316753,0.5688303802162409,61654036480,0,65694334976,19324207104,61394554880,61394690560,4559126016,0,187433062400,121282396160
1791575720.889704,0.5578933320939541,61654036480,0,65694334976,19324207104,61394554880,61394690560,4559126016,0,187433160704,121282396160
1791575721.446113,0.5562687460333109,61654036480,0,65425899520,19592642560,61394554880,61394690560,4290690560,0,187432886272,121282396160
1791575722.006395,0.5600740630179644,61654040576,0,64620593152,20397948928,61394554880,61394690560,3485388288,0,187433230336,121282392064
1791575722.5590708,0.5525363404303789,61654040576,0,65694334976,19324207104,61394554880,61394690560,4559130112,0,187433324544,121282392064
1791575723.10849,0.5493034739047289,61654040576,0,65694334976,19324207104,61394554880,61394690560,4559130112,0,187433103360,121282392064
1791575723.6625257,0.5538961943238974,61654040576,0,65694334976,19324207104,61394554880,61394690560,4559130112,0,187433103360,121282392064
1791575724.2120821,0.5494201891124249,61654040576,0,65425899520,19592642560,61394554880,61394690560,4290694656,0,187433156608,121282392064
1791575724.7628005,0.5506126973778009,61654052864,0,64620593152,20397948928,61394554880,61394690560,3485400576,0,187433410560,121282392064
1791575725.3120952,0.5491535644978285,61654052864,0,65694334976,19324207104,61394554880,61394690560,4559142400,0,187433234432,121282392064
1791575725.8613276,0.5490887258201838,61654052864,0,65694334976,19324207104,61394554880,61394690560,4559142400,0,187433328640,121282387968
1791575726.4098186,0.54835294932127,61654052864,0,65694334976,19324207104,61394554880,61394690560,4559142400,0,187433418752,121282387968
1791575726.9577346,0.5477767288684845,61654052864,0,65425899520,19592642560,61394554880,61394690560,4290706944,0,187432931328,121282387968
1791575727.5116067,0.5537306647747755,61654052864,0,64620593152,20397948928,61394554880,61394690560,3485400576,0,187432935424,121282383872
1791575728.0598257,0.5480761285871267,61654052864,0,65694334976,19324207104,61394554880,61394690560,4559142400,0,187433013248,121282383872
1791575728.6153638,0.5553830452263355,61654052864,0,65694334976,19324207104,61394554880,61394690560,4559142400,0,187433115648,121282383872
1791575729.1690435,0.5535388682037592,61654052864,0,65694334976,19324207104,61394554880,61394690560,4559142400,0,187456176128,121282383872
1791575729.7980247,0.6288350131362677,61654052864,0,65425899520,19592642560,61394554880,61394690560,4290706944,0,187434012672,121282383872
1791575730.4018302,0.6036745328456163,61654052864,0,64620593152,20397948928,61394554880,61394690560,3485400576,0,187434037248,121282383872
1791575730.952091,0.550122432410717,61654052864,0,65694334976,19324207104,61394554880,61394690560,4559142400,0,187433848832,121282383872
1791575731.5044556,0.552271168678999,61654052864,0,65694334976,19324207104,61394554880,61394690560,4559142400,0,187433177088,121282379776
1791575732.057629,0.5530360583215952,61654052864,0,65694334976,19324207104,61394554880,61394690560,4559142400,0,187433177088,121282379776
1791575732.606439,0.5486714318394661,61654052864,0,65425899520,19592642560,61394554880,61394690560,4290706944,0,187432882176,121282379776
1791575733.1548193,0.5482270400971174,61654052864,0,64620593152,20397948928,61394554880,61394690560,3485400576,0,187432947712,121282379776
1791575733.7062416,0.5512814596295357,61654052864,0,65694334976,19324207104,61394554880,61394690560,4559142400,0,187433005056,121282379776
1791575734.2598157,0.5534293465316296,61654052864,0,65694334976,19324207104,61394554880,61394690560,4559142400,0,187432996864,121282375680
1791575734.8082135,0.5482599250972271,61654052864,0,65694334976,19324207104,61394554880,61394690560,4559142400,0,187433316352,121282375680
1791575735.3563683,0.5480053890496492,61654052864,0,65425899520,19592642560,61394554880,61394690560,4290706944,0,187433320448,121282375680
1791575735.914033,0.5575236435979605,61654052864,0,64620593152,20397948928,61394554880,61394690560,3485400576,0,187433140224,121282375680
1791575736.462173,0.5479892697185278,61654052864,0,65694334976,19324207104,61394554880,61394690560,4559142400,0,187433234432,121282375680
1791575737.011493,0.5491706170141697,61654052864,0,65694334976,19324207104,61394554880,61394690560,4559142400,0,187433328640,121282371584
1791575737.5632648,0.5516330879181623,61654052864,0,65694334976,19324207104,61394554880,61394690560,4559142400,0,187433414656,121282371584
1791575738.1112576,0.5478532612323761,61654052864,0,65425899520,19592642560,61394554880,61394690560,4290706944,0,187433508864,121282371584
1791575738.6654818,0.5540695618838072,61654052864,0,64620593152,20397948928,61394554880,61394690560,3485400576,0,187433476096,121282371584
1791575739.2186685,0.5530472416430712,61654052864,0,65694334976,19324207104,61394554880,61394690560,4559142400,0,187433390080,121282371584
1791575739.7668898,0.548082621768117,61654052864,0,65694334976,19324207104,61394554880,61394690560,4559142400,0,187433480192,121282367488
1791575740.3199668,0.5529403034597635,61654052864,0,65694334976,19324207104,61394554880,61394690560,4559142400,0,187433517056,121282367488
1791575740.870462,0.5503514762967825,61654052864,0,65425899520,19592642560,61394554880,61394690560,4290706944,0,187433709568,121282367488
1791575741.4202073,0.5496056023985147,61654052864,0,64620593152,20397948928,61394554880,61394690560,3485400576,0,187433512960,121282367488
1791575741.9772115,0.5568564608693123,61654052864,0,65694334976,19324207104,61394554880,61394690560,4559142400,0,187433598976,121282367488
1791575742.535163,0.5578113980591297,61654052864,0,65694334976,19324207104,61394554880,61394690560,4559142400,0,187433451520,121282367488
1791575743.0838237,0.5485198069363832,61654052864,0,65694334976,19324207104,61394554880,61394690560,4559142400,0,187433529344,121282363392
1791575743.6316624,0.5476958360522985,61654052864,0,65425899520,19592642560,61394554880,61394690560,4290706944,0,187433545728,121282363392
1791575744.1794975,0.5476902294903994,61654052864,0,64620593152,20397948928,61394554880,61394690560,3485400576,0,187433586688,121282363392
1791575744.7296643,0.5500283259898424,61654052864,0,65694334976,19324207104,61394554880,61394690560,4559142400,0,187433381888,121282363392
1791575745.2788181,0.5490068513900042,61654052864,0,65694334976,19324207104,61394554880,61394690560,4559142400,0,187433529344,121282359296
1791575745.8408463,0.5618898551911116,61654052864,0,65694334976,19324207104,61394554880,61394690560,4559142400,0,187433398272,121282359296
1791575746.3915427,0.5505537446588278,61654052864,0,65425899520,19592642560,61394554880,61394690560,4290706944,0,187433406464,121282359296
1791575746.9459925,0.5543136578053236,61654052864,0,64620593152,20397948928,61394554880,61394690560,3485400576,0,187433185280,121282359296
1791575747.5056202,0.559483777731657,61654052864,0,65694334976,19324207104,61394554880,61394690560,4559142400,0,187433234432,121282359296
1791575748.0540671,0.5483000613749027,61654052864,0,65694334976,19324207104,61394554880,61394690560,4559142400,0,187433570304,121282359296
1791575748.6052918,0.5511044058948755,61654052864,0,65694334976,19324207104,61394554880,61394690560,4559142400,0,187433541632,121282355200
1791575749.1693304,0.5638971887528896,61654052864,0,65425899520,19592642560,61394554880,61394690560,4290706944,0,187433742336,121282355200
1791575749.7199638,0.5504862852394581,61654052864,0,64620593152,20397948928,61394554880,61394690560,3485400576,0,187434094592,121282355200
1791575750.3440638,0.6239596400409937,61654052864,0,65694334976,19324207104,61394554880,61394690560,4559142400,0,187434020864,121282355200
1791575750.9515266,0.6073369439691305,61654052864,0,65694334976,19324207104,61394554880,61394690560,4559142400,0,187434110976,121282355200
1791575751.5001593,0.5484954379498959,61654052864,0,65694334976,19324207104,61394554880,61394690560,4559142400,0,187434086400,121282355200
1791575752.049085,0.5487724933773279,61654052864,0,65425899520,19592642560,61394554880,61394690560,4290706944,0,187434184704,121282351104
1791575752.6144407,0.565252460539341,61654052864,0,64620593152,20397948928,61394554880,61394690560,3485400576,0,187434106880,121282351104
1791575753.164057,0.5494731552898884,61654052864,0,65694334976,19324207104,61394554880,61394690560,4559142400,0,187434180608,121282351104
1791575753.7137966,0.5496099386364222,61654052864,0,65694334976,19324207104,61394554880,61394690560,4559142400,0,187434274816,121282351104
1791575754.269287,0.5553534515202045,61654052864,0,65694334976,19324207104,61394554880,61394690560,4559142400,0,187434115072,121282347008
1791575754.8180234,0.5485983937978745,61654052864,0,65425899520,19592642560,61394554880,61394690560,4290706944,0,187433979904,121282347008
1791575755.3719373,0.5537719968706369,61654052864,0,64620593152,20397948928,61394554880,61394690560,3485400576,0,187433353216,121282347008
1791575755.9368548,0.5647470038384199,61654052864,0,65694334976,19324207104,61394554880,61394690560,4559142400,0,187433086976,121282347008
1791575756.4922607,0.5552561078220606,61654052864,0,65694334976,19324207104,61394554880,61394690560,4559142400,0,187433086976,121282347008
1791575757.051979,0.5595742296427488,61654052864,0,65694334976,19324207104,61394554880,61394690560,4559142400,0,187433177088,121282347008
1791575757.6082916,0.5561648644506931,61654052864,0,65425899520,19592642560,61394554880,61394690560,4290706944,0,187433132032,121282342912
1791575758.1602578,0.5518307480961084,61654052864,0,64620593152,20397948928,61394554880,61394690560,3485400576,0,187433218048,121282342912
1791575758.7163134,0.5558990817517042,61654052864,0,65694334976,19324207104,61394554880,61394690560,4559142400,0,187433054208,121282342912
1791575759.2699182,0.5534637235105038,61654052864,0,65694334976,19324207104,61394554880,61394690560,4559142400,0,187433144320,121282342912
1791575759.8190207,0.5489669777452946,61654052864,0,65694334976,19324207104,61394554880,61394690560,4559142400,0,187432984576,121282342912
1791575760.3721812,0.5530279353260994,61654052864,0,65425899520,19592642560,61394554880,61394690560,4290706944,0,187433070592,121282342912
1791575760.9252164,0.5528899393975735,61654052864,0,64620593152,20397948928,61394554880,61394690560,3485400576,0,187432620032,121282338816
1791575761.4738047,0.5484440568834543,61654052864,0,65694334976,19324207104,61394554880,61394690560,4559142400,0,187433230336,121282338816
1791575762.0268252,0.5528741218149662,61654052864,0,65694334976,19324207104,61394554880,61394690560,4559142400,0,187433091072,121282338816
1791575762.6561987,0.6292298398911953,61654052864,0,65694334976,19324207104,61394554880,61394690560,4559142400,0,187433439232,121282338816
1791575763.2533348,0.5969939567148685,61654052864,0,65425899520,19592642560,61394554880,61394690560,4290706944,0,187433390080,121282334720
1791575763.8124592,0.5589902829378843,61654052864,0,64620593152,20397948928,61394554880,61394690560,3485400576,0,187433406464,121282334720
1791575764.363134,0.5505369994789362,61654052864,0,65694334976,19324207104,61394554880,61394690560,4559142400,0,187433504768,121282334720
1791575764.9138896,0.5506083983927965,61654052864,0,65694334976,19324207104,61394554880,61394690560,4559142400,0,187433590784,121282334720
1791575765.4704707,0.5564389321953058,61654052864,0,65694334976,19324207104,61394554880,61394690560,4559142400,0,187433476096,121282334720
1791575766.0196202,0.5490064024925232,61654052864,0,65425899520,19592642560,61394554880,61394690560,4290706944,0,187433766912,121282334720
1791575766.5720813,0.5523207541555166,61654052864,0,64620593152,20397948928,61394554880,61394690560,3485400576,0,187433529344,121282330624
1791575767.2023606,0.6301722079515457,61654052864,0,65694334976,19324207104,61394554880,61394690560,4559142400,0,187433107456,121282330624
1791575767.8142633,0.611754909157753,61654052864,0,65694334976,19324207104,61394554880,61394690560,4559142400,0,187433459712,121282330624
1791575768.411812,0.5974150225520134,61654052864,0,65694334976,19324207104,61394554880,61394690560,4559142400,0,187433582592,121282330624
1791575768.972117,0.5601644981652498,61654052864,0,65425899520,19592642560,61394554880,61394690560,4290706944,0,187433713664,121282330624
1791575769.599219,0.6269543282687664,61654052864,0,64620593152,20397948928,61394554880,61394690560,3485400576,0,187433791488,121282330624
1791575770.2095366,0.6101700626313686,61654052864,0,65694334976,19324207104,61394554880,61394690560,4559142400,0,187433492480,121282330624
1791575770.8219347,0.6122630052268505,61654052864,0,65694334976,19324207104,61394554880,61394690560,4559142400,0,187433844736,121282326528
1791575771.4510794,0.6289213076233864,61654052864,0,65694334976,19324207104,61394554880,61394690560,4559142400,0,187433549824,121282326528
1791575772.087908,0.6367217767983675,61654052864,0,65425899520,19592642560,61394554880,61394690560,4290706944,0,187433828352,121282326528
1791575772.6969628,0.6089171413332224,61654052864,0,64620593152,20397948928,61394554880,61394690560,3485400576,0,187433783296,121282322432
1791575773.327895,0.6307862848043442,61654052864,0,65694334976,19324207104,61394554880,61394690560,4559142400,0,187433148416,121282322432
1791575773.9402416,0.6121897120028734,61654052864,0,65694334976,19324207104,61394554880,61394690560,4559142400,0,187433259008,121282322432
1791575774.5429282,0.602553553879261,61654052864,0,65694334976,19324207104,61394554880,61394690560,4559142400,0,187433259008,121282322432
1791575775.1675522,0.6244783122092485,61654052864,0,65425899520,19592642560,61394554880,61394690560,4290706944,0,187433353216,121282322432
1791575775.775819,0.6081265993416309,61654052864,0,64620593152,20397948928,61394554880,61394690560,3485400576,0,187433680896,121282322432
1791575776.4093328,0.6333631034940481,61654052864,0,65694334976,19324207104,61394554880,61394690560,4559142400,0,187433373696,121282322432
1791575777.020531,0.6110538002103567,61654052864,0,65694334976,19324207104,61394554880,61394690560,4559142400,0,187433259008,121282318336
1791575777.6744075,0.6537324022501707,61654052864,0,65694334976,19324207104,61394554880,61394690560,4559142400,0,187433103360,121282318336
1791575778.2825785,0.6080351993441582,61654052864,0,65425899520,19592642560,61394554880,61394690560,4290706944,0,187432939520,121282318336
1791575778.8491716,0.5664515476673841,61654052864,0,64620593152,20397948928,61394554880,61394690560,3485400576,0,187433148416,121282318336
1791575779.4280524,0.5787418521940708,61654052864,0,65694334976,19324207104,61394554880,61394690560,4559142400,0,187432787968,121282318336
1791575780.0759883,0.6478020548820496,61654052864,0,65694334976,19324207104,61394554880,61394690560,4559142400,0,187433074688,121282314240
1791575780.7031548,0.6270287577062845,61654052864,0,65694334976,19324207104,61394554880,61394690560,4559142400,0,187433332736,121282314240
1791575781.3505886,0.6472770310938358,61654052864,0,65425899520,19592642560,61394554880,61394690560,4290706944,0,187433029632,121282314240
1791575781.9703848,0.6196527015417814,61654052864,0,64620593152,20397948928,61394554880,61394690560,3485400576,0,187433308160,121282314240
1791575782.5740986,0.6035762410610914,61654052864,0,65694334976,19324207104,61394554880,61394690560,4559142400,0,187433385984,121282314240
1791575783.1303394,0.5560945980250835,61654052864,0,65694334976,19324207104,61394554880,61394690560,4559142400,0,187433644032,121282310144
1791575783.6926694,0.562195835635066,61654052864,0,65694334976,19324207104,61394554880,61394690560,4559142400,0,187433000960,121282310144
1791575784.2918646,0.5990582797676325,61654052864,0,65425899520,19592642560,61394554880,61394690560,4290706944,0,187432747008,121282310144
1791575784.9242308,0.6322144605219364,61654052864,0,64620593152,20397948928,61394554880,61394690560,3485400576,0,187433168896,121282310144
1791575785.5375566,0.6131831202656031,61654052864,0,65694334976,19324207104,61394554880,61394690560,4559142400,0,187432972288,121282310144
1791575786.1461854,0.6084826439619064,61654052864,0,65694334976,19324207104,61394554880,61394690560,4559142400,0,187432951808,121282306048
1791575786.7424018,0.5960854403674603,61654052864,0,65694334976,19324207104,61394554880,61394690560,4559142400,0,187433230336,121282306048
1791575787.2951717,0.5526290815323591,61654052864,0,65425899520,19592642560,61394554880,61394690560,4290706944,0,187433521152,121282306048
1791575787.8470454,0.5517296269536018,61654052864,0,64620593152,20397948928,61394554880,61394690560,3485400576,0,187433209856,121282306048
1791575788.4760897,0.6289000250399113,61654052864,0,65694334976,19324207104,61394554880,61394690560,4559142400,0,187433431040,121282306048
1791575789.0712197,0.5950109083205462,61654052864,0,65694334976,19324207104,61394554880,61394690560,4559142400,0,187433779200,121282306048
1791575789.6246502,0.5532921496778727,61654052864,0,65694334976,19324207104,61394554880,61394690560,4559142400,0,187433512960,121282301952
1791575790.2311382,0.6063477750867605,61654052864,0,64620593152,20397948928,61394554880,61394690560,3485400576,0,187433271296,121282301952
1791575790.783911,0.5526232365518808,61654052864,0,65694334976,19324207104,61394554880,61394690560,4559142400,0,187433086976,121282301952
1791575791.332886,0.5488382820039988,61654052864,0,65694334976,19324207104,61394554880,61394690560,4559142400,0,187433140224,121282301952
1791575791.944031,0.6110095363110304,61654052864,0,65694334976,19324207104,61394554880,61394690560,4559142400,0,187432902656,121282297856
1791575792.50579,0.5616207476705313,61654052864,0,65425899520,19592642560,61394554880,61394690560,4290706944,0,187432779776,121282297856
1791575793.0556135,0.5496837329119444,61654052864,0,64620593152,20397948928,61394554880,61394690560,3485400576,0,187433111552,121282297856
1791575793.6059911,0.5502361990511417,61654052864,0,65694334976,19324207104,61394554880,61394690560,4559142400,0,187432988672,121282297856
1791575794.161355,0.5552245117723942,61654052864,0,65694334976,19324207104,61394554880,61394690560,4559142400,0,187432964096,121282297856
1791575794.7176852,0.5561923235654831,61654056960,0,65694334976,19324207104,61394554880,61394690560,4559146496,0,187432775680,121282297856
1791575795.268603,0.5507800560444593,61654056960,0,65425899520,19592642560,61394554880,61394690560,4290711040,0,187433136128,121282293760
1791575795.828014,0.5592698641121387,61654056960,0,64620593152,20397948928,61394554880,61394690560,3485404672,0,187433017344,121282293760
1791575796.3818238,0.5536597147583961,61654056960,0,65694334976,19324207104,61394554880,61394690560,4559146496,0,187433107456,121282293760
1791575796.930324,0.5483603924512863,61654056960,0,65694334976,19324207104,61394554880,61394690560,4559146496,0,187433197568,121282293760
1791575797.4879951,0.5575333312153816,61654069248,0,65694334976,19324207104,61394554880,61394690560,4559158784,0,187433283584,121282289664
1791575798.038056,0.5499186888337135,61654069248,0,65425899520,19592642560,61394554880,61394690560,4290723328,0,187433230336,121282289664
1791575798.587475,0.5492886453866959,61654069248,0,64620593152,20397948928,61394554880,61394690560,3485416960,0,187433050112,121282289664
1791575799.144539,0.5569201204925776,61654069248,0,65694334976,19324207104,61394554880,61394690560,4559158784,0,187433385984,121282289664
1791575799.6928427,0.5481617841869593,61654069248,0,65694334976,19324207104,61394554880,61394690560,4559158784,0,187433467904,121282289664
1791575800.2457573,0.5527751296758652,61654069248,0,65694334976,19324207104,61394554880,61394690560,4559158784,0,187433295872,121282289664
1791575800.8012066,0.5552997682243586,61654069248,0,65425899520,19592642560,61394554880,61394690560,4290723328,0,187433385984,121282285568
1791575801.3512278,0.5498795080929995,61654069248,0,64620593152,20397948928,61394554880,61394690560,3485416960,0,187433209856,121282285568
1791575801.8995543,0.5481867678463459,61654069248,0,65694334976,19324207104,61394554880,61394690560,4559158784,0,187433299968,121282285568
1791575802.4580445,0.5583483409136534,61654069248,0,65694334976,19324207104,61394554880,61394690560,4559158784,0,187433398272,121282285568
1791575803.0091321,0.5509496200829744,61654069248,0,65694334976,19324207104,61394554880,61394690560,4559158784,0,187433484288,121282285568
1791575803.5578368,0.5485580787062645,61654069248,0,65425899520,19592642560,61394554880,61394690560,4290723328,0,187433312256,121282285568
1791575804.1049285,0.5469417795538902,61654069248,0,64620593152,20397948928,61394554880,61394690560,3485416960,0,187433402368,121282281472
1791575804.6543431,0.5492711402475834,61654069248,0,65694334976,19324207104,61394554880,61394690560,4559158784,0,187433500672,121282281472
1791575805.204659,0.5501694567501545,61654069248,0,65694334976,19324207104,61394554880,61394690560,4559158784,0,187433369600,121282281472
1791575805.754326,0.549528980627656,61654069248,0,65694334976,19324207104,61394554880,61394690560,4559158784,0,187433459712,121282281472
1791575806.3029168,0.5484517142176628,61654069248,0,65425899520,19592642560,61394554880,61394690560,4290723328,0,187433222144,121282277376
1791575806.8530564,0.5500018242746592,61654069248,0,64620593152,20397948928,61394554880,61394690560,3485416960,0,187433172992,121282277376
1791575807.4053988,0.5522097032517195,61654069248,0,65694334976,19324207104,61394554880,61394690560,4559158784,0,187433037824,121282277376
1791575807.9567034,0.5511649344116449,61654069248,0,65694334976,19324207104,61394554880,61394690560,4559158784,0,187433316352,121282277376
1791575808.5070019,0.5501667466014624,61654069248,0,65694334976,19324207104,61394554880,61394690560,4559158784,0,187433107456,121282277376
1791575809.0809631,0.5738208033144474,61654069248,0,63009980416,22008561664,61394554880,61394690560,1874804224,0,187433172992,121282277376
1791575809.6332486,0.5521448664367199,61654069248,0,64620593152,20397948928,61394554880,61394690560,3485416960,0,187433271296,121282277376
1791575810.1814065,0.5480062384158373,61654069248,0,65694334976,19324207104,61394554880,61394690560,4559158784,0,187433295872,121282273280
1791575810.7352023,0.5536564607173204,61654069248,0,65694334976,19324207104,61394554880,61394690560,4559158784,0,187433201664,121282273280
1791575811.2843773,0.5490336082875729,61654069248,0,65694334976,19324207104,61394554880,61394690560,4559158784,0,187432951808,121282273280
1791575811.8332293,0.5487036257982254,61654069248,0,65425899520,19592642560,61394554880,61394690560,4290723328,0,187433304064,121282273280
1791575812.3935475,0.5601729154586792,61654069248,0,64620593152,20397948928,61394554880,61394690560,3485416960,0,187433332736,121282273280
1791575812.944404,0.5507045146077871,61654069248,0,65694334976,19324207104,61394554880,61394690560,4559158784,0,187433713664,121282273280
1791575813.4925714,0.548029275611043,61654069248,0,65694334976,19324207104,61394554880,61394690560,4559158784,0,187433865216,121282269184
1791575814.0557075,0.5629928298294544,61654069248,0,65694334976,19324207104,61394554880,61394690560,4559158784,0,187433857024,121282269184
1791575814.6060154,0.5501736868172884,61654069248,0,65425899520,19592642560,61394554880,61394690560,4290723328,0,187433885696,121282269184
1791575815.1547031,0.5485433842986822,61654069248,0,64620593152,20397948928,61394554880,61394690560,3485416960,0,187433893888,121282265088
1791575815.7113898,0.5565465688705444,61654069248,0,65694334976,19324207104,61394554880,61394690560,4559158784,0,187433734144,121282265088
1791575816.2622204,0.5506785362958908,61654069248,0,65694334976,19324207104,61394554880,61394690560,4559158784,0,187433562112,121282265088
1791575816.8164904,0.5541326999664307,61654069248,0,65694334976,19324207104,61394554880,61394690560,4559158784,0,187433656320,121282265088
1791575817.3746269,0.5579888187348843,61654069248,0,65425899520,19592642560,61394554880,61394690560,4290723328,0,187433754624,121282265088
1791575817.9232345,0.5484718084335327,61654069248,0,64620593152,20397948928,61394554880,61394690560,3485416960,0,187433844736,121282265088
1791575818.4752202,0.551844360306859,61654069248,0,65694334976,19324207104,61394554880,61394690560,4559158784,0,187433418752,121282265088
1791575819.039107,0.5637399014085531,61654069248,0,65694334976,19324207104,61394554880,61394690560,4559158784,0,187432996864,121282260992
1791575819.5913453,0.5520967971533537,61654069248,0,65694334976,19324207104,61394554880,61394690560,4559158784,0,187433332736,121282260992
1791575820.1408188,0.549333743751049,61654069248,0,65425899520,19592642560,61394554880,61394690560,4290723328,0,187433607168,121282260992
1791575820.7477243,0.6067562270909548,61654069248,0,62204674048,22813868032,61394554880,61394690560,1069497856,0,187433594880,121282260992
1791575821.3002489,0.5523890275508165,61654069248,0,65694334976,19324207104,61394554880,61394690560,4559158784,0,187433689088,121282260992
1791575821.8483822,0.5479858219623566,61654069248,0,65694334976,19324207104,61394554880,61394690560,4559158784,0,187433447424,121282256896
1791575822.4077272,0.5592077858746052,61654069248,0,65694334976,19324207104,61394554880,61394690560,4559158784,0,187433541632,121282256896
1791575822.9573746,0.5495078600943089,61654069248,0,65425899520,19592642560,61394554880,61394690560,4290723328,0,187433635840,121282256896
1791575823.5055153,0.5480041708797216,61654069248,0,64620593152,20397948928,61394554880,61394690560,3485416960,0,187433734144,121282256896
1791575824.0601509,0.5544829592108727,61654069248,0,65694334976,19324207104,61394554880,61394690560,4559158784,0,187433824256,121282256896
1791575824.6119637,0.5516609810292721,61654069248,0,65694334976,19324207104,61394554880,61394690560,4559158784,0,187434176512,121282252800
1791575825.1609344,0.5488342791795731,61654069248,0,65694334976,19324207104,61394554880,61394690560,4559158784,0,187434266624,121282252800
1791575825.7080262,0.5469524562358856,61654069248,0,65425899520,19592642560,61394554880,61394690560,4290723328,0,187433959424,121282252800
1791575826.257783,0.5496183484792709,61654069248,0,64620593152,20397948928,61394554880,61394690560,3485416960,0,187433537536,121282252800
1791575826.8074553,0.5495344884693623,61654069248,0,65694334976,19324207104,61394554880,61394690560,4559158784,0,187433627648,121282252800
1791575827.3649602,0.5573621466755867,61654069248,0,65694334976,19324207104,61394554880,61394690560,4559158784,0,187433295872,121282248704
1791575827.9140122,0.5489164665341377,61654069248,0,65694334976,19324207104,61394554880,61394690560,4559158784,0,187433328640,121282248704
1791575828.465929,0.5517698768526316,61654069248,0,65425899520,19592642560,61394554880,61394690560,4290723328,0,187433512960,121282248704
1791575829.024692,0.5586237870156765,61654069248,0,64620593152,20397948928,61394554880,61394690560,3485416960,0,187433332736,121282248704
1791575829.5745683,0.5497376453131437,61654069248,0,65694334976,19324207104,61394554880,61394690560,4559158784,0,187433414656,121282248704
1791575830.122809,0.5480907689779997,61654069248,0,65694334976,19324207104,61394554880,61394690560,4559158784,0,187433238528,121282248704
1791575830.6800275,0.5570829398930073,61654069248,0,65694334976,19324207104,61394554880,61394690560,4559158784,0,187433062400,121282244608
1791575831.228578,0.5484112091362476,61654069248,0,65425899520,19592642560,61394554880,61394690560,4290723328,0,187433123840,121282244608
1791575831.781342,0.5526238437741995,61654069248,0,64620593152,20397948928,61394554880,61394690560,3485416960,0,187433476096,121282244608
1791575832.3351426,0.5536622945219278,61654069248,0,65694334976,19324207104,61394554880,61394690560,4559158784,0,187433164800,121282244608
1791575832.8870564,0.5517664607614279,61654073344,0,65694334976,19324207104,61394554880,61394690560,4559162880,0,187433754624,121282240512
1791575833.4444416,0.5572524704039097,61654073344,0,65694334976,19324207104,61394554880,61394690560,4559162880,0,187433848832,121282240512
1791575833.9956684,0.5510845612734556,61654073344,0,65425899520,19592642560,61394554880,61394690560,4290727424,0,187433938944,121282240512
1791575834.5463343,0.5505273435264826,61654073344,0,64620593152,20397948928,61394554880,61394690560,3485421056,0,187434041344,121282240512
1791575835.0995772,0.5530948601663113,61654073344,0,65694334976,19324207104,61394554880,61394690560,4559162880,0,187433865216,121282240512
1791575835.6474712,0.5477441791445017,61654073344,0,65694334976,19324207104,61394554880,61394690560,4559162880,0,187433955328,121282240512
1791575836.195642,0.5480288881808519,61654073344,0,65694334976,19324207104,61394554880,61394690560,4559162880,0,187434049536,121282236416
1791575836.748625,0.5528440866619349,61654073344,0,65425899520,19592642560,61394554880,61394690560,4290727424,0,187433902080,121282236416
1791575837.315647,0.5668783020228148,61654073344,0,64620593152,20397948928,61394554880,61394690560,3485421056,0,187433005056,121282236416
1791575837.871577,0.5557937156409025,61654073344,0,65694334976,19324207104,61394554880,61394690560,4559162880,0,187433103360,121282236416
1791575838.431002,0.5592752601951361,61654073344,0,65694334976,19324207104,61394554880,61394690560,4559162880,0,187433152512,121282236416
1791575839.000736,0.569597702473402,61654073344,0,65694334976,19324207104,61394554880,61394690560,4559162880,0,187432939520,121282236416
1791575839.5665083,0.5656333323568106,61654073344,0,65425899520,19592642560,61394554880,61394690560,4290727424,0,187433009152,121282232320
1791575840.1286154,0.5619688481092453,61654073344,0,64620593152,20397948928,61394554880,61394690560,3485421056,0,187433025536,121282232320
1791575840.701739,0.5729854721575975,61654073344,0,65694334976,19324207104,61394554880,61394690560,4559162880,0,187433181184,121282232320
1791575841.2729843,0.5711015835404396,61654073344,0,65694334976,19324207104,61394554880,61394690560,4559162880,0,187432984576,121282232320
1791575841.8338046,0.5606831405311823,61654073344,0,65694334976,19324207104,61394554880,61394690560,4559162880,0,187433238528,121282228224
1791575842.3844848,0.5505440849810839,61654073344,0,65425899520,19592642560,61394554880,61394690560,4290727424,0,187433492480,121282228224
1791575842.9383047,0.5536747239530087,61654073344,0,64620593152,20397948928,61394554880,61394690560,3485421056,0,187433512960,121282228224
1791575843.4929106,0.5544635243713856,61654073344,0,65694334976,19324207104,61394554880,61394690560,4559162880,0,187433259008,121282228224
1791575844.0508852,0.5578239466995001,61654073344,0,65694334976,19324207104,61394554880,61394690560,4559162880,0,187433234432,121282228224
1791575844.6009989,0.5499674286693335,61654073344,0,65694334976,19324207104,61394554880,61394690560,4559162880,0,187433140224,121282162688
1791575845.1594179,0.5582704730331898,61654073344,0,65425899520,19592642560,61394554880,61394690560,4290727424,0,187433140224,121282158592
1791575845.7130418,0.553483534604311,61654073344,0,64620593152,20397948928,61394554880,61394690560,3485421056,0,187433447424,121282158592
1791575846.268388,0.5552000720053911,61654073344,0,65694334976,19324207104,61394554880,61394690560,4559162880,0,187433197568,121282158592
1791575846.818579,0.5500512141734362,61654073344,0,65694334976,19324207104,61394554880,61394690560,4559162880,0,187433234432,121282158592
1791575847.3802536,0.5615370888262987,61654073344,0,65694334976,19324207104,61394554880,61394690560,4559162880,0,187433156608,121282158592
1791575847.9334316,0.5530422050505877,61654073344,0,65425899520,19592642560,61394554880,61394690560,4290727424,0,187433517056,121282158592
1791575848.4861317,0.5525532942265272,61654073344,0,64620593152,20397948928,61394554880,61394690560,3485421056,0,187433455616,121282154496
1791575849.0428913,0.5566159430891275,61654073344,0,65694334976,19324207104,61394554880,61394690560,4559162880,0,187433189376,121282154496
1791575849.592146,0.5491117518395185,61654073344,0,65694334976,19324207104,61394554880,61394690560,4559162880,0,187433218048,121282154496
1791575850.147122,0.5548326149582863,61654073344,0,65694334976,19324207104,61394554880,61394690560,4559162880,0,187433275392,121282154496
1791575850.7060072,0.5587335526943207,61654073344,0,65425899520,19592642560,61394554880,61394690560,4290727424,0,187433009152,121282150400
1791575851.256683,0.5505411550402641,61654073344,0,64620593152,20397948928,61394554880,61394690560,3485421056,0,187433021440,121282150400
1791575851.8123276,0.5554938390851021,61654073344,0,65694334976,19324207104,61394554880,61394690560,4559162880,0,187432824832,121282150400
1791575852.366659,0.5541851203888655,61654073344,0,65694334976,19324207104,61394554880,61394690560,4559162880,0,187433177088,121282150400
1791575852.9179566,0.5511619783937931,61654073344,0,65694334976,19324207104,61394554880,61394690560,4559162880,0,187433521152,121282150400
1791575853.4680269,0.5499319937080145,61654073344,0,65425899520,19592642560,61394554880,61394690560,4290727424,0,187433267200,121282150400
1791575854.0279398,0.5597733948379755,61654073344,0,64620593152,20397948928,61394554880,61394690560,3485421056,0,187433267200,121282146304
1791575854.5803473,0.5522629413753748,61654073344,0,65694334976,19324207104,61394554880,61394690560,4559162880,0,187433287680,121282146304
1791575855.1301498,0.549661448225379,61654073344,0,65694334976,19324207104,61394554880,61394690560,4559162880,0,187433385984,121282146304
1791575855.6903343,0.560039734467864,61654073344,0,65694334976,19324207104,61394554880,61394690560,4559162880,0,187433316352,121282146304
1791575856.2403545,0.5498783756047487,61654073344,0,65425899520,19592642560,61394554880,61394690560,4290727424,0,187433598976,121282146304
1791575856.7910016,0.5505086164921522,61654073344,0,64620593152,20397948928,61394554880,61394690560,3485421056,0,187433418752,121282146304
1791575857.3458216,0.5546758882701397,61654073344,0,65694334976,19324207104,61394554880,61394690560,4559162880,0,187433414656,121282146304
1791575857.8954804,0.549513466656208,61654073344,0,65694334976,19324207104,61394554880,61394690560,4559162880,0,187433492480,121282142208
1791575858.4439757,0.5483586732298136,61654073344,0,65694334976,19324207104,61394554880,61394690560,4559162880,0,187433582592,121282142208
1791575858.9939048,0.5497917644679546,61654073344,0,65425899520,19592642560,61394554880,61394690560,4290727424,0,187433517056,121282142208
1791575859.5429876,0.5489409100264311,61654073344,0,64620593152,20397948928,61394554880,61394690560,3485421056,0,187433246720,121282138112
1791575860.0953417,0.5522168837487698,61654073344,0,65694334976,19324207104,61394554880,61394690560,4559162880,0,187432984576,121282138112
1791575860.643655,0.5481671411544085,61654073344,0,65694334976,19324207104,61394554880,61394690560,4559162880,0,187433594880,121282138112
1791575861.1911602,0.5473575368523598,61654073344,0,65694334976,19324207104,61394554880,61394690560,4559162880,0,187433652224,121282138112
1791575861.738717,0.5474083963781595,61654073344,0,65425899520,19592642560,61394554880,61394690560,4290727424,0,187433459712,121282138112
1791575862.2881885,0.5493228826671839,61654073344,0,64620593152,20397948928,61394554880,61394690560,3485421056,0,187433558016,121282138112
1791575862.8381479,0.5498184040188789,61654073344,0,65694334976,19324207104,61394554880,61394690560,4559162880,0,187433627648,121282138112
1791575863.387975,0.5496820341795683,61654073344,0,65694334976,19324207104,61394554880,61394690560,4559162880,0,187433713664,121282134016
1791575863.9399097,0.5517946351319551,61654073344,0,65694334976,19324207104,61394554880,61394690560,4559162880,0,187433795584,121282134016
1791575864.4893806,0.5493296775966883,61654073344,0,65425899520,19592642560,61394554880,61394690560,4290727424,0,187433893888,121282134016
1791575865.0380936,0.5485708769410849,61654077440,0,64620593152,20397948928,61394554880,61394690560,3485425152,0,187433680896,121282134016
1791575865.5859385,0.5477044880390167,61654077440,0,65694334976,19324207104,61394554880,61394690560,4559166976,0,187433504768,121282134016
1791575866.1382356,0.5521492455154657,61654077440,0,65694334976,19324207104,61394554880,61394690560,4559166976,0,187433861120,121282129920
1791575866.6866767,0.5483059864491224,61654077440,0,65694334976,19324207104,61394554880,61394690560,4559166976,0,187433938944,121282129920
1791575867.240968,0.5541477426886559,61654077440,0,65425899520,19592642560,61394554880,61394690560,4290731520,0,187434016768,121282129920
1791575867.794338,0.5532133970409632,61654089728,0,64620593152,20397948928,61394554880,61394690560,3485437440,0,187433684992,121282129920
1791575868.3438065,0.5493268463760614,61654089728,0,65694334976,19324207104,61394554880,61394690560,4559179264,0,187433775104,121282129920
1791575868.8930087,0.5490632709115744,61654089728,0,65694334976,19324207104,61394554880,61394690560,4559179264,0,187433639936,121282125824
1791575869.4487906,0.5556434392929077,61654089728,0,65694334976,19324207104,61394554880,61394690560,4559179264,0,187433500672,121282125824
1791575869.9981902,0.5492626968771219,61654089728,0,65425899520,19592642560,61394554880,61394690560,4290743808,0,187433500672,121282125824
1791575870.549372,0.5510299317538738,61654089728,0,64620593152,20397948928,61394554880,61394690560,3485437440,0,187433852928,121282125824
1791575871.1157026,0.5661896131932735,61654089728,0,65694334976,19324207104,61394554880,61394690560,4559179264,0,187433586688,121282125824
1791575871.6640975,0.5482518803328276,61654089728,0,65694334976,19324207104,61394554880,61394690560,4559179264,0,187433672704,121282121728
1791575872.220666,0.5564258117228746,61654089728,0,65694334976,19324207104,61394554880,61394690560,4559179264,0,187433205760,121282121728
1791575872.781705,0.5608971063047647,61654089728,0,65425899520,19592642560,61394554880,61394690560,4290743808,0,187433443328,121282121728
1791575873.331839,0.5499958880245686,61654089728,0,64620593152,20397948928,61394554880,61394690560,3485437440,0,187433398272,121282121728
1791575873.8808568,0.5488763693720102,61654089728,0,65694334976,19324207104,61394554880,61394690560,4559179264,0,187433496576,121282121728
1791575874.4442654,0.5632685460150242,61654089728,0,65694334976,19324207104,61394554880,61394690560,4559179264,0,187433545728,121282117632
1791575874.994535,0.5501322988420725,61654089728,0,65694334976,19324207104,61394554880,61394690560,4559179264,0,187433631744,121282117632
1791575875.550067,0.5553942453116179,61654089728,0,65425899520,19592642560,61394554880,61394690560,4290743808,0,187433676800,121282117632
1791575876.1057594,0.5555713754147291,61654089728,0,64620593152,20397948928,61394554880,61394690560,3485437440,0,187433611264,121282117632
1791575876.6562366,0.5503367930650711,61654089728,0,65694334976,19324207104,61394554880,61394690560,4559179264,0,187433439232,121282117632
1791575877.2066884,0.5503053516149521,61654089728,0,65694334976,19324207104,61394554880,61394690560,4559179264,0,187433766912,121282113536
1791575877.7657886,0.5589631870388985,61654089728,0,65694334976,19324207104,61394554880,61394690560,4559179264,0,187433570304,121282113536
1791575878.3591077,0.5931753311306238,61654089728,0,65425899520,19592642560,61394554880,61394690560,4290743808,0,187433656320,121282113536
1791575878.9083948,0.5491474531590939,61687648256,0,62227742720,22790799360,61394554880,61394690560,1126145536,0,187467304960,121282113536
1791575879.5766876,0.6681530438363552,61721227264,0,62196285440,22822256640,61394554880,61394690560,1128267264,0,187500281856,121282113536
1791575880.6574259,1.0805989727377892,61721247744,0,61948821504,23069720576,61394554880,61394690560,880823808,0,187492892672,121282109440
1791575881.733019,1.0754550490528345,61713387520,0,61948821504,23069720576,61394554880,61394690560,872963584,0,187492663296,121282109440
1791575882.8030424,1.0698837004601955,61713461248,0,61948821504,23069720576,61394554880,61394690560,873037312,0,187492577280,121282109440
1791575883.8770072,1.0738210119307041,61713571840,0,61948821504,23069720576,61394554880,61394690560,873147904,0,187492835328,121282109440
1791575884.9448626,1.0677058957517147,61713653760,0,61948821504,23069720576,61394554880,61394690560,873229824,0,187493031936,121282109440
1791575886.0153246,1.0703198704868555,61713764352,0,61948821504,23069720576,61394554880,61394690560,873340416,0,187493007360,121282109440
1791575887.0850701,1.0696049686521292,61713846272,0,61948821504,23069720576,61394554880,61394690560,873422336,0,187493208064,121282109440
1791575888.1624875,1.0773017834872007,61713965056,0,61948821504,23069720576,61394554880,61394690560,873541120,0,187493298176,121282109440
1791575889.2237368,1.0611045248806477,61714038784,0,61948821504,23069720576,61394554880,61394690560,873614848,0,187493576704,121282109440
1791575890.2975304,1.0736532993614674,61714145280,0,61948821504,23069720576,61394554880,61394690560,873721344,0,187493347328,121282109440
1791575891.3724656,1.0747928377240896,61714219008,0,61948821504,23069720576,61394554880,61394690560,873795072,0,187493629952,121282109440
1791575892.4404619,1.0678588636219501,61714329600,0,61948821504,23069720576,61394554880,61394690560,873905664,0,187493642240,121282109440
1791575893.5216317,1.0810205545276403,61714407424,0,61948821504,23069720576,61394554880,61394690560,873983488,0,187494178816,121282109440
1791575894.602266,1.0804872084408998,61714513920,0,61948821504,23069720576,61394554880,61394690560,874089984,0,187493748736,121282109440
1791575895.6786647,1.076258346438408,61714595840,0,61948821504,23069720576,61394554880,61394690560,874171904,0,187494039552,121282109440
1791575896.8298037,1.1509986966848373,61714644992,0,61948821504,23069720576,61394554880,61394690560,874221056,0,187493707776,121282109440
1791575898.0720427,1.2420818340033293,61714653184,0,61948821504,23069720576,61394554880,61394690560,874229248,0,187493724160,121282109440
1791575899.3619514,1.2897639386355877,61714657280,0,61948821504,23069720576,61394554880,61394690560,874233344,0,187493728256,121282109440
1791575900.6766033,1.3144913967698812,61714661376,0,61948821504,23069720576,61394554880,61394690560,874237440,0,187494055936,121282109440
1791575901.966546,1.2897869125008583,61714669568,0,61948821504,23069720576,61394554880,61394690560,874245632,0,187493957632,121282109440
1791575903.2315593,1.2648625131696463,61714673664,0,61948821504,23069720576,61394554880,61394690560,874249728,0,187493912576,121282109440
1791575904.4757926,1.2440767399966717,61714681856,0,61948821504,23069720576,61394554880,61394690560,874257920,0,187493593088,121282109440
1791575905.6322763,1.156342063099146,61714681856,0,61948821504,23069720576,61394554880,61394690560,874257920,0,187493838848,121282109440
1791575906.736854,1.1044297125190496,61714685952,0,61948821504,23069720576,61394554880,61394690560,874262016,0,187493830656,121282109440
1791575907.8200333,1.0830264072865248,61714690048,0,61948821504,23069720576,61394554880,61394690560,874266112,0,187493601280,121282109440
1791575908.8864887,1.066302616149187,61714698240,0,61948821504,23069720576,61394554880,61394690560,874274304,0,187493568512,121282109440
1791575909.9314497,1.044817065820098,61714698240,0,61948821504,23069720576,61394554880,61394690560,874274304,0,187493847040,121282109440
1791575910.9727252,1.0411287378519773,61714706432,0,61948821504,23069720576,61394554880,61394690560,874282496,0,187493638144,121282109440
1791575912.0474172,1.0745459590107203,61714710528,0,61948821504,23069720576,61394554880,61394690560,874286592,0,187493965824,121282109440
1791575913.019565,0.9720014445483685,61714718720,0,61948821504,23069720576,61394554880,61394690560,874294784,0,187493961728,121282109440
1791575913.9820702,0.9623581673949957,61714722816,0,61948821504,23069720576,61394554880,61394690560,874298880,0,187493814272,121282109440
1791575914.9520972,0.9699108637869358,61714726912,0,61948821504,23069720576,61394554880,61394690560,874302976,0,187493634048,121282109440
1791575915.9230988,0.9708496425300837,61714731008,0,61948821504,23069720576,61394554880,61394690560,874307072,0,187493601280,121282109440
1791575916.8936737,0.9704205840826035,61714735104,0,61948821504,23069720576,61394554880,61394690560,874311168,0,187493625856,121282109440
1791575917.876824,0.9830074552446604,61714743296,0,61948821504,23069720576,61394554880,61394690560,874319360,0,187493859328,121282109440
1791575918.831099,0.9541287161409855,61714751488,0,61948821504,23069720576,61394554880,61394690560,874327552,0,187493851136,121282109440
1791575919.8004842,0.9692303650081158,61714755584,0,61948821504,23069720576,61394554880,61394690560,874331648,0,187493834752,121282109440
1791575920.7684472,0.9678114093840122,61714763776,0,61948821504,23069720576,61394554880,61394690560,874339840,0,187494141952,121282109440
1791575921.7382677,0.9696760922670364,61714767872,0,61948821504,23069720576,61394554880,61394690560,874343936,0,187493597184,121282109440
1791575922.7101357,0.9717231076210737,61714771968,0,61948821504,23069720576,61394554880,61394690560,874348032,0,187493855232,121282109440
1791575923.6814258,0.9711421597748995,61714919424,0,61948821504,23069720576,61394554880,61394690560,874495488,0,187494506496,121282080768
1791575924.6485512,0.9669860638678074,61715009536,0,61948821504,23069720576,61394653184,61394690560,874487296,0,187494346752,121282080768
1791575925.7057033,1.0570077672600746,61715165184,0,61948821504,23069720576,61394649088,61394690560,874647040,0,187494494208,121282080768
1791575926.7012475,0.995400357991457,61715197952,0,61948821504,23069720576,61394681856,61394690560,874647040,0,187495120896,121282080768
1791575927.6992252,0.9978312961757183,61716049920,0,61948821504,23069720576,61394685952,61394690560,875494912,0,187495579648,121282080768
1791575928.6680186,0.9686475563794374,61716729856,0,61948821504,23069720576,61394685952,61394690560,876174848,0,187496529920,121282080768
1791575929.6435897,0.975419195368886,61716733952,0,61948821504,23069720576,61394685952,61394690560,876178944,0,187496247296,121282080768
1791575930.6128254,0.9690935648977757,61716733952,0,61948821504,23069720576,61394685952,61394690560,876178944,0,187496263680,121282080768
1791575931.5818062,0.9688380379229784,61716738048,0,61948821504,23069720576,61394685952,61394690560,876183040,0,187496226816,121282080768
1791575932.5494146,0.967462208122015,61716742144,0,61948821504,23069720576,61394685952,61394690560,876187136,0,187496468480,121282080768
1791575933.5324237,0.9828721657395363,61716746240,0,61948821504,23069720576,61394685952,61394690560,876191232,0,187497005056,121282080768
1791575934.5212524,0.9886816442012787,61716750336,0,61948821504,23069720576,61394685952,61394690560,876195328,0,187496493056,121282080768
1791575935.5161655,0.9947677254676819,61716754432,0,61948821504,23069720576,61394685952,61394690560,876199424,0,187496931328,121282080768
1791575936.5049658,0.9886408280581236,61716758528,0,61948821504,23069720576,61394685952,61394690560,876203520,0,187496472576,121282080768
1791575937.4722733,0.9671544395387173,61716762624,0,61948821504,23069720576,61394685952,61394690560,876207616,0,187496570880,121282080768
1791575938.4399185,0.9675042349845171,61716766720,0,61948821504,23069720576,61394685952,61394690560,876211712,0,187496472576,121282080768
1791575939.4082942,0.9682325031608343,61716770816,0,61948821504,23069720576,61394685952,61394690560,876215808,0,187496611840,121282080768
1791575940.3755932,0.9671511612832546,61716774912,0,61948821504,23069720576,61394685952,61394690560,876219904,0,187496779776,121282080768
1791575941.3442683,0.9685289170593023,61716779008,0,61948821504,23069720576,61394685952,61394690560,876224000,0,187496439808,121282080768
1791575942.3147876,0.97037073969841,61716783104,0,61948821504,23069720576,61394685952,61394690560,876228096,0,187496120320,121282080768
1791575943.2817802,0.9668472800403833,61716787200,0,61948821504,23069720576,61394685952,61394690560,876232192,0,187496165376,121282080768
1791575944.2479618,0.9660351276397705,61716787200,0,61948821504,23069720576,61394685952,61394690560,876232192,0,187496341504,121282080768
1791575945.2164013,0.968294920399785,61716791296,0,61948821504,23069720576,61394685952,61394690560,876236288,0,187496284160,121282080768
1791575946.1879792,0.9714314918965101,61716795392,0,61948821504,23069720576,61394685952,61394690560,876240384,0,187496222720,121282080768
1791575947.1580677,0.969944691285491,61716799488,0,61948821504,23069720576,61394685952,61394690560,876244480,0,187496361984,121282080768
1791575948.1433997,0.9852103814482689,61716803584,0,61948821504,23069720576,61394685952,61394690560,876248576,0,187496034304,121282080768
1791575949.14273,0.9991852529346943,61716807680,0,61948821504,23069720576,61394685952,61394690560,876252672,0,187495862272,121282080768
1791575950.1111567,0.9682706464082003,61716811776,0,61948821504,23069720576,61394685952,61394690560,876256768,0,187496255488,121282080768
1791575951.0801163,0.9688085559755564,61716815872,0,61948821504,23069720576,61394685952,61394690560,876260864,0,187496316928,121282080768
1791575952.0511243,0.9708530437201262,61716819968,0,61948821504,23069720576,61394685952,61394690560,876264960,0,187496435712,121282080768
1791575953.021141,0.9698621537536383,61716824064,0,61948821504,23069720576,61394685952,61394690560,876269056,0,187496284160,121282080768
1791575954.0095565,0.9882681593298912,61716828160,0,61948821504,23069720576,61394685952,61394690560,876273152,0,187495993344,121282080768
1791575954.9968286,0.9871238023042679,61716832256,0,61948821504,23069720576,61394685952,61394690560,876277248,0,187496136704,121282080768
1791575955.9656045,0.9686328023672104,61716836352,0,61948821504,23069720576,61394685952,61394690560,876281344,0,187496312832,121282080768
1791575956.937377,0.9716281071305275,61716840448,0,61948821504,23069720576,61394685952,61394690560,876285440,0,187496226816,121282080768
1791575957.9751933,1.0376699287444353,61716844544,0,61948821504,23069720576,61394685952,61394690560,876289536,0,187496382464,121282080768
1791575958.957916,0.9825746715068817,61716844544,0,61948821504,23069720576,61394685952,61394690560,876289536,0,187496136704,121282080768
1791575959.9710288,1.0129648130387068,61716848640,0,61948821504,23069720576,61394685952,61394690560,876293632,0,187496181760,121282080768
1791575960.9611502,0.9899713527411222,61716852736,0,61948821504,23069720576,61394685952,61394690560,876297728,0,187496398848,121282080768
1791575961.9602907,0.9988829772919416,61716856832,0,61948821504,23069720576,61394685952,61394690560,876301824,0,187496345600,121282080768
1791575962.941104,0.980666721239686,61716860928,0,61948821504,23069720576,61394685952,61394690560,876305920,0,187496456192,121282080768
1791575963.9449167,1.0036642104387283,61716865024,0,61948821504,23069720576,61394685952,61394690560,876310016,0,187496538112,121282080768
1791575964.9236343,0.9785633962601423,61716869120,0,61948821504,23069720576,61394685952,61394690560,876314112,0,187495419904,121282080768
1791575965.898104,0.9743279591202736,61716131840,0,61948821504,23069720576,61394685952,61394690560,875576832,0,187495669760,121282080768
1791575966.8734338,0.9751645680516958,61716209664,0,61948821504,23069720576,61394685952,61394690560,875654656,0,187495927808,121282080768
1791575967.8532205,0.9796410072594881,61716226048,0,61948821504,23069720576,61394685952,61394690560,875671040,0,187495981056,121282080768
1791575968.828778,0.9754088502377272,61716287488,0,61948821504,23069720576,61394685952,61394690560,875732480,0,187496177664,121282080768
1791575969.787602,0.9586679190397263,61716180992,0,61948821504,23069720576,61394685952,61394690560,875625984,0,187496194048,121282080768
1791575970.746244,0.9584980439394712,61716180992,0,61948821504,23069720576,61394685952,61394690560,875625984,0,187495825408,121282080768
1791575971.7073789,0.9609898775815964,61716180992,0,61948821504,23069720576,61394685952,61394690560,875625984,0,187496194048,121282080768
1791575972.6671052,0.9595816675573587,61716692992,0,61948821504,23069720576,61394685952,61394690560,876137984,0,187496189952,121282080768
1791575973.6290324,0.9617775212973356,61716692992,0,61948821504,23069720576,61394685952,61394690560,876137984,0,187496112128,121282080768
1791575974.5900223,0.960828261449933,61716692992,0,61948821504,23069720576,61394685952,61394690560,876137984,0,187495989248,121282080768
1791575975.5515327,0.9613625947386026,61716692992,0,61948821504,23069720576,61394685952,61394690560,876137984,0,187495968768,121282080768
1791575976.5125103,0.9608331900089979,61716692992,0,61948821504,23069720576,61394685952,61394690560,876137984,0,187496050688,121282080768
1791575977.4718733,0.9592191763222218,61716692992,0,61948821504,23069720576,61394685952,61394690560,876137984,0,187496140800,121282080768
1791575978.4785893,1.0065753478556871,61716697088,0,61948821504,23069720576,61394685952,61394690560,876142080,0,187496615936,121282080768
1791575979.4530296,0.974294938147068,61716697088,0,61948821504,23069720576,61394685952,61394690560,876142080,0,187495870464,121282080768
1791575980.4103613,0.9571890607476234,61716697088,0,61948821504,23069720576,61394685952,61394690560,876142080,0,187495682048,121282080768
1791575981.3727653,0.9622572362422943,61716697088,0,61948821504,23069720576,61394685952,61394690560,876142080,0,187496263680,121282080768
1791575982.3815553,1.008638383820653,61716701184,0,61948821504,23069720576,61394685952,61394690560,876146176,0,187495907328,121282080768
1791575983.3454776,0.9637763518840075,61716705280,0,61948821504,23069720576,61394685952,61394690560,876150272,0,187496271872,121282080768
1791575984.35706,1.0114394426345825,61716705280,0,61948821504,23069720576,61394685952,61394690560,876150272,0,187495915520,121282080768
1791575985.343346,0.9861546289175749,61716709376,0,61948821504,23069720576,61394685952,61394690560,876154368,0,187496493056,121282080768
1791575986.3065581,0.96306380815804,61716709376,0,61948821504,23069720576,61394685952,61394690560,876154368,0,187496181760,121282080768
1791575987.2705994,0.9638932161033154,61716717568,0,61948821504,23069720576,61394685952,61394690560,876162560,0,187496218624,121282080768
1791575988.236821,0.9660767540335655,61716717568,0,61948821504,23069720576,61394685952,61394690560,876162560,0,187496148992,121282080768
1791575989.2033274,0.9663608502596617,61716721664,0,61948821504,23069720576,61394685952,61394690560,876166656,0,187496480768,121282080768
1791575990.1936727,0.9901995491236448,61716721664,0,61948821504,23069720576,61394685952,61394690560,876166656,0,187496177664,121282080768
1791575991.1792457,0.9854230266064405,61716721664,0,61948821504,23069720576,61394685952,61394690560,876166656,0,187495956480,121282080768
1791575992.145867,0.9664752259850502,61716721664,0,61948821504,23069720576,61394685952,61394690560,876166656,0,187495661568,121282080768
1791575993.1119833,0.9659699257463217,61716721664,0,61948821504,23069720576,61394685952,61394690560,876166656,0,187496181760,121282080768
1791575994.1176124,1.005482655018568,61716725760,0,61948821504,23069720576,61394685952,61394690560,876170752,0,187496407040,121282080768
1791575995.0840025,0.966240955516696,61716725760,0,61948821504,23069720576,61394685952,61394690560,876170752,0,187496198144,121282080768
1791575996.0446713,0.9605161361396313,61716725760,0,61948821504,23069720576,61394685952,61394690560,876170752,0,187496124416,121282080768
1791575997.0566518,1.0118327271193266,61716725760,0,61948821504,23069720576,61394685952,61394690560,876170752,0,187496148992,121282080768
1791575998.0404644,0.9836681690067053,61716725760,0,61948821504,23069720576,61394685952,61394690560,876170752,0,187496378368,121282080768
1791575999.0054324,0.9648213535547256,61716725760,0,61948821504,23069720576,61394685952,61394690560,876170752,0,187496206336,121282080768
1791575999.990241,0.9846661146730185,61716729856,0,61948821504,23069720576,61394685952,61394690560,876174848,0,187495768064,121282080768
1791576000.963989,0.9736003521829844,61716729856,0,61948821504,23069720576,61394685952,61394690560,876174848,0,187496288256,121282080768
1791576001.952422,0.9882889594882727,61716729856,0,61948821504,23069720576,61394685952,61394690560,876174848,0,187496198144,121282080768
1791576002.9355526,0.9829849600791931,61716729856,0,61948821504,23069720576,61394685952,61394690560,876174848,0,187495907328,121282080768
1791576003.926962,0.9912634119391441,61716729856,0,61948821504,23069720576,61394685952,61394690560,876174848,0,187496185856,121282080768
1791576004.9024146,0.9753072913736105,61716733952,0,61948821504,23069720576,61394685952,61394690560,876178944,0,187495841792,121282080768
1791576006.0982268,1.1956650279462337,61716733952,0,61948821504,23069720576,61394685952,61394690560,876178944,0,187495886848,121282080768
1791576007.0715942,0.9732222389429808,61716733952,0,61948821504,23069720576,61394685952,61394690560,876178944,0,187496148992,121282080768
1791576008.0309663,0.9592244420200586,61716733952,0,62502469632,22516072448,61394685952,61394690560,1429827072,0,187496153088,121282080768
1791576009.0308619,0.9997522383928299,61716733952,0,62502469632,22516072448,61394685952,61394690560,1429827072,0,187495833600,121282080768
1791576009.9907587,0.9597549866884947,61716738048,0,61948821504,23069720576,61394685952,61394690560,876183040,0,187496112128,121282080768
1791576010.9522202,0.9613156262785196,61716738048,0,61948821504,23069720576,61394685952,61394690560,876183040,0,187496026112,121282080768
1791576011.917823,0.9654571767896414,61716738048,0,61948821504,23069720576,61394685952,61394690560,876183040,0,187495829504,121282080768
1791576012.8793895,0.9614197723567486,61716738048,0,61948821504,23069720576,61394685952,61394690560,876183040,0,187495591936,121282080768
1791576013.862305,0.9827721193432808,61716738048,0,61948821504,23069720576,61394685952,61394690560,876183040,0,187495424000,121282080768
1791576014.8322854,0.9698282722383738,61716738048,0,61948821504,23069720576,61394685952,61394690560,876183040,0,187495755776,121282080768
1791576015.825033,0.9926073271781206,61716742144,0,61948821504,23069720576,61394685952,61394690560,876187136,0,187496620032,121282080768
1791576016.7916896,0.9665078800171614,61716742144,0,61948821504,23069720576,61394685952,61394690560,876187136,0,187496509440,121282080768
1791576017.79835,1.0065177846699953,61716742144,0,61948821504,23069720576,61394685952,61394690560,876187136,0,187496112128,121282080768
1791576018.7789226,0.9804292898625135,61716742144,0,61948821504,23069720576,61394685952,61394690560,876187136,0,187495755776,121282080768
1791576019.8035707,1.0245068687945604,61716742144,0,61948821504,23069720576,61394685952,61394690560,876187136,0,187496075264,121282080768
1791576020.7826967,0.9789159763604403,61716746240,0,61948821504,23069720576,61394685952,61394690560,876191232,0,187495981056,121282080768
1791576021.7747023,0.9918667580932379,61716746240,0,61948821504,23069720576,61394685952,61394690560,876191232,0,187496345600,121282080768
1791576022.7421455,0.967210590839386,61716746240,0,61948821504,23069720576,61394685952,61394690560,876191232,0,187496357888,121282080768
1791576023.7391248,0.996832711622119,61716746240,0,61948821504,23069720576,61394685952,61394690560,876191232,0,187496128512,121282080768
1791576024.6945953,0.9553091283887625,61716746240,0,61948821504,23069720576,61394685952,61394690560,876191232,0,187496435712,121282080768
1791576025.65962,0.9648784194141626,61716746240,0,61948821504,23069720576,61394685952,61394690560,876191232,0,187497058304,121282080768
1791576026.6469903,0.9872299674898386,61716750336,0,61948821504,23069720576,61394685952,61394690560,876195328,0,187496734720,121282080768
1791576027.5825298,0.9353927336633205,61716750336,0,61948821504,23069720576,61394685952,61394690560,876195328,0,187496640512,121282080768
1791576028.525593,0.9429162368178368,61716750336,0,61948821504,23069720576,61394685952,61394690560,876195328,0,187496398848,121282080768
1791576029.4669209,0.9411748703569174,61716750336,0,61948821504,23069720576,61394685952,61394690560,876195328,0,187496472576,121282080768
1791576030.4192681,0.9522001761943102,61716750336,0,61948821504,23069720576,61394685952,61394690560,876195328,0,187496534016,121282080768
1791576031.3876631,0.9682505391538143,61716754432,0,61948821504,23069720576,61394685952,61394690560,876199424,0,187496251392,121282080768
1791576032.3790905,0.9912889283150434,61716754432,0,61948821504,23069720576,61394685952,61394690560,876199424,0,187495940096,121282080768
1791576033.3359916,0.9567487426102161,61716754432,0,61948821504,23069720576,61394685952,61394690560,876199424,0,187496013824,121282080768
1791576034.3022668,0.9661286603659391,61716754432,0,61948821504,23069720576,61394685952,61394690560,876199424,0,187495931904,121282080768
1791576035.2583697,0.9559542294591665,61716754432,0,61948821504,23069720576,61394685952,61394690560,876199424,0,187497680896,121282080768
1791576036.2465835,0.9880713932216167,61716754432,0,61948821504,23069720576,61394685952,61394690560,876199424,0,187496505344,121282080768
1791576037.223169,0.9764376152306795,61716758528,0,61948821504,23069720576,61394685952,61394690560,876203520,0,187496865792,121282080768
1791576038.1791255,0.9557940140366554,61716758528,0,61948821504,23069720576,61394685952,61394690560,876203520,0,187496431616,121282080768
1791576039.1365242,0.9572498481720686,61716758528,0,61948821504,23069720576,61394685952,61394690560,876203520,0,187496493056,121282080768
1791576040.1252341,0.988568052649498,61716758528,0,61948821504,23069720576,61394685952,61394690560,876203520,0,187496775680,121282080768
1791576041.0869377,0.9615584183484316,61716758528,0,61948821504,23069720576,61394685952,61394690560,876203520,0,187496615936,121282080768
1791576042.0377402,0.9506547767668962,61716762624,0,61948821504,23069720576,61394685952,61394690560,876207616,0,187496480768,121282080768
1791576042.9913871,0.9535002298653126,61716762624,0,61948821504,23069720576,61394685952,61394690560,876207616,0,187496132608,121282080768
1791576043.949961,0.9584313407540321,61716762624,0,61948821504,23069720576,61394685952,61394690560,876207616,0,187496099840,121282080768
1791576044.9093099,0.9592075552791357,61716762624,0,61948821504,23069720576,61394685952,61394690560,876207616,0,187496001536,121282080768
1791576045.8652074,0.9557527359575033,61716762624,0,61948821504,23069720576,61394685952,61394690560,876207616,0,187496366080,121282080768
1791576046.8236833,0.9583281707018614,61716762624,0,61948821504,23069720576,61394685952,61394690560,876207616,0,187496546304,121282080768
1791576047.7911696,0.9673393797129393,61716766720,0,61948821504,23069720576,61394685952,61394690560,876211712,0,187496243200,121282080768
1791576048.7649727,0.9736445173621178,61716766720,0,61948821504,23069720576,61394685952,61394690560,876211712,0,187496058880,121282080768
1791576049.7442257,0.9791111052036285,61716766720,0,61948821504,23069720576,61394685952,61394690560,876211712,0,187496394752,121282080768
1791576050.7215595,0.9771883469074965,61716766720,0,61948821504,23069720576,61394685952,61394690560,876211712,0,187495956480,121282080768
1791576051.6864681,0.9647598434239626,61716766720,0,61948821504,23069720576,61394685952,61394690560,876211712,0,187496046592,121282080768
1791576052.6646955,0.978080116212368,61716770816,0,61948821504,23069720576,61394685952,61394690560,876215808,0,187496300544,121282080768
1791576053.6427824,0.9779415931552649,61716770816,0,61948821504,23069720576,61394685952,61394690560,876215808,0,187496243200,121282080768
1791576054.6059458,0.9630161356180906,61716770816,0,61948821504,23069720576,61394685952,61394690560,876215808,0,187496210432,121282080768
1791576055.5711563,0.96506642177701,61716770816,0,61948821504,23069720576,61394685952,61394690560,876215808,0,187496468480,121282080768
1791576056.5401423,0.9688244573771954,61716770816,0,61948821504,23069720576,61394685952,61394690560,876215808,0,187496189952,121282080768
1791576057.5105639,0.9702727440744638,61716770816,0,61948821504,23069720576,61394685952,61394690560,876215808,0,187496108032,121282080768
1791576058.4955332,0.9848217125982046,61716774912,0,61948821504,23069720576,61394685952,61394690560,876219904,0,187496140800,121282080768
1791576059.473963,0.978285638615489,61716774912,0,61948821504,23069720576,61394685952,61394690560,876219904,0,187496206336,121282080768
1791576060.448409,0.9743076395243406,61716774912,0,61948821504,23069720576,61394685952,61394690560,876219904,0,187496648704,121282080768
1791576061.4302657,0.9817110486328602,61716774912,0,61948821504,23069720576,61394685952,61394690560,876219904,0,187495919616,121282080768
1791576062.3949938,0.9645812194794416,61716774912,0,61948821504,23069720576,61394685952,61394690560,876219904,0,187496235008,121282080768
1791576063.366538,0.9713978245854378,61716779008,0,61948821504,23069720576,61394685952,61394690560,876224000,0,187495993344,121282080768
1791576064.34037,0.9736917000263929,61716779008,0,61948821504,23069720576,61394685952,61394690560,876224000,0,187496501248,121282080768
1791576065.292201,0.9516889527440071,61716779008,0,61948821504,23069720576,61394685952,61394690560,876224000,0,187496198144,121282080768
1791576066.2402878,0.9479448515921831,61716779008,0,61948821504,23069720576,61394685952,61394690560,876224000,0,187496513536,121282080768
1791576067.1994567,0.9588016457855701,61716779008,0,61948821504,23069720576,61394685952,61394690560,876224000,0,187496599552,121282080768
1791576068.1673136,0.9677140135318041,61716779008,0,61948821504,23069720576,61394685952,61394690560,876224000,0,187496108032,121282080768
1791576069.120996,0.9535379149019718,61716783104,0,61948821504,23069720576,61394685952,61394690560,876228096,0,187496443904,121282080768
1791576070.1130345,0.9918990600854158,61716783104,0,61948821504,23069720576,61394685952,61394690560,876228096,0,187496259584,121282080768
1791576071.0805101,0.9673265423625708,61716783104,0,61948821504,23069720576,61394685952,61394690560,876228096,0,187496058880,121282080768
1791576072.01929,0.9386341795325279,61716783104,0,61948821504,23069720576,61394685952,61394690560,876228096,0,187495972864,121282080768
1791576072.9832802,0.9638439919799566,61716783104,0,61948821504,23069720576,61394685952,61394690560,876228096,0,187496009728,121282080768
1791576073.9324265,0.9490002915263176,61716787200,0,61948821504,23069720576,61394685952,61394690560,876232192,0,187496017920,121282080768
1791576074.8842585,0.9516878202557564,61716787200,0,61948821504,23069720576,61394685952,61394690560,876232192,0,187496333312,121282080768
1791576075.8416393,0.9572336338460445,61716787200,0,61948821504,23069720576,61394685952,61394690560,876232192,0,187496218624,121282080768
1791576076.840738,0.9989579524844885,61716787200,0,61948821504,23069720576,61394685952,61394690560,876232192,0,187495587840,121282080768
1791576077.816678,0.975801644846797,61716787200,0,61948821504,23069720576,61394685952,61394690560,876232192,0,187495817216,121282080768
1791576078.7975984,0.9807717688381672,61716787200,0,61948821504,23069720576,61394685952,61394690560,876232192,0,187495981056,121282080768
1791576079.7660205,0.9682741463184357,61716791296,0,61948821504,23069720576,61394685952,61394690560,876236288,0,187496243200,121282080768
1791576080.754367,0.9882013872265816,61716791296,0,61948821504,23069720576,61394685952,61394690560,876236288,0,187495964672,121282080768
1791576081.7242732,0.9697533175349236,61716791296,0,61948821504,23069720576,61394685952,61394690560,876236288,0,187496054784,121282080768
1791576082.6786654,0.9542400818318129,61716791296,0,61948821504,23069720576,61394685952,61394690560,876236288,0,187496030208,121282080768
1791576083.6371431,0.9583292789757252,61716791296,0,61948821504,23069720576,61394685952,61394690560,876236288,0,187495956480,121282080768
1791576084.5978215,0.9605296142399311,61716795392,0,61948821504,23069720576,61394685952,61394690560,876240384,0,187496034304,121282080768
1791576085.5662835,0.968317398801446,61716795392,0,61948821504,23069720576,61394685952,61394690560,876240384,0,187495874560,121282080768
1791576086.5575078,0.9910849966108799,61716795392,0,61948821504,23069720576,61394685952,61394690560,876240384,0,187496071168,121282080768
1791576087.5277824,0.97012491337955,61716795392,0,61948821504,23069720576,61394685952,61394690560,876240384,0,187496120320,121282080768
1791576088.5134327,0.9855088610202074,61716795392,0,61948821504,23069720576,61394685952,61394690560,876240384,0,187496067072,121282080768
1791576089.4794345,0.9658554438501596,61716795392,0,61948821504,23069720576,61394685952,61394690560,876240384,0,187496423424,121282080768
1791576090.4280632,0.9484850820153952,61716799488,0,61948821504,23069720576,61394685952,61394690560,876244480,0,187496484864,121282080768
1791576091.381581,0.9533916674554348,61716799488,0,61948821504,23069720576,61394685952,61394690560,876244480,0,187496390656,121282080768
1791576092.358774,0.9770450722426176,61716799488,0,61948821504,23069720576,61394685952,61394690560,876244480,0,187496710144,121282080768
1791576093.3158054,0.9568844512104988,61716799488,0,61948821504,23069720576,61394685952,61394690560,876244480,0,187496808448,121282080768
1791576094.2650342,0.9490813799202442,61716799488,0,61948821504,23069720576,61394685952,61394690560,876244480,0,187496853504,121282080768
1791576095.2613783,0.9961973577737808,61716803584,0,61948821504,23069720576,61394685952,61394690560,876248576,0,187497127936,121282080768
1791576096.2149525,0.9534321632236242,61716803584,0,61948821504,23069720576,61394685952,61394690560,876248576,0,187497390080,121282080768
1791576097.1762402,0.961140563711524,61716803584,0,61948821504,23069720576,61394685952,61394690560,876248576,0,187497484288,121282080768
1791576098.1228573,0.9464666862040758,61716803584,0,61948821504,23069720576,61394685952,61394690560,876248576,0,187497488384,121282080768
1791576099.081095,0.9580939635634422,61716803584,0,61948821504,23069720576,61394685952,61394690560,876248576,0,187496972288,121282080768
1791576100.043626,0.9623780362308025,61716803584,0,61948821504,23069720576,61394685952,61394690560,876248576,0,187497050112,121282080768
1791576101.0926507,1.0488784853368998,61716807680,0,61948821504,23069720576,61394685952,61394690560,876252672,0,187496849408,121282080768
1791576102.0539517,0.9611578229814768,61716807680,0,61948821504,23069720576,61394685952,61394690560,876252672,0,187496824832,121282080768
1791576103.0129192,0.9588238745927811,61716807680,0,61948821504,23069720576,61394685952,61394690560,876252672,0,187496894464,121282080768
1791576103.966677,0.9536145385354757,61716807680,0,61948821504,23069720576,61394685952,61394690560,876252672,0,187496947712,121282080768
1791576104.9341471,0.9673147238790989,61716807680,0,61948821504,23069720576,61394685952,61394690560,876252672,0,187496484864,121282080768
1791576105.8923569,0.9580584075301886,61716815872,0,61948821504,23069720576,61394685952,61394690560,876260864,0,187496574976,121282080768
1791576106.8533573,0.9608517717570066,61716815872,0,61948821504,23069720576,61394685952,61394690560,876260864,0,187496284160,121282080768
1791576107.8104405,0.9569412730634212,61716815872,0,61948821504,23069720576,61394685952,61394690560,876260864,0,187496390656,121282080768
1791576108.7959836,0.985401464626193,61716819968,0,61948821504,23069720576,61394685952,61394690560,876264960,0,187496222720,121282080768
1791576109.830981,1.0348511915653944,61716819968,0,61948821504,23069720576,61394685952,61394690560,876264960,0,187496247296,121282080768
1791576110.8039455,0.9728196505457163,61716828160,0,61948821504,23069720576,61394685952,61394690560,876273152,0,187496288256,121282080768
1791576111.7678368,0.9637464135885239,61716832256,0,61948821504,23069720576,61394685952,61394690560,876277248,0,187496378368,121282080768
1791576112.7175674,0.9495776947587729,61716832256,0,61948821504,23069720576,61394685952,61394690560,876277248,0,187496345600,121282080768
1791576113.6695833,0.9518735855817795,61716832256,0,61948821504,23069720576,61394685952,61394690560,876277248,0,187496517632,121282080768
1791576114.6258943,0.9561582617461681,61716832256,0,61948821504,23069720576,61394685952,61394690560,876277248,0,187496865792,121282080768
1791576115.584449,0.9584131184965372,61716832256,0,61948821504,23069720576,61394685952,61394690560,876277248,0,187496714240,121282080768
1791576116.5447388,0.9601332191377878,61716836352,0,61948821504,23069720576,61394685952,61394690560,876281344,0,187496349696,121282080768
1791576117.503571,0.958689359948039,61716836352,0,61948821504,23069720576,61394685952,61394690560,876281344,0,187496435712,121282080768
1791576118.4659853,0.9622616674751043,61716836352,0,61948821504,23069720576,61394685952,61394690560,876281344,0,187496472576,121282080768
1791576119.4252672,0.9591383282095194,61716836352,0,61948821504,23069720576,61394685952,61394690560,876281344,0,187496562688,121282080768
1791576120.384576,0.9591529667377472,61716836352,0,61948821504,23069720576,61394685952,61394690560,876281344,0,187496603648,121282080768
1791576121.3455849,0.9608647413551807,61716836352,0,61948821504,23069720576,61394685952,61394690560,876281344,0,187497332736,121282080768
1791576122.3042374,0.9584996458142996,61716840448,0,61948821504,23069720576,61394685952,61394690560,876285440,0,187496689664,121282080768
1791576123.267807,0.9634230006486177,61716840448,0,61948821504,23069720576,61394685952,61394690560,876285440,0,187496779776,121282080768
1791576124.2325592,0.9646060597151518,61716840448,0,61948821504,23069720576,61394685952,61394690560,876285440,0,187497140224,121282080768
1791576125.1951606,0.9624549485743046,61716840448,0,61948821504,23069720576,61394685952,61394690560,876285440,0,187496730624,121282080768
1791576126.156224,0.9609152264893055,61716840448,0,61948821504,23069720576,61394685952,61394690560,876285440,0,187496820736,121282080768
1791576127.1157684,0.9594005662947893,61716844544,0,61948821504,23069720576,61394685952,61394690560,876289536,0,187496636416,121282080768
1791576128.077631,0.961715841665864,61716844544,0,61948821504,23069720576,61394685952,61394690560,876289536,0,187496706048,121282080768
1791576129.0395014,0.9617258980870247,61716844544,0,61948821504,23069720576,61394685952,61394690560,876289536,0,187496337408,121282080768
1791576129.9989176,0.959274023771286,61716844544,0,61948821504,23069720576,61394685952,61394690560,876289536,0,187496431616,121282080768
1791576130.959336,0.9602659679949284,61716844544,0,61948821504,23069720576,61394685952,61394690560,876289536,0,187496443904,121282080768
1791576131.9189954,0.9595159012824297,61716844544,0,61948821504,23069720576,61394685952,61394690560,876289536,0,187496308736,121282080768
1791576132.8812432,0.9620953910052776,61716848640,0,61948821504,23069720576,61394685952,61394690560,876293632,0,187496013824,121282080768
1791576133.8364313,0.9550414700061083,61716848640,0,61948821504,23069720576,61394685952,61394690560,876293632,0,187496321024,121282080768
1791576134.803118,0.9665422923862934,61716848640,0,61948821504,23069720576,61394685952,61394690560,876293632,0,187496783872,121282080768
1791576135.7947805,0.9915140755474567,61716848640,0,61948821504,23069720576,61394685952,61394690560,876293632,0,187496632320,121282080768
1791576136.751942,0.9570174906402826,61716848640,0,61948821504,23069720576,61394685952,61394690560,876293632,0,187496382464,121282080768
1791576137.7332575,0.9811690468341112,61716852736,0,61948821504,23069720576,61394685952,61394690560,876297728,0,187496656896,121282080768
1791576138.70384,0.9704249575734138,61716852736,0,61948821504,23069720576,61394685952,61394690560,876297728,0,187496099840,121282080768
1791576139.6716058,0.9676189459860325,61716852736,0,61948821504,23069720576,61394685952,61394690560,876297728,0,187496034304,121282080768
1791576140.6895962,1.0178174152970314,61716852736,0,61948821504,23069720576,61394685952,61394690560,876297728,0,187496558592,121282080768
1791576141.6594296,0.9696757718920708,61716852736,0,61948821504,23069720576,61394685952,61394690560,876297728,0,187496361984,121282080768
1791576142.6346617,0.9750939141958952,61716852736,0,61948821504,23069720576,61394685952,61394690560,876297728,0,187496443904,121282080768
1791576143.5940318,0.9592242073267698,61716856832,0,61948821504,23069720576,61394685952,61394690560,876301824,0,187496308736,121282080768
1791576144.547325,0.953136870637536,61716856832,0,61948821504,23069720576,61394685952,61394690560,876301824,0,187496275968,121282080768
1791576145.5068517,0.9593718349933624,61716856832,0,61948821504,23069720576,61394685952,61394690560,876301824,0,187496349696,121282080768
1791576146.4831388,0.9761471040546894,61716856832,0,61948821504,23069720576,61394685952,61394690560,876301824,0,187496620032,121282080768
1791576147.4540074,0.9707115311175585,61716856832,0,61948821504,23069720576,61394685952,61394690560,876301824,0,187496882176,121282080768
1791576148.4321449,0.9779978673905134,61716860928,0,61948821504,23069720576,61394685952,61394690560,876305920,0,187496525824,121282080768
1791576149.3973923,0.9650929216295481,61716860928,0,61948821504,23069720576,61394685952,61394690560,876305920,0,187496775680,121282080768
1791576150.3849971,0.9874631352722645,61716860928,0,61948821504,23069720576,61394685952,61394690560,876305920,0,187496824832,121282080768
1791576151.3522246,0.967080932110548,61716860928,0,61948821504,23069720576,61394685952,61394690560,876305920,0,187496087552,121282080768
1791576152.2936625,0.9412905722856522,61716860928,0,61948821504,23069720576,61394685952,61394690560,876305920,0,187496562688,121282080768
1791576153.245271,0.9514631815254688,61716860928,0,61948821504,23069720576,61394685952,61394690560,876305920,0,187496357888,121282080768
1791576154.214521,0.9691064953804016,61716865024,0,61948821504,23069720576,61394685952,61394690560,876310016,0,187496706048,121282080768
1791576155.1719074,0.9572428967803717,61716865024,0,61948821504,23069720576,61394685952,61394690560,876310016,0,187496611840,121282080768
1791576156.1303937,0.9583427384495735,61716865024,0,61948821504,23069720576,61394685952,61394690560,876310016,0,187496673280,121282080768
1791576157.091001,0.9604575634002686,61716865024,0,61948821504,23069720576,61394685952,61394690560,876310016,0,187496300544,121282080768
1791576158.0523448,0.9612004440277815,61716865024,0,61948821504,23069720576,61394685952,61394690560,876310016,0,187496398848,121282080768
1791576159.0117652,0.9592731725424528,61716869120,0,61948821504,23069720576,61394685952,61394690560,876314112,0,187496415232,121282080768
1791576159.9728281,0.9609203208237886,61716869120,0,61948821504,23069720576,61394685952,61394690560,876314112,0,187496501248,121282080768
1791576160.934898,0.9619186539202929,61716869120,0,61948821504,23069720576,61394685952,61394690560,876314112,0,187496841216,121282080768
1791576161.8955877,0.9605465121567249,61716869120,0,61948821504,23069720576,61394685952,61394690560,876314112,0,187496669184,121282080768
1791576162.8590584,0.9633174333721399,61716869120,0,61948821504,23069720576,61394685952,61394690560,876314112,0,187496697856,121282080768
1791576163.824297,0.9651065915822983,61716869120,0,61948821504,23069720576,61394685952,61394690560,876314112,0,187496714240,121282080768
1791576164.7898672,0.965425530448556,61716873216,0,61948821504,23069720576,61394685952,61394690560,876318208,0,187496210432,121282080768
1791576165.7488768,0.9588668774813414,61716873216,0,61948821504,23069720576,61394685952,61394690560,876318208,0,187496300544,121282080768
1791576166.7335093,0.9844825826585293,61716873216,0,61948821504,23069720576,61394685952,61394690560,876318208,0,187496640512,121282080768
1791576167.6917665,0.9581107422709465,61716873216,0,61948821504,23069720576,61394685952,61394690560,876318208,0,187496902656,121282080768
1791576168.6771266,0.9852173328399658,61716873216,0,61948821504,23069720576,61394685952,61394690560,876318208,0,187496521728,121282080768
1791576169.6513286,0.9740503896027803,61716877312,0,61948821504,23069720576,61394685952,61394690560,876322304,0,187496525824,121282080768
1791576170.6116104,0.960136666893959,61716877312,0,61948821504,23069720576,61394685952,61394690560,876322304,0,187496374272,121282080768
1791576171.5717015,0.9599472414702177,61716877312,0,61948821504,23069720576,61394685952,61394690560,876322304,0,187496173568,121282080768
1791576172.5319285,0.9600724652409554,61716877312,0,61948821504,23069720576,61394685952,61394690560,876322304,0,187496243200,121282080768
1791576173.51899,0.9869213774800301,61716877312,0,61948821504,23069720576,61394685952,61394690560,876322304,0,187496529920,121282080768
1791576174.4795198,0.9603852294385433,61716877312,0,61948821504,23069720576,61394685952,61394690560,876322304,0,187496583168,121282080768
1791576175.4500775,0.9704123791307211,61716881408,0,61948821504,23069720576,61394685952,61394690560,876326400,0,187496255488,121282080768
1791576176.4060545,0.9558450281620026,61716881408,0,61948821504,23069720576,61394685952,61394690560,876326400,0,187496325120,121282080768
1791576177.3643,0.958113694563508,61716881408,0,61948821504,23069720576,61394685952,61394690560,876326400,0,187496407040,121282080768
1791576178.323695,0.9592509921640158,61716881408,0,61948821504,23069720576,61394685952,61394690560,876326400,0,187496120320,121282080768
1791576179.2843926,0.9605549778789282,61716881408,0,61948821504,23069720576,61394685952,61394690560,876326400,0,187496148992,121282080768
1791576180.2447774,0.9602382872253656,61716885504,0,61948821504,23069720576,61394685952,61394690560,876330496,0,187496230912,121282080768
1791576181.2254472,0.9805308543145657,61716885504,0,61948821504,23069720576,61394685952,61394690560,876330496,0,187496542208,121282080768
1791576182.1922197,0.9666284397244453,61716885504,0,61948821504,23069720576,61394685952,61394690560,876330496,0,187496402944,121282080768
1791576183.1466253,0.9542567264288664,61716885504,0,61948821504,23069720576,61394685952,61394690560,876330496,0,187496366080,121282080768
1791576184.1030107,0.9562393836677074,61716885504,0,61948821504,23069720576,61394685952,61394690560,876330496,0,187496452096,121282080768
1791576185.0632424,0.9600738156586885,61716885504,0,61948821504,23069720576,61394685952,61394690560,876330496,0,187496800256,121282080768
1791576186.0223465,0.9589550774544477,61716889600,0,61948821504,23069720576,61394685952,61394690560,876334592,0,187496820736,121282080768
1791576186.9961307,0.9736468400806189,61716889600,0,61948821504,23069720576,61394685952,61394690560,876334592,0,187496333312,121282080768
1791576187.9533792,0.957100547850132,61716889600,0,61948821504,23069720576,61394685952,61394690560,876334592,0,187496673280,121282080768
1791576188.909554,0.9560238160192966,61716889600,0,61948821504,23069720576,61394685952,61394690560,876334592,0,187496509440,121282080768
1791576189.8655002,0.9558041580021381,61716889600,0,61948821504,23069720576,61394685952,61394690560,876334592,0,187496316928,121282080768
1791576190.8387306,0.9730881359428167,61716893696,0,61948821504,23069720576,61394685952,61394690560,876338688,0,187496665088,121282080768
1791576191.81702,0.9781438875943422,61716893696,0,61948821504,23069720576,61394685952,61394690560,876338688,0,187496652800,121282080768
1791576192.7582645,0.9411024749279022,61716893696,0,61948821504,23069720576,61394685952,61394690560,876338688,0,187496464384,121282080768
1791576193.7339911,0.9755853358656168,61716893696,0,61948821504,23069720576,61394685952,61394690560,876338688,0,187497041920,121282080768
1791576194.69439,0.9602521415799856,61716893696,0,61948821504,23069720576,61394685952,61394690560,876338688,0,187496677376,121282080768
1791576195.6475348,0.9529968127608299,61716893696,0,61948821504,23069720576,61394685952,61394690560,876338688,0,187496906752,121282080768
1791576196.60527,0.9575823191553354,61716897792,0,61948821504,23069720576,61394685952,61394690560,876342784,0,187497148416,121282080768
1791576197.5667274,0.9613123070448637,61716897792,0,61948821504,23069720576,61394685952,61394690560,876342784,0,187497222144,121282080768
1791576198.5867171,1.0198465418070555,61716897792,0,61948821504,23069720576,61394685952,61394690560,876342784,0,187496620032,121282080768
1791576199.5652797,0.978415485471487,61716897792,0,61948821504,23069720576,61394685952,61394690560,876342784,0,187496898560,121282080768
1791576200.563979,0.9985559973865747,61716897792,0,61948821504,23069720576,61394685952,61394690560,876342784,0,187496710144,121282080768
1791576201.539353,0.9752275962382555,61716901888,0,61948821504,23069720576,61394685952,61394690560,876346880,0,187496865792,121282080768
1791576202.4957602,0.9562625642865896,61716901888,0,61948821504,23069720576,61394685952,61394690560,876346880,0,187496828928,121282080768
1791576203.4771466,0.9812419265508652,61716901888,0,61948821504,23069720576,61394685952,61394690560,876346880,0,187496800256,121282080768
1791576204.4317615,0.9544632155448198,61716901888,0,61948821504,23069720576,61394685952,61394690560,876346880,0,187497160704,121282080768
1791576205.4063668,0.9744556024670601,61716901888,0,61948821504,23069720576,61394685952,61394690560,876346880,0,187496558592,121282080768
1791576206.3857546,0.9792503695935011,61716901888,0,61948821504,23069720576,61394685952,61394690560,876346880,0,187496579072,121282080768
1791576207.3502407,0.9643392600119114,61716905984,0,61948821504,23069720576,61394685952,61394690560,876350976,0,187496157184,121282080768
1791576208.3340824,0.9837031736969948,61716905984,0,61948821504,23069720576,61394685952,61394690560,876350976,0,187496771584,121282080768
1791576209.3004,0.9661926534026861,61716905984,0,61948821504,23069720576,61394685952,61394690560,876350976,0,187496513536,121282080768
1791576210.2524211,0.9518767800182104,61716905984,0,61948821504,23069720576,61394685952,61394690560,876350976,0,187496505344,121282080768
1791576211.2069855,0.954409372061491,61716905984,0,61948821504,23069720576,61394685952,61394690560,876350976,0,187496558592,121282080768
1791576212.1856258,0.9784971103072166,61716910080,0,61948821504,23069720576,61394685952,61394690560,876355072,0,187496599552,121282080768
1791576213.150998,0.9652244467288256,61716910080,0,61948821504,23069720576,61394685952,61394690560,876355072,0,187496488960,121282080768
1791576214.1066525,0.9555122088640928,61716910080,0,61948821504,23069720576,61394685952,61394690560,876355072,0,187496509440,121282080768
1791576215.0625544,0.9557432122528553,61716910080,0,61948821504,23069720576,61394685952,61394690560,876355072,0,187496222720,121282080768
1791576216.0223153,0.9596175905317068,61716910080,0,61948821504,23069720576,61394685952,61394690560,876355072,0,187496509440,121282080768
1791576216.9816132,0.9591438379138708,61716910080,0,61948821504,23069720576,61394685952,61394690560,876355072,0,187496230912,121282080768
1791576217.9428089,0.9610515851527452,61716914176,0,61948821504,23069720576,61394685952,61394690560,876359168,0,187496841216,121282080768
1791576218.9251745,0.9822303522378206,61716914176,0,61948821504,23069720576,61394685952,61394690560,876359168,0,187496448000,121282080768
1791576219.8924258,0.967101015150547,61716914176,0,61948821504,23069720576,61394685952,61394690560,876359168,0,187496341504,121282080768
1791576220.8464494,0.953868368640542,61716914176,0,61948821504,23069720576,61394685952,61394690560,876359168,0,187496423424,121282080768
1791576221.7733412,0.9267467223107815,61716914176,0,61948821504,23069720576,61394685952,61394690560,876359168,0,187496759296,121282080768
1791576222.75028,0.9767968077212572,61716918272,0,61948821504,23069720576,61394685952,61394690560,876363264,0,187496517632,121282080768
1791576223.7077296,0.9573034308850765,61716918272,0,61948821504,23069720576,61394685952,61394690560,876363264,0,187496869888,121282080768
1791576224.6921709,0.9842939525842667,61716918272,0,61948821504,23069720576,61394685952,61394690560,876363264,0,187496878080,121282080768
1791576225.6618056,0.9694713521748781,61716918272,0,61948821504,23069720576,61394685952,61394690560,876363264,0,187496587264,121282080768
1791576226.622265,0.9603149313479662,61716918272,0,61948821504,23069720576,61394685952,61394690560,876363264,0,187496828928,121282080768
1791576227.583349,0.9609402921050787,61716918272,0,61948821504,23069720576,61394685952,61394690560,876363264,0,187496452096,121282080768
1791576228.5448647,0.9613708183169365,61716926464,0,61948821504,23069720576,61394685952,61394690560,876371456,0,187496583168,121282080768
1791576229.5040348,0.959026038646698,61716926464,0,61948821504,23069720576,61394685952,61394690560,876371456,0,187496579072,121282080768
1791576230.4911053,0.9869072958827019,61716926464,0,61948821504,23069720576,61394685952,61394690560,876371456,0,187497185280,121282080768
1791576231.455523,0.9642669279128313,61716930560,0,61948821504,23069720576,61394685952,61394690560,876375552,0,187496972288,121282080768
1791576232.4356813,0.980016503483057,61716930560,0,61948821504,23069720576,61394685952,61394690560,876375552,0,187497107456,121282080768
1791576233.377623,0.9417951535433531,61716942848,0,61948821504,23069720576,61394685952,61394690560,876387840,0,187496640512,121282080768
1791576234.345858,0.9680917020887136,61716942848,0,61948821504,23069720576,61394685952,61394690560,876387840,0,187496927232,121282080768
1791576235.3063927,0.9603774026036263,61716942848,0,61948821504,23069720576,61394685952,61394690560,876387840,0,187497259008,121282080768
1791576236.2654366,0.9588960148394108,61716942848,0,61948821504,23069720576,61394685952,61394690560,876387840,0,187496992768,121282080768
1791576237.242343,0.9767645541578531,61716942848,0,61948821504,23069720576,61394685952,61394690560,876387840,0,187496153088,121282084864
1791576238.215893,0.9733981061726809,61716942848,0,61948821504,23069720576,61394685952,61394690560,876387840,0,187496407040,121282084864
1791576239.1733475,0.9573089517652988,61716946944,0,61948821504,23069720576,61394685952,61394690560,876391936,0,187496468480,121282084864
1791576240.1269634,0.9534649830311537,61716946944,0,61948821504,23069720576,61394685952,61394690560,876391936,0,187496501248,121282084864
1791576241.1070082,0.9799037035554647,61716946944,0,61948821504,23069720576,61394685952,61394690560,876391936,0,187496259584,121282084864
1791576242.075158,0.9680052734911442,61716946944,0,61948821504,23069720576,61394685952,61394690560,876391936,0,187496357888,121282084864
1791576243.0287113,0.9534002058207989,61716946944,0,61948821504,23069720576,61394685952,61394690560,876391936,0,187496714240,121282084864
1791576244.001881,0.9730248712003231,61716946944,0,61948821504,23069720576,61394685952,61394690560,876391936,0,187496579072,121282084864
1791576244.9625385,0.9605145156383514,61716951040,0,61948821504,23069720576,61394685952,61394690560,876396032,0,187496210432,121282084864
1791576245.9301546,0.9674710892140865,61716951040,0,61948821504,23069720576,61394685952,61394690560,876396032,0,187496423424,121282084864
1791576246.9058087,0.9755002651363611,61716951040,0,61948821504,23069720576,61394685952,61394690560,876396032,0,187496165376,121282084864
1791576247.8690162,0.9630609732121229,61716951040,0,61948821504,23069720576,61394685952,61394690560,876396032,0,187496366080,121282084864
1791576248.8451865,0.9760303571820259,61716951040,0,61948821504,23069720576,61394685952,61394690560,876396032,0,187496321024,121282084864
1791576249.8251646,0.9798269849270582,61716955136,0,61948821504,23069720576,61394685952,61394690560,876400128,0,187496603648,121282084864
1791576250.7914624,0.9661467727273703,61716955136,0,61948821504,23069720576,61394685952,61394690560,876400128,0,187496468480,121282084864
1791576251.7548783,0.9632680974900723,61716955136,0,61948821504,23069720576,61394685952,61394690560,876400128,0,187496333312,121282084864
1791576252.717667,0.9626244716346264,61716955136,0,61948821504,23069720576,61394685952,61394690560,876400128,0,187496595456,121282080768
1791576253.6779213,0.9601087830960751,61716955136,0,61948821504,23069720576,61394685952,61394690560,876400128,0,187496607744,121282080768
1791576254.646489,0.9684189297258854,61716955136,0,61948821504,23069720576,61394685952,61394690560,876400128,0,187496706048,121282080768
1791576255.6038764,0.957240292802453,61716959232,0,61948821504,23069720576,61394685952,61394690560,876404224,0,187496284160,121282080768
1791576256.5898647,0.9858480300754309,61716959232,0,61948821504,23069720576,61394685952,61394690560,876404224,0,187496345600,121282080768
1791576257.5679686,0.9779584873467684,61716959232,0,61948821504,23069720576,61394685952,61394690560,876404224,0,187496595456,121282080768
1791576258.580231,1.0121160205453634,61716959232,0,61948821504,23069720576,61394685952,61394690560,876404224,0,187496255488,121282080768
1791576259.5679963,0.987616490572691,61716959232,0,61948821504,23069720576,61394685952,61394690560,876404224,0,187496419328,121282080768
1791576260.5366204,0.9684792663902044,61716963328,0,61948821504,23069720576,61394685952,61394690560,876408320,0,187496742912,121282080768
1791576261.4947445,0.9579710867255926,61716963328,0,61948821504,23069720576,61394685952,61394690560,876408320,0,187496411136,121282080768
1791576262.467346,0.972457692027092,61716963328,0,61948821504,23069720576,61394685952,61394690560,876408320,0,187496493056,121282080768
1791576263.4197202,0.9522297792136669,61716963328,0,61948821504,23069720576,61394685952,61394690560,876408320,0,187496353792,121282080768
1791576264.3635225,0.9436554256826639,61716963328,0,61948821504,23069720576,61394685952,61394690560,876408320,0,187496255488,121282080768
1791576265.31826,0.9545847345143557,61716963328,0,61948821504,23069720576,61394685952,61394690560,876408320,0,187496271872,121282080768
1791576266.290648,0.9722439907491207,61716967424,0,61948821504,23069720576,61394685952,61394690560,876412416,0,187496857600,121282080768
1791576267.2776494,0.9868514630943537,61716967424,0,61948821504,23069720576,61394685952,61394690560,876412416,0,187496632320,121282080768
1791576268.2461157,0.9683224726468325,61716967424,0,61948821504,23069720576,61394685952,61394690560,876412416,0,187496275968,121282080768
1791576269.2027144,0.9564484730362892,61716967424,0,61948821504,23069720576,61394685952,61394690560,876412416,0,187496316928,121282080768
1791576270.1628523,0.9599965512752533,61716971520,0,61948821504,23069720576,61394685952,61394690560,876416512,0,187496386560,121282080768
1791576271.1468732,0.9838739112019539,61716971520,0,61948821504,23069720576,61394685952,61394690560,876416512,0,187496407040,121282080768
1791576272.1304362,0.9834158606827259,61716971520,0,61948821504,23069720576,61394685952,61394690560,876416512,0,187496370176,121282080768
1791576273.0895998,0.959017114713788,61716971520,0,61948821504,23069720576,61394685952,61394690560,876416512,0,187496091648,121282080768
1791576274.0498176,0.9600744750350714,61716971520,0,61948821504,23069720576,61394685952,61394690560,876416512,0,187496079360,121282080768
1791576275.0100746,0.9601090718060732,61716971520,0,61948821504,23069720576,61394685952,61394690560,876416512,0,187496153088,121282080768
1791576275.970363,0.9601751640439034,61716975616,0,61948821504,23069720576,61394685952,61394690560,876420608,0,187496439808,121282080768
1791576276.9572132,0.9867128673940897,61716975616,0,61948821504,23069720576,61394685952,61394690560,876420608,0,187496284160,121282080768
1791576277.93513,0.9777691513299942,61716975616,0,61948821504,23069720576,61394685952,61394690560,876420608,0,187496312832,121282080768
1791576278.8969173,0.9616298135370016,61716975616,0,61948821504,23069720576,61394685952,61394690560,876420608,0,187496304640,121282080768
1791576279.8573978,0.9603373613208532,61716975616,0,61948821504,23069720576,61394685952,61394690560,876420608,0,187496390656,121282080768
1791576280.8177845,0.9602331575006247,61716979712,0,61948821504,23069720576,61394685952,61394690560,876424704,0,187496038400,121282080768
1791576281.776736,0.9587950296700001,61716979712,0,61948821504,23069720576,61394685952,61394690560,876424704,0,187496886272,121281884160
1791576282.76132,0.9844435211271048,61716979712,0,61948821504,23069720576,61394685952,61394690560,876424704,0,187496947712,121281884160
1791576283.7329276,0.9714636448770761,61716979712,0,61948821504,23069720576,61394685952,61394690560,876424704,0,187496943616,121281884160
1791576284.6939788,0.9609041884541512,61716979712,0,61948821504,23069720576,61394685952,61394690560,876424704,0,187496792064,121281884160
1791576285.655609,0.9614852573722601,61716979712,0,61948821504,23069720576,61394685952,61394690560,876424704,0,187497132032,121281884160
1791576286.6184292,0.9626731630414724,61716983808,0,61948821504,23069720576,61394685952,61394690560,876428800,0,187496620032,121281884160
1791576287.5790305,0.9604518506675959,61716983808,0,61948821504,23069720576,61394685952,61394690560,876428800,0,187496419328,121281884160
1791576288.5400014,0.9608223531395197,61716983808,0,61948821504,23069720576,61394685952,61394690560,876428800,0,187496443904,121281884160
1791576289.503834,0.9636862017214298,61716983808,0,61948821504,23069720576,61394685952,61394690560,876428800,0,187496304640,121281884160
1791576290.4686086,0.9646277502179146,61716983808,0,61948821504,23069720576,61394685952,61394690560,876428800,0,187496308736,121281884160
1791576291.4918363,1.0230839755386114,61716987904,0,61948821504,23069720576,61394685952,61394690560,876432896,0,187496542208,121281884160
1791576292.454986,0.9630034994333982,61716987904,0,61948821504,23069720576,61394685952,61394690560,876432896,0,187496521728,121281884160
1791576293.4964123,1.0412802137434483,61716987904,0,61948821504,23069720576,61394685952,61394690560,876432896,0,187496632320,121281884160
1791576294.4666357,0.9700737614184618,61716987904,0,61948821504,23069720576,61394685952,61394690560,876432896,0,187496476672,121281884160
1791576295.4245248,0.9577344954013824,61716987904,0,61948821504,23069720576,61394685952,61394690560,876432896,0,187496202240,121281884160
1791576296.3857973,0.9611232280731201,61716987904,0,61948821504,23069720576,61394685952,61394690560,876432896,0,187496448000,121281884160
1791576297.3935947,1.0076528303325176,61716992000,0,61948821504,23069720576,61394685952,61394690560,876436992,0,187496210432,121281884160
1791576298.357789,0.9640451204031706,61716992000,0,61948821504,23069720576,61394685952,61394690560,876436992,0,187496275968,121281884160
1791576299.3187149,0.9607735350728035,61716992000,0,61948821504,23069720576,61394685952,61394690560,876436992,0,187496423424,121281884160
1791576300.2798984,0.9610447194427252,61716992000,0,61948821504,23069720576,61394685952,61394690560,876436992,0,187496468480,121281884160
1791576301.2346265,0.9545762166380882,61716992000,0,61948821504,23069720576,61394685952,61394690560,876436992,0,187496308736,121281884160
1791576302.1953075,0.9605326857417822,61716996096,0,61948821504,23069720576,61394685952,61394690560,876441088,0,187496554496,121281884160
1791576303.1327205,0.9372597895562649,61716996096,0,61948821504,23069720576,61394685952,61394690560,876441088,0,187496411136,121281884160
1791576304.0982306,0.9653539229184389,61716996096,0,61948821504,23069720576,61394685952,61394690560,876441088,0,187496534016,121281884160
1791576305.0587254,0.9603412970900536,61716996096,0,61948821504,23069720576,61394685952,61394690560,876441088,0,187496554496,121281884160
1791576306.0205088,0.961627772077918,61716996096,0,61948821504,23069720576,61394685952,61394690560,876441088,0,187496738816,121281884160
1791576307.0022237,0.9815739262849092,61716996096,0,61948821504,23069720576,61394685952,61394690560,876441088,0,187496550400,121281884160
1791576307.980704,0.9783263076096773,61717000192,0,61948821504,23069720576,61394685952,61394690560,876445184,0,187496919040,121281884160
1791576308.9926667,1.0118232406675816,61717000192,0,61948821504,23069720576,61394685952,61394690560,876445184,0,187496804352,121281884160
1791576309.9450219,0.9521986115723848,61717000192,0,61948821504,23069720576,61394685952,61394690560,876445184,0,187496787968,121281884160
1791576310.934365,0.98917474783957,61717000192,0,61948821504,23069720576,61394685952,61394690560,876445184,0,187497086976,121281884160
1791576311.9193974,0.9848894886672497,61717000192,0,61948821504,23069720576,61394685952,61394690560,876445184,0,187496452096,121281884160
1791576312.9036002,0.9840506035834551,61717004288,0,61948821504,23069720576,61394685952,61394690560,876449280,0,187496656896,121281884160
1791576313.877833,0.9740808010101318,61717004288,0,61948821504,23069720576,61394685952,61394690560,876449280,0,187496165376,121281884160
1791576314.8548868,0.9768973588943481,61717004288,0,61948821504,23069720576,61394685952,61394690560,876449280,0,187496427520,121281884160
1791576315.8201106,0.9650718793272972,61717004288,0,61948821504,23069720576,61394685952,61394690560,876449280,0,187496513536,121281884160
1791576316.765133,0.9448603466153145,61717004288,0,61948821504,23069720576,61394685952,61394690560,876449280,0,187496599552,121281884160
1791576317.780059,1.014766676351428,61717004288,0,61948821504,23069720576,61394685952,61394690560,876449280,0,187496235008,121281884160
1791576318.7480183,0.9678329229354858,61717008384,0,61948821504,23069720576,61394685952,61394690560,876453376,0,187496325120,121281884160
1791576319.7154973,0.9673182312399149,61717008384,0,61948821504,23069720576,61394685952,61394690560,876453376,0,187496423424,121281884160
1791576320.6813097,0.9656560067087412,61717008384,0,61948821504,23069720576,61394685952,61394690560,876453376,0,187496386560,121281884160
1791576321.6460059,0.9645408317446709,61717008384,0,61948821504,23069720576,61394685952,61394690560,876453376,0,187496165376,121281884160
1791576322.610288,0.9641317334026098,61717008384,0,61948821504,23069720576,61394685952,61394690560,876453376,0,187496251392,121281884160
1791576323.574659,0.9642163757234812,61717012480,0,61948821504,23069720576,61394685952,61394690560,876457472,0,187496296448,121281884160
1791576324.538396,0.9635827038437128,61717012480,0,61948821504,23069720576,61394685952,61394690560,876457472,0,187497349120,121281884160
1791576325.5078585,0.9693099483847618,61717012480,0,61948821504,23069720576,61394685952,61394690560,876457472,0,187497000960,121281884160
1791576326.477412,0.9694026131182909,61717012480,0,61948821504,23069720576,61394685952,61394690560,876457472,0,187497091072,121281884160
1791576327.4495335,0.9719703309237957,61717012480,0,61948821504,23069720576,61394685952,61394690560,876457472,0,187497119744,121281884160
1791576328.420342,0.970663882791996,61717012480,0,61948821504,23069720576,61394685952,61394690560,876457472,0,187496984576,121281884160
1791576329.3994224,0.9789389595389366,61717016576,0,61948821504,23069720576,61394685952,61394690560,876461568,0,187497209856,121281884160
1791576330.3711905,0.9716198667883873,61717016576,0,61948821504,23069720576,61394685952,61394690560,876461568,0,187497381888,121281884160
1791576331.3384063,0.9670629799365997,61717016576,0,61948821504,23069720576,61394685952,61394690560,876461568,0,187497418752,121281884160
1791576332.3068364,0.9682754501700401,61717016576,0,61948821504,23069720576,61394685952,61394690560,876461568,0,187496566784,121281884160
1791576333.2889931,0.9820143058896065,61717016576,0,61948821504,23069720576,61394685952,61394690560,876461568,0,187496873984,121281884160
1791576334.2614186,0.9722769688814878,61717020672,0,61948821504,23069720576,61394685952,61394690560,876465664,0,187496964096,121281884160
1791576335.222898,0.961326228454709,61717020672,0,61948821504,23069720576,61394685952,61394690560,876465664,0,187496415232,121281884160
1791576336.1888814,0.9658405240625143,61717020672,0,61948821504,23069720576,61394685952,61394690560,876465664,0,187497021440,121281884160
1791576337.1801968,0.99116818793118,61717020672,0,61948821504,23069720576,61394685952,61394690560,876465664,0,187496726528,121281884160
1791576338.1501112,0.9697600416839123,61717020672,0,61948821504,23069720576,61394685952,61394690560,876465664,0,187496816640,121281884160
1791576339.1068614,0.9565871171653271,61717020672,0,61948821504,23069720576,61394685952,61394690560,876465664,0,187496685568,121281884160
1791576340.0685856,0.9615781139582396,61717024768,0,61948821504,23069720576,61394685952,61394690560,876469760,0,187496611840,121281884160
1791576341.037252,0.9685198254883289,61717024768,0,61948821504,23069720576,61394685952,61394690560,876469760,0,187496603648,121281884160
1791576342.0054367,0.9680414274334908,61717024768,0,61948821504,23069720576,61394685952,61394690560,876469760,0,187496689664,121281884160
1791576342.9740367,0.9684447627514601,61717024768,0,61948821504,23069720576,61394685952,61394690560,876469760,0,187496697856,121281884160
1791576343.944645,0.9704561587423086,61717024768,0,61948821504,23069720576,61394685952,61394690560,876469760,0,187496431616,121281884160
1791576344.9144697,0.9696709848940372,61717028864,0,61948821504,23069720576,61394685952,61394690560,876473856,0,187496382464,121281884160
1791576345.8847106,0.9700868707150221,61717028864,0,61948821504,23069720576,61394685952,61394690560,876473856,0,187496374272,121281884160
1791576346.8522956,0.9674338679760695,61717028864,0,61948821504,23069720576,61394685952,61394690560,876473856,0,187496456192,121281884160
1791576347.8201418,0.9676966443657875,61717028864,0,61948821504,23069720576,61394685952,61394690560,876473856,0,187496538112,121281884160
1791576348.7898426,0.9695369973778725,61717028864,0,61948821504,23069720576,61394685952,61394690560,876473856,0,187496587264,121281884160
1791576349.7333124,0.9433192908763885,61717028864,0,61948821504,23069720576,61394685952,61394690560,876473856,0,187496517632,121281884160
1791576350.6846979,0.9512394573539495,61717032960,0,61948821504,23069720576,61394685952,61394690560,876477952,0,187496542208,121281884160
1791576351.6413574,0.9565143585205078,61717037056,0,61948821504,23069720576,61394685952,61394690560,876482048,0,187496550400,121281884160
1791576352.599749,0.9582403860986233,61717037056,0,61948821504,23069720576,61394685952,61394690560,876482048,0,187496624128,121281884160
1791576353.5606856,0.9607827439904213,61717037056,0,61948821504,23069720576,61394685952,61394690560,876482048,0,187496615936,121281884160
1791576354.5247142,0.9638805855065584,61717041152,0,61948821504,23069720576,61394685952,61394690560,876486144,0,187496833024,121281884160
1791576355.5141807,0.9893230870366096,61717045248,0,61948821504,23069720576,61394685952,61394690560,876490240,0,187497287680,121281884160
1791576356.489246,0.974916173145175,61717053440,0,61948821504,23069720576,61394685952,61394690560,876498432,0,187496640512,121281884160
1791576357.4442325,0.9548396095633507,61717053440,0,61948821504,23069720576,61394685952,61394690560,876498432,0,187496734720,121281884160
1791576358.4019613,0.9575863555073738,61717053440,0,61948821504,23069720576,61394685952,61394690560,876498432,0,187496660992,121281884160
1791576359.3908527,0.9887484069913626,61717053440,0,61948821504,23069720576,61394685952,61394690560,876498432,0,187496751104,121281884160
1791576360.3584847,0.9674843400716782,61717053440,0,61948821504,23069720576,61394685952,61394690560,876498432,0,187508973568,121281888256
1791576361.3382041,0.9795819595456123,61717057536,0,61948821504,23069720576,61394685952,61394690560,876502528,0,187643981824,121271980032
1791576362.3190784,0.9807253554463387,61717057536,0,61948821504,23069720576,61394685952,61394690560,876502528,0,187718987776,121268047872
1791576363.3020256,0.9828380178660154,61717057536,0,61948821504,23069720576,61394685952,61394690560,876502528,0,187606708224,121259855872
1791576364.2750573,0.9728911314159632,61717057536,0,61948821504,23069720576,61394685952,61394690560,876502528,0,187701198848,121259847680
1791576365.2591438,0.9839528519660234,61717057536,0,61948821504,23069720576,61394685952,61394690560,876502528,0,187641434112,121248509952
1791576366.2355611,0.9762607291340828,61717061632,0,61948821504,23069720576,61394685952,61394690560,876506624,0,187714740224,121246998528
1791576367.213645,0.9779390916228294,61717061632,0,61948821504,23069720576,61394685952,61394690560,876506624,0,187619581952,121240592384
1791576368.197018,0.9832249078899622,61717061632,0,61948821504,23069720576,61394685952,61394690560,876506624,0,187668439040,121239355392
1791576369.1922429,0.9950825572013855,61717061632,0,61948821504,23069720576,61394685952,61394690560,876506624,0,187617652736,121237549056
1791576370.17339,0.9809890277683735,61717061632,0,61948821504,23069720576,61394685952,61394690560,876506624,0,187675004928,121235623936
1791576371.1370347,0.9634997453540564,61717078016,0,61948821504,23069720576,61394685952,61394690560,876523008,0,187755913216,121234931712
1791576372.1077125,0.9705261066555977,61717090304,0,61948821504,23069720576,61394685952,61394690560,876535296,0,187811188736,121232412672
1791576373.068825,0.9609570205211639,61717090304,0,61948821504,23069720576,61394685952,61394690560,876535296,0,187822338048,121232412672
1791576374.0310755,0.9620976019650698,61717090304,0,61948821504,23069720576,61394685952,61394690560,876535296,0,187808739328,121232412672
1791576374.9927711,0.9615856483578682,61717090304,0,61948821504,23069720576,61394685952,61394690560,876535296,0,187803316224,121232412672
1791576375.9537632,0.9608369451016188,61717090304,0,61948821504,23069720576,61394685952,61394690560,876535296,0,187814428672,121232408576
1791576376.914429,0.960511788725853,61717090304,0,61948821504,23069720576,61394685952,61394690560,876535296,0,187815518208,121232080896
1791576377.8840792,0.9694967195391655,61717094400,0,61948821504,23069720576,61394685952,61394690560,876539392,0,187835858944,121232080896
1791576378.8495033,0.9652346353977919,61717094400,0,61948821504,23069720576,61394685952,61394690560,876539392,0,187807322112,121231384576
1791576379.8164947,0.9668456744402647,61717094400,0,61948821504,23069720576,61394685952,61394690560,876539392,0,187806879744,121230872576
1791576380.784275,0.9676286559551954,61717094400,0,61948821504,23069720576,61394685952,61394690560,876539392,0,187806756864,121230524416
1791576381.7452025,0.9607692770659924,61717094400,0,61948821504,23069720576,61394685952,61394690560,876539392,0,187806277632,121230168064
1791576382.703827,0.9584718439728022,61717098496,0,61948821504,23069720576,61394685952,61394690560,876543488,0,187806965760,121229885440
1791576383.6653385,0.9613532219082117,61717098496,0,61948821504,23069720576,61394685952,61394690560,876543488,0,187651174400,121226248192
1791576384.6279843,0.962494133040309,61717098496,0,61948821504,23069720576,61394685952,61394690560,876543488,0,187680845824,121224511488
1791576385.5857944,0.9576646201312542,61717098496,0,61948821504,23069720576,61394685952,61394690560,876543488,0,187647479808,121222459392
1791576386.5475965,0.9616555962711573,61717098496,0,61948821504,23069720576,61394685952,61394690560,876543488,0,187712876544,121221550080
1791576387.5285268,0.9807867258787155,61717098496,0,61948821504,23069720576,61394685952,61394690560,876543488,0,187709042688,121221550080
1791576388.5049562,0.9762814287096262,61717102592,0,61948821504,23069720576,61394685952,61394690560,876547584,0,187717791744,121221324800
1791576389.4845471,0.9794503934681416,61717102592,0,61948821504,23069720576,61394685952,61394690560,876547584,0,187727233024,121220849664
1791576390.4633033,0.978617861866951,61717102592,0,61948821504,23069720576,61394685952,61394690560,876547584,0,187689218048,121219698688
1791576391.423007,0.9595447275787592,61717102592,0,61948821504,23069720576,61394685952,61394690560,876547584,0,187764576256,121219698688
1791576392.3843617,0.9611955359578133,61717102592,0,61948821504,23069720576,61394685952,61394690560,876547584,0,187837222912,121219698688
1791576393.374483,0.9899796284735203,61717106688,0,61948821504,23069720576,61394685952,61394690560,876551680,0,187887747072,121219698688
1791576394.356852,0.9822223465889692,61717106688,0,61948821504,23069720576,61394685952,61394690560,876551680,0,187880120320,121219698688
1791576395.3406978,0.9836385399103165,61717106688,0,61948821504,23069720576,61394685952,61394690560,876551680,0,187892465664,121219698688
1791576396.3180652,0.9772125706076622,61717106688,0,61948821504,23069720576,61394685952,61394690560,876551680,0,187889569792,121219698688
1791576397.2797427,0.9615560434758663,61717106688,0,61948821504,23069720576,61394685952,61394690560,876551680,0,187904741376,121219698688
1791576398.2438152,0.9639130253344774,61717110784,0,61948821504,23069720576,61394685952,61394690560,876555776,0,187896745984,121219694592
1791576399.2069726,0.962999178096652,61717110784,0,61948821504,23069720576,61394685952,61394690560,876555776,0,187890634752,121219694592
1791576400.1688194,0.9616999439895153,61717110784,0,61948821504,23069720576,61394685952,61394690560,876555776,0,187897720832,121219694592
1791576401.1623933,0.9934274405241013,61717110784,0,61948821504,23069720576,61394685952,61394690560,876555776,0,187898265600,121219694592
1791576402.1373513,0.974812364205718,61717110784,0,61948821504,23069720576,61394685952,61394690560,876555776,0,187901059072,121219694592
1791576403.1278677,0.9903746210038662,61717114880,0,61948821504,23069720576,61394685952,61394690560,876559872,0,187902660608,121219694592
1791576404.1087253,0.9807108584791422,61717114880,0,61948821504,23069720576,61394685952,61394690560,876559872,0,187900104704,121218691072
1791576405.0715919,0.962712612003088,61717114880,0,61948821504,23069720576,61394685952,61394690560,876559872,0,187902787584,121218691072
1791576406.0324452,0.9606962073594332,61717114880,0,61948821504,23069720576,61394685952,61394690560,876559872,0,187900608512,121218039808
1791576406.9927962,0.9601984322071075,61717114880,0,61948821504,23069720576,61394685952,61394690560,876559872,0,187899588608,121217568768
1791576407.95441,0.961452279239893,61717118976,0,61948821504,23069720576,61394685952,61394690560,876563968,0,187902840832,121217114112
1791576408.9150503,0.9604834355413914,61717118976,0,61948821504,23069720576,61394685952,61394690560,876563968,0,187898429440,121216663552
1791576409.8765242,0.9613380860537291,61717118976,0,61948821504,23069720576,61394685952,61394690560,876563968,0,187903909888,121216385024
1791576410.8344867,0.9578097406774759,61717118976,0,61948821504,23069720576,61394685952,61394690560,876563968,0,187904475136,121216065536
1791576411.8243883,0.9897572435438633,61717118976,0,61948821504,23069720576,61394685952,61394690560,876563968,0,187907190784,121216065536
1791576412.8059764,0.9814422056078911,61717118976,0,61948821504,23069720576,61394685952,61394690560,876563968,0,187898380288,121215594496
1791576413.770155,0.9640379287302494,61717123072,0,61948821504,23069720576,61394685952,61394690560,876568064,0,187899166720,121215258624
1791576414.7326334,0.9623281955718994,61717123072,0,61948821504,23069720576,61394685952,61394690560,876568064,0,187901280256,121214967808
1791576415.715322,0.9825457241386175,61717123072,0,61948821504,23069720576,61394685952,61394690560,876568064,0,187904393216,121214652416
1791576416.6960447,0.9805747009813786,61717123072,0,61948821504,23069720576,61394685952,61394690560,876568064,0,187914784768,121214353408
1791576417.6559591,0.9597718194127083,61717123072,0,61948821504,23069720576,61394685952,61394690560,876568064,0,187899883520,121214029824
1791576418.6123865,0.9562700744718313,61717127168,0,61948821504,23069720576,61394685952,61394690560,876572160,0,187575762944,121215438848
1791576419.6024315,0.9898982476443052,61717127168,0,61948821504,23069720576,61394685952,61394690560,876572160,0,187583283200,121215381504
1791576420.5704446,0.9678766019642353,61717127168,0,61948821504,23069720576,61394685952,61394690560,876572160,0,187567812608,121215328256
1791576421.5612042,0.9905373062938452,61717127168,0,61948821504,23069720576,61394685952,61394690560,876572160,0,187566993408,121215328256
1791576422.5202537,0.9589039888232946,61717127168,0,61948821504,23069720576,61394685952,61394690560,876572160,0,187566501888,121215328256
1791576423.4653988,0.9449910912662745,61717131264,0,61948821504,23069720576,61394685952,61394690560,876576256,0,187566346240,121215328256
1791576424.4194646,0.9539053123444319,61717131264,0,61948821504,23069720576,61394685952,61394690560,876576256,0,187566006272,121215328256
1791576425.3752322,0.9556158315390348,61717131264,0,61948821504,23069720576,61394685952,61394690560,876576256,0,187565969408,121215328256
1791576426.333398,0.9580099023878574,61717131264,0,61948821504,23069720576,61394685952,61394690560,876576256,0,187565649920,121215328256
1791576427.291438,0.9578873924911022,61717131264,0,61948821504,23069720576,61394685952,61394690560,876576256,0,187565555712,121215328256
1791576428.2513626,0.9597803242504597,61717135360,0,61948821504,23069720576,61394685952,61394690560,876580352,0,187565461504,121215328256
1791576429.21072,0.9592052605003119,61717135360,0,61948821504,23069720576,61394685952,61394690560,876580352,0,187565289472,121215328256
1791576430.1699257,0.9590479917824268,61717135360,0,61948821504,23069720576,61394685952,61394690560,876580352,0,187565342720,121215328256
1791576431.129382,0.9593036603182554,61717135360,0,61948821504,23069720576,61394685952,61394690560,876580352,0,187565924352,121215328256
1791576432.0891514,0.9596210960298777,61717135360,0,61948821504,23069720576,61394685952,61394690560,876580352,0,187565137920,121215328256
1791576433.073998,0.9846969116479158,61717135360,0,61948821504,23069720576,61394685952,61394690560,876580352,0,187564912640,121215328256
1791576434.0289254,0.9547829311341047,61717139456,0,61948821504,23069720576,61394685952,61394690560,876584448,0,187565260800,121215328256
1791576435.0142517,0.9851870331913233,61717139456,0,61948821504,23069720576,61394685952,61394690560,876584448,0,187565060096,121215328256
1791576435.9816122,0.9672135841101408,61717139456,0,61948821504,23069720576,61394685952,61394690560,876584448,0,187564847104,121215328256
1791576436.938271,0.9565046690404415,61717139456,0,61948821504,23069720576,61394685952,61394690560,876584448,0,187564896256,121215328256
1791576437.9068034,0.9683821406215429,61717139456,0,61948821504,23069720576,61394685952,61394690560,876584448,0,187565142016,121215328256
1791576438.8716364,0.9646901972591877,61717143552,0,61948821504,23069720576,61394685952,61394690560,876588544,0,187565113344,121215328256
1791576439.8409185,0.9691302198916674,61717143552,0,61948821504,23069720576,61394685952,61394690560,876588544,0,187564302336,121215328256
1791576440.8072338,0.966169860213995,61717143552,0,61948821504,23069720576,61394685952,61394690560,876588544,0,187564011520,121215328256
1791576441.835516,1.0281321238726377,61717143552,0,61948821504,23069720576,61394685952,61394690560,876588544,0,187564294144,121215328256
1791576442.812355,0.9765607435256243,61717143552,0,61948821504,23069720576,61394685952,61394690560,876588544,0,187564249088,121215328256
1791576443.8014982,0.9889943767338991,61717147648,0,61948821504,23069720576,61394685952,61394690560,876592640,0,187564167168,121215328256
1791576444.7891414,0.9875007085502148,61717147648,0,61948821504,23069720576,61394685952,61394690560,876592640,0,187564220416,121215328256
1791576445.7957878,1.0064914841204882,61717147648,0,61948821504,23069720576,61394685952,61394690560,876592640,0,187564138496,121215328256
1791576446.7544894,0.958549864590168,61717147648,0,61948821504,23069720576,61394685952,61394690560,876592640,0,187563892736,121215328256
1791576447.7341006,0.9794707223773003,61717147648,0,61948821504,23069720576,61394685952,61394690560,876592640,0,187563876352,121215328256
1791576448.7119553,0.9776958916336298,61717151744,0,61948821504,23069720576,61394685952,61394690560,876596736,0,187563962368,121215328256
1791576449.7540207,1.0419120993465185,61717151744,0,61948821504,23069720576,61394685952,61394690560,876596736,0,187564290048,121215328256
1791576450.7159326,0.9617582522332668,61717151744,0,61948821504,23069720576,61394685952,61394690560,876596736,0,187564322816,121215328256
1791576451.696532,0.980456281453371,61717151744,0,61948821504,23069720576,61394685952,61394690560,876596736,0,187564601344,121215328256
1791576452.6624417,0.9657636564224958,61717151744,0,61948821504,23069720576,61394685952,61394690560,876596736,0,187564355584,121215328256
1791576453.6193745,0.956770084798336,61717151744,0,61948821504,23069720576,61394685952,61394690560,876596736,0,187564433408,121215328256
1791576454.5763671,0.9568424038589001,61717155840,0,61948821504,23069720576,61394685952,61394690560,876600832,0,187564220416,121215328256
1791576455.5338418,0.9573254063725471,61717155840,0,61948821504,23069720576,61394685952,61394690560,876600832,0,187564285952,121215328256
1791576456.4914415,0.9574472270905972,61717155840,0,61948821504,23069720576,61394685952,61394690560,876600832,0,187564097536,121215328256
1791576457.4513757,0.9597796853631735,61717155840,0,61948821504,23069720576,61394685952,61394690560,876600832,0,187564163072,121215328256
1791576458.410076,0.958547642454505,61717155840,0,61948821504,23069720576,61394685952,61394690560,876600832,0,187564474368,121215328256
1791576459.369775,0.9595925603061914,61717159936,0,61948821504,23069720576,61394685952,61394690560,876604928,0,187564539904,121215328256
1791576460.329625,0.9597079958766699,61717159936,0,61948821504,23069720576,61394685952,61394690560,876604928,0,187564355584,121215328256
1791576461.310031,0.9802634082734585,61717159936,0,61948821504,23069720576,61394685952,61394690560,876604928,0,187564285952,121215328256
1791576462.26897,0.958789711818099,61717159936,0,61948821504,23069720576,61394685952,61394690560,876604928,0,187564371968,121215328256
1791576463.257638,0.9885296113789082,61717159936,0,61948821504,23069720576,61394685952,61394690560,876604928,0,187564728320,121215328256
1791576464.2248805,0.9670882038772106,61717164032,0,61948821504,23069720576,61394685952,61394690560,876609024,0,187564609536,121215328256
1791576465.1801412,0.9551152437925339,61717164032,0,61948821504,23069720576,61394685952,61394690560,876609024,0,187564785664,121215328256
1791576466.136715,0.9564080853015184,61717164032,0,61948821504,23069720576,61394685952,61394690560,876609024,0,187564597248,121215328256
1791576467.1299627,0.9931085780262947,61717164032,0,61948821504,23069720576,61394685952,61394690560,876609024,0,187564687360,121215328256
1791576468.0909765,0.9608583003282547,61717164032,0,61948821504,23069720576,61394685952,61394690560,876609024,0,187564711936,121215328256
1791576469.0421512,0.9510227832943201,61717164032,0,61948821504,23069720576,61394685952,61394690560,876609024,0,187564810240,121215328256
1791576470.031124,0.98882338963449,61717168128,0,61948821504,23069720576,61394685952,61394690560,876613120,0,187565142016,121215328256
1791576470.9897833,0.9585061445832253,61717168128,0,61948821504,23069720576,61394685952,61394690560,876613120,0,187564937216,121215328256
1791576471.9853685,0.9954334329813719,61717168128,0,61948821504,23069720576,61394685952,61394690560,876613120,0,187564597248,121215328256
1791576472.9507499,0.9652372319251299,61717168128,0,61948821504,23069720576,61394685952,61394690560,876613120,0,187564666880,121215328256
1791576473.9029455,0.952045263722539,61717168128,0,61948821504,23069720576,61394685952,61394690560,876613120,0,187564494848,121215328256
1791576474.8614364,0.9583394322544336,61717176320,0,61948821504,23069720576,61394685952,61394690560,876621312,0,187564310528,121215328256
1791576475.8475842,0.9860034640878439,61717176320,0,61948821504,23069720576,61394685952,61394690560,876621312,0,187564445696,121215328256
1791576476.8241923,0.9764634761959314,61717176320,0,61948821504,23069720576,61394685952,61394690560,876621312,0,187564011520,121215328256
1791576477.7853987,0.9610515460371971,61717176320,0,61948821504,23069720576,61394685952,61394690560,876621312,0,187563794432,121215328256
1791576478.7454443,0.9598941057920456,61717180416,0,61948821504,23069720576,61394685952,61394690560,876625408,0,187563810816,121215328256
1791576479.7285666,0.9829772170633078,61717192704,0,61948821504,23069720576,61394685952,61394690560,876637696,0,187564285952,121215328256
1791576480.7093472,0.9806356653571129,61717192704,0,61948821504,23069720576,61394685952,61394690560,876637696,0,187563958272,121215328256
1791576481.7083616,0.9988700598478317,61717192704,0,61948821504,23069720576,61394685952,61394690560,876637696,0,187564384256,121215328256
1791576482.6878054,0.9792923908680677,61717192704,0,61948821504,23069720576,61394685952,61394690560,876637696,0,187563966464,121215328256
1791576483.7020893,1.0141384452581406,61717192704,0,61948821504,23069720576,61394685952,61394690560,876637696,0,187563945984,121215328256
1791576484.6775312,0.9752946253865957,61717196800,0,61948821504,23069720576,61394685952,61394690560,876641792,0,187564269568,121215328256
1791576485.6622577,0.9845826644450426,61717196800,0,61948821504,23069720576,61394685952,61394690560,876641792,0,187564253184,121215328256
1791576486.6357315,0.9733322132378817,61717196800,0,61948821504,23069720576,61394685952,61394690560,876641792,0,187564367872,121215328256
1791576487.61657,0.980699684470892,61717196800,0,61948821504,23069720576,61394685952,61394690560,876641792,0,187564359680,121215328256
1791576488.6010482,0.9843280203640461,61717196800,0,61948821504,23069720576,61394685952,61394690560,876641792,0,187564720128,121215328256
1791576489.5824327,0.9812425412237644,61717196800,0,61948821504,23069720576,61394685952,61394690560,876641792,0,187564437504,121215328256
1791576490.5576468,0.9750677794218063,61717200896,0,61948821504,23069720576,61394685952,61394690560,876645888,0,187564523520,121215328256
1791576491.5198436,0.9620453082025051,61717200896,0,61948821504,23069720576,61394685952,61394690560,876645888,0,187564535808,121215328256
1791576492.483503,0.9635076485574245,61717200896,0,61948821504,23069720576,61394685952,61394690560,876645888,0,187564535808,121215328256
1791576493.47773,0.9940804354846478,61717200896,0,61948821504,23069720576,61394685952,61394690560,876645888,0,187564621824,121215328256
1791576494.4610932,0.9832106921821833,61717200896,0,61948821504,23069720576,61394685952,61394690560,876645888,0,187564408832,121215328256
1791576495.4276187,0.9663669001311064,61717204992,0,61948821504,23069720576,61394685952,61394690560,876649984,0,187564261376,121215328256
1791576496.395992,0.9682253748178482,61717204992,0,61948821504,23069720576,61394685952,61394690560,876649984,0,187580817408,121215307776
1791576497.3622077,0.9660714846104383,61717204992,0,61948821504,23069720576,61394685952,61394690560,876649984,0,187580862464,121215307776
1791576498.3299608,0.9676047842949629,61717204992,0,61948821504,23069720576,61394685952,61394690560,876649984,0,187580915712,121215307776
1791576499.3001342,0.9700335934758186,61717204992,0,61948821504,23069720576,61394685952,61394690560,876649984,0,187580694528,121215307776
1791576500.2662861,0.9659912027418613,61717209088,0,61948821504,23069720576,61394685952,61394690560,876654080,0,187581243392,121215307776
1791576501.2509985,0.9845693949609995,61717209088,0,61948821504,23069720576,61394685952,61394690560,876654080,0,187582308352,121215307776
1791576502.2368312,0.9856927059590816,61717209088,0,61948821504,23069720576,61394685952,61394690560,876654080,0,187581976576,121215307776
1791576503.2047236,0.9677357692271471,61717209088,0,61948821504,23069720576,61394685952,61394690560,876654080,0,187582103552,121215307776
1791576504.168756,0.9638876393437386,61717209088,0,61948821504,23069720576,61394685952,61394690560,876654080,0,187582210048,121215266816
1791576505.1318178,0.9628963265568018,61717213184,0,61948821504,23069720576,61394685952,61394690560,876658176,0,187581657088,121215266816
1791576506.1015887,0.9696280173957348,61717213184,0,61948821504,23069720576,61394685952,61394690560,876658176,0,187582312448,121215266816
1791576507.0786262,0.9768895264714956,61717213184,0,61948821504,23069720576,61394685952,61394690560,876658176,0,187582754816,121215266816
1791576508.0435767,0.9647905025631189,61717213184,0,61948821504,23069720576,61394685952,61394690560,876658176,0,187583135744,121215266816
1791576509.0061588,0.9624304827302694,61717213184,0,61948821504,23069720576,61394685952,61394690560,876658176,0,187597008896,121215266816
1791576509.9726405,0.9663252867758274,61717213184,0,61948821504,23069720576,61394685952,61394690560,876658176,0,187583660032,121215266816
1791576510.9361696,0.9633659534156322,61717217280,0,61948821504,23069720576,61394685952,61394690560,876662272,0,187567415296,121215258624
1791576511.9022696,0.9659428931772709,61717217280,0,61948821504,23069720576,61394685952,61394690560,876662272,0,187566964736,121215258624
1791576512.8665729,0.964149059727788,61717217280,0,61948821504,23069720576,61394685952,61394690560,876662272,0,187565682688,121215258624
1791576513.8112953,0.9445700999349356,61717217280,0,61948821504,23069720576,61394685952,61394690560,876662272,0,187564929024,121215258624
1791576514.7718444,0.9604042824357748,61717217280,0,61948821504,23069720576,61394685952,61394690560,876662272,0,187565027328,121215258624
1791576515.742951,0.9709661956876516,61717221376,0,61948821504,23069720576,61394685952,61394690560,876666368,0,187564924928,121215258624
1791576516.7094529,0.9663429372012615,61717221376,0,61948821504,23069720576,61394685952,61394690560,876666368,0,187564724224,121215258624
1791576517.6640332,0.95442552305758,61717221376,0,61948821504,23069720576,61394685952,61394690560,876666368,0,187564593152,121215258624
1791576518.6211872,0.9569956101477146,61717221376,0,61948821504,23069720576,61394685952,61394690560,876666368,0,187564847104,121215258624
1791576519.5913742,0.9700452852994204,61717221376,0,61948821504,23069720576,61394685952,61394690560,876666368,0,187564449792,121215258624
1791576520.56111,0.9695873130112886,61717221376,0,61948821504,23069720576,61394685952,61394690560,876666368,0,187564072960,121215258624
1791576521.479453,0.9181911610066891,61717225472,0,61948821504,23069720576,61394685952,61394690560,876670464,0,187564392448,121215258624
1791576522.4212499,0.9416501168161631,61717225472,0,61948821504,23069720576,61394685952,61394690560,876670464,0,187564367872,121215258624
1791576523.3649218,0.943521074950695,61717225472,0,61948821504,23069720576,61394685952,61394690560,876670464,0,187564167168,121215258624
1791576524.3157296,0.9506626985967159,61717225472,0,61948821504,23069720576,61394685952,61394690560,876670464,0,187564257280,121215258624
1791576525.3576736,1.0418015457689762,61717225472,0,61948821504,23069720576,61394685952,61394690560,876670464,0,187564548096,121215258624
1791576526.33123,0.9734054449945688,61717229568,0,61948821504,23069720576,61394685952,61394690560,876674560,0,187564589056,121215258624
1791576527.2901804,0.9588037729263306,61717229568,0,61948821504,23069720576,61394685952,61394690560,876674560,0,187564453888,121215258624
1791576528.251537,0.9612076841294765,61717229568,0,61948821504,23069720576,61394685952,61394690560,876674560,0,187564515328,121215258624
1791576529.2162561,0.9645722098648548,61717229568,0,61948821504,23069720576,61394685952,61394690560,876674560,0,187564605440,121215258624
1791576530.2119255,0.9955250043421984,61717229568,0,61948821504,23069720576,61394685952,61394690560,876674560,0,187564883968,121215258624
1791576531.1855137,0.9734415523707867,61717233664,0,61948821504,23069720576,61394685952,61394690560,876678656,0,187564630016,121215258624
1791576532.1469736,0.961316179484129,61717233664,0,61948821504,23069720576,61394685952,61394690560,876678656,0,187564716032,121215258624
1791576533.1126842,0.9655575379729271,61717233664,0,61948821504,23069720576,61394685952,61394690560,876678656,0,187564679168,121215258624
1791576534.099604,0.9867793340235949,61717233664,0,61948821504,23069720576,61394685952,61394690560,876678656,0,187564740608,121215258624
1791576535.0838552,0.9841074198484421,61717233664,0,61948821504,23069720576,61394685952,61394690560,876678656,0,187564896256,121215258624
1791576536.049241,0.9652332924306393,61717237760,0,61948821504,23069720576,61394685952,61394690560,876682752,0,187564953600,121215258624
1791576537.0142522,0.9648553989827633,61717237760,0,61948821504,23069720576,61394685952,61394690560,876682752,0,187564552192,121215258624
1791576537.9903135,0.975906528532505,61717237760,0,61948821504,23069720576,61394685952,61394690560,876682752,0,187564359680,121215258624
1791576538.9602237,0.9697535689920187,61717237760,0,61948821504,23069720576,61394685952,61394690560,876682752,0,187564408832,121215258624
1791576539.9303415,0.9699548371136189,61717237760,0,61948821504,23069720576,61394685952,61394690560,876682752,0,187564462080,121215258624
1791576540.9025636,0.9720674213021994,61717237760,0,61948821504,23069720576,61394685952,61394690560,876682752,0,187564711936,121215258624
1791576541.8914816,0.9887732863426208,61717241856,0,61948821504,23069720576,61394685952,61394690560,876686848,0,187564937216,121215258624
1791576542.8615546,0.9699242301285267,61717241856,0,61948821504,23069720576,61394685952,61394690560,876686848,0,187565289472,121215258624
1791576543.8625436,1.0008454099297523,61717241856,0,61948821504,23069720576,61394685952,61394690560,876686848,0,187564904448,121215258624
1791576544.8506885,0.9879953004419804,61717241856,0,61948821504,23069720576,61394685952,61394690560,876686848,0,187565043712,121215258624
1791576545.8392346,0.9884019624441862,61717241856,0,61948821504,23069720576,61394685952,61394690560,876686848,0,187564900352,121215258624
1791576546.8291879,0.9898039344698191,61717245952,0,61948821504,23069720576,61394685952,61394690560,876690944,0,187564503040,121215258624
1791576547.8197296,0.990397248417139,61717245952,0,61948821504,23069720576,61394685952,61394690560,876690944,0,187564474368,121215258624
1791576548.793734,0.973851265385747,61717245952,0,61948821504,23069720576,61394685952,61394690560,876690944,0,187564326912,121215258624
1791576549.759486,0.9656058996915817,61717245952,0,61948821504,23069720576,61394685952,61394690560,876690944,0,187564118016,121215258624
1791576550.7257335,0.9660864248871803,61717245952,0,61948821504,23069720576,61394685952,61394690560,876690944,0,187564208128,121215258624
1791576551.7008212,0.9749337285757065,61717250048,0,61948821504,23069720576,61394685952,61394690560,876695040,0,187564081152,121215258624
1791576552.6719356,0.9709640592336655,61717250048,0,61948821504,23069720576,61394685952,61394690560,876695040,0,187563765760,121215258624
1791576553.66608,0.994000893086195,61717250048,0,61948821504,23069720576,61394685952,61394690560,876695040,0,187564003328,121215258624
1791576554.6466103,0.9803617708384991,61717250048,0,61948821504,23069720576,61394685952,61394690560,876695040,0,187564056576,121215258624
1791576555.611265,0.9645001757889986,61717250048,0,61948821504,23069720576,61394685952,61394690560,876695040,0,187564154880,121215258624
1791576556.5802746,0.9688530191779137,61717250048,0,61948821504,23069720576,61394685952,61394690560,876695040,0,187564490752,121215258624
1791576557.579803,0.9993846621364355,61717254144,0,61948821504,23069720576,61394685952,61394690560,876699136,0,187564437504,121215258624
1791576558.5720341,0.9920836165547371,61717254144,0,61948821504,23069720576,61394685952,61394690560,876699136,0,187564273664,121215258624
1791576559.5430937,0.9709081538021564,61717254144,0,61948821504,23069720576,61394685952,61394690560,876699136,0,187564187648,121215258624
1791576560.5218356,0.9785894639790058,61717254144,0,61948821504,23069720576,61394685952,61394690560,876699136,0,187563991040,121215258624
1791576561.4932642,0.9712726324796677,61717254144,0,61948821504,23069720576,61394685952,61394690560,876699136,0,187564036096,121215258624
1791576562.4627695,0.9693584721535444,61717258240,0,61948821504,23069720576,61394685952,61394690560,876703232,0,187564105728,121215258624
1791576563.4346378,0.9717130213975906,61717258240,0,61948821504,23069720576,61394685952,61394690560,876703232,0,187564179456,121215258624
1791576564.4549048,1.020122116431594,61717258240,0,61948821504,23069720576,61394685952,61394690560,876703232,0,187564679168,121215258624
1791576565.456689,1.0016430485993624,61717258240,0,61948821504,23069720576,61394685952,61394690560,876703232,0,187564662784,121215258624
1791576566.4373317,0.9804932828992605,61717258240,0,61948821504,23069720576,61394685952,61394690560,876703232,0,187564503040,121215258624
1791576567.4029667,0.9654850717633963,61717262336,0,61948821504,23069720576,61394685952,61394690560,876707328,0,187564462080,121215258624
1791576568.368998,0.9658722225576639,61717262336,0,61948821504,23069720576,61394685952,61394690560,876707328,0,187564277760,121215258624
1791576569.3393555,0.97020398452878,61717262336,0,61948821504,23069720576,61394685952,61394690560,876707328,0,187564773376,121215258624
1791576570.3273377,0.987838339060545,61717262336,0,61948821504,23069720576,61394685952,61394690560,876707328,0,187564658688,121215258624
1791576571.2999775,0.972493352368474,61717262336,0,61948821504,23069720576,61394685952,61394690560,876707328,0,187564781568,121215258624
1791576572.2664177,0.9662878308445215,61717266432,0,61948821504,23069720576,61394685952,61394690560,876711424,0,187564101632,121215258624
1791576573.2341826,0.9676128141582012,61717266432,0,61948821504,23069720576,61394685952,61394690560,876711424,0,187564118016,121215258624
1791576574.1983943,0.9640530329197645,61717266432,0,61948821504,23069720576,61394685952,61394690560,876711424,0,187564158976,121215258624
1791576575.1620986,0.9635519105941057,61717266432,0,61948821504,23069720576,61394685952,61394690560,876711424,0,187564081152,121215258624
1791576576.1272109,0.964955011382699,61717266432,0,61948821504,23069720576,61394685952,61394690560,876711424,0,187564146688,121215258624
1791576577.092729,0.9653725195676088,61717266432,0,61948821504,23069720576,61394685952,61394690560,876711424,0,187564044288,121215258624
1791576578.0760443,0.9831717237830162,61717270528,0,61948821504,23069720576,61394685952,61394690560,876715520,0,187564306432,121215258624
1791576579.0440784,0.9678900074213743,61717270528,0,61948821504,23069720576,61394685952,61394690560,876715520,0,187564130304,121215258624
1791576580.0258617,0.9816728886216879,61717270528,0,61948821504,23069720576,61394685952,61394690560,876715520,0,187564412928,121215258624
1791576580.9973376,0.9712573420256376,61717270528,0,61948821504,23069720576,61394685952,61394690560,876715520,0,187564642304,121215258624
1791576581.9604921,0.9630006700754166,61717270528,0,61948821504,23069720576,61394685952,61394690560,876715520,0,187564138496,121215258624
1791576582.9235141,0.9628703519701958,61717274624,0,61948821504,23069720576,61394685952,61394690560,876719616,0,187564179456,121215258624
1791576583.932882,1.0092244930565357,61717274624,0,61948821504,23069720576,61394685952,61394690560,876719616,0,187564548096,121215258624
1791576584.9151998,0.9821648802608252,61717274624,0,61948821504,23069720576,61394685952,61394690560,876719616,0,187564490752,121215258624
1791576585.881744,0.9663870818912983,61717274624,0,61948821504,23069720576,61394685952,61394690560,876719616,0,187564130304,121215258624
1791576586.8525167,0.9706186484545469,61717274624,0,61948821504,23069720576,61394685952,61394690560,876719616,0,187564118016,121215258624
1791576587.816461,0.9637928865849972,61717278720,0,61948821504,23069720576,61394685952,61394690560,876723712,0,187564093440,121215258624
1791576588.7846193,0.9680013693869114,61717278720,0,61948821504,23069720576,61394685952,61394690560,876723712,0,187564163072,121215258624
1791576589.764547,0.9797839187085629,61717278720,0,61948821504,23069720576,61394685952,61394690560,876723712,0,187564519424,121215258624
1791576590.7295322,0.9648393429815769,61717278720,0,61948821504,23069720576,61394685952,61394690560,876723712,0,187564863488,121215258624
1791576591.7048984,0.9752205088734627,61717278720,0,61948821504,23069720576,61394685952,61394690560,876723712,0,187564593152,121215258624
1791576592.6842856,0.9792322721332312,61717282816,0,61948821504,23069720576,61394685952,61394690560,876727808,0,187564756992,121215258624
1791576593.6724687,0.9880393631756306,61717282816,0,61948821504,23069720576,61394685952,61394690560,876727808,0,187564236800,121215258624
1791576594.6511495,0.9785349145531654,61717282816,0,61948821504,23069720576,61394685952,61394690560,876727808,0,187564605440,121215258624
1791576595.630065,0.9787633866071701,61717282816,0,61948821504,23069720576,61394685952,61394690560,876727808,0,187564511232,121215258624
1791576596.6180923,0.9879062864929438,61717282816,0,61948821504,23069720576,61394685952,61394690560,876727808,0,187564212224,121215258624
1791576597.5883827,0.9701309073716402,61717282816,0,61948821504,23069720576,61394685952,61394690560,876727808,0,187563651072,121215258624
1791576598.5575557,0.9690277278423309,61717291008,0,61948821504,23069720576,61394685952,61394690560,876736000,0,187563724800,121215258624
1791576599.5229692,0.9652600679546595,61717291008,0,61948821504,23069720576,61394685952,61394690560,876736000,0,187564040192,121215258624
1791576600.4891284,0.9660048894584179,61717291008,0,61948821504,23069720576,61394685952,61394690560,876736000,0,187563941888,121215258624
1791576601.4549506,0.9656608924269676,61717291008,0,61948821504,23069720576,61394685952,61394690560,876736000,0,187563966464,121215258624
1791576602.4251046,0.9699990563094616,61717295104,0,61948821504,23069720576,61394685952,61394690560,876740096,0,187563868160,121215258624
1791576603.3930633,0.9677904881536961,61717307392,0,61948821504,23069720576,61394685952,61394690560,876752384,0,187563921408,121215258624
1791576604.3617177,0.9685312584042549,61717307392,0,61948821504,23069720576,61394685952,61394690560,876752384,0,187563999232,121215258624
1791576605.33144,0.9695635586977005,61717307392,0,61948821504,23069720576,61394685952,61394690560,876752384,0,187563823104,121215258624
1791576606.3012238,0.9696334358304739,61717307392,0,61948821504,23069720576,61394685952,61394690560,876752384,0,187563921408,121215258624
1791576607.268932,0.9675541687756777,61717307392,0,61948821504,23069720576,61394685952,61394690560,876752384,0,187563810816,121215258624
1791576608.2355595,0.966480316594243,61717311488,0,61948821504,23069720576,61394685952,61394690560,876756480,0,187563819008,121215258624
1791576609.2029557,0.9672387037426233,61717311488,0,61948821504,23069720576,61394685952,61394690560,876756480,0,187563872256,121215258624
1791576610.1727006,0.9695912450551987,61717311488,0,61948821504,23069720576,61394685952,61394690560,876756480,0,187563950080,121215258624
1791576611.1372232,0.9643765427172184,61717311488,0,61948821504,23069720576,61394685952,61394690560,876756480,0,187564281856,121215258624
1791576612.122672,0.98530463129282,61717311488,0,61948821504,23069720576,61394685952,61394690560,876756480,0,187564183552,121215258624
1791576613.093456,0.9706428423523903,61717315584,0,61948821504,23069720576,61394685952,61394690560,876760576,0,187564441600,121215258624
1791576614.0693069,0.9757125154137611,61717315584,0,61948821504,23069720576,61394685952,61394690560,876760576,0,187564380160,121215258624
1791576615.0335329,0.9640821032226086,61717315584,0,61948821504,23069720576,61394685952,61394690560,876760576,0,187564716032,121215258624
1791576616.003297,0.9696242064237595,61717315584,0,61948821504,23069720576,61394685952,61394690560,876760576,0,187564449792,121215258624
1791576616.970458,0.9670150484889746,61717315584,0,61948821504,23069720576,61394685952,61394690560,876760576,0,187564580864,121215258624
1791576617.971552,1.0009527951478958,61717315584,0,61948821504,23069720576,61394685952,61394690560,876760576,0,187564818432,121215258624
1791576618.9636424,0.9919435810297728,61717319680,0,61948821504,23069720576,61394685952,61394690560,876764672,0,187564642304,121215258624
1791576619.9738455,1.0100612919777632,61717319680,0,61948821504,23069720576,61394685952,61394690560,876764672,0,187564339200,121215258624
1791576620.9616368,0.9876465871930122,61717319680,0,61948821504,23069720576,61394685952,61394690560,876764672,0,187564871680,121215258624
1791576621.9296865,0.967894384637475,61717319680,0,61948821504,23069720576,61394685952,61394690560,876764672,0,187564822528,121215258624
1791576622.899862,0.970022102817893,61717319680,0,61948821504,23069720576,61394685952,61394690560,876764672,0,187564822528,121215258624
1791576623.8647785,0.9647642094641924,61717323776,0,61948821504,23069720576,61394685952,61394690560,876768768,0,187564847104,121215258624
1791576624.8502154,0.9852963332086802,61717323776,0,61948821504,23069720576,61394685952,61394690560,876768768,0,187564544000,121215258624
1791576625.8360004,0.9856296870857477,61717323776,0,61948821504,23069720576,61394685952,61394690560,876768768,0,187564605440,121215258624
1791576626.8040442,0.9678996838629246,61717323776,0,61948821504,23069720576,61394685952,61394690560,876768768,0,187564437504,121215258624
1791576627.770035,0.9658480156213045,61717323776,0,61948821504,23069720576,61394685952,61394690560,876768768,0,187564433408,121215258624
1791576628.7396376,0.9694490507245064,61717327872,0,61948821504,23069720576,61394685952,61394690560,876772864,0,187564408832,121215258624
1791576629.7070813,0.9672890603542328,61717327872,0,61948821504,23069720576,61394685952,61394690560,876772864,0,187564392448,121215258624
1791576630.6745164,0.9672739077359438,61717327872,0,61948821504,23069720576,61394685952,61394690560,876772864,0,187564613632,121215258624
1791576631.6736443,0.9989819992333651,61717327872,0,61948821504,23069720576,61394685952,61394690560,876772864,0,187564695552,121215258624
1791576632.6573513,0.9835603404790163,61717327872,0,61948821504,23069720576,61394685952,61394690560,876772864,0,187564982272,121215258624
1791576633.6291595,0.9716507997363806,61717327872,0,61948821504,23069720576,61394685952,61394690560,876772864,0,187565404160,121215213568
1791576634.596755,0.9674436785280704,61717331968,0,61948821504,23069720576,61394685952,61394690560,876776960,0,187564818432,121215213568
1791576635.5639484,0.9670413117855787,61717331968,0,61948821504,23069720576,61394685952,61394690560,876776960,0,187564474368,121215213568
1791576636.5348003,0.970695436000824,61717331968,0,61948821504,23069720576,61394685952,61394690560,876776960,0,187567665152,121215213568
1791576637.5028305,0.9678817857056856,61717331968,0,61948821504,23069720576,61394685952,61394690560,876776960,0,187575136256,121215213568
1791576638.4935205,0.9905441477894783,61717331968,0,61948821504,23069720576,61394685952,61394690560,876776960,0,187565105152,121215213568
1791576639.4728281,0.9791652206331491,61717336064,0,61948821504,23069720576,61394685952,61394690560,876781056,0,187565174784,121215213568
1791576640.4626687,0.9896951969712973,61717336064,0,61948821504,23069720576,61394685952,61394690560,876781056,0,187565015040,121215213568
1791576641.429466,0.9666464440524578,61717336064,0,61948821504,23069720576,61394685952,61394690560,876781056,0,187564589056,121215213568
1791576642.4276564,0.9980461038649082,61717336064,0,61948821504,23069720576,61394685952,61394690560,876781056,0,187564498944,121215213568
1791576643.408726,0.9809207767248154,61717336064,0,61948821504,23069720576,61394685952,61394690560,876781056,0,187564609536,121215213568
1791576644.4059217,0.9970506224781275,61717336064,0,61948821504,23069720576,61394685952,61394690560,876781056,0,187564621824,121215213568
1791576645.3966804,0.9906080383807421,61717340160,0,61948821504,23069720576,61394685952,61394690560,876785152,0,187565039616,121215213568
1791576646.3911467,0.9943026602268219,61717340160,0,61948821504,23069720576,61394685952,61394690560,876785152,0,187564646400,121215213568
1791576647.3814218,0.99012565985322,61717340160,0,61948821504,23069720576,61394685952,61394690560,876785152,0,187564376064,121215213568
1791576648.386704,1.005131222307682,61717340160,0,61948821504,23069720576,61394685952,61394690560,876785152,0,187564572672,121215213568
1791576649.366952,0.9801002983003855,61717340160,0,61948821504,23069720576,61394685952,61394690560,876785152,0,187564658688,121215213568
1791576650.3633246,0.9962274432182312,61717344256,0,61948821504,23069720576,61394685952,61394690560,876789248,0,187564687360,121215213568
1791576651.342403,0.9789319206029177,61717344256,0,61948821504,23069720576,61394685952,61394690560,876789248,0,187565035520,121215213568
1791576652.3417244,0.9991787392646074,61717344256,0,61948821504,23069720576,61394685952,61394690560,876789248,0,187564822528,121215213568
1791576653.3261006,0.9842323884367943,61717344256,0,61948821504,23069720576,61394685952,61394690560,876789248,0,187564281856,121215213568
1791576654.3307686,1.0045152511447668,61717344256,0,61948821504,23069720576,61394685952,61394690560,876789248,0,187564265472,121215213568
1791576655.3214853,0.9905639905482531,61717348352,0,61948821504,23069720576,61394685952,61394690560,876793344,0,187564027904,121215213568
1791576656.3127413,0.9910908546298742,61717348352,0,61948821504,23069720576,61394685952,61394690560,876793344,0,187564343296,121215213568
1791576657.2794714,0.9665802400559187,61717348352,0,61948821504,23069720576,61394685952,61394690560,876793344,0,187564486656,121215213568
1791576658.2780066,0.9983882214874029,61717348352,0,61948821504,23069720576,61394685952,61394690560,876793344,0,187564605440,121215213568
1791576659.283213,1.0050596185028553,61717348352,0,61948821504,23069720576,61394685952,61394690560,876793344,0,187564765184,121215213568
1791576660.2598104,0.9764482695609331,61717352448,0,61948821504,23069720576,61394685952,61394690560,876797440,0,187564838912,121215213568
1791576661.2321424,0.9721822552382946,61717352448,0,61948821504,23069720576,61394685952,61394690560,876797440,0,187564896256,121215213568
1791576662.2224236,0.9901298098266125,61717352448,0,61948821504,23069720576,61394685952,61394690560,876797440,0,187564838912,121215213568
1791576663.1952682,0.9726942591369152,61717352448,0,61948821504,23069720576,61394685952,61394690560,876797440,0,187564699648,121215213568
1791576664.1817355,0.9863231983035803,61717352448,0,61948821504,23069720576,61394685952,61394690560,876797440,0,187564662784,121215213568
1791576665.149288,0.9674029070883989,61717352448,0,61948821504,23069720576,61394685952,61394690560,876797440,0,187564744704,121215213568
1791576666.1260386,0.9766090530902147,61717356544,0,61948821504,23069720576,61394685952,61394690560,876801536,0,187564318720,121215213568
1791576667.1023626,0.9761756472289562,61717356544,0,61948821504,23069720576,61394685952,61394690560,876801536,0,187564584960,121215213568
1791576668.0663166,0.9637980256229639,61717356544,0,61948821504,23069720576,61394685952,61394690560,876801536,0,187564929024,121215213568
1791576669.0442646,0.9778011962771416,61717356544,0,61948821504,23069720576,61394685952,61394690560,876801536,0,187564666880,121215213568
1791576670.014377,0.969967320561409,61717360640,0,61948821504,23069720576,61394685952,61394690560,876805632,0,187564384256,121215213568
1791576671.0174305,1.0029090363532305,61717360640,0,61948821504,23069720576,61394685952,61394690560,876805632,0,187564273664,121215213568
1791576671.9909039,0.9733258988708258,61717360640,0,61948821504,23069720576,61394685952,61394690560,876805632,0,187564093440,121215213568
1791576672.9654262,0.9743730146437883,61717360640,0,61948821504,23069720576,61394685952,61394690560,876805632,0,187564290048,121215213568
1791576673.9368994,0.9713235124945641,61717360640,0,61948821504,23069720576,61394685952,61394690560,876805632,0,187564015616,121215213568
1791576674.903969,0.9669138677418232,61717360640,0,61948821504,23069720576,61394685952,61394690560,876805632,0,187564089344,121215213568
1791576675.872449,0.9683307055383921,61717364736,0,61948821504,23069720576,61394685952,61394690560,876809728,0,187564158976,121215213568
1791576676.8384593,0.9658654294908047,61717364736,0,61948821504,23069720576,61394685952,61394690560,876809728,0,187564232704,121215213568
1791576677.8550308,1.0164321977645159,61717364736,0,61948821504,23069720576,61394685952,61394690560,876809728,0,187564769280,121215213568
1791576678.8565671,1.0013859048485756,61717364736,0,61948821504,23069720576,61394685952,61394690560,876809728,0,187564503040,121215213568
1791576679.8727243,1.0160116273909807,61717364736,0,61948821504,23069720576,61394685952,61394690560,876809728,0,187564466176,121215213568
1791576680.8588564,0.9859874844551086,61717368832,0,61948821504,23069720576,61394685952,61394690560,876813824,0,187564728320,121215213568
1791576681.8208034,0.9617938436567783,61717368832,0,61948821504,23069720576,61394685952,61394690560,876813824,0,187564556288,121215213568
1791576682.802942,0.9819965623319149,61717368832,0,61948821504,23069720576,61394685952,61394690560,876813824,0,187565199360,121215213568
1791576683.786685,0.983579633757472,61717368832,0,61948821504,23069720576,61394685952,61394690560,876813824,0,187564699648,121215213568
1791576684.7543182,0.967478234320879,61717368832,0,61948821504,23069720576,61394685952,61394690560,876813824,0,187564670976,121215213568
1791576685.7217212,0.9672478400170803,61717372928,0,61948821504,23069720576,61394685952,61394690560,876817920,0,187564597248,121215213568
1791576686.6929815,0.9711095578968525,61717372928,0,61948821504,23069720576,61394685952,61394690560,876817920,0,187564433408,121215213568
1791576687.6644676,0.9713426120579243,61717372928,0,61948821504,23069720576,61394685952,61394690560,876817920,0,187563954176,121215213568
1791576688.6330354,0.9684202820062637,61717372928,0,61948821504,23069720576,61394685952,61394690560,876817920,0,187564019712,121215213568
1791576689.6023269,0.9691409952938557,61717372928,0,61948821504,23069720576,61394685952,61394690560,876817920,0,187564068864,121215213568
1791576690.5729423,0.9704571105539799,61717377024,0,61948821504,23069720576,61394685952,61394690560,876822016,0,187565457408,121214590976
1791576691.539995,0.9669053219258785,61717377024,0,61948821504,23069720576,61394685952,61394690560,876822016,0,187565518848,121214590976
1791576692.5207503,0.9806127529591322,61717377024,0,61948821504,23069720576,61394685952,61394690560,876822016,0,187565817856,121214590976
1791576693.4922075,0.9713141489773989,61717377024,0,61948821504,23069720576,61394685952,61394690560,876822016,0,187566170112,121214590976
1791576694.4761825,0.9838277101516724,61717377024,0,61948821504,23069720576,61394685952,61394690560,876822016,0,187566346240,121214590976
1791576695.4422238,0.9658979885280132,61717377024,0,61948821504,23069720576,61394685952,61394690560,876822016,0,187566301184,121214590976
1791576696.4093182,0.9669451769441366,61717381120,0,61948821504,23069720576,61394685952,61394690560,876826112,0,187566542848,121214590976
1791576697.3788147,0.9693513680249453,61717381120,0,61948821504,23069720576,61394685952,61394690560,876826112,0,187566571520,121214590976
1791576698.3489864,0.9700234085321426,61717381120,0,61948821504,23069720576,61394685952,61394690560,876826112,0,187566465024,121214590976
1791576699.3179986,0.9688715003430843,61717381120,0,61948821504,23069720576,61394685952,61394690560,876826112,0,187565989888,121214590976
1791576700.289757,0.971612460911274,61717381120,0,61948821504,23069720576,61394685952,61394690560,876826112,0,187565731840,121214590976
1791576701.2562604,0.966353040188551,61717385216,0,61948821504,23069720576,61394685952,61394690560,876830208,0,187566059520,121214590976
1791576702.2273357,0.9709225185215473,61717385216,0,61948821504,23069720576,61394685952,61394690560,876830208,0,187566125056,121214590976
1791576703.1965477,0.9690579380840063,61717385216,0,61948821504,23069720576,61394685952,61394690560,876830208,0,187565924352,121214590976
1791576704.1647503,0.9680499695241451,61717385216,0,61948821504,23069720576,61394685952,61394690560,876830208,0,187566010368,121214590976
1791576705.1349459,0.9700443018227816,61717385216,0,61948821504,23069720576,61394685952,61394690560,876830208,0,187566047232,121214590976
1791576706.103073,0.9679755438119173,61717389312,0,61948821504,23069720576,61394685952,61394690560,876834304,0,187566108672,121214590976
1791576707.0735314,0.97034527733922,61717389312,0,61948821504,23069720576,61394685952,61394690560,876834304,0,187565928448,121214590976
1791576708.0424292,0.9687486328184605,61717389312,0,61948821504,23069720576,61394685952,61394690560,876834304,0,187565522944,121214590976
1791576709.0106175,0.9680416733026505,61717389312,0,61948821504,23069720576,61394685952,61394690560,876834304,0,187565793280,121214590976
1791576709.9791975,0.9684260860085487,61717389312,0,61948821504,23069720576,61394685952,61394690560,876834304,0,187565744128,121214590976
1791576710.947972,0.9686305597424507,61717389312,0,61948821504,23069720576,61394685952,61394690560,876834304,0,187566006272,121214590976
1791576711.9236705,0.975553959608078,61717393408,0,61948821504,23069720576,61394685952,61394690560,876838400,0,187566071808,121214590976
1791576712.8950078,0.9711802285164595,61717393408,0,61948821504,23069720576,61394685952,61394690560,876838400,0,187565989888,121214590976
1791576713.8771262,0.9819709900766611,61717393408,0,61948821504,23069720576,61394685952,61394690560,876838400,0,187565944832,121214590976
1791576714.8569047,0.9795697834342718,61717393408,0,61948821504,23069720576,61394685952,61394690560,876838400,0,187566034944,121214590976
1791576715.834102,0.9770515486598015,61717393408,0,61948821504,23069720576,61394685952,61394690560,876838400,0,187566120960,121214590976
1791576716.8009334,0.9666769709438086,61717397504,0,61948821504,23069720576,61394685952,61394690560,876842496,0,187565883392,121214590976
1791576717.7684534,0.9673639144748449,61717397504,0,61948821504,23069720576,61394685952,61394690560,876842496,0,187565522944,121214590976
1791576718.7451422,0.9765453357249498,61717397504,0,61948821504,23069720576,61394685952,61394690560,876842496,0,187565682688,121214590976
1791576719.7243602,0.9790591355413198,61717397504,0,61948821504,23069720576,61394685952,61394690560,876842496,0,187565502464,121214590976
1791576720.6884122,0.9638928920030594,61717397504,0,61948821504,23069720576,61394685952,61394690560,876842496,0,187565580288,121214590976
1791576721.658115,0.9695496540516615,61717397504,0,61948821504,23069720576,61394685952,61394690560,876842496,0,187565473792,121214590976
1791576722.6255457,0.9672768674790859,61717405696,0,61948821504,23069720576,61394685952,61394690560,876850688,0,187565318144,121214590976
1791576723.5940857,0.968388557434082,61717405696,0,61948821504,23069720576,61394685952,61394690560,876850688,0,187565412352,121214590976
1791576724.5617592,0.9675185643136501,61717405696,0,61948821504,23069720576,61394685952,61394690560,876850688,0,187565223936,121214590976
1791576725.5287297,0.9668191932141781,61717405696,0,61948821504,23069720576,61394685952,61394690560,876850688,0,187565297664,121214590976
1791576726.507414,0.9785375855863094,61717409792,0,61948821504,23069720576,61394685952,61394690560,876854784,0,187565281280,121214590976
1791576727.4765573,0.969000656157732,61717422080,0,61948821504,23069720576,61394685952,61394690560,876867072,0,187565604864,121214590976
1791576728.4384558,0.961742265149951,61717422080,0,61948821504,23069720576,61394685952,61394690560,876867072,0,187565457408,121214590976
1791576729.4042513,0.9656434413045645,61717422080,0,61948821504,23069720576,61394685952,61394690560,876867072,0,187565395968,121214590976
1791576730.382929,0.9785379879176617,61717422080,0,61948821504,23069720576,61394685952,61394690560,876867072,0,187565645824,121214590976
1791576731.3470597,0.9639838747680187,61717422080,0,61948821504,23069720576,61394685952,61394690560,876867072,0,187565891584,121214590976
1791576732.293483,0.9462967868894339,61717426176,0,61948821504,23069720576,61394685952,61394690560,876871168,0,187565719552,121214590976
1791576733.2561076,0.9624799471348524,61717426176,0,61948821504,23069720576,61394685952,61394690560,876871168,0,187566727168,121214590976
1791576734.2265341,0.970276802778244,61717426176,0,61948821504,23069720576,61394685952,61394690560,876871168,0,187565789184,121214590976
1791576735.1967802,0.9701029863208532,61717426176,0,61948821504,23069720576,61394685952,61394690560,876871168,0,187565608960,121214590976
1791576736.1678069,0.9708825945854187,61717426176,0,61948821504,23069720576,61394685952,61394690560,876871168,0,187565637632,121214590976
1791576737.139062,0.9711025357246399,61717430272,0,61948821504,23069720576,61394685952,61394690560,876875264,0,187565793280,121214590976
1791576738.2244387,1.0852490086108446,61717430272,0,61948821504,23069720576,61394685952,61394690560,876875264,0,187565150208,121214590976
1791576739.2294843,1.0048997439444065,61717430272,0,61948821504,23069720576,61394685952,61394690560,876875264,0,187565133824,121214590976
1791576740.2181683,0.9885359033942223,61717430272,0,61948821504,23069720576,61394685952,61394690560,876875264,0,187564867584,121214590976
1791576741.1864011,0.9680702742189169,61717430272,0,61948821504,23069720576,61394685952,61394690560,876875264,0,187565219840,121214590976
1791576742.1680527,0.9815092626959085,61717430272,0,61948821504,23069720576,61394685952,61394690560,876875264,0,187565572096,121214590976
1791576743.1365843,0.9683972205966711,61717434368,0,61948821504,23069720576,61394685952,61394690560,876879360,0,187565137920,121214590976
1791576744.1132445,0.9765059538185596,61717434368,0,61948821504,23069720576,61394685952,61394690560,876879360,0,187565060096,121214590976
1791576745.0742328,0.9608333967626095,61717434368,0,61948821504,23069720576,61394685952,61394690560,876879360,0,187565592576,121214590976
1791576746.031925,0.9575421996414661,61717434368,0,61948821504,23069720576,61394685952,61394690560,876879360,0,187565195264,121214590976
1791576746.999161,0.9670900739729404,61717438464,0,61948821504,23069720576,61394685952,61394690560,876883456,0,187565211648,121214590976
1791576747.9688232,0.9695054329931736,61717438464,0,61948821504,23069720576,61394685952,61394690560,876883456,0,187565281280,121214590976
1791576748.936224,0.9672553073614836,61717438464,0,61948821504,23069720576,61394685952,61394690560,876883456,0,187565350912,121214590976
1791576749.9031966,0.9668191913515329,61717438464,0,61948821504,23069720576,61394685952,61394690560,876883456,0,187565436928,121214590976
1791576750.885206,0.9818681515753269,61717438464,0,61948821504,23069720576,61394685952,61394690560,876883456,0,187565080576,121214590976
1791576751.8532314,0.9678762760013342,61717438464,0,61948821504,23069720576,61394685952,61394690560,876883456,0,187565072384,121214590976
1791576752.8358908,0.9825187101960182,61717442560,0,61948821504,23069720576,61394685952,61394690560,876887552,0,187565133824,121214590976
1791576753.806636,0.9705956764519215,61717442560,0,61948821504,23069720576,61394685952,61394690560,876887552,0,187565142016,121214590976
1791576754.7688453,0.9620566125959158,61717442560,0,61948821504,23069720576,61394685952,61394690560,876887552,0,187565154304,121214590976
1791576755.7327163,0.9637235775589943,61717442560,0,61948821504,23069720576,61394685952,61394690560,876887552,0,187565359104,121214590976
1791576756.7108169,0.9779578279703856,61717442560,0,61948821504,23069720576,61394685952,61394690560,876887552,0,187566227456,121214590976
1791576757.6743808,0.9634164404124022,61717446656,0,61948821504,23069720576,61394685952,61394690560,876891648,0,187565826048,121214590976
1791576758.6190534,0.9445281196385622,61717446656,0,61948821504,23069720576,61394685952,61394690560,876891648,0,187565412352,121214590976
1791576759.5745285,0.9553397297859192,61717446656,0,61948821504,23069720576,61394685952,61394690560,876891648,0,187565154304,121214590976
1791576760.5532198,0.978472450748086,61717446656,0,61948821504,23069720576,61394685952,61394690560,876891648,0,187565510656,121214590976
1791576761.5255704,0.9722050707787275,61717446656,0,61948821504,23069720576,61394685952,61394690560,876891648,0,187565318144,121214590976
1791576762.483907,0.958190081641078,61717446656,0,61948821504,23069720576,61394685952,61394690560,876891648,0,187565404160,121214590976
1791576763.4508,0.9667451083660126,61717450752,0,61948821504,23069720576,61394685952,61394690560,876895744,0,187565350912,121214590976
1791576764.4163058,0.9653519354760647,61717450752,0,61948821504,23069720576,61394685952,61394690560,876895744,0,187565441024,121214590976
1791576765.3855033,0.969040947034955,61717450752,0,61948821504,23069720576,61394685952,61394690560,876895744,0,187566051328,121214590976
1791576766.3783588,0.9927102718502283,61717450752,0,61948821504,23069720576,61394685952,61394690560,876895744,0,187565907968,121214590976
1791576767.349547,0.9710428509861231,61717450752,0,61948821504,23069720576,61394685952,61394690560,876895744,0,187565916160,121214590976
1791576768.308708,0.9590157996863127,61717454848,0,61948821504,23069720576,61394685952,61394690560,876899840,0,187565715456,121214590976
1791576769.2708738,0.9620212968438864,61717454848,0,61948821504,23069720576,61394685952,61394690560,876899840,0,187566071808,121214590976
1791576770.2376208,0.9665952399373055,61717454848,0,61948821504,23069720576,61394685952,61394690560,876899840,0,187565907968,121214590976
1791576771.2049448,0.9671808015555143,61717454848,0,61948821504,23069720576,61394685952,61394690560,876899840,0,187565735936,121214590976
1791576772.1759863,0.9708933252841234,61717454848,0,61948821504,23069720576,61394685952,61394690560,876899840,0,187565371392,121214590976
1791576773.1531146,0.9769829586148262,61717458944,0,61948821504,23069720576,61394685952,61394690560,876903936,0,187565592576,121214590976
1791576774.122926,0.9696640521287918,61717458944,0,61948821504,23069720576,61394685952,61394690560,876903936,0,187565305856,121214590976
1791576775.0930316,0.9699627012014389,61717458944,0,61948821504,23069720576,61394685952,61394690560,876903936,0,187565137920,121214590976
1791576776.0604296,0.9672456737607718,61717458944,0,61948821504,23069720576,61394685952,61394690560,876903936,0,187565232128,121214590976
1791576777.0489547,0.9883543122559786,61717458944,0,61948821504,23069720576,61394685952,61394690560,876903936,0,187565821952,121214590976
1791576778.0228174,0.9737123567610979,61717458944,0,61948821504,23069720576,61394685952,61394690560,876903936,0,187565973504,121214590976
1791576778.9804478,0.9574761241674423,61717458944,0,61948821504,23069720576,61394685952,61394690560,876903936,0,187565424640,121214590976
1791576779.9376018,0.9570068791508675,61717155840,0,61948821504,23069720576,61394685952,61394690560,876600832,0,187565514752,121214590976
1791576780.9279742,0.9902336541563272,61717155840,0,61948821504,23069720576,61394685952,61394690560,876600832,0,187565568000,121214590976
1791576781.8989742,0.9708540849387646,61717155840,0,61948821504,23069720576,61394685952,61394690560,876600832,0,187565518848,121214590976
1791576782.8471859,0.9480674229562283,61717155840,0,61948821504,23069720576,61394685952,61394690560,876600832,0,187565707264,121214590976
1791576783.790094,0.9427616894245148,61717155840,0,61948821504,23069720576,61394685952,61394690560,876600832,0,187565694976,121214590976
1791576784.729315,0.9390665777027607,61717155840,0,61948821504,23069720576,61394685952,61394690560,876600832,0,187565879296,121214590976
1791576785.6760614,0.9466049801558256,61717155840,0,61948821504,23069720576,61394685952,61394690560,876600832,0,187565879296,121214590976
1791576786.6873467,1.0111578367650509,61717155840,0,61948821504,23069720576,61394685952,61394690560,876600832,0,187565268992,121214590976
1791576787.6514134,0.963922493159771,61717155840,0,61948821504,23069720576,61394685952,61394690560,876600832,0,187565367296,121214590976
1791576788.645719,0.9941629692912102,61717155840,0,61948821504,23069720576,61394685952,61394690560,876600832,0,187565207552,121214590976
1791576789.6093886,0.9635230228304863,61717155840,0,61948821504,23069720576,61394685952,61394690560,876600832,0,187565285376,121214590976
1791576790.5868568,0.9773238450288773,61717155840,0,61948821504,23069720576,61394685952,61394690560,876600832,0,187565326336,121214590976
1791576791.5549781,0.9679767023772001,61717155840,0,61948821504,23069720576,61394685952,61394690560,876600832,0,187565056000,121214590976
1791576792.5103788,0.9552566073834896,61717155840,0,61948821504,23069720576,61394685952,61394690560,876600832,0,187565101056,121214590976
1791576793.4735105,0.9629811197519302,61717155840,0,61948821504,23069720576,61394685952,61394690560,876600832,0,187564748800,121214590976
1791576794.4367673,0.963114894926548,61717155840,0,61948821504,23069720576,61394685952,61394690560,876600832,0,187564843008,121214590976
1791576795.4050684,0.9681485816836357,61717155840,0,61948821504,23069720576,61394685952,61394690560,876600832,0,187564937216,121214590976
1791576796.3675036,0.9623174201697111,61717155840,0,61948821504,23069720576,61394685952,61394690560,876600832,0,187564761088,121214590976
1791576797.3373797,0.9697292409837246,61717155840,0,61948821504,23069720576,61394685952,61394690560,876600832,0,187564634112,121214590976
1791576798.3318882,0.9943653866648674,61717155840,0,61948821504,23069720576,61394685952,61394690560,876600832,0,187564486656,121214590976
1791576799.3116593,0.9796215072274208,61717155840,0,61948821504,23069720576,61394685952,61394690560,876600832,0,187564855296,121214590976
1791576800.3178337,1.00603193230927,61717155840,0,61948821504,23069720576,61394685952,61394690560,876600832,0,187564777472,121214590976
1791576801.3035917,0.9856139533221722,61717155840,0,61948821504,23069720576,61394685952,61394690560,876600832,0,187564818432,121214590976
1791576802.269543,0.9658060967922211,61717155840,0,61948821504,23069720576,61394685952,61394690560,876600832,0,187564605440,121214590976
1791576803.2361517,0.9664633646607399,61717155840,0,61948821504,23069720576,61394685952,61394690560,876600832,0,187564703744,121214590976
1791576804.2075584,0.9712490122765303,61717155840,0,61948821504,23069720576,61394685952,61394690560,876600832,0,187564806144,121214590976
1791576805.1757576,0.9680548366159201,61717155840,0,61948821504,23069720576,61394685952,61394690560,876600832,0,187565056000,121214590976
1791576806.1456773,0.9697754625231028,61717155840,0,61948821504,23069720576,61394685952,61394690560,876600832,0,187565158400,121214590976
1791576807.1276803,0.9818611387163401,61717155840,0,61948821504,23069720576,61394685952,61394690560,876600832,0,187565019136,121214590976
1791576808.106959,0.9791326522827148,61717155840,0,61948821504,23069720576,61394685952,61394690560,876600832,0,187564859392,121214590976
1791576809.073854,0.9667463004589081,61717155840,0,61948821504,23069720576,61394685952,61394690560,876600832,0,187564953600,121214590976
1791576810.040688,0.9666790943592787,61717155840,0,61948821504,23069720576,61394685952,61394690560,876600832,0,187565047808,121214590976
1791576811.0081468,0.9673122894018888,61717155840,0,61948821504,23069720576,61394685952,61394690560,876600832,0,187564871680,121214590976
1791576811.9754992,0.9671990349888802,61717155840,0,61948821504,23069720576,61394685952,61394690560,876600832,0,187564855296,121214590976
1791576812.9414136,0.9657678324729204,61717155840,0,61948821504,23069720576,61394685952,61394690560,876600832,0,187564662784,121214590976
1791576813.9081907,0.9666266478598118,61717155840,0,61948821504,23069720576,61394685952,61394690560,876600832,0,187564707840,121214590976
1791576814.876512,0.9681756440550089,61717155840,0,61948821504,23069720576,61394685952,61394690560,876600832,0,187564802048,121214590976
1791576815.8429806,0.9663167018443346,61717155840,0,61948821504,23069720576,61394685952,61394690560,876600832,0,187564625920,121214590976
1791576816.8112428,0.9681170750409365,61717155840,0,61948821504,23069720576,61394685952,61394690560,876600832,0,187564978176,121214590976
1791576817.775908,0.9645039401948452,61717155840,0,61948821504,23069720576,61394685952,61394690560,876600832,0,187565309952,121214590976
1791576818.7498477,0.9737980291247368,61717155840,0,61948821504,23069720576,61394685952,61394690560,876600832,0,187565666304,121214590976
1791576819.7235994,0.9736032988876104,61717155840,0,61948821504,23069720576,61394685952,61394690560,876600832,0,187565170688,121214590976
1791576820.686341,0.9625979959964752,61717155840,0,61948821504,23069720576,61394685952,61394690560,876600832,0,187565260800,121214590976
1791576821.647597,0.961108872666955,61717155840,0,61948821504,23069720576,61394685952,61394690560,876600832,0,187564646400,121214590976
1791576822.6282184,0.9804806001484394,61717155840,0,61948821504,23069720576,61394685952,61394690560,876600832,0,187564998656,121214590976
1791576823.6017191,0.9733527209609747,61717155840,0,61948821504,23069720576,61394685952,61394690560,876600832,0,187565084672,121214590976
1791576824.5556517,0.9537804611027241,61717155840,0,61948821504,23069720576,61394685952,61394690560,876600832,0,187564834816,121214590976
1791576825.51417,0.9583710804581642,61717155840,0,61948821504,23069720576,61394685952,61394690560,876600832,0,187565191168,121214590976
1791576826.4807284,0.9664081316441298,61717155840,0,61948821504,23069720576,61394685952,61394690560,876600832,0,187564883968,121214590976
1791576827.4470983,0.9662208463996649,61717155840,0,61948821504,23069720576,61394685952,61394690560,876600832,0,187564957696,121214590976
1791576828.4134204,0.9661702737212181,61717155840,0,61948821504,23069720576,61394685952,61394690560,876600832,0,187565047808,121214590976
1791576829.379185,0.965613903477788,61717155840,0,61948821504,23069720576,61394685952,61394690560,876600832,0,187565137920,121214590976
1791576830.348577,0.9692509174346924,61717155840,0,61948821504,23069720576,61394685952,61394690560,876600832,0,187565211648,121214590976
1791576831.3197234,0.9709936771541834,61717155840,0,61948821504,23069720576,61394685952,61394690560,876600832,0,187564855296,121214590976
1791576832.2768905,0.957015048712492,61717155840,0,61948821504,23069720576,61394685952,61394690560,876600832,0,187565187072,121214590976
1791576833.2488635,0.9718278683722019,61717155840,0,61948821504,23069720576,61394685952,61394690560,876600832,0,187564670976,121214590976
1791576834.2168186,0.9678069166839123,61717155840,0,61948821504,23069720576,61394685952,61394690560,876600832,0,187564744704,121214590976
1791576835.1865568,0.969596404582262,61717155840,0,61948821504,23069720576,61394685952,61394690560,876600832,0,187564830720,121214590976
1791576836.1588354,0.9721293058246374,61717155840,0,61948821504,23069720576,61394685952,61394690560,876600832,0,187565088768,121214590976
1791576837.1271467,0.9681690130382776,61717155840,0,61948821504,23069720576,61394685952,61394690560,876600832,0,187565342720,121214590976
1791576838.108695,0.9813885372132063,61717155840,0,61948821504,23069720576,61394685952,61394690560,876600832,0,187564797952,121214590976
1791576839.0739157,0.9650750085711479,61717155840,0,61948821504,23069720576,61394685952,61394690560,876600832,0,187564879872,121214590976
1791576840.0406258,0.966564329341054,61717155840,0,61948821504,23069720576,61394685952,61394690560,876600832,0,187564929024,121214590976
1791576841.0073452,0.9665650688111782,61717155840,0,61948821504,23069720576,61394685952,61394690560,876600832,0,187565023232,121214590976
1791576841.9744203,0.966932887211442,61717155840,0,61948821504,23069720576,61394685952,61394690560,876600832,0,187565027328,121214590976
1791576842.9556923,0.9811304192990065,61717155840,0,61948821504,23069720576,61394685952,61394690560,876600832,0,187564838912,121214590976
1791576843.9272678,0.9714276865124702,61717155840,0,61948821504,23069720576,61394685952,61394690560,876600832,0,187564904448,121214590976
1791576844.8870344,0.9596161153167486,61717155840,0,61948821504,23069720576,61394685952,61394690560,876600832,0,187564986368,121214590976
1791576845.8539684,0.9667799696326256,61717155840,0,61948821504,23069720576,61394685952,61394690560,876600832,0,187564847104,121214590976
1791576846.8217404,0.9676140565425158,61717155840,0,61948821504,23069720576,61394685952,61394690560,876600832,0,187564765184,121214590976
1791576847.7850935,0.9631958846002817,61717155840,0,61948821504,23069720576,61394685952,61394690560,876600832,0,187564855296,121214590976
1791576848.7623672,0.9771797489374876,61717155840,0,61948821504,23069720576,61394685952,61394690560,876600832,0,187565162496,121214590976
1791576849.7310996,0.968586528673768,61717155840,0,61948821504,23069720576,61394685952,61394690560,876600832,0,187565260800,121214590976
1791576850.7022202,0.9709728397428989,61717155840,0,61948821504,23069720576,61394685952,61394690560,876600832,0,187565297664,121214590976
1791576851.6803052,0.9779422748833895,61717155840,0,61948821504,23069720576,61394685952,61394690560,876600832,0,187565273088,121214590976
1791576852.648765,0.9683202765882015,61717155840,0,61948821504,23069720576,61394685952,61394690560,876600832,0,187565469696,121214590976
1791576853.6180198,0.9691091999411583,61717155840,0,61948821504,23069720576,61394685952,61394690560,876600832,0,187565195264,121214590976
1791576854.5871305,0.968964884057641,61717155840,0,61948821504,23069720576,61394685952,61394690560,876600832,0,187565248512,121214590976
1791576855.5553222,0.9680398404598236,61717155840,0,61948821504,23069720576,61394685952,61394690560,876600832,0,187565244416,121214590976
1791576856.5116227,0.9561349451541901,61717155840,0,61948821504,23069720576,61394685952,61394690560,876600832,0,187564974080,121214590976
1791576857.491436,0.9796696100383997,61717155840,0,61948821504,23069720576,61394685952,61394690560,876600832,0,187564707840,121214590976
1791576858.483804,0.9922229908406734,61717155840,0,61948821504,23069720576,61394685952,61394690560,876600832,0,187564703744,121214590976
1791576859.4693172,0.9853697288781404,61717155840,0,61948821504,23069720576,61394685952,61394690560,876600832,0,187564969984,121214590976
1791576860.4527786,0.9833083152770996,61717155840,0,61948821504,23069720576,61394685952,61394690560,876600832,0,187564822528,121214590976
1791576861.421174,0.9682411886751652,61717155840,0,61948821504,23069720576,61394685952,61394690560,876600832,0,187564515328,121214590976
1791576862.3925161,0.9711918979883194,61717155840,0,61948821504,23069720576,61394685952,61394690560,876600832,0,187564515328,121214590976
1791576863.3611379,0.9684776701033115,61717155840,0,61948821504,23069720576,61394685952,61394690560,876600832,0,187564568576,121214590976
1791576864.3321157,0.970822699368,61717155840,0,61948821504,23069720576,61394685952,61394690560,876600832,0,187564445696,121214590976
1791576865.3005626,0.9682989567518234,61717155840,0,61948821504,23069720576,61394685952,61394690560,876600832,0,187564793856,121214590976
1791576866.2678058,0.9670957829803228,61717155840,0,61948821504,23069720576,61394685952,61394690560,876600832,0,187565060096,121214590976
1791576867.237008,0.9690581597387791,61717155840,0,61948821504,23069720576,61394685952,61394690560,876600832,0,187565412352,121214590976
1791576868.2081902,0.9710348546504974,61717155840,0,61948821504,23069720576,61394685952,61394690560,876600832,0,187565420544,121214590976
1791576869.174743,0.9664010088890791,61717155840,0,61948821504,23069720576,61394685952,61394690560,876600832,0,187564937216,121214590976
1791576870.142816,0.967925613746047,61717155840,0,61948821504,23069720576,61394685952,61394690560,876600832,0,187564769280,121214590976
1791576871.1126428,0.9696790594607592,61717155840,0,61948821504,23069720576,61394685952,61394690560,876600832,0,187564855296,121214590976
1791576872.078693,0.9658966232091188,61717155840,0,61948821504,23069720576,61394685952,61394690560,876600832,0,187565092864,121214590976
1791576873.0492291,0.9703906867653131,61717155840,0,61948821504,23069720576,61394685952,61394690560,876600832,0,187565162496,121214590976
1791576874.021871,0.9724901746958494,61717155840,0,61948821504,23069720576,61394685952,61394690560,876600832,0,187564912640,121214590976
1791576874.9910188,0.9689481519162655,61717155840,0,61948821504,23069720576,61394685952,61394690560,876600832,0,187565125632,121214590976
1791576875.9596417,0.9684740602970123,61717155840,0,61948821504,23069720576,61394685952,61394690560,876600832,0,187565129728,121214590976
1791576876.930076,0.970295500010252,61717155840,0,61948821504,23069720576,61394685952,61394690560,876600832,0,187565314048,121214590976
1791576877.9013214,0.9711323548108339,61717155840,0,61948821504,23069720576,61394685952,61394690560,876600832,0,187565125632,121214590976
1791576878.8657305,0.9642567727714777,61717155840,0,61948821504,23069720576,61394685952,61394690560,876600832,0,187564621824,121214590976
1791576879.830946,0.9650661442428827,61717155840,0,61948821504,23069720576,61394685952,61394690560,876600832,0,187564707840,121214590976
1791576880.7946482,0.96355065330863,61717155840,0,61948821504,23069720576,61394685952,61394690560,876600832,0,187565060096,121214590976
1791576881.7595785,0.9647775739431381,61717155840,0,61948821504,23069720576,61394685952,61394690560,876600832,0,187565010944,121214590976
1791576882.7264173,0.9666877593845129,61717155840,0,61948821504,23069720576,61394685952,61394690560,876600832,0,187565096960,121214590976
1791576883.6909685,0.9643956478685141,61717155840,0,61948821504,23069720576,61394685952,61394690560,876600832,0,187564867584,121214590976
1791576884.681352,0.9902340043336153,61717155840,0,61948821504,23069720576,61394685952,61394690560,876600832,0,187564728320,121214590976
1791576885.6630437,0.9815457630902529,61717155840,0,61948821504,23069720576,61394685952,61394690560,876600832,0,187564646400,121214590976
1791576886.627409,0.9642204344272614,61717155840,0,61948821504,23069720576,61394685952,61394690560,876600832,0,187564609536,121214590976
1791576887.5900068,0.9624524880200624,61717155840,0,61948821504,23069720576,61394685952,61394690560,876600832,0,187564896256,121214590976
1791576888.5664861,0.9763365313410759,61717155840,0,61948821504,23069720576,61394685952,61394690560,876600832,0,187565023232,121214590976
1791576889.5330982,0.9664602559059858,61717155840,0,61948821504,23069720576,61394685952,61394690560,876600832,0,187565363200,121214590976
1791576890.4915326,0.9582747090607882,61717155840,0,61948821504,23069720576,61394685952,61394690560,876600832,0,187564933120,121214590976
1791576891.454943,0.9632579647004604,61717155840,0,61948821504,23069720576,61394685952,61394690560,876600832,0,187565293568,121214590976
1791576892.4144852,0.9593870081007481,61717155840,0,61948821504,23069720576,61394685952,61394690560,876600832,0,187565387776,121214590976
1791576893.4059753,0.9913472272455692,61717155840,0,61948821504,23069720576,61394685952,61394690560,876600832,0,187565477888,121214590976
1791576894.3738797,0.9677591547369957,61717155840,0,61948821504,23069720576,61394685952,61394690560,876600832,0,187565551616,121214590976
1791576895.3612006,0.98717425391078,61717155840,0,61948821504,23069720576,61394685952,61394690560,876600832,0,187565297664,121214590976
1791576896.3454812,0.9841331113129854,61717155840,0,61948821504,23069720576,61394685952,61394690560,876600832,0,187565371392,121214590976
1791576897.3122776,0.9666433241218328,61717155840,0,61948821504,23069720576,61394685952,61394690560,876600832,0,187565039616,121214590976
1791576898.2782588,0.9658315349370241,61717155840,0,61948821504,23069720576,61394685952,61394690560,876600832,0,187564630016,121214590976
1791576899.242566,0.9641653262078762,61717155840,0,61948821504,23069720576,61394685952,61394690560,876600832,0,187564724224,121214590976
1791576900.203857,0.9611469563096762,61717155840,0,61948821504,23069720576,61394685952,61394690560,876600832,0,187564658688,121214590976
1791576901.1796699,0.9756699353456497,61717155840,0,61948821504,23069720576,61394685952,61394690560,876600832,0,187564990464,121214590976
1791576902.173378,0.9935510754585266,61717155840,0,61948821504,23069720576,61394685952,61394690560,876600832,0,187564822528,121214590976
1791576903.156593,0.9830615967512131,61717155840,0,61948821504,23069720576,61394685952,61394690560,876600832,0,187564691456,121214590976
1791576904.120011,0.9632629435509443,61717155840,0,61948821504,23069720576,61394685952,61394690560,876600832,0,187564421120,121214590976
1791576905.3796124,1.259451175108552,61717155840,0,61948821504,23069720576,61394685952,61394690560,876600832,0,187564269568,121214590976
1791576906.3548973,0.9751374088227749,61717155840,0,61980278784,23038263296,61394685952,61394690560,908058112,0,187564806144,121214590976
1791576907.3868623,1.0318138971924782,61717155840,0,62502469632,22516072448,61394685952,61394690560,1430248960,0,187565043712,121214590976
1791576908.7432508,1.356230117380619,61717155840,0,61948821504,23069720576,61394685952,61394690560,876600832,0,187564396544,121214590976
1791576909.7277486,0.9843418691307306,61717155840,0,61948821504,23069720576,61394685952,61394690560,876600832,0,187564728320,121214590976
1791576910.7061896,0.9782952256500721,61717155840,0,61948821504,23069720576,61394685952,61394690560,876600832,0,187565060096,121214590976
1791576911.6636226,0.9572763796895742,61717155840,0,61948821504,23069720576,61394685952,61394690560,876600832,0,187564613632,121214590976
1791576912.6387727,0.9749965965747833,61717155840,0,61948821504,23069720576,61394685952,61394690560,876600832,0,187564539904,121214590976
1791576913.6039014,0.964973907917738,61717155840,0,61948821504,23069720576,61394685952,61394690560,876600832,0,187564445696,121214590976
1791576914.5816908,0.9776262193918228,61717155840,0,61948821504,23069720576,61394685952,61394690560,876600832,0,187564785664,121214590976
1791576915.5397544,0.9579104129225016,61717155840,0,61948821504,23069720576,61394685952,61394690560,876600832,0,187564777472,121214590976
1791576916.4879065,0.9479997642338276,61717155840,0,61948821504,23069720576,61394685952,61394690560,876600832,0,187565793280,121214590976
1791576917.4848876,0.9968249946832657,61717155840,0,61948821504,23069720576,61394685952,61394690560,876600832,0,187565043712,121214590976
1791576918.4828887,0.9978509843349457,61717155840,0,61948821504,23069720576,61394685952,61394690560,876600832,0,187564892160,121214590976
1791576919.511849,1.0288027748465538,61717155840,0,61948821504,23069720576,61394685952,61394690560,876600832,0,187564736512,121214590976
1791576920.532136,1.0201287288218737,61717155840,0,61948821504,23069720576,61394685952,61394690560,876600832,0,187565002752,121214590976
1791576921.5650532,1.0327590703964233,61717155840,0,61948821504,23069720576,61394685952,61394690560,876600832,0,187564789760,121214590976
1791576922.5635543,0.998366879299283,61717155840,0,61948821504,23069720576,61394685952,61394690560,876600832,0,187565338624,121214590976
1791576923.6289043,1.0651952717453241,61717155840,0,61948821504,23069720576,61394685952,61394690560,876600832,0,187564810240,121214590976
1791576924.6499634,1.0209061969071627,61717155840,0,61948821504,23069720576,61394685952,61394690560,876600832,0,187564625920,121214590976
1791576925.6954577,1.0453439876437187,61717155840,0,61948821504,23069720576,61394685952,61394690560,876600832,0,187564351488,121214590976
1791576926.700489,1.0048758741468191,61717155840,0,61948821504,23069720576,61394685952,61394690560,876600832,0,187564695552,121214590976
1791576927.703063,1.0024211592972279,61717155840,0,61948821504,23069720576,61394685952,61394690560,876600832,0,187564613632,121214590976
1791576928.7314496,1.0282628778368235,61717155840,0,61948821504,23069720576,61394685952,61394690560,876600832,0,187565498368,121214590976
1791576929.7466054,1.014998760074377,61717155840,0,61948821504,23069720576,61394685952,61394690560,876600832,0,187565322240,121214590976
1791576930.7661476,1.0193895548582077,61717155840,0,61948821504,23069720576,61394685952,61394690560,876600832,0,187565387776,121214590976
1791576931.7580197,0.9917133282870054,61717155840,0,61948821504,23069720576,61394685952,61394690560,876600832,0,187565481984,121214590976
1791576932.7884953,1.0303117856383324,61717155840,0,61948821504,23069720576,61394685952,61394690560,876600832,0,187565170688,121214590976
1791576933.781007,0.9923605881631374,61717155840,0,61948821504,23069720576,61394685952,61394690560,876600832,0,187565236224,121214590976
1791576934.7617505,0.9805894568562508,61717155840,0,61948821504,23069720576,61394685952,61394690560,876600832,0,187565006848,121214590976
1791576935.7455235,0.9836179446429014,61717155840,0,61948821504,23069720576,61394685952,61394690560,876600832,0,187565101056,121214590976
1791576936.7308283,0.9851481448858976,61717155840,0,61948821504,23069720576,61394685952,61394690560,876600832,0,187565092864,121214590976
1791576937.716007,0.9850265476852655,61717155840,0,61948821504,23069720576,61394685952,61394690560,876600832,0,187565051904,121214590976
1791576938.7041135,0.9879514276981354,61717155840,0,61948821504,23069720576,61394685952,61394690560,876600832,0,187564638208,121214590976
1791576939.6949031,0.9906354546546936,61717155840,0,61948821504,23069720576,61394685952,61394690560,876600832,0,187564449792,121214590976
1791576940.717158,1.0221044514328241,61717155840,0,61948821504,23069720576,61394685952,61394690560,876600832,0,187564797952,121214590976
1791576941.7179244,1.000602226704359,61717155840,0,61948821504,23069720576,61394685952,61394690560,876600832,0,187564515328,121214590976
1791576942.7388449,1.0207677315920591,61717155840,0,61948821504,23069720576,61394685952,61394690560,876600832,0,187564589056,121214590976
1791576943.7418597,1.002853274345398,61717155840,0,61948821504,23069720576,61394685952,61394690560,876600832,0,187564752896,121214590976
1791576944.7290146,0.9870024379342794,61717155840,0,61948821504,23069720576,61394685952,61394690560,876600832,0,187564580864,121214590976
1791576945.7152476,0.9860828034579754,61717155840,0,61948821504,23069720576,61394685952,61394690560,876600832,0,187564658688,121214590976
1791576946.7476544,1.0322542265057564,61717155840,0,61948821504,23069720576,61394685952,61394690560,876600832,0,187564670976,121214590976
1791576947.7408428,0.9930317401885986,61717155840,0,61948821504,23069720576,61394685952,61394690560,876600832,0,187565019136,121214590976
1791576948.7182481,0.9772524386644363,61717155840,0,61948821504,23069720576,61394685952,61394690560,876600832,0,187565105152,121214590976
1791576949.7016485,0.983248284086585,61717155840,0,61948821504,23069720576,61394685952,61394690560,876600832,0,187565203456,121214590976
1791576950.6895375,0.9877289142459631,61717155840,0,61948821504,23069720576,61394685952,61394690560,876600832,0,187564843008,121214590976
1791576951.7187266,1.029031528159976,61717155840,0,61948821504,23069720576,61394685952,61394690560,876600832,0,187564740608,121214590976
1791576952.7184124,0.9995343536138535,61717155840,0,61948821504,23069720576,61394685952,61394690560,876600832,0,187565096960,121214590976
1791576953.723374,1.0048087071627378,61717155840,0,61948821504,23069720576,61394685952,61394690560,876600832,0,187564998656,121214590976
1791576954.7054827,0.9819572884589434,61717155840,0,61948821504,23069720576,61394685952,61394690560,876600832,0,187564810240,121214590976
1791576955.7712963,1.065659325569868,61717155840,0,61948821504,23069720576,61394685952,61394690560,876600832,0,187564773376,121214590976
1791576956.7671459,0.9956939127296209,61717155840,0,61948821504,23069720576,61394685952,61394690560,876600832,0,187564453888,121214590976
1791576957.7567806,0.9894729163497686,61717155840,0,61948821504,23069720576,61394685952,61394690560,876600832,0,187564445696,121214590976
1791576958.8055098,1.0485721938312054,61717155840,0,61948821504,23069720576,61394685952,61394690560,876600832,0,187564670976,121214590976
1791576959.7984488,0.9927859921008348,61717155840,0,61948821504,23069720576,61394685952,61394690560,876600832,0,187565019136,121214590976
1791576960.7721689,0.9735669866204262,61717155840,0,61948821504,23069720576,61394685952,61394690560,876600832,0,187564658688,121214590976
1791576961.756505,0.9841785673052073,61717155840,0,61948821504,23069720576,61394685952,61394690560,876600832,0,187564916736,121214590976
1791576962.792264,1.0356012992560863,61717155840,0,61948821504,23069720576,61394685952,61394690560,876600832,0,187564478464,121214590976
1791576963.7826514,0.9902384784072638,61717155840,0,61948821504,23069720576,61394685952,61394690560,876600832,0,187564728320,121214590976
1791576964.8239691,1.0411645118147135,61717155840,0,61948821504,23069720576,61394685952,61394690560,876600832,0,187564449792,121214590976
1791576965.8205304,0.9964165575802326,61717155840,0,61948821504,23069720576,61394685952,61394690560,876600832,0,187564503040,121214590976
1791576966.8576682,1.0369850918650627,61717155840,0,61948821504,23069720576,61394685952,61394690560,876600832,0,187565142016,121214590976
1791576967.859971,1.0021508038043976,61717155840,0,61948821504,23069720576,61394685952,61394690560,876600832,0,187565273088,121214590976
1791576968.8447616,0.9846372008323669,61717155840,0,61948821504,23069720576,61394685952,61394690560,876600832,0,187564847104,121214590976
1791576969.835376,0.9904646333307028,61717155840,0,61948821504,23069720576,61394685952,61394690560,876600832,0,187564834816,121214590976
1791576970.8724937,1.0369748752564192,61717155840,0,61948821504,23069720576,61394685952,61394690560,876600832,0,187564847104,121214590976
1791576971.8671002,0.9944573361426592,61717155840,0,61948821504,23069720576,61394685952,61394690560,876600832,0,187564863488,121214590976
1791576972.9050498,1.0377890784293413,61717155840,0,61948821504,23069720576,61394685952,61394690560,876600832,0,187564535808,121214590976
1791576973.8997202,0.9945303723216057,61717155840,0,61948821504,23069720576,61394685952,61394690560,876600832,0,187564769280,121214590976
1791576974.8810794,0.9812039211392403,61717155840,0,61948821504,23069720576,61394685952,61394690560,876600832,0,187564474368,121214590976
1791576975.8645275,0.9833438564091921,61717155840,0,61948821504,23069720576,61394685952,61394690560,876600832,0,187564490752,121214590976
1791576976.8541083,0.9894301630556583,61717155840,0,61948821504,23069720576,61394685952,61394690560,876600832,0,187564486656,121214590976
1791576977.8578155,1.0035527907311916,61717155840,0,61948821504,23069720576,61394685952,61394690560,876600832,0,187564716032,121214590976
1791576978.9141328,1.0561702139675617,61717155840,0,61948821504,23069720576,61394685952,61394690560,876600832,0,187564474368,121214590976
1791576979.9570951,1.0428057815879583,61717155840,0,61948821504,23069720576,61394685952,61394690560,876600832,0,187564539904,121214590976
1791576980.9492443,0.9919832851737738,61717155840,0,61948821504,23069720576,61394685952,61394690560,876600832,0,187564830720,121214590976
1791576981.9387553,0.9893583226948977,61717155840,0,61948821504,23069720576,61394685952,61394690560,876600832,0,187564912640,121214590976
1791576982.9819047,1.0429956503212452,61717155840,0,61948821504,23069720576,61394685952,61394690560,876600832,0,187564478464,121214590976
1791576983.9832041,1.001146836206317,61717155840,0,61948821504,23069720576,61394685952,61394690560,876600832,0,187564830720,121214590976
1791576985.0188797,1.0355328880250454,61717155840,0,61948821504,23069720576,61394685952,61394690560,876600832,0,187564953600,121214590976
1791576986.0120614,0.9930228479206562,61717155840,0,61948821504,23069720576,61394685952,61394690560,876600832,0,187564650496,121214590976
1791576986.9906638,0.9784773495048285,61717155840,0,61948821504,23069720576,61394685952,61394690560,876600832,0,187564900352,121214590976
1791576987.9772878,0.9864725656807423,61717155840,0,61948821504,23069720576,61394685952,61394690560,876600832,0,187564642304,121214590976
1791576989.0123498,1.034913808107376,61717155840,0,61948821504,23069720576,61394685952,61394690560,876600832,0,187564871680,121214590976
1791576990.0238714,1.011373283341527,61717155840,0,61948821504,23069720576,61394685952,61394690560,876600832,0,187564953600,121214590976
1791576991.0139835,0.9899624437093735,61717155840,0,61948821504,23069720576,61394685952,61394690560,876600832,0,187565051904,121214590976
1791576992.0025952,0.9884555675089359,61717155840,0,61948821504,23069720576,61394685952,61394690560,876600832,0,187564843008,121214590976
1791576993.033227,1.0304758679121733,61717155840,0,61948821504,23069720576,61394685952,61394690560,876600832,0,187564920832,121214590976
1791576994.0277677,0.9943850077688694,61717155840,0,61948821504,23069720576,61394685952,61394690560,876600832,0,187565051904,121214590976
1791576995.053136,1.0252146180719137,61717155840,0,61948821504,23069720576,61394685952,61394690560,876600832,0,187565395968,121214590976
1791576996.0702658,1.016969233751297,61717155840,0,61948821504,23069720576,61394685952,61394690560,876600832,0,187565178880,121214590976
1791576997.0621057,0.9916835986077785,61717155840,0,61948821504,23069720576,61394685952,61394690560,876600832,0,187564920832,121214590976
1791576998.0501928,0.9879220835864544,61717155840,0,61948821504,23069720576,61394685952,61394690560,876600832,0,187564945408,121214590976
1791576999.08205,1.031702907755971,61717155840,0,61948821504,23069720576,61394685952,61394690560,876600832,0,187565031424,121214590976
1791577000.089793,1.007603045552969,61717155840,0,61948821504,23069720576,61394685952,61394690560,876600832,0,187564716032,121214590976
1791577001.1250489,1.0351025145500898,61717155840,0,61948821504,23069720576,61394685952,61394690560,876600832,0,187565064192,121214590976
1791577002.1210716,0.9958853498101234,61717155840,0,61948821504,23069720576,61394685952,61394690560,876600832,0,187564941312,121214590976
1791577003.1492798,1.0280929673463106,61717155840,0,61948821504,23069720576,61394685952,61394690560,876600832,0,187564974080,121214590976
1791577004.1437278,0.994295671582222,61717155840,0,61948821504,23069720576,61394685952,61394690560,876600832,0,187565096960,121214590976
1791577005.1703207,1.02644257619977,61717155840,0,61948821504,23069720576,61394685952,61394690560,876600832,0,187565445120,121214590976
1791577006.1627295,0.99226388707757,61717155840,0,61948821504,23069720576,61394685952,61394690560,876600832,0,187565527040,121214590976
1791577007.1379182,0.9750338774174452,61717155840,0,61948821504,23069720576,61394685952,61394690560,876600832,0,187564998656,121214590976
1791577008.118697,0.9806258399039507,61717155840,0,61948821504,23069720576,61394685952,61394690560,876600832,0,187565547520,121214590976
1791577009.15137,1.032518059015274,61717155840,0,61948821504,23069720576,61394685952,61394690560,876600832,0,187565903872,121214590976
1791577010.1343958,0.9828689005225897,61717155840,0,61948821504,23069720576,61394685952,61394690560,876600832,0,187565662208,121214590976
1791577011.0953963,0.96084557287395,61717155840,0,61948821504,23069720576,61394685952,61394690560,876600832,0,187565506560,121214590976
1791577012.0654566,0.9699088614434004,61717155840,0,61948821504,23069720576,61394685952,61394690560,876600832,0,187565588480,121214590976
1791577013.095854,1.030235519632697,61717155840,0,61948821504,23069720576,61394685952,61394690560,876600832,0,187565666304,121214590976
1791577014.0983138,1.002310175448656,61717155840,0,61948821504,23069720576,61394685952,61394690560,876600832,0,187565445120,121214590976
1791577015.1245046,1.0260394979268312,61717155840,0,61948821504,23069720576,61394685952,61394690560,876600832,0,187565207552,121214590976
1791577016.1339629,1.0093029476702213,61717155840,0,61948821504,23069720576,61394685952,61394690560,876600832,0,187565117440,121214590976
1791577017.1602066,1.0260900538414717,61717155840,0,61948821504,23069720576,61394685952,61394690560,876600832,0,187565182976,121214590976
1791577018.1578941,0.997534304857254,61717155840,0,61948821504,23069720576,61394685952,61394690560,876600832,0,187564871680,121214590976
1791577019.2006757,1.0426298007369041,61717155840,0,61948821504,23069720576,61394685952,61394690560,876600832,0,187565228032,121214590976
1791577020.1898334,0.9890042208135128,61717155840,0,61948821504,23069720576,61394685952,61394690560,876600832,0,187565330432,121214590976
1791577021.2265701,1.0365833509713411,61717155840,0,61948821504,23069720576,61394685952,61394690560,876600832,0,187565166592,121214590976
1791577022.2170398,0.9903140850365162,61717155840,0,61948821504,23069720576,61394685952,61394690560,876600832,0,187565150208,121214590976
1791577023.249491,1.0323036722838879,61717155840,0,61948821504,23069720576,61394685952,61394690560,876600832,0,187565436928,121214590976
1791577024.2372718,0.9876275192946196,61717155840,0,61948821504,23069720576,61394685952,61394690560,876600832,0,187565936640,121214590976
1791577025.2571797,1.0196533966809511,61717155840,0,61948821504,23069720576,61394685952,61394690560,876600832,0,187565621248,121214590976
1791577026.2524703,0.9951304774731398,61717155840,0,61948821504,23069720576,61394685952,61394690560,876600832,0,187565559808,121214590976
1791577027.2397873,0.987162034958601,61717155840,0,61948821504,23069720576,61394685952,61394690560,876600832,0,187565768704,121214590976
1791577028.2238948,0.9839541986584663,61717155840,0,61948821504,23069720576,61394685952,61394690560,876600832,0,187565441024,121214590976
1791577029.250224,1.0261822920292616,61717155840,0,61948821504,23069720576,61394685952,61394690560,876600832,0,187565527040,121214590976
1791577030.2433507,0.9929729402065277,61717155840,0,61948821504,23069720576,61394685952,61394690560,876600832,0,187565805568,121214590976
1791577031.2290058,0.9855010323226452,61717155840,0,61948821504,23069720576,61394685952,61394690560,876600832,0,187564855296,121214590976
1791577032.2196798,0.9905169699341059,61717155840,0,61948821504,23069720576,61394685952,61394690560,876600832,0,187564998656,121214590976
1791577033.2105083,0.9906702525913715,61717155840,0,61948821504,23069720576,61394685952,61394690560,876600832,0,187565121536,121214590976
1791577034.1967385,0.9860733766108751,61717155840,0,61948821504,23069720576,61394685952,61394690560,876600832,0,187564953600,121214590976
1791577035.1847277,0.9878358636051416,61717155840,0,61948821504,23069720576,61394685952,61394690560,876600832,0,187565031424,121214590976
1791577036.16984,0.984960338100791,61717155840,0,61948821504,23069720576,61394685952,61394690560,876600832,0,187565125632,121214590976
1791577037.1615815,0.9915908966213465,61717155840,0,61948821504,23069720576,61394685952,61394690560,876600832,0,187564609536,121214590976
1791577038.1808271,1.0190949086099863,61717155840,0,61948821504,23069720576,61394685952,61394690560,876600832,0,187564470272,121214590976
1791577039.2233267,1.0423453338444233,61717155840,0,61948821504,23069720576,61394685952,61394690560,876600832,0,187564523520,121214590976
1791577040.2446575,1.0211830902844667,61717155840,0,61948821504,23069720576,61394685952,61394690560,876600832,0,187564445696,121214590976
1791577041.275453,1.0306400768458843,61717155840,0,61948821504,23069720576,61394685952,61394690560,876600832,0,187564544000,121214590976
1791577042.2677796,0.9921727739274502,61717155840,0,61948821504,23069720576,61394685952,61394690560,876600832,0,187565056000,121214590976
1791577043.2978623,1.0299322810024023,61717155840,0,61948821504,23069720576,61394685952,61394690560,876600832,0,187564883968,121214590976
1791577044.296423,0.9984079450368881,61717155840,0,61948821504,23069720576,61394685952,61394690560,876600832,0,187564826624,121214590976
1791577045.2784986,0.9819225557148457,61717155840,0,61948821504,23069720576,61394685952,61394690560,876600832,0,187564589056,121214590976
1791577046.2659914,0.9873381443321705,61717155840,0,61948821504,23069720576,61394685952,61394690560,876600832,0,187564601344,121214590976
1791577047.2538488,0.9877063669264317,61717155840,0,61948821504,23069720576,61394685952,61394690560,876600832,0,187564797952,121214590976
1791577048.2402244,0.9862230233848095,61717155840,0,61948821504,23069720576,61394685952,61394690560,876600832,0,187564814336,121214590976
1791577049.225055,0.9846762362867594,61717155840,0,61948821504,23069720576,61394685952,61394690560,876600832,0,187564687360,121214590976
1791577050.2110283,0.9858397115021944,61717155840,0,61948821504,23069720576,61394685952,61394690560,876600832,0,187564429312,121214590976
1791577051.1966717,0.9854856096208096,61717155840,0,61948821504,23069720576,61394685952,61394690560,876600832,0,187564515328,121214590976
1791577052.1831832,0.986353999003768,61717155840,0,61948821504,23069720576,61394685952,61394690560,876600832,0,187564519424,121214590976
1791577053.170101,0.9867636393755674,61717155840,0,61948821504,23069720576,61394685952,61394690560,876600832,0,187564535808,121214590976
1791577054.160882,0.9906253889203072,61717155840,0,61948821504,23069720576,61394685952,61394690560,876600832,0,187564548096,121214590976
1791577055.1480246,0.9869898185133934,61717155840,0,61948821504,23069720576,61394685952,61394690560,876600832,0,187564474368,121214590976
1791577056.1348262,0.9866426978260279,61717155840,0,61948821504,23069720576,61394685952,61394690560,876600832,0,187564748800,121214590976
1791577057.1218462,0.9868654757738113,61717155840,0,61948821504,23069720576,61394685952,61394690560,876600832,0,187564503040,121214590976
1791577058.1099937,0.9879885800182819,61717155840,0,61948821504,23069720576,61394685952,61394690560,876600832,0,187564515328,121214590976
1791577059.0984411,0.9882925972342491,61717155840,0,61948821504,23069720576,61394685952,61394690560,876600832,0,187564580864,121214590976
1791577060.082413,0.9838189799338579,61717155840,0,61948821504,23069720576,61394685952,61394690560,876600832,0,187564519424,121214590976
1791577061.0676448,0.9850800167769194,61717155840,0,61948821504,23069720576,61394685952,61394690560,876600832,0,187564609536,121214590976
1791577062.052258,0.9844588804990053,61717155840,0,61948821504,23069720576,61394685952,61394690560,876600832,0,187564650496,121214590976
1791577063.0363922,0.9839737750589848,61717155840,0,61948821504,23069720576,61394685952,61394690560,876600832,0,187564986368,121214590976
1791577064.0244155,0.9878677595406771,61717155840,0,61948821504,23069720576,61394685952,61394690560,876600832,0,187564740608,121214590976
1791577065.0114439,0.986869914457202,61717155840,0,61948821504,23069720576,61394685952,61394690560,876600832,0,187564806144,121214590976
1791577065.9988842,0.9872880056500435,61717155840,0,61948821504,23069720576,61394685952,61394690560,876600832,0,187564892160,121214590976
1791577066.9878047,0.9887684807181358,61717155840,0,61948821504,23069720576,61394685952,61394690560,876600832,0,187564716032,121214590976
1791577067.9745479,0.9865917842835188,61717155840,0,61948821504,23069720576,61394685952,61394690560,876600832,0,187565076480,121214590976
1791577068.9631224,0.9884207230061293,61717155840,0,61948821504,23069720576,61394685952,61394690560,876600832,0,187564503040,121214590976
1791577069.9494483,0.9861596040427685,61717155840,0,61948821504,23069720576,61394685952,61394690560,876600832,0,187564597248,121214590976
1791577070.9358425,0.9862404651939869,61717155840,0,61948821504,23069720576,61394685952,61394690560,876600832,0,187564613632,121214590976
1791577071.9293244,0.9933262094855309,61717155840,0,61948821504,23069720576,61394685952,61394690560,876600832,0,187564883968,121214590976
1791577072.9168131,0.9873386211693287,61717155840,0,61948821504,23069720576,61394685952,61394690560,876600832,0,187565248512,121214590976
1791577073.9531329,1.0361783094704151,61717155840,0,61948821504,23069720576,61394685952,61394690560,876600832,0,187565137920,121214590976
1791577074.9533424,1.0000504162162542,61717155840,0,61948821504,23069720576,61394685952,61394690560,876600832,0,187565191168,121214590976
1791577075.936196,0.9826973006129265,61717155840,0,61948821504,23069720576,61394685952,61394690560,876600832,0,187564822528,121214590976
1791577076.919641,0.9832907300442457,61717155840,0,61948821504,23069720576,61394685952,61394690560,876600832,0,187564605440,121214590976
1791577077.9042625,0.98446892388165,61717155840,0,61948821504,23069720576,61394685952,61394690560,876600832,0,187564498944,121214590976
1791577078.8917482,0.9873314276337624,61717155840,0,61948821504,23069720576,61394685952,61394690560,876600832,0,187564449792,121214590976
1791577079.9242132,1.0323077719658613,61717155840,0,61948821504,23069720576,61394685952,61394690560,876600832,0,187564568576,121214590976
1791577080.9144855,0.9901201520115137,61717155840,0,61948821504,23069720576,61394685952,61394690560,876600832,0,187565109248,121214590976
1791577081.947743,1.033098015934229,61717155840,0,61948821504,23069720576,61394685952,61394690560,876600832,0,187564711936,121214590976
1791577082.941153,0.9932576846331358,61717155840,0,61948821504,23069720576,61394685952,61394690560,876600832,0,187565236224,121214590976
1791577083.9203138,0.9790003467351198,61717155840,0,61948821504,23069720576,61394685952,61394690560,876600832,0,187564711936,121214590976
1791577084.9388318,1.0183658748865128,61717155840,0,61948821504,23069720576,61394685952,61394690560,876600832,0,187564769280,121214590976
1791577085.980205,1.0412188358604908,61717155840,0,61948821504,23069720576,61394685952,61394690560,876600832,0,187564969984,121214590976
1791577086.97306,0.9927007853984833,61717155840,0,61948821504,23069720576,61394685952,61394690560,876600832,0,187565592576,121214590976
1791577087.948677,0.9754868093878031,61717155840,0,61948821504,23069720576,61394685952,61394690560,876600832,0,187565637632,121214590976
1791577088.9365103,0.9876733794808388,61717155840,0,61948821504,23069720576,61394685952,61394690560,876600832,0,187565916160,121214590976
1791577089.9264903,0.9898161124438047,61717155840,0,61948821504,23069720576,61394685952,61394690560,876600832,0,187565162496,121214586880
1791577090.917701,0.9910568092018366,61717155840,0,61948821504,23069720576,61394685952,61394690560,876600832,0,187564724224,121214586880
1791577091.9080477,0.9901838805526495,61717155840,0,61948821504,23069720576,61394685952,61394690560,876600832,0,187564818432,121214586880
1791577092.8969889,0.9888022653758526,61717155840,0,61948821504,23069720576,61394685952,61394690560,876600832,0,187564421120,121214586880
1791577093.883264,0.9861192610114813,61717155840,0,61948821504,23069720576,61394685952,61394690560,876600832,0,187564515328,121214586880
1791577094.877981,0.9945652578026056,61717155840,0,61948821504,23069720576,61394685952,61394690560,876600832,0,187564408832,121214586880
1791577095.8651726,0.9870383255183697,61717155840,0,61948821504,23069720576,61394685952,61394690560,876600832,0,187564462080,121214586880
1791577096.853825,0.9884969834238291,61717155840,0,61948821504,23069720576,61394685952,61394690560,876600832,0,187564818432,121214586880
1791577097.8766448,1.0226665027439594,61717155840,0,61948821504,23069720576,61394685952,61394690560,876600832,0,187564957696,121214586880
1791577098.8890665,1.0122693125158548,61717155840,0,61948821504,23069720576,61394685952,61394690560,876600832,0,187564838912,121214586880
1791577099.9064095,1.0172197222709656,61717155840,0,61948821504,23069720576,61394685952,61394690560,876600832,0,187564679168,121214586880
1791577100.907643,1.0010802894830704,61717155840,0,61948821504,23069720576,61394685952,61394690560,876600832,0,187564691456,121214586880
1791577101.8996058,0.9918099157512188,61717155840,0,61948821504,23069720576,61394685952,61394690560,876600832,0,187564789760,121214586880
1791577102.8903406,0.9905807580798864,61717155840,0,61948821504,23069720576,61394685952,61394690560,876600832,0,187564883968,121214586880
1791577103.883473,0.9929785691201687,61717155840,0,61948821504,23069720576,61394685952,61394690560,876600832,0,187564969984,121214586880
1791577104.9249632,1.0413390435278416,61717155840,0,61948821504,23069720576,61394685952,61394690560,876600832,0,187565322240,121214586880
1791577105.9186265,0.993510352447629,61717155840,0,61948821504,23069720576,61394685952,61394690560,876600832,0,187565133824,121214586880
1791577106.8908453,0.9720615763217211,61717155840,0,61948821504,23069720576,61394685952,61394690560,876600832,0,187564965888,121214586880
1791577107.8685963,0.9775984175503254,61717155840,0,61948821504,23069720576,61394685952,61394690560,876600832,0,187565056000,121214586880
1791577108.854152,0.9854033216834068,61717155840,0,61948821504,23069720576,61394685952,61394690560,876600832,0,187565096960,121214586880
1791577109.8456454,0.9913295246660709,61717155840,0,61948821504,23069720576,61394685952,61394690560,876600832,0,187565051904,121214586880
1791577110.8426144,0.9968142565339804,61717155840,0,61948821504,23069720576,61394685952,61394690560,876600832,0,187565150208,121214586880
1791577111.8880656,1.045292217284441,61717155840,0,61948821504,23069720576,61394685952,61394690560,876600832,0,187564990464,121214586880
1791577112.9088461,1.020659614354372,61717155840,0,61948821504,23069720576,61394685952,61394690560,876600832,0,187564986368,121214586880
1791577113.9051824,0.9961884059011936,61717155840,0,61948821504,23069720576,61394685952,61394690560,876600832,0,187564752896,121214586880
1791577114.9037607,0.9984253402799368,61717155840,0,61948821504,23069720576,61394685952,61394690560,876600832,0,187564752896,121214586880
1791577115.947941,1.0440322998911142,61717155840,0,61948821504,23069720576,61394685952,61394690560,876600832,0,187564720128,121214586880
1791577116.964329,1.0162350945174694,61717155840,0,61948821504,23069720576,61394685952,61394690560,876600832,0,187565060096,121214586880
1791577117.9966617,1.032182015478611,61717155840,0,61948821504,23069720576,61394685952,61394690560,876600832,0,187565137920,121214586880
1791577118.9973664,1.0005493108183146,61717155840,0,61948821504,23069720576,61394685952,61394690560,876600832,0,187565219840,121214586880
1791577119.9767816,0.9792630523443222,61717155840,0,61948821504,23069720576,61394685952,61394690560,876600832,0,187565723648,121214586880
1791577120.957753,0.9808186087757349,61717155840,0,61948821504,23069720576,61394685952,61394690560,876600832,0,187565551616,121214586880
1791577121.984126,1.0262154284864664,61717155840,0,61948821504,23069720576,61394685952,61394690560,876600832,0,187565502464,121214586880
1791577122.9823217,0.9980355352163315,61717155840,0,61948821504,23069720576,61394685952,61394690560,876600832,0,187565002752,121214586880
1791577123.9626038,0.9801237639039755,61717155840,0,61948821504,23069720576,61394685952,61394690560,876600832,0,187565092864,121214586880
1791577124.948773,0.9860151000320911,61717155840,0,61948821504,23069720576,61394685952,61394690560,876600832,0,187565101056,121214586880
1791577125.9372206,0.9882965739816427,61717155840,0,61948821504,23069720576,61394685952,61394690560,876600832,0,187565195264,121214586880
1791577126.9308379,0.9934601970016956,61717155840,0,61948821504,23069720576,61394685952,61394690560,876600832,0,187565342720,121214586880
1791577127.9246273,0.9936395417898893,61717155840,0,61948821504,23069720576,61394685952,61394690560,876600832,0,187565137920,121214586880
1791577128.9184895,0.9937093257904053,61717155840,0,61948821504,23069720576,61394685952,61394690560,876600832,0,187565490176,121214586880
1791577129.9131875,0.9945400282740593,61717155840,0,61948821504,23069720576,61394685952,61394690560,876600832,0,187565563904,121214586880
1791577130.9078708,0.994530975818634,61717155840,0,61948821504,23069720576,61394685952,61394690560,876600832,0,187565277184,121214586880
1791577131.9005475,0.9925281014293432,61717155840,0,61948821504,23069720576,61394685952,61394690560,876600832,0,187565629440,121214586880
1791577132.8949552,0.9942516013979912,61717155840,0,61948821504,23069720576,61394685952,61394690560,876600832,0,187565461504,121214586880
1791577133.8859653,0.9908594582229853,61717155840,0,61948821504,23069720576,61394685952,61394690560,876600832,0,187565256704,121214586880
1791577134.8806133,0.9944971837103367,61717155840,0,61948821504,23069720576,61394685952,61394690560,876600832,0,187565338624,121214586880
1791577135.8716178,0.9908376224339008,61717155840,0,61948821504,23069720576,61394685952,61394690560,876600832,0,187565162496,121214586880
1791577136.8651814,0.9934097323566675,61717155840,0,61948821504,23069720576,61394685952,61394690560,876600832,0,187564982272,121214586880
1791577137.9020362,1.0367038883268833,61717155840,0,61948821504,23069720576,61394685952,61394690560,876600832,0,187564740608,121214586880
1791577138.9068959,1.004709292203188,61717155840,0,61948821504,23069720576,61394685952,61394690560,876600832,0,187564564480,121214586880
1791577139.9348674,1.0278176311403513,61717155840,0,61948821504,23069720576,61394685952,61394690560,876600832,0,187564650496,121214586880
1791577140.925182,0.9901626408100128,61717155840,0,61948821504,23069720576,61394685952,61394690560,876600832,0,187564765184,121214586880
1791577141.9548173,1.0294713489711285,61717155840,0,61948821504,23069720576,61394685952,61394690560,876600832,0,187564974080,121214586880
1791577142.9532304,0.9982600342482328,61717155840,0,61948821504,23069720576,61394685952,61394690560,876600832,0,187564482560,121214586880
1791577143.9257972,0.9724135547876358,61717155840,0,61948821504,23069720576,61394685952,61394690560,876600832,0,187564548096,121214586880
1791577144.8992114,0.9732628632336855,61717155840,0,61948821504,23069720576,61394685952,61394690560,876600832,0,187564642304,121214586880
1791577145.8742065,0.9748384840786457,61717155840,0,61948821504,23069720576,61394685952,61394690560,876600832,0,187564568576,121214586880
1791577146.8555233,0.981162540614605,61717155840,0,61948821504,23069720576,61394685952,61394690560,876600832,0,187564834816,121214586880
1791577147.8347683,0.9790918342769146,61717155840,0,61948821504,23069720576,61394685952,61394690560,876600832,0,187564638208,121214586880
1791577148.8179312,0.9830055646598339,61717155840,0,61948821504,23069720576,61394685952,61394690560,876600832,0,187564949504,121214586880
1791577149.857646,1.039562625810504,61717155840,0,61948821504,23069720576,61394685952,61394690560,876600832,0,187565142016,121214586880
1791577150.8571057,0.9993020258843899,61717155840,0,61948821504,23069720576,61394685952,61394690560,876600832,0,187565182976,121214586880
1791577151.844064,0.9868005812168121,61717155840,0,61948821504,23069720576,61394685952,61394690560,876600832,0,187564961792,121214586880
1791577152.834886,0.9906982872635126,61717155840,0,61948821504,23069720576,61394685952,61394690560,876600832,0,187565297664,121214586880
1791577153.8638039,1.0287511888891459,61717155840,0,61948821504,23069720576,61394685952,61394690560,876600832,0,187565236224,121214586880
1791577154.86313,0.9991718325763941,61717155840,0,61948821504,23069720576,61394685952,61394690560,876600832,0,187565297664,121214586880
1791577155.8931634,1.0298864040523767,61717155840,0,61948821504,23069720576,61394685952,61394690560,876600832,0,187565363200,121214586880
1791577156.90112,1.0077987592667341,61717155840,0,61948821504,23069720576,61394685952,61394690560,876600832,0,187565350912,121214586880
1791577157.946849,1.0455566328018904,61717155840,0,61948821504,23069720576,61394685952,61394690560,876600832,0,187564945408,121214586880
1791577158.9886076,1.0416062604635954,61717155840,0,61948821504,23069720576,61394685952,61394690560,876600832,0,187564941312,121214586880
1791577160.0061648,1.0174016579985619,61717155840,0,61948821504,23069720576,61394685952,61394690560,876600832,0,187564687360,121214586880
1791577160.9956057,0.9892804212868214,61717155840,0,61948821504,23069720576,61394685952,61394690560,876600832,0,187565019136,121214586880
1791577161.9847608,0.9890023358166218,61717155840,0,61948821504,23069720576,61394685952,61394690560,876600832,0,187564666880,121214586880
1791577162.97437,0.9894500896334648,61717155840,0,61948821504,23069720576,61394685952,61394690560,876600832,0,187564728320,121214586880
1791577163.9662368,0.9917143639177084,61717155840,0,61948821504,23069720576,61394685952,61394690560,876600832,0,187564699648,121214586880
1791577164.9995837,1.0331925339996815,61717155840,0,61948821504,23069720576,61394685952,61394690560,876600832,0,187564941312,121214586880
1791577166.016901,1.0171688068658113,61717155840,0,61948821504,23069720576,61394685952,61394690560,876600832,0,187565305856,121214586880
1791577167.0052083,0.9881522115319967,61717155840,0,61948821504,23069720576,61394685952,61394690560,876600832,0,187565387776,121214586880
1791577168.0343335,1.0289691891521215,61717155840,0,61948821504,23069720576,61394685952,61394690560,876600832,0,187564929024,121214586880
1791577169.030818,0.9963319841772318,61717155840,0,61948821504,23069720576,61394685952,61394690560,876600832,0,187565490176,121214586880
1791577170.059623,1.0286500938236713,61717155840,0,61948821504,23069720576,61394685952,61394690560,876600832,0,187565146112,121214586880
1791577171.043735,0.9839592631906271,61717155840,0,61948821504,23069720576,61394685952,61394690560,876600832,0,187565174784,121214586880
1791577172.0113916,0.9674960672855377,61717155840,0,61948821504,23069720576,61394685952,61394690560,876600832,0,187565203456,121214586880
1791577173.0018387,0.9902941435575485,61717155840,0,61948821504,23069720576,61394685952,61394690560,876600832,0,187565293568,121214586880
1791577173.9953413,0.9933472890406847,61717155840,0,61948821504,23069720576,61394685952,61394690560,876600832,0,187565199360,121214586880
1791577174.9889545,0.9934559557586908,61717155840,0,61948821504,23069720576,61394685952,61394690560,876600832,0,187565293568,121214586880
1791577175.9770062,0.9878941904753447,61717155840,0,61948821504,23069720576,61394685952,61394690560,876600832,0,187565154304,121214586880
1791577176.9662178,0.9890579581260681,61717155840,0,61948821504,23069720576,61394685952,61394690560,876600832,0,187565248512,121214586880
1791577177.9973385,1.0309580899775028,61717155840,0,61948821504,23069720576,61394685952,61394690560,876600832,0,187565383680,121214586880
1791577179.0125985,1.0151056703180075,61717155840,0,61948821504,23069720576,61394685952,61394690560,876600832,0,187564879872,121214586880
1791577180.0537577,1.0410118009895086,61717155840,0,61948821504,23069720576,61394685952,61394690560,876600832,0,187564875776,121214586880
1791577181.0690494,1.0151325017213821,61717155840,0,61948821504,23069720576,61394685952,61394690560,876600832,0,187564814336,121214586880
1791577182.0583591,0.9891726281493902,61717155840,0,61948821504,23069720576,61394685952,61394690560,876600832,0,187564802048,121214586880
1791577183.0498278,0.9913167394697666,61717155840,0,61948821504,23069720576,61394685952,61394690560,876600832,0,187564642304,121214586880
1791577184.080668,1.030610190704465,61717155840,0,61948821504,23069720576,61394685952,61394690560,876600832,0,187565142016,121214586880
1791577185.069346,0.9885213784873486,61717155840,0,61948821504,23069720576,61394685952,61394690560,876600832,0,187565006848,121214586880
1791577186.0394444,0.9699471611529589,61717155840,0,61948821504,23069720576,61394685952,61394690560,876600832,0,187565350912,121214586880
1791577187.012362,0.9727655686438084,61717155840,0,61948821504,23069720576,61394685952,61394690560,876600832,0,187564920832,121214586880
1791577188.0418081,1.0292947199195623,61717155840,0,61948821504,23069720576,61394685952,61394690560,876600832,0,187565273088,121214586880
1791577189.0297682,0.9878039006143808,61717155840,0,61948821504,23069720576,61394685952,61394690560,876600832,0,187565293568,121214586880
1791577190.0053418,0.9754184149205685,61717155840,0,61948821504,23069720576,61394685952,61394690560,876600832,0,187565322240,121214586880
1791577190.9833863,0.9778914581984282,61717155840,0,61948821504,23069720576,61394685952,61394690560,876600832,0,187565408256,121214586880
1791577191.9683487,0.9848101548850536,61717155840,0,61948821504,23069720576,61394685952,61394690560,876600832,0,187565285376,121214586880
1791577192.9559655,0.9874652251601219,61717155840,0,61948821504,23069720576,61394685952,61394690560,876600832,0,187565268992,121214586880
1791577193.9420547,0.9859388209879398,61717155840,0,61948821504,23069720576,61394685952,61394690560,876600832,0,187565387776,121214586880
1791577194.929833,0.9876442663371563,61717155840,0,61948821504,23069720576,61394685952,61394690560,876600832,0,187565236224,121214586880
1791577195.9133995,0.9834124986082315,61717155840,0,61948821504,23069720576,61394685952,61394690560,876600832,0,187565326336,121214586880
1791577196.9100893,0.9965374022722244,61717155840,0,61948821504,23069720576,61394685952,61394690560,876600832,0,187564670976,121214586880
1791577197.9471865,1.0369417984038591,61717155840,0,61948821504,23069720576,61394685952,61394690560,876600832,0,187564703744,121214586880
1791577198.9399714,0.9926311951130629,61717155840,0,61948821504,23069720576,61394685952,61394690560,876600832,0,187565027328,121214586880
1791577199.9802065,1.0400829911231995,61717155840,0,61948821504,23069720576,61394685952,61394690560,876600832,0,187564904448,121214586880
1791577200.9888666,1.008505517616868,61717155840,0,61948821504,23069720576,61394685952,61394690560,876600832,0,187564978176,121214586880
1791577202.021349,1.0323257129639387,61717155840,0,61948821504,23069720576,61394685952,61394690560,876600832,0,187564675072,121214586880
1791577203.0046275,0.9831240028142929,61717155840,0,61948821504,23069720576,61394685952,61394690560,876600832,0,187565453312,121214586880
1791577203.9645324,0.9597515780478716,61717155840,0,61948821504,23069720576,61394685952,61394690560,876600832,0,187564875776,121214586880
1791577204.9331625,0.9684771411120892,61717155840,0,61948821504,23069720576,61394685952,61394690560,876600832,0,187564728320,121214586880
1791577205.960522,1.027201695367694,61717155840,0,61948821504,23069720576,61394685952,61394690560,876600832,0,187564806144,121214586880
1791577206.9513416,0.9906706120818853,61717155840,0,61948821504,23069720576,61394685952,61394690560,876600832,0,187564904448,121214586880
1791577207.9794416,1.027946412563324,61717155840,0,61948821504,23069720576,61394685952,61394690560,876600832,0,187564978176,121214586880
1791577208.976299,0.9966979790478945,61717155840,0,61948821504,23069720576,61394685952,61394690560,876600832,0,187564646400,121214586880
1791577209.9578946,0.9814355615526438,61717155840,0,61948821504,23069720576,61394685952,61394690560,876600832,0,187564654592,121214586880
1791577210.9424522,0.9844055864959955,61717155840,0,61948821504,23069720576,61394685952,61394690560,876600832,0,187564748800,121214586880
1791577211.9245105,0.9819018803536892,61717155840,0,61948821504,23069720576,61394685952,61394690560,876600832,0,187564552192,121214586880
1791577212.9112144,0.9865513816475868,61717155840,0,61948821504,23069720576,61394685952,61394690560,876600832,0,187564601344,121214586880
1791577213.8946636,0.9832956455647945,61717155840,0,61948821504,23069720576,61394685952,61394690560,876600832,0,187564519424,121214586880
1791577214.8827066,0.9878921434283257,61717155840,0,61948821504,23069720576,61394685952,61394690560,876600832,0,187564638208,121214586880
1791577215.9156923,1.0328369196504354,61717155840,0,61948821504,23069720576,61394685952,61394690560,876600832,0,187564974080,121214586880
1791577216.9131513,0.9973034169524908,61717155840,0,61948821504,23069720576,61394685952,61394690560,876600832,0,187564687360,121214586880
1791577217.9254282,1.0121200885623693,61717155840,0,61948821504,23069720576,61394685952,61394690560,876600832,0,187564552192,121214586880
1791577218.940809,1.0152235943824053,61717155840,0,61948821504,23069720576,61394685952,61394690560,876600832,0,187564642304,121214586880
1791577219.9582355,1.0172714460641146,61717155840,0,61948821504,23069720576,61394685952,61394690560,876600832,0,187564482560,121214586880
1791577220.9570866,0.9987003207206726,61717155840,0,61948821504,23069720576,61394685952,61394690560,876600832,0,187564748800,121214586880
1791577222.000183,1.042935099452734,61717155840,0,61948821504,23069720576,61394685952,61394690560,876600832,0,187564744704,121214586880
1791577222.9957895,0.9954560324549675,61717155840,0,61948821504,23069720576,61394685952,61394690560,876600832,0,187564457984,121214586880
1791577224.0287206,1.0327764879912138,61717155840,0,61948821504,23069720576,61394685952,61394690560,876600832,0,187564806144,121214586880
1791577225.0226803,0.99380237236619,61717155840,0,61948821504,23069720576,61394685952,61394690560,876600832,0,187564797952,121214586880
1791577225.9960341,0.9731990844011307,61717155840,0,61948821504,23069720576,61394685952,61394690560,876600832,0,187564867584,121214586880
1791577226.9721227,0.9759362619370222,61717155840,0,61948821504,23069720576,61394685952,61394690560,876600832,0,187564933120,121214586880
1791577228.0119202,1.0396459214389324,61717155840,0,61948821504,23069720576,61394685952,61394690560,876600832,0,187565432832,121214586880
1791577229.0082145,0.9961376674473286,61717155840,0,61948821504,23069720576,61394685952,61394690560,876600832,0,187565572096,121214586880
1791577229.9937353,0.9853667933493853,61717155840,0,61948821504,23069720576,61394685952,61394690560,876600832,0,187565350912,121214586880
1791577230.9890325,0.9951382409781218,61717155840,0,61948821504,23069720576,61394685952,61394690560,876600832,0,187565154304,121214586880
1791577232.029679,1.0404957812279463,61717155840,0,61948821504,23069720576,61394685952,61394690560,876600832,0,187564826624,121214586880
1791577233.0266006,0.9967701528221369,61717155840,0,61948821504,23069720576,61394685952,61394690560,876600832,0,187564572672,121214586880
1791577234.0176296,0.9908770937472582,61717155840,0,61948821504,23069720576,61394685952,61394690560,876600832,0,187564609536,121214586880
1791577235.0088372,0.9910564757883549,61717155840,0,61948821504,23069720576,61394685952,61394690560,876600832,0,187564699648,121214586880
1791577236.040019,1.0310378056019545,61717155840,0,61948821504,23069720576,61394685952,61394690560,876600832,0,187564924928,121214586880
1791577237.0388708,0.9987071398645639,61717155840,0,61948821504,23069720576,61394685952,61394690560,876600832,0,187564920832,121214586880
1791577238.0703552,1.031336933374405,61717155840,0,61948821504,23069720576,61394685952,61394690560,876600832,0,187565015040,121214586880
1791577239.0613282,0.9908280875533819,61717155840,0,61948821504,23069720576,61394685952,61394690560,876600832,0,187564969984,121214586880
1791577240.095657,1.034173607826233,61717155840,0,61948821504,23069720576,61394685952,61394690560,876600832,0,187564572672,121214586880
1791577241.089586,0.9937863666564226,61717155840,0,61948821504,23069720576,61394685952,61394690560,876600832,0,187564847104,121214586880
1791577242.065019,0.9752912409603596,61717155840,0,61948821504,23069720576,61394685952,61394690560,876600832,0,187564900352,121214586880
1791577243.058797,0.9936349671334028,61717155840,0,61948821504,23069720576,61394685952,61394690560,876600832,0,187564789760,121214586880
1791577244.0883715,1.0294335205107927,61717155840,0,61948821504,23069720576,61394685952,61394690560,876600832,0,187564814336,121214586880
1791577245.094249,1.0057358741760254,61717155840,0,61948821504,23069720576,61394685952,61394690560,876600832,0,187564851200,121214586880
1791577246.083721,0.9893286619335413,61717155840,0,61948821504,23069720576,61394685952,61394690560,876600832,0,187564838912,121214586880
1791577247.0755224,0.9916576445102692,61717155840,0,61948821504,23069720576,61394685952,61394690560,876600832,0,187564843008,121214586880
1791577248.070132,0.994464261457324,61717155840,0,61948821504,23069720576,61394685952,61394690560,876600832,0,187564552192,121214586880
1791577249.06179,0.9915076065808535,61717155840,0,61948821504,23069720576,61394685952,61394690560,876600832,0,187564478464,121214586880
1791577250.105454,1.0435190740972757,61717155840,0,61948821504,23069720576,61394685952,61394690560,876600832,0,187565076480,121214586880
1791577251.103992,0.9983935654163361,61717155840,0,61948821504,23069720576,61394685952,61394690560,876600832,0,187565088768,121214586880
1791577252.1342263,1.030082792043686,61717155840,0,61948821504,23069720576,61394685952,61394690560,876600832,0,187564847104,121214586880
1791577253.1260307,0.991658765822649,61717155840,0,61948821504,23069720576,61394685952,61394690560,876600832,0,187564724224,121214586880
1791577254.1527066,1.0265206154435873,61717155840,0,61948821504,23069720576,61394685952,61394690560,876600832,0,187564789760,121214586880
1791577255.140506,0.9876553788781166,61717155840,0,61948821504,23069720576,61394685952,61394690560,876600832,0,187564883968,121214586880
1791577256.1690142,1.0283531099557877,61717155840,0,61948821504,23069720576,61394685952,61394690560,876600832,0,187564871680,121214586880
1791577257.1661682,0.9970111474394798,61717155840,0,61948821504,23069720576,61394685952,61394690560,876600832,0,187564834816,121214586880
1791577258.200092,1.0337650291621685,61717155840,0,61948821504,23069720576,61394685952,61394690560,876600832,0,187564888064,121214586880
1791577259.1971347,0.9968911092728376,61717155840,0,61948821504,23069720576,61394685952,61394690560,876600832,0,187564892160,121214586880
1791577260.2180843,1.020791132003069,61717155840,0,61948821504,23069720576,61394685952,61394690560,876600832,0,187564826624,121214586880
1791577261.2107928,0.9926102515310049,61717155840,0,61948821504,23069720576,61394685952,61394690560,876600832,0,187565113344,121214586880
1791577262.2435563,1.0326137356460094,61717155840,0,61948821504,23069720576,61394685952,61394690560,876600832,0,187564515328,121214586880
1791577263.2423003,0.9985969755798578,61717155840,0,61948821504,23069720576,61394685952,61394690560,876600832,0,187565015040,121214586880
1791577264.260976,1.018525267019868,61717155840,0,61948821504,23069720576,61394685952,61394690560,876600832,0,187565109248,121214586880
1791577265.26294,1.0018195770680904,61717155840,0,61948821504,23069720576,61394685952,61394690560,876600832,0,187564797952,121214586880
1791577266.2459242,0.9828360825777054,61717155840,0,61948821504,23069720576,61394685952,61394690560,876600832,0,187565039616,121214586880
1791577267.2346406,0.988572558388114,61717155840,0,61948821504,23069720576,61394685952,61394690560,876600832,0,187564888064,121214586880
1791577268.251508,1.016722697764635,61717155840,0,61948821504,23069720576,61394685952,61394690560,876600832,0,187564941312,121214586880
1791577269.2407072,0.9890478048473597,61717155840,0,61948821504,23069720576,61394685952,61394690560,876600832,0,187564937216,121214586880
1791577270.2620687,1.021211700513959,61717155840,0,61948821504,23069720576,61394685952,61394690560,876600832,0,187564544000,121214586880
1791577271.263273,1.001084005460143,61717155840,0,61948821504,23069720576,61394685952,61394690560,876600832,0,187565408256,121214586880
1791577272.292085,1.0286718867719173,61717155840,0,61948821504,23069720576,61394685952,61394690560,876600832,0,187565486080,121214586880
1791577273.297827,1.0055850595235825,61717155840,0,61948821504,23069720576,61394685952,61394690560,876600832,0,187565015040,121214586880
1791577274.2860563,0.988084003329277,61717155840,0,61948821504,23069720576,61394685952,61394690560,876600832,0,187565027328,121214586880
1791577275.2760901,0.989899855107069,61717155840,0,61948821504,23069720576,61394685952,61394690560,876600832,0,187564847104,121214586880
1791577276.2955415,1.0193544793874025,61717155840,0,61948821504,23069720576,61394685952,61394690560,876600832,0,187564822528,121214586880
1791577277.303639,1.0079507026821375,61717155840,0,61948821504,23069720576,61394685952,61394690560,876600832,0,187564556288,121214586880
1791577278.3462868,1.0425079837441444,61717155840,0,61948821504,23069720576,61394685952,61394690560,876600832,0,187564572672,121214586880
1791577279.3816333,1.0352004505693913,61717155840,0,61948821504,23069720576,61394685952,61394690560,876600832,0,187564748800,121214586880
1791577280.469704,1.087927345186472,61717155840,0,61948821504,23069720576,61394685952,61394690560,876600832,0,187565142016,121214586880
1791577281.493785,1.0239336416125298,61717155840,0,61948821504,23069720576,61394685952,61394690560,876600832,0,187565236224,121214586880
1791577282.5042598,1.0103295724838972,61717155840,0,61948821504,23069720576,61394685952,61394690560,876600832,0,187564818432,121214586880
1791577283.4990587,0.994654780253768,61717155840,0,61948821504,23069720576,61394685952,61394690560,876600832,0,187565051904,121214586880
1791577284.486589,0.9874029699712992,61717155840,0,61948821504,23069720576,61394685952,61394690560,876600832,0,187565064192,121214586880
1791577285.4766994,0.9899685718119144,61717155840,0,61948821504,23069720576,61394685952,61394690560,876600832,0,187565080576,121214586880
1791577286.5060155,1.0291739273816347,61717155840,0,61948821504,23069720576,61394685952,61394690560,876600832,0,187564789760,121214586880
1791577287.50783,1.0016367807984352,61717155840,0,61948821504,23069720576,61394685952,61394690560,876600832,0,187565318144,121214586880
1791577288.5437183,1.0357380658388138,61717155840,0,61948821504,23069720576,61394685952,61394690560,876600832,0,187565432832,121214586880
1791577289.54139,0.9975261278450489,61717155840,0,61948821504,23069720576,61394685952,61394690560,876600832,0,187565465600,121214586880
1791577290.5710337,1.029496980831027,61717155840,0,61948821504,23069720576,61394685952,61394690560,876600832,0,187565072384,121214586880
1791577291.5626013,0.9914142545312643,61717155840,0,61948821504,23069720576,61394685952,61394690560,876600832,0,187565117440,121214586880
1791577292.5977867,1.0350401904433966,61717155840,0,61948821504,23069720576,61394685952,61394690560,876600832,0,187565027328,121214586880
1791577293.5917156,0.9937864225357771,61717155840,0,61948821504,23069720576,61394685952,61394690560,876600832,0,187564810240,121214586880
1791577294.6243854,1.0324586126953363,61717155840,0,61948821504,23069720576,61394685952,61394690560,876600832,0,187564793856,121214586880
1791577295.6144304,0.9899007845669985,61717155840,0,61948821504,23069720576,61394685952,61394690560,876600832,0,187564802048,121214586880
1791577296.5932937,0.9787151403725147,61717155840,0,61948821504,23069720576,61394685952,61394690560,876600832,0,187564900352,121214586880
1791577297.5955143,1.0020812172442675,61717155840,0,61948821504,23069720576,61394685952,61394690560,876600832,0,187564961792,121214586880
1791577298.6215634,1.0259073041379452,61717155840,0,61948821504,23069720576,61394685952,61394690560,876600832,0,187564998656,121214586880
1791577299.630002,1.008289910852909,61717155840,0,61948821504,23069720576,61394685952,61394690560,876600832,0,187565043712,121214586880
1791577300.667172,1.0370183251798153,61717155840,0,61948821504,23069720576,61394685952,61394690560,876600832,0,187565342720,121214586880
1791577301.657134,0.9898107554763556,61717155840,0,61948821504,23069720576,61394685952,61394690560,876600832,0,187565969408,121214586880
1791577302.6940434,1.0367490891367197,61717155840,0,61948821504,23069720576,61394685952,61394690560,876600832,0,187565551616,121214586880
1791577303.6972296,1.0030434224754572,61717155840,0,61948821504,23069720576,61394685952,61394690560,876600832,0,187565920256,121214586880
1791577304.6772738,0.979899799451232,61717155840,0,61948821504,23069720576,61394685952,61394690560,876600832,0,187565961216,121214586880
1791577305.6704352,0.9930119793862104,61717155840,0,61948821504,23069720576,61394685952,61394690560,876600832,0,187565809664,121214586880
1791577306.6684728,0.9978945199400187,61717155840,0,61948821504,23069720576,61394685952,61394690560,876600832,0,187565060096,121214586880
1791577307.7407792,1.072154151275754,61717155840,0,61948821504,23069720576,61394685952,61394690560,876600832,0,187565125632,121214586880
1791577308.7738268,1.0329076889902353,61717155840,0,61948821504,23069720576,61394685952,61394690560,876600832,0,187565142016,121214586880
1791577309.7760916,1.0021202247589827,61717155840,0,61948821504,23069720576,61394685952,61394690560,876600832,0,187565527040,121214586880
1791577310.8170004,1.0408139526844025,61717155840,0,61948821504,23069720576,61394685952,61394690560,876600832,0,187565228032,121214586880
1791577311.8171608,1.000017425045371,61717155840,0,61948821504,23069720576,61394685952,61394690560,876600832,0,187564871680,121214586880
1791577312.8104796,0.9931694250553846,61717155840,0,61948821504,23069720576,61394685952,61394690560,876600832,0,187565142016,121214586880
1791577313.8026898,0.992059214040637,61717155840,0,61948821504,23069720576,61394685952,61394690560,876600832,0,187565191168,121214586880
1791577314.834761,1.0319280549883842,61717155840,0,61948821504,23069720576,61394685952,61394690560,876600832,0,187565211648,121214586880
1791577315.835821,1.000915315002203,61717155840,0,61948821504,23069720576,61394685952,61394690560,876600832,0,187564974080,121214586880
1791577316.8266177,0.9906494151800871,61717155840,0,61948821504,23069720576,61394685952,61394690560,876600832,0,187564744704,121214586880
1791577317.8255959,0.9988326355814934,61717155840,0,61948821504,23069720576,61394685952,61394690560,876600832,0,187564523520,121214586880
1791577318.8540666,1.0283282734453678,61717155840,0,61948821504,23069720576,61394685952,61394690560,876600832,0,187564498944,121214586880
1791577319.8495839,0.9953931123018265,61717155840,0,61948821504,23069720576,61394685952,61394690560,876600832,0,187564847104,121214586880
1791577320.8310351,0.9813062623143196,61717155840,0,61948821504,23069720576,61394685952,61394690560,876600832,0,187564826624,121214586880
1791577321.816181,0.9849964063614607,61717155840,0,61948821504,23069720576,61394685952,61394690560,876600832,0,187564892160,121214586880
1791577322.8052714,0.9889344703406096,61717155840,0,61948821504,23069720576,61394685952,61394690560,876600832,0,187564822528,121214586880
1791577323.7987208,0.9933025892823935,61717155840,0,61948821504,23069720576,61394685952,61394690560,876600832,0,187564617728,121214586880
1791577324.7891266,0.9902603570371866,61717155840,0,61948821504,23069720576,61394685952,61394690560,876600832,0,187564617728,121214586880
1791577325.776867,0.987590529024601,61717155840,0,61948821504,23069720576,61394685952,61394690560,876600832,0,187564707840,121214586880
1791577326.769423,0.9924083966761827,61717155840,0,61948821504,23069720576,61394685952,61394690560,876600832,0,187564650496,121214586880
1791577327.7592113,0.9896433465182781,61717155840,0,61948821504,23069720576,61394685952,61394690560,876600832,0,187564920832,121214586880
1791577328.7829251,1.0235701594501734,61717155840,0,61948821504,23069720576,61394685952,61394690560,876600832,0,187565166592,121214586880
1791577329.773221,0.9901497755199671,61717155840,0,61948821504,23069720576,61394685952,61394690560,876600832,0,187565187072,121214586880
1791577330.8080816,1.0347085744142532,61717155840,0,61948821504,23069720576,61394685952,61394690560,876600832,0,187564941312,121214586880
1791577331.7927716,0.9845864865928888,61717155840,0,61948821504,23069720576,61394685952,61394690560,876600832,0,187564978176,121214586880
1791577332.823431,1.03050322458148,61717155840,0,61948821504,23069720576,61394685952,61394690560,876600832,0,187565039616,121214586880
1791577333.8088534,0.985276261344552,61717155840,0,61948821504,23069720576,61394685952,61394690560,876600832,0,187565043712,121214586880
1791577334.7758238,0.9668257720768452,61717155840,0,61948821504,23069720576,61394685952,61394690560,876600832,0,187565109248,121214586880
1791577335.7516215,0.975652864202857,61717155840,0,61948821504,23069720576,61394685952,61394690560,876600832,0,187565252608,121214586880
1791577336.724021,0.9722544010728598,61717155840,0,61948821504,23069720576,61394685952,61394690560,876600832,0,187565355008,121214586880
1791577337.7251334,1.0009672995656729,61717155840,0,61948821504,23069720576,61394685952,61394690560,876600832,0,187564974080,121214586880
1791577338.8512092,1.1259230338037014,61717155840,0,61948821504,23069720576,61394685952,61394690560,876600832,0,187564961792,121214586880
1791577339.873681,1.022328732535243,61717155840,0,61948821504,23069720576,61394685952,61394690560,876600832,0,187565158400,121214586880
1791577340.8771508,1.0033275727182627,61717155840,0,61948821504,23069720576,61394685952,61394690560,876600832,0,187565101056,121214586880
1791577341.864858,0.9875422343611717,61717155840,0,61948821504,23069720576,61394685952,61394690560,876600832,0,187565195264,121214586880
1791577342.8580427,0.9930418841540813,61717155840,0,61948821504,23069720576,61394685952,61394690560,876600832,0,187564826624,121214586880
1791577343.8477745,0.9895888324826956,61717155840,0,61948821504,23069720576,61394685952,61394690560,876600832,0,187564478464,121214586880
1791577344.874895,1.0269779171794653,61717155840,0,61948821504,23069720576,61394685952,61394690560,876600832,0,187564851200,121214586880
1791577345.8719838,0.9969421103596687,61717155840,0,61948821504,23069720576,61394685952,61394690560,876600832,0,187565174784,121214586880
1791577346.8997152,1.0275911670178175,61717155840,0,61948821504,23069720576,61394685952,61394690560,876600832,0,187565260800,121214586880
1791577347.9142761,1.0144150462001562,61717155840,0,61948821504,23069720576,61394685952,61394690560,876600832,0,187565125632,121214586880
1791577348.9168572,1.0024362709373236,61717155840,0,61948821504,23069720576,61394685952,61394690560,876600832,0,187564994560,121214586880
1791577349.9185812,1.0015789363533258,61717155840,0,61948821504,23069720576,61394685952,61394690560,876600832,0,187564695552,121214586880
1791577350.9516568,1.0329228714108467,61717155840,0,61948821504,23069720576,61394685952,61394690560,876600832,0,187565125632,121214586880
1791577351.9633603,1.0115564353764057,61717155840,0,61948821504,23069720576,61394685952,61394690560,876600832,0,187565166592,121214586880
1791577352.9811702,1.017665607854724,61717155840,0,61948821504,23069720576,61394685952,61394690560,876600832,0,187564814336,121214586880
1791577353.9687266,0.9874077253043652,61717155840,0,61948821504,23069720576,61394685952,61394690560,876600832,0,187564883968,121214586880
1791577354.9629343,0.9940642733126879,61717155840,0,61948821504,23069720576,61394685952,61394690560,876600832,0,187564933120,121214586880
1791577355.9938645,1.0307869240641594,61717155840,0,61948821504,23069720576,61394685952,61394690560,876600832,0,187564834816,121214586880
1791577356.9922633,0.9982571247965097,61717155840,0,61948821504,23069720576,61394685952,61394690560,876600832,0,187565326336,121214586880
1791577358.017313,1.0249081905931234,61717155840,0,61948821504,23069720576,61394685952,61394690560,876600832,0,187564994560,121214586880
1791577359.0179503,1.000489953905344,61717155840,0,61948821504,23069720576,61394685952,61394690560,876600832,0,187565158400,121214586880
1791577360.0594206,1.041329886764288,61717155840,0,61948821504,23069720576,61394685952,61394690560,876600832,0,187564838912,121214586880
1791577361.0577168,0.9981580562889576,61717155840,0,61948821504,23069720576,61394685952,61394690560,876600832,0,187565158400,121214586880
1791577362.0415502,0.9836822729557753,61717155840,0,61948821504,23069720576,61394685952,61394690560,876600832,0,187564994560,121214586880
1791577363.0274987,0.9858036693185568,61717155840,0,61948821504,23069720576,61394685952,61394690560,876600832,0,187565166592,121214586880
1791577364.0560489,1.0284112691879272,61717155840,0,61948821504,23069720576,61394685952,61394690560,876600832,0,187565527040,121214586880
1791577365.057783,1.0015943199396133,61717155840,0,61948821504,23069720576,61394685952,61394690560,876600832,0,187565187072,121214586880
1791577366.0856636,1.0277330707758665,61717155840,0,61948821504,23069720576,61394685952,61394690560,876600832,0,187564965888,121214586880
1791577367.100793,1.0149765200912952,61717155840,0,61948821504,23069720576,61394685952,61394690560,876600832,0,187565240320,121214586880
1791577368.0934393,0.99250378459692,61717155840,0,61948821504,23069720576,61394685952,61394690560,876600832,0,187565498368,121214586880
1791577369.0790365,0.9854547884315252,61717155840,0,61948821504,23069720576,61394685952,61394690560,876600832,0,187565101056,121214586880
1791577370.1138399,1.0346534345299006,61717155840,0,61948821504,23069720576,61394685952,61394690560,876600832,0,187565137920,121214586880
1791577371.1213396,1.0073567889630795,61717155840,0,61948821504,23069720576,61394685952,61394690560,876600832,0,187564748800,121214586880
1791577372.1747048,1.053223030641675,61717155840,0,61948821504,23069720576,61394685952,61394690560,876600832,0,187564720128,121214586880
1791577373.1771438,1.002293424680829,61717155840,0,61948821504,23069720576,61394685952,61394690560,876600832,0,187565076480,121214586880
1791577374.161982,0.9846856407821178,61717155840,0,61948821504,23069720576,61394685952,61394690560,876600832,0,187565076480,121214586880
1791577375.1491268,0.9870016034692526,61717155840,0,61948821504,23069720576,61394685952,61394690560,876600832,0,187564720128,121214586880
1791577376.1365047,0.9872281718999147,61717155840,0,61948821504,23069720576,61394685952,61394690560,876600832,0,187564793856,121214586880
1791577377.1233728,0.9867249075323343,61717155840,0,61948821504,23069720576,61394685952,61394690560,876600832,0,187564646400,121214586880
1791577378.1135716,0.9900522772222757,61717155840,0,61948821504,23069720576,61394685952,61394690560,876600832,0,187564658688,121214586880
1791577379.1014893,0.9877729956060648,61717155840,0,61948821504,23069720576,61394685952,61394690560,876600832,0,187565236224,121214586880
1791577380.1426098,1.0409750882536173,61717155840,0,61948821504,23069720576,61394685952,61394690560,876600832,0,187564744704,121214586880
1791577381.1314812,0.9887268003076315,61717155840,0,61948821504,23069720576,61394685952,61394690560,876600832,0,187564691456,121214586880
1791577382.111707,0.9800747893750668,61717155840,0,61948821504,23069720576,61394685952,61394690560,876600832,0,187564675072,121214586880
1791577383.0919604,0.9801039472222328,61717155840,0,61948821504,23069720576,61394685952,61394690560,876600832,0,187565015040,121214586880
1791577384.1247988,1.0326974391937256,61717155840,0,61948821504,23069720576,61394685952,61394690560,876600832,0,187565039616,121214586880
1791577385.1236844,0.9987406022846699,61717155840,0,61948821504,23069720576,61394685952,61394690560,876600832,0,187564756992,121214586880
1791577386.10622,0.9823915269225836,61717155840,0,61948821504,23069720576,61394685952,61394690560,876600832,0,187564822528,121214586880
1791577387.0924656,0.98610301874578,61717155840,0,61948821504,23069720576,61394685952,61394690560,876600832,0,187564736512,121214586880
1791577388.1284392,1.0358335562050343,61717155840,0,61948821504,23069720576,61394685952,61394690560,876600832,0,187565068288,121214586880
1791577389.1335418,1.0049543678760529,61717155840,0,61948821504,23069720576,61394685952,61394690560,876600832,0,187564797952,121214586880
1791577390.1124017,0.9787191804498434,61717155840,0,61948821504,23069720576,61394685952,61394690560,876600832,0,187564793856,121214586880
1791577391.0975335,0.9849881716072559,61717155840,0,61948821504,23069720576,61394685952,61394690560,876600832,0,187565305856,121214586880
1791577392.128086,1.030408477410674,61717155840,0,61948821504,23069720576,61394685952,61394690560,876600832,0,187564646400,121214586880
1791577393.1249144,0.9967271406203508,61717155840,0,61948821504,23069720576,61394685952,61394690560,876600832,0,187564961792,121214586880
1791577394.1497526,1.0246970485895872,61717155840,0,61948821504,23069720576,61394685952,61394690560,876600832,0,187565051904,121214586880
1791577395.1395295,0.9896351788192987,61717155840,0,61948821504,23069720576,61394685952,61394690560,876600832,0,187565056000,121214586880
1791577396.1092136,0.9695355631411076,61717155840,0,61948821504,23069720576,61394685952,61394690560,876600832,0,187565006848,121214586880
1791577397.0882182,0.9788589794188738,61717155840,0,61948821504,23069720576,61394685952,61394690560,876600832,0,187564982272,121214586880
1791577398.0992112,1.0108497776091099,61717155840,0,61948821504,23069720576,61394685952,61394690560,876600832,0,187564691456,121214586880
1791577399.1156478,1.0162953063845634,61717155840,0,61948821504,23069720576,61394685952,61394690560,876600832,0,187565043712,121214586880
1791577400.132585,1.0167960207909346,61717155840,0,61948821504,23069720576,61394685952,61394690560,876600832,0,187564998656,121214586880
1791577401.1287153,0.9959886390715837,61717155840,0,61948821504,23069720576,61394685952,61394690560,876600832,0,187564691456,121214586880
1791577402.1173136,0.9884554706513882,61717155840,0,61948821504,23069720576,61394685952,61394690560,876600832,0,187564756992,121214586880
1791577403.1045885,0.9871312640607357,61717155840,0,61948821504,23069720576,61394685952,61394690560,876600832,0,187564675072,121214586880
1791577404.1279635,1.0232303570955992,61717155840,0,61948821504,23069720576,61394685952,61394690560,876600832,0,187564716032,121214586880
1791577405.118221,0.9901177939027548,61717155840,0,61948821504,23069720576,61394685952,61394690560,876600832,0,187564687360,121214586880
1791577406.105753,0.987385580316186,61717155840,0,61948821504,23069720576,61394685952,61394690560,876600832,0,187564695552,121214586880
1791577407.0911102,0.9852148648351431,61717155840,0,61948821504,23069720576,61394685952,61394690560,876600832,0,187565031424,121214586880
1791577408.0798457,0.9885872062295675,61717155840,0,61948821504,23069720576,61394685952,61394690560,876600832,0,187564482560,121214586880
1791577409.067362,0.9873705469071865,61717155840,0,61948821504,23069720576,61394685952,61394690560,876600832,0,187564576768,121214586880
1791577410.0568893,0.9893806651234627,61717155840,0,61948821504,23069720576,61394685952,61394690560,876600832,0,187564654592,121214586880
1791577411.0443363,0.9873064700514078,61717155840,0,61948821504,23069720576,61394685952,61394690560,876600832,0,187564695552,121214586880
1791577412.030632,0.9861479140818119,61717155840,0,61948821504,23069720576,61394685952,61394690560,876600832,0,187564752896,121214586880
1791577413.0193105,0.9885375872254372,61717155840,0,61948821504,23069720576,61394685952,61394690560,876600832,0,187564847104,121214586880
1791577414.0077515,0.9882954992353916,61717155840,0,61948821504,23069720576,61394685952,61394690560,876600832,0,187564933120,121214586880
1791577414.996107,0.9882100950926542,61717155840,0,61948821504,23069720576,61394685952,61394690560,876600832,0,187564953600,121214586880
1791577415.9867802,0.990517720580101,61717155840,0,61948821504,23069720576,61394685952,61394690560,876600832,0,187564986368,121214586880
1791577417.023596,1.036673329770565,61717155840,0,61948821504,23069720576,61394685952,61394690560,876600832,0,187565330432,121214586880
1791577418.0130649,0.9893206786364317,61717155840,0,61948821504,23069720576,61394685952,61394690560,876600832,0,187565432832,121214586880
1791577419.0422568,1.0290682651102543,61717155840,0,61948821504,23069720576,61394685952,61394690560,876600832,0,187565768704,121214586880
1791577420.035433,0.993032194674015,61717155840,0,61948821504,23069720576,61394685952,61394690560,876600832,0,187565486080,121214586880
1791577421.0107024,0.9751241691410542,61717155840,0,61948821504,23069720576,61394685952,61394690560,876600832,0,187565580288,121214586880
1791577421.988442,0.9775929376482964,61717155840,0,61948821504,23069720576,61394685952,61394690560,876600832,0,187565604864,121214586880
1791577422.9695835,0.9809972122311592,61717155840,0,61948821504,23069720576,61394685952,61394690560,876600832,0,187565023232,121214586880
1791577423.9554698,0.9857383258640766,61717155840,0,61948821504,23069720576,61394685952,61394690560,876600832,0,187565232128,121214586880
1791577424.9899592,1.034321827813983,61717155840,0,61948821504,23069720576,61394685952,61394690560,876600832,0,187565584384,121214586880
1791577425.994927,1.004819493740797,61717155840,0,61948821504,23069720576,61394685952,61394690560,876600832,0,187565842432,121214586880
1791577427.025982,1.0309154074639082,61717155840,0,61948821504,23069720576,61394685952,61394690560,876600832,0,187565527040,121214586880
1791577428.0254076,0.9992785286158323,61717155840,0,61948821504,23069720576,61394685952,61394690560,876600832,0,187565338624,121214586880
1791577429.0064988,0.9809510633349419,61717155840,0,61948821504,23069720576,61394685952,61394690560,876600832,0,187565436928,121214586880
1791577429.9955194,0.988875700160861,61717155840,0,61948821504,23069720576,61394685952,61394690560,876600832,0,187565666304,121214586880
1791577430.9904244,0.9947604034096003,61717155840,0,61948821504,23069720576,61394685952,61394690560,876600832,0,187565268992,121214586880
1791577431.9802856,0.9897156171500683,61717155840,0,61948821504,23069720576,61394685952,61394690560,876600832,0,187565363200,121214586880
1791577432.9786942,0.9982643648982048,61717155840,0,61948821504,23069720576,61394685952,61394690560,876600832,0,187565330432,121214586880
1791577433.977515,0.9986750613898039,61717155840,0,61948821504,23069720576,61394685952,61394690560,876600832,0,187565105152,121214586880
1791577435.0025196,1.02485990524292,61717155840,0,61948821504,23069720576,61394685952,61394690560,876600832,0,187565158400,121214586880
1791577436.0160048,1.0133399479091167,61717155840,0,61948821504,23069720576,61394685952,61394690560,876600832,0,187564920832,121214586880
1791577437.0517428,1.03559728898108,61717155840,0,61948821504,23069720576,61394685952,61394690560,876600832,0,187564929024,121214586880
1791577438.0500808,0.9981911685317755,61717155840,0,61948821504,23069720576,61394685952,61394690560,876600832,0,187565187072,121214586880
1791577439.090161,1.0399698857218027,61717155840,0,61948821504,23069720576,61394685952,61394690560,876600832,0,187565522944,121214586880
1791577440.0907097,1.0003973804414272,61717155840,0,61948821504,23069720576,61394685952,61394690560,876600832,0,187565006848,121214586880
1791577441.1254294,1.0345772337168455,61717155840,0,61948821504,23069720576,61394685952,61394690560,876600832,0,187565346816,121214586880
1791577442.127065,1.0014911480247974,61717155840,0,61948821504,23069720576,61394685952,61394690560,876600832,0,187564740608,121214586880
1791577443.1092534,0.9820668250322342,61717155840,0,61948821504,23069720576,61394685952,61394690560,876600832,0,187564765184,121214586880
1791577444.0948615,0.9854580480605364,61717155840,0,61948821504,23069720576,61394685952,61394690560,876600832,0,187564859392,121214586880
1791577445.0810437,0.9860361646860838,61717155840,0,61948821504,23069720576,61394685952,61394690560,876600832,0,187564777472,121214586880
1791577446.0675194,0.9863339643925428,61717155840,0,61948821504,23069720576,61394685952,61394690560,876600832,0,187564859392,121214586880
1791577447.0573106,0.9896479565650225,61717155840,0,61948821504,23069720576,61394685952,61394690560,876600832,0,187564875776,121214586880
1791577448.0472233,0.9897574242204428,61717155840,0,61948821504,23069720576,61394685952,61394690560,876600832,0,187565047808,121214586880
1791577449.0372078,0.989840803667903,61717155840,0,61948821504,23069720576,61394685952,61394690560,876600832,0,187565006848,121214586880
1791577450.0279381,0.9905879329890013,61717155840,0,61948821504,23069720576,61394685952,61394690560,876600832,0,187564625920,121214586880
1791577451.0681849,1.0401039216667414,61717155840,0,61948821504,23069720576,61394685952,61394690560,876600832,0,187564978176,121214586880
1791577452.059479,0.9911483395844698,61717155840,0,61948821504,23069720576,61394685952,61394690560,876600832,0,187565043712,121214586880
1791577453.0275753,0.9679511971771717,61717155840,0,61948821504,23069720576,61394685952,61394690560,876600832,0,187565051904,121214586880
1791577454.0003636,0.9726437479257584,61717155840,0,61948821504,23069720576,61394685952,61394690560,876600832,0,187565400064,121214586880
1791577455.0281572,1.0276539139449596,61717155840,0,61948821504,23069720576,61394685952,61394690560,876600832,0,187565449216,121214586880
1791577456.0228405,0.9945334866642952,61717155840,0,61948821504,23069720576,61394685952,61394690560,876600832,0,187565182976,121214586880
1791577457.0510538,1.028062418103218,61717155840,0,61948821504,23069720576,61394685952,61394690560,876600832,0,187564703744,121214586880
1791577458.08507,1.0338795837014914,61717155840,0,61948821504,23069720576,61394685952,61394690560,876600832,0,187564924928,121214586880
1791577459.1151664,1.02997724711895,61717155840,0,61948821504,23069720576,61394685952,61394690560,876600832,0,187565129728,121214586880
1791577460.1495433,1.0342266131192446,61717155840,0,61948821504,23069720576,61394685952,61394690560,876600832,0,187564871680,121214586880
1791577461.18313,1.033443020656705,61717155840,0,61948821504,23069720576,61394685952,61394690560,876600832,0,187564711936,121214586880
1791577462.174084,0.9908024054020643,61717155840,0,61948821504,23069720576,61394685952,61394690560,876600832,0,187564736512,121214586880
1791577463.2023747,1.028134472668171,61717155840,0,61948821504,23069720576,61394685952,61394690560,876600832,0,187564789760,121214586880
1791577464.2211816,1.0186607521027327,61717155840,0,61948821504,23069720576,61394685952,61394690560,876600832,0,187565039616,121214586880
1791577465.255588,1.0342572629451752,61717155840,0,61948821504,23069720576,61394685952,61394690560,876600832,0,187564851200,121214586880
1791577466.2437174,0.9879886694252491,61717155840,0,61948821504,23069720576,61394685952,61394690560,876600832,0,187565203456,121214586880
1791577467.2856317,1.0417622048407793,61717155840,0,61948821504,23069720576,61394685952,61394690560,876600832,0,187565084672,121214586880
1791577468.2946165,1.008833047002554,61717155840,0,61948821504,23069720576,61394685952,61394690560,876600832,0,187565129728,121214586880
1791577469.289942,0.9951854720711708,61717155840,0,61948821504,23069720576,61394685952,61394690560,876600832,0,187565219840,121214586880
1791577470.2629812,0.9728971384465694,61717155840,0,61948821504,23069720576,61394685952,61394690560,876600832,0,187565543424,121214586880
1791577471.2907422,1.027615612372756,61717155840,0,61948821504,23069720576,61394685952,61394690560,876600832,0,187565338624,121214586880
1791577472.3088171,1.0179247427731752,61717155840,0,61948821504,23069720576,61394685952,61394690560,876600832,0,187564498944,121214586880
1791577473.300754,0.9917917139828205,61717155840,0,61948821504,23069720576,61394685952,61394690560,876600832,0,187564859392,121214586880
1791577474.3330667,1.0321559496223927,61717155840,0,61948821504,23069720576,61394685952,61394690560,876600832,0,187564642304,121214586880
1791577475.3224583,0.9892641399055719,61717155840,0,61948821504,23069720576,61394685952,61394690560,876600832,0,187564732416,121214586880
1791577476.300385,0.9777808263897896,61717155840,0,61948821504,23069720576,61394685952,61394690560,876600832,0,187564695552,121214586880
1791577477.2782366,0.9777062945067883,61717155840,0,61948821504,23069720576,61394685952,61394690560,876600832,0,187564785664,121214586880
1791577478.2599962,0.9816108494997025,61717155840,0,61948821504,23069720576,61394685952,61394690560,876600832,0,187564638208,121214586880
1791577479.299476,1.039338145405054,61717155840,0,61948821504,23069720576,61394685952,61394690560,876600832,0,187564716032,121214586880
1791577480.32329,1.0236632656306028,61717155840,0,61948821504,23069720576,61394685952,61394690560,876600832,0,187564781568,121214586880
1791577481.317968,0.9945345856249332,61717155840,0,61948821504,23069720576,61394685952,61394690560,876600832,0,187564765184,121214586880
1791577482.2972717,0.979161174967885,61717155840,0,61948821504,23069720576,61394685952,61394690560,876600832,0,187565056000,121214586880
1791577483.3263216,1.0289080925285816,61717155840,0,61948821504,23069720576,61394685952,61394690560,876600832,0,187565412352,121214586880
1791577484.3438807,1.017410771921277,61717155840,0,61948821504,23069720576,61394685952,61394690560,876600832,0,187565166592,121214586880
1791577485.3364127,0.9923855774104595,61717155840,0,61948821504,23069720576,61394685952,61394690560,876600832,0,187564879872,121214586880
1791577486.3644245,1.0278643481433392,61717155840,0,61948821504,23069720576,61394685952,61394690560,876600832,0,187564806144,121214586880
1791577487.3527179,0.9881449583917856,61717155840,0,61948821504,23069720576,61394685952,61394690560,876600832,0,187564806144,121214586880
1791577488.3931134,1.0402424316853285,61717155840,0,61948821504,23069720576,61394685952,61394690560,876600832,0,187564847104,121214586880
1791577489.399573,1.006309874355793,61717155840,0,61948821504,23069720576,61394685952,61394690560,876600832,0,187564347392,121214586880
1791577490.4334314,1.0337084885686636,61717155840,0,61948821504,23069720576,61394685952,61394690560,876600832,0,187564699648,121214586880
1791577491.4249465,0.9913682993501425,61717155840,0,61948821504,23069720576,61394685952,61394690560,876600832,0,187564773376,121214586880
1791577492.4566896,1.0315946005284786,61717155840,0,61948821504,23069720576,61394685952,61394690560,876600832,0,187564847104,121214586880
1791577493.449993,0.9931585192680359,61717155840,0,61948821504,23069720576,61394685952,61394690560,876600832,0,187564818432,121214586880
1791577494.4823709,1.032221855595708,61717155840,0,61948821504,23069720576,61394685952,61394690560,876600832,0,187564908544,121214586880
1791577495.477456,0.9949390646070242,61717155840,0,61948821504,23069720576,61394685952,61394690560,876600832,0,187564920832,121214586880
1791577496.4671276,0.9895270522683859,61717155840,0,61948821504,23069720576,61394685952,61394690560,876600832,0,187564990464,121214586880
1791577497.4581263,0.9908467773348093,61717155840,0,61948821504,23069720576,61394685952,61394690560,876600832,0,187564634112,121214586880
1791577498.486744,1.0284703858196735,61717155840,0,61948821504,23069720576,61394685952,61394690560,876600832,0,187564699648,121214586880
1791577499.4903042,1.0034169182181358,61717155840,0,61948821504,23069720576,61394685952,61394690560,876600832,0,187564769280,121214586880
1791577500.5174215,1.0269738119095564,61717155840,0,61948821504,23069720576,61394685952,61394690560,876600832,0,187564515328,121214586880
1791577501.5177257,1.00015633367002,61717155840,0,61948821504,23069720576,61394685952,61394690560,876600832,0,187564564480,121214586880
1791577502.505051,0.9871827159076929,61717155840,0,61948821504,23069720576,61394685952,61394690560,876600832,0,187564388352,121214586880
1791577503.4919188,0.986731206998229,61717155840,0,61948821504,23069720576,61394685952,61394690560,876600832,0,187564384256,121214586880
1791577504.4770381,0.9849742967635393,61717155840,0,61948821504,23069720576,61394685952,61394690560,876600832,0,187564474368,121214586880
1791577505.4660034,0.9888189602643251,61717155840,0,61948821504,23069720576,61394685952,61394690560,876600832,0,187564785664,121214586880
1791577506.4984858,1.0323391444981098,61717155840,0,61948821504,23069720576,61394685952,61394690560,876600832,0,187564912640,121214586880
1791577507.4994786,1.0008423924446106,61717155840,0,61948821504,23069720576,61394685952,61394690560,876600832,0,187564937216,121214586880
1791577508.4803748,0.980751758441329,61717155840,0,61948821504,23069720576,61394685952,61394690560,876600832,0,187564953600,121214586880
1791577509.4635663,0.983048040419817,61717155840,0,61948821504,23069720576,61394685952,61394690560,876600832,0,187565023232,121214586880
1791577510.4909554,1.0272381138056517,61717155840,0,61948821504,23069720576,61394685952,61394690560,876600832,0,187565080576,121214586880
1791577511.4900293,0.9989265389740467,61717155840,0,61948821504,23069720576,61394685952,61394690560,876600832,0,187564883968,121214586880
1791577512.4690146,0.9788413550704718,61717155840,0,61948821504,23069720576,61394685952,61394690560,876600832,0,187565240320,121214586880
1791577513.4493608,0.9801996350288391,61717155840,0,61948821504,23069720576,61394685952,61394690560,876600832,0,187565330432,121214586880
1791577514.4771187,1.0276029035449028,61717155840,0,61948821504,23069720576,61394685952,61394690560,876600832,0,187564756992,121214586880
1791577515.470627,0.9933580048382282,61717155840,0,61948821504,23069720576,61394685952,61394690560,876600832,0,187564732416,121214586880
1791577516.5093102,1.0385390613228083,61717155840,0,61948821504,23069720576,61394685952,61394690560,876600832,0,187564822528,121214586880
1791577517.5241795,1.0147257428616285,61717155840,0,61948821504,23069720576,61394685952,61394690560,876600832,0,187564748800,121214586880
1791577518.5432951,1.018970275297761,61717155840,0,61948821504,23069720576,61394685952,61394690560,876600832,0,187564650496,121214586880
1791577519.5558937,1.0124565679579973,61717155840,0,61948821504,23069720576,61394685952,61394690560,876600832,0,187564445696,121214586880
1791577520.5652242,1.009184841066599,61717155840,0,61948821504,23069720576,61394685952,61394690560,876600832,0,187564421120,121214586880
1791577521.5570862,0.9917200468480587,61717155840,0,61948821504,23069720576,61394685952,61394690560,876600832,0,187564396544,121214586880
1791577522.5959587,1.0387693718075752,61717155840,0,61948821504,23069720576,61394685952,61394690560,876600832,0,187564564480,121214586880
1791577523.6042943,1.0081942770630121,61717155840,0,61948821504,23069720576,61394685952,61394690560,876600832,0,187564806144,121214586880
1791577524.6385381,1.0341009944677353,61717155840,0,61948821504,23069720576,61394685952,61394690560,876600832,0,187564621824,121214586880
1791577525.6413722,1.0026906430721283,61717155840,0,61948821504,23069720576,61394685952,61394690560,876600832,0,187564978176,121214586880
1791577526.6278548,0.986330833286047,61717155840,0,61948821504,23069720576,61394685952,61394690560,876600832,0,187565060096,121214586880
1791577527.619888,0.991892147809267,61717155840,0,61948821504,23069720576,61394685952,61394690560,876600832,0,187564994560,121214586880
1791577528.6615496,1.041520033031702,61717155840,0,61948821504,23069720576,61394685952,61394690560,876600832,0,187565084672,121214586880
1791577529.6611333,0.9994378127157688,61717155840,0,61948821504,23069720576,61394685952,61394690560,876600832,0,187564838912,121214586880
1791577530.642005,0.9807216711342335,61717155840,0,61948821504,23069720576,61394685952,61394690560,876600832,0,187564920832,121214586880
1791577531.6236231,0.9814665503799915,61717155840,0,61948821504,23069720576,61394685952,61394690560,876600832,0,187564998656,121214586880
1791577532.614707,0.990940822288394,61717155840,0,61948821504,23069720576,61394685952,61394690560,876600832,0,187564781568,121214586880
1791577533.6062903,0.9914394039660692,61717155840,0,61948821504,23069720576,61394685952,61394690560,876600832,0,187564863488,121214586880
1791577534.598779,0.9923441484570503,61717155840,0,61948821504,23069720576,61394685952,61394690560,876600832,0,187565146112,121214586880
1791577535.5890923,0.9901695754379034,61717155840,0,61948821504,23069720576,61394685952,61394690560,876600832,0,187565129728,121214586880
1791577536.5842752,0.9950285572558641,61717155840,0,61948821504,23069720576,61394685952,61394690560,876600832,0,187565146112,121214586880
1791577537.5800216,0.9955979231745005,61717155840,0,61948821504,23069720576,61394685952,61394690560,876600832,0,187565068288,121214586880
1791577538.6067607,1.026596076786518,61717155840,0,61948821504,23069720576,61394685952,61394690560,876600832,0,187565338624,121214586880
1791577539.6079605,1.0010564718395472,61717155840,0,61948821504,23069720576,61394685952,61394690560,876600832,0,187565555712,121214586880
1791577540.640536,1.032432734966278,61717155840,0,61948821504,23069720576,61394685952,61394690560,876600832,0,187565379584,121214586880
1791577541.6362998,0.9956172276288271,61717155840,0,61948821504,23069720576,61394685952,61394690560,876600832,0,187565391872,121214586880
1791577542.6729255,1.0364852081984282,61717155840,0,61948821504,23069720576,61394685952,61394690560,876600832,0,187564765184,121214586880
1791577543.6859696,1.0128998514264822,61717155840,0,61948821504,23069720576,61394685952,61394690560,876600832,0,187565060096,121214586880
1791577544.7218118,1.0356973372399807,61717155840,0,61948821504,23069720576,61394685952,61394690560,876600832,0,187565334528,121214586880
1791577545.7220814,1.0001267958432436,61717155840,0,61948821504,23069720576,61394685952,61394690560,876600832,0,187565236224,121214586880
1791577546.7541504,1.031963398680091,61717155840,0,61948821504,23069720576,61394685952,61394690560,876600832,0,187565309952,121214586880
1791577547.74668,0.9923781100660563,61717155840,0,61948821504,23069720576,61394685952,61394690560,876600832,0,187565387776,121214586880
1791577548.7798324,1.032998001202941,61717155840,0,61948821504,23069720576,61394685952,61394690560,876600832,0,187565400064,121214586880
1791577549.7807558,1.000777032226324,61717155840,0,61948821504,23069720576,61394685952,61394690560,876600832,0,187565240320,121214586880
1791577550.7619507,0.9810465648770332,61717155840,0,61948821504,23069720576,61394685952,61394690560,876600832,0,187565309952,121214586880
1791577551.7443223,0.9822282064706087,61717155840,0,61948821504,23069720576,61394685952,61394690560,876600832,0,187565215744,121214586880
1791577552.8262782,1.0818112883716822,61717155840,0,61948821504,23069720576,61394685952,61394690560,876600832,0,187565563904,121214586880
1791577553.8182313,0.991810891777277,61717155840,0,61948821504,23069720576,61394685952,61394690560,876600832,0,187565539328,121214586880
1791577554.8089752,0.9906011242419481,61717155840,0,61948821504,23069720576,61394685952,61394690560,876600832,0,187565551616,121214586880
1791577555.800334,0.9912159666419029,61717155840,0,61948821504,23069720576,61394685952,61394690560,876600832,0,187565563904,121214586880
1791577556.8257475,1.0252710599452257,61717155840,0,61948821504,23069720576,61394685952,61394690560,876600832,0,187565379584,121214586880
1791577557.8200235,0.9941301215440035,61717155840,0,61948821504,23069720576,61394685952,61394690560,876600832,0,187565264896,121214586880
1791577558.7943785,0.9742097277194262,61717155840,0,61948821504,23069720576,61394685952,61394690560,876600832,0,187565617152,121214586880
1791577559.7866259,0.9921041913330555,61717155840,0,61948821504,23069720576,61394685952,61394690560,876600832,0,187565305856,121214586880
1791577560.8292518,1.042484799399972,61717155840,0,61948821504,23069720576,61394685952,61394690560,876600832,0,187564937216,121214586880
1791577561.8364553,1.0070602148771286,61717155840,0,61948821504,23069720576,61394685952,61394690560,876600832,0,187565252608,121214586880
1791577562.8677578,1.0311501882970333,61717155840,0,61948821504,23069720576,61394685952,61394690560,876600832,0,187564814336,121214586880
1791577563.8582191,0.990317715331912,61717155840,0,61948821504,23069720576,61394685952,61394690560,876600832,0,187565125632,121214586880
1791577564.8400614,0.9816940221935511,61717155840,0,61948821504,23069720576,61394685952,61394690560,876600832,0,187564855296,121214586880
1791577565.8296432,0.9894565530121326,61717155840,0,61948821504,23069720576,61394685952,61394690560,876600832,0,187564621824,121214586880
1791577566.8202374,0.9904414657503366,61717155840,0,61948821504,23069720576,61394685952,61394690560,876600832,0,187565060096,121214586880
1791577567.8080904,0.9877114370465279,61717155840,0,61948821504,23069720576,61394685952,61394690560,876600832,0,187565072384,121214586880
1791577568.7978916,0.9897033348679543,61717155840,0,61948821504,23069720576,61394685952,61394690560,876600832,0,187564920832,121214586880
1791577569.785931,0.9878997262567282,61717155840,0,61948821504,23069720576,61394685952,61394690560,876600832,0,187564953600,121214586880
1791577570.778035,0.99196264334023,61717155840,0,61948821504,23069720576,61394685952,61394690560,876600832,0,187564896256,121214586880
1791577571.769944,0.9917624909430742,61717155840,0,61948821504,23069720576,61394685952,61394690560,876600832,0,187565187072,121214586880
1791577572.8051832,1.0350955557078123,61717155840,0,61948821504,23069720576,61394685952,61394690560,876600832,0,187565150208,121214586880
1791577573.8002682,0.9949398189783096,61717155840,0,61948821504,23069720576,61394685952,61394690560,876600832,0,187564810240,121214586880
1791577574.7899523,0.9895403310656548,61717155840,0,61948821504,23069720576,61394685952,61394690560,876600832,0,187565006848,121214586880
1791577575.7751975,0.9851023834198713,61717155840,0,61948821504,23069720576,61394685952,61394690560,876600832,0,187564822528,121214586880
1791577576.7638502,0.9885069634765387,61717155840,0,61948821504,23069720576,61394685952,61394690560,876600832,0,187564847104,121214586880
1791577577.7730355,1.0090418104082346,61717155840,0,61948821504,23069720576,61394685952,61394690560,876600832,0,187565072384,121214586880
1791577578.8026514,1.0294621642678976,61717155840,0,61948821504,23069720576,61394685952,61394690560,876600832,0,187565096960,121214586880
1791577579.8199196,1.0171254742890596,61717155840,0,61948821504,23069720576,61394685952,61394690560,876600832,0,187564736512,121214586880
1791577580.8576024,1.0375418923795223,61717155840,0,61948821504,23069720576,61394685952,61394690560,876600832,0,187564826624,121214586880
1791577581.8564932,0.9987384658306837,61717155840,0,61948821504,23069720576,61394685952,61394690560,876600832,0,187564638208,121214586880
1791577582.8927097,1.0360726360231638,61717155840,0,61948821504,23069720576,61394685952,61394690560,876600832,0,187564916736,121214586880
1791577583.8924868,0.9996229335665703,61717155840,0,61948821504,23069720576,61394685952,61394690560,876600832,0,187564548096,121214586880
1791577584.9215074,1.0288737677037716,61717155840,0,61948821504,23069720576,61394685952,61394690560,876600832,0,187564883968,121214586880
1791577585.9208646,0.9992104284465313,61717155840,0,61948821504,23069720576,61394685952,61394690560,876600832,0,187564556288,121214586880
1791577586.9570475,1.036042621359229,61717155840,0,61948821504,23069720576,61394685952,61394690560,876600832,0,187564847104,121214586880
1791577587.9528546,0.9956666752696037,61717155840,0,61948821504,23069720576,61394685952,61394690560,876600832,0,187564937216,121214586880
1791577588.933868,0.980867700651288,61717155840,0,61948821504,23069720576,61394685952,61394690560,876600832,0,187565023232,121214586880
1791577589.9169483,0.9829338043928146,61717155840,0,61948821504,23069720576,61394685952,61394690560,876600832,0,187564929024,121214586880
1791577590.9057307,0.9886341039091349,61717155840,0,61948821504,23069720576,61394685952,61394690560,876600832,0,187565010944,121214586880
1791577591.8918195,0.9859456736594439,61717155840,0,61948821504,23069720576,61394685952,61394690560,876600832,0,187564863488,121214586880
1791577592.9184115,1.0264501590281725,61717155840,0,61948821504,23069720576,61394685952,61394690560,876600832,0,187565129728,121214586880
1791577593.9196374,1.0010786652565002,61717155840,0,61948821504,23069720576,61394685952,61394690560,876600832,0,187564687360,121214586880
1791577594.9015355,0.9817472398281097,61717155840,0,61948821504,23069720576,61394685952,61394690560,876600832,0,187564826624,121214586880
1791577595.891246,0.9895549528300762,61717155840,0,61948821504,23069720576,61394685952,61394690560,876600832,0,187565076480,121214586880
1791577596.8759005,0.9845040366053581,61717155840,0,61948821504,23069720576,61394685952,61394690560,876600832,0,187565174784,121214586880
1791577597.8673306,0.9912882652133703,61717155840,0,61948821504,23069720576,61394685952,61394690560,876600832,0,187564859392,121214586880
1791577598.8526084,0.9851325657218695,61717155840,0,61948821504,23069720576,61394685952,61394690560,876600832,0,187565207552,121214586880
1791577599.83843,0.9856772348284721,61717155840,0,61948821504,23069720576,61394685952,61394690560,876600832,0,187564740608,121214586880
1791577600.823706,0.9851319808512926,61717155840,0,61948821504,23069720576,61394685952,61394690560,876600832,0,187564814336,121214586880
1791577601.8102534,0.9864004049450159,61717155840,0,61948821504,23069720576,61394685952,61394690560,876600832,0,187564466176,121214586880
1791577602.8407812,1.0303817074745893,61717155840,0,61948821504,23069720576,61394685952,61394690560,876600832,0,187564814336,121214586880
1791577603.8317943,0.9908659998327494,61717155840,0,61948821504,23069720576,61394685952,61394690560,876600832,0,187564883968,121214586880
1791577604.810293,0.9783533755689859,61717155840,0,61948821504,23069720576,61394685952,61394690560,876600832,0,187564974080,121214586880
1791577605.7887797,0.978332981467247,61717155840,0,61948821504,23069720576,61394685952,61394690560,876600832,0,187564814336,121214586880
1791577606.771542,0.982609624043107,61717155840,0,61948821504,23069720576,61394685952,61394690560,876600832,0,187564883968,121214586880
1791577607.7575102,0.9858245830982924,61717155840,0,61948821504,23069720576,61394685952,61394690560,876600832,0,187564310528,121214586880
1791577608.745499,0.9878383446484804,61717155840,0,61948821504,23069720576,61394685952,61394690560,876600832,0,187564404736,121214586880
1791577609.732005,0.9863622561097145,61717155840,0,61948821504,23069720576,61394685952,61394690560,876600832,0,187564437504,121214586880
1791577610.770102,1.03795344568789,61717155840,0,61948821504,23069720576,61394685952,61394690560,876600832,0,187564609536,121214586880
1791577611.7584317,0.98817496933043,61717155840,0,61948821504,23069720576,61394685952,61394690560,876600832,0,187564593152,121214586880
1791577612.7230005,0.9644258338958025,61717155840,0,61948821504,23069720576,61394685952,61394690560,876600832,0,187564687360,121214586880
1791577613.6887848,0.9656362757086754,61717155840,0,61948821504,23069720576,61394685952,61394690560,876600832,0,187564752896,121214586880
1791577614.661026,0.9720969572663307,61717155840,0,61948821504,23069720576,61394685952,61394690560,876600832,0,187564847104,121214586880
1791577615.6399412,0.978769963607192,61717155840,0,61948821504,23069720576,61394685952,61394690560,876600832,0,187564675072,121214586880
1791577616.6193788,0.9792939592152834,61717155840,0,61948821504,23069720576,61394685952,61394690560,876600832,0,187564769280,121214586880
1791577617.602394,0.9828735683113337,61717155840,0,61948821504,23069720576,61394685952,61394690560,876600832,0,187564544000,121214586880
1791577618.588791,0.9862526897341013,61717155840,0,61948821504,23069720576,61394685952,61394690560,876600832,0,187564630016,121214586880
1791577619.5822163,0.9932762570679188,61717155840,0,61948821504,23069720576,61394685952,61394690560,876600832,0,187564457984,121214586880
1791577620.5685058,0.986136220395565,61717155840,0,61948821504,23069720576,61394685952,61394690560,876600832,0,187564810240,121214586880
1791577621.5547667,0.9861174821853638,61717155840,0,61948821504,23069720576,61394685952,61394690560,876600832,0,187564883968,121214586880
1791577622.54487,0.9899588953703642,61717155840,0,61948821504,23069720576,61394685952,61394690560,876600832,0,187565092864,121214586880
1791577623.5433145,0.9983012117445469,61717155840,0,61948821504,23069720576,61394685952,61394690560,876600832,0,187564544000,121214586880
1791577624.5422049,0.9987463094294071,61717155840,0,61948821504,23069720576,61394685952,61394690560,876600832,0,187564920832,121214586880
1791577625.539586,0.9972277600318193,61717155840,0,61948821504,23069720576,61394685952,61394690560,876600832,0,187565010944,121214586880
1791577626.5263803,0.9866484981030226,61717155840,0,61948821504,23069720576,61394685952,61394690560,876600832,0,187564691456,121214586880
1791577627.511855,0.9853253774344921,61717155840,0,61948821504,23069720576,61394685952,61394690560,876600832,0,187564580864,121214586880
1791577628.509155,0.9971535205841064,61717155840,0,61948821504,23069720576,61394685952,61394690560,876600832,0,187564347392,121214586880
1791577629.4945934,0.9852893240749836,61717155840,0,61948821504,23069720576,61394685952,61394690560,876600832,0,187564441600,121214586880
1791577630.479063,0.9843282345682383,61717155840,0,61948821504,23069720576,61394685952,61394690560,876600832,0,187564535808,121214586880
1791577631.463476,0.9842906687408686,61717155840,0,61948821504,23069720576,61394685952,61394690560,876600832,0,187564621824,121214586880
1791577632.4531388,0.9895175322890282,61717155840,0,61948821504,23069720576,61394685952,61394690560,876600832,0,187564650496,121214586880
1791577633.4387276,0.9854429457336664,61717155840,0,61948821504,23069720576,61394685952,61394690560,876600832,0,187564744704,121214586880
1791577634.427684,0.9888110626488924,61717155840,0,61948821504,23069720576,61394685952,61394690560,876600832,0,187564249088,121214586880
1791577635.4636915,1.035864930599928,61717155840,0,61948821504,23069720576,61394685952,61394690560,876600832,0,187564605440,121214586880
1791577636.453324,0.989487212151289,61717155840,0,61948821504,23069720576,61394685952,61394690560,876600832,0,187564810240,121214586880
1791577637.4903283,1.0368556771427393,61717155840,0,61948821504,23069720576,61394685952,61394690560,876600832,0,187564761088,121214586880
1791577638.5260158,1.035541957244277,61717155840,0,61948821504,23069720576,61394685952,61394690560,876600832,0,187564744704,121214586880
1791577639.5352044,1.0090436842292547,61717155840,0,61948821504,23069720576,61394685952,61394690560,876600832,0,187564986368,121214586880
1791577640.557053,1.021700195968151,61717155840,0,61948821504,23069720576,61394685952,61394690560,876600832,0,187564695552,121214586880
1791577641.5805717,1.0233822166919708,61717155840,0,61948821504,23069720576,61394685952,61394690560,876600832,0,187564650496,121214586880
1791577642.577728,0.9970131851732731,61717155840,0,61948821504,23069720576,61394685952,61394690560,876600832,0,187564437504,121214586880
1791577643.572555,0.9946849159896374,61717155840,0,61948821504,23069720576,61394685952,61394690560,876600832,0,187564441600,121214586880
1791577644.5706306,0.9979308228939772,61717155840,0,61948821504,23069720576,61394685952,61394690560,876600832,0,187564650496,121214586880
1791577645.5673757,0.9966017231345177,61717155840,0,61948821504,23069720576,61394685952,61394690560,876600832,0,187564609536,121214586880
1791577646.56893,1.0014134161174297,61717155840,0,61948821504,23069720576,61394685952,61394690560,876600832,0,187564965888,121214586880
1791577647.552752,0.9836752992123365,61717155840,0,61948821504,23069720576,61394685952,61394690560,876600832,0,187564736512,121214586880
1791577648.5389328,0.9860374014824629,61717155840,0,61948821504,23069720576,61394685952,61394690560,876600832,0,187564990464,121214586880
1791577649.5264757,0.9873961359262466,61717155840,0,61948821504,23069720576,61394685952,61394690560,876600832,0,187564924928,121214586880
1791577650.5153096,0.9886897783726454,61717155840,0,61948821504,23069720576,61394685952,61394690560,876600832,0,187564781568,121214586880
1791577651.502928,0.9874749593436718,61717155840,0,61948821504,23069720576,61394685952,61394690560,876600832,0,187564855296,121214586880
1791577652.4918525,0.988771416246891,61717155840,0,61948821504,23069720576,61394685952,61394690560,876600832,0,187565019136,121214586880
1791577653.4783943,0.9863908756524324,61717155840,0,61948821504,23069720576,61394685952,61394690560,876600832,0,187564883968,121214586880
1791577654.4734738,0.9949372448027134,61717155840,0,61948821504,23069720576,61394685952,61394690560,876600832,0,187564814336,121214586880
1791577655.4988592,1.0252337120473385,61717155840,0,61948821504,23069720576,61394685952,61394690560,876600832,0,187565326336,121214586880
1791577656.4896617,0.9906523711979389,61717155840,0,61948821504,23069720576,61394685952,61394690560,876600832,0,187565662208,121214586880
1791577657.4825528,0.9927375763654709,61717155840,0,61948821504,23069720576,61394685952,61394690560,876600832,0,187564900352,121214586880
1791577658.4806983,0.9979917872697115,61717155840,0,61948821504,23069720576,61394685952,61394690560,876600832,0,187564896256,121214586880
1791577659.472398,0.991555217653513,61717155840,0,61948821504,23069720576,61394685952,61394690560,876600832,0,187564986368,121214586880
1791577660.4666524,0.9940989091992378,61717155840,0,61948821504,23069720576,61394685952,61394690560,876600832,0,187564912640,121214586880
1791577661.4608188,0.9940177239477634,61717155840,0,61948821504,23069720576,61394685952,61394690560,876600832,0,187564900352,121214586880
1791577662.4545932,0.9936200827360153,61717155840,0,61948821504,23069720576,61394685952,61394690560,876600832,0,187564875776,121214586880
1791577663.4508216,0.9960752967745066,61717155840,0,61948821504,23069720576,61394685952,61394690560,876600832,0,187565133824,121214586880
1791577664.4709797,1.0199908167123795,61717155840,0,61948821504,23069720576,61394685952,61394690560,876600832,0,187565096960,121214586880
1791577665.5105195,1.0393959302455187,61717155840,0,61948821504,23069720576,61394685952,61394690560,876600832,0,187565432832,121214586880
1791577666.5036166,0.9929440263658762,61717155840,0,61948821504,23069720576,61394685952,61394690560,876600832,0,187565502464,121214586880
1791577667.5394866,1.0357256475836039,61717155840,0,61948821504,23069720576,61394685952,61394690560,876600832,0,187565363200,121214586880
1791577668.5543444,1.0147088952362537,61717155840,0,61948821504,23069720576,61394685952,61394690560,876600832,0,187565359104,121214586880
1791577669.5448408,0.9903423804789782,61717155840,0,61948821504,23069720576,61394685952,61394690560,876600832,0,187565715456,121214586880
1791577670.5376935,0.9926998540759087,61717155840,0,61948821504,23069720576,61394685952,61394690560,876600832,0,187565170688,121214586880
1791577671.5317628,0.9939144402742386,61717155840,0,61948821504,23069720576,61394685952,61394690560,876600832,0,187565084672,121214586880
1791577672.5262394,0.9943232070654631,61717155840,0,61948821504,23069720576,61394685952,61394690560,876600832,0,187565129728,121214586880
1791577673.5621064,1.0357255712151527,61717155840,0,61948821504,23069720576,61394685952,61394690560,876600832,0,187565314048,121214586880
1791577674.5798414,1.017580695450306,61717155840,0,61948821504,23069720576,61394685952,61394690560,876600832,0,187565060096,121214586880
1791577675.57515,0.9951525796204805,61717155840,0,61948821504,23069720576,61394685952,61394690560,876600832,0,187565117440,121214586880
1791577676.567557,0.9922499340027571,61717155840,0,61948821504,23069720576,61394685952,61394690560,876600832,0,187564580864,121214586880
1791577677.6006796,1.0329779051244259,61717155840,0,61948821504,23069720576,61394685952,61394690560,876600832,0,187564822528,121214586880
1791577678.61688,1.0160461999475956,61717155840,0,61948821504,23069720576,61394685952,61394690560,876600832,0,187564912640,121214586880
1791577679.6467154,1.0296894870698452,61717155840,0,61948821504,23069720576,61394685952,61394690560,876600832,0,187564556288,121214586880
1791577680.6659138,1.0190456919372082,61717155840,0,61948821504,23069720576,61394685952,61394690560,876600832,0,187564777472,121214586880
1791577681.6974754,1.0314161162823439,61717155840,0,61948821504,23069720576,61394685952,61394690560,876600832,0,187564847104,121214586880
1791577682.7140229,1.0163875557482243,61717155840,0,61948821504,23069720576,61394685952,61394690560,876600832,0,187564544000,121214586880
1791577683.709206,0.9950326681137085,61717155840,0,61948821504,23069720576,61394685952,61394690560,876600832,0,187564617728,121214586880
1791577684.7016828,0.9923254139721394,61717155840,0,61948821504,23069720576,61394685952,61394690560,876600832,0,187564593152,121214586880
1791577685.6926792,0.9908305443823338,61717155840,0,61948821504,23069720576,61394685952,61394690560,876600832,0,187564683264,121214193664
1791577686.6885338,0.9956983160227537,61717155840,0,61948821504,23069720576,61394685952,61394690560,876600832,0,187564969984,121214193664
1791577687.725065,1.0363877154886723,61717155840,0,61948821504,23069720576,61394685952,61394690560,876600832,0,187564974080,121214193664
1791577688.7468827,1.0216967556625605,61717155840,0,61948821504,23069720576,61394685952,61394690560,876600832,0,187565592576,121214193664
1791577689.7850018,1.0379709899425507,61717155840,0,61948821504,23069720576,61394685952,61394690560,876600832,0,187565834240,121214193664
1791577690.8010705,1.0159167554229498,61717155840,0,61948821504,23069720576,61394685952,61394690560,876600832,0,187564621824,121214193664
1791577691.8002453,0.9990618769079447,61717155840,0,61948821504,23069720576,61394685952,61394690560,876600832,0,187564539904,121214193664
1791577692.788771,0.9883725456893444,61717155840,0,61948821504,23069720576,61394685952,61394690560,876600832,0,187564634112,121214193664
1791577693.8196287,1.0307118576020002,61717155840,0,61948821504,23069720576,61394685952,61394690560,876600832,0,187564949504,121214193664
1791577694.828605,1.0088260248303413,61717155840,0,61948821504,23069720576,61394685952,61394690560,876600832,0,187564949504,121214193664
1791577695.813289,0.984533628448844,61717155840,0,61948821504,23069720576,61394685952,61394690560,876600832,0,187564765184,121214193664
1791577696.8043864,0.9909395109862089,61717155840,0,61948821504,23069720576,61394685952,61394690560,876600832,0,187565125632,121214193664
1791577697.9257863,1.121253591030836,61717155840,0,61948821504,23069720576,61394685952,61394690560,876600832,0,187564859392,121214193664
1791577698.9439752,1.01803707331419,61717155840,0,61948821504,23069720576,61394685952,61394690560,876600832,0,187564810240,121214193664
1791577699.940655,0.9965358581393957,61717155840,0,61948821504,23069720576,61394685952,61394690560,876600832,0,187564679168,121214193664
1791577700.9352849,0.9944868423044682,61717155840,0,61948821504,23069720576,61394685952,61394690560,876600832,0,187564568576,121214193664
1791577701.9229534,0.9875117167830467,61717155840,0,61948821504,23069720576,61394685952,61394690560,876600832,0,187564691456,121214193664
1791577702.908345,0.985234934836626,61717155840,0,61948821504,23069720576,61394685952,61394690560,876600832,0,187564769280,121214193664
1791577703.8992493,0.9907499849796295,61717155840,0,61948821504,23069720576,61394685952,61394690560,876600832,0,187564589056,121214193664
1791577704.9316547,1.0322592947632074,61717155840,0,61948821504,23069720576,61394685952,61394690560,876600832,0,187564634112,121214193664
1791577705.9531307,1.02133372053504,61717155840,0,61948821504,23069720576,61394685952,61394690560,876600832,0,187564654592,121214193664
1791577706.9691987,1.0159161854535341,61717155840,0,61948821504,23069720576,61394685952,61394690560,876600832,0,187564736512,121214193664
1791577707.963782,0.9944305121898651,61717155840,0,61948821504,23069720576,61394685952,61394690560,876600832,0,187564990464,121214193664
1791577708.9587927,0.9948596600443125,61717155840,0,61948821504,23069720576,61394685952,61394690560,876600832,0,187565334528,121214193664
1791577710.0111487,1.0522100366652012,61717155840,0,61948821504,23069720576,61394685952,61394690560,876600832,0,187565580288,121214193664
1791577711.0452187,1.0339218527078629,61717155840,0,61948821504,23069720576,61394685952,61394690560,876600832,0,187565494272,121214193664
1791577712.0606055,1.015239393338561,61717155840,0,61948821504,23069720576,61394685952,61394690560,876600832,0,187565309952,121214193664
1791577713.0553482,0.9945982787758112,61717155840,0,61948821504,23069720576,61394685952,61394690560,876600832,0,187565551616,121214193664
1791577714.0464683,0.9909689370542765,61717155840,0,61948821504,23069720576,61394685952,61394690560,876600832,0,187565260800,121214193664
1791577715.0387475,0.9921244196593761,61717155840,0,61948821504,23069720576,61394685952,61394690560,876600832,0,187564785664,121214193664
1791577716.030893,0.9919934552162886,61717155840,0,61948821504,23069720576,61394685952,61394690560,876600832,0,187565142016,121214193664
1791577717.0225687,0.991522628813982,61717155840,0,61948821504,23069720576,61394685952,61394690560,876600832,0,187564871680,121214193664
1791577718.0133224,0.990603731945157,61717155840,0,61948821504,23069720576,61394685952,61394690560,876600832,0,187564826624,121214193664
1791577719.0095906,0.9961151704192162,61717155840,0,61948821504,23069720576,61394685952,61394690560,876600832,0,187564904448,121214193664
1791577720.005588,0.9958451855927706,61717155840,0,61948821504,23069720576,61394685952,61394690560,876600832,0,187564998656,121214193664
1791577721.0003095,0.9945641942322254,61717155840,0,61948821504,23069720576,61394685952,61394690560,876600832,0,187565068288,121214193664
1791577721.992411,0.9919503517448902,61717155840,0,61948821504,23069720576,61394685952,61394690560,876600832,0,187565142016,121214193664
1791577722.985019,0.9924551360309124,61717155840,0,61948821504,23069720576,61394685952,61394690560,876600832,0,187564814336,121214193664
1791577723.977453,0.9922817945480347,61717155840,0,61948821504,23069720576,61394685952,61394690560,876600832,0,187564896256,121214193664
1791577724.9696884,0.9920924045145512,61717155840,0,61948821504,23069720576,61394685952,61394690560,876600832,0,187564720128,121214193664
1791577725.9598022,0.9899639189243317,61717155840,0,61948821504,23069720576,61394685952,61394690560,876600832,0,187564810240,121214193664
1791577726.9509933,0.9910320658236742,61717155840,0,61948821504,23069720576,61394685952,61394690560,876600832,0,187564638208,121214193664
1791577727.9407425,0.9895981624722481,61717155840,0,61948821504,23069720576,61394685952,61394690560,876600832,0,187564580864,121214193664
1791577728.9336612,0.9927614685148001,61717155840,0,61948821504,23069720576,61394685952,61394690560,876600832,0,187564937216,121214193664
1791577729.9744015,1.0405945237725973,61717155840,0,61948821504,23069720576,61394685952,61394690560,876600832,0,187565031424,121214193664
1791577730.9909334,1.0163841024041176,61717155840,0,61948821504,23069720576,61394685952,61394690560,876600832,0,187564601344,121214193664
1791577731.9845378,0.9934518318623304,61717155840,0,61948821504,23069720576,61394685952,61394690560,876600832,0,187564621824,121214193664
1791577732.978009,0.9933161064982414,61717155840,0,61948821504,23069720576,61394685952,61394690560,876600832,0,187564634112,121214193664
1791577733.9717982,0.9936357233673334,61717155840,0,61948821504,23069720576,61394685952,61394690560,876600832,0,187564814336,121214193664
1791577734.9621646,0.9902092628180981,61717155840,0,61948821504,23069720576,61394685952,61394690560,876600832,0,187564695552,121214193664
1791577735.9553134,0.9929918013513088,61717155840,0,61948821504,23069720576,61394685952,61394690560,876600832,0,187564720128,121214193664
1791577736.945831,0.990362424403429,61717155840,0,61948821504,23069720576,61394685952,61394690560,876600832,0,187564810240,121214193664
1791577737.9369645,0.9909801967442036,61717155840,0,61948821504,23069720576,61394685952,61394690560,876600832,0,187564699648,121214193664
1791577738.9297075,0.9925893042236567,61717155840,0,61948821504,23069720576,61394685952,61394690560,876600832,0,187564789760,121214193664
1791577739.954035,1.0241835284978151,61717155840,0,61948821504,23069720576,61394685952,61394690560,876600832,0,187565121536,121214193664
1791577740.972658,1.0184748377650976,61717155840,0,61948821504,23069720576,61394685952,61394690560,876600832,0,187565010944,121214193664
1791577741.963209,0.9903983641415834,61717155840,0,61948821504,23069720576,61394685952,61394690560,876600832,0,187564613632,121214193664
1791577742.954227,0.9908621329814196,61717155840,0,61948821504,23069720576,61394685952,61394690560,876600832,0,187564904448,121214193664
1791577743.9451861,0.990805609151721,61717155840,0,61948821504,23069720576,61394685952,61394690560,876600832,0,187565146112,121214193664
1791577744.9349425,0.989595727995038,61717155840,0,61948821504,23069720576,61394685952,61394690560,876600832,0,187564953600,121214193664
1791577745.963082,1.0279951803386211,61717155840,0,61948821504,23069720576,61394685952,61394690560,876600832,0,187565228032,121214193664
1791577746.9371362,0.9739509988576174,61717155840,0,61948821504,23069720576,61394685952,61394690560,876600832,0,187564421120,121214193664
1791577747.9205365,0.983249893411994,61717155840,0,61948821504,23069720576,61394685952,61394690560,876600832,0,187564511232,121214193664
1791577748.9051988,0.9845154229551554,61717155840,0,61948821504,23069720576,61394685952,61394690560,876600832,0,187564752896,121214193664
1791577749.8683462,0.9629923850297928,61717155840,0,61948821504,23069720576,61394685952,61394690560,876600832,0,187564679168,121214193664
1791577750.865343,0.9968490749597549,61717155840,0,61948821504,23069720576,61394685952,61394690560,876600832,0,187564769280,121214193664
1791577751.8547595,0.989265313372016,61717155840,0,61948821504,23069720576,61394685952,61394690560,876600832,0,187564568576,121214193664
1791577752.8441665,0.9892621226608753,61717155840,0,61948821504,23069720576,61394685952,61394690560,876600832,0,187564883968,121214193664
1791577753.8774886,1.0331699904054403,61717155840,0,61948821504,23069720576,61394685952,61394690560,876600832,0,187565166592,121214193664
1791577754.8710585,0.9934219364076853,61717155840,0,61948821504,23069720576,61394685952,61394690560,876600832,0,187564752896,121214193664
1791577755.9021564,1.030968589708209,61717155840,0,61948821504,23069720576,61394685952,61394690560,876600832,0,187564716032,121214193664
1791577756.9005187,0.9982140567153692,61717155840,0,61948821504,23069720576,61394685952,61394690560,876600832,0,187564650496,121214193664
1791577757.967853,1.0671938359737396,61717155840,0,61948821504,23069720576,61394685952,61394690560,876600832,0,187564601344,121214193664
1791577758.992131,1.0241245850920677,61717155840,0,61948821504,23069720576,61394685952,61394690560,876600832,0,187564580864,121214193664
1791577759.9939613,1.001670839264989,61717155840,0,61948821504,23069720576,61394685952,61394690560,876600832,0,187564662784,121214193664
1791577760.9815037,0.9873952139168978,61717155840,0,61948821504,23069720576,61394685952,61394690560,876600832,0,187564748800,121214193664
1791577761.970518,0.9888695832341909,61717155840,0,61948821504,23069720576,61394685952,61394690560,876600832,0,187564806144,121214193664
1791577762.9578636,0.987197445705533,61717155840,0,61948821504,23069720576,61394685952,61394690560,876600832,0,187564945408,121214193664
1791577763.9845486,1.0265419986099005,61717155840,0,61948821504,23069720576,61394685952,61394690560,876600832,0,187565002752,121214193664
1791577764.9896405,1.0049365311861038,61717155840,0,61948821504,23069720576,61394685952,61394690560,876600832,0,187565068288,121214193664
1791577765.975602,0.9858156405389309,61717155840,0,61948821504,23069720576,61394685952,61394690560,876600832,0,187565092864,121214193664
1791577766.954347,0.978600399568677,61717155840,0,61948821504,23069720576,61394685952,61394690560,876600832,0,187565355008,121214193664
1791577767.973964,1.019476218149066,61717155840,0,61948821504,23069720576,61394685952,61394690560,876600832,0,187565428736,121214193664
1791577768.9607503,0.9866400919854641,61717155840,0,61948821504,23069720576,61394685952,61394690560,876600832,0,187565289472,121214193664
1791577769.9336622,0.9727680645883083,61717155840,0,61948821504,23069720576,61394685952,61394690560,876600832,0,187565899776,121214193664
1791577770.9120653,0.9782579876482487,61717155840,0,61948821504,23069720576,61394685952,61394690560,876600832,0,187565449216,121214193664
1791577771.9364924,1.0243004020303488,61717155840,0,61948821504,23069720576,61394685952,61394690560,876600832,0,187565363200,121214193664
1791577772.9407005,1.004062708467245,61717155840,0,61948821504,23069720576,61394685952,61394690560,876600832,0,187565391872,121214193664
1791577773.9237807,0.9829308856278658,61717155840,0,61948821504,23069720576,61394685952,61394690560,876600832,0,187565481984,121214193664
1791577774.913617,0.9896867480129004,61717155840,0,61948821504,23069720576,61394685952,61394690560,876600832,0,187565031424,121214193664
1791577775.9130864,0.9993252884596586,61717155840,0,61948821504,23069720576,61394685952,61394690560,876600832,0,187564888064,121214193664
1791577776.9112527,0.9980046693235636,61717155840,0,61948821504,23069720576,61394685952,61394690560,876600832,0,187564974080,121214193664
1791577777.9094238,0.998029688373208,61717155840,0,61948821504,23069720576,61394685952,61394690560,876600832,0,187564879872,121214193664
1791577778.8963757,0.9868076201528311,61717155840,0,61948821504,23069720576,61394685952,61394690560,876600832,0,187564871680,121214193664
1791577779.8870652,0.9905389975756407,61717155840,0,61948821504,23069720576,61394685952,61394690560,876600832,0,187564609536,121214193664
1791577780.872828,0.9856422748416662,61717155840,0,61948821504,23069720576,61394685952,61394690560,876600832,0,187564441600,121214193664
1791577781.8605247,0.9875511210411787,61717155840,0,61948821504,23069720576,61394685952,61394690560,876600832,0,187564539904,121214193664
1791577782.8493087,0.9886367898434401,61717155840,0,61948821504,23069720576,61394685952,61394690560,876600832,0,187564634112,121214193664
1791577783.8368871,0.9874333571642637,61717155840,0,61948821504,23069720576,61394685952,61394690560,876600832,0,187564974080,121214193664
1791577784.8260984,0.9890597723424435,61717155840,0,61948821504,23069720576,61394685952,61394690560,876600832,0,187565109248,121214193664
1791577785.8120944,0.9858472887426615,61717155840,0,61948821504,23069720576,61394685952,61394690560,876600832,0,187564912640,121214193664
1791577786.7985451,0.9862924702465534,61717155840,0,61948821504,23069720576,61394685952,61394690560,876600832,0,187564728320,121214193664
1791577787.786814,0.9881238006055355,61717155840,0,61948821504,23069720576,61394685952,61394690560,876600832,0,187564822528,121214193664
1791577788.7936018,1.0066446103155613,61717155840,0,61948821504,23069720576,61394685952,61394690560,876600832,0,187565084672,121214193664
1791577789.8117282,1.0179614163935184,61717155840,0,61948821504,23069720576,61394685952,61394690560,876600832,0,187565170688,121214193664
1791577790.8070433,0.9951695390045643,61717155840,0,61948821504,23069720576,61394685952,61394690560,876600832,0,187564830720,121214193664
1791577791.8255072,1.0183206629008055,61717155840,0,61948821504,23069720576,61394685952,61394690560,876600832,0,187564920832,121214193664
1791577792.8146155,0.9889632314443588,61717155840,0,61948821504,23069720576,61394685952,61394690560,876600832,0,187565010944,121214193664
1791577793.7779562,0.9631966073065996,61717155840,0,61948821504,23069720576,61394685952,61394690560,876600832,0,187565064192,121214193664
1791577794.7548456,0.976740999147296,61717155840,0,61948821504,23069720576,61394685952,61394690560,876600832,0,187564593152,121214193664
1791577795.7312968,0.9763097185641527,61717155840,0,61948821504,23069720576,61394685952,61394690560,876600832,0,187564634112,121214193664
1791577796.7118971,0.9804480671882629,61717155840,0,61948821504,23069720576,61394685952,61394690560,876600832,0,187564630016,121214193664
1791577797.6955829,0.9835416190326214,61717155840,0,61948821504,23069720576,61394685952,61394690560,876600832,0,187564343296,121214193664
1791577798.679499,0.9837651140987873,61717155840,0,61948821504,23069720576,61394685952,61394690560,876600832,0,187564433408,121214193664
1791577799.6651378,0.9854884687811136,61717155840,0,61948821504,23069720576,61394685952,61394690560,876600832,0,187564453888,121214193664
1791577800.6536841,0.9883961454033852,61717155840,0,61948821504,23069720576,61394685952,61394690560,876600832,0,187564433408,121214193664
1791577801.6559818,1.002147100865841,61717155840,0,61948821504,23069720576,61394685952,61394690560,876600832,0,187564331008,121214193664
1791577802.6432073,0.987072791904211,61717155840,0,61948821504,23069720576,61394685952,61394690560,876600832,0,187564277760,121214193664
1791577803.664551,1.02117701433599,61717155840,0,61948821504,23069720576,61394685952,61394690560,876600832,0,187564445696,121214193664
1791577804.7904356,1.1257381159812212,61717155840,0,61948821504,23069720576,61394685952,61394690560,876600832,0,187564392448,121214193664
1791577805.8248909,1.0343108959496021,61717155840,0,61948821504,23069720576,61394685952,61394690560,876600832,0,187564990464,121214193664
1791577806.8644738,1.0394243579357862,61717155840,0,62502469632,22516072448,61394685952,61394690560,1430248960,0,187565080576,121214193664
1791577807.9262762,1.0616605319082737,61717155840,0,62502469632,22516072448,61394685952,61394690560,1430248960,0,187564154880,121214193664
1791577808.9363103,1.0098646506667137,61717155840,0,61948821504,23069720576,61394685952,61394690560,876600832,0,187564732416,121214193664
1791577809.962742,1.0262874849140644,61717155840,0,61948821504,23069720576,61394685952,61394690560,876600832,0,187564920832,121214193664
1791577810.9745307,1.01163967885077,61717155840,0,61948821504,23069720576,61394685952,61394690560,876600832,0,187564912640,121214193664
1791577811.960007,0.9853322915732861,61717155840,0,61948821504,23069720576,61394685952,61394690560,876600832,0,187564675072,121214193664
1791577812.9469442,0.9867902752012014,61717155840,0,61948821504,23069720576,61394685952,61394690560,876600832,0,187564761088,121214193664
1791577813.9373868,0.9902982730418444,61717155840,0,61948821504,23069720576,61394685952,61394690560,876600832,0,187564490752,121214193664
1791577814.926104,0.9885672871023417,61717155840,0,61948821504,23069720576,61394685952,61394690560,876600832,0,187564576768,121214193664
1791577815.9522908,1.0260362215340137,61717155840,0,61948821504,23069720576,61394685952,61394690560,876600832,0,187565445120,121214193664
1791577816.953512,1.0010802280157804,61717155840,0,61948821504,23069720576,61394685952,61394690560,876600832,0,187565334528,121214193664
1791577818.0033834,1.049729460850358,61717155840,0,61948821504,23069720576,61394685952,61394690560,876600832,0,187564802048,121214193664
1791577819.0370193,1.0334905590862036,61717155840,0,61948821504,23069720576,61394685952,61394690560,876600832,0,187564875776,121214193664
1791577820.041878,1.0047164428979158,61717155840,0,61948821504,23069720576,61394685952,61394690560,876600832,0,187564494848,121214193664
1791577821.035896,0.9938690979033709,61717155840,0,61948821504,23069720576,61394685952,61394690560,876600832,0,187564408832,121214193664
1791577822.0215604,0.9855142720043659,61717155840,0,61948821504,23069720576,61394685952,61394690560,876600832,0,187564482560,121214193664
1791577823.0088766,0.9871568344533443,61717155840,0,61948821504,23069720576,61394685952,61394690560,876600832,0,187564572672,121214193664
1791577823.998815,0.9897892847657204,61717155840,0,61948821504,23069720576,61394685952,61394690560,876600832,0,187564646400,121214193664
1791577824.983769,0.9848012197762728,61717155840,0,61948821504,23069720576,61394685952,61394690560,876600832,0,187564736512,121214193664
1791577825.9701743,0.9862560704350471,61717155840,0,61948821504,23069720576,61394685952,61394690560,876600832,0,187564748800,121214193664
1791577826.9561112,0.9857790917158127,61717155840,0,61948821504,23069720576,61394685952,61394690560,876600832,0,187564445696,121214193664
1791577827.9398887,0.9836218748241663,61717155840,0,61948821504,23069720576,61394685952,61394690560,876600832,0,187564539904,121214193664
1791577828.9284234,0.9883795734494925,61717155840,0,61948821504,23069720576,61394685952,61394690560,876600832,0,187564470272,121214193664
1791577829.9162862,0.9877125956118107,61717155840,0,61948821504,23069720576,61394685952,61394690560,876600832,0,187564560384,121214193664
1791577830.9005525,0.9841128811240196,61717155840,0,61948821504,23069720576,61394685952,61394690560,876600832,0,187564568576,121214193664
1791577831.8840816,0.9833753313869238,61717155840,0,61948821504,23069720576,61394685952,61394690560,876600832,0,187564666880,121214193664
1791577832.87825,0.9940092489123344,61717155840,0,61948821504,23069720576,61394685952,61394690560,876600832,0,187564679168,121214193664
1791577833.8969362,1.0185432825237513,61717155840,0,61948821504,23069720576,61394685952,61394690560,876600832,0,187564634112,121214193664
1791577834.9056492,1.0085665676742792,61717155840,0,61948821504,23069720576,61394685952,61394690560,876600832,0,187564691456,121214193664
1791577835.907666,1.00187130831182,61717155840,0,61948821504,23069720576,61394685952,61394690560,876600832,0,187565047808,121214193664
1791577836.9114342,1.0036238357424736,61717155840,0,61948821504,23069720576,61394685952,61394690560,876600832,0,187565113344,121214193664
1791577837.9044588,0.992876797914505,61717155840,0,61948821504,23069720576,61394685952,61394690560,876600832,0,187565084672,121214193664
1791577838.89481,0.9902083110064268,61717155840,0,61948821504,23069720576,61394685952,61394690560,876600832,0,187564929024,121214193664
1791577839.9669478,1.0719919875264168,61717155840,0,61948821504,23069720576,61394685952,61394690560,876600832,0,187565015040,121214193664
1791577840.9828236,1.0157288424670696,61717155840,0,61948821504,23069720576,61394685952,61394690560,876600832,0,187565101056,121214193664
1791577842.0223746,1.0394088830798864,61717155840,0,61948821504,23069720576,61394685952,61394690560,876600832,0,187564904448,121214193664
1791577843.0371284,1.01460799574852,61717155840,0,61948821504,23069720576,61394685952,61394690560,876600832,0,187564408832,121214193664
1791577844.0302026,0.9929169062525034,61717155840,0,61948821504,23069720576,61394685952,61394690560,876600832,0,187564486656,121214193664
1791577845.0205371,0.990181315690279,61717155840,0,61948821504,23069720576,61394685952,61394690560,876600832,0,187564576768,121214193664
1791577846.0172958,0.9966143276542425,61717155840,0,61948821504,23069720576,61394685952,61394690560,876600832,0,187564666880,121214193664
1791577847.0122395,0.9947974178940058,61717155840,0,61948821504,23069720576,61394685952,61394690560,876600832,0,187564634112,121214193664
1791577848.0455537,1.0331702008843422,61717155840,0,61948821504,23069720576,61394685952,61394690560,876600832,0,187564990464,121214193664
1791577849.048553,1.0028546508401632,61717155840,0,61948821504,23069720576,61394685952,61394690560,876600832,0,187565031424,121214193664
1791577850.0365305,0.9878227487206459,61717155840,0,61948821504,23069720576,61394685952,61394690560,876600832,0,187564867584,121214193664
1791577851.0249417,0.9882597681134939,61717155840,0,61948821504,23069720576,61394685952,61394690560,876600832,0,187564830720,121214193664
1791577852.015509,0.9904232043772936,61717155840,0,61948821504,23069720576,61394685952,61394690560,876600832,0,187564535808,121214193664
1791577853.0054078,0.9897510390728712,61717155840,0,61948821504,23069720576,61394685952,61394690560,876600832,0,187564634112,121214193664
1791577853.9948401,0.9892892595380545,61717155840,0,61948821504,23069720576,61394685952,61394690560,876600832,0,187564683264,121214193664
1791577854.9860604,0.9910765644162893,61717155840,0,61948821504,23069720576,61394685952,61394690560,876600832,0,187564773376,121214193664
1791577855.9795015,0.9933153558522463,61717155840,0,61948821504,23069720576,61394685952,61394690560,876600832,0,187564859392,121214193664
1791577856.9719853,0.9923338796943426,61717155840,0,61948821504,23069720576,61394685952,61394690560,876600832,0,187564822528,121214193664
1791577858.0131419,1.0410131085664034,61717155840,0,61948821504,23069720576,61394685952,61394690560,876600832,0,187565068288,121214193664
1791577859.00997,0.996671587228775,61717155840,0,61948821504,23069720576,61394685952,61394690560,876600832,0,187565142016,121214193664
1791577859.9909055,0.9807901326566935,61717155840,0,61948821504,23069720576,61394685952,61394690560,876600832,0,187565019136,121214193664
1791577860.9876246,0.9965765867382288,61717155840,0,61948821504,23069720576,61394685952,61394690560,876600832,0,187564691456,121214193664
1791577862.021089,1.0333204921334982,61717155840,0,61948821504,23069720576,61394685952,61394690560,876600832,0,187564597248,121214193664
1791577863.0218983,1.0006518959999084,61717155840,0,61948821504,23069720576,61394685952,61394690560,876600832,0,187564687360,121214193664
1791577864.0050123,0.982964038848877,61717155840,0,61948821504,23069720576,61394685952,61394690560,876600832,0,187564670976,121214193664
1791577864.9973547,0.9921862408518791,61717155840,0,61948821504,23069720576,61394685952,61394690560,876600832,0,187564662784,121214193664
1791577865.989117,0.9916062019765377,61717155840,0,61948821504,23069720576,61394685952,61394690560,876600832,0,187564761088,121214193664
1791577866.9865801,0.9973066467791796,61717155840,0,61948821504,23069720576,61394685952,61394690560,876600832,0,187564834816,121214193664
1791577867.9865665,0.9998326078057289,61717155840,0,61948821504,23069720576,61394685952,61394690560,876600832,0,187564634112,121214193664
1791577868.9787633,0.9920509494841099,61717155840,0,61948821504,23069720576,61394685952,61394690560,876600832,0,187564662784,121214193664
1791577870.022136,1.0432268921285868,61717155840,0,61948821504,23069720576,61394685952,61394690560,876600832,0,187564421120,121214193664
1791577871.0165913,0.9943026285618544,61717155840,0,61948821504,23069720576,61394685952,61394690560,876600832,0,187564769280,121214193664
1791577871.988152,0.9714131765067577,61717155840,0,61948821504,23069720576,61394685952,61394690560,876600832,0,187564843008,121214193664
1791577872.9655225,0.9772150292992592,61717155840,0,61948821504,23069720576,61394685952,61394690560,876600832,0,187564851200,121214193664
1791577873.965045,0.999377453699708,61717155840,0,61948821504,23069720576,61394685952,61394690560,876600832,0,187564941312,121214193664
1791577874.9622564,0.9970674347132444,61717155840,0,61948821504,23069720576,61394685952,61394690560,876600832,0,187571748864,121214181376
1791577875.9594228,0.9970191773027182,61717155840,0,61948821504,23069720576,61394685952,61394690560,876600832,0,187571240960,121214181376
1791577876.9558246,0.9962573125958443,61717155840,0,61948821504,23069720576,61394685952,61394690560,876600832,0,187571126272,121214181376
1791577877.9818048,1.0258289258927107,61717155840,0,61948821504,23069720576,61394685952,61394690560,876600832,0,187570753536,121214181376
1791577879.0048606,1.0229137260466814,61717155840,0,61948821504,23069720576,61394685952,61394690560,876600832,0,187571003392,121214181376
1791577880.0804482,1.075441999360919,61717155840,0,61948821504,23069720576,61394685952,61394690560,876600832,0,187571265536,121214181376
1791577881.0908122,1.0102187469601631,61717155840,0,61948821504,23069720576,61394685952,61394690560,876600832,0,187571109888,121214181376
1791577882.0786407,0.9876848831772804,61717155840,0,61948821504,23069720576,61394685952,61394690560,876600832,0,187570876416,121214181376
1791577883.068496,0.9897048901766539,61717155840,0,61948821504,23069720576,61394685952,61394690560,876600832,0,187570671616,121214181376
1791577884.0597878,0.9911440443247557,61717155840,0,61948821504,23069720576,61394685952,61394690560,876600832,0,187570737152,121214181376
1791577885.1059875,1.0460484437644482,61717155840,0,61948821504,23069720576,61394685952,61394690560,876600832,0,187571191808,121214181376
1791577886.1282613,1.0221207719296217,61717155840,0,61948821504,23069720576,61394685952,61394690560,876600832,0,187570720768,121214181376
1791577887.1343908,1.0059812143445015,61717155840,0,61948821504,23069720576,61394685952,61394690560,876600832,0,187570708480,121214181376
1791577888.1174698,0.9829166606068611,61717155840,0,61948821504,23069720576,61394685952,61394690560,876600832,0,187570769920,121214181376
1791577889.1052318,0.9876116141676903,61717155840,0,61948821504,23069720576,61394685952,61394690560,876600832,0,187570778112,121214181376
1791577890.1003802,0.9949909392744303,61717155840,0,61948821504,23069720576,61394685952,61394690560,876600832,0,187570733056,121214181376
1791577891.090657,0.990130927413702,61717155840,0,61948821504,23069720576,61394685952,61394690560,876600832,0,187570831360,121214181376
1791577892.081737,0.9909312389791012,61717155840,0,61948821504,23069720576,61394685952,61394690560,876600832,0,187570786304,121214181376
1791577893.0728576,0.9909737296402454,61717155840,0,61948821504,23069720576,61394685952,61394690560,876600832,0,187570860032,121214181376
1791577894.0664196,0.9934164173901081,61717155840,0,61948821504,23069720576,61394685952,61394690560,876600832,0,187570720768,121214181376
1791577895.0583158,0.9917522594332695,61717155840,0,61948821504,23069720576,61394685952,61394690560,876600832,0,187571159040,121214177280
1791577896.091069,1.0326113887131214,61717155840,0,61948821504,23069720576,61394685952,61394690560,876600832,0,187571171328,121214177280
1791577897.0871844,0.9959952011704445,61717155840,0,61948821504,23069720576,61394685952,61394690560,876600832,0,187571245056,121214177280
1791577898.0668898,0.9795612078160048,61717155840,0,61948821504,23069720576,61394685952,61394690560,876600832,0,187570847744,121214177280
1791577899.0479612,0.9809250682592392,61717155840,0,61948821504,23069720576,61394685952,61394690560,876600832,0,187570933760,121214177280
1791577900.0365663,0.9884560629725456,61717155840,0,61948821504,23069720576,61394685952,61394690560,876600832,0,187571347456,121214177280
1791577901.0279727,0.9912624880671501,61717155840,0,61948821504,23069720576,61394685952,61394690560,876600832,0,187571249152,121214177280
1791577902.0758333,1.0477182753384113,61717155840,0,61948821504,23069720576,61394685952,61394690560,876600832,0,187571470336,121214177280
1791577903.0778391,1.0018567759543657,61717155840,0,61948821504,23069720576,61394685952,61394690560,876600832,0,187571187712,121214177280
1791577904.0633516,0.9853674713522196,61717155840,0,61948821504,23069720576,61394685952,61394690560,876600832,0,187571249152,121214177280
1791577905.057047,0.9935448169708252,61717155840,0,61948821504,23069720576,61394685952,61394690560,876600832,0,187571879936,121214177280
1791577906.0465424,0.9893563203513622,61717155840,0,61948821504,23069720576,61394685952,61394690560,876600832,0,187571687424,121214177280
1791577907.0379317,0.9912364184856415,61717155840,0,61948821504,23069720576,61394685952,61394690560,876600832,0,187571310592,121214177280
1791577908.070462,1.032385915517807,61717155840,0,61948821504,23069720576,61394685952,61394690560,876600832,0,187570888704,121214177280
1791577909.067417,0.9968080371618271,61717155840,0,61948821504,23069720576,61394685952,61394690560,876600832,0,187570720768,121214177280
1791577910.0582747,0.9907164536416531,61717155840,0,61948821504,23069720576,61394685952,61394690560,876600832,0,187570925568,121214177280
1791577911.0508592,0.9924373347312212,61717155840,0,61948821504,23069720576,61394685952,61394690560,876600832,0,187570585600,121214177280
1791577912.0440655,0.9930582921952009,61717155840,0,61948821504,23069720576,61394685952,61394690560,876600832,0,187570393088,121214177280
1791577913.035218,0.9910313058644533,61717155840,0,61948821504,23069720576,61394685952,61394690560,876600832,0,187570479104,121214177280
1791577914.0284593,0.9930897448211908,61717155840,0,61948821504,23069720576,61394685952,61394690560,876600832,0,187570614272,121214177280
1791577914.9976432,0.969028864055872,61717155840,0,61948821504,23069720576,61394685952,61394690560,876600832,0,187571056640,121214173184
1791577915.9886384,0.9908401686698198,61717155840,0,61948821504,23069720576,61394685952,61394690560,876600832,0,187571404800,121214173184
1791577916.9793189,0.9905242621898651,61717155840,0,61948821504,23069720576,61394685952,61394690560,876600832,0,187570982912,121214173184
1791577918.0227206,1.0432554576545954,61717155840,0,61948821504,23069720576,61394685952,61394690560,876600832,0,187570892800,121214173184
1791577919.03522,1.0123536363244057,61717155840,0,61948821504,23069720576,61394685952,61394690560,876600832,0,187570905088,121214173184
1791577920.0285072,0.9931364078074694,61717155840,0,61948821504,23069720576,61394685952,61394690560,876600832,0,187571228672,121214173184
1791577921.0259967,0.9973345752805471,61717155840,0,61948821504,23069720576,61394685952,61394690560,876600832,0,187571326976,121214173184
1791577922.0260577,0.9999107923358679,61717155840,0,61948821504,23069720576,61394685952,61394690560,876600832,0,187571032064,121214173184
1791577923.0235944,0.9974079560488462,61717155840,0,61948821504,23069720576,61394685952,61394690560,876600832,0,187571716096,121214173184
1791577924.0217936,0.9980459567159414,61717155840,0,61948821504,23069720576,61394685952,61394690560,876600832,0,187570880512,121214173184
1791577925.0183814,0.996432987973094,61717155840,0,61948821504,23069720576,61394685952,61394690560,876600832,0,187571306496,121214173184
1791577926.056607,1.038083991035819,61717155840,0,61948821504,23069720576,61394685952,61394690560,876600832,0,187571490816,121214173184
1791577927.059229,1.0024739801883698,61717155840,0,61948821504,23069720576,61394685952,61394690560,876600832,0,187571630080,121214173184
1791577928.0562139,0.9968353807926178,61717155840,0,61948821504,23069720576,61394685952,61394690560,876600832,0,187571503104,121214173184
1791577929.053118,0.9967592358589172,61717155840,0,61948821504,23069720576,61394685952,61394690560,876600832,0,187571339264,121214173184
1791577930.009774,0.9564997125416994,61717155840,0,61948821504,23069720576,61394685952,61394690560,876600832,0,187571793920,121214173184
1791577931.0206013,1.0106779765337706,61717155840,0,61948821504,23069720576,61394685952,61394690560,876600832,0,187571552256,121214173184
1791577932.013192,0.9924450479447842,61717155840,0,61948821504,23069720576,61394685952,61394690560,876600832,0,187570593792,121214173184
1791577933.005489,0.9921549335122108,61717155840,0,61948821504,23069720576,61394685952,61394690560,876600832,0,187570851840,121214173184
1791577934.0634992,1.057865485548973,61717155840,0,61948821504,23069720576,61394685952,61394690560,876600832,0,187571179520,121214173184
1791577935.0767176,1.0130731631070375,61717155840,0,61948821504,23069720576,61394685952,61394690560,876600832,0,187570593792,121214173184
1791577936.0704794,0.9936207588762045,61717155840,0,61948821504,23069720576,61394685952,61394690560,876600832,0,187570581504,121214173184
1791577937.066568,0.9959396589547396,61717155840,0,61948821504,23069720576,61394685952,61394690560,876600832,0,187570659328,121214173184
1791577938.0881474,1.0214335899800062,61717155840,0,61948821504,23069720576,61394685952,61394690560,876600832,0,187570991104,121214173184
1791577939.1048632,1.0165580119937658,61717155840,0,61948821504,23069720576,61394685952,61394690560,876600832,0,187570688000,121214173184
1791577940.125868,1.0208534765988588,61717155840,0,61948821504,23069720576,61394685952,61394690560,876600832,0,187570679808,121214169088
1791577941.1258042,0.9997905790805817,61717155840,0,61948821504,23069720576,61394685952,61394690560,876600832,0,187570860032,121214169088
1791577942.1708484,1.044898396357894,61717155840,0,61948821504,23069720576,61394685952,61394690560,876600832,0,187570016256,121214144512
1791577943.1855826,1.0145921930670738,61716058112,0,61948821504,23069720576,61394599936,61394690560,875589120,0,187569786880,121214144512
1791577944.1824737,0.9967457093298435,61715939328,0,61948821504,23069720576,61394599936,61394690560,875470336,0,187569885184,121214144512
1791577945.2348726,1.0522531624883413,61716017152,0,61948821504,23069720576,61394599936,61394690560,875548160,0,187570290688,121214144512
1791577946.2808099,1.0457951556891203,61716082688,0,61948821504,23069720576,61394599936,61394690560,875613696,0,187570176000,121214144512
1791577947.2992024,1.0182536486536264,61716082688,0,61948821504,23069720576,61394599936,61394690560,875613696,0,187570216960,121214144512
1791577948.3605547,1.061200961470604,61715972096,0,61948821504,23069720576,61394599936,61394690560,875503104,0,187570593792,121214144512
1791577949.3778384,1.017135651782155,61722054656,0,61948821504,23069720576,61394665472,61394690560,881520128,0,187577315328,121214144512
1791577950.434355,1.056363446637988,61722406912,0,61948821504,23069720576,61394616320,61394690560,881921536,0,187572649984,121214144512
1791577951.453061,1.0185613669455051,61724282880,0,61948821504,23069720576,61392945152,61394690560,885468672,0,187579015168,121214144512
1791577952.5190313,1.0658428389579058,61724332032,0,61948821504,23069720576,61394190336,61394690560,884272640,0,187572817920,121214144512
1791577953.5249116,1.0057275891304016,61719470080,0,61948821504,23069720576,61392523264,61394690560,881077760,0,187573248000,121214144512
1791577954.5762222,1.0511600766330957,61718392832,0,61948821504,23069720576,61392113664,61394690560,,1,187494506496,121214103552
1791577955.1134644,0.5370972361415625,61640482816,0,472907776,84545634304,61392113664,0,,1,187486134272,121214095360
1791577955.1457095,0.032101135700941086,61619650560,0,462422016,84556120064,0,0,,1,187482005504,121214095360
1791577955.337467,0.023786578327417374,59968032768,0,4194304,85014347776,0,0,,1,185571848192,121214095360
1791577955.537452,0.023693442344665527,56224874496,0,4194304,85014347776,0,0,,1,181798219776,121214095360
1791577955.7398293,0.0259742122143507,52053958656,0,4194304,85014347776,0,0,,1,177430843392,121214095360
1791577955.9447312,0.030791878700256348,47128305664,0,4194304,85014347776,0,0,,1,172304384000,121214095360
1791577956.141723,0.02770095132291317,41289023488,0,4194304,85014347776,0,0,,1,166527893504,121214095360
1791577956.3418412,0.027738850563764572,35410018304,0,4194304,85014347776,0,0,,1,160655249408,121214095360
1791577956.541702,0.027467995882034302,30119268352,0,4194304,85014347776,0,0,,1,155485327360,121214095360
1791577956.7420964,0.027779294177889824,25327276032,0,4194304,85014347776,0,0,,1,150507499520,121214095360
1791577956.9440362,0.029636120423674583,19310546944,0,4194304,85014347776,0,0,,1,144425771008,121214095360
1791577957.1439142,0.02942720428109169,14763921408,0,4194304,85014347776,0,0,,1,140357615616,121214095360
1791577957.3469033,0.032333334907889366,12052889600,0,4194304,85014347776,0,0,,1,137585143808,121214095360
1791577957.5460048,0.03133263438940048,8914771968,0,4194304,85014347776,0,0,,1,134409682944,121214095360
1791577957.7448692,0.03010539896786213,5819568128,0,4194304,85014347776,0,0,,1,131377369088,121214095360
1791577957.9455283,0.030662180855870247,2956320768,0,4194304,85014347776,0,0,,1,128490119168,121214095360
1791577958.1457438,0.03078499063849449,153063424,0,4194304,85014347776,0,0,,1,125964038144,121213997056
