unix_seconds,sample_duration_seconds,host_tree_rss_bytes,host_tree_swap_bytes,whole_gpu_used_bytes,whole_gpu_free_bytes,resident_host_W_lower_bound_bytes,resident_device_W_bytes,sampled_temporary_bytes,W_transition_incomplete,cgroup_memory_current_bytes,disk_available_bytes,smaps_read_failures
1791592567.1257727,0.028487037867307663,49283072,0,0,85017493504,0,0,49283072,0,99202146304,121118871552,0
1791592567.3218994,0.02450805902481079,78925824,0,0,85017493504,0,0,78925824,0,99231297536,121118867456,0
1791592567.5268831,0.02940359339118004,79130624,0,0,85017493504,0,0,79130624,0,99231121408,121118867456,0
1791592567.727788,0.030219458043575287,79130624,0,0,85017493504,0,0,79130624,0,99230957568,121118867456,0
1791592567.9262123,0.028557881712913513,79130624,0,0,85017493504,0,0,79130624,0,99230949376,121118867456,0
1791592568.1253524,0.027611883357167244,79130624,0,0,85017493504,0,0,79130624,0,99231023104,121118867456,0
1791592568.325058,0.027232136577367783,79130624,0,0,85017493504,0,0,79130624,0,99231117312,121118867456,0
1791592568.525614,0.027718229219317436,79130624,0,0,85017493504,0,0,79130624,0,99230355456,121118867456,0
1791592568.7286386,0.030654611065983772,79130624,0,0,85017493504,0,0,79130624,0,99230433280,121118867456,0
1791592568.9252205,0.027148323133587837,79130624,0,0,85017493504,0,0,79130624,0,99230740480,121118867456,0
1791592569.1246212,0.02647974342107773,79134720,0,0,85017493504,0,0,79134720,0,99230826496,121118867456,0
1791592569.3232055,0.025006523355841637,79138816,0,0,85017493504,0,0,79138816,0,99230916608,121118867456,0
1791592569.5247896,0.026522843167185783,79142912,0,0,85017493504,0,0,79142912,0,99231006720,121118867456,0
1791592569.723061,0.02472529001533985,87937024,0,0,85017493504,0,0,87937024,0,99239759872,121118867456,0
1791592569.9246216,0.026219943538308144,87937024,0,0,85017493504,0,0,87937024,0,99239849984,121118867456,0
1791592570.1217673,0.023296210914850235,87937024,0,0,85017493504,0,0,87937024,0,99239661568,121118867456,0
1791592570.3212292,0.022691387683153152,87941120,0,0,85017493504,0,0,87941120,0,99239751680,121118867456,0
1791592570.5266254,0.028014617040753365,87941120,0,0,85017493504,0,0,87941120,0,99240099840,121118867456,0
1791592570.727852,0.029140550643205643,87941120,0,0,85017493504,0,0,87941120,0,99240214528,121118867456,0
1791592570.9282076,0.029365496709942818,87941120,0,0,85017493504,0,0,87941120,0,99239985152,121118867456,0
1791592571.1302054,0.0312361940741539,87941120,0,0,85017493504,0,0,87941120,0,99239878656,121118867456,0
1791592571.326136,0.02707207389175892,87941120,0,0,85017493504,0,0,87941120,0,99239972864,121118867456,0
1791592571.5272915,0.028119947761297226,87941120,0,0,85017493504,0,0,87941120,0,99240062976,121118867456,0
1791592571.7236643,0.02438046783208847,87941120,0,0,85017493504,0,0,87941120,0,99239886848,121118867456,0
1791592571.9288607,0.02947899140417576,87941120,0,0,85017493504,0,0,87941120,0,99239387136,121118867456,0
1791592572.1320305,0.03254582732915878,87941120,0,0,85017493504,0,0,87941120,0,99239788544,121118867456,0
1791592572.329075,0.029478680342435837,96731136,0,0,85017493504,0,0,96731136,0,99248672768,121118867456,0
1791592572.5600567,0.06034428812563419,96731136,0,0,85017493504,0,0,96731136,0,99248627712,121118867456,0
1791592572.7323694,0.03252391330897808,96731136,0,0,85017493504,0,0,96731136,0,99248726016,121118867456,0
1791592572.9279163,0.027983523905277252,96731136,0,0,85017493504,0,0,96731136,0,99248828416,121118867456,0
1791592573.1312156,0.031194103881716728,96731136,0,0,85017493504,0,0,96731136,0,99248484352,121118867456,0
1791592573.3299766,0.029844049364328384,96731136,0,0,85017493504,0,0,96731136,0,99248521216,121118867456,0
1791592573.5316393,0.03138960525393486,96731136,0,0,85017493504,0,0,96731136,0,99248291840,121118867456,0
1791592573.7291965,0.028863510116934776,96735232,0,0,85017493504,0,0,96735232,0,99248381952,121118867456,0
1791592573.931363,0.030923396348953247,96735232,0,0,85017493504,0,0,96735232,0,99248070656,121118867456,0
1791592574.130687,0.03014945611357689,96735232,0,0,85017493504,0,0,96735232,0,99248082944,121118867456,0
1791592574.3315942,0.03095758520066738,96739328,0,0,85017493504,0,0,96739328,0,99247845376,121118863360,0
1791592574.5303028,0.0295649915933609,96739328,0,0,85017493504,0,0,96739328,0,99247886336,121118863360,0
1791592574.7310529,0.03022829256951809,110665728,0,0,85017493504,0,0,110665728,0,99258724352,121118859264,0
1791592574.9295657,0.028642376884818077,130162688,0,0,85017493504,0,0,130162688,0,99281588224,121118859264,0
1791592575.1290011,0.027973223477602005,130162688,0,0,85017493504,0,0,130162688,0,99281874944,121118859264,0
1791592575.3318522,0.03071521408855915,130162688,0,0,85017493504,0,0,130162688,0,99281555456,121118859264,0
1791592575.5302966,0.02907903678715229,130162688,0,0,85017493504,0,0,130162688,0,99281854464,121118859264,0
1791592575.7301583,0.028857190161943436,130162688,0,0,85017493504,0,0,130162688,0,99281457152,121118859264,0
1791592575.9295042,0.028094811365008354,130162688,0,0,85017493504,0,0,130162688,0,99281412096,121118859264,0
1791592576.1306286,0.02913649007678032,130162688,0,0,85017493504,0,0,130162688,0,99281367040,121118859264,0
1791592576.3264692,0.024875111877918243,130162688,0,0,85017493504,0,0,130162688,0,99281453056,121118859264,0
1791592576.5284085,0.026745013892650604,130162688,0,0,85017493504,0,0,130162688,0,99281551360,121118859264,0
1791592576.7329848,0.031235819682478905,130162688,0,0,85017493504,0,0,130162688,0,99281793024,121118859264,0
1791592576.9314594,0.029591616243124008,130162688,0,0,85017493504,0,0,130162688,0,99281797120,121118859264,0
1791592577.1335034,0.031544025987386703,130162688,0,0,85017493504,0,0,130162688,0,99281719296,121118859264,0
1791592577.3313987,0.029320254921913147,130162688,0,0,85017493504,0,0,130162688,0,99281551360,121118859264,0
1791592577.533321,0.031093940138816833,140992512,0,0,85017493504,0,0,140992512,0,99292200960,121118859264,0
1791592577.7310505,0.028735969215631485,140992512,0,0,85017493504,0,0,140992512,0,99292332032,121118859264,0
1791592577.9310386,0.028615517541766167,140992512,0,0,85017493504,0,0,140992512,0,99292106752,121118859264,0
1791592578.1296587,0.027145305648446083,140992512,0,0,85017493504,0,0,140992512,0,99292426240,121118859264,0
1791592578.3313828,0.028781628236174583,140992512,0,0,85017493504,0,0,140992512,0,99292528640,121118859264,0
1791592578.53635,0.03362785093486309,140992512,0,0,85017493504,0,0,140992512,0,99292536832,121118859264,0
1791592578.7353435,0.03246227093040943,140992512,0,0,85017493504,0,0,140992512,0,99292446720,121118859264,0
1791592578.9352226,0.032202718779444695,140996608,0,0,85017493504,0,0,140996608,0,99292606464,121118859264,0
1791592579.136032,0.032886283472180367,140996608,0,0,85017493504,0,0,140996608,0,99292356608,121118859264,0
1791592579.334734,0.03146035969257355,140996608,0,0,85017493504,0,0,140996608,0,99292332032,121118859264,0
1791592579.5332155,0.029811415821313858,140996608,0,0,85017493504,0,0,140996608,0,99292504064,121118859264,0
1791592579.7346792,0.031154291704297066,140996608,0,0,85017493504,0,0,140996608,0,99292033024,121118859264,0
1791592579.9327133,0.029074106365442276,140996608,0,0,85017493504,0,0,140996608,0,99292049408,121118859264,0
1791592580.1318202,0.02809765748679638,140996608,0,0,85017493504,0,0,140996608,0,99292143616,121118859264,0
1791592580.3303163,0.026508713141083717,147775488,0,0,85017493504,0,0,147775488,0,99299049472,121118859264,0
1791592580.5335793,0.02965991012752056,147775488,0,0,85017493504,0,0,147775488,0,99299254272,121118859264,0
1791592580.7345881,0.030575545504689217,147775488,0,0,85017493504,0,0,147775488,0,99303116800,121118859264,0
1791592580.9338987,0.029783697798848152,147775488,0,0,85017493504,0,0,147775488,0,99303022592,121118859264,0
1791592581.134253,0.030038051307201385,147775488,0,0,85017493504,0,0,147775488,0,99302535168,121118859264,0
1791592581.3335426,0.029215218499302864,147775488,0,0,85017493504,0,0,147775488,0,99302359040,121118859264,0
1791592581.5362434,0.031811099499464035,147775488,0,0,85017493504,0,0,147775488,0,99302518784,121118859264,0
1791592581.7345853,0.030065380036830902,147775488,0,0,85017493504,0,0,147775488,0,99302965248,121118855168,0
1791592581.9349139,0.030285248532891273,147775488,0,0,85017493504,0,0,147775488,0,99302719488,121118855168,0
1791592582.1346617,0.029923835769295692,147775488,0,0,85017493504,0,0,147775488,0,99302928384,121118855168,0
1791592582.3357673,0.030932657420635223,147775488,0,0,85017493504,0,0,147775488,0,99302952960,121118855168,0
1791592582.5350692,0.03015057183802128,147775488,0,0,85017493504,0,0,147775488,0,99302985728,121118855168,0
1791592582.73562,0.03060069866478443,147775488,0,0,85017493504,0,0,147775488,0,99303030784,121118855168,0
1791592582.9350998,0.02999836765229702,136921088,0,0,85017493504,0,0,136921088,0,99292192768,121118851072,0
1791592583.1357753,0.030548442155122757,136937472,0,0,85017493504,0,0,136937472,0,99292188672,121118851072,0
1791592583.3330147,0.02769986167550087,136949760,0,0,85017493504,0,0,136949760,0,99298918400,121118851072,0
1791592583.5331461,0.02774161659181118,136962048,0,0,85017493504,0,0,136962048,0,99300564992,121118851072,0
1791592583.7320414,0.026554256677627563,136962048,0,0,85017493504,0,0,136962048,0,99303051264,121118851072,0
1791592583.9417365,0.036158474162220955,320139264,0,0,85017493504,155754496,0,164384768,0,99488284672,121118846976,0
1791592584.1437843,0.0380889717489481,527765504,0,0,85017493504,361275392,0,166490112,0,99694129152,121118846976,0
1791592584.3412216,0.03542026877403259,727031808,0,0,85017493504,562601984,0,164429824,0,99894104064,121118846976,0
1791592584.5353162,0.029444972053170204,917872640,0,0,85017493504,755539968,0,162332672,0,100085157888,121118846976,0
1791592584.7405002,0.03454908728599548,1119215616,0,0,85017493504,956866560,0,162349056,0,100289204224,121118846976,0
1791592584.9382012,0.03216894716024399,1312153600,0,0,85017493504,1151901696,0,160251904,0,100482502656,121118846976,0
1791592585.1414974,0.03538079187273979,1515577344,0,0,85017493504,1349033984,0,166543360,0,100684759040,121118846976,0
1791592585.3423274,0.036131417378783226,1712709632,0,0,85017493504,1546166272,0,166543360,0,100881960960,121118846976,0
1791592585.5461128,0.039827411994338036,1903550464,0,0,85017493504,1734909952,0,168640512,0,101073666048,121118846976,0
1791592585.7432725,0.03689209371805191,2100699136,0,0,85017493504,1934139392,0,166559744,0,101271130112,121118846976,0
1791592585.9437754,0.03727742284536362,2299928576,0,0,85017493504,2133368832,0,166559744,0,101470846976,121118846976,0
1791592586.1423926,0.03580203652381897,2497060864,0,0,85017493504,2330501120,0,166559744,0,101667823616,121118846976,0
1791592586.345565,0.03888831101357937,2694193152,0,0,85017493504,2527633408,0,166559744,0,101865304064,121118846976,0
1791592586.5444922,0.03771616332232952,2880839680,0,0,85017493504,2716377088,0,164462592,0,102052519936,121118846976,0
1791592586.74392,0.03704332746565342,3073794048,0,0,85017493504,2907217920,0,166576128,0,102248103936,121118846976,0
1791592586.942537,0.03557120822370052,3270926336,0,0,85017493504,3104350208,0,166576128,0,102442631168,121118846976,0
1791592587.140371,0.033307185396552086,3453378560,0,0,85017493504,3290996736,0,162381824,0,102625886208,121118846976,0
1791592587.3449829,0.03776075132191181,3654705152,0,0,85017493504,3488129024,0,166576128,0,102827761664,121118846976,0
1791592587.54442,0.03708227723836899,3826671616,0,0,85017493504,3666386944,0,160284672,0,103001907200,121118846976,0
1791592587.745103,0.03764193691313267,4015415296,0,0,85017493504,3850936320,0,164478976,0,103189323776,121118846976,0
1791592587.9454215,0.0378674753010273,4206272512,0,0,85017493504,4039680000,0,166592512,0,103380623360,121118846976,0
1791592588.1456206,0.03795236349105835,4384530432,0,0,85017493504,4222132224,0,162398208,0,103558893568,121118846976,0
1791592588.3452122,0.03745581954717636,4573274112,0,0,85017493504,4408778752,0,164495360,0,103747985408,121118846976,0
1791592588.5433125,0.035474618896842,4755726336,0,0,85017493504,4591230976,0,164495360,0,103930707968,121118846976,0
1791592588.745325,0.037404485046863556,4950761472,0,0,85017493504,4786266112,0,164495360,0,104128643072,121118846976,0
1791592588.9452093,0.03719738870859146,5139505152,0,0,85017493504,4972912640,0,166592512,0,104302882816,121118842880,0
1791592589.1433303,0.0352463573217392,5334556672,0,0,85017493504,5170044928,0,164511744,0,104497700864,121118842880,0
1791592589.346253,0.03801679611206055,5535883264,0,0,85017493504,5369274368,0,166608896,0,104698769408,121118842880,0
1791592589.544881,0.0365630928426981,5733015552,0,0,85017493504,5566406656,0,166608896,0,104895737856,121118842880,0
1791592589.745163,0.036762695759534836,5932244992,0,0,85017493504,5765636096,0,166608896,0,105095544832,121118842880,0
1791592589.9452515,0.03676345944404602,6127280128,0,0,85017493504,5962768384,0,164511744,0,105290690560,121118842880,0
1791592590.146421,0.037841035053133965,6326530048,0,0,85017493504,6159900672,0,166629376,0,105490477056,121118842880,0
1791592590.3456454,0.0369759239256382,6521565184,0,0,85017493504,6357032960,0,164532224,0,105685856256,121118842880,0
1791592590.5438468,0.03508432023227215,6708211712,0,0,85017493504,6543679488,0,164532224,0,105875214336,121118842880,0
1791592590.7462502,0.03739539347589016,6909538304,0,0,85017493504,6742908928,0,166629376,0,106074501120,121118842880,0
1791592590.9465044,0.037525517866015434,7108767744,0,0,85017493504,6942138368,0,166629376,0,106273988608,121118842880,0
1791592591.1479387,0.038840943947434425,7310094336,0,0,85017493504,7143464960,0,166629376,0,106475433984,121118842880,0
1791592591.3482378,0.03900793939828873,7509340160,0,0,85017493504,7342694400,0,166645760,0,106675253248,121118842880,0
1791592591.550663,0.04134351946413517,7710666752,0,0,85017493504,7541923840,0,168742912,0,106879213568,121118842880,0
1791592591.750915,0.04147214628756046,7911993344,0,0,85017493504,7743250432,0,168742912,0,107081502720,121118842880,0
1791592591.948805,0.03923769295215607,8098639872,0,0,85017493504,7929896960,0,168742912,0,107265556480,121118842880,0
1791592592.15048,0.040802761912345886,8289480704,0,0,85017493504,8120737792,0,168742912,0,107457183744,121118842880,0
1791592592.3486404,0.03883880004286766,8486612992,0,0,85017493504,8317870080,0,168742912,0,107654352896,121118842880,0
1791592592.5598345,0.049892131239175797,8696344576,0,0,85017493504,8523390976,0,172953600,0,107864584192,121118842880,0
1791592592.7495074,0.03944717347621918,8880893952,0,0,85017493504,8712134656,0,168759296,0,108051582976,121118842880,0
1791592592.9507906,0.04063182324171066,9082220544,0,0,85017493504,8915558400,0,166662144,0,108251181056,121118842880,0
1791592593.1472678,0.037022488191723824,9281449984,0,0,85017493504,9114787840,0,166662144,0,108451184640,121118842880,0
1791592593.348151,0.03781040385365486,9486970880,0,0,85017493504,9320308736,0,166662144,0,108656984064,121118842880,0
1791592593.5492105,0.03876751661300659,9692491776,0,0,85017493504,9525829632,0,166662144,0,108862869504,121118842880,0
1791592593.7482982,0.03775547631084919,9883332608,0,0,85017493504,9718767616,0,164564992,0,109053734912,121118842880,0
1791592593.9479065,0.03723456524312496,10076270592,0,0,85017493504,9911705600,0,164564992,0,109248811008,121118842880,0
1791592594.1480305,0.037238772958517075,10277597184,0,0,85017493504,10110935040,0,166662144,0,109448339456,121118842880,0
1791592594.34767,0.03678613714873791,10478923776,0,0,85017493504,10312261632,0,166662144,0,109650284544,121118842880,0
1791592594.5501144,0.039090368896722794,10686541824,0,0,85017493504,10517782528,0,168759296,0,109858250752,121118842880,0
1791592594.7506435,0.03953601233661175,10889965568,0,0,85017493504,10721206272,0,168759296,0,110062329856,121118842880,0
1791592594.948057,0.03682513348758221,11091292160,0,0,85017493504,10924630016,0,166662144,0,110263742464,121118842880,0
1791592595.1458037,0.03448597528040409,11294715904,0,0,85017493504,11132248064,0,162467840,0,110467743744,121118842880,0
1791592595.3454378,0.03403652831912041,11500236800,0,0,85017493504,11337768960,0,162467840,0,110675714048,121118842880,0
1791592595.5511932,0.0397033654153347,11703660544,0,0,85017493504,11536998400,0,166662144,0,110879326208,121118842880,0
1791592595.7510374,0.03946168161928654,11904987136,0,0,85017493504,11736227840,0,168759296,0,111079145472,121118838784,0
1791592595.9512718,0.03956635296344757,12104216576,0,0,85017493504,11937554432,0,166662144,0,111280869376,121118838784,0
1791592596.1486971,0.03690560534596443,12303446016,0,0,85017493504,12138881024,0,164564992,0,111480545280,121118838784,0
1791592596.3496263,0.03774416074156761,12504772608,0,0,85017493504,12338110464,0,166662144,0,111680122880,121118838784,0
1791592596.547855,0.03587687388062477,12706103296,0,0,85017493504,12541534208,0,164569088,0,111881797632,121118838784,0
1791592596.7553077,0.0432076882570982,12903235584,0,0,85017493504,12732375040,0,170860544,0,112079757312,121118838784,0
1791592596.9514933,0.03920340910553932,13096173568,0,0,85017493504,12929507328,0,166666240,0,112273047552,121118838784,0
1791592597.1508079,0.0384322851896286,13282820096,0,0,85017493504,13118251008,0,164569088,0,112460533760,121118838784,0
1791592597.350327,0.03785537928342819,13482049536,0,0,85017493504,13315383296,0,166666240,0,112659582976,121118838784,0
1791592597.548852,0.03628703951835632,13683376128,0,0,85017493504,13516709888,0,166666240,0,112861310976,121118838784,0
1791592597.7503004,0.03764055296778679,13886799872,0,0,85017493504,13718036480,0,168763392,0,113064656896,121118838784,0
1791592597.9495134,0.03676334023475647,14090223616,0,0,85017493504,13923557376,0,166666240,0,113268518912,121118838784,0
1791592598.1520333,0.03919349052011967,14297841664,0,0,85017493504,14129078272,0,168763392,0,113476481024,121118838784,0
1791592598.3527741,0.03984764404594898,14501265408,0,0,85017493504,14332502016,0,168763392,0,113680781312,121118838784,0
1791592598.551411,0.03839072398841381,14694203392,0,0,85017493504,14525440000,0,168763392,0,113874042880,121118838784,0
1791592598.7517118,0.03857414983212948,14889238528,0,0,85017493504,14722572288,0,166666240,0,114069700608,121118838784,0
1791592598.9515357,0.0383143275976181,15090565120,0,0,85017493504,14923898880,0,166666240,0,114270867456,121118838784,0
1791592599.1536572,0.04035334289073944,15289794560,0,0,85017493504,15121031168,0,168763392,0,114470510592,121118838784,0
1791592599.353357,0.03993356414139271,15482732544,0,0,85017493504,15313969152,0,168763392,0,114663804928,121118838784,0
1791592599.5526276,0.03908921591937542,15677767680,0,0,85017493504,15511101440,0,166666240,0,114859204608,121118838784,0
1791592599.7510204,0.03739754669368267,15874899968,0,0,85017493504,15708233728,0,166666240,0,115056742400,121118838784,0
1791592599.9527757,0.039070168510079384,16074129408,0,0,85017493504,15907463168,0,166666240,0,115258658816,121118838784,0
1791592600.152329,0.038518160581588745,16275456000,0,0,85017493504,16108789760,0,166666240,0,115457994752,121118838784,0
1791592600.3525872,0.03868551179766655,16466296832,0,0,85017493504,16299630592,0,166666240,0,115651461120,121118838784,0
1791592600.5519977,0.038003820925951004,16671817728,0,0,85017493504,16505151488,0,166666240,0,115855233024,121118838784,0
1791592600.7530663,0.03898663818836212,16879435776,0,0,85017493504,16712769536,0,166666240,0,116063432704,121118838784,0
1791592600.950103,0.03593936562538147,17080762368,0,0,85017493504,16916193280,0,164569088,0,116265115648,121118838784,0
1791592601.1507087,0.03646130859851837,17286283264,0,0,85017493504,17121714176,0,164569088,0,116471234560,121118838784,0
1791592601.3529189,0.03858646936714649,17495998464,0,0,85017493504,17327235072,0,168763392,0,116681560064,121118838784,0
1791592601.5555034,0.04107664152979851,17701519360,0,0,85017493504,17534853120,0,166666240,0,116887228416,121118838784,0
1791592601.7541897,0.03966742008924484,17894457344,0,0,85017493504,17729888256,0,164569088,0,117080104960,121118838784,0
1791592601.9533753,0.038768213242292404,18089492480,0,0,85017493504,17922826240,0,166666240,0,117276028928,121118838784,0
1791592602.1545777,0.039886459708213806,18284527616,0,0,85017493504,18117861376,0,166666240,0,117473796096,121118838784,0
1791592602.352586,0.03781351447105408,18481659904,0,0,85017493504,18314993664,0,166666240,0,117669433344,121118834688,0
1791592602.5533977,0.03854355216026306,18678792192,0,0,85017493504,18512125952,0,166666240,0,117866782720,121118834688,0
1791592602.7543552,0.03937096334993839,18875924480,0,0,85017493504,18711355392,0,164569088,0,118066618368,121118834688,0
1791592602.9546082,0.039531152695417404,19077255168,0,0,85017493504,18910584832,0,166670336,0,118265618432,121118834688,0
1791592603.154315,0.039095811545848846,19272290304,0,0,85017493504,19105619968,0,166670336,0,118460862464,121118834688,0
1791592603.3554378,0.040134256705641747,19469422592,0,0,85017493504,19302752256,0,166670336,0,118658347008,121118834688,0
1791592603.5559173,0.04047778621315956,19666554880,0,0,85017493504,19499884544,0,166670336,0,118855835648,121118834688,0
1791592603.7587576,0.04319790564477444,19865784320,0,0,85017493504,19694919680,0,170864640,0,119055491072,121118834688,0
1791592603.9543867,0.03870537877082825,20062928896,0,0,85017493504,19896246272,0,166682624,0,119253078016,121118834688,0
1791592604.1539633,0.03818262368440628,20266352640,0,0,85017493504,20099670016,0,166682624,0,119457087488,121118834688,0
1791592604.3544867,0.03861774876713753,20461387776,0,0,85017493504,20294705152,0,166682624,0,119652384768,121118834688,0
1791592604.5539792,0.03801258094608784,20666908672,0,0,85017493504,20500226048,0,166682624,0,119858442240,121118834688,0
1791592604.7548356,0.03874061070382595,20868235264,0,0,85017493504,20701552640,0,166682624,0,120062218240,121118834688,0
1791592604.954146,0.03791072592139244,21071659008,0,0,85017493504,20904976384,0,166682624,0,120264142848,121118834688,0
1791592605.1572497,0.040908146649599075,21281374208,0,0,85017493504,21112594432,0,168779776,0,120474304512,121118834688,0
1791592605.3561268,0.03965806029736996,21470117888,0,0,85017493504,21303435264,0,166682624,0,120663404544,121118834688,0
1791592605.555507,0.038945017382502556,21671444480,0,0,85017493504,21504761856,0,166682624,0,120864874496,121118834688,0
1791592605.7541711,0.03751525841653347,21868576768,0,0,85017493504,21703991296,0,164585472,0,121062621184,121118834688,0
1791592605.9557853,0.039007529616355896,22074097664,0,0,85017493504,21907415040,0,166682624,0,121268244480,121118834688,0
1791592606.1549375,0.03806773200631142,22277521408,0,0,85017493504,22108741632,0,168779776,0,121472286720,121118834688,0
1791592606.3545315,0.03757103905081749,22480945152,0,0,85017493504,22314262528,0,166682624,0,121676054528,121118834688,0
1791592606.5551324,0.03807693161070347,22688563200,0,0,85017493504,22519783424,0,168779776,0,121884119040,121118834688,0
1791592606.7559514,0.03879375196993351,22896181248,0,0,85017493504,22727401472,0,168779776,0,122092097536,121118834688,0
1791592606.9573667,0.040083758533000946,23101702144,0,0,85017493504,22937116672,0,164585472,0,122297946112,121118834688,0
1791592607.1594398,0.04207306355237961,23303028736,0,0,85017493504,23134248960,0,168779776,0,122500481024,121118830592,0
1791592607.3568914,0.039390427991747856,23506452480,0,0,85017493504,23339769856,0,166682624,0,122706243584,121118830592,0
1791592607.5576093,0.04001546837389469,23714070528,0,0,85017493504,23545290752,0,168779776,0,122914164736,121118830592,0
1791592607.7577944,0.04011235013604164,23921688576,0,0,85017493504,23755005952,0,166682624,0,123121901568,121118830592,0
1791592607.9570563,0.039288051426410675,24129306624,0,0,85017493504,23962624000,0,166682624,0,123329953792,121118830592,0
1791592608.1563864,0.03853491321206093,24336924672,0,0,85017493504,24170242048,0,166682624,0,123535548416,121118830592,0
1791592608.3572927,0.03935583680868149,24534056960,0,0,85017493504,24365277184,0,168779776,0,123733291008,121118830592,0
1791592608.5535083,0.0354886744171381,24726994944,0,0,85017493504,24562409472,0,164585472,0,123926392832,121118830592,0
1791592608.754772,0.036668699234724045,24934612992,0,0,85017493504,24770027520,0,164585472,0,124134428672,121118830592,0
1791592608.957205,0.03897886723279953,25142231040,0,0,85017493504,24975548416,0,166682624,0,124341997568,121118830592,0
1791592609.155583,0.03727208264172077,25345654784,0,0,85017493504,25181069312,0,164585472,0,124546011136,121118826496,0
1791592609.3495293,0.031144842505455017,25546981376,0,0,85017493504,25382395904,0,164585472,0,124747948032,121118826496,0
1791592609.547891,0.02941758930683136,25742016512,0,0,85017493504,25583722496,0,158294016,0,124945678336,121118826496,0
1791592609.7587008,0.040095722302794456,25960120320,0,0,85017493504,25791340544,0,168779776,0,125161955328,121118826496,0
1791592609.958391,0.03969810530543327,26165641216,0,0,85017493504,25996861440,0,168779776,0,125370077184,121118826496,0
1791592610.1584203,0.03959753178060055,26356482048,0,0,85017493504,26189799424,0,166682624,0,125559373824,121118826496,0
1791592610.3583162,0.039403293281793594,26559905792,0,0,85017493504,26393223168,0,166682624,0,125763309568,121118826496,0
1791592610.555532,0.03653388284146786,26757038080,0,0,85017493504,26592452608,0,164585472,0,125960785920,121118826496,0
1791592610.7540593,0.034979596734046936,26956267520,0,0,85017493504,26793779200,0,162488320,0,126160384000,121118826496,0
1791592610.9549468,0.03578503057360649,27159691264,0,0,85017493504,26995105792,0,164585472,0,126364053504,121118826496,0
1791592611.1556654,0.03641415946185589,27358920704,0,0,85017493504,27194335232,0,164585472,0,126563573760,121118826496,0
1791592611.3600893,0.04074377380311489,27562344448,0,0,85017493504,27395661824,0,166682624,0,126767493120,121118826496,0
1791592611.556804,0.03737223707139492,27753185280,0,0,85017493504,27586502656,0,166682624,0,126958821376,121118826496,0
1791592611.749964,0.030459269881248474,27937734656,0,0,85017493504,27775246336,0,162488320,0,127143411712,121118826496,0
1791592611.9498003,0.030225522816181183,28139061248,0,0,85017493504,27976572928,0,162488320,0,127345586176,121118826496,0
1791592612.1537135,0.034058669582009315,28340387840,0,0,85017493504,28175802368,0,164585472,0,127547445248,121118826496,0
1791592612.3593967,0.03965553268790245,28548005888,0,0,85017493504,28383420416,0,164585472,0,127755370496,121118826496,0
1791592612.5593708,0.03954354673624039,28751429632,0,0,85017493504,28584747008,0,166682624,0,127960985600,121118826496,0
1791592612.7609656,0.041053056716918945,28956950528,0,0,85017493504,28788170752,0,168779776,0,128164601856,121118826496,0
1791592612.9592988,0.039300136268138885,29156179968,0,0,85017493504,28991594496,0,164585472,0,128364101632,121118826496,0
1791592613.1577113,0.03763047605752945,29355409408,0,0,85017493504,29188726784,0,166682624,0,128563789824,121118826496,0
1791592613.3605413,0.040369581431150436,29558833152,0,0,85017493504,29390053376,0,168779776,0,128767561728,121118826496,0
1791592613.5622072,0.0419496763497591,29758062592,0,0,85017493504,29593477120,0,164585472,0,128967319552,121118826496,0
1791592613.7605646,0.0401922557502985,29951000576,0,0,85017493504,29784317952,0,166682624,0,129160617984,121118826496,0
1791592613.9602206,0.03973183408379555,30156521472,0,0,85017493504,29987741696,0,168779776,0,129366355968,121118826496,0
1791592614.1614738,0.04089810512959957,30362042368,0,0,85017493504,30193262592,0,168779776,0,129572225024,121118826496,0
1791592614.3593645,0.03866148740053177,30563368960,0,0,85017493504,30396686336,0,166682624,0,129774092288,121118826496,0
1791592614.561453,0.04062412492930889,30762598400,0,0,85017493504,30595915776,0,166682624,0,129975939072,121118826496,0
1791592614.7598448,0.03892313688993454,30970216448,0,0,85017493504,30803533824,0,166682624,0,130184167424,121118826496,0
1791592614.9622123,0.04120311327278614,31182028800,0,0,85017493504,31013249024,0,168779776,0,130394140672,121118826496,0
1791592615.161801,0.04069642722606659,31377063936,0,0,85017493504,31210381312,0,166682624,0,130591711232,121118826496,0
1791592615.3609,0.03963799029588699,31576293376,0,0,85017493504,31407513600,0,168779776,0,130789179392,121118826496,0
1791592615.5658932,0.04454057477414608,31788105728,0,0,85017493504,31615131648,0,172974080,0,131001610240,121118826496,0
1791592615.761428,0.03995036520063877,31993626624,0,0,85017493504,31824846848,0,168779776,0,131207512064,121118822400,0
1791592615.9619951,0.04039729945361614,32197050368,0,0,85017493504,32032464896,0,164585472,0,131411337216,121118822400,0
1791592616.1625533,0.040867431089282036,32400474112,0,0,85017493504,32233791488,0,166682624,0,131615576064,121118822400,0
1791592616.3594363,0.03766576945781708,32601800704,0,0,85017493504,32437215232,0,164585472,0,131817132032,121118822400,0
1791592616.5589342,0.0370672307908535,32805224448,0,0,85017493504,32644833280,0,160391168,0,132022923264,121118822400,0
1791592616.7607696,0.03881788067519665,33002356736,0,0,85017493504,32839868416,0,162488320,0,132220395520,121118822400,0
1791592616.9616075,0.03956734016537666,33203683328,0,0,85017493504,33037000704,0,166682624,0,132420231168,121118822400,0
1791592617.161071,0.0389452688395977,33407107072,0,0,85017493504,33242521600,0,164585472,0,132624257024,121118822400,0
1791592617.366298,0.04404835030436516,33610530816,0,0,85017493504,33439653888,0,170876928,0,132830121984,121118822400,0
1791592617.5610967,0.03875558823347092,33809760256,0,0,85017493504,33643077632,0,166682624,0,133029539840,121118822400,0
1791592617.764589,0.04216020926833153,34017378304,0,0,85017493504,33850695680,0,166682624,0,133237485568,121118822400,0
1791592617.9620147,0.03949720971286297,34218704896,0,0,85017493504,34052022272,0,166682624,0,133437227008,121118822400,0
1791592618.1622288,0.03956298902630806,34409545728,0,0,85017493504,34244960256,0,164585472,0,133630787584,121118822400,0
1791592618.3674695,0.04468407668173313,34610872320,0,0,85017493504,34439995392,0,170876928,0,133830332416,121118822400,0
1791592618.5660348,0.043164389207959175,34814296064,0,0,85017493504,34643419136,0,170876928,0,134034149376,121118822400,0
1791592618.7686744,0.045701492577791214,35015622656,0,0,85017493504,34844745728,0,170876928,0,134235717632,121118822400,0
1791592618.9629214,0.03985566273331642,35212754944,0,0,85017493504,35046072320,0,166682624,0,134432976896,121118822400,0
1791592619.161761,0.038607437163591385,35416178688,0,0,85017493504,35249496064,0,166682624,0,134636748800,121118822400,0
1791592619.3633819,0.0401039682328701,35623796736,0,0,85017493504,35457114112,0,166682624,0,134845214720,121118822400,0
1791592619.564903,0.04150510020554066,35825123328,0,0,85017493504,35660537856,0,164585472,0,135046778880,121118822400,0
1791592619.7661722,0.04267051815986633,36026449920,0,0,85017493504,35857670144,0,168779776,0,135248408576,121118822400,0
1791592619.9635596,0.039932483807206154,36221485056,0,0,85017493504,36061093888,0,160391168,0,135443537920,121118822400,0
1791592620.1633835,0.039671462029218674,36422811648,0,0,85017493504,36256129024,0,166682624,0,135644954624,121118822400,0
1791592620.3651557,0.04136119596660137,36628332544,0,0,85017493504,36461649920,0,166682624,0,135851048960,121118822400,0
1791592620.5644798,0.040594203397631645,36833853440,0,0,85017493504,36667170816,0,166682624,0,136057221120,121118822400,0
1791592620.7625291,0.03855431638658047,37037277184,0,0,85017493504,36872691712,0,164585472,0,136263102464,121118822400,0
1791592620.9622803,0.038172490894794464,37244895232,0,0,85017493504,37080309760,0,164585472,0,136471302144,121118822400,0
1791592621.1656728,0.041436975821852684,37454610432,0,0,85017493504,37287927808,0,166682624,0,136681365504,121118822400,0
1791592621.3640661,0.03973550535738468,37660131328,0,0,85017493504,37493448704,0,166682624,0,136887246848,121118822400,0
1791592621.5662515,0.04179254733026028,37853069312,0,0,85017493504,37686386688,0,166682624,0,137080520704,121118822400,0
1791592621.7651632,0.040575895458459854,38058590208,0,0,85017493504,37891907584,0,166682624,0,137286537216,121118822400,0
1791592621.9625957,0.03792067617177963,38251528192,0,0,85017493504,38084845568,0,166682624,0,137477746688,121118822400,0
1791592622.1655009,0.04074430465698242,38457049088,0,0,85017493504,38290366464,0,166682624,0,137686388736,121118822400,0
1791592622.363266,0.03842325694859028,38660472832,0,0,85017493504,38495887360,0,164585472,0,137887633408,121118822400,0
1791592622.5613556,0.03643216751515865,38863896576,0,0,85017493504,38699311104,0,164585472,0,138091560960,121118818304,0
1791592622.76643,0.04141997545957565,39071514624,0,0,85017493504,38904832000,0,166682624,0,138298974208,121118818304,0
1791592622.9652696,0.040169453248381615,39272841216,0,0,85017493504,39106158592,0,166682624,0,138500927488,121118818304,0
1791592623.164983,0.03975389711558819,39474167808,0,0,85017493504,39309582336,0,164585472,0,138702786560,121118818304,0
1791592623.364754,0.039429839700460434,39669202944,0,0,85017493504,39502520320,0,166682624,0,138900426752,121118818304,0
1791592623.5650525,0.03959465026855469,39866335232,0,0,85017493504,39699652608,0,166682624,0,139095814144,121118818304,0
1791592623.7687511,0.04319860227406025,40080244736,0,0,85017493504,39909367808,0,170876928,0,139310292992,121118818304,0
1791592623.967317,0.04167558252811432,40281571328,0,0,85017493504,40119083008,0,162488320,0,139513417728,121118818304,0
1791592624.1686885,0.04295279271900654,40482897920,0,0,85017493504,40314118144,0,168779776,0,139713359872,121118818304,0
1791592624.3661182,0.040293509140610695,40686321664,0,0,85017493504,40519639040,0,166682624,0,139918516224,121118818304,0
1791592624.567488,0.04157802648842335,40889745408,0,0,85017493504,40723062784,0,166682624,0,140120440832,121118818304,0
1791592624.7681577,0.042118487879633904,41095266304,0,0,85017493504,40928583680,0,166682624,0,140326506496,121118818304,0
1791592624.9656444,0.03951853886246681,41286107136,0,0,85017493504,41119424512,0,166682624,0,140517838848,121118818304,0
1791592625.1643276,0.03811853937804699,41487433728,0,0,85017493504,41322848256,0,164585472,0,140719538176,121118818304,0
1791592625.365297,0.03896523639559746,41688760320,0,0,85017493504,41528369152,0,160391168,0,140921450496,121118818304,0
1791592625.5642738,0.037850821390748024,41885892608,0,0,85017493504,41723404288,0,162488320,0,141120434176,121118818304,0
1791592625.7682543,0.041744133457541466,42095607808,0,0,85017493504,41926828032,0,168779776,0,141328711680,121118818304,0
1791592625.9680629,0.041469620540738106,42299031552,0,0,85017493504,42132348928,0,166682624,0,141532311552,121118818304,0
1791592626.165888,0.039211491122841835,42500358144,0,0,85017493504,42335772672,0,164585472,0,141736316928,121118818304,0
1791592626.3653066,0.0385469701141119,42701684736,0,0,85017493504,42537099264,0,164585472,0,141935898624,121118818304,0
1791592626.5644927,0.037644390016794205,42896719872,0,0,85017493504,42734231552,0,162488320,0,142131384320,121118818304,0
1791592626.7928057,0.06586312875151634,43114823680,0,0,85017493504,42925072384,0,189751296,0,142352252928,121118818304,0
1791592626.9730968,0.04602553881704807,43297275904,0,0,85017493504,43124301824,0,172974080,0,142533419008,121118818304,0
1791592627.1660805,0.03892448917031288,43490213888,0,0,85017493504,43323531264,0,166682624,0,142726791168,121118818304,0
1791592627.3692837,0.04199914634227753,43693637632,0,0,85017493504,43524857856,0,168779776,0,142930243584,121118818304,0
1791592627.5677898,0.04040684923529625,43892867072,0,0,85017493504,43726184448,0,166682624,0,143129468928,121118818304,0
1791592627.768126,0.04061977006494999,44094193664,0,0,85017493504,43929608192,0,164585472,0,143333449728,121118818304,0
1791592627.968305,0.04066463187336922,44295520256,0,0,85017493504,44128837632,0,166682624,0,143533043712,121118818304,0
1791592628.1696897,0.0419591199606657,44488458240,0,0,85017493504,44321775616,0,166682624,0,143727116288,121118818304,0
1791592628.3706784,0.04286283254623413,44683497472,0,0,85017493504,44523102208,0,160395264,0,143924346880,121118818304,0
1791592628.5676906,0.03978867828845978,44874338304,0,0,85017493504,44709748736,0,164589568,0,144113373184,121118818304,0
1791592628.7716353,0.043646542355418205,45077762048,0,0,85017493504,44908978176,0,168783872,0,144317300736,121118818304,0
1791592628.9686167,0.04053591750562191,45274894336,0,0,85017493504,45108207616,0,166686720,0,144514789376,121118818304,0
1791592629.1712267,0.04300447180867195,45476220928,0,0,85017493504,45307437056,0,168783872,0,144716984320,121118818304,0
1791592629.3682902,0.039968762546777725,45671268352,0,0,85017493504,45506666496,0,164601856,0,144912236544,121118814208,0
1791592629.5689697,0.04055084474384785,45872594944,0,0,85017493504,45705895936,0,166699008,0,145114099712,121118814208,0
1791592629.767922,0.0393768809735775,46069727232,0,0,85017493504,45905125376,0,164601856,0,145313685504,121118814208,0
1791592629.9696388,0.04099814221262932,46266859520,0,0,85017493504,46104354816,0,162504704,0,145509171200,121118814208,0
1791592630.1731224,0.044396936893463135,46463991808,0,0,85017493504,46297292800,0,166699008,0,145706475520,121118814208,0
1791592630.3703637,0.04154391214251518,46661124096,0,0,85017493504,46494425088,0,166699008,0,145904226304,121118814208,0
1791592630.5730245,0.04410978779196739,46854062080,0,0,85017493504,46691557376,0,162504704,0,146097360896,121118814208,0
1791592630.7721496,0.04313873499631882,47047000064,0,0,85017493504,46878203904,0,168796160,0,146290819072,121118814208,0
1791592630.9722557,0.0431518517434597,47246229504,0,0,85017493504,47077433344,0,168796160,0,146490404864,121118814208,0
1791592631.1723614,0.043140530586242676,47445458944,0,0,85017493504,47278759936,0,166699008,0,146690170880,121118814208,0
1791592631.3721445,0.042823487892746925,47646785536,0,0,85017493504,47477989376,0,168796160,0,146891571200,121118814208,0
1791592631.5726852,0.04328066110610962,47848112128,0,0,85017493504,47679315968,0,168796160,0,147093762048,121118814208,0
1791592631.772338,0.04282986931502819,48051535872,0,0,85017493504,47884836864,0,166699008,0,147297599488,121118814208,0
1791592631.9710395,0.04144459031522274,48252862464,0,0,85017493504,48084066304,0,168796160,0,147499155456,121118814208,0
1791592632.169212,0.039527203887701035,48445800448,0,0,85017493504,48279101440,0,166699008,0,147692511232,121118814208,0
1791592632.3718042,0.0420217402279377,48649224192,0,0,85017493504,48486719488,0,162504704,0,147896389632,121118814208,0
1791592632.5712306,0.041351672261953354,48850550784,0,0,85017493504,48681754624,0,168796160,0,148097978368,121118814208,0
1791592632.7720547,0.04208395816385746,49056071680,0,0,85017493504,48887275520,0,168796160,0,148305944576,121118814208,0
1791592632.971665,0.04161257855594158,49263689728,0,0,85017493504,49096990720,0,166699008,0,148511825920,121118814208,0
1791592633.1723094,0.042175326496362686,49471307776,0,0,85017493504,49302511616,0,168796160,0,148719910912,121118814208,0
1791592633.3718708,0.04163946025073528,49672634368,0,0,85017493504,49505935360,0,166699008,0,148921774080,121118814208,0
1791592633.5706365,0.040306586772203445,49873960960,0,0,85017493504,49707261952,0,166699008,0,149123284992,121118814208,0
1791592633.7707675,0.04033759981393814,50066898944,0,0,85017493504,49900199936,0,166699008,0,149318348800,121118814208,0
1791592633.9721,0.04157371260225773,50261934080,0,0,85017493504,50095235072,0,166699008,0,149511856128,121118814208,0
1791592634.1721065,0.041485320776700974,50463260672,0,0,85017493504,50296561664,0,166699008,0,149713534976,121118814208,0
1791592634.3725889,0.04188367538154125,50668781568,0,0,85017493504,50502082560,0,166699008,0,149919379456,121118814208,0
1791592634.5731256,0.04232470877468586,50872205312,0,0,85017493504,50705506304,0,166699008,0,150122852352,121118814208,0
1791592634.7730181,0.042131222784519196,51075629056,0,0,85017493504,50908930048,0,166699008,0,150326734848,121118814208,0
1791592634.9724345,0.04146819747984409,51281149952,0,0,85017493504,51114450944,0,166699008,0,150532829184,121118814208,0
1791592635.169577,0.03852950967848301,51482476544,0,0,85017493504,51319971840,0,162504704,0,150736465920,121118814208,0
1791592635.3693786,0.038248009979724884,51677511680,0,0,85017493504,51515006976,0,162504704,0,150929760256,121118814208,0
1791592635.5735736,0.0423611905425787,51876741120,0,0,85017493504,51710042112,0,166699008,0,151129608192,121118814208,0
1791592635.7742782,0.04297105222940445,52084359168,0,0,85017493504,51915563008,0,168796160,0,151337844736,121118814208,0
1791592635.9714742,0.04007738456130028,52285685760,0,0,85017493504,52121083904,0,164601856,0,151539560448,121118810112,0
1791592636.172258,0.04077635891735554,52493303808,0,0,85017493504,52326604800,0,166699008,0,151747784704,121118810112,0
1791592636.372734,0.04116292670369148,52700921856,0,0,85017493504,52534222848,0,166699008,0,151955759104,121118810112,0
1791592636.5720482,0.04038768634200096,52908539904,0,0,85017493504,52741840896,0,166699008,0,152163966976,121118810112,0
1791592636.7750518,0.04329928383231163,53111963648,0,0,85017493504,52949458944,0,162504704,0,152366907392,121118810112,0
1791592636.974714,0.0428787749260664,53311193088,0,0,85017493504,53146591232,0,164601856,0,152566657024,121118810112,0
1791592637.1749797,0.043060535565018654,53514616832,0,0,85017493504,53343723520,0,170893312,0,152770482176,121118806016,0
1791592637.3771183,0.04511677101254463,53722234880,0,0,85017493504,53553438720,0,168796160,0,152978526208,121118806016,0
1791592637.5743496,0.04225828871130943,53923561472,0,0,85017493504,53754765312,0,168796160,0,153179918336,121118806016,0
1791592637.7767718,0.04454691335558891,54131179520,0,0,85017493504,53962383360,0,168796160,0,153388322816,121118806016,0
1791592637.9760294,0.04371318407356739,54336700416,0,0,85017493504,54167904256,0,168796160,0,153594298368,121118806016,0
1791592638.176908,0.04450620897114277,54538027008,0,0,85017493504,54369230848,0,168796160,0,153798578176,121118806016,0
1791592638.3801324,0.04761468805372715,54739353600,0,0,85017493504,54576848896,0,162504704,0,153997950976,121118806016,0
1791592638.574634,0.042024003341794014,54932291584,0,0,85017493504,54765592576,0,166699008,0,154191114240,121118806016,0
1791592638.7743175,0.041623543947935104,55131521024,0,0,85017493504,54971113472,0,160407552,0,154392473600,121118806016,0
1791592638.975411,0.04262283258140087,55332847616,0,0,85017493504,55164051456,0,168796160,0,154592030720,121118806016,0
1791592639.174307,0.04143459536135197,55536271360,0,0,85017493504,55367475200,0,168796160,0,154795704320,121118806016,0
1791592639.3756464,0.04267648607492447,55741792256,0,0,85017493504,55572996096,0,168796160,0,155001815040,121118806016,0
1791592639.5732667,0.040204085409641266,55941021696,0,0,85017493504,55776419840,0,164601856,0,155203493888,121118806016,0
1791592639.7735107,0.040357690304517746,56146542592,0,0,85017493504,55979843584,0,166699008,0,155407540224,121118806016,0
1791592639.9753003,0.04206102900207043,56352063488,0,0,85017493504,56185364480,0,166699008,0,155613593600,121118806016,0
1791592640.1753106,0.041988398879766464,56557584384,0,0,85017493504,56388788224,0,168796160,0,155819716608,121118806016,0
1791592640.3750837,0.04166853241622448,56748425216,0,0,85017493504,56581726208,0,166699008,0,156010565632,121118806016,0
1791592640.5748687,0.04136204719543457,56939266048,0,0,85017493504,56774664192,0,164601856,0,156201783296,121118806016,0
1791592640.775605,0.04201058857142925,57144786944,0,0,85017493504,56978087936,0,166699008,0,156407615488,121118806016,0
1791592640.9757028,0.04201059974730015,57350307840,0,0,85017493504,57181511680,0,168796160,0,156613726208,121118806016,0
1791592641.1833968,0.049620650708675385,57560023040,0,0,85017493504,57387032576,0,172990464,0,156825792512,121118806016,0
1791592641.3801255,0.04621528647840023,57761349632,0,0,85017493504,57594650624,0,166699008,0,157025648640,121118806016,0
1791592641.5775347,0.04353203997015953,57964773376,0,0,85017493504,57795977216,0,168796160,0,157229240320,121118806016,0
1791592641.7767627,0.04267106018960476,58170294272,0,0,85017493504,58001498112,0,168796160,0,157435281408,121118806016,0
1791592641.9782763,0.044051967561244965,58369523712,0,0,85017493504,58207019008,0,162504704,0,157634801664,121118806016,0
1791592642.1760702,0.041760748252272606,58570850304,0,0,85017493504,58402054144,0,168796160,0,157837000704,121118806016,0
1791592642.37579,0.04138774611055851,58772176896,0,0,85017493504,58607575040,0,164601856,0,158038269952,121118806016,0
1791592642.5755525,0.04106063209474087,58971406336,0,0,85017493504,58804707328,0,166699008,0,158237913088,121118806016,0
1791592642.7780912,0.04351356625556946,59172732928,0,0,85017493504,59008131072,0,164601856,0,158441943040,121118801920,0
1791592642.9760137,0.04135378077626228,59371962368,0,0,85017493504,59207360512,0,164601856,0,158639091712,121118801920,0
1791592643.1744523,0.03970796428620815,59569094656,0,0,85017493504,59406589952,0,162504704,0,158838812672,121118801920,0
1791592643.3787718,0.04394515976309776,59774615552,0,0,85017493504,59607916544,0,166699008,0,159044845568,121118801920,0
1791592643.5776532,0.04273354820907116,59963359232,0,0,85017493504,59805048832,0,158310400,0,159233638400,121118801920,0
1791592643.777459,0.04244917258620262,60164685824,0,0,85017493504,59997986816,0,166699008,0,159433506816,121118801920,0
1791592643.9759316,0.04083269648253918,60363915264,0,0,85017493504,60199313408,0,164601856,0,159632998400,121118801920,0
1791592644.177169,0.04193282872438431,60567339008,0,0,85017493504,60402737152,0,164601856,0,159839715328,121118801920,0
1791592644.3787804,0.043463146314024925,60772859904,0,0,85017493504,60606160896,0,166699008,0,160043659264,121118801920,0
1791592644.5754783,0.04007689096033573,60972089344,0,0,85017493504,60807487488,0,164601856,0,160243433472,121118801920,0
1791592644.7749186,0.03943018987774849,61167124480,0,0,85017493504,61004619776,0,162504704,0,160438829056,121118801920,0
1791592644.9785419,0.042968714609742165,61374742528,0,0,85017493504,61208043520,0,166699008,0,160646815744,121118801920,0
1791592645.5418026,0.4061442371457815,61533622272,0,1048576,85017493504,61394685952,0,139984896,0,160797847552,121118793728,0
1791592645.6047316,0.06262014247477055,61555499008,0,23068672,84995473408,61394685952,0,183881728,0,160800563200,121118793728,0
1791592645.7936797,0.0514487698674202,61583708160,0,61740154880,23278387200,61394685952,61394690560,534486528,0,160815992832,121118789632,0
1791592645.995531,0.0532095804810524,61583708160,0,61740154880,23278387200,61394685952,61394690560,534486528,0,160815759360,121118789632,0
1791592646.1962569,0.05385134555399418,61583708160,0,61740154880,23278387200,61394685952,61394690560,534486528,0,160816107520,121118789632,0
1791592646.3949118,0.05241777561604977,61583708160,0,61740154880,23278387200,61394685952,61394690560,534486528,0,160816373760,121118789632,0
1791592646.593469,0.05089377425611019,61583708160,0,61740154880,23278387200,61394685952,61394690560,534486528,0,160815910912,121118789632,0
1791592646.7942848,0.05159820802509785,61583708160,0,61740154880,23278387200,61394685952,61394690560,534486528,0,160815988736,121118789632,0
1791592646.9913385,0.04857155680656433,61583708160,0,61740154880,23278387200,61394685952,61394690560,534486528,0,160815783936,121118789632,0
1791592647.1945245,0.051676319912075996,61583708160,0,61740154880,23278387200,61394685952,61394690560,534486528,0,160815984640,121118789632,0
1791592647.3976867,0.05475619249045849,61583708160,0,61740154880,23278387200,61394685952,61394690560,534486528,0,160816050176,121118789632,0
1791592647.5971148,0.0540982149541378,61583708160,0,61740154880,23278387200,61394685952,61394690560,534486528,0,160816123904,121118789632,0
1791592647.7952998,0.052196204662323,61583708160,0,61740154880,23278387200,61394685952,61394690560,534486528,0,160816164864,121118789632,0
1791592647.994558,0.051334068179130554,61583708160,0,61740154880,23278387200,61394685952,61394690560,534486528,0,160815972352,121118789632,0
1791592648.2006104,0.05729912407696247,61583708160,0,61740154880,23278387200,61394685952,61394690560,534486528,0,160816041984,121118789632,0
1791592648.3969247,0.05353149026632309,61583708160,0,61740154880,23278387200,61394685952,61394690560,534486528,0,160816246784,121118789632,0
1791592648.596229,0.05275505222380161,61583708160,0,61740154880,23278387200,61394685952,61394690560,534486528,0,160816328704,121118789632,0
1791592648.7946866,0.051132019609212875,61583708160,0,61740154880,23278387200,61394685952,61394690560,534486528,0,160816406528,121118789632,0
1791592648.998194,0.05455871485173702,61583708160,0,61740154880,23278387200,61394685952,61394690560,534486528,0,160816246784,121118789632,0
1791592649.1971717,0.053454114124178886,61583708160,0,61740154880,23278387200,61394685952,61394690560,534486528,0,160816103424,121118785536,0
1791592649.398985,0.05517798848450184,61583708160,0,61740154880,23278387200,61394685952,61394690560,534486528,0,160816144384,121118785536,0
1791592649.5961535,0.05225579999387264,61583708160,0,61740154880,23278387200,61394685952,61394690560,534486528,0,160816164864,121118785536,0
1791592649.80725,0.0632276926189661,61583708160,0,61740154880,23278387200,61394685952,61394690560,534486528,0,160816250880,121118785536,0
1791592650.0001848,0.05604643188416958,61583708160,0,61740154880,23278387200,61394685952,61394690560,534486528,0,160816259072,121118785536,0
1791592650.1967723,0.05254601500928402,61583708160,0,61740154880,23278387200,61394685952,61394690560,534486528,0,160816607232,121118785536,0
1791592650.398974,0.05465750768780708,61583708160,0,61740154880,23278387200,61394685952,61394690560,534486528,0,160816480256,121118785536,0
1791592650.5992966,0.054900238290429115,61583708160,0,61740154880,23278387200,61394685952,61394690560,534486528,0,160816549888,121118785536,0
1791592650.7951286,0.05065154656767845,61583708160,0,61740154880,23278387200,61394685952,61394690560,534486528,0,160816640000,121118785536,0
1791592650.9932587,0.048700759187340736,61583712256,0,61740154880,23278387200,61394685952,61394690560,534490624,0,160816553984,121118785536,0
1791592651.192996,0.04835681989789009,61583712256,0,61740154880,23278387200,61394685952,61394690560,534490624,0,160816443392,121118785536,0
1791592651.3979049,0.05317234434187412,61583712256,0,61740154880,23278387200,61394685952,61394690560,534490624,0,160816320512,121118785536,0
1791592651.581876,0.03707786463201046,61583712256,0,61740154880,23278387200,61394685952,61394690560,534490624,0,160816615424,121118785536,0
1791592651.785155,0.04029329866170883,61583712256,0,61740154880,23278387200,61394685952,61394690560,534490624,0,160816705536,121118785536,0
1791592651.9981587,0.053211759775877,61583724544,0,61740154880,23278387200,61394685952,61394690560,534502912,0,160816123904,121118785536,0
1791592652.1975605,0.052520034834742546,61583724544,0,61740154880,23278387200,61394685952,61394690560,534502912,0,160816824320,121118785536,0
1791592652.3987553,0.05363449640572071,61583724544,0,61740154880,23278387200,61394685952,61394690560,534502912,0,160816668672,121118785536,0
1791592652.5975187,0.05231578089296818,61583724544,0,61740154880,23278387200,61394685952,61394690560,534502912,0,160816484352,121118785536,0
1791592652.7959666,0.05068364180624485,61583724544,0,61740154880,23278387200,61394685952,61394690560,534502912,0,160816467968,121118785536,0
1791592652.9990551,0.05369162559509277,61583724544,0,61740154880,23278387200,61394685952,61394690560,534502912,0,160816128000,121118785536,0
1791592653.1983235,0.05288060940802097,61583724544,0,61740154880,23278387200,61394685952,61394690560,534502912,0,160816222208,121118785536,0
1791592653.4008634,0.055332813411951065,61583724544,0,61740154880,23278387200,61394685952,61394690560,534502912,0,160816406528,121118785536,0
1791592653.5993295,0.053688088431954384,61583724544,0,61740154880,23278387200,61394685952,61394690560,534502912,0,160816623616,121118785536,0
1791592653.8002715,0.054544733837246895,61583724544,0,61740154880,23278387200,61394685952,61394690560,534502912,0,160816173056,121118785536,0
1791592653.9993055,0.05348997190594673,61583724544,0,61740154880,23278387200,61394685952,61394690560,534502912,0,160816074752,121118785536,0
1791592654.1980824,0.052187295630574226,61583724544,0,61740154880,23278387200,61394685952,61394690560,534502912,0,160816144384,121118785536,0
1791592654.3979921,0.05201246403157711,61583724544,0,61740154880,23278387200,61394685952,61394690560,534502912,0,160816181248,121118785536,0
1791592654.6044416,0.05837223678827286,61583724544,0,61740154880,23278387200,61394685952,61394690560,534502912,0,160816082944,121118785536,0
1791592654.8065393,0.06038084626197815,61583724544,0,61740154880,23278387200,61394685952,61394690560,534502912,0,160816201728,121118785536,0
1791592654.998035,0.05179198645055294,61583724544,0,61740154880,23278387200,61394685952,61394690560,534502912,0,160816300032,121118781440,0
1791592655.2028003,0.05646827816963196,61583724544,0,61740154880,23278387200,61394685952,61394690560,534502912,0,160816697344,121118781440,0
1791592655.4033432,0.05692405812442303,61583724544,0,61740154880,23278387200,61394685952,61394690560,534502912,0,160816234496,121118781440,0
1791592655.6006935,0.05416302755475044,61583724544,0,61740154880,23278387200,61394685952,61394690560,534502912,0,160816246784,121118781440,0
1791592655.8028698,0.05625355243682861,61583724544,0,61740154880,23278387200,61394685952,61394690560,534502912,0,160816275456,121118781440,0
1791592656.0000803,0.05336746387183666,61583724544,0,61740154880,23278387200,61394685952,61394690560,534502912,0,160815992832,121118781440,0
1791592656.198521,0.05169001221656799,61583724544,0,61740154880,23278387200,61394685952,61394690560,534502912,0,160816336896,121118781440,0
1791592656.4003415,0.05337688326835632,61583724544,0,61740154880,23278387200,61394685952,61394690560,534502912,0,160815857664,121118781440,0
1791592656.602879,0.05583290569484234,61583724544,0,61740154880,23278387200,61394685952,61394690560,534502912,0,160815939584,121118781440,0
1791592656.8020635,0.05493595264852047,61583724544,0,61740154880,23278387200,61394685952,61394690560,534502912,0,160816230400,121118781440,0
1791592657.0013676,0.05415825545787811,61583724544,0,61740154880,23278387200,61394685952,61394690560,534502912,0,160815976448,121118781440,0
1791592657.2031343,0.05584149621427059,61583724544,0,61740154880,23278387200,61394685952,61394690560,534502912,0,160816123904,121118781440,0
1791592657.4027874,0.055413445457816124,61583724544,0,61740154880,23278387200,61394685952,61394690560,534502912,0,160816427008,121118781440,0
1791592657.600429,0.05294104479253292,61583724544,0,61740154880,23278387200,61394685952,61394690560,534502912,0,160816250880,121118781440,0
1791592657.8036556,0.056079912930727005,61583724544,0,61740154880,23278387200,61394685952,61394690560,534502912,0,160816340992,121118781440,0
1791592657.9992363,0.05156595632433891,61583724544,0,61740154880,23278387200,61394685952,61394690560,534502912,0,160816062464,121118781440,0
1791592658.198146,0.05036795698106289,61583724544,0,61740154880,23278387200,61394685952,61394690560,534502912,0,160816050176,121118781440,0
1791592658.4031584,0.0552959144115448,61583724544,0,61740154880,23278387200,61394685952,61394690560,534502912,0,160816005120,121118781440,0
1791592658.6008928,0.0529455728828907,61583724544,0,61740154880,23278387200,61394685952,61394690560,534502912,0,160816029696,121118781440,0
1791592658.803246,0.05521487630903721,61583724544,0,61740154880,23278387200,61394685952,61394690560,534502912,0,160816115712,121118781440,0
1791592658.9994745,0.05134878307580948,61583724544,0,61740154880,23278387200,61394685952,61394690560,534502912,0,160816193536,121118781440,0
1791592659.199253,0.05104233883321285,61583724544,0,61740154880,23278387200,61394685952,61394690560,534502912,0,160816013312,121118781440,0
1791592659.4037254,0.05543089658021927,61583724544,0,61740154880,23278387200,61394685952,61394690560,534502912,0,160815816704,121118781440,0
1791592659.6015913,0.05318783223628998,61583724544,0,61740154880,23278387200,61394685952,61394690560,534502912,0,160816013312,121118781440,0
1791592659.7977767,0.04928881302475929,61583724544,0,61740154880,23278387200,61394685952,61394690560,534502912,0,160815857664,121118781440,0
1791592659.997252,0.04867969639599323,61583724544,0,61740154880,23278387200,61394685952,61394690560,534502912,0,160816193536,121118781440,0
1791592660.2013888,0.052733778953552246,61583724544,0,61740154880,23278387200,61394685952,61394690560,534502912,0,160816029696,121118781440,0
1791592660.4036658,0.054927341639995575,61583724544,0,61740154880,23278387200,61394685952,61394690560,534502912,0,160815828992,121118781440,0
1791592660.6019146,0.05308893695473671,61583724544,0,61740154880,23278387200,61394685952,61394690560,534502912,0,160815915008,121118777344,0
1791592660.7992256,0.05031652748584747,61583724544,0,61740154880,23278387200,61394685952,61394690560,534502912,0,160815980544,121118777344,0
1791592660.998902,0.04990821331739426,61583724544,0,61740154880,23278387200,61394685952,61394690560,534502912,0,160816070656,121118777344,0
1791592661.2023814,0.053300781175494194,61583724544,0,61740154880,23278387200,61394685952,61394690560,534502912,0,160815824896,121118777344,0
1791592661.4086072,0.05943836830556393,61583724544,0,61740154880,23278387200,61394685952,61394690560,534502912,0,160815611904,121118777344,0
1791592661.6012285,0.05196966044604778,61583724544,0,61740154880,23278387200,61394685952,61394690560,534502912,0,160815693824,121118777344,0
1791592661.7999308,0.05058974400162697,61583724544,0,61740154880,23278387200,61394685952,61394690560,534502912,0,160815632384,121118777344,0
1791592662.0053587,0.05592881888151169,61583724544,0,61740154880,23278387200,61394685952,61394690560,534502912,0,160815988736,121118777344,0
1791592662.203006,0.05349140614271164,61583724544,0,61740154880,23278387200,61394685952,61394690560,534502912,0,160816398336,121118777344,0
1791592662.403319,0.0537161398679018,61583724544,0,61740154880,23278387200,61394685952,61394690560,534502912,0,160816373760,121118777344,0
1791592662.599644,0.049956487491726875,61583724544,0,61740154880,23278387200,61394685952,61394690560,534502912,0,160816459776,121118777344,0
1791592662.7997425,0.04997073672711849,61583724544,0,61740154880,23278387200,61394685952,61394690560,534502912,0,160816164864,121118777344,0
1791592663.0001261,0.05027157999575138,61583724544,0,61740154880,23278387200,61394685952,61394690560,534502912,0,160815906816,121118777344,0
1791592663.2024786,0.05253944545984268,61583724544,0,61740154880,23278387200,61394685952,61394690560,534502912,0,160815992832,121118777344,0
1791592663.4047198,0.05469287000596523,61583724544,0,61740154880,23278387200,61394685952,61394690560,534502912,0,160816021504,121118777344,0
1791592663.6017091,0.051595598459243774,61583724544,0,61740154880,23278387200,61394685952,61394690560,534502912,0,160815898624,121118777344,0
1791592663.8050163,0.05481532774865627,61583724544,0,61740154880,23278387200,61394685952,61394690560,534502912,0,160816189440,121118777344,0
1791592664.0018961,0.051607998088002205,61583724544,0,61740154880,23278387200,61394685952,61394690560,534502912,0,160816472064,121118777344,0
1791592664.199644,0.049277737736701965,61583724544,0,61740154880,23278387200,61394685952,61394690560,534502912,0,160816820224,121118777344,0
1791592664.4027812,0.05230684019625187,61583724544,0,61740154880,23278387200,61394685952,61394690560,534502912,0,160816607232,121118777344,0
1791592664.605289,0.05472789518535137,61583724544,0,61740154880,23278387200,61394685952,61394690560,534502912,0,160816316416,121118777344,0
1791592664.8041189,0.053471995517611504,61583724544,0,61740154880,23278387200,61394685952,61394690560,534502912,0,160815599616,121118777344,0
1791592665.003447,0.05271696113049984,61583724544,0,61740154880,23278387200,61394685952,61394690560,534502912,0,160815656960,121118777344,0
1791592665.201362,0.05054839141666889,61583724544,0,61740154880,23278387200,61394685952,61394690560,534502912,0,160816009216,121118777344,0
1791592665.406144,0.05524439178407192,61583724544,0,61740154880,23278387200,61394685952,61394690560,534502912,0,160815710208,121118777344,0
1791592665.6038628,0.05283425748348236,61583724544,0,61740154880,23278387200,61394685952,61394690560,534502912,0,160816037888,121118777344,0
1791592665.801611,0.050496576353907585,61583724544,0,61740154880,23278387200,61394685952,61394690560,534502912,0,160816037888,121118777344,0
1791592665.9992537,0.048045190051198006,61583724544,0,61740154880,23278387200,61394685952,61394690560,534502912,0,160815759360,121118777344,0
1791592666.2071707,0.0558803528547287,61583724544,0,61740154880,23278387200,61394685952,61394690560,534502912,0,160816103424,121118777344,0
1791592666.403519,0.05214252322912216,61583724544,0,61740154880,23278387200,61394685952,61394690560,534502912,0,160815759360,121118773248,0
1791592666.6057558,0.0542970634996891,61583724544,0,61740154880,23278387200,61394685952,61394690560,534502912,0,160816091136,121118773248,0
1791592666.8025424,0.05100233852863312,61583724544,0,61740154880,23278387200,61394685952,61394690560,534502912,0,160816177152,121118773248,0
1791592667.0023565,0.05073399469256401,61583724544,0,61740154880,23278387200,61394685952,61394690560,534502912,0,160816263168,121118773248,0
1791592667.2028642,0.05115938372910023,61583724544,0,61740154880,23278387200,61394685952,61394690560,534502912,0,160816496640,121118769152,0
1791592667.4026196,0.0508340448141098,61583724544,0,61740154880,23278387200,61394685952,61394690560,534502912,0,160816287744,121118769152,0
1791592667.6085773,0.05671106092631817,61583724544,0,61740154880,23278387200,61394685952,61394690560,534502912,0,160816275456,121118769152,0
1791592667.803009,0.05104653909802437,61583724544,0,61740154880,23278387200,61394685952,61394690560,534502912,0,160816361472,121118769152,0
1791592668.0029368,0.05089237727224827,61583724544,0,61740154880,23278387200,61394685952,61394690560,534502912,0,160816447488,121118769152,0
1791592668.2089932,0.05686138942837715,61583724544,0,61740154880,23278387200,61394685952,61394690560,534502912,0,160816107520,121118769152,0
1791592668.4037182,0.05149506777524948,61583724544,0,61740154880,23278387200,61394685952,61394690560,534502912,0,160816111616,121118769152,0
1791592668.6044729,0.052165811881422997,61583724544,0,61740154880,23278387200,61394685952,61394690560,534502912,0,160816173056,121118769152,0
1791592668.8030305,0.05063996650278568,61583724544,0,61740154880,23278387200,61394685952,61394690560,534502912,0,160816037888,121118769152,0
1791592669.0026426,0.050171563401818275,61583724544,0,61740154880,23278387200,61394685952,61394690560,534502912,0,160816136192,121118769152,0
1791592669.208607,0.05605174042284489,61583724544,0,61740154880,23278387200,61394685952,61394690560,534502912,0,160815710208,121118769152,0
1791592669.405971,0.05333421751856804,61583724544,0,61740154880,23278387200,61394685952,61394690560,534502912,0,160816050176,121118769152,0
1791592669.6066597,0.05395779199898243,61583724544,0,61740154880,23278387200,61394685952,61394690560,534502912,0,160816152576,121118769152,0
1791592669.809986,0.05719696544110775,61583724544,0,61740154880,23278387200,61394685952,61394690560,534502912,0,160816181248,121118769152,0
1791592670.0037522,0.05083487369120121,61583724544,0,61740154880,23278387200,61394685952,61394690560,534502912,0,160816336896,121118769152,0
1791592670.204321,0.051316576078534126,61583724544,0,61740154880,23278387200,61394685952,61394690560,534502912,0,160816320512,121118769152,0
1791592670.408558,0.055471159517765045,61583724544,0,61740154880,23278387200,61394685952,61394690560,534502912,0,160816418816,121118769152,0
1791592670.604457,0.051287995651364326,61583724544,0,61740154880,23278387200,61394685952,61394690560,534502912,0,160816488448,121118769152,0
1791592670.8040907,0.05083836056292057,61583724544,0,61740154880,23278387200,61394685952,61394690560,534502912,0,160816570368,121118769152,0
1791592671.002851,0.04951706901192665,61583724544,0,61740154880,23278387200,61394685952,61394690560,534502912,0,160816373760,121118769152,0
1791592671.2030625,0.04964877478778362,61583724544,0,61740154880,23278387200,61394685952,61394690560,534502912,0,160816381952,121118769152,0
1791592671.4093738,0.05587740242481232,61583724544,0,61740154880,23278387200,61394685952,61394690560,534502912,0,160816336896,121118769152,0
1791592671.6059074,0.052298080176115036,61585498112,0,62360911872,22657630208,61394685952,61394690560,1157033472,0,160817926144,121118765056,0
1791592671.8063862,0.05266452021896839,61585768448,0,62383980544,22634561536,61394685952,61394690560,1180372480,0,160818212864,121118765056,0
1791592672.0085144,0.0547116044908762,61586030592,0,62407049216,22611492864,61394685952,61394690560,1203703296,0,160818503680,121118765056,0
1791592672.2073338,0.053444331511855125,61586153472,0,62417534976,22601007104,61394685952,61394690560,1214311936,0,160819126272,121118699520,0
1791592672.4076378,0.05366712808609009,61586153472,0,62417534976,22601007104,61394685952,61394690560,1214311936,0,160818835456,121118699520,0
1791592672.6089509,0.054889604449272156,61586153472,0,62417534976,22601007104,61394685952,61394690560,1214311936,0,160818495488,121118699520,0
1791592672.8079429,0.053796786814928055,61586153472,0,62417534976,22601007104,61394685952,61394690560,1214311936,0,160818556928,121118699520,0
1791592673.0086577,0.05442732200026512,61586153472,0,62417534976,22601007104,61394685952,61394690560,1214311936,0,160818286592,121118699520,0
1791592673.2089958,0.05468284524977207,61586153472,0,62417534976,22601007104,61394685952,61394690560,1214311936,0,160818069504,121118699520,0
1791592673.4103777,0.0559824351221323,61586153472,0,62417534976,22601007104,61394685952,61394690560,1214311936,0,160817991680,121118699520,0
1791592673.6095288,0.05505043640732765,61586153472,0,62417534976,22601007104,61394685952,61394690560,1214311936,0,160818262016,121118699520,0
1791592673.8070972,0.05250803008675575,61586153472,0,62417534976,22601007104,61394685952,61394690560,1214311936,0,160817819648,121118699520,0
1791592674.0144165,0.059716563671827316,61586153472,0,62417534976,22601007104,61394685952,61394690560,1214311936,0,160817795072,121118699520,0
1791592674.2051303,0.05030914209783077,61586153472,0,62417534976,22601007104,61394685952,61394690560,1214311936,0,160818192384,121118699520,0
1791592674.4038405,0.04893617331981659,61586153472,0,62417534976,22601007104,61394685952,61394690560,1214311936,0,160818778112,121118699520,0
1791592674.6108,0.05579377897083759,61586153472,0,62417534976,22601007104,61394685952,61394690560,1214311936,0,160818221056,121118699520,0
1791592674.8095677,0.05446952395141125,61586153472,0,62417534976,22601007104,61394685952,61394690560,1214311936,0,160818290688,121118699520,0
1791592675.0114489,0.05620485171675682,61586153472,0,62417534976,22601007104,61394685952,61394690560,1214311936,0,160818085888,121118699520,0
1791592675.213168,0.057801879942417145,61586153472,0,62417534976,22601007104,61394685952,61394690560,1214311936,0,160817422336,121118699520,0
1791592675.412251,0.05678744614124298,61586153472,0,62417534976,22601007104,61394685952,61394690560,1214311936,0,160817324032,121118699520,0
1791592675.5991018,0.0435630027204752,61586153472,0,62417534976,22601007104,61394685952,61394690560,1214311936,0,160817684480,121118699520,0
1791592675.7984593,0.0428434032946825,61586153472,0,62417534976,22601007104,61394685952,61394690560,1214311936,0,160818040832,121118699520,0
1791592676.0075128,0.05179740861058235,61586153472,0,62417534976,22601007104,61394685952,61394690560,1214311936,0,160817639424,121118699520,0
1791592676.2103782,0.05455843172967434,61586153472,0,62417534976,22601007104,61394685952,61394690560,1214311936,0,160817393664,121118699520,0
1791592676.407035,0.05111484415829182,61586157568,0,62417534976,22601007104,61394685952,61394690560,1214316032,0,160817651712,121118699520,0
1791592676.6129224,0.056911807507276535,61586157568,0,62417534976,22601007104,61394685952,61394690560,1214316032,0,160817512448,121118699520,0
1791592676.807324,0.05122068710625172,61586157568,0,62417534976,22601007104,61394685952,61394690560,1214316032,0,160817872896,121118699520,0
1791592677.0118775,0.055622342973947525,61586157568,0,62417534976,22601007104,61394685952,61394690560,1214316032,0,160817725440,121118699520,0
1791592677.2084932,0.05215071886777878,61586157568,0,62417534976,22601007104,61394685952,61394690560,1214316032,0,160818053120,121118699520,0
1791592677.4106877,0.05425995588302612,61586169856,0,62417534976,22601007104,61394685952,61394690560,1214328320,0,160818110464,121118699520,0
1791592677.6089232,0.05241071246564388,61586169856,0,62417534976,22601007104,61394685952,61394690560,1214328320,0,160818393088,121118699520,0
1791592677.8126802,0.05608444660902023,61586169856,0,62417534976,22601007104,61394685952,61394690560,1214328320,0,160818151424,121118699520,0
1791592678.0067859,0.050100814551115036,61586169856,0,62417534976,22601007104,61394685952,61394690560,1214328320,0,160818016256,121118699520,0
1791592678.2068558,0.050088731572031975,61586169856,0,62417534976,22601007104,61394685952,61394690560,1214328320,0,160818089984,121118699520,0
1791592678.4114885,0.054631708189845085,61586169856,0,62417534976,22601007104,61394685952,61394690560,1214328320,0,160818442240,121118699520,0
1791592678.6097221,0.0527750588953495,61586169856,0,62417534976,22601007104,61394685952,61394690560,1214328320,0,160818495488,121118699520,0
1791592678.812225,0.05519013851881027,61586169856,0,62417534976,22601007104,61394685952,61394690560,1214328320,0,160817774592,121118699520,0
1791592678.9968061,0.039689430966973305,61586169856,0,62417534976,22601007104,61394685952,61394690560,1214328320,0,160817541120,121118699520,0
1791592679.196424,0.039239248260855675,61586169856,0,62417534976,22601007104,61394685952,61394690560,1214328320,0,160817537024,121118699520,0
1791592679.4075263,0.05025698244571686,61586169856,0,62417534976,22601007104,61394685952,61394690560,1214328320,0,160817901568,121118699520,0
1791592679.6117911,0.05444013886153698,61586169856,0,62417534976,22601007104,61394685952,61394690560,1214328320,0,160817987584,121118699520,0
1791592679.8107557,0.05331490375101566,61586169856,0,62417534976,22601007104,61394685952,61394690560,1214328320,0,160818085888,121118699520,0
1791592680.0129485,0.0554226990789175,61586169856,0,62417534976,22601007104,61394685952,61394690560,1214328320,0,160818126848,121118699520,0
1791592680.2099183,0.05230581387877464,61586169856,0,62417534976,22601007104,61394685952,61394690560,1214328320,0,160818143232,121118699520,0
1791592680.412372,0.054670752957463264,61586169856,0,62417534976,22601007104,61394685952,61394690560,1214328320,0,160818434048,121118699520,0
1791592680.6096435,0.05186120420694351,61586169856,0,62417534976,22601007104,61394685952,61394690560,1214328320,0,160818491392,121118699520,0
1791592680.807781,0.04991690628230572,61586169856,0,62417534976,22601007104,61394685952,61394690560,1214328320,0,160818307072,121118699520,0
1791592681.006761,0.04881134070456028,61586169856,0,62417534976,22601007104,61394685952,61394690560,1214328320,0,160818159616,121118699520,0
1791592681.2123556,0.05432010628283024,61586169856,0,62417534976,22601007104,61394685952,61394690560,1214328320,0,160818147328,121118699520,0
1791592681.4113827,0.05326345935463905,61586169856,0,62417534976,22601007104,61394685952,61394690560,1214328320,0,160817942528,121118699520,0
1791592681.615413,0.057209160178899765,61586169856,0,62417534976,22601007104,61394685952,61394690560,1214328320,0,160817639424,121118699520,0
1791592681.8105016,0.05221167020499706,61586169856,0,62417534976,22601007104,61394685952,61394690560,1214328320,0,160817827840,121118699520,0
1791592682.0262396,0.06786629557609558,61586169856,0,62417534976,22601007104,61394685952,61394690560,1214328320,0,160817664000,121118699520,0
1791592682.2398775,0.08141816593706608,61586169856,0,62417534976,22601007104,61394685952,61394690560,1214328320,0,160818360320,121118699520,0
1791592682.4095466,0.05099981278181076,61586169856,0,62417534976,22601007104,61394685952,61394690560,1214328320,0,160818311168,121118699520,0
1791592682.6146183,0.055988239124417305,61586169856,0,62417534976,22601007104,61394685952,61394690560,1214328320,0,160818319360,121118699520,0
1791592682.8106558,0.05194315314292908,61586169856,0,62417534976,22601007104,61394685952,61394690560,1214328320,0,160818384896,121118699520,0
1791592683.009078,0.05027882009744644,61586169856,0,62417534976,22601007104,61394685952,61394690560,1214328320,0,160819515392,121118699520,0
1791592683.2084887,0.049603380262851715,61586169856,0,62417534976,22601007104,61394685952,61394690560,1214328320,0,160818982912,121118756864,0
1791592683.4150875,0.05611583776772022,61586169856,0,62417534976,22601007104,61394685952,61394690560,1214328320,0,160818724864,121118756864,0
1791592683.6103053,0.05124642327427864,61586169856,0,62417534976,22601007104,61394685952,61394690560,1214328320,0,160818880512,121118699520,0
1791592683.8099778,0.05083341524004936,61586169856,0,62417534976,22601007104,61394685952,61394690560,1214328320,0,160818868224,121118699520,0
1791592684.0100622,0.05083329230546951,61586169856,0,62417534976,22601007104,61394685952,61394690560,1214328320,0,160818720768,121118699520,0
1791592684.2090473,0.04971751198172569,61586169856,0,62417534976,22601007104,61394685952,61394690560,1214328320,0,160818814976,121118699520,0
1791592684.4118738,0.05246192216873169,61586169856,0,62417534976,22601007104,61394685952,61394690560,1214328320,0,160818749440,121118699520,0
1791592684.6147513,0.05525682494044304,61586169856,0,62417534976,22601007104,61394685952,61394690560,1214328320,0,160818384896,121118699520,0
1791592684.8155339,0.05595972761511803,61586169856,0,62417534976,22601007104,61394685952,61394690560,1214328320,0,160818405376,121118699520,0
1791592685.012973,0.05330810323357582,61586169856,0,62417534976,22601007104,61394685952,61394690560,1214328320,0,160818188288,121118699520,0
1791592685.21419,0.054430779069662094,61586169856,0,62417534976,22601007104,61394685952,61394690560,1214328320,0,160817889280,121118699520,0
1791592685.4154832,0.05563443712890148,61586169856,0,62417534976,22601007104,61394685952,61394690560,1214328320,0,160817881088,121118699520,0
1791592685.6117306,0.05179482698440552,61586169856,0,62417534976,22601007104,61394685952,61394690560,1214328320,0,160818241536,121118699520,0
1791592685.8107388,0.050687070935964584,61586169856,0,62417534976,22601007104,61394685952,61394690560,1214328320,0,160818294784,121118699520,0
1791592686.0109634,0.050825394690036774,61586169856,0,62417534976,22601007104,61394685952,61394690560,1214328320,0,160818098176,121118699520,0
1791592686.213034,0.052810188382864,61586169856,0,62417534976,22601007104,61394685952,61394690560,1214328320,0,160818077696,121118699520,0
1791592686.4157095,0.055394599214196205,61586169856,0,62417534976,22601007104,61394685952,61394690560,1214328320,0,160818139136,121118699520,0
1791592686.6144028,0.05400776118040085,61586169856,0,62417534976,22601007104,61394685952,61394690560,1214328320,0,160817852416,121118699520,0
1791592686.8126402,0.05216333456337452,61586169856,0,62417534976,22601007104,61394685952,61394690560,1214328320,0,160817934336,121118699520,0
1791592687.0141497,0.053588682785630226,61586169856,0,62417534976,22601007104,61394685952,61394690560,1214328320,0,160818040832,121118699520,0
1791592687.2142332,0.053584057837724686,61586169856,0,62417534976,22601007104,61394685952,61394690560,1214328320,0,160818429952,121118695424,0
1791592687.4128041,0.05207088030874729,61586169856,0,62417534976,22601007104,61394685952,61394690560,1214328320,0,160818180096,121118695424,0
1791592687.6151862,0.05436853691935539,61586169856,0,62417534976,22601007104,61394685952,61394690560,1214328320,0,160818278400,121118695424,0
1791592687.816589,0.05569050833582878,61586169856,0,62417534976,22601007104,61394685952,61394690560,1214328320,0,160818376704,121118695424,0
1791592688.0151887,0.05420618690550327,61586169856,0,62417534976,22601007104,61394685952,61394690560,1214328320,0,160818360320,121118695424,0
1791592688.2156525,0.054582322016358376,61586169856,0,62417534976,22601007104,61394685952,61394690560,1214328320,0,160818466816,121118695424,0
1791592688.4138527,0.052691711112856865,61586169856,0,62417534976,22601007104,61394685952,61394690560,1214328320,0,160818438144,121118695424,0
1791592688.6121018,0.05085828900337219,61586169856,0,62417534976,22601007104,61394685952,61394690560,1214328320,0,160818384896,121118695424,0
1791592688.8110385,0.04971205070614815,61586169856,0,62417534976,22601007104,61394685952,61394690560,1214328320,0,160818458624,121118695424,0
1791592689.0161722,0.054761575534939766,61586169856,0,62417534976,22601007104,61394685952,61394690560,1214328320,0,160818536448,121118695424,0
1791592689.2142422,0.0527462512254715,61586169856,0,62417534976,22601007104,61394685952,61394690560,1214328320,0,160818368512,121118695424,0
1791592689.41733,0.05574709549546242,61586169856,0,62417534976,22601007104,61394685952,61394690560,1214328320,0,160818720768,121118695424,0
1791592689.6127958,0.05112465098500252,61586169856,0,62417534976,22601007104,61394685952,61394690560,1214328320,0,160818737152,121118695424,0
1791592689.8124406,0.050686078146100044,61586169856,0,62417534976,22601007104,61394685952,61394690560,1214328320,0,160818753536,121118695424,0
1791592690.0168362,0.05499717965722084,61586169856,0,62417534976,22601007104,61394685952,61394690560,1214328320,0,160818630656,121118695424,0
1791592690.214219,0.052294034510850906,61586169856,0,62417534976,22601007104,61394685952,61394690560,1214328320,0,160818466816,121118695424,0
1791592690.414587,0.052571581676602364,61586169856,0,62417534976,22601007104,61394685952,61394690560,1214328320,0,160818118656,121118695424,0
1791592690.6155193,0.053419776260852814,61586169856,0,62417534976,22601007104,61394685952,61394690560,1214328320,0,160818180096,121118695424,0
1791592690.8155577,0.05333809554576874,61586169856,0,62417534976,22601007104,61394685952,61394690560,1214328320,0,160818008064,121118695424,0
1791592691.0149062,0.05260161869227886,61586169856,0,62417534976,22601007104,61394685952,61394690560,1214328320,0,160817897472,121118695424,0
1791592691.2157128,0.0533207431435585,61586169856,0,62417534976,22601007104,61394685952,61394690560,1214328320,0,160817979392,121118695424,0
1791592691.4191108,0.05663107708096504,61586169856,0,62417534976,22601007104,61394685952,61394690560,1214328320,0,160818061312,121118695424,0
1791592691.6142318,0.051666779443621635,61586169856,0,62417534976,22601007104,61394685952,61394690560,1214328320,0,160818241536,121118695424,0
1791592691.8186064,0.05595944635570049,61586169856,0,62417534976,22601007104,61394685952,61394690560,1214328320,0,160818286592,121118695424,0
1791592692.0146983,0.051959676668047905,61586169856,0,62417534976,22601007104,61394685952,61394690560,1214328320,0,160818384896,121118695424,0
1791592692.21708,0.05426097847521305,61586169856,0,62417534976,22601007104,61394685952,61394690560,1214328320,0,160818839552,121118695424,0
1791592692.415077,0.052174756303429604,61586169856,0,62417534976,22601007104,61394685952,61394690560,1214328320,0,160818843648,121118695424,0
1791592692.613456,0.05047399736940861,61586169856,0,62417534976,22601007104,61394685952,61394690560,1214328320,0,160818937856,121118695424,0
1791592692.8139071,0.050843704491853714,61586169856,0,62417534976,22601007104,61394685952,61394690560,1214328320,0,160818724864,121118695424,0
1791592693.0147457,0.051598887890577316,61586169856,0,62417534976,22601007104,61394685952,61394690560,1214328320,0,160818630656,121118695424,0
1791592693.2176297,0.05439642444252968,61586169856,0,62417534976,22601007104,61394685952,61394690560,1214328320,0,160818462720,121118695424,0
1791592693.4166772,0.05335692688822746,61586169856,0,62417534976,22601007104,61394685952,61394690560,1214328320,0,160818552832,121118695424,0
1791592693.612511,0.04911475069820881,61586169856,0,62417534976,22601007104,61394685952,61394690560,1214328320,0,160818532352,121118695424,0
1791592693.8188772,0.05539851263165474,61586169856,0,62417534976,22601007104,61394685952,61394690560,1214328320,0,160818397184,121118695424,0
1791592694.0155263,0.05195697210729122,61586169856,0,62417534976,22601007104,61394685952,61394690560,1214328320,0,160817926144,121118695424,0
1791592694.2177079,0.054047925397753716,61586169856,0,62417534976,22601007104,61394685952,61394690560,1214328320,0,160818032640,121118695424,0
1791592694.4138627,0.050108954310417175,61586169856,0,62417534976,22601007104,61394685952,61394690560,1214328320,0,160817991680,121118695424,0
1791592694.6137104,0.049875494092702866,61586169856,0,62417534976,22601007104,61394685952,61394690560,1214328320,0,160818065408,121118695424,0
1791592694.8181665,0.05424949899315834,61586169856,0,62417534976,22601007104,61394685952,61394690560,1214328320,0,160818098176,121118695424,0
1791592695.01527,0.05126599781215191,61586169856,0,62417534976,22601007104,61394685952,61394690560,1214328320,0,160818196480,121118695424,0
1791592695.2165856,0.052494097501039505,61586169856,0,62417534976,22601007104,61394685952,61394690560,1214328320,0,160818302976,121118695424,0
1791592695.4169667,0.05274645984172821,61586169856,0,62417534976,22601007104,61394685952,61394690560,1214328320,0,160818130944,121118695424,0
1791592695.6143637,0.050062043592333794,61586169856,0,62417534976,22601007104,61394685952,61394690560,1214328320,0,160818102272,121118695424,0
1791592695.8196082,0.05522660166025162,61586169856,0,62417534976,22601007104,61394685952,61394690560,1214328320,0,160817840128,121118695424,0
1791592696.0166175,0.05214831046760082,61586169856,0,62417534976,22601007104,61394685952,61394690560,1214328320,0,160818237440,121118695424,0
1791592696.2182536,0.05369790084660053,61586169856,0,62417534976,22601007104,61394685952,61394690560,1214328320,0,160818446336,121118695424,0
1791592696.417383,0.05271361581981182,61586169856,0,62417534976,22601007104,61394685952,61394690560,1214328320,0,160818282496,121118695424,0
1791592696.6176088,0.05285769887268543,61586169856,0,62417534976,22601007104,61394685952,61394690560,1214328320,0,160818110464,121118695424,0
1791592696.8188791,0.054046375676989555,61586169856,0,62417534976,22601007104,61394685952,61394690560,1214328320,0,160817860608,121118695424,0
1791592697.0209417,0.05601214990019798,61586169856,0,62417534976,22601007104,61394685952,61394690560,1214328320,0,160817532928,121118695424,0
1791592697.219648,0.0546196848154068,61586169856,0,62417534976,22601007104,61394685952,61394690560,1214328320,0,160817946624,121118695424,0
1791592697.4250827,0.05994189344346523,61586169856,0,62417534976,22601007104,61394685952,61394690560,1214328320,0,160817659904,121118695424,0
1791592697.6273336,0.062111204490065575,61586169856,0,62417534976,22601007104,61394685952,61394690560,1214328320,0,160817876992,121118695424,0
1791592697.819913,0.05458062142133713,61586169856,0,62417534976,22601007104,61394685952,61394690560,1214328320,0,160817516544,121118695424,0
1791592698.0167897,0.0513788927346468,61586169856,0,62417534976,22601007104,61394685952,61394690560,1214328320,0,160817557504,121118695424,0
1791592698.2228737,0.05736793391406536,61586169856,0,62417534976,22601007104,61394685952,61394690560,1214328320,0,160817958912,121118695424,0
1791592698.418594,0.052997274324297905,61586169856,0,62417534976,22601007104,61394685952,61394690560,1214328320,0,160817995776,121118695424,0
1791592698.621269,0.05558597855269909,61586169856,0,62417534976,22601007104,61394685952,61394690560,1214328320,0,160817840128,121118695424,0
1791592698.8238792,0.05810767598450184,61586169856,0,62417534976,22601007104,61394685952,61394690560,1214328320,0,160817491968,121118695424,0
1791592699.0187624,0.052875835448503494,61586169856,0,62417534976,22601007104,61394685952,61394690560,1214328320,0,160817582080,121118695424,0
1791592699.2205226,0.05453596077859402,61586169856,0,62417534976,22601007104,61394685952,61394690560,1214328320,0,160817905664,121118695424,0
1791592699.4242573,0.058164793998003006,61586169856,0,62417534976,22601007104,61394685952,61394690560,1214328320,0,160817881088,121118695424,0
1791592699.628854,0.06263625808060169,61586169856,0,62417534976,22601007104,61394685952,61394690560,1214328320,0,160817999872,121118695424,0
1791592699.8233976,0.05709848366677761,61586169856,0,62417534976,22601007104,61394685952,61394690560,1214328320,0,160818024448,121118695424,0
1791592700.0197597,0.053380027413368225,61586169856,0,62417534976,22601007104,61394685952,61394690560,1214328320,0,160818302976,121118695424,0
1791592700.2157266,0.04925873689353466,61586169856,0,62417534976,22601007104,61394685952,61394690560,1214328320,0,160818130944,121118695424,0
1791592700.4233956,0.05682811327278614,61586169856,0,62417534976,22601007104,61394685952,61394690560,1214328320,0,160817844224,121118695424,0
1791592700.6282077,0.061552541330456734,61586169856,0,62417534976,22601007104,61394685952,61394690560,1214328320,0,160817766400,121118695424,0
1791592700.827801,0.06106329523026943,61586169856,0,62417534976,22601007104,61394685952,61394690560,1214328320,0,160817827840,121118695424,0
1791592701.0209234,0.054100027307868004,61586169856,0,62417534976,22601007104,61394685952,61394690560,1214328320,0,160817913856,121118695424,0
1791592701.2229323,0.05600809305906296,61586169856,0,62417534976,22601007104,61394685952,61394690560,1214328320,0,160818036736,121118695424,0
1791592701.4230943,0.056088196113705635,61586169856,0,62417534976,22601007104,61394685952,61394690560,1214328320,0,160818302976,121118695424,0
1791592701.619363,0.0522729754447937,61586169856,0,62417534976,22601007104,61394685952,61394690560,1214328320,0,160818368512,121118695424,0
1791592701.8161159,0.048944808542728424,61586173952,0,62417534976,22601007104,61394685952,61394690560,1214332416,0,160818487296,121118695424,0
1791592702.0176952,0.0504441112279892,61586173952,0,62417534976,22601007104,61394685952,61394690560,1214332416,0,160818327552,121118695424,0
1791592702.2195349,0.05219576880335808,61586173952,0,62417534976,22601007104,61394685952,61394690560,1214332416,0,160818618368,121118695424,0
1791592702.4187264,0.05130526423454285,61586173952,0,62417534976,22601007104,61394685952,61394690560,1214332416,0,160818950144,121118695424,0
1791592702.622685,0.05518322065472603,61586173952,0,62417534976,22601007104,61394685952,61394690560,1214332416,0,160819081216,121118695424,0
1791592702.8206756,0.05308626405894756,61586186240,0,62417534976,22601007104,61394685952,61394690560,1214344704,0,160818917376,121118695424,0
1791592703.0193112,0.05163607373833656,61586186240,0,62417534976,22601007104,61394685952,61394690560,1214344704,0,160818466816,121118695424,0
1791592703.2213557,0.05359751544892788,61586186240,0,62417534976,22601007104,61394685952,61394690560,1214344704,0,160818806784,121118695424,0
1791592703.4231443,0.05530308559536934,61586186240,0,62417534976,22601007104,61394685952,61394690560,1214344704,0,160818966528,121118695424,0
1791592703.6212049,0.05327894352376461,61586186240,0,62417534976,22601007104,61394685952,61394690560,1214344704,0,160818774016,121118695424,0
1791592703.8247936,0.056777697056531906,61586186240,0,62417534976,22601007104,61394685952,61394690560,1214344704,0,160818860032,121118695424,0
1791592704.0209098,0.05280177854001522,61586186240,0,62417534976,22601007104,61394685952,61394690560,1214344704,0,160818954240,121118695424,0
1791592704.221545,0.053303489461541176,61586186240,0,62417534976,22601007104,61394685952,61394690560,1214344704,0,160817700864,121118695424,0
1791592704.4165719,0.04823816381394863,61586186240,0,62417534976,22601007104,61394685952,61394690560,1214344704,0,160817946624,121118695424,0
1791592704.6254537,0.057036012411117554,61586186240,0,62417534976,22601007104,61394685952,61394690560,1214344704,0,160817979392,121118695424,0
1791592704.8202825,0.05178084410727024,61586186240,0,62417534976,22601007104,61394685952,61394690560,1214344704,0,160818073600,121118695424,0
1791592705.0198445,0.051257794722914696,61586186240,0,62417534976,22601007104,61394685952,61394690560,1214344704,0,160817819648,121118695424,0
1791592705.220033,0.05136190168559551,61586186240,0,62417534976,22601007104,61394685952,61394690560,1214344704,0,160817950720,121118695424,0
1791592705.4235287,0.054773034527897835,61586186240,0,62417534976,22601007104,61394685952,61394690560,1214344704,0,160818040832,121118695424,0
1791592705.6206324,0.05179215967655182,61586186240,0,62417534976,22601007104,61394685952,61394690560,1214344704,0,160818081792,121118695424,0
1791592705.8212543,0.05231863632798195,61586186240,0,62417534976,22601007104,61394685952,61394690560,1214344704,0,160818176000,121118695424,0
1791592706.0211337,0.05209759995341301,61586186240,0,62417534976,22601007104,61394685952,61394690560,1214344704,0,160818266112,121118695424,0
1791592706.226326,0.05720505118370056,61586186240,0,62417534976,22601007104,61394685952,61394690560,1214344704,0,160818393088,121118695424,0
1791592706.4218204,0.0526147224009037,61586186240,0,62417534976,22601007104,61394685952,61394690560,1214344704,0,160818462720,121118695424,0
1791592706.6223125,0.05302094295620918,61586186240,0,62417534976,22601007104,61394685952,61394690560,1214344704,0,160817795072,121118695424,0
1791592706.823499,0.054123690351843834,61586186240,0,62417534976,22601007104,61394685952,61394690560,1214344704,0,160817897472,121118695424,0
1791592707.021642,0.052186597138643265,61586186240,0,62417534976,22601007104,61394685952,61394690560,1214344704,0,160817672192,121118695424,0
1791592707.2232497,0.05371221713721752,61586186240,0,62417534976,22601007104,61394685952,61394690560,1214344704,0,160818061312,121118695424,0
1791592707.4206352,0.05102051608264446,61586186240,0,62417534976,22601007104,61394685952,61394690560,1214344704,0,160817938432,121118695424,0
1791592707.6240964,0.05440265312790871,61586186240,0,62417534976,22601007104,61394685952,61394690560,1214344704,0,160818024448,121118695424,0
1791592707.821699,0.0519239604473114,61586186240,0,62417534976,22601007104,61394685952,61394690560,1214344704,0,160818356224,121118695424,0
1791592708.0242505,0.05438165180385113,61586186240,0,62417534976,22601007104,61394685952,61394690560,1214344704,0,160817963008,121118695424,0
1791592708.2263317,0.0563773475587368,61586186240,0,62417534976,22601007104,61394685952,61394690560,1214344704,0,160818573312,121118695424,0
1791592708.4246008,0.05456388741731644,61586186240,0,62417534976,22601007104,61394685952,61394690560,1214344704,0,160818049024,121118695424,0
1791592708.6206515,0.05053167603909969,61586186240,0,62417534976,22601007104,61394685952,61394690560,1214344704,0,160818380800,121118695424,0
1791592708.8240378,0.05383703671395779,61586186240,0,62417534976,22601007104,61394685952,61394690560,1214344704,0,160818450432,121118695424,0
1791592709.024641,0.05435952916741371,61586186240,0,62417534976,22601007104,61394685952,61394690560,1214344704,0,160818462720,121118695424,0
1791592709.225275,0.05491013824939728,61586186240,0,62417534976,22601007104,61394685952,61394690560,1214344704,0,160818556928,121118695424,0
1791592709.4241102,0.0536629743874073,61586186240,0,62417534976,22601007104,61394685952,61394690560,1214344704,0,160818376704,121118695424,0
1791592709.6244736,0.05394490249454975,61586186240,0,62417534976,22601007104,61394685952,61394690560,1214344704,0,160818462720,121118695424,0
1791592709.8223047,0.051697246730327606,61586186240,0,62417534976,22601007104,61394685952,61394690560,1214344704,0,160818151424,121118695424,0
1791592710.0248845,0.05419413186609745,61586186240,0,62417534976,22601007104,61394685952,61394690560,1214344704,0,160818225152,121118695424,0
1791592710.2220485,0.05127069167792797,61586186240,0,62417534976,22601007104,61394685952,61394690560,1214344704,0,160818180096,121118695424,0
1791592710.4250894,0.05421854555606842,61586186240,0,62417534976,22601007104,61394685952,61394690560,1214344704,0,160818003968,121118695424,0
1791592710.6237428,0.05279005877673626,61586186240,0,62417534976,22601007104,61394685952,61394690560,1214344704,0,160818356224,121118695424,0
1791592710.825298,0.05425940454006195,61586186240,0,62417534976,22601007104,61394685952,61394690560,1214344704,0,160818135040,121118695424,0
1791592711.0252664,0.05414580553770065,61586186240,0,62417534976,22601007104,61394685952,61394690560,1214344704,0,160818130944,121118695424,0
1791592711.2244823,0.05327938124537468,61586186240,0,62417534976,22601007104,61394685952,61394690560,1214344704,0,160818221056,121118695424,0
1791592711.425825,0.05453716591000557,61586186240,0,62417534976,22601007104,61394685952,61394690560,1214344704,0,160817881088,121118695424,0
1791592711.628531,0.057159148156642914,61586186240,0,62417534976,22601007104,61394685952,61394690560,1214344704,0,160817967104,121118695424,0
1791592711.8240716,0.052600421011447906,61586186240,0,62417534976,22601007104,61394685952,61394690560,1214344704,0,160817876992,121118695424,0
1791592712.022784,0.05123521387577057,61586186240,0,62417534976,22601007104,61394685952,61394690560,1214344704,0,160818434048,121118695424,0
1791592712.2238982,0.052263228222727776,61586186240,0,62417534976,22601007104,61394685952,61394690560,1214344704,0,160819060736,121118691328,0
1791592712.425862,0.054108623415231705,61586186240,0,62417534976,22601007104,61394685952,61394690560,1214344704,0,160818003968,121118691328,0
1791592712.6257715,0.05393725261092186,61586186240,0,62417534976,22601007104,61394685952,61394690560,1214344704,0,160818335744,121118691328,0
1791592712.8268094,0.05489354766905308,61586186240,0,62417534976,22601007104,61394685952,61394690560,1214344704,0,160818380800,121118691328,0
1791592713.0253491,0.05335366912186146,61586186240,0,62417534976,22601007104,61394685952,61394690560,1214344704,0,160818450432,121118691328,0
1791592713.2233155,0.05123859457671642,61586186240,0,62417534976,22601007104,61394685952,61394690560,1214344704,0,160818544640,121118691328,0
1791592713.4251912,0.05296437628567219,61586186240,0,62417534976,22601007104,61394685952,61394690560,1214344704,0,160818065408,121118691328,0
1791592713.6626277,0.0903112180531025,61586186240,0,62417534976,22601007104,61394685952,61394690560,1214344704,0,160818384896,121118691328,0
1791592713.828837,0.05643920414149761,61586186240,0,62417534976,22601007104,61394685952,61394690560,1214344704,0,160818393088,121118691328,0
1791592714.028929,0.05643666163086891,61586186240,0,62417534976,22601007104,61394685952,61394690560,1214344704,0,160818413568,121118691328,0
1791592714.2256002,0.05298359878361225,61586186240,0,62417534976,22601007104,61394685952,61394690560,1214344704,0,160818475008,121118691328,0
1791592714.4235256,0.050811056047677994,61586186240,0,62417534976,22601007104,61394685952,61394690560,1214344704,0,160818286592,121118691328,0
1791592714.6270816,0.05428696237504482,61586186240,0,62417534976,22601007104,61394685952,61394690560,1214344704,0,160818630656,121118691328,0
1791592714.8262312,0.05335361696779728,61586186240,0,62417534976,22601007104,61394685952,61394690560,1214344704,0,160818716672,121118691328,0
1791592715.025525,0.05256628058850765,61586186240,0,62417534976,22601007104,61394685952,61394690560,1214344704,0,160818483200,121118691328,0
1791592715.2243252,0.05128636211156845,61586186240,0,62417534976,22601007104,61394685952,61394690560,1214344704,0,160818278400,121118691328,0
1791592715.427561,0.05443917587399483,61586186240,0,62417534976,22601007104,61394685952,61394690560,1214344704,0,160817647616,121118691328,0
1791592715.6269813,0.05377480015158653,61586186240,0,62417534976,22601007104,61394685952,61394690560,1214344704,0,160818061312,121118691328,0
1791592715.828569,0.055280301719903946,61586186240,0,62417534976,22601007104,61394685952,61394690560,1214344704,0,160818163712,121118691328,0
1791592716.0272765,0.05390503630042076,61586186240,0,62417534976,22601007104,61394685952,61394690560,1214344704,0,160817897472,121118691328,0
1791592716.2236607,0.050208697095513344,61586186240,0,62417534976,22601007104,61394685952,61394690560,1214344704,0,160817963008,121118691328,0
1791592716.4241626,0.05063767172396183,61586186240,0,62417534976,22601007104,61394685952,61394690560,1214344704,0,160817876992,121118691328,0
1791592716.6305323,0.05692056380212307,61586186240,0,62417534976,22601007104,61394685952,61394690560,1214344704,0,160818229248,121118691328,0
1791592716.8292398,0.05554067716002464,61586186240,0,62417534976,22601007104,61394685952,61394690560,1214344704,0,160818212864,121118691328,0
1791592717.027288,0.05350509658455849,61586186240,0,62417534976,22601007104,61394685952,61394690560,1214344704,0,160818053120,121118691328,0
1791592717.2265055,0.05263723246753216,61586186240,0,62417534976,22601007104,61394685952,61394690560,1214344704,0,160818466816,121118691328,0
1791592717.4264402,0.05248395912349224,61586186240,0,62417534976,22601007104,61394685952,61394690560,1214344704,0,160818077696,121118691328,0
1791592717.630912,0.056873297318816185,61586186240,0,62417534976,22601007104,61394685952,61394690560,1214344704,0,160817782784,121118691328,0
1791592717.8269012,0.05277673155069351,61586186240,0,62417534976,22601007104,61394685952,61394690560,1214344704,0,160817790976,121118691328,0
1791592718.023575,0.04936721734702587,61586186240,0,62417534976,22601007104,61394685952,61394690560,1214344704,0,160817876992,121118691328,0
1791592718.2308655,0.05656302720308304,61586186240,0,62417534976,22601007104,61394685952,61394690560,1214344704,0,160818139136,121118691328,0
1791592718.4270167,0.05262153223156929,61586186240,0,62417534976,22601007104,61394685952,61394690560,1214344704,0,160817991680,121118691328,0
1791592718.6271825,0.05270516313612461,61586186240,0,62417534976,22601007104,61394685952,61394690560,1214344704,0,160817643520,121118691328,0
1791592718.827115,0.052548326551914215,61586186240,0,62417534976,22601007104,61394685952,61394690560,1214344704,0,160817631232,121118691328,0
1791592719.032252,0.05759208835661411,61586186240,0,62417534976,22601007104,61394685952,61394690560,1214344704,0,160817885184,121118691328,0
1791592719.2290385,0.05429345741868019,61586186240,0,62417534976,22601007104,61394685952,61394690560,1214344704,0,160818216960,121118691328,0
1791592719.4307919,0.05595254525542259,61586186240,0,62417534976,22601007104,61394685952,61394690560,1214344704,0,160817664000,121118691328,0
1791592719.636654,0.06173098273575306,61586186240,0,62417534976,22601007104,61394685952,61394690560,1214344704,0,160817987584,121118691328,0
1791592719.8267365,0.051726626232266426,61586186240,0,62417534976,22601007104,61394685952,61394690560,1214344704,0,160818081792,121118691328,0
1791592720.0257812,0.05068275332450867,61586186240,0,62417534976,22601007104,61394685952,61394690560,1214344704,0,160818020352,121118691328,0
1791592720.225132,0.04991484247148037,61586186240,0,62417534976,22601007104,61394685952,61394690560,1214344704,0,160818053120,121118691328,0
1791592720.42745,0.05214034952223301,61586186240,0,62417534976,22601007104,61394685952,61394690560,1214344704,0,160817737728,121118691328,0
1791592720.633331,0.05793866701424122,61586186240,0,62417534976,22601007104,61394685952,61394690560,1214344704,0,160818089984,121118691328,0
1791592720.8284466,0.052969176322221756,61586186240,0,62417534976,22601007104,61394685952,61394690560,1214344704,0,160818098176,121118691328,0
1791592721.0306716,0.05511145666241646,61586186240,0,62417534976,22601007104,61394685952,61394690560,1214344704,0,160818012160,121118691328,0
1791592721.2302475,0.054605502635240555,61586186240,0,62417534976,22601007104,61394685952,61394690560,1214344704,0,160818372608,121118691328,0
1791592721.4266136,0.05088917724788189,61586186240,0,62417534976,22601007104,61394685952,61394690560,1214344704,0,160818155520,121118691328,0
1791592721.6314926,0.05568535998463631,61586186240,0,62417534976,22601007104,61394685952,61394690560,1214344704,0,160818409472,121118691328,0
1791592721.8284984,0.052611611783504486,61586186240,0,62417534976,22601007104,61394685952,61394690560,1214344704,0,160818458624,121118691328,0
1791592722.027778,0.051805876195430756,61586186240,0,62417534976,22601007104,61394685952,61394690560,1214344704,0,160818397184,121118691328,0
1791592722.2279181,0.0518360398709774,61586186240,0,62417534976,22601007104,61394685952,61394690560,1214344704,0,160818810880,121118691328,0
1791592722.4300914,0.05392559431493282,61586186240,0,62417534976,22601007104,61394685952,61394690560,1214344704,0,160818155520,121118691328,0
1791592722.6258574,0.04960701987147331,61586186240,0,62417534976,22601007104,61394685952,61394690560,1214344704,0,160818667520,121118691328,0
1791592722.8308318,0.05448445677757263,61586186240,0,62417534976,22601007104,61394685952,61394690560,1214344704,0,160818618368,121118691328,0
1791592723.0298169,0.05336775258183479,61586186240,0,62417534976,22601007104,61394685952,61394690560,1214344704,0,160818413568,121118691328,0
1791592723.2341554,0.057587508112192154,61586186240,0,62417534976,22601007104,61394685952,61394690560,1214344704,0,160818073600,121118691328,0
1791592723.4301543,0.05350119061768055,61586186240,0,62417534976,22601007104,61394685952,61394690560,1214344704,0,160817426432,121118691328,0
1791592723.6348674,0.05813032388687134,61586186240,0,62417534976,22601007104,61394685952,61394690560,1214344704,0,160817676288,121118691328,0
1791592723.8366117,0.05978645198047161,61586186240,0,62417534976,22601007104,61394685952,61394690560,1214344704,0,160817954816,121118691328,0
1791592724.0321128,0.05519822798669338,61586186240,0,62417534976,22601007104,61394685952,61394690560,1214344704,0,160817848320,121118691328,0
1791592724.2295756,0.05257534421980381,61586186240,0,62417534976,22601007104,61394685952,61394690560,1214344704,0,160817897472,121118691328,0
1791592724.4292226,0.0521367397159338,61586186240,0,62417534976,22601007104,61394685952,61394690560,1214344704,0,160817389568,121118691328,0
1791592724.628094,0.0509444996714592,61586186240,0,62417534976,22601007104,61394685952,61394690560,1214344704,0,160817401856,121118691328,0
1791592724.8317897,0.05455503985285759,61586186240,0,62417534976,22601007104,61394685952,61394690560,1214344704,0,160817709056,121118691328,0
1791592725.0307949,0.0534762367606163,61586186240,0,62417534976,22601007104,61394685952,61394690560,1214344704,0,160817811456,121118691328,0
1791592725.2297258,0.052324140444397926,61586186240,0,62417534976,22601007104,61394685952,61394690560,1214344704,0,160817897472,121118691328,0
1791592725.4317293,0.05424281023442745,61586186240,0,62417534976,22601007104,61394685952,61394690560,1214344704,0,160817442816,121118691328,0
1791592725.6305914,0.05302070640027523,61586186240,0,62417534976,22601007104,61394685952,61394690560,1214344704,0,160817709056,121118691328,0
1791592725.829725,0.05207453481853008,61586186240,0,62417534976,22601007104,61394685952,61394690560,1214344704,0,160818061312,121118691328,0
1791592726.0312865,0.053555892780423164,61586186240,0,62417534976,22601007104,61394685952,61394690560,1214344704,0,160818143232,121118691328,0
1791592726.230073,0.05223659984767437,61586186240,0,62417534976,22601007104,61394685952,61394690560,1214344704,0,160818139136,121118691328,0
1791592726.4282725,0.05035114102065563,61586186240,0,62417534976,22601007104,61394685952,61394690560,1214344704,0,160817995776,121118691328,0
1791592726.627984,0.04998099431395531,61586186240,0,62417534976,22601007104,61394685952,61394690560,1214344704,0,160818094080,121118691328,0
1791592726.8351243,0.05703490972518921,61586186240,0,62417534976,22601007104,61394685952,61394690560,1214344704,0,160818311168,121118691328,0
1791592727.034508,0.056336263194680214,61586186240,0,62417534976,22601007104,61394685952,61394690560,1214344704,0,160818094080,121118691328,0
1791592727.2335455,0.05528942309319973,61586190336,0,62417534976,22601007104,61394685952,61394690560,1214348800,0,160818286592,121118691328,0
1791592727.431694,0.05335661955177784,61586190336,0,62417534976,22601007104,61394685952,61394690560,1214348800,0,160818167808,121118691328,0
1791592727.6322227,0.05379898473620415,61586190336,0,62417534976,22601007104,61394685952,61394690560,1214348800,0,160818515968,121118691328,0
1791592727.8313696,0.052847398445010185,61586190336,0,62417534976,22601007104,61394685952,61394690560,1214348800,0,160818458624,121118691328,0
1791592728.032495,0.05388975143432617,61586190336,0,62417534976,22601007104,61394685952,61394690560,1214348800,0,160818556928,121118691328,0
1791592728.2287102,0.05002432502806187,61586219008,0,62419632128,22598909952,61394685952,61394690560,1216474624,0,160818614272,121118691328,0
1791592728.4318209,0.053032511845231056,61586219008,0,62419632128,22598909952,61394685952,61394690560,1216474624,0,160818438144,121118691328,0
1791592728.6296592,0.05077563039958477,61586219008,0,62419632128,22598909952,61394685952,61394690560,1216474624,0,160818528256,121118691328,0
1791592728.8337634,0.05479243956506252,61586219008,0,62419632128,22598909952,61394685952,61394690560,1216474624,0,160818880512,121118691328,0
1791592729.0330937,0.0540400892496109,61586219008,0,62419632128,22598909952,61394685952,61394690560,1216474624,0,160818966528,121118691328,0
1791592729.2342875,0.05512803979218006,61586219008,0,62419632128,22598909952,61394685952,61394690560,1216474624,0,160818499584,121118691328,0
1791592729.4344246,0.05518106743693352,61586219008,0,62419632128,22598909952,61394685952,61394690560,1216474624,0,160817917952,121118691328,0
1791592729.6337256,0.05439844727516174,61586219008,0,62419632128,22598909952,61394685952,61394690560,1216474624,0,160818180096,121118691328,0
1791592729.8346832,0.055274682119488716,61586219008,0,62419632128,22598909952,61394685952,61394690560,1216474624,0,160818450432,121118691328,0
1791592730.0355442,0.05605301633477211,61586219008,0,62419632128,22598909952,61394685952,61394690560,1216474624,0,160818270208,121118691328,0
1791592730.230721,0.051150884479284286,61586219008,0,62419632128,22598909952,61394685952,61394690560,1216474624,0,160818544640,121118691328,0
1791592730.429837,0.050164518877863884,61586219008,0,62419632128,22598909952,61394685952,61394690560,1216474624,0,160818741248,121118691328,0
1791592730.6297362,0.04998226836323738,61586219008,0,62419632128,22598909952,61394685952,61394690560,1216474624,0,160818569216,121118691328,0
1791592730.834298,0.05446161888539791,61586219008,0,62419632128,22598909952,61394685952,61394690560,1216474624,0,160818409472,121118691328,0
1791592731.0347877,0.0548675712198019,61586219008,0,62419632128,22598909952,61394685952,61394690560,1216474624,0,160818372608,121118691328,0
1791592731.2315664,0.051565174013376236,61586219008,0,62419632128,22598909952,61394685952,61394690560,1216474624,0,160818470912,121118691328,0
1791592731.4339132,0.05383027344942093,61586219008,0,62419632128,22598909952,61394685952,61394690560,1216474624,0,160818417664,121118691328,0
1791592731.6351628,0.054998235777020454,61586219008,0,62419632128,22598909952,61394685952,61394690560,1216474624,0,160818466816,121118691328,0
1791592731.834462,0.0542166493833065,61586219008,0,62419632128,22598909952,61394685952,61394690560,1216474624,0,160818823168,121118691328,0
1791592732.0314336,0.0510847382247448,61586219008,0,62419632128,22598909952,61394685952,61394690560,1216474624,0,160818216960,121118691328,0
1791592732.227878,0.04744902066886425,61586219008,0,62419632128,22598909952,61394685952,61394690560,1216474624,0,160818417664,121118691328,0
1791592732.4300478,0.04953780025243759,61586219008,0,62419632128,22598909952,61394685952,61394690560,1216474624,0,160818503680,121118691328,0
1791592732.6321213,0.05151201970875263,61586219008,0,62419632128,22598909952,61394685952,61394690560,1216474624,0,160818331648,121118691328,0
1791592732.8356082,0.05491579510271549,61586219008,0,62419632128,22598909952,61394685952,61394690560,1216474624,0,160818130944,121118691328,0
1791592733.0342178,0.0534422155469656,61586219008,0,62419632128,22598909952,61394685952,61394690560,1216474624,0,160818192384,121118691328,0
1791592733.2451477,0.06425166502594948,61586219008,0,62419632128,22598909952,61394685952,61394690560,1216474624,0,160818524160,121118691328,0
1791592733.436075,0.05509723164141178,61586219008,0,62419632128,22598909952,61394685952,61394690560,1216474624,0,160818331648,121118691328,0
1791592733.6356432,0.05458441935479641,61586219008,0,62419632128,22598909952,61394685952,61394690560,1216474624,0,160818409472,121118691328,0
1791592733.8364103,0.05524224042892456,61586219008,0,62419632128,22598909952,61394685952,61394690560,1216474624,0,160818728960,121118691328,0
1791592734.0318122,0.05055922828614712,61586219008,0,62419632128,22598909952,61394685952,61394690560,1216474624,0,160818823168,121118691328,0
1791592734.2367415,0.05538538098335266,61586219008,0,62419632128,22598909952,61394685952,61394690560,1216474624,0,160818208768,121118691328,0
1791592734.4320776,0.050631653517484665,61586219008,0,62419632128,22598909952,61394685952,61394690560,1216474624,0,160818536448,121118691328,0
1791592734.6334486,0.05191892012953758,61586219008,0,62419632128,22598909952,61394685952,61394690560,1216474624,0,160818597888,121118691328,0
1791592734.8418202,0.060200734063982964,61586219008,0,62419632128,22598909952,61394685952,61394690560,1216474624,0,160818417664,121118691328,0
1791592735.0382955,0.05658455938100815,61586219008,0,62419632128,22598909952,61394685952,61394690560,1216474624,0,160818421760,121118691328,0
1791592735.2385259,0.056734148412942886,61586219008,0,62419632128,22598909952,61394685952,61394690560,1216474624,0,160818511872,121118691328,0
1791592735.4351578,0.05328335613012314,61586219008,0,62419632128,22598909952,61394685952,61394690560,1216474624,0,160818589696,121118691328,0
1791592735.6339715,0.052016787230968475,61586219008,0,62419632128,22598909952,61394685952,61394690560,1216474624,0,160818606080,121118691328,0
1791592735.8197503,0.037732383236289024,61586219008,0,62419632128,22598909952,61394685952,61394690560,1216474624,0,160818659328,121118691328,0
1791592736.032866,0.05074363388121128,61586219008,0,62419632128,22598909952,61394685952,61394690560,1216474624,0,160818774016,121118691328,0
1791592736.233349,0.05114402621984482,61586219008,0,62419632128,22598909952,61394685952,61394690560,1216474624,0,160818868224,121118691328,0
1791592736.4328866,0.05060544051229954,61586219008,0,62419632128,22598909952,61394685952,61394690560,1216474624,0,160818950144,121118691328,0
1791592736.6321063,0.04971799999475479,61586219008,0,62419632128,22598909952,61394685952,61394690560,1216474624,0,160818696192,121118691328,0
1791592736.8379228,0.05545457638800144,61586219008,0,62419632128,22598909952,61394685952,61394690560,1216474624,0,160819458048,121118691328,0
1791592737.035464,0.05291415564715862,61586219008,0,62419632128,22598909952,61394685952,61394690560,1216474624,0,160818847744,121118707712,0
1791592737.2362404,0.0536053441464901,61586219008,0,62419632128,22598909952,61394685952,61394690560,1216474624,0,160818659328,121118703616,0
1791592737.4352536,0.052535805851221085,61586219008,0,62419632128,22598909952,61394685952,61394690560,1216474624,0,160818044928,121118703616,0
1791592737.6366434,0.053842540830373764,61586219008,0,62419632128,22598909952,61394685952,61394690560,1216474624,0,160818130944,121118703616,0
1791592737.8348167,0.05195169895887375,61586219008,0,62419632128,22598909952,61394685952,61394690560,1216474624,0,160818184192,121118703616,0
1791592738.0382817,0.055334363132715225,61586219008,0,62419632128,22598909952,61394685952,61394690560,1216474624,0,160818069504,121118703616,0
1791592738.2352114,0.05217837542295456,61586219008,0,62419632128,22598909952,61394685952,61394690560,1216474624,0,160818032640,121118703616,0
1791592738.4380486,0.054888900369405746,61586219008,0,62419632128,22598909952,61394685952,61394690560,1216474624,0,160818122752,121118703616,0
1791592738.648431,0.06514603458344936,61586219008,0,62419632128,22598909952,61394685952,61394690560,1216474624,0,160817901568,121118703616,0
1791592738.8392081,0.055841805413365364,61586219008,0,62419632128,22598909952,61394685952,61394690560,1216474624,0,160818003968,121118703616,0
1791592739.0378938,0.054443102329969406,61586219008,0,62419632128,22598909952,61394685952,61394690560,1216474624,0,160817979392,121118703616,0
1791592739.2365513,0.05301924794912338,61586219008,0,62419632128,22598909952,61394685952,61394690560,1216474624,0,160817967104,121118703616,0
1791592739.4388134,0.055200034752488136,61586219008,0,62419632128,22598909952,61394685952,61394690560,1216474624,0,160817872896,121118703616,0
1791592739.6389675,0.05527101084589958,61586219008,0,62419632128,22598909952,61394685952,61394690560,1216474624,0,160817840128,121118703616,0
1791592739.8372102,0.053403161466121674,61586219008,0,62419632128,22598909952,61394685952,61394690560,1216474624,0,160817807360,121118703616,0
1791592740.0347173,0.05082729272544384,61586219008,0,62419632128,22598909952,61394685952,61394690560,1216474624,0,160817844224,121118703616,0
1791592740.2381961,0.05422345921397209,61586219008,0,62419632128,22598909952,61394685952,61394690560,1216474624,0,160817909760,121118703616,0
1791592740.4405444,0.05648948810994625,61586219008,0,62419632128,22598909952,61394685952,61394690560,1216474624,0,160818675712,121118703616,0
1791592740.6349275,0.05077387019991875,61586219008,0,62419632128,22598909952,61394685952,61394690560,1216474624,0,160818384896,121118703616,0
1791592740.8408399,0.056603822857141495,61586219008,0,62419632128,22598909952,61394685952,61394690560,1216474624,0,160818413568,121118703616,0
1791592741.0382464,0.05391140468418598,61586219008,0,62419632128,22598909952,61394685952,61394690560,1216474624,0,160818495488,121118687232,0
1791592741.2368343,0.05241481214761734,61586219008,0,62419632128,22598909952,61394685952,61394690560,1216474624,0,160818577408,121118687232,0
1791592741.4394858,0.05496705137193203,61586219008,0,62419632128,22598909952,61394685952,61394690560,1216474624,0,160818475008,121118687232,0
1791592741.6357388,0.05111286975443363,61586219008,0,62419632128,22598909952,61394685952,61394690560,1216474624,0,160818221056,121118687232,0
1791592741.8394203,0.05471290461719036,61586219008,0,62419632128,22598909952,61394685952,61394690560,1216474624,0,160817963008,121118687232,0
1791592742.0379803,0.05315962806344032,61586219008,0,62419632128,22598909952,61394685952,61394690560,1216474624,0,160818053120,121118687232,0
1791592742.2397144,0.05480930022895336,61586219008,0,62419632128,22598909952,61394685952,61394690560,1216474624,0,160817963008,121118687232,0
1791592742.4330304,0.0480485949665308,61586219008,0,62419632128,22598909952,61394685952,61394690560,1216474624,0,160817942528,121118687232,0
1791592742.6405783,0.05551405996084213,61586219008,0,62419632128,22598909952,61394685952,61394690560,1216474624,0,160818032640,121118687232,0
1791592742.8381982,0.053052499890327454,61586219008,0,62419632128,22598909952,61394685952,61394690560,1216474624,0,160818118656,121118687232,0
1791592743.0403423,0.055111877620220184,61586219008,0,62419632128,22598909952,61394685952,61394690560,1216474624,0,160818200576,121118687232,0
1791592743.2413502,0.05603054352104664,61586219008,0,62419632128,22598909952,61394685952,61394690560,1216474624,0,160817987584,121118687232,0
1791592743.4429626,0.05755939707159996,61586219008,0,62419632128,22598909952,61394685952,61394690560,1216474624,0,160818081792,121118687232,0
1791592743.6420853,0.056599244475364685,61586219008,0,62419632128,22598909952,61394685952,61394690560,1216474624,0,160818397184,121118687232,0
1791592743.8370507,0.05146723426878452,61586219008,0,62419632128,22598909952,61394685952,61394690560,1216474624,0,160818139136,121118687232,0
1791592744.0400243,0.054333338513970375,61586219008,0,62419632128,22598909952,61394685952,61394690560,1216474624,0,160818065408,121118687232,0
1791592744.2359133,0.05013981834053993,61586219008,0,62419632128,22598909952,61394685952,61394690560,1216474624,0,160818159616,121118687232,0
1791592744.4416215,0.055764082819223404,61586219008,0,62419632128,22598909952,61394685952,61394690560,1216474624,0,160818233344,121118687232,0
1791592744.6381137,0.05217360518872738,61586219008,0,62419632128,22598909952,61394685952,61394690560,1216474624,0,160818331648,121118687232,0
1791592744.8382738,0.05224912613630295,61586219008,0,62419632128,22598909952,61394685952,61394690560,1216474624,0,160818421760,121118687232,0
1791592745.0417511,0.05564274080097675,61586219008,0,62419632128,22598909952,61394685952,61394690560,1216474624,0,160818520064,121118687232,0
1791592745.2374828,0.05126295983791351,61586219008,0,62419632128,22598909952,61394685952,61394690560,1216474624,0,160818290688,121118687232,0
1791592745.4393892,0.05308649688959122,61586219008,0,62419632128,22598909952,61394685952,61394690560,1216474624,0,160818151424,121118687232,0
1791592745.637863,0.051475854590535164,61586219008,0,62419632128,22598909952,61394685952,61394690560,1216474624,0,160818147328,121118687232,0
1791592745.83749,0.05101882480084896,61586219008,0,62419632128,22598909952,61394685952,61394690560,1216474624,0,160818216960,121118687232,0
1791592746.0408218,0.05426662042737007,61586219008,0,62419632128,22598909952,61394685952,61394690560,1216474624,0,160818159616,121118687232,0
1791592746.2263463,0.03972921706736088,61586219008,0,62419632128,22598909952,61394685952,61394690560,1216474624,0,160818147328,121118687232,0
1791592746.4408715,0.05417361110448837,61586219008,0,62419632128,22598909952,61394685952,61394690560,1216474624,0,160818286592,121118687232,0
1791592746.6386006,0.05179732106626034,61586219008,0,62419632128,22598909952,61394685952,61394690560,1216474624,0,160818360320,121118687232,0
1791592746.8366117,0.049724023789167404,61586219008,0,62419632128,22598909952,61394685952,61394690560,1216474624,0,160818286592,121118687232,0
1791592747.0368366,0.04986802488565445,61586219008,0,62419632128,22598909952,61394685952,61394690560,1216474624,0,160818102272,121118687232,0
1791592747.244001,0.05694834887981415,61586219008,0,62419632128,22598909952,61394685952,61394690560,1216474624,0,160818810880,121118687232,0
1791592747.4399107,0.05277515947818756,61586219008,0,62419632128,22598909952,61394685952,61394690560,1216474624,0,160818700288,121118687232,0
1791592747.6428542,0.05563381128013134,61586219008,0,62419632128,22598909952,61394685952,61394690560,1216474624,0,160819052544,121118687232,0
1791592747.8398132,0.05251100845634937,61586219008,0,62419632128,22598909952,61394685952,61394690560,1216474624,0,160818806784,121118687232,0
1791592748.0246794,0.03729935176670551,61586219008,0,62419632128,22598909952,61394685952,61394690560,1216474624,0,160818868224,121118687232,0
1791592748.2357426,0.04827282764017582,61586219008,0,62419632128,22598909952,61394685952,61394690560,1216474624,0,160818909184,121118687232,0
1791592748.4425552,0.05500192195177078,61586219008,0,62419632128,22598909952,61394685952,61394690560,1216474624,0,160818987008,121118687232,0
1791592748.6380343,0.050374457612633705,61586219008,0,62419632128,22598909952,61394685952,61394690560,1216474624,0,160819060736,121118687232,0
1791592748.838276,0.05053321272134781,61586219008,0,62419632128,22598909952,61394685952,61394690560,1216474624,0,160819113984,121118687232,0
1791592749.043635,0.05580844357609749,61586219008,0,62419632128,22598909952,61394685952,61394690560,1216474624,0,160818946048,121118687232,0
1791592749.2416615,0.05375051125884056,61586219008,0,62419632128,22598909952,61394685952,61394690560,1216474624,0,160818761728,121118687232,0
1791592749.440355,0.052359435707330704,61586219008,0,62419632128,22598909952,61394685952,61394690560,1216474624,0,160818823168,121118687232,0
1791592749.6401453,0.05206639878451824,61586219008,0,62419632128,22598909952,61394685952,61394690560,1216474624,0,160818905088,121118687232,0
1791592749.8432946,0.05513162724673748,61586219008,0,62419632128,22598909952,61394685952,61394690560,1216474624,0,160819245056,121118687232,0
1791592750.042873,0.054624419659376144,61586219008,0,62419632128,22598909952,61394685952,61394690560,1216474624,0,160819179520,121118687232,0
1791592750.2396514,0.0512969046831131,61586219008,0,62419632128,22598909952,61394685952,61394690560,1216474624,0,160819105792,121118687232,0
1791592750.4446275,0.056187523528933525,61586219008,0,62419632128,22598909952,61394685952,61394690560,1216474624,0,160818241536,121118687232,0
1791592750.6410244,0.05246942862868309,61586219008,0,62419632128,22598909952,61394685952,61394690560,1216474624,0,160818331648,121118687232,0
1791592750.8434227,0.054785992950201035,61586219008,0,62419632128,22598909952,61394685952,61394690560,1216474624,0,160818380800,121118687232,0
1791592751.0417747,0.05305590108036995,61586219008,0,62419632128,22598909952,61394685952,61394690560,1216474624,0,160818069504,121118687232,0
1791592751.2446766,0.05587521195411682,61586219008,0,62419632128,22598909952,61394685952,61394690560,1216474624,0,160817975296,121118687232,0
1791592751.4414506,0.052563752979040146,61586219008,0,62419632128,22598909952,61394685952,61394690560,1216474624,0,160818024448,121118687232,0
1791592751.6421463,0.05317521654069424,61586219008,0,62419632128,22598909952,61394685952,61394690560,1216474624,0,160818098176,121118687232,0
1791592751.8265607,0.03752722404897213,61586219008,0,62419632128,22598909952,61394685952,61394690560,1216474624,0,160818180096,121118687232,0
1791592752.0229619,0.033868080005049706,61586219008,0,62419632128,22598909952,61394685952,61394690560,1216474624,0,160818216960,121118687232,0
1791592752.2267315,0.037571897730231285,61586219008,0,62419632128,22598909952,61394685952,61394690560,1216474624,0,160818794496,121118687232,0
1791592752.4433494,0.05411201901733875,61586219008,0,62419632128,22598909952,61394685952,61394690560,1216474624,0,160818884608,121118687232,0
1791592752.6423104,0.0529908612370491,61586223104,0,62419632128,22598909952,61394685952,61394690560,1216478720,0,160819163136,121118687232,0
1791592752.8451529,0.05574699677526951,61586223104,0,62419632128,22598909952,61394685952,61394690560,1216478720,0,160819081216,121118687232,0
1791592753.0438468,0.05436018481850624,61586223104,0,62419632128,22598909952,61394685952,61394690560,1216478720,0,160818757632,121118687232,0
1791592753.2460675,0.05649526230990887,61586223104,0,62419632128,22598909952,61394685952,61394690560,1216478720,0,160818790400,121118687232,0
1791592753.4439228,0.054265011101961136,61586223104,0,62419632128,22598909952,61394685952,61394690560,1216478720,0,160818577408,121118687232,0
1791592753.646994,0.05725317634642124,61586235392,0,62419632128,22598909952,61394685952,61394690560,1216491008,0,160818663424,121118687232,0
1791592753.8430128,0.053156903013587,61586235392,0,62419632128,22598909952,61394685952,61394690560,1216491008,0,160818765824,121118687232,0
1791592754.045407,0.05542573146522045,61586235392,0,62419632128,22598909952,61394685952,61394690560,1216491008,0,160818442240,121118687232,0
1791592754.2372797,0.04722769744694233,61586235392,0,62419632128,22598909952,61394685952,61394690560,1216491008,0,160818536448,121118687232,0
1791592754.4436808,0.05352005362510681,61586235392,0,62419632128,22598909952,61394685952,61394690560,1216491008,0,160818786304,121118687232,0
1791592754.636994,0.04676072113215923,61586235392,0,62419632128,22598909952,61394685952,61394690560,1216491008,0,160818364416,121118687232,0
1791592754.838464,0.04815560579299927,61586235392,0,62419632128,22598909952,61394685952,61394690560,1216491008,0,160817991680,121118687232,0
1791592755.0352702,0.044892484322190285,61586235392,0,62419632128,22598909952,61394685952,61394690560,1216491008,0,160818077696,121118687232,0
1791592755.2355223,0.04507480747997761,61586235392,0,62419632128,22598909952,61394685952,61394690560,1216491008,0,160818094080,121118687232,0
1791592755.4371676,0.0466496292501688,61586235392,0,62419632128,22598909952,61394685952,61394690560,1216491008,0,160818180096,121118687232,0
1791592755.6384497,0.04786139167845249,61586235392,0,62419632128,22598909952,61394685952,61394690560,1216491008,0,160818274304,121118687232,0
1791592755.8413708,0.05066180229187012,61586235392,0,62419632128,22598909952,61394685952,61394690560,1216491008,0,160818626560,121118687232,0
1791592756.0364654,0.04568549804389477,61586235392,0,62419632128,22598909952,61394685952,61394690560,1216491008,0,160818712576,121118687232,0
1791592756.2458463,0.05496381223201752,61586235392,0,62419632128,22598909952,61394685952,61394690560,1216491008,0,160818700288,121118687232,0
1791592756.4431899,0.05220389738678932,61586235392,0,62419632128,22598909952,61394685952,61394690560,1216491008,0,160818774016,121118687232,0
1791592756.6400335,0.04896656051278114,61586235392,0,62419632128,22598909952,61394685952,61394690560,1216491008,0,160818749440,121118687232,0
1791592756.8311467,0.04001053422689438,61606588416,0,67083698176,17934843904,61394685952,61394690560,5900910080,0,160838643712,121118674944,0
1791592757.039733,0.0485268272459507,61606641664,0,67131932672,17886609408,61394685952,61394690560,5949197824,0,160838414336,121118674944,0
1791592757.244795,0.053500015288591385,61606670336,0,67121446912,17897095168,61394685952,61394690560,5938740736,0,160838549504,121118674944,0
1791592757.4379945,0.04662034474313259,61606699008,0,67089989632,17928552448,61394685952,61394690560,5907312128,0,160838905856,121118674944,0
1791592757.638547,0.04706869274377823,61606744064,0,67146612736,17871929344,61394685952,61394690560,5963980288,0,160838938624,121118674944,0
1791592757.8400257,0.04846110939979553,61606768640,0,67083698176,17934843904,61394685952,61394690560,5901090304,0,160838778880,121118674944,0
1791592758.0390363,0.04735592007637024,61606797312,0,67104669696,17913872384,61394685952,61394690560,5922090496,0,160838459392,121118674944,0
1791592758.2385914,0.0467937458306551,61606834176,0,67102572544,17915969536,61394685952,61394690560,5920030208,0,160838356992,121118674944,0
1791592758.4366956,0.04480084404349327,61606854656,0,67110961152,17907580928,61394685952,61394690560,5928439296,0,160838352896,121118674944,0
1791592758.6393187,0.047342218458652496,61606887424,0,67125641216,17892900864,61394685952,61394690560,5943152128,0,160838328320,121118674944,0
1791592758.8422256,0.05015278793871403,61606924288,0,67119349760,17899192320,61394685952,61394690560,5936897536,0,160838737920,121118670848,0
1791592759.043191,0.05102383531630039,61606961152,0,67146612736,17871929344,61394685952,61394690560,5964197376,0,160838230016,121118670848,0
1791592759.2446604,0.05240204371511936,61606985728,0,67117252608,17901289472,61394685952,61394690560,5934861824,0,160838180864,121118670848,0
1791592759.4430785,0.05073271505534649,61607088128,0,67150807040,17867735040,61394685952,61394690560,5968518656,0,160838082560,121118670848,0
1791592759.6443975,0.051938872784376144,61607149568,0,67125641216,17892900864,61394685952,61394690560,5943414272,0,160838324224,121118670848,0
1791592759.8405719,0.04801806062459946,61607186432,0,67169681408,17848860672,61394685952,61394690560,5987491328,0,160838651904,121118670848,0
1791592760.0389123,0.04626672342419624,61607211008,0,67113058304,17905483776,61394685952,61394690560,5930892800,0,160838832128,121118670848,0
1791592760.2339447,0.04121054708957672,61607239680,0,67161292800,17857249280,61394685952,61394690560,5979155968,0,160838529024,121118670848,0
1791592760.4352026,0.042400576174259186,61607276544,0,67121446912,17897095168,61394685952,61394690560,5939346944,0,160838520832,121118670848,0
1791592760.62923,0.036363884806632996,61607301120,0,67167584256,17850957824,61394685952,61394690560,5985508864,0,160838746112,121118670848,0
1791592760.8300862,0.03714928962290287,61607333888,0,67136126976,17882415104,61394685952,61394690560,5954084352,0,160838656000,121118670848,0
1791592761.043485,0.05045062303543091,61607354368,0,67152904192,17865637888,61394685952,61394690560,5970882048,0,160838901760,121118670848,0
1791592761.242201,0.049066463485360146,61607391232,0,67161292800,17857249280,61394685952,61394690560,5979307520,0,160838733824,121118670848,0
1791592761.4383855,0.04516167193651199,61607411712,0,67159195648,17859346432,61394685952,61394690560,5977230848,0,160838803456,121118670848,0
1791592761.6406236,0.047315340489149094,61607424000,0,67071115264,17947426816,61394685952,61394690560,5889162752,0,160838672384,121118670848,0
1791592761.8428054,0.049397312104701996,61607424000,0,67071115264,17947426816,61394685952,61394690560,5889162752,0,160839127040,121118666752,0
1791592762.0375865,0.044098950922489166,61607424000,0,67071115264,17947426816,61394685952,61394690560,5889162752,0,160839372800,121118666752,0
1791592762.2404213,0.04683108255267143,61607424000,0,67071115264,17947426816,61394685952,61394690560,5889162752,0,160839573504,121118662656,0
1791592762.4410558,0.047378476709127426,61607424000,0,67071115264,17947426816,61394685952,61394690560,5889162752,0,160839639040,121118662656,0
1791592762.642161,0.04840169847011566,61607424000,0,67071115264,17947426816,61394685952,61394690560,5889162752,0,160839720960,121118662656,0
1791592762.8428226,0.04898269474506378,61607686144,0,67096281088,17922260992,61394685952,61394690560,5914590720,0,160839794688,121118662656,0
1791592763.0378785,0.043956005945801735,61607686144,0,67131932672,17886609408,61394685952,61394690560,5950242304,0,160839258112,121118662656,0
1791592763.237136,0.04312932305037975,61607686144,0,67077406720,17941135360,61394685952,61394690560,5895716352,0,160839102464,121118662656,0
1791592763.4374237,0.043332263827323914,61607706624,0,67092086784,17926455296,61394685952,61394690560,5910416896,0,160838721536,121118662656,0
1791592763.644056,0.04973907582461834,61607743488,0,67094183936,17924358144,61394685952,61394690560,5912550912,0,160838578176,121118662656,0
1791592763.8417854,0.04738238826394081,61607862272,0,67096281088,17922260992,61394685952,61394690560,5914766848,0,160838873088,121118662656,0
1791592764.0411947,0.04670095443725586,61607899136,0,67134029824,17884512256,61394685952,61394690560,5952552448,0,160838881280,121118597120,0
1791592764.242475,0.04789626784622669,61607927808,0,67102572544,17915969536,61394685952,61394690560,5921123840,0,160838717440,121118597120,0
1791592764.4418652,0.04722102917730808,61607952384,0,67115155456,17903386624,61394685952,61394690560,5933731328,0,160838692864,121118597120,0
1791592764.6412919,0.04656616412103176,61607985152,0,67155001344,17863540736,61394685952,61394690560,5973609984,0,160838791168,121118597120,0
1791592764.844995,0.05014997906982899,61608017920,0,67098378240,17920163840,61394685952,61394690560,5917019648,0,160838750208,121118593024,0
1791592765.0435865,0.0486554279923439,61608038400,0,67119349760,17899192320,61394685952,61394690560,5938011648,0,160838692864,121118593024,0
1791592765.2408273,0.04580388218164444,61608075264,0,67117252608,17901289472,61394685952,61394690560,5935951360,0,160838762496,121118593024,0
1791592765.4411972,0.046088505536317825,61608095744,0,67140321280,17878220800,61394685952,61394690560,5959040512,0,160839090176,121118593024,0
1791592765.6305587,0.03535345569252968,61608128512,0,67113058304,17905483776,61394685952,61394690560,5931810304,0,160839495680,121118593024,0
1791592765.842342,0.047055089846253395,61608157184,0,67113058304,17905483776,61394685952,61394690560,5931838976,0,160839602176,121118593024,0
1791592766.0425665,0.04719620756804943,61608185856,0,67134029824,17884512256,61394685952,61394690560,5952839168,0,160839454720,121118593024,0
1791592766.2434373,0.04798305407166481,61608222720,0,67175972864,17842569216,61394685952,61394690560,5994819072,0,160839274496,121118593024,0
1791592766.4421291,0.046556808054447174,61608243200,0,67142418432,17876123648,61394685952,61394690560,5961285120,0,160839790592,121118593024,0
1791592766.643764,0.04808817803859711,61608345600,0,67161292800,17857249280,61394685952,61394690560,5980261888,0,160839569408,121118593024,0
1791592766.844285,0.04851786233484745,61608415232,0,67140321280,17878220800,61394685952,61394690560,5959360000,0,160839536640,121118588928,0
1791592767.0436327,0.04778323508799076,61608435712,0,67150807040,17867735040,61394685952,61394690560,5969866240,0,160839639040,121118588928,0
1791592767.2437446,0.047805968672037125,61608472576,0,67190652928,17827889152,61394685952,61394690560,6009748992,0,160840048640,121118588928,0
1791592767.4660642,0.07003987208008766,61608480768,0,67150807040,17867735040,61394685952,61394690560,5969911296,0,160839856128,121118588928,0
1791592767.6418529,0.04574277065694332,61608480768,0,67071115264,17947426816,61394685952,61394690560,5890219520,0,160839876608,121118588928,0
1791592767.847556,0.05132301338016987,61608480768,0,67071115264,17947426816,61394685952,61394690560,5890219520,0,160839282688,121118588928,0
1791592768.0434098,0.04709348641335964,61608480768,0,67071115264,17947426816,61394685952,61394690560,5890219520,0,160839643136,121118588928,0
1791592768.2441733,0.04777485691010952,61608480768,0,67071115264,17947426816,61394685952,61394690560,5890219520,0,160839757824,121118588928,0
1791592768.4436958,0.047189123928546906,61608480768,0,67071115264,17947426816,61394685952,61394690560,5890219520,0,160839815168,121118588928,0
1791592768.645579,0.048986054956912994,61608480768,0,67071115264,17947426816,61394685952,61394690560,5890219520,0,160839622656,121118588928,0
1791592768.8438635,0.047167226672172546,61608480768,0,67071115264,17947426816,61394685952,61394690560,5890219520,0,160839471104,121118588928,0
1791592769.0447702,0.04799185320734978,61608480768,0,67083698176,17934843904,61394685952,61394690560,5902802432,0,160839364608,121118588928,0
1791592769.2407684,0.04390708543360233,61608480768,0,67108864000,17909678080,61394685952,61394690560,5927968256,0,160839254016,121118588928,0
1791592769.4332252,0.03629679977893829,61608480768,0,67092086784,17926455296,61394685952,61394690560,5911191040,0,160839294976,121118588928,0
1791592769.6423898,0.04537974111735821,61608480768,0,67100475392,17918066688,61394685952,61394690560,5919579648,0,160839372800,121118588928,0
1791592769.845701,0.04858624190092087,61608480768,0,67117252608,17901289472,61394685952,61394690560,5936356864,0,160839385088,121118584832,0
1791592770.0432925,0.04609231650829315,61608480768,0,67100475392,17918066688,61394685952,61394690560,5919579648,0,160839438336,121118584832,0
1791592770.2454016,0.048119256272912025,61608480768,0,67136126976,17882415104,61394685952,61394690560,5955231232,0,160839352320,121118584832,0
1791592770.4413695,0.04400428384542465,61608480768,0,67094183936,17924358144,61394685952,61394690560,5913288192,0,160839442432,121118584832,0
1791592770.642873,0.04544103518128395,61608480768,0,67106766848,17911775232,61394685952,61394690560,5925871104,0,160838852608,121118584832,0
1791592770.8422956,0.04474809393286705,61608480768,0,67157098496,17861443584,61394685952,61394690560,5976202752,0,160839094272,121118584832,0
1791592771.046658,0.04902743734419346,61608480768,0,67104669696,17913872384,61394685952,61394690560,5923773952,0,160839401472,121118584832,0
1791592771.2464914,0.0487762913107872,61608480768,0,67150807040,17867735040,61394685952,61394690560,5969911296,0,160839499776,121118584832,0
1791592771.4454982,0.04770062491297722,61608480768,0,67106766848,17911775232,61394685952,61394690560,5925871104,0,160839495680,121118584832,0
1791592771.6445565,0.04667102172970772,61608480768,0,67127738368,17890803712,61394685952,61394690560,5946842624,0,160839512064,121118584832,0
1791592771.84044,0.042468754574656487,61608480768,0,67125641216,17892900864,61394685952,61394690560,5944745472,0,160839405568,121118584832,0
1791592772.052983,0.05492024123668671,61608484864,0,67119349760,17899192320,61394685952,61394690560,5938458112,0,160839319552,121118584832,0
1791592772.2447505,0.04652697779238224,61608583168,0,67175972864,17842569216,61394685952,61394690560,5995179520,0,160839454720,121118584832,0
1791592772.4444036,0.04610108770430088,61608583168,0,67123544064,17894998016,61394685952,61394690560,5942750720,0,160839684096,121118584832,0
1791592772.644452,0.04606856033205986,61608583168,0,67142418432,17876123648,61394685952,61394690560,5961625088,0,160839704576,121118584832,0
1791592772.8451023,0.0466378852725029,61608583168,0,67140321280,17878220800,61394685952,61394690560,5959527936,0,160839143424,121118580736,0
1791592773.044128,0.04555951990187168,61608583168,0,67140321280,17878220800,61394685952,61394690560,5959527936,0,160839098368,121118580736,0
1791592773.2478738,0.049225522205233574,61608583168,0,67169681408,17848860672,61394685952,61394690560,5988888064,0,160839188480,121118580736,0
1791592773.444721,0.0459905918687582,61608583168,0,67071115264,17947426816,61394685952,61394690560,5890321920,0,160838995968,121118580736,0
1791592773.6474895,0.04867707006633282,61608583168,0,67071115264,17947426816,61394685952,61394690560,5890321920,0,160839348224,121118580736,0
1791592773.8473065,0.048407500609755516,61608583168,0,67071115264,17947426816,61394685952,61394690560,5890321920,0,160839417856,121118580736,0
1791592774.0482938,0.04931017383933067,61608583168,0,67071115264,17947426816,61394685952,61394690560,5890321920,0,160839491584,121118580736,0
1791592774.2573645,0.05829707905650139,61608583168,0,67071115264,17947426816,61394685952,61394690560,5890321920,0,160839315456,121118580736,0
1791592774.4478486,0.04869856312870979,61608583168,0,67071115264,17947426816,61394685952,61394690560,5890321920,0,160839499776,121118580736,0
1791592774.651714,0.05246713198721409,61608583168,0,67094183936,17924358144,61394685952,61394690560,5913390592,0,160839217152,121118580736,0
1791592774.848355,0.049026211723685265,61608583168,0,67131932672,17886609408,61394685952,61394690560,5951139328,0,160839524352,121118576640,0
1791592775.0452945,0.045885251834988594,61608583168,0,67089989632,17928552448,61394685952,61394690560,5909196288,0,160839598080,121118576640,0
1791592775.2452343,0.045743996277451515,61608656896,0,67144515584,17874026496,61394685952,61394690560,5963795968,0,160839524352,121118576640,0
