unix_seconds,sample_duration_seconds,host_tree_rss_bytes,host_tree_swap_bytes,whole_gpu_used_bytes,whole_gpu_free_bytes,resident_host_W_lower_bound_bytes,resident_device_W_bytes,sampled_temporary_bytes,W_transition_incomplete,cgroup_memory_current_bytes,disk_available_bytes,smaps_read_failures
1791592805.9758954,0.03286796249449253,51015680,0,0,85017493504,0,0,51015680,0,99198570496,121118588928,0
1791592806.1693077,0.026197034865617752,78909440,0,0,85017493504,0,0,78909440,0,99226034176,121118584832,0
1791592806.372575,0.02937927097082138,79183872,0,0,85017493504,0,0,79183872,0,99225796608,121118584832,0
1791592806.5706267,0.027345340698957443,79183872,0,0,85017493504,0,0,79183872,0,99226411008,121118584832,0
1791592806.7731597,0.029760215431451797,79183872,0,0,85017493504,0,0,79183872,0,99226124288,121118584832,0
1791592806.973331,0.029851827770471573,79183872,0,0,85017493504,0,0,79183872,0,99226210304,121118584832,0
1791592807.1747556,0.0311944168061018,79183872,0,0,85017493504,0,0,79183872,0,99225464832,121118584832,0
1791592807.3735847,0.029915716499090195,79183872,0,0,85017493504,0,0,79183872,0,99225407488,121118584832,0
1791592807.572948,0.029190408065915108,79183872,0,0,85017493504,0,0,79183872,0,99225284608,121118584832,0
1791592807.7724319,0.02858664281666279,79183872,0,0,85017493504,0,0,79183872,0,99225034752,121118584832,0
1791592807.9729831,0.029050933197140694,79187968,0,0,85017493504,0,0,79187968,0,99225014272,121118584832,0
1791592808.1729317,0.028911015018820763,79187968,0,0,85017493504,0,0,79187968,0,99225079808,121118584832,0
1791592808.37557,0.03146270848810673,79192064,0,0,85017493504,0,0,79192064,0,99225014272,121118584832,0
1791592808.5739217,0.02969171106815338,87678976,0,0,85017493504,0,0,87678976,0,99233566720,121118584832,0
1791592808.771689,0.027375370264053345,87986176,0,0,85017493504,0,0,87986176,0,99237773312,121118584832,0
1791592808.9747753,0.030354339629411697,87986176,0,0,85017493504,0,0,87986176,0,99237490688,121118584832,0
1791592809.1754282,0.030923623591661453,87990272,0,0,85017493504,0,0,87990272,0,99237556224,121118584832,0
1791592809.3712199,0.02663389779627323,87990272,0,0,85017493504,0,0,87990272,0,99237871616,121118584832,0
1791592809.575422,0.030751822516322136,87990272,0,0,85017493504,0,0,87990272,0,99237945344,121118584832,0
1791592809.7752323,0.030474573373794556,87990272,0,0,85017493504,0,0,87990272,0,99237920768,121118584832,0
1791592809.9747257,0.02988644689321518,87990272,0,0,85017493504,0,0,87990272,0,99238141952,121118584832,0
1791592810.1733437,0.02842131070792675,87990272,0,0,85017493504,0,0,87990272,0,99238223872,121118584832,0
1791592810.3728352,0.02783018723130226,87990272,0,0,85017493504,0,0,87990272,0,99238526976,121118584832,0
1791592810.575069,0.029943322762846947,87990272,0,0,85017493504,0,0,87990272,0,99238785024,121118584832,0
1791592810.7721248,0.026914315298199654,87990272,0,0,85017493504,0,0,87990272,0,99244175360,121118584832,0
1791592810.9743695,0.029073771089315414,87990272,0,0,85017493504,0,0,87990272,0,99246796800,121118584832,0
1791592811.1709297,0.025547578930854797,96780288,0,0,85017493504,0,0,96780288,0,99244052480,121118584832,0
1791592811.3716938,0.026226887479424477,96780288,0,0,85017493504,0,0,96780288,0,99243511808,121118584832,0
1791592811.5713215,0.025766976177692413,96780288,0,0,85017493504,0,0,96780288,0,99243597824,121118584832,0
1791592811.7708404,0.025200968608260155,96780288,0,0,85017493504,0,0,96780288,0,99243274240,121118584832,0
1791592811.976568,0.03084339201450348,96780288,0,0,85017493504,0,0,96780288,0,99243311104,121118584832,0
1791592812.1753697,0.02954334020614624,96780288,0,0,85017493504,0,0,96780288,0,99243614208,121118584832,0
1791592812.3728178,0.026908094063401222,96780288,0,0,85017493504,0,0,96780288,0,99243704320,121118584832,0
1791592812.5749485,0.028927844017744064,96788480,0,0,85017493504,0,0,96788480,0,99243675648,121118584832,0
1791592812.7738645,0.027758928015828133,96788480,0,0,85017493504,0,0,96788480,0,99244027904,121118584832,0
1791592812.9764485,0.030220817774534225,96788480,0,0,85017493504,0,0,96788480,0,99243827200,121118584832,0
1791592813.1744347,0.02812216617166996,96788480,0,0,85017493504,0,0,96788480,0,99243716608,121118580736,0
1791592813.3721018,0.025709226727485657,96788480,0,0,85017493504,0,0,96788480,0,99243782144,121118580736,0
1791592813.573675,0.027200140058994293,128524288,0,0,85017493504,0,0,128524288,0,99275341824,121118576640,0
1791592813.7714756,0.024914484471082687,130211840,0,0,85017493504,0,0,130211840,0,99277201408,121118576640,0
1791592813.9761982,0.029558060690760612,130211840,0,0,85017493504,0,0,130211840,0,99277131776,121118576640,0
1791592814.1767964,0.030077146366238594,130211840,0,0,85017493504,0,0,130211840,0,99276562432,121118576640,0
1791592814.3755214,0.028716998174786568,130211840,0,0,85017493504,0,0,130211840,0,99276648448,121118576640,0
1791592814.5740082,0.027123773470520973,130211840,0,0,85017493504,0,0,130211840,0,99276730368,121118576640,0
1791592814.7719798,0.0250129122287035,130211840,0,0,85017493504,0,0,130211840,0,99276808192,121118576640,0
1791592814.9706314,0.023581968620419502,130211840,0,0,85017493504,0,0,130211840,0,99276894208,121118576640,0
1791592815.1725433,0.025410383939743042,130211840,0,0,85017493504,0,0,130211840,0,99276681216,121118576640,0
1791592815.3722587,0.025044767186045647,130211840,0,0,85017493504,0,0,130211840,0,99276771328,121118576640,0
1791592815.5735834,0.026289137080311775,130211840,0,0,85017493504,0,0,130211840,0,99276861440,121118576640,0
1791592815.773825,0.02644898183643818,130211840,0,0,85017493504,0,0,130211840,0,99276644352,121118576640,0
1791592815.9782276,0.03076665848493576,131493888,0,0,85017493504,0,0,131493888,0,99278127104,121118576640,0
1791592816.1781847,0.030641116201877594,141041664,0,0,85017493504,0,0,141041664,0,99287912448,121118576640,0
1791592816.3767185,0.029091335833072662,141041664,0,0,85017493504,0,0,141041664,0,99287830528,121118576640,0
1791592816.577998,0.03026556968688965,141041664,0,0,85017493504,0,0,141041664,0,99287666688,121118576640,0
1791592816.776848,0.02903154492378235,141045760,0,0,85017493504,0,0,141045760,0,99287752704,121118576640,0
1791592816.9767122,0.02879295125603676,141045760,0,0,85017493504,0,0,141045760,0,99287007232,121118576640,0
1791592817.1779814,0.029957948252558708,141045760,0,0,85017493504,0,0,141045760,0,99287130112,121118576640,0
1791592817.3769064,0.02878965623676777,141045760,0,0,85017493504,0,0,141045760,0,99287412736,121118576640,0
1791592817.5778408,0.02962852455675602,141049856,0,0,85017493504,0,0,141049856,0,99287072768,121118576640,0
1791592817.7787101,0.03041183017194271,141049856,0,0,85017493504,0,0,141049856,0,99286851584,121118576640,0
1791592817.9775274,0.02914099581539631,141053952,0,0,85017493504,0,0,141053952,0,99286855680,121118576640,0
1791592818.1779468,0.02946982905268669,141053952,0,0,85017493504,0,0,141053952,0,99286884352,121118576640,0
1791592818.375527,0.026956157758831978,141053952,0,0,85017493504,0,0,141053952,0,99286618112,121118576640,0
1791592818.576016,0.027362406253814697,147832832,0,0,85017493504,0,0,147832832,0,99293405184,121118576640,0
1791592818.7777948,0.029061688110232353,147832832,0,0,85017493504,0,0,147832832,0,99293478912,121118576640,0
1791592818.9796119,0.030796656385064125,147836928,0,0,85017493504,0,0,147836928,0,99293347840,121118576640,0
1791592819.1786733,0.029756126925349236,147836928,0,0,85017493504,0,0,147836928,0,99293474816,121118576640,0
1791592819.379048,0.030038798227906227,147836928,0,0,85017493504,0,0,147836928,0,99293487104,121118576640,0
1791592819.5781136,0.029009714722633362,147836928,0,0,85017493504,0,0,147836928,0,99293589504,121118576640,0
1791592819.779863,0.030626438558101654,147836928,0,0,85017493504,0,0,147836928,0,99293675520,121118576640,0
1791592819.9804995,0.031181449070572853,147836928,0,0,85017493504,0,0,147836928,0,99293274112,121118576640,0
1791592820.1798038,0.030406275764107704,147836928,0,0,85017493504,0,0,147836928,0,99293278208,121118576640,0
1791592820.3788292,0.029348576441407204,147836928,0,0,85017493504,0,0,147836928,0,99293593600,121118576640,0
1791592820.5804126,0.03084954433143139,147836928,0,0,85017493504,0,0,147836928,0,99293712384,121118572544,0
1791592820.7795641,0.029893947765231133,147836928,0,0,85017493504,0,0,147836928,0,99294060544,121118572544,0
1791592820.9801621,0.030404875054955482,136916992,0,0,85017493504,0,0,136916992,0,99283357696,121118568448,0
1791592821.178582,0.028724372386932373,136933376,0,0,85017493504,0,0,136933376,0,99283144704,121118568448,0
1791592821.3776588,0.02771727181971073,136941568,0,0,85017493504,0,0,136941568,0,99283243008,121118568448,0
1791592821.5754488,0.02542686089873314,136957952,0,0,85017493504,0,0,136957952,0,99283185664,121118568448,0
1791592821.775709,0.02560815028846264,136957952,0,0,85017493504,0,0,136957952,0,99283189760,121118568448,0
1791592821.9848607,0.03464304655790329,301195264,0,0,85017493504,138977280,0,162217984,0,99449188352,121118564352,0
1791592822.1816502,0.03134961612522602,506724352,0,0,85017493504,346595328,0,160129024,0,99655495680,121118564352,0
1791592822.3815806,0.031198913231492043,712273920,0,0,85017493504,550019072,0,162254848,0,99859283968,121118564352,0
1791592822.5863657,0.03589489310979843,919896064,0,0,85017493504,753442816,0,166453248,0,100067037184,121118564352,0
1791592822.7884955,0.03794748708605766,1123319808,0,0,85017493504,956866560,0,166453248,0,100273164288,121118564352,0
1791592822.9871893,0.03652534633874893,1307869184,0,0,85017493504,1145610240,0,162258944,0,100455972864,121118564352,0
1791592823.1860847,0.035337258130311966,1502916608,0,0,85017493504,1338548224,0,164368384,0,100651331584,121118564352,0
1791592823.382376,0.0315469391644001,1693757440,0,0,85017493504,1533583360,0,160174080,0,100844781568,121118564352,0
1791592823.604958,0.05404220148921013,1911861248,0,0,85017493504,1728618496,0,183242752,0,101061287936,121118564352,0
1791592823.7859905,0.034989651292562485,2088022016,0,0,85017493504,1923653632,0,164368384,0,101237534720,121118564352,0
1791592823.9884982,0.03739401511847973,2287251456,0,0,85017493504,2120785920,0,166465536,0,101436887040,121118564352,0
1791592824.1880274,0.03680471144616604,2484383744,0,0,85017493504,2317918208,0,166465536,0,101634543616,121118564352,0
1791592824.3901966,0.0388568714261055,2675240960,0,0,85017493504,2506661888,0,168579072,0,101825933312,121118564352,0
1791592824.5892751,0.03785331733524799,2866081792,0,0,85017493504,2697502720,0,168579072,0,102017040384,121118564352,0
1791592824.7877436,0.036243243142962456,3061116928,0,0,85017493504,2896732160,0,164384768,0,102215041024,121118564352,0
1791592824.9844086,0.03282666765153408,3258249216,0,0,85017493504,3095961600,0,162287616,0,102410436608,121118564352,0
1791592825.185885,0.03422158025205135,3463770112,0,0,85017493504,3297288192,0,166481920,0,102616334336,121118564352,0
1791592825.388379,0.036634791642427444,3667193856,0,0,85017493504,3500711936,0,166481920,0,102820114432,121118564352,0
1791592825.5957844,0.04395701177418232,3876925440,0,0,85017493504,3702038528,0,174886912,0,103030710272,121118564352,0
1791592825.7896178,0.03768401965498924,4071960576,0,0,85017493504,3903365120,0,168595456,0,103225839616,121118564352,0
1791592825.9898992,0.037868181243538857,4273287168,0,0,85017493504,4104691712,0,168595456,0,103427608576,121118564352,0
1791592826.1878257,0.03571116551756859,4470419456,0,0,85017493504,4306018304,0,164401152,0,103625244672,121118564352,0
1791592826.3892016,0.0370041411370039,4665454592,0,0,85017493504,4498956288,0,166498304,0,103820496896,121118564352,0
1791592826.5886405,0.03636118583381176,4866781184,0,0,85017493504,4700282880,0,166498304,0,104021893120,121118564352,0
1791592826.788165,0.03579963371157646,5068124160,0,0,85017493504,4901609472,0,166514688,0,104223842304,121118564352,0
1791592826.9891534,0.03670455515384674,5273645056,0,0,85017493504,5107130368,0,166514688,0,104431726592,121118564352,0
1791592827.188438,0.03590748645365238,5477068800,0,0,85017493504,5310554112,0,166514688,0,104633622528,121118564352,0
1791592827.3848903,0.03227697312831879,5674201088,0,0,85017493504,5509783552,0,164417536,0,104831033344,121118564352,0
1791592827.5841334,0.031436651945114136,5875527680,0,0,85017493504,5713207296,0,162320384,0,105032839168,121118560256,0
1791592827.7849236,0.03214717470109463,6078951424,0,0,85017493504,5914533888,0,164417536,0,105236258816,121118560256,0
1791592827.9896061,0.03674987517297268,6284488704,0,0,85017493504,6117957632,0,166531072,0,105444282368,121118560256,0
1791592828.1901708,0.03723100572824478,6481620992,0,0,85017493504,6315089920,0,166531072,0,105639931904,121118560256,0
1791592828.3912525,0.03823167271912098,6687141888,0,0,85017493504,6518513664,0,168628224,0,105846046720,121118560256,0
1791592828.590599,0.03745982050895691,6894759936,0,0,85017493504,6728228864,0,166531072,0,106056118272,121118560256,0
1791592828.7899911,0.03678467310965061,7098183680,0,0,85017493504,6933749760,0,164433920,0,106260156416,121118560256,0
1791592828.9898443,0.03655226528644562,7301611520,0,0,85017493504,7135076352,0,166535168,0,106461843456,121118560256,0
1791592829.1894877,0.03611244820058346,7500857344,0,0,85017493504,7336402944,0,164454400,0,106663436288,121118560256,0
1791592829.3855557,0.03210084140300751,7697989632,0,0,85017493504,7537729536,0,160260096,0,106860924928,121118560256,0
1791592829.5850835,0.03154966980218887,7882539008,0,0,85017493504,7724376064,0,158162944,0,107045859328,121118560256,0
1791592829.7876875,0.034074271097779274,8077574144,0,0,85017493504,7913119744,0,164454400,0,107238871040,121118560256,0
1791592829.9902656,0.036569973453879356,8280997888,0,0,85017493504,8114446336,0,166551552,0,107442888704,121118560256,0
1791592830.1890514,0.035266462713479996,8473935872,0,0,85017493504,8309481472,0,164454400,0,107635949568,121118560256,0
1791592830.3902414,0.03637707978487015,8673165312,0,0,85017493504,8508710912,0,164454400,0,107837882368,121118560256,0
1791592830.5868552,0.032906895503401756,8870313984,0,0,85017493504,8710037504,0,160276480,0,108035047424,121118560256,0
1791592830.7915971,0.03755963034927845,9080029184,0,0,85017493504,8911364096,0,168665088,0,108243460096,121118560256,0
1791592830.9866886,0.03256069868803024,9281355776,0,0,85017493504,9118982144,0,162373632,0,108445741056,121118560256,0
1791592831.1915996,0.037388164550065994,9478488064,0,0,85017493504,9311920128,0,166567936,0,108643471360,121118560256,0
1791592831.390029,0.03573009558022022,9669328896,0,0,85017493504,9502760960,0,166567936,0,108834349056,121118560256,0
1791592831.588169,0.033767344430089,9866461184,0,0,85017493504,9704087552,0,162373632,0,109031432192,121118560256,0
1791592831.789353,0.034853676334023476,10069884928,0,0,85017493504,9907511296,0,162373632,0,109237571584,121118560256,0
1791592831.9882784,0.03367426618933678,10267017216,0,0,85017493504,10104643584,0,162373632,0,109432733696,121118560256,0
1791592832.1922827,0.03759505972266197,10468343808,0,0,85017493504,10301775872,0,166567936,0,109634236416,121118560256,0
1791592832.3931334,0.03835812769830227,10669670400,0,0,85017493504,10503102464,0,166567936,0,109838475264,121118560256,0
1791592832.5921412,0.037282807752490044,10860511232,0,0,85017493504,10693943296,0,166567936,0,110027558912,121118560256,0
1791592832.790959,0.036021504551172256,11051352064,0,0,85017493504,10886881280,0,164470784,0,110220742656,121118560256,0
1791592832.9922113,0.03719189949333668,11256872960,0,0,85017493504,11092402176,0,164470784,0,110425014272,121118560256,0
1791592833.192404,0.037300532683730125,11462393856,0,0,85017493504,11295825920,0,166567936,0,110632996864,121118560256,0
1791592833.3909793,0.03575409576296806,11665817600,0,0,85017493504,11499249664,0,166567936,0,110834704384,121118560256,0
1791592833.5877776,0.03246692940592766,11865047040,0,0,85017493504,11702673408,0,162373632,0,111033937920,121118560256,0
1791592833.7926028,0.0372106209397316,12074762240,0,0,85017493504,11908194304,0,166567936,0,111243710464,121118560256,0
1791592833.9967241,0.04122997634112835,12280283136,0,0,85017493504,12111618048,0,168665088,0,111449784320,121118560256,0
1791592834.1931145,0.03753943555057049,12469026816,0,0,85017493504,12302458880,0,166567936,0,111639134208,121118560256,0
1791592834.392615,0.036952726542949677,12668256256,0,0,85017493504,12501688320,0,166567936,0,111838072832,121118556160,0
1791592834.5946167,0.03886472061276436,12867485696,0,0,85017493504,12698820608,0,168665088,0,112038166528,121118556160,0
1791592834.7952995,0.039439380168914795,13068812288,0,0,85017493504,12900147200,0,168665088,0,112239833088,121118556160,0
1791592834.9941711,0.038224825635552406,13268041728,0,0,85017493504,13101473792,0,166567936,0,112439652352,121118556160,0
1791592835.192142,0.03611094504594803,13467271168,0,0,85017493504,13300703232,0,166567936,0,112639037440,121118556160,0
1791592835.3899097,0.03378080762922764,13664407552,0,0,85017493504,13502029824,0,162377728,0,112836653056,121118556160,0
1791592835.592721,0.03649563901126385,13867831296,0,0,85017493504,13701259264,0,166572032,0,113039982592,121118556160,0
1791592835.7909186,0.034606875851750374,14067060736,0,0,85017493504,13904683008,0,162377728,0,113241853952,121118556160,0
1791592835.9962146,0.03979540057480335,14272581632,0,0,85017493504,14106009600,0,166572032,0,113447915520,121118556160,0
1791592836.1949189,0.03839867748320103,14461325312,0,0,85017493504,14294753280,0,166572032,0,113635332096,121118556160,0
1791592836.394312,0.0376979298889637,14662651904,0,0,85017493504,14496079872,0,166572032,0,113836957696,121118556160,0
1791592836.5952723,0.03855939023196697,14863978496,0,0,85017493504,14697406464,0,166572032,0,114038824960,121118556160,0
1791592836.7969537,0.04015197232365608,15071596544,0,0,85017493504,14902927360,0,168669184,0,114246795264,121118556160,0
1791592836.9950461,0.03814372420310974,15272923136,0,0,85017493504,15106351104,0,166572032,0,114448621568,121118556160,0
1791592837.196041,0.03902805037796497,15478444032,0,0,85017493504,15316066304,0,162377728,0,114656595968,121118556160,0
1791592837.390929,0.03381536900997162,15677673472,0,0,85017493504,15515295744,0,162377728,0,114854162432,121118556160,0
1791592837.5931737,0.035962456837296486,15883194368,0,0,85017493504,15718719488,0,164474880,0,115059933184,121118556160,0
1791592837.792989,0.035697393119335175,16086618112,0,0,85017493504,15920046080,0,166572032,0,115263705088,121118556160,0
1791592837.9898992,0.0325259231030941,16281653248,0,0,85017493504,16121372672,0,160280576,0,115461148672,121118556160,0
1791592838.1961555,0.038701971992850304,16480882688,0,0,85017493504,16314310656,0,166572032,0,115660558336,121118556160,0
1791592838.3972547,0.03970673307776451,16684306432,0,0,85017493504,16515637248,0,168669184,0,115864350720,121118556160,0
1791592838.5911489,0.033520033583045006,16883535872,0,0,85017493504,16721158144,0,162377728,0,116063952896,121118556160,0
1791592838.792943,0.03523496724665165,17089056768,0,0,85017493504,16926679040,0,162377728,0,116269834240,121118556160,0
1791592838.9909363,0.03314505144953728,17292480512,0,0,85017493504,17130102784,0,162377728,0,116471513088,121118556160,0
1791592839.1907332,0.03285963274538517,17500098560,0,0,85017493504,17337720832,0,162377728,0,116679741440,121118556160,0
1791592839.3912117,0.03325398825109005,17697230848,0,0,85017493504,17534853120,0,162377728,0,116877213696,121118556160,0
1791592839.5907817,0.03274000808596611,17900654592,0,0,85017493504,17740374016,0,160280576,0,117083348992,121118556160,0
1791592839.7922819,0.03415977768599987,18108272640,0,0,85017493504,17943797760,0,164474880,0,117288955904,121118556160,0
1791592839.9918723,0.03366903401911259,18311696384,0,0,85017493504,18149318656,0,162377728,0,117492994048,121118556160,0
1791592840.1952922,0.03700846806168556,18515120128,0,0,85017493504,18350645248,0,164474880,0,117696770048,121118556160,0
1791592840.3966722,0.03829967975616455,18718543872,0,0,85017493504,18554068992,0,164474880,0,117903167488,121118556160,0
1791592840.595906,0.037449466064572334,18921967616,0,0,85017493504,18755395584,0,166572032,0,118104584192,121118556160,0
1791592840.797608,0.03906561620533466,19127488512,0,0,85017493504,18960916480,0,166572032,0,118310965248,121118556160,0
1791592840.9950001,0.036375004798173904,19322523648,0,0,85017493504,19155951616,0,166572032,0,118506373120,121118556160,0
1791592841.1966794,0.037971582263708115,19532238848,0,0,85017493504,19365666816,0,166572032,0,118716465152,121118552064,0
1791592841.395712,0.03691205754876137,19733565440,0,0,85017493504,19569090560,0,164474880,0,118919835648,121118552064,0
1791592841.5943964,0.03551376238465309,19936989184,0,0,85017493504,19772514304,0,164474880,0,119121764352,121118552064,0
1791592841.7936783,0.03471573628485203,20140417024,0,0,85017493504,19975938048,0,164478976,0,119325249536,121118552064,0
1791592841.9925568,0.03351343236863613,20341743616,0,0,85017493504,20179361792,0,162381824,0,119527194624,121118552064,0
1791592842.198784,0.03965766355395317,20551458816,0,0,85017493504,20384882688,0,166576128,0,119739224064,121118552064,0
1791592842.398395,0.03917583078145981,20756979712,0,0,85017493504,20588306432,0,168673280,0,119943507968,121118552064,0
1791592842.6000714,0.04075277969241142,20952018944,0,0,85017493504,20783341568,0,168677376,0,120137986048,121118552064,0
1791592842.799302,0.039891526103019714,21155450880,0,0,85017493504,20986765312,0,168685568,0,120342208512,121118552064,0
1791592842.997887,0.038392823189496994,21348388864,0,0,85017493504,21183897600,0,164491264,0,120537591808,121118552064,0
1791592843.1960273,0.03643419407308102,21553909760,0,0,85017493504,21387321344,0,166588416,0,120741421056,121118552064,0
1791592843.3979456,0.038244256749749184,21759430656,0,0,85017493504,21592842240,0,166588416,0,120947306496,121118552064,0
1791592843.596705,0.03691592067480087,21964951552,0,0,85017493504,21800460288,0,164491264,0,121153216512,121118552064,0
1791592843.7984288,0.03853261470794678,22172569600,0,0,85017493504,22003884032,0,168685568,0,121361199104,121118552064,0
1791592844.0013125,0.041325224563479424,22380187648,0,0,85017493504,22211502080,0,168685568,0,121569447936,121118552064,0
1791592844.1990945,0.039018457755446434,22583611392,0,0,85017493504,22417022976,0,166588416,0,121775321088,121118552064,0
1791592844.3979046,0.037742938846349716,22789132288,0,0,85017493504,22622543872,0,166588416,0,121979363328,121118552064,0
1791592844.5974934,0.037240512669086456,22982070272,0,0,85017493504,22817579008,0,164491264,0,122172231680,121118552064,0
1791592844.7946002,0.03428049571812153,23183396864,0,0,85017493504,23016808448,0,166588416,0,122374135808,121118552064,0
1791592845.0001314,0.03972088359296322,23393112064,0,0,85017493504,23226523648,0,166588416,0,122586812416,121118552064,0
1791592845.1988184,0.038324443623423576,23594438656,0,0,85017493504,23429947392,0,164491264,0,122787897344,121118552064,0
1791592845.3990633,0.038480138406157494,23797862400,0,0,85017493504,23633371136,0,164491264,0,122991931392,121118552064,0
1791592845.5987926,0.03811919130384922,24001286144,0,0,85017493504,23836794880,0,164491264,0,123193507840,121118552064,0
1791592845.7993045,0.03853892162442207,24206807040,0,0,85017493504,24040218624,0,166588416,0,123401707520,121118552064,0
1791592845.9946222,0.03376718796789646,24406036480,0,0,85017493504,24243642368,0,162394112,0,123599147008,121118547968,0
1791592846.1926873,0.031755631789565086,24609460224,0,0,85017493504,24442871808,0,166588416,0,123803389952,121118547968,0
1791592846.3920248,0.031012773513793945,24800301056,0,0,85017493504,24637906944,0,162394112,0,123994292224,121118547968,0
1791592846.5962741,0.035186609253287315,24995336192,0,0,85017493504,24828747776,0,166588416,0,124189851648,121118547968,0
1791592846.7998624,0.03864949010312557,25196662784,0,0,85017493504,25032171520,0,164491264,0,124391788544,121118547968,0
1791592846.992577,0.03129644691944122,25387503616,0,0,85017493504,25225109504,0,162394112,0,124585074688,121118547968,0
1791592847.1935143,0.032169491052627563,25593024512,0,0,85017493504,25426436096,0,166588416,0,124788998144,121118547968,0
1791592847.4013948,0.03995441645383835,25802739712,0,0,85017493504,25638248448,0,164491264,0,125001097216,121118547968,0
1791592847.5984235,0.0368947871029377,26004066304,0,0,85017493504,25841672192,0,162394112,0,125202616320,121118547968,0
1791592847.7983623,0.03674736060202122,26209587200,0,0,85017493504,26045095936,0,164491264,0,125406568448,121118543872,0
1791592847.9986646,0.03696517273783684,26404622336,0,0,85017493504,26238033920,0,166588416,0,125601738752,121118543872,0
1791592848.1918943,0.030125068500638008,26591268864,0,0,85017493504,26428874752,0,162394112,0,125788737536,121118543872,0
1791592848.3931735,0.03133275732398033,26796789760,0,0,85017493504,26632298496,0,164491264,0,125994975232,121118543872,0
1791592848.6025577,0.040633147582411766,27010699264,0,0,85017493504,26842013696,0,168685568,0,126209470464,121118543872,0
1791592848.8029208,0.04090273380279541,27218317312,0,0,85017493504,27049631744,0,168685568,0,126417285120,121118543872,0
1791592849.0045488,0.04243546724319458,27425935360,0,0,85017493504,27255152640,0,170782720,0,126625316864,121118543872,0
1791592849.2046897,0.04248780384659767,27629359104,0,0,85017493504,27462770688,0,166588416,0,126831321088,121118543872,0
1791592849.400895,0.038607342168688774,27820199936,0,0,85017493504,27655708672,0,164491264,0,127022514176,121118543872,0
1791592849.5984457,0.03607549890875816,28011040768,0,0,85017493504,27850743808,0,160296960,0,127213465600,121118543872,0
1791592849.7986233,0.036167340353131294,28218658816,0,0,85017493504,28054167552,0,164491264,0,127419604992,121118543872,0
1791592849.9972255,0.03468705527484417,28419985408,0,0,85017493504,28257591296,0,162394112,0,127623069696,121118543872,0
1791592850.1986372,0.0360145028680563,28627603456,0,0,85017493504,28463112192,0,164491264,0,127829176320,121118543872,0
1791592850.3980377,0.03532804176211357,28833124352,0,0,85017493504,28668633088,0,164491264,0,128035028992,121118543872,0
1791592850.6014414,0.03864949196577072,29042839552,0,0,85017493504,28876251136,0,166588416,0,128245358592,121118543872,0
1791592850.803824,0.04092657193541527,29248360448,0,0,85017493504,29079674880,0,168685568,0,128451715072,121118543872,0
1791592851.0016217,0.038635632023215294,29439201280,0,0,85017493504,29274710016,0,164491264,0,128643289088,121118543872,0
1791592851.2025397,0.03946259990334511,29642625024,0,0,85017493504,29476036608,0,166588416,0,128849002496,121118543872,0
1791592851.4039667,0.04080328717827797,29852340224,0,0,85017493504,29685751808,0,166588416,0,129059176448,121118543872,0
1791592851.5993497,0.036105215549468994,30055763968,0,0,85017493504,29891272704,0,164491264,0,129260658688,121118543872,0
1791592851.7982602,0.03493548929691315,30259187712,0,0,85017493504,30096793600,0,162394112,0,129466675200,121118543872,0
1791592852.0033927,0.03998822346329689,30468902912,0,0,85017493504,30302314496,0,166588416,0,129676173312,121118543872,0
1791592852.2061603,0.04262469708919525,30674423808,0,0,85017493504,30505738240,0,168685568,0,129880559616,121118543872,0
1791592852.4042704,0.04065041430294514,30877847552,0,0,85017493504,30711259136,0,166588416,0,130085867520,121118543872,0
1791592852.6082308,0.04448201134800911,31085465600,0,0,85017493504,30914682880,0,170782720,0,130292031488,121118543872,0
1791592852.804754,0.04091819003224373,31284695040,0,0,85017493504,31116009472,0,168685568,0,130491871232,121118543872,0
1791592853.0004303,0.03650997020304203,31483924480,0,0,85017493504,31319433216,0,164491264,0,130691665920,121118543872,0
1791592853.2000735,0.036065131425857544,31685251072,0,0,85017493504,31522856960,0,162394112,0,130892996608,121118543872,0
1791592853.3997648,0.035674747079610825,31880286208,0,0,85017493504,31717892096,0,162394112,0,131088379904,121118543872,0
1791592853.6005642,0.036358483135700226,32083709952,0,0,85017493504,31919218688,0,164491264,0,131292151808,121118543872,0
1791592853.7991612,0.03486787900328636,32287133696,0,0,85017493504,32124739584,0,162394112,0,131496194048,121118543872,0
1791592854.0008705,0.036489224061369896,32492654592,0,0,85017493504,32330260480,0,162394112,0,131702046720,121118543872,0
1791592854.2062538,0.041790708899497986,32702369792,0,0,85017493504,32533684224,0,168685568,0,131914059776,121118543872,0
1791592854.4100351,0.04543082043528557,32912084992,0,0,85017493504,32741302272,0,170782720,0,132122554368,121118543872,0
1791592854.6056848,0.040944671258330345,33113411584,0,0,85017493504,32944726016,0,168685568,0,132324061184,121118539776,0
1791592854.8039176,0.03909300081431866,33306349568,0,0,85017493504,33139761152,0,166588416,0,132517388288,121118539776,0
1791592855.0008066,0.03590152971446514,33505579008,0,0,85017493504,33343184896,0,162394112,0,132716969984,121118539776,0
1791592855.2001617,0.03517560847103596,33700614144,0,0,85017493504,33538220032,0,162394112,0,132912361472,121118539776,0
1791592855.4004831,0.03541431203484535,33904037888,0,0,85017493504,33743740928,0,160296960,0,133116137472,121118539776,0
1791592855.6215005,0.056348998099565506,34130530304,0,0,85017493504,33947164672,0,183365632,0,133345214464,121118539776,0
1791592855.8005555,0.03532230295240879,34315079680,0,0,85017493504,34154782720,0,160296960,0,133527994368,121118539776,0
1791592856.0069847,0.04166562668979168,34528989184,0,0,85017493504,34360303616,0,168685568,0,133743108096,121118539776,0
1791592856.2133355,0.04788552410900593,34740801536,0,0,85017493504,34572115968,0,168685568,0,133955219456,121118539776,0
1791592856.40374,0.038203004747629166,34925350912,0,0,85017493504,34760859648,0,164491264,0,134140067840,121118539776,0
1791592856.6051226,0.03950357623398304,35130871808,0,0,85017493504,34964283392,0,166588416,0,134345441280,121118539776,0
1791592856.8064764,0.04076990485191345,35332198400,0,0,85017493504,35165609984,0,166588416,0,134549385216,121118539776,0
1791592857.0074058,0.041574327275156975,35533524992,0,0,85017493504,35366936576,0,166588416,0,134751322112,121118539776,0
1791592857.2065887,0.04067100025713444,35732754432,0,0,85017493504,35568263168,0,164491264,0,134950858752,121118539776,0
1791592857.4065773,0.040576158091425896,35931983872,0,0,85017493504,35765395456,0,166588416,0,135148064768,121118539776,0
1791592857.6069803,0.04089651443064213,36129116160,0,0,85017493504,35964624896,0,164491264,0,135345360896,121118539776,0
1791592857.8042321,0.038066428154706955,36322054144,0,0,85017493504,36159660032,0,162394112,0,135540748288,121118539776,0
1791592858.0081594,0.04191224277019501,36517089280,0,0,85017493504,36350500864,0,166588416,0,135733825536,121118539776,0
1791592858.2098393,0.0434696339070797,36718415872,0,0,85017493504,36549730304,0,168685568,0,135935913984,121118539776,0
1791592858.407101,0.04064018093049526,36913451008,0,0,85017493504,36748959744,0,164491264,0,136131067904,121118539776,0
1791592858.6079998,0.04141508974134922,37114777600,0,0,85017493504,36948189184,0,166588416,0,136332959744,121118539776,0
1791592858.8070014,0.04030509293079376,37311909888,0,0,85017493504,37145321472,0,166588416,0,136530432000,121118539776,0
1791592859.0096972,0.04287040792405605,37513236480,0,0,85017493504,37346648064,0,166588416,0,136732209152,121118539776,0
1791592859.2081091,0.041200097650289536,37714563072,0,0,85017493504,37547974656,0,166588416,0,136936247296,121118539776,0
1791592859.4067347,0.03974079713225365,37915889664,0,0,85017493504,37751398400,0,164491264,0,137135755264,121118539776,0
1791592859.606474,0.039397791028022766,38117216256,0,0,85017493504,37950627840,0,166588416,0,137337163776,121118539776,0
1791592859.807401,0.04023105837404728,38310154240,0,0,85017493504,38145662976,0,164491264,0,137530687488,121118539776,0
1791592860.010476,0.04321921430528164,38517772288,0,0,85017493504,38349086720,0,168685568,0,137738678272,121118539776,0
1791592860.2111533,0.043802037835121155,38719098880,0,0,85017493504,38552510464,0,166588416,0,137940869120,121118539776,0
1791592860.4071362,0.03966442681849003,38914134016,0,0,85017493504,38747545600,0,166588416,0,138136100864,121118539776,0
1791592860.6082113,0.040602898225188255,39115460608,0,0,85017493504,38948872192,0,166588416,0,138337964032,121118539776,0
1791592860.8088682,0.04112801142036915,39316787200,0,0,85017493504,39150198784,0,166588416,0,138539630592,121118539776,0
1791592861.0086453,0.04082009196281433,39520210944,0,0,85017493504,39353622528,0,166588416,0,138743504896,121118539776,0
1791592861.2073407,0.03943132981657982,39721537536,0,0,85017493504,39557046272,0,164491264,0,138945085440,121118535680,0
1791592861.4082522,0.04026014357805252,39922864128,0,0,85017493504,39756275712,0,166588416,0,139146813440,121118535680,0
1791592861.6092696,0.04118853434920311,40128385024,0,0,85017493504,39961796608,0,166588416,0,139352698880,121118535680,0
1791592861.808869,0.040704790502786636,40321323008,0,0,85017493504,40154734592,0,166588416,0,139546247168,121118535680,0
1791592862.0099719,0.041728029027581215,40524746752,0,0,85017493504,40358158336,0,166588416,0,139751854080,121118535680,0
1791592862.2134109,0.045056335628032684,40721879040,0,0,85017493504,40553193472,0,168685568,0,139947470848,121118535680,0
1791592862.4126887,0.044195881113409996,40927399936,0,0,85017493504,40758714368,0,168685568,0,140153602048,121118535680,0
1791592862.6080275,0.03941839188337326,41124532224,0,0,85017493504,40957943808,0,166588416,0,140351348736,121118535680,0
1791592862.8181465,0.049409035593271255,41338441728,0,0,85017493504,41169756160,0,168685568,0,140565536768,121118535680,0
1791592863.0100741,0.041210221126675606,41533476864,0,0,85017493504,41366888448,0,166588416,0,140760772608,121118535680,0
1791592863.21237,0.04337745159864426,41738997760,0,0,85017493504,41570312192,0,168685568,0,140966531072,121118535680,0
1791592863.4127886,0.043706100434064865,41944518656,0,0,85017493504,41775833088,0,168685568,0,141172449280,121118535680,0
1791592863.608444,0.03927935101091862,42133262336,0,0,85017493504,41968771072,0,164491264,0,141361545216,121118535680,0
1791592863.8083963,0.03914760611951351,42334588928,0,0,85017493504,42172194816,0,162394112,0,141563228160,121118535680,0
1791592864.010461,0.04112980514764786,42529624064,0,0,85017493504,42363035648,0,166588416,0,141758615552,121118535680,0
1791592864.2110543,0.04158198833465576,42733047808,0,0,85017493504,42566459392,0,166588416,0,141962665984,121118535680,0
1791592864.4142058,0.044615618884563446,42938568704,0,0,85017493504,42769883136,0,168685568,0,142168530944,121118535680,0
1791592864.6106358,0.040896665304899216,43139895296,0,0,85017493504,42973306880,0,166588416,0,142372511744,121118535680,0
1791592864.81116,0.04130612872540951,43339124736,0,0,85017493504,43174633472,0,164491264,0,142569906176,121118535680,0
1791592865.0135689,0.04356003366410732,43542548480,0,0,85017493504,43373862912,0,168685568,0,142773694464,121118535680,0
1791592865.2124534,0.04234764911234379,43731292160,0,0,85017493504,43562606592,0,168685568,0,142962704384,121118535680,0
1791592865.4138138,0.043583884835243225,43934715904,0,0,85017493504,43768127488,0,166588416,0,143166656512,121118535680,0
1791592865.6115112,0.04119468480348587,44125556736,0,0,85017493504,43958968320,0,166588416,0,143357374464,121118535680,0
1791592865.8121994,0.041755443438887596,44322689024,0,0,85017493504,44156100608,0,166588416,0,143555121152,121118535680,0
1791592866.010257,0.03969033248722553,44519821312,0,0,85017493504,44355330048,0,164491264,0,143752138752,121118535680,0
1791592866.2156155,0.044918134808540344,44723245056,0,0,85017493504,44554559488,0,168685568,0,143955824640,121118535680,0
1791592866.4120493,0.04121926985681057,44918280192,0,0,85017493504,44751691776,0,166588416,0,144151158784,121118535680,0
1791592866.6120832,0.04114323481917381,45119606784,0,0,85017493504,44953018368,0,166588416,0,144353067008,121118535680,0
1791592866.8107953,0.03974774479866028,45310447616,0,0,85017493504,45145956352,0,164491264,0,144544239616,121118535680,0
1791592867.0131638,0.04194833151996136,45505482752,0,0,85017493504,45338894336,0,166588416,0,144739880960,121118535680,0
1791592867.2196906,0.04833527281880379,45711007744,0,0,85017493504,45542318080,0,168689664,0,144947736576,121118535680,0
1791592867.4156547,0.044210733845829964,45910237184,0,0,85017493504,45741547520,0,168689664,0,145145659392,121118535680,0
1791592867.6122394,0.040716420859098434,46109466624,0,0,85017493504,45944971264,0,164495360,0,145345241088,121118535680,0
1791592867.8122256,0.04061552695930004,46312890368,0,0,85017493504,46148395008,0,164495360,0,145551343616,121118535680,0
1791592868.0160038,0.044308027252554893,46520512512,0,0,85017493504,46351818752,0,168693760,0,145757216768,121118531584,0
1791592868.213664,0.0418509915471077,46723944448,0,0,85017493504,46557339648,0,166604800,0,145961254912,121118531584,0
1791592868.4162662,0.044318024069070816,46918979584,0,0,85017493504,46748180480,0,170799104,0,146156396544,121118531584,0
1791592868.6137657,0.04167594201862812,47120306176,0,0,85017493504,46953701376,0,166604800,0,146360418304,121118531584,0
1791592868.8184428,0.046151068061590195,47315341312,0,0,85017493504,47148736512,0,166604800,0,146553569280,121118531584,0
1791592869.0144672,0.0420373547822237,47510376448,0,0,85017493504,47343771648,0,166604800,0,146749095936,121118531584,0
1791592869.2179399,0.04537659138441086,47713800192,0,0,85017493504,47545098240,0,168701952,0,146954973184,121118531584,0
1791592869.4124818,0.03979681245982647,47910932480,0,0,85017493504,47746424832,0,164507648,0,147150553088,121118531584,0
1791592869.6177483,0.04494880698621273,48118550528,0,0,85017493504,47949848576,0,168701952,0,147358269440,121118531584,0
1791592869.81684,0.04395310953259468,48321974272,0,0,85017493504,48153272320,0,168701952,0,147562283008,121118531584,0
1791592870.0143523,0.04138341546058655,48521203712,0,0,85017493504,48354598912,0,166604800,0,147761623040,121118531584,0
1791592870.2164876,0.043436286970973015,48724627456,0,0,85017493504,48555925504,0,168701952,0,147965313024,121118531584,0
1791592870.415463,0.04224460572004318,48915468288,0,0,85017493504,48748863488,0,166604800,0,148156678144,121118531584,0
1791592870.6204426,0.04708661325275898,49120989184,0,0,85017493504,48952287232,0,168701952,0,148362993664,121118531584,0
1791592870.815943,0.04243944026529789,49313927168,0,0,85017493504,49147322368,0,166604800,0,148556271616,121118531584,0
1791592871.0168211,0.04321848787367344,49517350912,0,0,85017493504,49346551808,0,170799104,0,148760666112,121118531584,0
1791592871.2181304,0.04443661496043205,49720774656,0,0,85017493504,49552072704,0,168701952,0,148964048896,121118531584,0
1791592871.41681,0.043029237538576126,49922101248,0,0,85017493504,49755496448,0,166604800,0,149165686784,121118531584,0
1791592871.6148963,0.04103493504226208,50123427840,0,0,85017493504,49956823040,0,166604800,0,149367300096,121118531584,0
1791592871.8158476,0.04190299101173878,50320560128,0,0,85017493504,50156052480,0,164507648,0,149567074304,121118531584,0
1791592872.0167575,0.04273284040391445,50523983872,0,0,85017493504,50357379072,0,166604800,0,149768757248,121118531584,0
1791592872.2187147,0.04456630349159241,50714824704,0,0,85017493504,50546122752,0,168701952,0,149960212480,121118531584,0
1791592872.4159796,0.041705019772052765,50903568384,0,0,85017493504,50736963584,0,166604800,0,150149570560,121118531584,0
1791592872.6198864,0.04549023509025574,51104894976,0,0,85017493504,50936193024,0,168701952,0,150351245312,121118531584,0
1791592872.8175366,0.04300359636545181,51302027264,0,0,85017493504,51135422464,0,166604800,0,150548934656,121118531584,0
1791592873.0173447,0.04267938248813152,51499159552,0,0,85017493504,51332554752,0,166604800,0,150746238976,121118531584,0
1791592873.2200913,0.04529182426631451,51702583296,0,0,85017493504,51533881344,0,168701952,0,150950019072,121118531584,0
1791592873.4221303,0.04721147380769253,51897618432,0,0,85017493504,51726819328,0,170799104,0,151145340928,121118531584,0
1791592873.6184585,0.04345564544200897,52096847872,0,0,85017493504,51930243072,0,166604800,0,151344975872,121118531584,0
1791592873.8197813,0.044696981087327003,52289785856,0,0,85017493504,52123181056,0,166604800,0,151538266112,121118531584,0
1791592874.0181293,0.04285968840122223,52484820992,0,0,85017493504,52318216192,0,166604800,0,151733673984,121118531584,0
1791592874.2161222,0.040714750066399574,52679856128,0,0,85017493504,52515348480,0,164507648,0,151929114624,121118531584,0
1791592874.4198093,0.04428255185484886,52879085568,0,0,85017493504,52714577920,0,164507648,0,152130904064,121118531584,0
1791592874.6197193,0.044059136882424355,53072023552,0,0,85017493504,52907515904,0,164507648,0,152321966080,121118527488,0
1791592874.8229175,0.04717084765434265,53267058688,0,0,85017493504,53098356736,0,168701952,0,152517713920,121118527488,0
1791592875.021977,0.0460882093757391,53464190976,0,0,85017493504,53297586176,0,166604800,0,152717254656,121118527488,0
1791592875.2178085,0.0418010950088501,53650837504,0,0,85017493504,53488427008,0,162410496,0,152904187904,121118527488,0
1791592875.4179816,0.04184841178357601,53839581184,0,0,85017493504,53672976384,0,166604800,0,153091276800,121118527488,0
1791592875.6169772,0.040719350799918175,54036713472,0,0,85017493504,53872205824,0,164507648,0,153291542528,121118527488,0
1791592875.8182428,0.0418487973511219,54238040064,0,0,85017493504,54071435264,0,166604800,0,153490120704,121118527488,0
1791592876.0238178,0.047296252101659775,54441463808,0,0,85017493504,54272761856,0,168701952,0,153693941760,121118523392,0
1791592876.2188344,0.0422164686024189,54634401792,0,0,85017493504,54469894144,0,164507648,0,153889570816,121118523392,0
1791592876.4177048,0.04099351912736893,54833631232,0,0,85017493504,54667026432,0,166604800,0,154087309312,121118523392,0
1791592876.6165512,0.03975396975874901,55032860672,0,0,85017493504,54866255872,0,166604800,0,154287144960,121118523392,0
1791592876.817047,0.04016141593456268,55221604352,0,0,85017493504,55057096704,0,164507648,0,154475773952,121118523392,0
1791592877.0166607,0.03967980667948723,55420833792,0,0,85017493504,55254228992,0,166604800,0,154675310592,121118523392,0
1791592877.2165475,0.03948216140270233,55617966080,0,0,85017493504,55455555584,0,162410496,0,154874109952,121118523392,0
1791592877.4227207,0.04549194872379303,55813001216,0,0,85017493504,55644299264,0,168701952,0,155069620224,121118523392,0
1791592877.618915,0.041557831689715385,56008036352,0,0,85017493504,55841431552,0,166604800,0,155262889984,121118523392,0
1791592877.8176315,0.04018739238381386,56203071488,0,0,85017493504,56038563840,0,164507648,0,155458105344,121118523392,0
1791592878.0202816,0.04271164536476135,56402300928,0,0,85017493504,56235696128,0,166604800,0,155657568256,121118523392,0
1791592878.2200537,0.0423944890499115,56588947456,0,0,85017493504,56430731264,0,158216192,0,155846615040,121118523392,0
1791592878.4182546,0.04050431214272976,56783982592,0,0,85017493504,56621572096,0,162410496,0,156042248192,121118523392,0
1791592878.622228,0.04435356333851814,56981114880,0,0,85017493504,56814510080,0,166604800,0,156237463552,121118523392,0
1791592878.8209229,0.04292143136262894,57178247168,0,0,85017493504,57011642368,0,166604800,0,156435189760,121118523392,0
1791592879.02004,0.04194585606455803,57364893696,0,0,85017493504,57200386048,0,164507648,0,156622069760,121118523392,0
1791592879.2209685,0.04271386004984379,57564123136,0,0,85017493504,57395421184,0,168701952,0,156821798912,121118523392,0
1791592879.4189029,0.040554193779826164,57750769664,0,0,85017493504,57586262016,0,164507648,0,157008695296,121118523392,0
1791592879.6181989,0.03976279869675636,57931124736,0,0,85017493504,57766617088,0,164507648,0,157189406720,121118523392,0
1791592879.821093,0.0425723847001791,58130354176,0,0,85017493504,57963749376,0,166604800,0,157389176832,121118523392,0
1791592880.0240862,0.04544316045939922,58331680768,0,0,85017493504,58165075968,0,166604800,0,157590913024,121118523392,0
1791592880.2231216,0.04434398002922535,58512035840,0,0,85017493504,58353819648,0,158216192,0,157771649024,121118523392,0
1791592880.4196324,0.040760453790426254,58686099456,0,0,85017493504,58521591808,0,164507648,0,157946060800,121118523392,0
1791592880.620572,0.04161226190626621,58879037440,0,0,85017493504,58714529792,0,164507648,0,158141308928,121118523392,0
1791592880.8207684,0.04172143153846264,59063586816,0,0,85017493504,58899079168,0,164507648,0,158324355072,121118523392,0
1791592881.024631,0.04548906534910202,59262816256,0,0,85017493504,59094114304,0,168701952,0,158524215296,121118523392,0
1791592881.2197235,0.04046780429780483,59453657088,0,0,85017493504,59289149440,0,164507648,0,158715666432,121118523392,0
1791592881.4228137,0.04343494772911072,59652886528,0,0,85017493504,59484184576,0,168701952,0,158915170304,121118519296,0
1791592881.6256635,0.04619705304503441,59850018816,0,0,85017493504,59683414016,0,166604800,0,159113170944,121118519296,0
1791592881.8215575,0.04200251214206219,60042956800,0,0,85017493504,59878449152,0,164507648,0,159306375168,121118519296,0
1791592882.0265229,0.046883776783943176,60242186240,0,0,85017493504,60075581440,0,166604800,0,159508262912,121118519296,0
1791592882.2236812,0.043915390968322754,60435124224,0,0,85017493504,60270616576,0,164507648,0,159701303296,121118519296,0
1791592882.4228258,0.042968450114130974,60621770752,0,0,85017493504,60455165952,0,166604800,0,159886192640,121118519296,0
1791592882.6227057,0.04275725595653057,60804222976,0,0,85017493504,60637618176,0,166604800,0,160069259264,121118519296,0
1791592882.8220396,0.04200686886906624,60992966656,0,0,85017493504,60828459008,0,164507648,0,160258363392,121118519296,0
1791592883.025995,0.0458670686930418,61194293248,0,0,85017493504,61023494144,0,170799104,0,160459374592,121118519296,0
1791592883.2252748,0.04503982327878475,61389328384,0,0,85017493504,61224820736,0,164507648,0,160654712832,121118519296,0
1791592883.7931948,0.4128586631268263,61533630464,0,1048576,85017493504,61394685952,0,139993088,0,160791490560,121118511104,0
1791592883.8503745,0.05685124918818474,61565472768,0,31457280,84987084800,61394685952,0,202244096,0,160802086912,121118511104,0
1791592884.041153,0.04754752479493618,61583560704,0,61740154880,23278387200,61394685952,61394690560,534339072,0,160809648128,121118507008,0
1791592884.241271,0.047581519931554794,61583560704,0,61740154880,23278387200,61394685952,61394690560,534339072,0,160809734144,121118507008,0
1791592884.4399464,0.04616961255669594,61583560704,0,61740154880,23278387200,61394685952,61394690560,534339072,0,160810090496,121118507008,0
1791592884.6382515,0.04438595101237297,61583560704,0,61740154880,23278387200,61394685952,61394690560,534339072,0,160809836544,121118507008,0
1791592884.8419716,0.04801097325980663,61583560704,0,61740154880,23278387200,61394685952,61394690560,534339072,0,160809754624,121118507008,0
1791592885.04327,0.049196336418390274,61583560704,0,61740154880,23278387200,61394685952,61394690560,534339072,0,160810029056,121118507008,0
1791592885.244084,0.049925416707992554,61583560704,0,61740154880,23278387200,61394685952,61394690560,534339072,0,160810147840,121118507008,0
1791592885.4401028,0.04585232771933079,61583560704,0,61740154880,23278387200,61394685952,61394690560,534339072,0,160809967616,121118507008,0
1791592885.6385508,0.044219646602869034,61583560704,0,61740154880,23278387200,61394685952,61394690560,534339072,0,160809971712,121118507008,0
1791592885.8422132,0.047796936705708504,61583560704,0,61740154880,23278387200,61394685952,61394690560,534339072,0,160810053632,121118507008,0
1791592886.041403,0.04689770191907883,61583560704,0,61740154880,23278387200,61394685952,61394690560,534339072,0,160810643456,121118507008,0
1791592886.2402322,0.04563268832862377,61583560704,0,61740154880,23278387200,61394685952,61394690560,534339072,0,160810602496,121118507008,0
1791592886.4415617,0.04688069224357605,61583560704,0,61740154880,23278387200,61394685952,61394690560,534339072,0,160810180608,121118507008,0
1791592886.641332,0.04652638919651508,61583560704,0,61740154880,23278387200,61394685952,61394690560,534339072,0,160810254336,121118507008,0
1791592886.8409467,0.0460518691688776,61583560704,0,61740154880,23278387200,61394685952,61394690560,534339072,0,160810381312,121118507008,0
1791592887.0397873,0.044801015406847,61583560704,0,61740154880,23278387200,61394685952,61394690560,534339072,0,160810430464,121118507008,0
1791592887.2723992,0.07732818275690079,61583560704,0,61740154880,23278387200,61394685952,61394690560,534339072,0,160810426368,121118507008,0
1791592887.4427018,0.047543684020638466,61583560704,0,61740154880,23278387200,61394685952,61394690560,534339072,0,160810467328,121118507008,0
1791592887.6450214,0.04974132589995861,61583560704,0,61740154880,23278387200,61394685952,61394690560,534339072,0,160810524672,121118507008,0
1791592887.843194,0.04783322662115097,61583560704,0,61740154880,23278387200,61394685952,61394690560,534339072,0,160810614784,121118502912,0
1791592888.043192,0.047734472900629044,61583560704,0,61740154880,23278387200,61394685952,61394690560,534339072,0,160810610688,121118502912,0
1791592888.2435613,0.048007532954216,61583560704,0,61740154880,23278387200,61394685952,61394690560,534339072,0,160810549248,121118502912,0
1791592888.4442887,0.04864988662302494,61583560704,0,61740154880,23278387200,61394685952,61394690560,534339072,0,160810627072,121118502912,0
1791592888.6419892,0.046259334310889244,61583560704,0,61740154880,23278387200,61394685952,61394690560,534339072,0,160810496000,121118502912,0
1791592888.8427043,0.04688839241862297,61583560704,0,61740154880,23278387200,61394685952,61394690560,534339072,0,160810250240,121118502912,0
1791592889.0427964,0.04688888229429722,61583560704,0,61740154880,23278387200,61394685952,61394690560,534339072,0,160810213376,121118502912,0
1791592889.2415934,0.045601023361086845,61583560704,0,61740154880,23278387200,61394685952,61394690560,534339072,0,160810242048,121118502912,0
1791592889.4428475,0.04676794074475765,61583560704,0,61740154880,23278387200,61394685952,61394690560,534339072,0,160810168320,121118502912,0
1791592889.6482043,0.05203631520271301,61583560704,0,61740154880,23278387200,61394685952,61394690560,534339072,0,160810041344,121118502912,0
1791592889.8466377,0.0503630843013525,61583564800,0,61740154880,23278387200,61394685952,61394690560,534343168,0,160810057728,121118502912,0
1791592890.042848,0.04649221524596214,61583564800,0,61740154880,23278387200,61394685952,61394690560,534343168,0,160810090496,121118502912,0
1791592890.2442968,0.04784386791288853,61583564800,0,61740154880,23278387200,61394685952,61394690560,534343168,0,160810184704,121118502912,0
1791592890.4416854,0.04512525163590908,61583564800,0,61740154880,23278387200,61394685952,61394690560,534343168,0,160810143744,121118502912,0
1791592890.6462588,0.04959379881620407,61583564800,0,61740154880,23278387200,61394685952,61394690560,534343168,0,160810237952,121118502912,0
1791592890.8453567,0.04859478771686554,61583577088,0,61740154880,23278387200,61394685952,61394690560,534355456,0,160810262528,121118502912,0
1791592891.044905,0.048055149614810944,61583577088,0,61740154880,23278387200,61394685952,61394690560,534355456,0,160810352640,121118502912,0
1791592891.243955,0.04699980467557907,61583577088,0,61740154880,23278387200,61394685952,61394690560,534355456,0,160810258432,121118502912,0
1791592891.4440017,0.04696403443813324,61583577088,0,61740154880,23278387200,61394685952,61394690560,534355456,0,160810287104,121118502912,0
1791592891.6426563,0.045539071783423424,61583577088,0,61740154880,23278387200,61394685952,61394690560,534355456,0,160810233856,121118502912,0
1791592891.8429925,0.04578755609691143,61583577088,0,61740154880,23278387200,61394685952,61394690560,534355456,0,160810119168,121118502912,0
1791592892.0459392,0.048646023496985435,61583577088,0,61740154880,23278387200,61394685952,61394690560,534355456,0,160810213376,121118502912,0
1791592892.2469351,0.04955217242240906,61583577088,0,61740154880,23278387200,61394685952,61394690560,534355456,0,160810172416,121118502912,0
1791592892.4456804,0.04821435362100601,61583577088,0,61740154880,23278387200,61394685952,61394690560,534355456,0,160810180608,121118502912,0
1791592892.6447864,0.04723396711051464,61583577088,0,61740154880,23278387200,61394685952,61394690560,534355456,0,160810348544,121118502912,0
1791592892.843782,0.046143317595124245,61583577088,0,61740154880,23278387200,61394685952,61394690560,534355456,0,160810164224,121118502912,0
1791592893.0473118,0.0495916698127985,61583577088,0,61740154880,23278387200,61394685952,61394690560,534355456,0,160809910272,121118502912,0
1791592893.2453008,0.04749679006636143,61583577088,0,61740154880,23278387200,61394685952,61394690560,534355456,0,160809881600,121118502912,0
1791592893.4423265,0.044435035437345505,61583577088,0,61740154880,23278387200,61394685952,61394690560,534355456,0,160809975808,121118502912,0
1791592893.646699,0.04872768186032772,61583577088,0,61740154880,23278387200,61394685952,61394690560,534355456,0,160810037248,121118498816,0
1791592893.8440292,0.04597088135778904,61583577088,0,61740154880,23278387200,61394685952,61394690560,534355456,0,160810110976,121118498816,0
1791592894.04181,0.04365720599889755,61583577088,0,61740154880,23278387200,61394685952,61394690560,534355456,0,160809967616,121118498816,0
1791592894.2418199,0.04357794485986233,61583577088,0,61740154880,23278387200,61394685952,61394690560,534355456,0,160810065920,121118498816,0
1791592894.4452603,0.04693070612847805,61583577088,0,61740154880,23278387200,61394685952,61394690560,534355456,0,160809975808,121118498816,0
1791592894.6458066,0.047389036044478416,61583577088,0,61740154880,23278387200,61394685952,61394690560,534355456,0,160810070016,121118498816,0
1791592894.849333,0.050821328535676,61583577088,0,61740154880,23278387200,61394685952,61394690560,534355456,0,160810401792,121118498816,0
1791592895.0454524,0.04684871435165405,61583577088,0,61740154880,23278387200,61394685952,61394690560,534355456,0,160810405888,121118498816,0
1791592895.2422771,0.043587883934378624,61583577088,0,61740154880,23278387200,61394685952,61394690560,534355456,0,160810479616,121118498816,0
1791592895.4452608,0.04648603871464729,61583577088,0,61740154880,23278387200,61394685952,61394690560,534355456,0,160810573824,121118498816,0
1791592895.646115,0.04725402221083641,61583577088,0,61740154880,23278387200,61394685952,61394690560,534355456,0,160810930176,121118498816,0
1791592895.8478997,0.048930514603853226,61583577088,0,61740154880,23278387200,61394685952,61394690560,534355456,0,160810909696,121118498816,0
1791592896.0468535,0.04780112951993942,61583577088,0,61740154880,23278387200,61394685952,61394690560,534355456,0,160810946560,121118498816,0
1791592896.2489398,0.0498064998537302,61583577088,0,61740154880,23278387200,61394685952,61394690560,534355456,0,160811311104,121118498816,0
1791592896.4471004,0.04787227138876915,61583577088,0,61740154880,23278387200,61394685952,61394690560,534355456,0,160811208704,121118498816,0
1791592896.64588,0.04656467214226723,61583577088,0,61740154880,23278387200,61394685952,61394690560,534355456,0,160811130880,121118498816,0
1791592896.8448973,0.045495977625250816,61583577088,0,61740154880,23278387200,61394685952,61394690560,534355456,0,160810696704,121118498816,0
1791592897.0454657,0.04597533866763115,61583577088,0,61740154880,23278387200,61394685952,61394690560,534355456,0,160810422272,121118498816,0
1791592897.2463582,0.04678342305123806,61583577088,0,61740154880,23278387200,61394685952,61394690560,534355456,0,160810520576,121118498816,0
1791592897.447601,0.0479485709220171,61583577088,0,61740154880,23278387200,61394685952,61394690560,534355456,0,160810598400,121118498816,0
1791592897.6487248,0.04899084009230137,61583577088,0,61740154880,23278387200,61394685952,61394690560,534355456,0,160810389504,121118498816,0
1791592897.8475993,0.047785043716430664,61583577088,0,61740154880,23278387200,61394685952,61394690560,534355456,0,160810098688,121118498816,0
1791592898.0465546,0.04665590822696686,61583577088,0,61740154880,23278387200,61394685952,61394690560,534355456,0,160810168320,121118498816,0
1791592898.248819,0.048838675022125244,61583577088,0,61740154880,23278387200,61394685952,61394690560,534355456,0,160810168320,121118498816,0
1791592898.4469051,0.04683573544025421,61583577088,0,61740154880,23278387200,61394685952,61394690560,534355456,0,160810070016,121118498816,0
1791592898.644783,0.044623758643865585,61583577088,0,61740154880,23278387200,61394685952,61394690560,534355456,0,160810401792,121118498816,0
1791592898.845756,0.045510184019804,61583577088,0,61740154880,23278387200,61394685952,61394690560,534355456,0,160810319872,121118498816,0
1791592899.0458095,0.04547557607293129,61583577088,0,61740154880,23278387200,61394685952,61394690560,534355456,0,160810332160,121118498816,0
1791592899.2439454,0.04352853074669838,61583577088,0,61740154880,23278387200,61394685952,61394690560,534355456,0,160810422272,121118494720,0
1791592899.4468424,0.046339595690369606,61583577088,0,61740154880,23278387200,61394685952,61394690560,534355456,0,160810463232,121118494720,0
1791592899.6498578,0.0492689274251461,61583577088,0,61740154880,23278387200,61394685952,61394690560,534355456,0,160809992192,121118494720,0
1791592899.8493283,0.04865981265902519,61583577088,0,61740154880,23278387200,61394685952,61394690560,534355456,0,160809959424,121118494720,0
1791592900.0468013,0.04604735039174557,61583577088,0,61740154880,23278387200,61394685952,61394690560,534355456,0,160810024960,121118494720,0
1791592900.2494733,0.04863796383142471,61583577088,0,61740154880,23278387200,61394685952,61394690560,534355456,0,160810131456,121118494720,0
1791592900.4476502,0.04673078469932079,61583577088,0,61740154880,23278387200,61394685952,61394690560,534355456,0,160810184704,121118494720,0
1791592900.6469963,0.04599338583648205,61583577088,0,61740154880,23278387200,61394685952,61394690560,534355456,0,160810270720,121118494720,0
1791592900.847518,0.04643240384757519,61583577088,0,61740154880,23278387200,61394685952,61394690560,534355456,0,160810348544,121118494720,0
1791592901.049728,0.048559896647930145,61583577088,0,61740154880,23278387200,61394685952,61394690560,534355456,0,160810676224,121118494720,0
1791592901.2487216,0.04747270233929157,61583577088,0,61740154880,23278387200,61394685952,61394690560,534355456,0,160810594304,121118494720,0
1791592901.4482522,0.046920645982027054,61583577088,0,61740154880,23278387200,61394685952,61394690560,534355456,0,160810541056,121118494720,0
1791592901.6477373,0.046325501054525375,61583577088,0,61740154880,23278387200,61394685952,61394690560,534355456,0,160810569728,121118494720,0
1791592901.8492403,0.04774395376443863,61583577088,0,61740154880,23278387200,61394685952,61394690560,534355456,0,160810422272,121118494720,0
1791592902.0484362,0.04685920849442482,61583577088,0,61740154880,23278387200,61394685952,61394690560,534355456,0,160810508288,121118494720,0
1791592902.2486346,0.04697861149907112,61583577088,0,61740154880,23278387200,61394685952,61394690560,534355456,0,160810360832,121118494720,0
1791592902.451034,0.04928668588399887,61583577088,0,61740154880,23278387200,61394685952,61394690560,534355456,0,160810426368,121118494720,0
1791592902.6485846,0.04675370454788208,61583577088,0,61740154880,23278387200,61394685952,61394690560,534355456,0,160810426368,121118494720,0
1791592902.850637,0.04872381128370762,61583577088,0,61740154880,23278387200,61394685952,61394690560,534355456,0,160810532864,121118494720,0
1791592903.0501153,0.04812231287360191,61583577088,0,61740154880,23278387200,61394685952,61394690560,534355456,0,160810487808,121118494720,0
1791592903.2495914,0.04751233942806721,61583577088,0,61740154880,23278387200,61394685952,61394690560,534355456,0,160810639360,121118494720,0
1791592903.4475162,0.045354755595326424,61583577088,0,61740154880,23278387200,61394685952,61394690560,534355456,0,160810733568,121118494720,0
1791592903.6510553,0.04881236515939236,61583577088,0,61740154880,23278387200,61394685952,61394690560,534355456,0,160810586112,121118494720,0
1791592903.847603,0.0452814307063818,61583577088,0,61740154880,23278387200,61394685952,61394690560,534355456,0,160810868736,121118494720,0
1791592904.0482337,0.04583378694951534,61583577088,0,61740154880,23278387200,61394685952,61394690560,534355456,0,160810758144,121118494720,0
1791592904.2506583,0.04817592725157738,61583577088,0,61740154880,23278387200,61394685952,61394690560,534355456,0,160810901504,121118494720,0
1791592904.4498563,0.04728720150887966,61583577088,0,61740154880,23278387200,61394685952,61394690560,534355456,0,160810688512,121118494720,0
1791592904.6487796,0.046129412949085236,61583577088,0,61740154880,23278387200,61394685952,61394690560,534355456,0,160810471424,121118494720,0
1791592904.850348,0.047616612166166306,61583577088,0,61740154880,23278387200,61394685952,61394690560,534355456,0,160810401792,121118494720,0
1791592905.0505135,0.047694992274045944,61583577088,0,61740154880,23278387200,61394685952,61394690560,534355456,0,160809951232,121118490624,0
1791592905.2482152,0.045314304530620575,61583577088,0,61740154880,23278387200,61394685952,61394690560,534355456,0,160810303488,121118490624,0
1791592905.449586,0.04660381190478802,61583577088,0,61740154880,23278387200,61394685952,61394690560,534355456,0,160810041344,121118490624,0
1791592905.6474311,0.044361662119627,61583577088,0,61740154880,23278387200,61394685952,61394690560,534355456,0,160809996288,121118490624,0
1791592905.8500588,0.046909140422940254,61583577088,0,61740154880,23278387200,61394685952,61394690560,534355456,0,160810029056,121118490624,0
1791592906.051632,0.048399657011032104,61583577088,0,61740154880,23278387200,61394685952,61394690560,534355456,0,160809807872,121118486528,0
1791592906.2494707,0.04613714665174484,61602385920,0,61771612160,23246929920,61394685952,61394690560,584621568,0,160828936192,121118478336,0
1791592906.4609172,0.057505929842591286,61604540416,0,65485668352,19532873728,61394685952,61394690560,4300832256,0,160830251008,121118478336,0
1791592906.6575432,0.054048629477620125,61604540416,0,65485668352,19532873728,61394685952,61394690560,4300832256,0,160830574592,121118478336,0
1791592906.8560512,0.05247691087424755,61604540416,0,65485668352,19532873728,61394685952,61394690560,4300832256,0,160830390272,121118478336,0
1791592907.0569847,0.05332747846841812,61604544512,0,65485668352,19532873728,61394685952,61394690560,4300836352,0,160830476288,121118478336,0
1791592907.2561505,0.05241382122039795,61604544512,0,65485668352,19532873728,61394685952,61394690560,4300836352,0,160830537728,121118478336,0
1791592907.4611516,0.057330720126628876,61604556800,0,65485668352,19532873728,61394685952,61394690560,4300848640,0,160830631936,121118474240,0
1791592907.6608574,0.056955063715577126,61604556800,0,65485668352,19532873728,61394685952,61394690560,4300848640,0,160830566400,121118474240,0
1791592907.8586123,0.05463082157075405,61604618240,0,65485668352,19532873728,61394685952,61394690560,4300910080,0,160830636032,121118474240,0
1791592908.0586398,0.054578011855483055,61604618240,0,65485668352,19532873728,61394685952,61394690560,4300910080,0,160830365696,121118474240,0
1791592908.261449,0.05730793997645378,61604618240,0,65485668352,19532873728,61394685952,61394690560,4300910080,0,160830201856,121118474240,0
1791592908.463904,0.059682341292500496,61604626432,0,65485668352,19532873728,61394685952,61394690560,4300918272,0,160830201856,121118474240,0
1791592908.6596115,0.05530419386923313,61604626432,0,65485668352,19532873728,61394685952,61394690560,4300918272,0,160830423040,121118474240,0
1791592908.8546066,0.05020923167467117,61604626432,0,65485668352,19532873728,61394685952,61394690560,4300918272,0,160830423040,121118474240,0
1791592909.0557156,0.051227135583758354,61604626432,0,65485668352,19532873728,61394685952,61394690560,4300918272,0,160830246912,121118474240,0
1791592909.2621837,0.05761384777724743,61604626432,0,64411926528,20606615552,61394685952,61394690560,3227176448,0,160830296064,121118474240,0
1791592909.4620059,0.057351984083652496,61604626432,0,65485668352,19532873728,61394685952,61394690560,4300918272,0,160830169088,121118474240,0
1791592909.6591961,0.05446194298565388,61604626432,0,65485668352,19532873728,61394685952,61394690560,4300918272,0,160830148608,121118474240,0
1791592909.86362,0.05880399979650974,61604626432,0,65485668352,19532873728,61394685952,61394690560,4300918272,0,160830042112,121118474240,0
1791592910.058322,0.05341903306543827,61604626432,0,65485668352,19532873728,61394685952,61394690560,4300918272,0,160830369792,121118474240,0
1791592910.2645955,0.05960593745112419,61604626432,0,65485668352,19532873728,61394685952,61394690560,4300918272,0,160830709760,121118474240,0
1791592910.4595096,0.054430436342954636,61604626432,0,65485668352,19532873728,61394685952,61394690560,4300918272,0,160830705664,121118470144,0
1791592910.6584585,0.05323444865643978,61604626432,0,65217232896,19801309184,61394685952,61394690560,4032482816,0,160830554112,121118470144,0
1791592910.859974,0.054659126326441765,61604626432,0,65485668352,19532873728,61394685952,61394690560,4300918272,0,160830816256,121118404608,0
1791592911.0568058,0.05140670761466026,61604626432,0,65485668352,19532873728,61394685952,61394690560,4300918272,0,160831258624,121118404608,0
1791592911.2577815,0.052300408482551575,61604626432,0,65485668352,19532873728,61394685952,61394690560,4300918272,0,160830988288,121118404608,0
1791592911.457898,0.052337149158120155,61604626432,0,65485668352,19532873728,61394685952,61394690560,4300918272,0,160831037440,121118404608,0
1791592911.6567507,0.05110779218375683,61604626432,0,65485668352,19532873728,61394685952,61394690560,4300918272,0,160831135744,121118404608,0
1791592911.8578382,0.05211210809648037,61604626432,0,65485668352,19532873728,61394685952,61394690560,4300918272,0,160830767104,121118404608,0
1791592912.0572128,0.051402999088168144,61604626432,0,65485668352,19532873728,61394685952,61394690560,4300918272,0,160830586880,121118404608,0
1791592912.2617335,0.05581703409552574,61604626432,0,65485668352,19532873728,61394685952,61394690560,4300918272,0,160830431232,121118404608,0
1791592912.463247,0.05724829249083996,61604626432,0,65485668352,19532873728,61394685952,61394690560,4300918272,0,160830566400,121118404608,0
1791592912.660879,0.05480079911649227,61604626432,0,65485668352,19532873728,61394685952,61394690560,4300918272,0,160830656512,121118404608,0
1791592912.8579834,0.051823804154992104,61604626432,0,65485668352,19532873728,61394685952,61394690560,4300918272,0,160831004672,121118404608,0
1791592913.0628943,0.05665290169417858,61604626432,0,65485668352,19532873728,61394685952,61394690560,4300918272,0,160831209472,121118404608,0
1791592913.2602706,0.05393568426370621,61604626432,0,65485668352,19532873728,61394685952,61394690560,4300918272,0,160831217664,121118404608,0
1791592913.4622476,0.055833419784903526,61604626432,0,65485668352,19532873728,61394685952,61394690560,4300918272,0,160830984192,121118400512,0
1791592913.6608512,0.05435124225914478,61604626432,0,64411926528,20606615552,61394685952,61394690560,3227176448,0,160830926848,121118400512,0
1791592913.8601532,0.05356341972947121,61604626432,0,65485668352,19532873728,61394685952,61394690560,4300918272,0,160830726144,121118400512,0
1791592914.0640285,0.05735555663704872,61604626432,0,65485668352,19532873728,61394685952,61394690560,4300918272,0,160830783488,121118400512,0
1791592914.2617984,0.055041154846549034,61604626432,0,65485668352,19532873728,61394685952,61394690560,4300918272,0,160830865408,121118400512,0
1791592914.4643817,0.057541267946362495,61604626432,0,65485668352,19532873728,61394685952,61394690560,4300918272,0,160830873600,121118400512,0
1791592914.660624,0.0536966398358345,61604626432,0,65485668352,19532873728,61394685952,61394690560,4300918272,0,160831152128,121118400512,0
1791592914.8593895,0.05237536132335663,61604626432,0,65485668352,19532873728,61394685952,61394690560,4300918272,0,160831160320,121118400512,0
1791592915.059786,0.05268268659710884,61604626432,0,65485668352,19532873728,61394685952,61394690560,4300918272,0,160831229952,121118400512,0
1791592915.2568939,0.049670884385704994,61604626432,0,65485668352,19532873728,61394685952,61394690560,4300918272,0,160831324160,121118400512,0
1791592915.4575636,0.0502591896802187,61604626432,0,65485668352,19532873728,61394685952,61394690560,4300918272,0,160831078400,121118400512,0
1791592915.6605556,0.053171781823039055,61604626432,0,65485668352,19532873728,61394685952,61394690560,4300918272,0,160831438848,121118396416,0
1791592915.8667886,0.05931226164102554,61604626432,0,65485668352,19532873728,61394685952,61394690560,4300918272,0,160831447040,121118396416,0
1791592916.0618534,0.05429116450250149,61604626432,0,65485668352,19532873728,61394685952,61394690560,4300918272,0,160831827968,121118396416,0
1791592916.266418,0.058768874034285545,61604626432,0,65485668352,19532873728,61394685952,61394690560,4300918272,0,160831844352,121118396416,0
1791592916.4597332,0.052003396674990654,61604626432,0,65485668352,19532873728,61394685952,61394690560,4300918272,0,160831655936,121118396416,0
1791592916.6598012,0.05199223570525646,61604626432,0,64411926528,20606615552,61394685952,61394690560,3227176448,0,160831483904,121118396416,0
1791592916.8590121,0.051119595766067505,61604626432,0,65485668352,19532873728,61394685952,61394690560,4300918272,0,160831512576,121118396416,0
1791592917.0588493,0.05086909793317318,61604626432,0,65485668352,19532873728,61394685952,61394690560,4300918272,0,160831696896,121118396416,0
1791592917.2598782,0.0518170390278101,61604626432,0,65485668352,19532873728,61394685952,61394690560,4300918272,0,160831397888,121118396416,0
1791592917.4607465,0.052579713985323906,61604626432,0,65485668352,19532873728,61394685952,61394690560,4300918272,0,160830869504,121118396416,0
1791592917.659358,0.05110391974449158,61604626432,0,65485668352,19532873728,61394685952,61394690560,4300918272,0,160830951424,121118396416,0
1791592917.8596776,0.05132549814879894,61604626432,0,65485668352,19532873728,61394685952,61394690560,4300918272,0,160831057920,121118396416,0
1791592918.0888646,0.08041170611977577,61604626432,0,65217232896,19801309184,61394685952,61394690560,4032482816,0,160830713856,121118396416,0
1791592918.2664912,0.05793384835124016,61604626432,0,65485668352,19532873728,61394685952,61394690560,4300918272,0,160830726144,121118396416,0
1791592918.4647863,0.05611047148704529,61604626432,0,65485668352,19532873728,61394685952,61394690560,4300918272,0,160830803968,121118396416,0
1791592918.663793,0.05500162020325661,61604626432,0,65485668352,19532873728,61394685952,61394690560,4300918272,0,160830742528,121118392320,0
1791592918.8594017,0.050527727231383324,61604626432,0,65485668352,19532873728,61394685952,61394690560,4300918272,0,160831348736,121118392320,0
1791592919.0612683,0.05228905938565731,61604626432,0,65485668352,19532873728,61394685952,61394690560,4300918272,0,160831188992,121118392320,0
1791592919.258823,0.049760788679122925,61604626432,0,65485668352,19532873728,61394685952,61394690560,4300918272,0,160831041536,121118392320,0
1791592919.4616058,0.052457788959145546,61604626432,0,65485668352,19532873728,61394685952,61394690560,4300918272,0,160831111168,121118392320,0
1791592919.6600766,0.050842927768826485,61604626432,0,64411926528,20606615552,61394685952,61394690560,3227176448,0,160831049728,121118392320,0
1791592919.8610623,0.05174631625413895,61604626432,0,65485668352,19532873728,61394685952,61394690560,4300918272,0,160831123456,121118392320,0
1791592920.061312,0.05191417224705219,61604626432,0,65485668352,19532873728,61394685952,61394690560,4300918272,0,160831164416,121118392320,0
1791592920.2587998,0.04932273365557194,61604626432,0,65485668352,19532873728,61394685952,61394690560,4300918272,0,160831201280,121118392320,0
1791592920.460238,0.05067941173911095,61604626432,0,65485668352,19532873728,61394685952,61394690560,4300918272,0,160830889984,121118392320,0
1791592920.6653566,0.055716294795274734,61604626432,0,65485668352,19532873728,61394685952,61394690560,4300918272,0,160830861312,121118392320,0
1791592920.862542,0.052820876240730286,61604626432,0,65485668352,19532873728,61394685952,61394690560,4300918272,0,160830873600,121118392320,0
1791592921.0626018,0.0527951642870903,61604626432,0,65485668352,19532873728,61394685952,61394690560,4300918272,0,160830763008,121118392320,0
1791592921.2604408,0.05055195838212967,61604626432,0,65485668352,19532873728,61394685952,61394690560,4300918272,0,160830803968,121118392320,0
1791592921.4675689,0.0575983002781868,61604626432,0,65485668352,19532873728,61394685952,61394690560,4300918272,0,160830619648,121118392320,0
1791592921.664101,0.05404997244477272,61604626432,0,65485668352,19532873728,61394685952,61394690560,4300918272,0,160830709760,121118388224,0
1791592921.8644848,0.05435328744351864,61604626432,0,65485668352,19532873728,61394685952,61394690560,4300918272,0,160830709760,121118388224,0
1791592922.0636795,0.05346466228365898,61604626432,0,65485668352,19532873728,61394685952,61394690560,4300918272,0,160831062016,121118388224,0
1791592922.2619784,0.05167786031961441,61604626432,0,65485668352,19532873728,61394685952,61394690560,4300918272,0,160830799872,121118388224,0
1791592922.4625607,0.052175505086779594,61604626432,0,65485668352,19532873728,61394685952,61394690560,4300918272,0,160830595072,121118388224,0
1791592922.6682794,0.05781116150319576,61604626432,0,64411926528,20606615552,61394685952,61394690560,3227176448,0,160830914560,121118388224,0
1791592922.8633807,0.052828287705779076,61604626432,0,65485668352,19532873728,61394685952,61394690560,4300918272,0,160830984192,121118388224,0
1791592923.0628932,0.052254196256399155,61604626432,0,65485668352,19532873728,61394685952,61394690560,4300918272,0,160830611456,121118388224,0
1791592923.2609282,0.0502063799649477,61604626432,0,65485668352,19532873728,61394685952,61394690560,4300918272,0,160830693376,121118388224,0
1791592923.4641547,0.05335245467722416,61604626432,0,65485668352,19532873728,61394685952,61394690560,4300918272,0,160830783488,121118388224,0
1791592923.6604476,0.04955887794494629,61604626432,0,65485668352,19532873728,61394685952,61394690560,4300918272,0,160830771200,121118388224,0
1791592923.8622766,0.051307423040270805,61604630528,0,65485668352,19532873728,61394685952,61394690560,4300922368,0,160830799872,121118384128,0
1791592924.0609283,0.0498772319406271,61604630528,0,65217232896,19801309184,61394685952,61394690560,4032486912,0,160830951424,121118384128,0
1791592924.2610078,0.04987367428839207,61604630528,0,65485668352,19532873728,61394685952,61394690560,4300922368,0,160831004672,121118384128,0
1791592924.4629145,0.05170018784701824,61604630528,0,65485668352,19532873728,61394685952,61394690560,4300922368,0,160831090688,121118384128,0
1791592924.6608307,0.04953274875879288,61604630528,0,65485668352,19532873728,61394685952,61394690560,4300922368,0,160831102976,121118384128,0
1791592924.8603425,0.048964016139507294,61604630528,0,65485668352,19532873728,61394685952,61394690560,4300922368,0,160831193088,121118384128,0
1791592925.0627565,0.051294054836034775,61604630528,0,65485668352,19532873728,61394685952,61394690560,4300922368,0,160831098880,121118384128,0
1791592925.2644715,0.05292709171772003,61604630528,0,65485668352,19532873728,61394685952,61394690560,4300922368,0,160831188992,121118384128,0
1791592925.4686632,0.057033026590943336,61604630528,0,65485668352,19532873728,61394685952,61394690560,4300922368,0,160831541248,121118384128,0
1791592925.6694055,0.0576933678239584,61604630528,0,64411926528,20606615552,61394685952,61394690560,3227180544,0,160831553536,121118384128,0
1791592925.8702314,0.058427829295396805,61604630528,0,65485668352,19532873728,61394685952,61394690560,4300922368,0,160830570496,121118384128,0
1791592926.0687404,0.05685365945100784,61604630528,0,65485668352,19532873728,61394685952,61394690560,4300922368,0,160830623744,121118380032,0
1791592926.267909,0.05593874864280224,61604630528,0,65485668352,19532873728,61394685952,61394690560,4300922368,0,160830648320,121118380032,0
1791592926.4654744,0.053418586030602455,61604630528,0,65485668352,19532873728,61394685952,61394690560,4300922368,0,160830701568,121118380032,0
1791592926.6626058,0.05046829953789711,61604630528,0,65485668352,19532873728,61394685952,61394690560,4300922368,0,160830656512,121118380032,0
1791592926.8629434,0.05072427913546562,61604630528,0,65485668352,19532873728,61394685952,61394690560,4300922368,0,160831008768,121118375936,0
1791592927.0618668,0.04956120811402798,61604630528,0,64411926528,20606615552,61394685952,61394690560,3227180544,0,160830828544,121118375936,0
1791592927.2624364,0.05005054362118244,61604630528,0,65485668352,19532873728,61394685952,61394690560,4300922368,0,160830623744,121118375936,0
1791592927.4651031,0.05263343267142773,61604630528,0,65485668352,19532873728,61394685952,61394690560,4300922368,0,160830717952,121118375936,0
1791592927.6627233,0.0501709058880806,61604630528,0,65485668352,19532873728,61394685952,61394690560,4300922368,0,160830595072,121118375936,0
1791592927.8660684,0.053434835746884346,61604630528,0,65485668352,19532873728,61394685952,61394690560,4300922368,0,160830672896,121118375936,0
1791592928.0633569,0.05064205825328827,61604630528,0,65485668352,19532873728,61394685952,61394690560,4300922368,0,160830566400,121118375936,0
1791592928.2642636,0.05146820284426212,61604630528,0,65485668352,19532873728,61394685952,61394690560,4300922368,0,160830595072,121118375936,0
1791592928.4621675,0.04929312877357006,61604630528,0,65485668352,19532873728,61394685952,61394690560,4300922368,0,160830521344,121118375936,0
1791592928.6621878,0.049231210723519325,61604630528,0,65485668352,19532873728,61394685952,61394690560,4300922368,0,160830349312,121118375936,0
1791592928.8638263,0.05078905075788498,61604630528,0,65485668352,19532873728,61394685952,61394690560,4300922368,0,160830193664,121118371840,0
1791592929.062558,0.049437351524829865,61604630528,0,65485668352,19532873728,61394685952,61394690560,4300922368,0,160830263296,121118371840,0
1791592929.2651358,0.05192933231592178,61604630528,0,65485668352,19532873728,61394685952,61394690560,4300922368,0,160830136320,121118371840,0
1791592929.4711154,0.0578213632106781,61604630528,0,65485668352,19532873728,61394685952,61394690560,4300922368,0,160830304256,121118371840,0
1791592929.6712055,0.05782019719481468,61604630528,0,65485668352,19532873728,61394685952,61394690560,4300922368,0,160830267392,121118371840,0
1791592929.8714042,0.05792616866528988,61604630528,0,65485668352,19532873728,61394685952,61394690560,4300922368,0,160829943808,121118371840,0
1791592930.0660534,0.05248997546732426,61604630528,0,64411926528,20606615552,61394685952,61394690560,3227180544,0,160830054400,121118371840,0
1791592930.2656722,0.05202128924429417,61604630528,0,65485668352,19532873728,61394685952,61394690560,4300922368,0,160830070784,121118371840,0
1791592930.4656892,0.05193718336522579,61604630528,0,65485668352,19532873728,61394685952,61394690560,4300922368,0,160830148608,121118371840,0
1791592930.6680117,0.054163264110684395,61604630528,0,65485668352,19532873728,61394685952,61394690560,4300922368,0,160829992960,121118371840,0
1791592930.8646207,0.050674283877015114,61604630528,0,65485668352,19532873728,61394685952,61394690560,4300922368,0,160830050304,121118371840,0
1791592931.0673194,0.05327698774635792,61604630528,0,65485668352,19532873728,61394685952,61394690560,4300922368,0,160830169088,121118371840,0
1791592931.2672927,0.05316172167658806,61604630528,0,65485668352,19532873728,61394685952,61394690560,4300922368,0,160830246912,121118371840,0
1791592931.4652514,0.05102732963860035,61604630528,0,65217232896,19801309184,61394685952,61394690560,4032486912,0,160830062592,121118371840,0
1791592931.6667488,0.05242938734591007,61604630528,0,65485668352,19532873728,61394685952,61394690560,4300922368,0,160830160896,121118371840,0
1791592931.871049,0.0566464364528656,61604630528,0,65485668352,19532873728,61394685952,61394690560,4300922368,0,160830394368,121118367744,0
1791592932.0690882,0.054602667689323425,61604630528,0,65485668352,19532873728,61394685952,61394690560,4300922368,0,160830271488,121118367744,0
1791592932.2680361,0.05346684902906418,61604630528,0,65485668352,19532873728,61394685952,61394690560,4300922368,0,160830263296,121118367744,0
1791592932.4721377,0.057485856115818024,61604630528,0,65485668352,19532873728,61394685952,61394690560,4300922368,0,160830877696,121118367744,0
1791592932.668574,0.05384274385869503,61604630528,0,65485668352,19532873728,61394685952,61394690560,4300922368,0,160830910464,121118367744,0
1791592932.8704526,0.05561870150268078,61604630528,0,65485668352,19532873728,61394685952,61394690560,4300922368,0,160830488576,121118367744,0
1791592933.0672135,0.05228126794099808,61604630528,0,64411926528,20606615552,61394685952,61394690560,3227180544,0,160830771200,121118367744,0
1791592933.2651253,0.05008690990507603,61604630528,0,65485668352,19532873728,61394685952,61394690560,4300922368,0,160830537728,121118367744,0
1791592933.468527,0.05339907296001911,61604630528,0,65485668352,19532873728,61394685952,61394690560,4300922368,0,160830541824,121118367744,0
1791592933.6717756,0.056541863828897476,61604630528,0,65485668352,19532873728,61394685952,61394690560,4300922368,0,160830648320,121118367744,0
1791592933.8691177,0.05380384065210819,61604630528,0,65485668352,19532873728,61394685952,61394690560,4300922368,0,160830910464,121118367744,0
1791592934.0683978,0.05300314724445343,61604630528,0,65485668352,19532873728,61394685952,61394690560,4300922368,0,160830734336,121118367744,0
1791592934.2735913,0.05811470374464989,61604630528,0,65485668352,19532873728,61394685952,61394690560,4300922368,0,160830660608,121118367744,0
1791592934.4665444,0.05098693259060383,61604630528,0,65217232896,19801309184,61394685952,61394690560,4032486912,0,160830722048,121118367744,0
1791592934.66554,0.049898041412234306,61604630528,0,65485668352,19532873728,61394685952,61394690560,4300922368,0,160830730240,121118367744,0
1791592934.8652523,0.04952839016914368,61604630528,0,65485668352,19532873728,61394685952,61394690560,4300922368,0,160830607360,121118367744,0
1791592935.0685258,0.05267524719238281,61604630528,0,65485668352,19532873728,61394685952,61394690560,4300922368,0,160830693376,121118363648,0
1791592935.2661893,0.05024871975183487,61604630528,0,65485668352,19532873728,61394685952,61394690560,4300922368,0,160830779392,121118363648,0
1791592935.4685252,0.052497245371341705,61604630528,0,65485668352,19532873728,61394685952,61394690560,4300922368,0,160830791680,121118363648,0
1791592935.674364,0.05823763087391853,61604630528,0,65485668352,19532873728,61394685952,61394690560,4300922368,0,160830795776,121118363648,0
1791592935.872297,0.05608410760760307,61604630528,0,65485668352,19532873728,61394685952,61394690560,4300922368,0,160830877696,121118363648,0
1791592936.067219,0.05093684792518616,61604630528,0,64411926528,20606615552,61394685952,61394690560,3227180544,0,160830889984,121118363648,0
1791592936.2701094,0.05374474450945854,61604630528,0,65485668352,19532873728,61394685952,61394690560,4300922368,0,160830959616,121118363648,0
1791592936.468799,0.05235705338418484,61604630528,0,65485668352,19532873728,61394685952,61394690560,4300922368,0,160830894080,121118363648,0
1791592936.668463,0.051928095519542694,61604630528,0,65485668352,19532873728,61394685952,61394690560,4300922368,0,160830373888,121118363648,0
1791592936.86906,0.05243904888629913,61604630528,0,65485668352,19532873728,61394685952,61394690560,4300922368,0,160830111744,121118363648,0
1791592937.0689886,0.05227762646973133,61604630528,0,65485668352,19532873728,61394685952,61394690560,4300922368,0,160830058496,121118359552,0
1791592937.267992,0.05119611322879791,61604630528,0,65485668352,19532873728,61394685952,61394690560,4300922368,0,160829997056,121118359552,0
1791592937.4682367,0.05135787092149258,61604630528,0,64411926528,20606615552,61394685952,61394690560,3227180544,0,160830074880,121118359552,0
1791592937.6693544,0.05239304341375828,61604630528,0,65485668352,19532873728,61394685952,61394690560,4300922368,0,160830070784,121118359552,0
1791592937.8796337,0.06257050111889839,61604630528,0,65485668352,19532873728,61394685952,61394690560,4300922368,0,160830386176,121118359552,0
1791592938.0782142,0.06108374148607254,61604630528,0,65485668352,19532873728,61394685952,61394690560,4300922368,0,160829792256,121118359552,0
1791592938.2764227,0.059210753068327904,61604630528,0,65485668352,19532873728,61394685952,61394690560,4300922368,0,160829796352,121118359552,0
1791592938.4704893,0.05319569073617458,61604630528,0,65485668352,19532873728,61394685952,61394690560,4300922368,0,160830066688,121118359552,0
1791592938.6697214,0.052314797416329384,61604630528,0,65485668352,19532873728,61394685952,61394690560,4300922368,0,160829992960,121118359552,0
1791592938.8676996,0.05021107196807861,61604630528,0,65485668352,19532873728,61394685952,61394690560,4300922368,0,160829997056,121118359552,0
1791592939.0695152,0.051937542855739594,61604630528,0,65485668352,19532873728,61394685952,61394690560,4300922368,0,160829968384,121118359552,0
1791592939.2673366,0.049672167748212814,61604630528,0,65485668352,19532873728,61394685952,61394690560,4300922368,0,160829902848,121118359552,0
1791592939.4690177,0.051237840205430984,61604630528,0,65485668352,19532873728,61394685952,61394690560,4300922368,0,160829902848,121118359552,0
1791592939.6713083,0.05344494618475437,61604630528,0,65485668352,19532873728,61394685952,61394690560,4300922368,0,160829919232,121118359552,0
1791592939.8758345,0.05788716673851013,61604630528,0,65485668352,19532873728,61394685952,61394690560,4300922368,0,160829997056,121118359552,0
1791592940.0722005,0.05414784885942936,61604630528,0,65485668352,19532873728,61394685952,61394690560,4300922368,0,160829808640,121118355456,0
1791592940.2698205,0.05165558122098446,61604630528,0,65485668352,19532873728,61394685952,61394690560,4300922368,0,160829890560,121118355456,0
1791592940.4707415,0.052473410964012146,61604630528,0,64411926528,20606615552,61394685952,61394690560,3227180544,0,160829919232,121118355456,0
1791592940.6704001,0.052044935524463654,61604634624,0,65485668352,19532873728,61394685952,61394690560,4300926464,0,160829915136,121118355456,0
1791592940.8710752,0.05263778567314148,61604634624,0,65485668352,19532873728,61394685952,61394690560,4300926464,0,160829882368,121118355456,0
1791592941.0711014,0.052573444321751595,61604634624,0,65485668352,19532873728,61394685952,61394690560,4300926464,0,160830050304,121118355456,0
1791592941.2695122,0.05089702643454075,61604638720,0,65485668352,19532873728,61394685952,61394690560,4300930560,0,160829874176,121118355456,0
1791592941.4738555,0.055120307952165604,61604638720,0,65485668352,19532873728,61394685952,61394690560,4300930560,0,160829972480,121118355456,0
1791592941.671042,0.052192071452736855,61604646912,0,65485668352,19532873728,61394685952,61394690560,4300938752,0,160830017536,121118355456,0
1791592941.871286,0.05235293507575989,61604646912,0,65217232896,19801309184,61394685952,61394690560,4032503296,0,160830349312,121118355456,0
1791592942.0700626,0.05104738287627697,61604646912,0,65485668352,19532873728,61394685952,61394690560,4300938752,0,160830103552,121118355456,0
1791592942.271859,0.05273152515292168,61604646912,0,65485668352,19532873728,61394685952,61394690560,4300938752,0,160829988864,121118355456,0
1791592942.4799895,0.06077732890844345,61604646912,0,65485668352,19532873728,61394685952,61394690560,4300938752,0,160830230528,121118355456,0
1791592942.670671,0.05134147219359875,61604646912,0,65485668352,19532873728,61394685952,61394690560,4300938752,0,160830287872,121118355456,0
1791592942.8713467,0.051913827657699585,61604646912,0,65485668352,19532873728,61394685952,61394690560,4300938752,0,160830050304,121118355456,0
1791592943.0594501,0.03992526791989803,61604646912,0,65485668352,19532873728,61394685952,61394690560,4300938752,0,160830136320,121118355456,0
1791592943.274481,0.05487263761460781,61604646912,0,65485668352,19532873728,61394685952,61394690560,4300938752,0,160830488576,121118351360,0
1791592943.4732203,0.05353173613548279,61604646912,0,64411926528,20606615552,61394685952,61394690560,3227196928,0,160830554112,121118351360,0
1791592943.6697376,0.04996158741414547,61604646912,0,65485668352,19532873728,61394685952,61394690560,4300938752,0,160830513152,121118351360,0
1791592943.8774323,0.05757324956357479,61604646912,0,65485668352,19532873728,61394685952,61394690560,4300938752,0,160830337024,121118351360,0
1791592944.076114,0.05618702992796898,61604646912,0,65485668352,19532873728,61394685952,61394690560,4300938752,0,160830431232,121118351360,0
1791592944.272306,0.052297087386250496,61604646912,0,65485668352,19532873728,61394685952,61394690560,4300938752,0,160830201856,121118351360,0
1791592944.4726856,0.052593473345041275,61604646912,0,65485668352,19532873728,61394685952,61394690560,4300938752,0,160830496768,121118351360,0
1791592944.6795762,0.05933456867933273,61604646912,0,65485668352,19532873728,61394685952,61394690560,4300938752,0,160830386176,121118351360,0
1791592944.8823211,0.06200003996491432,61604646912,0,65217232896,19801309184,61394685952,61394690560,4032503296,0,160830599168,121118351360,0
1791592945.071699,0.05129670724272728,61604646912,0,65485668352,19532873728,61394685952,61394690560,4300938752,0,160830717952,121118351360,0
1791592945.2718875,0.051375843584537506,61604646912,0,65485668352,19532873728,61394685952,61394690560,4300938752,0,160830517248,121118347264,0
1791592945.472115,0.05149599723517895,61604646912,0,65485668352,19532873728,61394685952,61394690560,4300938752,0,160830558208,121118347264,0
1791592945.6715117,0.050806328654289246,61604646912,0,65485668352,19532873728,61394685952,61394690560,4300938752,0,160830459904,121118347264,0
1791592945.8730228,0.0522331353276968,61604646912,0,65485668352,19532873728,61394685952,61394690560,4300938752,0,160830529536,121118347264,0
1791592946.0761185,0.05524522066116333,61604646912,0,65485668352,19532873728,61394685952,61394690560,4300938752,0,160830988288,121118347264,0
1791592946.2750814,0.05411456897854805,61604651008,0,65485668352,19532873728,61394685952,61394690560,4300942848,0,160830853120,121118347264,0
1791592946.4724767,0.051387786865234375,61604651008,0,64411926528,20606615552,61394685952,61394690560,3227201024,0,160831082496,121118347264,0
1791592946.673524,0.05231061391532421,61604651008,0,65485668352,19532873728,61394685952,61394690560,4300942848,0,160830865408,121118347264,0
1791592946.8714209,0.05012333765625954,61604651008,0,65485668352,19532873728,61394685952,61394690560,4300942848,0,160831127552,121118347264,0
1791592947.070245,0.048862604424357414,61604651008,0,65485668352,19532873728,61394685952,61394690560,4300942848,0,160830676992,121118347264,0
1791592947.2741983,0.05273176170885563,61604651008,0,65485668352,19532873728,61394685952,61394690560,4300942848,0,160830767104,121118347264,0
1791592947.4708958,0.04934729263186455,61604651008,0,65485668352,19532873728,61394685952,61394690560,4300942848,0,160830803968,121118347264,0
1791592947.6737494,0.05209208466112614,61604651008,0,65485668352,19532873728,61394685952,61394690560,4300942848,0,160830623744,121118347264,0
1791592947.8795009,0.05776083096861839,61604651008,0,64411926528,20606615552,61394685952,61394690560,3227201024,0,160830955520,121118347264,0
1791592948.0783076,0.05648702010512352,61604651008,0,65485668352,19532873728,61394685952,61394690560,4300942848,0,160830963712,121118347264,0
1791592948.278417,0.05651818588376045,61604651008,0,65485668352,19532873728,61394685952,61394690560,4300942848,0,160831016960,121118343168,0
1791592948.4759324,0.05395357869565487,61604651008,0,65485668352,19532873728,61394685952,61394690560,4300942848,0,160830894080,121118343168,0
1791592948.6800535,0.05799517594277859,61604651008,0,65485668352,19532873728,61394685952,61394690560,4300942848,0,160831029248,121118343168,0
1791592948.8765826,0.05436383746564388,61604651008,0,65485668352,19532873728,61394685952,61394690560,4300942848,0,160831361024,121118343168,0
1791592949.0789044,0.05660690739750862,61604651008,0,65485668352,19532873728,61394685952,61394690560,4300942848,0,160831369216,121118343168,0
1791592949.2765663,0.054156213998794556,61604651008,0,65485668352,19532873728,61394685952,61394690560,4300942848,0,160831451136,121118343168,0
1791592949.4746015,0.05210891552269459,61604651008,0,65485668352,19532873728,61394685952,61394690560,4300942848,0,160831528960,121118343168,0
1791592949.6756954,0.05308980494737625,61604651008,0,65485668352,19532873728,61394685952,61394690560,4300942848,0,160831397888,121118343168,0
1791592949.8749812,0.05229189805686474,61604651008,0,65485668352,19532873728,61394685952,61394690560,4300942848,0,160831385600,121118343168,0
1791592950.0817878,0.05900978669524193,61604651008,0,65485668352,19532873728,61394685952,61394690560,4300942848,0,160831401984,121118343168,0
1791592950.2807727,0.05790862254798412,61604651008,0,65485668352,19532873728,61394685952,61394690560,4300942848,0,160831520768,121118339072,0
1791592950.4799058,0.0569484569132328,61604651008,0,65485668352,19532873728,61394685952,61394690560,4300942848,0,160831098880,121118339072,0
1791592950.6825051,0.059456611052155495,61604651008,0,65485668352,19532873728,61394685952,61394690560,4300942848,0,160830537728,121118339072,0
1791592950.8782153,0.055058678612113,61604651008,0,64411926528,20606615552,61394685952,61394690560,3227201024,0,160830873600,121118339072,0
1791592951.075423,0.0521820355206728,61604651008,0,65485668352,19532873728,61394685952,61394690560,4300942848,0,160831074304,121118334976,0
1791592951.273664,0.05034021846950054,61604651008,0,65485668352,19532873728,61394685952,61394690560,4300942848,0,160830554112,121118334976,0
1791592951.4761844,0.05277736857533455,61604651008,0,65485668352,19532873728,61394685952,61394690560,4300942848,0,160830586880,121118334976,0
1791592951.6820664,0.058573370799422264,61604651008,0,65485668352,19532873728,61394685952,61394690560,4300942848,0,160830656512,121118334976,0
1791592951.8851254,0.06153498776257038,61604651008,0,65485668352,19532873728,61394685952,61394690560,4300942848,0,160830951424,121118334976,0
1791592952.081952,0.05825679376721382,61604651008,0,65485668352,19532873728,61394685952,61394690560,4300942848,0,160830427136,121118334976,0
1791592952.2811558,0.05736729875206947,61604651008,0,65217232896,19801309184,61394685952,61394690560,4032507392,0,160830451712,121118334976,0
1791592952.476205,0.05233444832265377,61604651008,0,65485668352,19532873728,61394685952,61394690560,4300942848,0,160830631936,121118334976,0
1791592952.6734123,0.049460334703326225,61604651008,0,65485668352,19532873728,61394685952,61394690560,4300942848,0,160830717952,121118334976,0
1791592952.8740017,0.04996614344418049,61604651008,0,65485668352,19532873728,61394685952,61394690560,4300942848,0,160830763008,121118334976,0
1791592953.0768082,0.052694106474518776,61604651008,0,65485668352,19532873728,61394685952,61394690560,4300942848,0,160830648320,121118334976,0
1791592953.2826622,0.05845729820430279,61604651008,0,65485668352,19532873728,61394685952,61394690560,4300942848,0,160831270912,121118330880,0
1791592953.481251,0.056962210685014725,61604651008,0,65485668352,19532873728,61394685952,61394690560,4300942848,0,160831086592,121118330880,0
1791592953.6751227,0.05075426958501339,61604651008,0,65485668352,19532873728,61394685952,61394690560,4300942848,0,160831188992,121118330880,0
1791592953.8769639,0.05251440964639187,61604651008,0,64411926528,20606615552,61394685952,61394690560,3227201024,0,160830963712,121118330880,0
1791592954.0747662,0.05023708567023277,61604651008,0,65485668352,19532873728,61394685952,61394690560,4300942848,0,160831062016,121118330880,0
1791592954.2763286,0.05170472152531147,61604651008,0,65485668352,19532873728,61394685952,61394690560,4300942848,0,160830488576,121118330880,0
1791592954.483396,0.058686595410108566,61604651008,0,65485668352,19532873728,61394685952,61394690560,4300942848,0,160830746624,121118330880,0
1791592954.6768093,0.05201387777924538,61604651008,0,65485668352,19532873728,61394685952,61394690560,4300942848,0,160830980096,121118330880,0
1791592954.8762197,0.05134150758385658,61604651008,0,65485668352,19532873728,61394685952,61394690560,4300942848,0,160830726144,121118330880,0
1791592955.0785434,0.05355876870453358,61604651008,0,65485668352,19532873728,61394685952,61394690560,4300942848,0,160830898176,121118330880,0
1791592955.282761,0.05769377201795578,61604651008,0,64411926528,20606615552,61394685952,61394690560,3227201024,0,160831262720,121118330880,0
1791592955.4826143,0.057462187483906746,61604651008,0,65485668352,19532873728,61394685952,61394690560,4300942848,0,160831082496,121118330880,0
1791592955.680832,0.055593887344002724,61604651008,0,65485668352,19532873728,61394685952,61394690560,4300942848,0,160831053824,121118330880,0
1791592955.8819456,0.056626932695508,61604651008,0,65485668352,19532873728,61394685952,61394690560,4300942848,0,160831127552,121118330880,0
1791592956.0804942,0.055095892399549484,61604651008,0,65485668352,19532873728,61394685952,61394690560,4300942848,0,160831492096,121118330880,0
1791592956.2802482,0.05476892739534378,61604651008,0,65485668352,19532873728,61394685952,61394690560,4300942848,0,160831279104,121118330880,0
1791592956.475615,0.05005877651274204,61604651008,0,65485668352,19532873728,61394685952,61394690560,4300942848,0,160831164416,121118326784,0
1791592956.6777468,0.052110787481069565,61604651008,0,65485668352,19532873728,61394685952,61394690560,4300942848,0,160831160320,121118326784,0
1791592956.8757398,0.050020886585116386,61604651008,0,65485668352,19532873728,61394685952,61394690560,4300942848,0,160831111168,121118326784,0
1791592957.076389,0.050585247576236725,61604651008,0,65485668352,19532873728,61394685952,61394690560,4300942848,0,160830775296,121118326784,0
1791592957.2769232,0.05103651061654091,61604651008,0,65485668352,19532873728,61394685952,61394690560,4300942848,0,160830861312,121118326784,0
1791592957.4847367,0.058762213215231895,61604651008,0,65485668352,19532873728,61394685952,61394690560,4300942848,0,160831197184,121118326784,0
1791592957.6814022,0.05534665659070015,61604651008,0,65485668352,19532873728,61394685952,61394690560,4300942848,0,160831279104,121118326784,0
1791592957.8816714,0.05553394928574562,61604651008,0,65485668352,19532873728,61394685952,61394690560,4300942848,0,160831332352,121118326784,0
1791592958.0827405,0.0565156452357769,61604651008,0,65485668352,19532873728,61394685952,61394690560,4300942848,0,160830922752,121118326784,0
1791592958.2756598,0.04935297556221485,61604651008,0,64411926528,20606615552,61394685952,61394690560,3227201024,0,160830758912,121118326784,0
1791592958.4832745,0.05688562989234924,61604651008,0,65485668352,19532873728,61394685952,61394690560,4300942848,0,160830652416,121118322688,0
1791592958.6846712,0.05820106714963913,61604651008,0,65485668352,19532873728,61394685952,61394690560,4300942848,0,160830705664,121118322688,0
1791592958.879895,0.053342586383223534,61604651008,0,65485668352,19532873728,61394685952,61394690560,4300942848,0,160831045632,121118322688,0
1791592959.0826626,0.056027116253972054,61604651008,0,65485668352,19532873728,61394685952,61394690560,4300942848,0,160831143936,121118322688,0
1791592959.285322,0.05860470235347748,61604651008,0,65485668352,19532873728,61394685952,61394690560,4300942848,0,160830967808,121118322688,0
1791592959.480819,0.054016806185245514,61604651008,0,65485668352,19532873728,61394685952,61394690560,4300942848,0,160830902272,121118322688,0
1791592959.684285,0.057398898527026176,61604651008,0,65485668352,19532873728,61394685952,61394690560,4300942848,0,160830906368,121118322688,0
1791592959.8846285,0.05766049399971962,61604651008,0,65485668352,19532873728,61394685952,61394690560,4300942848,0,160830955520,121118322688,0
1791592960.0826,0.055549684911966324,61604651008,0,65485668352,19532873728,61394685952,61394690560,4300942848,0,160831041536,121118322688,0
1791592960.2823102,0.05517854727804661,61604651008,0,65485668352,19532873728,61394685952,61394690560,4300942848,0,160830947328,121118322688,0
1791592960.481841,0.05462699383497238,61604651008,0,65485668352,19532873728,61394685952,61394690560,4300942848,0,160830779392,121118322688,0
1791592960.677227,0.04994974099099636,61604651008,0,65485668352,19532873728,61394685952,61394690560,4300942848,0,160830603264,121118322688,0
1791592960.8796675,0.05230572260916233,61604651008,0,65485668352,19532873728,61394685952,61394690560,4300942848,0,160830742528,121118322688,0
1791592961.079465,0.05202122963964939,61604651008,0,65485668352,19532873728,61394685952,61394690560,4300942848,0,160831045632,121118322688,0
1791592961.2793052,0.05177668668329716,61604651008,0,64411926528,20606615552,61394685952,61394690560,3227201024,0,160830464000,121118322688,0
1791592961.4789138,0.05130656622350216,61604651008,0,65485668352,19532873728,61394685952,61394690560,4300942848,0,160830402560,121118318592,0
1791592961.6783667,0.050672806799411774,61604651008,0,65485668352,19532873728,61394685952,61394690560,4300942848,0,160830205952,121118318592,0
1791592961.8797712,0.05199465714395046,61604651008,0,65485668352,19532873728,61394685952,61394690560,4300942848,0,160830189568,121118318592,0
1791592962.083866,0.056007130071520805,61604651008,0,65485668352,19532873728,61394685952,61394690560,4300942848,0,160830521344,121118318592,0
1791592962.2824123,0.054472584277391434,61604651008,0,65485668352,19532873728,61394685952,61394690560,4300942848,0,160830590976,121118318592,0
1791592962.4862227,0.05819944106042385,61604651008,0,65485668352,19532873728,61394685952,61394690560,4300942848,0,160830443520,121118318592,0
1791592962.6806912,0.05258520320057869,61604651008,0,65217232896,19801309184,61394685952,61394690560,4032507392,0,160830705664,121118318592,0
1791592962.8805027,0.052264655008912086,61604651008,0,65485668352,19532873728,61394685952,61394690560,4300942848,0,160830631936,121118318592,0
1791592963.0777776,0.04945981316268444,61604651008,0,65485668352,19532873728,61394685952,61394690560,4300942848,0,160830717952,121118318592,0
1791592963.2789366,0.050536373630166054,61604651008,0,65485668352,19532873728,61394685952,61394690560,4300942848,0,160830578688,121118318592,0
1791592963.4828186,0.05433780513703823,61604651008,0,65485668352,19532873728,61394685952,61394690560,4300942848,0,160830660608,121118318592,0
1791592963.687203,0.05863471142947674,61604651008,0,65485668352,19532873728,61394685952,61394690560,4300942848,0,160830558208,121118318592,0
1791592963.8861496,0.05749739520251751,61604651008,0,65485668352,19532873728,61394685952,61394690560,4300942848,0,160830644224,121118318592,0
1791592964.0799506,0.05121522210538387,61604651008,0,65485668352,19532873728,61394685952,61394690560,4300942848,0,160830447616,121118318592,0
1791592964.2776492,0.04881838336586952,61604651008,0,64411926528,20606615552,61394685952,61394690560,3227201024,0,160830537728,121118318592,0
1791592964.4776828,0.04876565560698509,61604651008,0,65485668352,19532873728,61394685952,61394690560,4300942848,0,160830656512,121118318592,0
1791592964.6818826,0.05288498103618622,61604651008,0,65485668352,19532873728,61394685952,61394690560,4300942848,0,160830287872,121118314496,0
1791592964.8800478,0.05096692405641079,61604651008,0,65485668352,19532873728,61394685952,61394690560,4300942848,0,160830377984,121118314496,0
1791592965.082243,0.05302731320261955,61604651008,0,65485668352,19532873728,61394685952,61394690560,4300942848,0,160830275584,121118314496,0
1791592965.2871084,0.057807695120573044,61604651008,0,65485668352,19532873728,61394685952,61394690560,4300942848,0,160829980672,121118314496,0
1791592965.4831862,0.05379939451813698,61604651008,0,65485668352,19532873728,61394685952,61394690560,4300942848,0,160830279680,121118314496,0
1791592965.6818845,0.05239422433078289,61604651008,0,64411926528,20606615552,61394685952,61394690560,3227201024,0,160830291968,121118314496,0
1791592965.880044,0.05047181248664856,61604651008,0,65485668352,19532873728,61394685952,61394690560,4300942848,0,160830238720,121118314496,0
1791592966.0814202,0.05176703259348869,61604655104,0,65485668352,19532873728,61394685952,61394690560,4300946944,0,160830332928,121118314496,0
1791592966.280788,0.05104932747781277,61604655104,0,65485668352,19532873728,61394685952,61394690560,4300946944,0,160830390272,121118314496,0
1791592966.4801114,0.05028454400599003,61604655104,0,65485668352,19532873728,61394685952,61394690560,4300946944,0,160830529536,121118314496,0
1791592966.680198,0.050288787111639977,61604659200,0,65485668352,19532873728,61394685952,61394690560,4300951040,0,160830517248,121118310400,0
1791592966.8791852,0.049194784834980965,61604659200,0,65485668352,19532873728,61394685952,61394690560,4300951040,0,160830140416,121118310400,0
1791592967.0680838,0.03802653029561043,61604667392,0,65485668352,19532873728,61394685952,61394690560,4300959232,0,160830402560,121118310400,0
1791592967.2678182,0.03769165277481079,61604667392,0,65485668352,19532873728,61394685952,61394690560,4300959232,0,160830459904,121118310400,0
1791592967.466837,0.036646539345383644,61604667392,0,65485668352,19532873728,61394685952,61394690560,4300959232,0,160830701568,121118310400,0
1791592967.6852982,0.055031703785061836,61604667392,0,65485668352,19532873728,61394685952,61394690560,4300959232,0,160830783488,121118310400,0
1791592967.8848686,0.054521191865205765,61604667392,0,65485668352,19532873728,61394685952,61394690560,4300959232,0,160830869504,121118310400,0
1791592968.0857525,0.055322520434856415,61604667392,0,65485668352,19532873728,61394685952,61394690560,4300959232,0,160830976000,121118310400,0
1791592968.284196,0.05368470214307308,61604667392,0,65485668352,19532873728,61394685952,61394690560,4300959232,0,160830967808,121118310400,0
1791592968.4869528,0.056360818445682526,61604667392,0,65485668352,19532873728,61394685952,61394690560,4300959232,0,160831062016,121118310400,0
1791592968.6858232,0.05514635145664215,61604667392,0,64411926528,20606615552,61394685952,61394690560,3227217408,0,160831053824,121118310400,0
1791592968.9183593,0.08759775757789612,61604667392,0,65485668352,19532873728,61394685952,61394690560,4300959232,0,160830828544,121118310400,0
1791592969.0879452,0.05709991790354252,61604667392,0,65485668352,19532873728,61394685952,61394690560,4300959232,0,160831102976,121118310400,0
1791592969.2834444,0.052479952573776245,61604667392,0,65485668352,19532873728,61394685952,61394690560,4300959232,0,160830398464,121118310400,0
1791592969.4840198,0.052975114434957504,61604667392,0,65485668352,19532873728,61394685952,61394690560,4300959232,0,160830414848,121118310400,0
1791592969.68593,0.05478145368397236,61604667392,0,65485668352,19532873728,61394685952,61394690560,4300959232,0,160830504960,121118306304,0
1791592969.882958,0.051683055236935616,61604667392,0,65485668352,19532873728,61394685952,61394690560,4300959232,0,160830464000,121118306304,0
1791592970.0876698,0.05631696432828903,61604667392,0,65485668352,19532873728,61394685952,61394690560,4300959232,0,160830808064,121118306304,0
1791592970.2851028,0.053667787462472916,61604667392,0,65485668352,19532873728,61394685952,61394690560,4300959232,0,160830578688,121118306304,0
1791592970.4876838,0.05616605095565319,61604667392,0,65485668352,19532873728,61394685952,61394690560,4300959232,0,160830885888,121118306304,0
1791592970.6882083,0.05658048950135708,61604667392,0,65485668352,19532873728,61394685952,61394690560,4300959232,0,160830464000,121118306304,0
1791592970.8913088,0.0595766045153141,61604667392,0,65485668352,19532873728,61394685952,61394690560,4300959232,0,160830537728,121118306304,0
1791592971.087744,0.0559046920388937,61604667392,0,65485668352,19532873728,61394685952,61394690560,4300959232,0,160830791680,121118306304,0
1791592971.2863016,0.05434778518974781,61604667392,0,65485668352,19532873728,61394685952,61394690560,4300959232,0,160831049728,121118306304,0
1791592971.488586,0.05652002617716789,61604667392,0,65485668352,19532873728,61394685952,61394690560,4300959232,0,160831029248,121118306304,0
1791592971.6856325,0.05348379351198673,61604667392,0,64411926528,20606615552,61394685952,61394690560,3227217408,0,160830705664,121118306304,0
1791592971.8898828,0.057649558410048485,61604667392,0,65485668352,19532873728,61394685952,61394690560,4300959232,0,160831168512,121118306304,0
1791592972.0875254,0.05520888604223728,61604667392,0,65485668352,19532873728,61394685952,61394690560,4300959232,0,160831238144,121118306304,0
1791592972.2879844,0.05558325536549091,61604667392,0,65485668352,19532873728,61394685952,61394690560,4300959232,0,160830681088,121118306304,0
1791592972.4900851,0.05759698525071144,61604667392,0,65485668352,19532873728,61394685952,61394690560,4300959232,0,160830636032,121118306304,0
1791592972.686819,0.05424516089260578,61604667392,0,65485668352,19532873728,61394685952,61394690560,4300959232,0,160830738432,121118306304,0
1791592972.8917284,0.05906050093472004,61604667392,0,65485668352,19532873728,61394685952,61394690560,4300959232,0,160831012864,121118302208,0
1791592973.084932,0.05217842198908329,61604667392,0,65485668352,19532873728,61394685952,61394690560,4300959232,0,160831053824,121118302208,0
1791592973.286118,0.053281135857105255,61604667392,0,65485668352,19532873728,61394685952,61394690560,4300959232,0,160831037440,121118302208,0
1791592973.4898849,0.05695606209337711,61604667392,0,65485668352,19532873728,61394685952,61394690560,4300959232,0,160830554112,121118302208,0
1791592973.6838155,0.05080447532236576,61604667392,0,65485668352,19532873728,61394685952,61394690560,4300959232,0,160830857216,121118302208,0
1791592973.886693,0.053598690778017044,61604667392,0,65485668352,19532873728,61394685952,61394690560,4300959232,0,160830685184,121118302208,0
1791592974.0905561,0.05733329430222511,61604667392,0,65485668352,19532873728,61394685952,61394690560,4300959232,0,160830976000,121118302208,0
1791592974.2900434,0.05673334747552872,61604667392,0,65485668352,19532873728,61394685952,61394690560,4300959232,0,160830705664,121118302208,0
1791592974.4902973,0.05689959600567818,61604667392,0,65485668352,19532873728,61394685952,61394690560,4300959232,0,160830795776,121118302208,0
1791592974.685535,0.05205674469470978,61604667392,0,64411926528,20606615552,61394685952,61394690560,3227217408,0,160831307776,121118302208,0
1791592974.8892243,0.05565881170332432,61604667392,0,65485668352,19532873728,61394685952,61394690560,4300959232,0,160831385600,121118298112,0
1791592975.0877173,0.054071543738245964,61604667392,0,65485668352,19532873728,61394685952,61394690560,4300959232,0,160831434752,121118298112,0
1791592975.290413,0.056677114218473434,61604667392,0,65485668352,19532873728,61394685952,61394690560,4300959232,0,160831528960,121118298112,0
1791592975.4903488,0.056529924273490906,61604667392,0,65485668352,19532873728,61394685952,61394690560,4300959232,0,160831614976,121118298112,0
1791592975.6921327,0.05823086015880108,61604667392,0,65485668352,19532873728,61394685952,61394690560,4300959232,0,160831557632,121118298112,0
1791592975.8914483,0.057445092126727104,61604667392,0,65485668352,19532873728,61394685952,61394690560,4300959232,0,160831561728,121118298112,0
1791592976.0920799,0.057990528643131256,61604667392,0,65217232896,19801309184,61394685952,61394690560,4032523776,0,160832004096,121118294016,0
1791592976.289868,0.055627841502428055,61604667392,0,65485668352,19532873728,61394685952,61394690560,4300959232,0,160831987712,121118294016,0
1791592976.4933646,0.059037696570158005,61604667392,0,65485668352,19532873728,61394685952,61394690560,4300959232,0,160831729664,121118294016,0
1791592976.687579,0.05315171740949154,61604667392,0,65485668352,19532873728,61394685952,61394690560,4300959232,0,160831995904,121118294016,0
1791592976.886528,0.052016083151102066,61604667392,0,65485668352,19532873728,61394685952,61394690560,4300959232,0,160832299008,121118294016,0
1791592977.0852458,0.050635142251849174,61604667392,0,65485668352,19532873728,61394685952,61394690560,4300959232,0,160832045056,121118294016,0
1791592977.285031,0.050309181213378906,61604667392,0,65485668352,19532873728,61394685952,61394690560,4300959232,0,160831160320,121118294016,0
1791592977.4860475,0.051215481013059616,61604667392,0,65485668352,19532873728,61394685952,61394690560,4300959232,0,160830746624,121118294016,0
1791592977.686594,0.051657527685165405,61604667392,0,64411926528,20606615552,61394685952,61394690560,3227217408,0,160830767104,121118294016,0
1791592977.8852727,0.050231894478201866,61604667392,0,65485668352,19532873728,61394685952,61394690560,4300959232,0,160830595072,121118289920,0
1791592978.0856402,0.05051233246922493,61604667392,0,65485668352,19532873728,61394685952,61394690560,4300959232,0,160830689280,121118289920,0
1791592978.2846284,0.049415601417422295,61604667392,0,65485668352,19532873728,61394685952,61394690560,4300959232,0,160830590976,121118289920,0
1791592978.482661,0.04736749269068241,61604667392,0,65485668352,19532873728,61394685952,61394690560,4300959232,0,160830484480,121118289920,0
1791592978.6854637,0.050090935081243515,61604667392,0,65485668352,19532873728,61394685952,61394690560,4300959232,0,160830918656,121118289920,0
1791592978.8857112,0.05025382526218891,61604667392,0,65485668352,19532873728,61394685952,61394690560,4300959232,0,160830738432,121118289920,0
1791592979.0858767,0.05033029802143574,61604667392,0,64411926528,20606615552,61394685952,61394690560,3227217408,0,160830820352,121118289920,0
1791592979.284637,0.04900310933589935,61604667392,0,65485668352,19532873728,61394685952,61394690560,4300959232,0,160830660608,121118289920,0
1791592979.4847856,0.04906630329787731,61604667392,0,65485668352,19532873728,61394685952,61394690560,4300959232,0,160830734336,121118289920,0
1791592979.6849165,0.04911637678742409,61604667392,0,65485668352,19532873728,61394685952,61394690560,4300959232,0,160830349312,121118289920,0
1791592979.885147,0.049263669177889824,61604667392,0,65485668352,19532873728,61394685952,61394690560,4300959232,0,160830693376,121118289920,0
1791592980.0903442,0.054368745535612106,61604667392,0,65485668352,19532873728,61394685952,61394690560,4300959232,0,160830767104,121118285824,0
1791592980.2917612,0.05568849295377731,61604667392,0,65485668352,19532873728,61394685952,61394690560,4300959232,0,160830615552,121118285824,0
1791592980.4939466,0.05779171176254749,61604667392,0,65485668352,19532873728,61394685952,61394690560,4300959232,0,160830431232,121118285824,0
1791592980.691646,0.05539056286215782,61604667392,0,65485668352,19532873728,61394685952,61394690560,4300959232,0,160829919232,121118285824,0
1791592980.8928246,0.056486951187253,61604667392,0,65485668352,19532873728,61394685952,61394690560,4300959232,0,160830226432,121118285824,0
1791592981.0881944,0.0517739113420248,61604667392,0,65485668352,19532873728,61394685952,61394690560,4300959232,0,160830664704,121118285824,0
1791592981.2904766,0.053948014974594116,61604667392,0,65485668352,19532873728,61394685952,61394690560,4300959232,0,160830701568,121118285824,0
1791592981.4939332,0.057319529354572296,61604667392,0,65485668352,19532873728,61394685952,61394690560,4300959232,0,160830296064,121118285824,0
1791592981.6867113,0.049993421882390976,61604667392,0,65485668352,19532873728,61394685952,61394690560,4300959232,0,160830394368,121118285824,0
1791592981.8942597,0.057457951828837395,61604667392,0,65485668352,19532873728,61394685952,61394690560,4300959232,0,160830345216,121118285824,0
1791592982.0924737,0.05558677949011326,61604667392,0,64411926528,20606615552,61394685952,61394690560,3227217408,0,160830291968,121118285824,0
1791592982.2896554,0.052684200927615166,61604667392,0,65485668352,19532873728,61394685952,61394690560,4300959232,0,160830349312,121118285824,0
1791592982.4947965,0.0577444713562727,61604667392,0,65485668352,19532873728,61394685952,61394690560,4300959232,0,160830136320,121118285824,0
1791592982.6901538,0.053022123873233795,61604667392,0,65485668352,19532873728,61394685952,61394690560,4300959232,0,160830476288,121118285824,0
1791592982.8873754,0.05015987902879715,61604667392,0,65485668352,19532873728,61394685952,61394690560,4300959232,0,160830541824,121118285824,0
1791592983.0872796,0.04998180456459522,61604667392,0,65485668352,19532873728,61394685952,61394690560,4300959232,0,160830631936,121118281728,0
1791592983.2867377,0.049360115081071854,61604667392,0,65485668352,19532873728,61394685952,61394690560,4300959232,0,160830382080,121118281728,0
1791592983.489725,0.05224628187716007,61604667392,0,65485668352,19532873728,61394685952,61394690560,4300959232,0,160830418944,121118281728,0
1791592983.6861465,0.0485858041793108,61604667392,0,65485668352,19532873728,61394685952,61394690560,4300959232,0,160830423040,121118281728,0
1791592983.886757,0.04911283403635025,61604667392,0,65485668352,19532873728,61394685952,61394690560,4300959232,0,160830500864,121118281728,0
1791592984.0872595,0.04952920414507389,61604667392,0,65485668352,19532873728,61394685952,61394690560,4300959232,0,160830275584,121118281728,0
1791592984.286556,0.0487446803599596,61604667392,0,65485668352,19532873728,61394685952,61394690560,4300959232,0,160830169088,121118281728,0
1791592984.4866765,0.04878394864499569,61604667392,0,65485668352,19532873728,61394685952,61394690560,4300959232,0,160830525440,121118281728,0
1791592984.6869245,0.04895116202533245,61604667392,0,65485668352,19532873728,61394685952,61394690560,4300959232,0,160830615552,121118281728,0
1791592984.8878546,0.04979412071406841,61604667392,0,65485668352,19532873728,61394685952,61394690560,4300959232,0,160830431232,121118281728,0
1791592985.0877638,0.049619294703006744,61604667392,0,64411926528,20606615552,61394685952,61394690560,3227217408,0,160830496768,121118281728,0
1791592985.2879732,0.04974276013672352,61604667392,0,65485668352,19532873728,61394685952,61394690560,4300959232,0,160830484480,121118281728,0
1791592985.4876897,0.0493759922683239,61604667392,0,65485668352,19532873728,61394685952,61394690560,4300959232,0,160830046208,121118281728,0
1791592985.689948,0.05154991336166859,61604667392,0,65485668352,19532873728,61394685952,61394690560,4300959232,0,160830115840,121118281728,0
1791592985.8997154,0.06121319532394409,61604667392,0,65485668352,19532873728,61394685952,61394690560,4300959232,0,160830459904,121118281728,0
1791592986.0961578,0.05756916478276253,61604667392,0,65485668352,19532873728,61394685952,61394690560,4300959232,0,160830939136,121118277632,0
1791592986.2934017,0.05473007448017597,61604667392,0,65485668352,19532873728,61394685952,61394690560,4300959232,0,160831033344,121118277632,0
1791592986.4956708,0.056914668530225754,61604667392,0,65217232896,19801309184,61394685952,61394690560,4032523776,0,160830402560,121118277632,0
1791592986.6912181,0.05238145403563976,61604667392,0,65485668352,19532873728,61394685952,61394690560,4300959232,0,160830681088,121118277632,0
1791592986.8883855,0.04946729727089405,61604667392,0,65485668352,19532873728,61394685952,61394690560,4300959232,0,160830730240,121118277632,0
1791592987.0920453,0.05304527468979359,61604667392,0,65485668352,19532873728,61394685952,61394690560,4300959232,0,160830824448,121118277632,0
1791592987.2980206,0.05893618427217007,61604667392,0,65485668352,19532873728,61394685952,61394690560,4300959232,0,160830910464,121118277632,0
1791592987.4915268,0.05235668830573559,61604667392,0,65485668352,19532873728,61394685952,61394690560,4300959232,0,160830775296,121118277632,0
1791592987.6948361,0.05557848513126373,61604667392,0,65485668352,19532873728,61394685952,61394690560,4300959232,0,160830746624,121118277632,0
1791592987.8942225,0.05488130822777748,61604667392,0,65485668352,19532873728,61394685952,61394690560,4300959232,0,160830779392,121118277632,0
1791592988.0921009,0.05267730727791786,61604667392,0,64411926528,20606615552,61394685952,61394690560,3227217408,0,160830603264,121118273536,0
1791592988.2933605,0.053851472213864326,61604667392,0,65485668352,19532873728,61394685952,61394690560,4300959232,0,160830926848,121118273536,0
1791592988.4940243,0.05443548038601875,61604667392,0,65485668352,19532873728,61394685952,61394690560,4300959232,0,160830754816,121118273536,0
1791592988.6790566,0.039401596412062645,61604667392,0,65485668352,19532873728,61394685952,61394690560,4300959232,0,160830877696,121118273536,0
1791592988.8750389,0.03530638478696346,61604667392,0,65485668352,19532873728,61394685952,61394690560,4300959232,0,160830267392,121118273536,0
1791592989.0745108,0.034709690138697624,61604667392,0,65485668352,19532873728,61394685952,61394690560,4300959232,0,160830263296,121118273536,0
1791592989.2746506,0.03478406369686127,61604667392,0,65485668352,19532873728,61394685952,61394690560,4300959232,0,160830590976,121118273536,0
1791592989.474476,0.03454677015542984,61604667392,0,63606620160,21411921920,61394685952,61394690560,2421911040,0,160830418944,121118273536,0
1791592989.6887395,0.0487351194024086,61604667392,0,65485668352,19532873728,61394685952,61394690560,4300959232,0,160830509056,121118273536,0
1791592989.8969774,0.056887198239564896,61604667392,0,65485668352,19532873728,61394685952,61394690560,4300959232,0,160830451712,121118273536,0
1791592990.0971162,0.05694251134991646,61604667392,0,65485668352,19532873728,61394685952,61394690560,4300959232,0,160830222336,121118273536,0
1791592990.2950826,0.05482694320380688,61604667392,0,65485668352,19532873728,61394685952,61394690560,4300959232,0,160830447616,121118273536,0
1791592990.4981625,0.057826049625873566,61604667392,0,65485668352,19532873728,61394685952,61394690560,4300959232,0,160830472192,121118273536,0
1791592990.6936705,0.053253279998898506,61604667392,0,65485668352,19532873728,61394685952,61394690560,4300959232,0,160830472192,121118273536,0
1791592990.893465,0.05295070633292198,61604667392,0,65485668352,19532873728,61394685952,61394690560,4300959232,0,160830447616,121118273536,0
1791592991.0944147,0.053814006969332695,61604667392,0,65485668352,19532873728,61394685952,61394690560,4300959232,0,160830668800,121118273536,0
1791592991.2911062,0.05041792057454586,61604667392,0,65485668352,19532873728,61394685952,61394690560,4300959232,0,160830668800,121118269440,0
1791592991.493404,0.052629172801971436,61604671488,0,65485668352,19532873728,61394685952,61394690560,4300963328,0,160830185472,121118269440,0
1791592991.6990101,0.05814371258020401,61604671488,0,65485668352,19532873728,61394685952,61394690560,4300963328,0,160830291968,121118269440,0
1791592991.8979273,0.05697806365787983,61604671488,0,65485668352,19532873728,61394685952,61394690560,4300963328,0,160830287872,121118269440,0
1791592992.0959218,0.05488986521959305,61604675584,0,65485668352,19532873728,61394685952,61394690560,4300967424,0,160830296064,121118269440,0
1791592992.2963371,0.05520355515182018,61604675584,0,65485668352,19532873728,61394685952,61394690560,4300967424,0,160830308352,121118269440,0
1791592992.4890666,0.047850947827100754,61604683776,0,64411926528,20606615552,61394685952,61394690560,3227233792,0,160830648320,121118269440,0
1791592992.6978984,0.05659548379480839,61604683776,0,65485668352,19532873728,61394685952,61394690560,4300975616,0,160830607360,121118269440,0
1791592992.899591,0.05820491723716259,61604683776,0,65485668352,19532873728,61394685952,61394690560,4300975616,0,160830476288,121118269440,0
1791592993.095262,0.05378120765089989,61604683776,0,65485668352,19532873728,61394685952,61394690560,4300975616,0,160830595072,121118269440,0
1791592993.2939858,0.05240037105977535,61604683776,0,65485668352,19532873728,61394685952,61394690560,4300975616,0,160830582784,121118269440,0
1791592993.494172,0.05249805934727192,61604683776,0,65485668352,19532873728,61394685952,61394690560,4300975616,0,160830611456,121118269440,0
1791592993.6991224,0.05736047960817814,61604683776,0,65485668352,19532873728,61394685952,61394690560,4300975616,0,160830861312,121118269440,0
1791592993.8983696,0.05652147904038429,61604683776,0,65485668352,19532873728,61394685952,61394690560,4300975616,0,160830726144,121118269440,0
1791592994.0958748,0.05393515154719353,61604683776,0,65485668352,19532873728,61394685952,61394690560,4300975616,0,160830480384,121118269440,0
1791592994.296727,0.05470176599919796,61604683776,0,65485668352,19532873728,61394685952,61394690560,4300975616,0,160830324736,121118265344,0
1791592994.4984295,0.056317320093512535,61604683776,0,65485668352,19532873728,61394685952,61394690560,4300975616,0,160830414848,121118265344,0
1791592994.7036664,0.06146594323217869,61604683776,0,65485668352,19532873728,61394685952,61394690560,4300975616,0,160830361600,121118265344,0
1791592994.8972027,0.054879967123270035,61604683776,0,65485668352,19532873728,61394685952,61394690560,4300975616,0,160830291968,121118265344,0
1791592995.1012475,0.05881371349096298,61604683776,0,65485668352,19532873728,61394685952,61394690560,4300975616,0,160830509056,121118265344,0
1791592995.2965684,0.05405424349009991,61604683776,0,65485668352,19532873728,61394685952,61394690560,4300975616,0,160830578688,121118265344,0
1791592995.495557,0.05293324775993824,61604683776,0,64411926528,20606615552,61394685952,61394690560,3227233792,0,160830472192,121118265344,0
1791592995.699425,0.056719059124588966,61604683776,0,65485668352,19532873728,61394685952,61394690560,4300975616,0,160830558208,121118265344,0
1791592995.9007964,0.0580070074647665,61604683776,0,65485668352,19532873728,61394685952,61394690560,4300975616,0,160830574592,121118265344,0
1791592996.099585,0.056710995733737946,61604683776,0,65485668352,19532873728,61394685952,61394690560,4300975616,0,160830836736,121118265344,0
1791592996.2989254,0.055964963510632515,61604683776,0,65485668352,19532873728,61394685952,61394690560,4300975616,0,160830664704,121118261248,0
1791592996.4986007,0.05555884353816509,61604683776,0,65485668352,19532873728,61394685952,61394690560,4300975616,0,160830459904,121118261248,0
1791592996.6976545,0.05452755466103554,61604683776,0,65485668352,19532873728,61394685952,61394690560,4300975616,0,160830812160,121118261248,0
1791592996.9003441,0.05713375844061375,61604683776,0,65217232896,19801309184,61394685952,61394690560,4032540160,0,160830906368,121118261248,0
1791592997.0981963,0.054889727383852005,61604683776,0,65485668352,19532873728,61394685952,61394690560,4300975616,0,160829865984,121118261248,0
1791592997.3577106,0.11429482325911522,61604683776,0,65485668352,19532873728,61394685952,61394690560,4300975616,0,160829919232,121118261248,0
1791592997.5009623,0.0574652124196291,61604683776,0,65485668352,19532873728,61394685952,61394690560,4300975616,0,160829972480,121118261248,0
1791592997.7059608,0.062389953061938286,61604683776,0,65485668352,19532873728,61394685952,61394690560,4300975616,0,160830173184,121118261248,0
1791592997.8972967,0.05364030413329601,61604683776,0,65485668352,19532873728,61394685952,61394690560,4300975616,0,160830271488,121118261248,0
1791592998.0952675,0.051529694348573685,61604683776,0,65485668352,19532873728,61394685952,61394690560,4300975616,0,160830287872,121118261248,0
1791592998.29528,0.05145989917218685,61604683776,0,65485668352,19532873728,61394685952,61394690560,4300975616,0,160830373888,121118261248,0
1791592998.4956162,0.051712641492486,61604683776,0,64411926528,20606615552,61394685952,61394690560,3227233792,0,160830451712,121118261248,0
1791592998.695393,0.051408661529421806,61604683776,0,65485668352,19532873728,61394685952,61394690560,4300975616,0,160829988864,121118261248,0
1791592998.8943014,0.05020892061293125,61604683776,0,65485668352,19532873728,61394685952,61394690560,4300975616,0,160830062592,121118261248,0
1791592999.096898,0.052678659558296204,61604683776,0,65485668352,19532873728,61394685952,61394690560,4300975616,0,160829923328,121118261248,0
1791592999.2961152,0.051812224090099335,61604683776,0,65485668352,19532873728,61394685952,61394690560,4300975616,0,160830017536,121118257152,0
1791592999.517328,0.07293801195919514,61604683776,0,65485668352,19532873728,61394685952,61394690560,4300975616,0,160829743104,121118257152,0
1791592999.7136772,0.06920291483402252,61604683776,0,65485668352,19532873728,61394685952,61394690560,4300975616,0,160829833216,121118257152,0
1791592999.8971045,0.05254288949072361,61604683776,0,64411926528,20606615552,61394685952,61394690560,3227233792,0,160829919232,121118257152,0
1791593000.0970855,0.052443159744143486,61604683776,0,65485668352,19532873728,61394685952,61394690560,4300975616,0,160830009344,121118257152,0
1791593000.299436,0.05470999702811241,61604683776,0,65485668352,19532873728,61394685952,61394690560,4300975616,0,160830087168,121118257152,0
1791593000.5041926,0.059373246505856514,61604683776,0,65485668352,19532873728,61394685952,61394690560,4300975616,0,160830271488,121118257152,0
1791593000.7013516,0.05645129084587097,61604683776,0,65485668352,19532873728,61394685952,61394690560,4300975616,0,160830255104,121118257152,0
1791593000.895498,0.05051487125456333,61604683776,0,65485668352,19532873728,61394685952,61394690560,4300975616,0,160830115840,121118257152,0
1791593001.0944412,0.04937443882226944,61604683776,0,65485668352,19532873728,61394685952,61394690560,4300975616,0,160830447616,121118253056,0
1791593001.2986772,0.053529975935816765,61604683776,0,65485668352,19532873728,61394685952,61394690560,4300975616,0,160830722048,121118248960,0
1791593001.5029557,0.05772642232477665,61604683776,0,65485668352,19532873728,61394685952,61394690560,4300975616,0,160831045632,121118248960,0
1791593001.6996896,0.05437742359936237,61604683776,0,65485668352,19532873728,61394685952,61394690560,4300975616,0,160831066112,121118248960,0
1791593001.9013646,0.055970750749111176,61604683776,0,65485668352,19532873728,61394685952,61394690560,4300975616,0,160830582784,121118248960,0
1791593002.0998924,0.0544115025550127,61604683776,0,65485668352,19532873728,61394685952,61394690560,4300975616,0,160830685184,121118248960,0
1791593002.29904,0.05347477272152901,61604683776,0,65485668352,19532873728,61394685952,61394690560,4300975616,0,160830619648,121118248960,0
1791593002.5040772,0.05842570774257183,61604683776,0,65485668352,19532873728,61394685952,61394690560,4300975616,0,160830578688,121118183424,0
1791593002.6998928,0.05415029637515545,61604683776,0,65485668352,19532873728,61394685952,61394690560,4300975616,0,160830582784,121118183424,0
1791593002.9045365,0.05871119350194931,61604683776,0,64411926528,20606615552,61394685952,61394690560,3227233792,0,160830672896,121118183424,0
1791593003.0988767,0.05295758880674839,61604683776,0,65485668352,19532873728,61394685952,61394690560,4300975616,0,160830337024,121118183424,0
1791593003.304141,0.058137763291597366,61604683776,0,65485668352,19532873728,61394685952,61394690560,4300975616,0,160830427136,121118183424,0
1791593003.500409,0.05431905388832092,61604683776,0,65485668352,19532873728,61394685952,61394690560,4300975616,0,160830259200,121118183424,0
1791593003.702349,0.05617703124880791,61604683776,0,65485668352,19532873728,61394685952,61394690560,4300975616,0,160830267392,121118183424,0
1791593003.902882,0.05662437900900841,61604683776,0,65485668352,19532873728,61394685952,61394690560,4300975616,0,160830234624,121118183424,0
1791593004.1031098,0.056771161034703255,61604683776,0,65485668352,19532873728,61394685952,61394690560,4300975616,0,160830332928,121118183424,0
1791593004.3036177,0.057200001552700996,61604683776,0,65217232896,19801309184,61394685952,61394690560,4032540160,0,160830423040,121118183424,0
1791593004.4992228,0.05272316373884678,61604683776,0,65485668352,19532873728,61394685952,61394690560,4300975616,0,160830775296,121118179328,0
1791593004.6963823,0.04980276897549629,61604683776,0,65485668352,19532873728,61394685952,61394690560,4300975616,0,160830787584,121118179328,0
1791593004.9083054,0.061642857268452644,61604683776,0,65485668352,19532873728,61394685952,61394690560,4300975616,0,160830881792,121118179328,0
1791593005.1050563,0.05831480398774147,61604683776,0,65485668352,19532873728,61394685952,61394690560,4300975616,0,160830881792,121118179328,0
1791593005.3040643,0.057242052629590034,61604683776,0,65485668352,19532873728,61394685952,61394690560,4300975616,0,160830955520,121118179328,0
1791593005.5003743,0.05347261764109135,61604683776,0,65485668352,19532873728,61394685952,61394690560,4300975616,0,160830787584,121118179328,0
1791593005.6980228,0.051041264086961746,61604683776,0,65485668352,19532873728,61394685952,61394690560,4300975616,0,160830861312,121118179328,0
1791593005.8982162,0.0511524323374033,61604683776,0,64411926528,20606615552,61394685952,61394690560,3227233792,0,160830943232,121118179328,0
1791593006.0979614,0.05081034451723099,61604683776,0,65485668352,19532873728,61394685952,61394690560,4300975616,0,160830951424,121118179328,0
1791593006.2969651,0.04973329231142998,61604683776,0,65485668352,19532873728,61394685952,61394690560,4300975616,0,160830767104,121118179328,0
1791593006.4986637,0.05135405622422695,61604683776,0,65485668352,19532873728,61394685952,61394690560,4300975616,0,160830840832,121118179328,0
1791593006.6983316,0.05094178393483162,61604683776,0,65485668352,19532873728,61394685952,61394690560,4300975616,0,160830935040,121118179328,0
1791593006.9039044,0.05643406696617603,61604683776,0,65485668352,19532873728,61394685952,61394690560,4300975616,0,160831025152,121118179328,0
1791593007.1003153,0.0527633111923933,61604683776,0,65485668352,19532873728,61394685952,61394690560,4300975616,0,160831029248,121118179328,0
1791593007.3030474,0.055415475741028786,61604683776,0,64411926528,20606615552,61394685952,61394690560,3227233792,0,160831102976,121118179328,0
1791593007.5020616,0.054340362548828125,61604683776,0,65485668352,19532873728,61394685952,61394690560,4300975616,0,160830967808,121118175232,0
1791593007.7015033,0.053701432421803474,61604683776,0,65485668352,19532873728,61394685952,61394690560,4300975616,0,160831324160,121118175232,0
1791593007.9015183,0.05363510735332966,61604683776,0,65485668352,19532873728,61394685952,61394690560,4300975616,0,160831152128,121118175232,0
1791593008.0990663,0.051102763041853905,61604683776,0,65485668352,19532873728,61394685952,61394690560,4300975616,0,160831229952,121118175232,0
1791593008.2996879,0.05164389684796333,61604683776,0,65485668352,19532873728,61394685952,61394690560,4300975616,0,160830951424,121118175232,0
1791593008.500275,0.05215130187571049,61604683776,0,65485668352,19532873728,61394685952,61394690560,4300975616,0,160830967808,121118175232,0
1791593008.7037015,0.05548966862261295,61604683776,0,65485668352,19532873728,61394685952,61394690560,4300975616,0,160830853120,121118175232,0
1791593008.903818,0.05552258528769016,61604683776,0,65485668352,19532873728,61394685952,61394690560,4300975616,0,160830910464,121118175232,0
1791593009.1057212,0.057343143969774246,61604683776,0,65485668352,19532873728,61394685952,61394690560,4300975616,0,160830672896,121118175232,0
1791593009.3036814,0.05521838366985321,61604683776,0,65485668352,19532873728,61394685952,61394690560,4300975616,0,160830910464,121118175232,0
1791593009.5056858,0.05713416263461113,61604683776,0,65485668352,19532873728,61394685952,61394690560,4300975616,0,160830734336,121118171136,0
1791593009.7032428,0.05461154878139496,61604683776,0,65485668352,19532873728,61394685952,61394690560,4300975616,0,160830496768,121118171136,0
1791593009.8997722,0.051057133823633194,61604683776,0,65485668352,19532873728,61394685952,61394690560,4300975616,0,160830566400,121118171136,0
1791593010.1001098,0.0513131245970726,61604683776,0,65485668352,19532873728,61394685952,61394690560,4300975616,0,160830914560,121118171136,0
1791593010.305978,0.057085683569312096,61604683776,0,64411926528,20606615552,61394685952,61394690560,3227233792,0,160830865408,121118171136,0
1791593010.5009358,0.05195752531290054,61604683776,0,65485668352,19532873728,61394685952,61394690560,4300975616,0,160830963712,121118171136,0
1791593010.7001715,0.051102861762046814,61604683776,0,65485668352,19532873728,61394685952,61394690560,4300975616,0,160830742528,121118171136,0
1791593010.906933,0.057784304022789,61604683776,0,65485668352,19532873728,61394685952,61394690560,4300975616,0,160830828544,121118171136,0
1791593011.10454,0.05530545674264431,61604683776,0,65485668352,19532873728,61394685952,61394690560,4300975616,0,160831008768,121118171136,0
1791593011.3055859,0.056271281093358994,61604683776,0,65485668352,19532873728,61394685952,61394690560,4300975616,0,160830988288,121118171136,0
1791593011.503413,0.05400986410677433,61604683776,0,65485668352,19532873728,61394685952,61394690560,4300975616,0,160830857216,121118171136,0
1791593011.7035575,0.05407187342643738,61604683776,0,65485668352,19532873728,61394685952,61394690560,4300975616,0,160831369216,121118171136,0
1791593011.9012423,0.05167579650878906,61604683776,0,65485668352,19532873728,61394685952,61394690560,4300975616,0,160831029248,121118171136,0
1791593012.1008842,0.05123600363731384,61604683776,0,65485668352,19532873728,61394685952,61394690560,4300975616,0,160831008768,121118171136,0
1791593012.3008716,0.05114069581031799,61604683776,0,65485668352,19532873728,61394685952,61394690560,4300975616,0,160830824448,121118171136,0
1791593012.5063324,0.05651722475886345,61604683776,0,65485668352,19532873728,61394685952,61394690560,4300975616,0,160830906368,121118171136,0
1791593012.7022696,0.052372926846146584,61604683776,0,65485668352,19532873728,61394685952,61394690560,4300975616,0,160831520768,121118167040,0
1791593012.9016201,0.05164102837443352,61604683776,0,65485668352,19532873728,61394685952,61394690560,4300975616,0,160830910464,121118167040,0
1791593013.0997055,0.04964284785091877,61604683776,0,65485668352,19532873728,61394685952,61394690560,4300975616,0,160831000576,121118167040,0
1791593013.2981644,0.04801899567246437,61604683776,0,64411926528,20606615552,61394685952,61394690560,3227233792,0,160831094784,121118167040,0
1791593013.5082936,0.05806654505431652,61604683776,0,65485668352,19532873728,61394685952,61394690560,4300975616,0,160831451136,121118167040,0
1791593013.7062085,0.05589976906776428,61604683776,0,65485668352,19532873728,61394685952,61394690560,4300975616,0,160831418368,121118167040,0
1791593013.9059594,0.05556677095592022,61604683776,0,65485668352,19532873728,61394685952,61394690560,4300975616,0,160831496192,121118167040,0
1791593014.106272,0.05579807423055172,61604683776,0,65485668352,19532873728,61394685952,61394690560,4300975616,0,160831172608,121118167040,0
1791593014.305701,0.055143678560853004,61604683776,0,65485668352,19532873728,61394685952,61394690560,4300975616,0,160831131648,121118167040,0
1791593014.5065682,0.05593065544962883,61604683776,0,65485668352,19532873728,61394685952,61394690560,4300975616,0,160830996480,121118167040,0
1791593014.7085395,0.0578191764652729,61604683776,0,65485668352,19532873728,61394685952,61394690560,4300975616,0,160830865408,121118162944,0
1791593014.9043524,0.05354905128479004,61604683776,0,65485668352,19532873728,61394685952,61394690560,4300975616,0,160830889984,121118162944,0
1791593015.1032584,0.05237490125000477,61604683776,0,65485668352,19532873728,61394685952,61394690560,4300975616,0,160830976000,121118162944,0
1791593015.3030262,0.05205906368792057,61604683776,0,65485668352,19532873728,61394685952,61394690560,4300975616,0,160830980096,121118162944,0
1791593015.5036244,0.0525728203356266,61604683776,0,65485668352,19532873728,61394685952,61394690560,4300975616,0,160831102976,121118162944,0
1791593015.7061455,0.05501088127493858,61604683776,0,65485668352,19532873728,61394685952,61394690560,4300975616,0,160831053824,121118162944,0
1791593015.9045722,0.053352998569607735,61604683776,0,65485668352,19532873728,61394685952,61394690560,4300975616,0,160831053824,121118162944,0
1791593016.106675,0.05536976270377636,61604683776,0,65485668352,19532873728,61394685952,61394690560,4300975616,0,160831414272,121118162944,0
1791593016.3035655,0.05217766389250755,61604683776,0,64411926528,20606615552,61394685952,61394690560,3227233792,0,160831115264,121118162944,0
1791593016.5029082,0.05143820121884346,61604683776,0,65485668352,19532873728,61394685952,61394690560,4300975616,0,160831246336,121118162944,0
1791593016.7071912,0.055640097707509995,61604683776,0,65485668352,19532873728,61394685952,61394690560,4300975616,0,160831447040,121118162944,0
1791593016.9049754,0.05332960560917854,61604687872,0,65485668352,19532873728,61394685952,61394690560,4300979712,0,160831537152,121118162944,0
1791593017.1047435,0.05299527198076248,61604687872,0,65485668352,19532873728,61394685952,61394690560,4300979712,0,160831631360,121118162944,0
1791593017.3038979,0.0520666167140007,61604687872,0,65485668352,19532873728,61394685952,61394690560,4300979712,0,160831643648,121118162944,0
1791593017.5067806,0.054867422208189964,61604691968,0,65485668352,19532873728,61394685952,61394690560,4300983808,0,160831660032,121118162944,0
1791593017.7012925,0.049295831471681595,61604691968,0,65217232896,19801309184,61394685952,61394690560,4032548352,0,160831709184,121118158848,0
1791593017.904143,0.05206511169672012,61604700160,0,65485668352,19532873728,61394685952,61394690560,4300992000,0,160831778816,121118158848,0
1791593018.1084344,0.056273944675922394,61604700160,0,65485668352,19532873728,61394685952,61394690560,4300992000,0,160831438848,121118158848,0
1791593018.3061543,0.05388175696134567,61604700160,0,65485668352,19532873728,61394685952,61394690560,4300992000,0,160831471616,121118158848,0
1791593018.5035834,0.05122642032802105,61604700160,0,65485668352,19532873728,61394685952,61394690560,4300992000,0,160831565824,121118158848,0
1791593018.7040775,0.05163758806884289,61604700160,0,65485668352,19532873728,61394685952,61394690560,4300992000,0,160831561728,121118158848,0
1791593018.905173,0.05260768346488476,61604700160,0,65485668352,19532873728,61394685952,61394690560,4300992000,0,160831655936,121118158848,0
1791593019.104885,0.052236875519156456,61604700160,0,65485668352,19532873728,61394685952,61394690560,4300992000,0,160832278528,121118158848,0
1791593019.3025088,0.049751436337828636,61604700160,0,65485668352,19532873728,61394685952,61394690560,4300992000,0,160831811584,121118158848,0
1791593019.50278,0.04993046633899212,61604700160,0,65485668352,19532873728,61394685952,61394690560,4300992000,0,160831901696,121118158848,0
1791593019.7014687,0.048537131398916245,61604700160,0,65485668352,19532873728,61394685952,61394690560,4300992000,0,160831475712,121118158848,0
1791593019.910284,0.05726906843483448,61604700160,0,65485668352,19532873728,61394685952,61394690560,4300992000,0,160831664128,121118158848,0
1791593020.109953,0.05685161426663399,61604700160,0,65485668352,19532873728,61394685952,61394690560,4300992000,0,160832233472,121118158848,0
1791593020.3093677,0.05614243261516094,61604700160,0,65485668352,19532873728,61394685952,61394690560,4300992000,0,160831909888,121118158848,0
1791593020.509011,0.05570368468761444,61604700160,0,65485668352,19532873728,61394685952,61394690560,4300992000,0,160832000000,121118158848,0
1791593020.7116275,0.0582341980189085,61604700160,0,64411926528,20606615552,61394685952,61394690560,3227250176,0,160832012288,121118158848,0
1791593020.906265,0.05278979055583477,61604700160,0,65485668352,19532873728,61394685952,61394690560,4300992000,0,160831533056,121118154752,0
1791593021.1057506,0.05219349078834057,61604700160,0,65485668352,19532873728,61394685952,61394690560,4300992000,0,160831975424,121118154752,0
1791593021.3058531,0.05220973119139671,61604700160,0,65485668352,19532873728,61394685952,61394690560,4300992000,0,160832008192,121118154752,0
1791593021.5065503,0.052793532609939575,61604700160,0,65485668352,19532873728,61394685952,61394690560,4300992000,0,160831524864,121118154752,0
1791593021.7042825,0.05044128559529781,61604700160,0,65485668352,19532873728,61394685952,61394690560,4300992000,0,160831586304,121118154752,0
1791593021.9037035,0.04977875389158726,61604700160,0,65485668352,19532873728,61394685952,61394690560,4300992000,0,160831680512,121118154752,0
1791593022.106054,0.0520467609167099,61604700160,0,65485668352,19532873728,61394685952,61394690560,4300992000,0,160831737856,121118154752,0
1791593022.3122585,0.05817061476409435,61604700160,0,65485668352,19532873728,61394685952,61394690560,4300992000,0,160832290816,121118154752,0
1791593022.5099032,0.05573236010968685,61604700160,0,65485668352,19532873728,61394685952,61394690560,4300992000,0,160832290816,121118154752,0
1791593022.711269,0.057017963379621506,61604700160,0,65485668352,19532873728,61394685952,61394690560,4300992000,0,160832126976,121118154752,0
1791593022.9072802,0.052946604788303375,61604700160,0,65485668352,19532873728,61394685952,61394690560,4300992000,0,160831590400,121118150656,0
1791593023.1066923,0.05227353610098362,61604700160,0,65485668352,19532873728,61394685952,61394690560,4300992000,0,160831660032,121118150656,0
1791593023.3097832,0.055284809321165085,61604700160,0,65485668352,19532873728,61394685952,61394690560,4300992000,0,160831664128,121118150656,0
1791593023.5077424,0.05316106788814068,61604700160,0,65485668352,19532873728,61394685952,61394690560,4300992000,0,160831459328,121118150656,0
1791593023.6989827,0.04432040825486183,61604700160,0,64411926528,20606615552,61394685952,61394690560,3227250176,0,160831430656,121118150656,0
1791593023.9064755,0.05173223651945591,61604700160,0,65485668352,19532873728,61394685952,61394690560,4300992000,0,160831512576,121118150656,0
1791593024.1052723,0.0504491925239563,61604700160,0,65485668352,19532873728,61394685952,61394690560,4300992000,0,160831606784,121118150656,0
1791593024.30595,0.05104665458202362,61604700160,0,65485668352,19532873728,61394685952,61394690560,4300992000,0,160831528960,121118150656,0
1791593024.5060742,0.05108790099620819,61604700160,0,65485668352,19532873728,61394685952,61394690560,4300992000,0,160831496192,121118150656,0
1791593024.7124405,0.05737227015197277,61604700160,0,65485668352,19532873728,61394685952,61394690560,4300992000,0,160831090688,121118150656,0
1791593024.911174,0.05603870563209057,61604700160,0,65485668352,19532873728,61394685952,61394690560,4300992000,0,160831115264,121118150656,0
1791593025.1113605,0.056126879528164864,61604700160,0,65485668352,19532873728,61394685952,61394690560,4300992000,0,160830963712,121118150656,0
1791593025.3090105,0.05369029939174652,61604700160,0,65485668352,19532873728,61394685952,61394690560,4300992000,0,160830857216,121118150656,0
1791593025.511004,0.05559718795120716,61604700160,0,65485668352,19532873728,61394685952,61394690560,4300992000,0,160830730240,121118150656,0
1791593025.7087412,0.0532495453953743,61604700160,0,65485668352,19532873728,61394685952,61394690560,4300992000,0,160830529536,121118150656,0
1791593025.905417,0.04983828030526638,61604700160,0,65485668352,19532873728,61394685952,61394690560,4300992000,0,160830599168,121118146560,0
1791593026.1128957,0.05723344907164574,61604700160,0,65485668352,19532873728,61394685952,61394690560,4300992000,0,160831311872,121118142464,0
1791593026.3099704,0.05422799848020077,61604700160,0,65485668352,19532873728,61394685952,61394690560,4300992000,0,160831344640,121118142464,0
1791593026.507197,0.05137239210307598,61604700160,0,65485668352,19532873728,61394685952,61394690560,4300992000,0,160831197184,121118142464,0
1791593026.7109098,0.05500427260994911,61604700160,0,64411926528,20606615552,61394685952,61394690560,3227250176,0,160831209472,121118142464,0
1791593026.91038,0.05435562506318092,61604700160,0,65485668352,19532873728,61394685952,61394690560,4300992000,0,160831455232,121118142464,0
1791593027.1091118,0.05298779159784317,61604700160,0,65485668352,19532873728,61394685952,61394690560,4300992000,0,160830545920,121118142464,0
1791593027.3060966,0.04989165812730789,61604700160,0,65485668352,19532873728,61394685952,61394690560,4300992000,0,160830902272,121118142464,0
1791593027.5093675,0.05308118462562561,61604700160,0,65485668352,19532873728,61394685952,61394690560,4300992000,0,160830664704,121118142464,0
1791593027.7140324,0.057665204629302025,61604700160,0,65485668352,19532873728,61394685952,61394690560,4300992000,0,160831008768,121118142464,0
1791593027.9117508,0.05530421994626522,61604700160,0,65485668352,19532873728,61394685952,61394690560,4300992000,0,160830701568,121118142464,0
1791593028.11025,0.05372054688632488,61604700160,0,65217232896,19801309184,61394685952,61394690560,4032556544,0,160830660608,121118142464,0
1791593028.312214,0.05560387298464775,61604700160,0,65485668352,19532873728,61394685952,61394690560,4300992000,0,160830746624,121118142464,0
1791593028.5084186,0.051727425307035446,61604700160,0,65485668352,19532873728,61394685952,61394690560,4300992000,0,160830844928,121118142464,0
1791593028.713246,0.05647577904164791,61604700160,0,65485668352,19532873728,61394685952,61394690560,4300992000,0,160831184896,121118142464,0
1791593028.9100149,0.05316311866044998,61604700160,0,65485668352,19532873728,61394685952,61394690560,4300992000,0,160831422464,121118138368,0
1791593029.1135983,0.05666034109890461,61604700160,0,65485668352,19532873728,61394685952,61394690560,4300992000,0,160831295488,121118138368,0
1791593029.3137856,0.05676569975912571,61604700160,0,65485668352,19532873728,61394685952,61394690560,4300992000,0,160831635456,121118138368,0
1791593029.5090342,0.05192500166594982,61604700160,0,65485668352,19532873728,61394685952,61394690560,4300992000,0,160831676416,121118138368,0
1791593029.710326,0.05309539474546909,61604700160,0,64411926528,20606615552,61394685952,61394690560,3227250176,0,160831578112,121118138368,0
1791593029.9086173,0.051297225058078766,61604700160,0,65485668352,19532873728,61394685952,61394690560,4300992000,0,160831664128,121118138368,0
1791593030.1093824,0.051978688687086105,61604700160,0,65485668352,19532873728,61394685952,61394690560,4300992000,0,160831750144,121118138368,0
1791593030.3156922,0.058205148205161095,61604700160,0,65485668352,19532873728,61394685952,61394690560,4300992000,0,160831270912,121118138368,0
1791593030.5136921,0.05612386390566826,61604700160,0,65485668352,19532873728,61394685952,61394690560,4300992000,0,160831287296,121118138368,0
1791593030.7158856,0.05823430046439171,61604700160,0,65485668352,19532873728,61394685952,61394690560,4300992000,0,160831533056,121118138368,0
1791593030.9112365,0.05349992401897907,61604700160,0,65485668352,19532873728,61394685952,61394690560,4300992000,0,160830951424,121118138368,0
1791593031.1112738,0.05344727262854576,61604700160,0,64411926528,20606615552,61394685952,61394690560,3227250176,0,160831049728,121118134272,0
1791593031.310497,0.052584704011678696,61604700160,0,65485668352,19532873728,61394685952,61394690560,4300992000,0,160830984192,121118134272,0
1791593031.5110497,0.05305660702288151,61604700160,0,65485668352,19532873728,61394685952,61394690560,4300992000,0,160830976000,121118134272,0
1791593031.7098656,0.05179036967456341,61604700160,0,65485668352,19532873728,61394685952,61394690560,4300992000,0,160830799872,121118134272,0
1791593031.9079614,0.04980318993330002,61604700160,0,65485668352,19532873728,61394685952,61394690560,4300992000,0,160830894080,121118134272,0
1791593032.1172047,0.058963002637028694,61604700160,0,65485668352,19532873728,61394685952,61394690560,4300992000,0,160831225856,121118134272,0
1791593032.31234,0.054010722786188126,61604700160,0,65485668352,19532873728,61394685952,61394690560,4300992000,0,160831381504,121118134272,0
1791593032.5159135,0.05750161595642567,61604700160,0,65485668352,19532873728,61394685952,61394690560,4300992000,0,160831184896,121118134272,0
1791593032.7168913,0.058395521715283394,61604700160,0,65485668352,19532873728,61394685952,61394690560,4300992000,0,160830992384,121118134272,0
1791593032.9127326,0.054148728027939796,61604700160,0,65485668352,19532873728,61394685952,61394690560,4300992000,0,160830935040,121118134272,0
1791593033.112055,0.05338253267109394,61604700160,0,65485668352,19532873728,61394685952,61394690560,4300992000,0,160831033344,121118134272,0
1791593033.3125563,0.0537994597107172,61604700160,0,65485668352,19532873728,61394685952,61394690560,4300992000,0,160831131648,121118134272,0
1791593033.5166316,0.05779600888490677,61604700160,0,65485668352,19532873728,61394685952,61394690560,4300992000,0,160831008768,121118134272,0
1791593033.7115803,0.0526620838791132,61604700160,0,65485668352,19532873728,61394685952,61394690560,4300992000,0,160831086592,121118134272,0
1791593033.9147298,0.055727921426296234,61604700160,0,65485668352,19532873728,61394685952,61394690560,4300992000,0,160831070208,121118134272,0
1791593034.1147437,0.05566028878092766,61604700160,0,64411926528,20606615552,61394685952,61394690560,3227250176,0,160831135744,121118130176,0
1791593034.3121507,0.052985355257987976,61604700160,0,65485668352,19532873728,61394685952,61394690560,4300992000,0,160831135744,121118130176,0
1791593034.5119011,0.05265550874173641,61604700160,0,65485668352,19532873728,61394685952,61394690560,4300992000,0,160830963712,121118130176,0
1791593034.713272,0.05394090712070465,61604700160,0,65485668352,19532873728,61394685952,61394690560,4300992000,0,160830967808,121118130176,0
1791593034.912525,0.05310107208788395,61604700160,0,65485668352,19532873728,61394685952,61394690560,4300992000,0,160831062016,121118130176,0
1791593035.11395,0.054436422884464264,61604700160,0,65485668352,19532873728,61394685952,61394690560,4300992000,0,160830828544,121118130176,0
1791593035.3107743,0.05114888772368431,61604700160,0,65485668352,19532873728,61394685952,61394690560,4300992000,0,160830758912,121118130176,0
1791593035.5116296,0.05191035568714142,61604700160,0,65217232896,19801309184,61394685952,61394690560,4032556544,0,160830742528,121118130176,0
1791593035.7133167,0.0535048209130764,61604700160,0,65485668352,19532873728,61394685952,61394690560,4300992000,0,160830939136,121118130176,0
1791593035.9178584,0.05796295218169689,61604700160,0,65485668352,19532873728,61394685952,61394690560,4300992000,0,160830652416,121118130176,0
1791593036.1181989,0.05821643024682999,61604700160,0,65485668352,19532873728,61394685952,61394690560,4300992000,0,160831029248,121118126080,0
1791593036.3171642,0.05709492601454258,61604700160,0,65485668352,19532873728,61394685952,61394690560,4300992000,0,160830873600,121118126080,0
1791593036.5175173,0.057364022359251976,61604700160,0,65485668352,19532873728,61394685952,61394690560,4300992000,0,160830918656,121118126080,0
1791593036.7196157,0.05938256345689297,61604700160,0,65485668352,19532873728,61394685952,61394690560,4300992000,0,160831176704,121118126080,0
1791593036.915089,0.054760776460170746,61604700160,0,65485668352,19532873728,61394685952,61394690560,4300992000,0,160831168512,121118126080,0
1791593037.1137352,0.05331251956522465,61604700160,0,64411926528,20606615552,61394685952,61394690560,3227250176,0,160831246336,121118126080,0
1791593037.3140135,0.05349905043840408,61604700160,0,65485668352,19532873728,61394685952,61394690560,4300992000,0,160830763008,121118126080,0
1791593037.5193186,0.05871852673590183,61604700160,0,65485668352,19532873728,61394685952,61394690560,4300992000,0,160830910464,121118126080,0
1791593037.7139482,0.05326407961547375,61604700160,0,65485668352,19532873728,61394685952,61394690560,4300992000,0,160830435328,121118126080,0
1791593037.9183655,0.05759763717651367,61604700160,0,65485668352,19532873728,61394685952,61394690560,4300992000,0,160830423040,121118126080,0
1791593038.1183558,0.05750027485191822,61604700160,0,65485668352,19532873728,61394685952,61394690560,4300992000,0,160830279680,121118126080,0
1791593038.31845,0.05750955641269684,61604700160,0,65485668352,19532873728,61394685952,61394690560,4300992000,0,160830267392,121118126080,0
1791593038.51902,0.05799488350749016,61604700160,0,64411926528,20606615552,61394685952,61394690560,3227250176,0,160830357504,121118126080,0
1791593038.718865,0.057753538712859154,61604700160,0,65485668352,19532873728,61394685952,61394690560,4300992000,0,160830402560,121118126080,0
1791593038.9144456,0.05322129651904106,61604700160,0,65485668352,19532873728,61394685952,61394690560,4300992000,0,160830373888,121118126080,0
1791593039.114848,0.05353923700749874,61604700160,0,65485668352,19532873728,61394685952,61394690560,4300992000,0,160830439424,121118126080,0
1791593039.3184326,0.057037780061364174,61604704256,0,65485668352,19532873728,61394685952,61394690560,4300996096,0,160830484480,121118121984,0
1791593039.5144134,0.052936941385269165,61604704256,0,65485668352,19532873728,61394685952,61394690560,4300996096,0,160830353408,121118121984,0
1791593039.712696,0.05113844759762287,61604704256,0,65485668352,19532873728,61394685952,61394690560,4300996096,0,160830377984,121118121984,0
1791593039.918842,0.05719968490302563,61604704256,0,65485668352,19532873728,61394685952,61394690560,4300996096,0,160830447616,121118121984,0
1791593040.1188145,0.05708634853363037,61604704256,0,65485668352,19532873728,61394685952,61394690560,4300996096,0,160830533632,121118121984,0
1791593040.3160827,0.05425727553665638,61604704256,0,65485668352,19532873728,61394685952,61394690560,4300996096,0,160830529536,121118121984,0
1791593040.521115,0.05920378677546978,61604704256,0,65485668352,19532873728,61394685952,61394690560,4300996096,0,160830607360,121118121984,0
1791593040.7215443,0.059548236429691315,61604704256,0,65485668352,19532873728,61394685952,61394690560,4300996096,0,160830869504,121118121984,0
1791593040.913897,0.05179956741631031,61604704256,0,65485668352,19532873728,61394685952,61394690560,4300996096,0,160830386176,121118121984,0
1791593041.4597852,0.39755972661077976,61604704256,0,65485668352,19532873728,61394685952,61394690560,4300996096,0,160830152704,121118121984,0
1791593041.5133448,0.05324772000312805,61604704256,0,64411926528,20606615552,61394685952,61394690560,3227254272,0,160830201856,121118121984,0
1791593041.718743,0.058512261137366295,61604704256,0,65485668352,19532873728,61394685952,61394690560,4300996096,0,160830484480,121118121984,0
1791593041.91632,0.056000202894210815,61604704256,0,65485668352,19532873728,61394685952,61394690560,4300996096,0,160830537728,121118121984,0
1791593042.1158473,0.055443136021494865,61604704256,0,65485668352,19532873728,61394685952,61394690560,4300996096,0,160830578688,121118121984,0
1791593042.313888,0.053395843133330345,61604704256,0,65485668352,19532873728,61394685952,61394690560,4300996096,0,160830664704,121118117888,0
1791593042.514977,0.05439398251473904,61604708352,0,65485668352,19532873728,61394685952,61394690560,4301000192,0,160830562304,121118117888,0
1791593042.7182148,0.05754435248672962,61604708352,0,65485668352,19532873728,61394685952,61394690560,4301000192,0,160830820352,121118117888,0
1791593042.9140444,0.05328959599137306,61604708352,0,65485668352,19532873728,61394685952,61394690560,4301000192,0,160830341120,121118117888,0
1791593043.1121993,0.05135597288608551,61604712448,0,65485668352,19532873728,61394685952,61394690560,4301004288,0,160830377984,121118117888,0
1791593043.312174,0.05125511437654495,61604712448,0,65485668352,19532873728,61394685952,61394690560,4301004288,0,160830345216,121118117888,0
1791593043.515752,0.05473670922219753,61604720640,0,65485668352,19532873728,61394685952,61394690560,4301012480,0,160830636032,121118117888,0
1791593043.7137268,0.052630167454481125,61604720640,0,65485668352,19532873728,61394685952,61394690560,4301012480,0,160830976000,121118117888,0
1791593043.9123833,0.05115233547985554,61604720640,0,65485668352,19532873728,61394685952,61394690560,4301012480,0,160830992384,121118117888,0
1791593044.1144173,0.05309901759028435,61604720640,0,65485668352,19532873728,61394685952,61394690560,4301012480,0,160830709760,121118117888,0
1791593044.3151047,0.05370157025754452,61604720640,0,65485668352,19532873728,61394685952,61394690560,4301012480,0,160830738432,121118113792,0
1791593044.5196118,0.058122362941503525,61604720640,0,64411926528,20606615552,61394685952,61394690560,3227270656,0,160830992384,121118113792,0
1791593044.72011,0.058533163741230965,61604720640,0,65485668352,19532873728,61394685952,61394690560,4301012480,0,160830717952,121118113792,0
1791593044.9160807,0.054417435079813004,61604720640,0,65485668352,19532873728,61394685952,61394690560,4301012480,0,160831082496,121118113792,0
1791593045.1132674,0.051512643694877625,61604720640,0,65485668352,19532873728,61394685952,61394690560,4301012480,0,160831070208,121118113792,0
1791593045.3207207,0.05887982435524464,61604720640,0,65485668352,19532873728,61394685952,61394690560,4301012480,0,160830820352,121118113792,0
1791593045.5169878,0.05506477318704128,61604720640,0,65485668352,19532873728,61394685952,61394690560,4301012480,0,160830648320,121118113792,0
1791593045.7182944,0.05628642067313194,61604720640,0,65485668352,19532873728,61394685952,61394690560,4301012480,0,160830738432,121118113792,0
1791593045.918447,0.056357862427830696,61604720640,0,65217232896,19801309184,61394685952,61394690560,4032577024,0,160830529536,121118113792,0
1791593046.119275,0.0570598840713501,61604720640,0,65485668352,19532873728,61394685952,61394690560,4301012480,0,160830648320,121118113792,0
1791593046.316951,0.05465017259120941,61604720640,0,65485668352,19532873728,61394685952,61394690560,4301012480,0,160831004672,121118113792,0
1791593046.5184133,0.05602693930268288,61604720640,0,65485668352,19532873728,61394685952,61394690560,4301012480,0,160830865408,121118113792,0
1791593046.717706,0.055233823135495186,61604720640,0,65485668352,19532873728,61394685952,61394690560,4301012480,0,160830877696,121118113792,0
1791593046.916928,0.05436055734753609,61604720640,0,65485668352,19532873728,61394685952,61394690560,4301012480,0,160830984192,121118113792,0
1791593047.1177406,0.05508635379374027,61604720640,0,65485668352,19532873728,61394685952,61394690560,4301012480,0,160831045632,121118113792,0
1791593047.3198087,0.057068755850195885,61604720640,0,65485668352,19532873728,61394685952,61394690560,4301012480,0,160831053824,121118109696,0
1791593047.5158508,0.05302219092845917,61604720640,0,64411926528,20606615552,61394685952,61394690560,3227270656,0,160831082496,121118109696,0
1791593047.716034,0.05312149599194527,61604720640,0,65485668352,19532873728,61394685952,61394690560,4301012480,0,160831152128,121118109696,0
1791593047.9219687,0.05896981991827488,61604720640,0,65485668352,19532873728,61394685952,61394690560,4301012480,0,160831242240,121118109696,0
1791593048.119737,0.05665159784257412,61604720640,0,65485668352,19532873728,61394685952,61394690560,4301012480,0,160830504960,121118109696,0
1791593048.3180158,0.05484547279775143,61604720640,0,65485668352,19532873728,61394685952,61394690560,4301012480,0,160830599168,121118109696,0
1791593048.51849,0.055233245715498924,61604720640,0,65485668352,19532873728,61394685952,61394690560,4301012480,0,160830525440,121118109696,0
1791593048.7201378,0.056794850155711174,61604720640,0,65485668352,19532873728,61394685952,61394690560,4301012480,0,160830607360,121118109696,0
1791593048.9169545,0.05352707393467426,61604720640,0,65217232896,19801309184,61394685952,61394690560,4032577024,0,160830943232,121118109696,0
1791593049.1167147,0.053200144320726395,61604720640,0,65485668352,19532873728,61394685952,61394690560,4301012480,0,160830803968,121118109696,0
1791593049.3155112,0.05191281624138355,61604720640,0,65485668352,19532873728,61394685952,61394690560,4301012480,0,160830889984,121118109696,0
1791593049.5171561,0.05346781574189663,61604720640,0,65485668352,19532873728,61394685952,61394690560,4301012480,0,160830791680,121118109696,0
1791593049.71931,0.05553494952619076,61604720640,0,65485668352,19532873728,61394685952,61394690560,4301012480,0,160830836736,121118109696,0
1791593049.9186919,0.054831450805068016,61604720640,0,65485668352,19532873728,61394685952,61394690560,4301012480,0,160830750720,121118109696,0
1791593050.1164377,0.052491094917058945,61604720640,0,65485668352,19532873728,61394685952,61394690560,4301012480,0,160830844928,121118109696,0
1791593050.3172226,0.053190067410469055,61604720640,0,65485668352,19532873728,61394685952,61394690560,4301012480,0,160831197184,121118109696,0
1791593050.5199533,0.055835165083408356,61604720640,0,65485668352,19532873728,61394685952,61394690560,4301012480,0,160831451136,121118105600,0
1791593050.7211328,0.05693044327199459,61604720640,0,65485668352,19532873728,61394685952,61394690560,4301012480,0,160831483904,121118105600,0
1791593050.9180677,0.05377899296581745,61604720640,0,65485668352,19532873728,61394685952,61394690560,4301012480,0,160831844352,121118105600,0
1791593051.1172433,0.05287059023976326,61604720640,0,65485668352,19532873728,61394685952,61394690560,4301012480,0,160831500288,121118101504,0
1791593051.3160713,0.0516105480492115,61604720640,0,65485668352,19532873728,61394685952,61394690560,4301012480,0,160831168512,121118101504,0
1791593051.5160143,0.05146995559334755,61604720640,0,65485668352,19532873728,61394685952,61394690560,4301012480,0,160831324160,121118101504,0
1791593051.7203426,0.05570945516228676,61604720640,0,65485668352,19532873728,61394685952,61394690560,4301012480,0,160830623744,121118101504,0
1791593051.9180949,0.053331729024648666,61604720640,0,64411926528,20606615552,61394685952,61394690560,3227270656,0,160830492672,121118101504,0
1791593052.1211398,0.056269584223628044,61604720640,0,65485668352,19532873728,61394685952,61394690560,4301012480,0,160830406656,121118101504,0
1791593052.3187342,0.053774263709783554,61604720640,0,65485668352,19532873728,61394685952,61394690560,4301012480,0,160830324736,121118101504,0
1791593052.5175288,0.0524543896317482,61604720640,0,65485668352,19532873728,61394685952,61394690560,4301012480,0,160830423040,121118097408,0
1791593052.7202876,0.05512094870209694,61604720640,0,65485668352,19532873728,61394685952,61394690560,4301012480,0,160830590976,121118097408,0
1791593052.9247475,0.05948743596673012,61604720640,0,65485668352,19532873728,61394685952,61394690560,4301012480,0,160830914560,121118097408,0
1791593053.119356,0.054006269201636314,61604720640,0,65485668352,19532873728,61394685952,61394690560,4301012480,0,160830844928,121118097408,0
1791593053.3260956,0.0606456883251667,61604720640,0,65485668352,19532873728,61394685952,61394690560,4301012480,0,160831188992,121118097408,0
1791593053.519077,0.053544288501143456,61604720640,0,65485668352,19532873728,61394685952,61394690560,4301012480,0,160831086592,121118097408,0
1791593053.7160802,0.05046467483043671,61604720640,0,65485668352,19532873728,61394685952,61394690560,4301012480,0,160831160320,121118097408,0
1791593053.9187226,0.05302453599870205,61604720640,0,65485668352,19532873728,61394685952,61394690560,4301012480,0,160831246336,121118097408,0
1791593054.1239083,0.0581298153847456,61604720640,0,65485668352,19532873728,61394685952,61394690560,4301012480,0,160831066112,121118097408,0
1791593054.3214304,0.05556874722242355,61604720640,0,65485668352,19532873728,61394685952,61394690560,4301012480,0,160831160320,121118097408,0
1791593054.5238125,0.05786932818591595,61604720640,0,65485668352,19532873728,61394685952,61394690560,4301012480,0,160831180800,121118097408,0
1791593054.7197347,0.05370604805648327,61604720640,0,65485668352,19532873728,61394685952,61394690560,4301012480,0,160830963712,121118097408,0
1791593054.9263382,0.06022022292017937,61604720640,0,64411926528,20606615552,61394685952,61394690560,3227270656,0,160831123456,121118097408,0
1791593055.1326566,0.06645232811570168,61604720640,0,65485668352,19532873728,61394685952,61394690560,4301012480,0,160830930944,121118097408,0
1791593055.3199549,0.05366478115320206,61604720640,0,65485668352,19532873728,61394685952,61394690560,4301012480,0,160830943232,121118097408,0
1791593055.5197468,0.05336584709584713,61604720640,0,65485668352,19532873728,61394685952,61394690560,4301012480,0,160830824448,121118093312,0
1791593055.7174606,0.05099507048726082,61604720640,0,65485668352,19532873728,61394685952,61394690560,4301012480,0,160830910464,121118093312,0
1791593055.9163704,0.04981793276965618,61604720640,0,65485668352,19532873728,61394685952,61394690560,4301012480,0,160830791680,121118093312,0
1791593056.1157064,0.04907022416591644,61604720640,0,65485668352,19532873728,61394685952,61394690560,4301012480,0,160831455232,121118093312,0
1791593056.3160276,0.04930445924401283,61604720640,0,65217232896,19801309184,61394685952,61394690560,4032577024,0,160831283200,121118093312,0
1791593056.5199022,0.05308576859533787,61604720640,0,65485668352,19532873728,61394685952,61394690560,4301012480,0,160831213568,121118093312,0
1791593056.7205384,0.05363747291266918,61604720640,0,65485668352,19532873728,61394685952,61394690560,4301012480,0,160831258624,121118093312,0
1791593056.9254704,0.05847310647368431,61604720640,0,65485668352,19532873728,61394685952,61394690560,4301012480,0,160831012864,121118093312,0
1791593057.1224177,0.05533246695995331,61604720640,0,65485668352,19532873728,61394685952,61394690560,4301012480,0,160830914560,121118093312,0
1791593057.3262186,0.05899455212056637,61604720640,0,65485668352,19532873728,61394685952,61394690560,4301012480,0,160830779392,121118093312,0
1791593057.5208216,0.05351075902581215,61604720640,0,65485668352,19532873728,61394685952,61394690560,4301012480,0,160830386176,121118089216,0
1791593057.719611,0.05221793055534363,61604720640,0,65485668352,19532873728,61394685952,61394690560,4301012480,0,160830218240,121118089216,0
1791593057.9207678,0.053287943825125694,61604720640,0,64411926528,20606615552,61394685952,61394690560,3227270656,0,160830308352,121118089216,0
1791593058.1263828,0.05881008692085743,61604720640,0,65485668352,19532873728,61394685952,61394690560,4301012480,0,160830582784,121118089216,0
1791593058.3269906,0.05931243859231472,61604720640,0,65485668352,19532873728,61394685952,61394690560,4301012480,0,160830611456,121118089216,0
1791593058.5223088,0.05454422906041145,61604720640,0,65485668352,19532873728,61394685952,61394690560,4301012480,0,160830189568,121118089216,0
1791593058.7270582,0.05920299515128136,61604720640,0,65485668352,19532873728,61394685952,61394690560,4301012480,0,160830808064,121118089216,0
1791593058.9207392,0.05279775150120258,61604720640,0,65485668352,19532873728,61394685952,61394690560,4301012480,0,160830881792,121118089216,0
1791593059.120472,0.052439188584685326,61604720640,0,65485668352,19532873728,61394685952,61394690560,4301012480,0,160830468096,121118089216,0
1791593059.3188279,0.05070865526795387,61604720640,0,65217232896,19801309184,61394685952,61394690560,4032577024,0,160830443520,121118089216,0
1791593059.518937,0.05073235183954239,61604720640,0,65485668352,19532873728,61394685952,61394690560,4301012480,0,160830464000,121118089216,0
1791593059.719519,0.05123144015669823,61604720640,0,65485668352,19532873728,61394685952,61394690560,4301012480,0,160830537728,121118089216,0
1791593059.9177432,0.04937402531504631,61604720640,0,65485668352,19532873728,61394685952,61394690560,4301012480,0,160830627840,121118089216,0
1791593060.122276,0.05382036045193672,61604720640,0,65485668352,19532873728,61394685952,61394690560,4301012480,0,160830459904,121118089216,0
1791593060.3278131,0.05926608480513096,61604720640,0,65485668352,19532873728,61394685952,61394690560,4301012480,0,160830701568,121118089216,0
1791593060.5265548,0.05791853927075863,61604720640,0,65485668352,19532873728,61394685952,61394690560,4301012480,0,160830537728,121118089216,0
1791593060.7279053,0.05918796919286251,61604720640,0,65485668352,19532873728,61394685952,61394690560,4301012480,0,160830623744,121118085120,0
1791593060.9217558,0.052957283332943916,61604720640,0,65485668352,19532873728,61394685952,61394690560,4301012480,0,160830963712,121118085120,0
1791593061.1219244,0.05302576534450054,61604720640,0,65485668352,19532873728,61394685952,61394690560,4301012480,0,160830988288,121118085120,0
1791593061.3214986,0.052511440590023994,61604720640,0,65485668352,19532873728,61394685952,61394690560,4301012480,0,160830734336,121118085120,0
1791593061.520476,0.05140127055346966,61604720640,0,65485668352,19532873728,61394685952,61394690560,4301012480,0,160830509056,121118085120,0
1791593061.7224038,0.053245412185788155,61604720640,0,65485668352,19532873728,61394685952,61394690560,4301012480,0,160830562304,121118085120,0
1791593061.922025,0.05278232879936695,61604720640,0,65485668352,19532873728,61394685952,61394690560,4301012480,0,160830631936,121118085120,0
1791593062.1240864,0.05475985072553158,61604720640,0,65485668352,19532873728,61394685952,61394690560,4301012480,0,160830513152,121118085120,0
1791593062.327274,0.057864319533109665,61604720640,0,64411926528,20606615552,61394685952,61394690560,3227270656,0,160830865408,121118085120,0
1791593062.527142,0.05764887295663357,61604720640,0,65485668352,19532873728,61394685952,61394690560,4301012480,0,160830685184,121118085120,0
1791593062.7265751,0.05699692480266094,61604720640,0,65485668352,19532873728,61394685952,61394690560,4301012480,0,160830767104,121118085120,0
1791593062.9230304,0.05336474068462849,61604720640,0,65485668352,19532873728,61394685952,61394690560,4301012480,0,160831037440,121118085120,0
1791593063.1226237,0.05287490785121918,61604720640,0,65485668352,19532873728,61394685952,61394690560,4301012480,0,160831344640,121118085120,0
1791593063.3222594,0.05242772586643696,61604720640,0,65485668352,19532873728,61394685952,61394690560,4301012480,0,160831012864,121118085120,0
1791593063.5202622,0.050345128402113914,61604720640,0,65485668352,19532873728,61394685952,61394690560,4301012480,0,160831004672,121118085120,0
1791593063.7216742,0.05167477764189243,61604720640,0,65485668352,19532873728,61394685952,61394690560,4301012480,0,160830820352,121118081024,0
1791593063.9283628,0.058278320357203484,61604720640,0,65485668352,19532873728,61394685952,61394690560,4301012480,0,160830595072,121118081024,0
1791593064.1280491,0.0578815583139658,61604720640,0,65485668352,19532873728,61394685952,61394690560,4301012480,0,160830664704,121118081024,0
1791593064.322881,0.052631281316280365,61604720640,0,65485668352,19532873728,61394685952,61394690560,4301012480,0,160830750720,121118081024,0
1791593064.525621,0.05529095605015755,61604720640,0,65485668352,19532873728,61394685952,61394690560,4301012480,0,160830730240,121118081024,0
1791593064.7251093,0.05469680018723011,61604720640,0,65485668352,19532873728,61394685952,61394690560,4301012480,0,160830730240,121118081024,0
1791593064.9239542,0.05346248671412468,61604720640,0,65485668352,19532873728,61394685952,61394690560,4301012480,0,160831074304,121118081024,0
1791593065.122349,0.051773834973573685,61604720640,0,65485668352,19532873728,61394685952,61394690560,4301012480,0,160831049728,121118081024,0
1791593065.3294215,0.05876291170716286,61604720640,0,64411926528,20606615552,61394685952,61394690560,3227270656,0,160831029248,121118081024,0
1791593065.5236058,0.0528627373278141,61604720640,0,65485668352,19532873728,61394685952,61394690560,4301012480,0,160831205376,121118081024,0
1791593065.7236662,0.05283587425947189,61604720640,0,65485668352,19532873728,61394685952,61394690560,4301012480,0,160831279104,121118076928,0
1791593065.9261367,0.055223846808075905,61604720640,0,65485668352,19532873728,61394685952,61394690560,4301012480,0,160831348736,121118076928,0
1791593066.122226,0.05123031884431839,61604720640,0,65485668352,19532873728,61394685952,61394690560,4301012480,0,160831791104,121118076928,0
1791593066.3238509,0.05276509188115597,61604720640,0,65485668352,19532873728,61394685952,61394690560,4301012480,0,160831041536,121118076928,0
1791593066.5290627,0.05789295956492424,61604720640,0,65485668352,19532873728,61394685952,61394690560,4301012480,0,160831119360,121118076928,0
1791593066.7257488,0.05449812114238739,61604720640,0,65217232896,19801309184,61394685952,61394690560,4032577024,0,160831066112,121118076928,0
1791593066.9257612,0.05442905239760876,61604720640,0,65485668352,19532873728,61394685952,61394690560,4301012480,0,160831123456,121118076928,0
1791593067.1292286,0.05781245045363903,61604720640,0,65485668352,19532873728,61394685952,61394690560,4301012480,0,160830955520,121118076928,0
1791593067.326469,0.054966870695352554,61604720640,0,65485668352,19532873728,61394685952,61394690560,4301012480,0,160831307776,121118076928,0
1791593067.529613,0.058026133105158806,61604720640,0,65485668352,19532873728,61394685952,61394690560,4301012480,0,160831590400,121118076928,0
1791593067.7273366,0.05566469952464104,61604720640,0,65485668352,19532873728,61394685952,61394690560,4301012480,0,160831594496,121118076928,0
1791593067.9280517,0.05629671551287174,61604724736,0,65485668352,19532873728,61394685952,61394690560,4301016576,0,160831430656,121118076928,0
1791593068.1262133,0.05437508784234524,61604724736,0,65485668352,19532873728,61394685952,61394690560,4301016576,0,160831455232,121118076928,0
1791593068.3305013,0.05858101695775986,61604724736,0,64411926528,20606615552,61394685952,61394690560,3227274752,0,160831373312,121118076928,0
1791593068.529463,0.057461634278297424,61604728832,0,65485668352,19532873728,61394685952,61394690560,4301020672,0,160831332352,121118076928,0
1791593068.7303617,0.05827793478965759,61604728832,0,65485668352,19532873728,61394685952,61394690560,4301020672,0,160831430656,121118076928,0
1791593068.9280493,0.055876005440950394,61604737024,0,65485668352,19532873728,61394685952,61394690560,4301028864,0,160831688704,121118072832,0
1791593069.122967,0.050708554685115814,61604737024,0,65485668352,19532873728,61394685952,61394690560,4301028864,0,160831766528,121118072832,0
1791593069.324349,0.05200660601258278,61604737024,0,65485668352,19532873728,61394685952,61394690560,4301028864,0,160831823872,121118072832,0
1791593069.5258627,0.05341142788529396,61604737024,0,65485668352,19532873728,61394685952,61394690560,4301028864,0,160831447040,121118072832,0
1791593069.7241979,0.051652541384100914,61604737024,0,65217232896,19801309184,61394685952,61394690560,4032593408,0,160831770624,121118072832,0
1791593069.9291098,0.05648241192102432,61604737024,0,65485668352,19532873728,61394685952,61394690560,4301028864,0,160831696896,121118072832,0
1791593070.1305492,0.05783984437584877,61604737024,0,65485668352,19532873728,61394685952,61394690560,4301028864,0,160831549440,121118072832,0
1791593070.3282082,0.05541880801320076,61604737024,0,65485668352,19532873728,61394685952,61394690560,4301028864,0,160831557632,121118072832,0
1791593070.5248463,0.05197683162987232,61604737024,0,65485668352,19532873728,61394685952,61394690560,4301028864,0,160831639552,121118072832,0
1791593070.7307374,0.05778830870985985,61604737024,0,65485668352,19532873728,61394685952,61394690560,4301028864,0,160831889408,121118072832,0
1791593070.9261377,0.05307907983660698,61604737024,0,65485668352,19532873728,61394685952,61394690560,4301028864,0,160831528960,121118068736,0
1791593071.125892,0.05274325981736183,61604737024,0,65485668352,19532873728,61394685952,61394690560,4301028864,0,160831660032,121118068736,0
1791593071.3270617,0.05382952839136124,61604737024,0,65485668352,19532873728,61394685952,61394690560,4301028864,0,160831369216,121118068736,0
1791593071.5284915,0.055174654349684715,61604737024,0,65485668352,19532873728,61394685952,61394690560,4301028864,0,160831631360,121118068736,0
1791593071.7113261,0.03794470801949501,61604737024,0,65485668352,19532873728,61394685952,61394690560,4301028864,0,160831401984,121118068736,0
1791593071.9090621,0.03561591915786266,61604737024,0,65485668352,19532873728,61394685952,61394690560,4301028864,0,160831229952,121118068736,0
1791593072.1110575,0.03753861412405968,61604737024,0,65485668352,19532873728,61394685952,61394690560,4301028864,0,160831410176,121118068736,0
1791593072.3241534,0.05055712349712849,61604737024,0,65485668352,19532873728,61394685952,61394690560,4301028864,0,160831492096,121118068736,0
1791593072.5293868,0.05571134015917778,61604737024,0,65485668352,19532873728,61394685952,61394690560,4301028864,0,160831336448,121118068736,0
1791593072.7314625,0.05770493671298027,61604737024,0,64411926528,20606615552,61394685952,61394690560,3227287040,0,160831180800,121118068736,0
1791593072.927436,0.05358974263072014,61604737024,0,65485668352,19532873728,61394685952,61394690560,4301028864,0,160831176704,121118068736,0
1791593073.127485,0.053554218262434006,61604737024,0,65485668352,19532873728,61394685952,61394690560,4301028864,0,160830889984,121118068736,0
1791593073.3299904,0.05597530119121075,61604737024,0,65485668352,19532873728,61394685952,61394690560,4301028864,0,160831217664,121118068736,0
1791593073.5316334,0.05753893218934536,61604737024,0,65485668352,19532873728,61394685952,61394690560,4301028864,0,160831070208,121118068736,0
1791593073.7274148,0.0531934667378664,61604737024,0,65485668352,19532873728,61394685952,61394690560,4301028864,0,160830726144,121118068736,0
1791593073.9311006,0.05679468810558319,61604737024,0,65485668352,19532873728,61394685952,61394690560,4301028864,0,160830537728,121118064640,0
1791593074.130657,0.05626714043319225,61604737024,0,65485668352,19532873728,61394685952,61394690560,4301028864,0,160830500864,121118064640,0
1791593074.3277204,0.05324959009885788,61604737024,0,65485668352,19532873728,61394685952,61394690560,4301028864,0,160830443520,121118064640,0
1791593074.527572,0.05302012525498867,61604737024,0,65485668352,19532873728,61394685952,61394690560,4301028864,0,160830533632,121118064640,0
1791593074.72709,0.052457742393016815,61604737024,0,65485668352,19532873728,61394685952,61394690560,4301028864,0,160830406656,121118064640,0
1791593074.9311192,0.0564032718539238,61604737024,0,65485668352,19532873728,61394685952,61394690560,4301028864,0,160830451712,121118064640,0
1791593075.1286316,0.053825100883841515,61604737024,0,65485668352,19532873728,61394685952,61394690560,4301028864,0,160830660608,121118064640,0
1791593075.3266993,0.05180182680487633,61604737024,0,65485668352,19532873728,61394685952,61394690560,4301028864,0,160830660608,121118064640,0
1791593075.52735,0.05237007141113281,61604737024,0,65485668352,19532873728,61394685952,61394690560,4301028864,0,160830664704,121118064640,0
1791593075.7283535,0.05328134633600712,61604737024,0,64411926528,20606615552,61394685952,61394690560,3227287040,0,160830754816,121118064640,0
1791593075.9277816,0.05262666381895542,61604737024,0,65485668352,19532873728,61394685952,61394690560,4301028864,0,160830824448,121118064640,0
1791593076.1333504,0.058110833168029785,61604737024,0,65485668352,19532873728,61394685952,61394690560,4301028864,0,160830898176,121118060544,0
1791593076.333654,0.05832345224916935,61604737024,0,65485668352,19532873728,61394685952,61394690560,4301028864,0,160830902272,121118060544,0
1791593076.5314364,0.05600919760763645,61604737024,0,65485668352,19532873728,61394685952,61394690560,4301028864,0,160830889984,121118060544,0
1791593076.7325072,0.05699617974460125,61604737024,0,65485668352,19532873728,61394685952,61394690560,4301028864,0,160830504960,121118060544,0
1791593076.93062,0.05502437986433506,61604737024,0,65485668352,19532873728,61394685952,61394690560,4301028864,0,160830590976,121118056448,0
1791593077.113871,0.03820865601301193,61604737024,0,65485668352,19532873728,61394685952,61394690560,4301028864,0,160830881792,121118056448,0
1791593077.3119366,0.03620287962257862,61604737024,0,65485668352,19532873728,61394685952,61394690560,4301028864,0,160830775296,121118056448,0
1791593077.5256517,0.049827683717012405,61604737024,0,65485668352,19532873728,61394685952,61394690560,4301028864,0,160830689280,121118056448,0
1791593077.7314646,0.055558983236551285,61604737024,0,65485668352,19532873728,61394685952,61394690560,4301028864,0,160830562304,121118056448,0
1791593077.9272711,0.0512501560151577,61604737024,0,65485668352,19532873728,61394685952,61394690560,4301028864,0,160830644224,121118056448,0
1791593078.129752,0.053644342347979546,61604737024,0,65485668352,19532873728,61394685952,61394690560,4301028864,0,160830963712,121118056448,0
1791593078.3375146,0.061298489570617676,61604737024,0,65485668352,19532873728,61394685952,61394690560,4301028864,0,160830967808,121118056448,0
1791593078.535908,0.059597933664917946,61604737024,0,65485668352,19532873728,61394685952,61394690560,4301028864,0,160830496768,121118056448,0
1791593078.7315328,0.05514066480100155,61604737024,0,64411926528,20606615552,61394685952,61394690560,3227287040,0,160830820352,121118056448,0
1791593078.932415,0.05594423972070217,61604737024,0,65485668352,19532873728,61394685952,61394690560,4301028864,0,160830894080,121118056448,0
1791593079.1358058,0.05925076827406883,61604737024,0,65485668352,19532873728,61394685952,61394690560,4301028864,0,160830885888,121118052352,0
1791593079.330614,0.05396793223917484,61604737024,0,65485668352,19532873728,61394685952,61394690560,4301028864,0,160830889984,121118052352,0
1791593079.5289032,0.05214884132146835,61604737024,0,65485668352,19532873728,61394685952,61394690560,4301028864,0,160830779392,121118052352,0
1791593079.7300344,0.053166184574365616,61604737024,0,65485668352,19532873728,61394685952,61394690560,4301028864,0,160830619648,121118052352,0
1791593079.930366,0.05339859984815121,61604737024,0,65485668352,19532873728,61394685952,61394690560,4301028864,0,160830644224,121118052352,0
1791593080.133014,0.05595562607049942,61604737024,0,65217232896,19801309184,61394685952,61394690560,4032593408,0,160830959616,121118052352,0
1791593080.3340862,0.056944604963064194,61604737024,0,65485668352,19532873728,61394685952,61394690560,4301028864,0,160830726144,121118052352,0
1791593080.530549,0.053325189277529716,61604737024,0,65485668352,19532873728,61394685952,61394690560,4301028864,0,160830808064,121118052352,0
1791593080.7305782,0.05326846055686474,61604737024,0,65485668352,19532873728,61394685952,61394690560,4301028864,0,160830799872,121118052352,0
1791593080.9334936,0.056102754548192024,61604737024,0,65485668352,19532873728,61394685952,61394690560,4301028864,0,160830820352,121118052352,0
1791593081.1319072,0.054416099563241005,61604737024,0,65485668352,19532873728,61394685952,61394690560,4301028864,0,160831152128,121118052352,0
1791593081.3373823,0.059800220653414726,61604737024,0,65485668352,19532873728,61394685952,61394690560,4301028864,0,160830599168,121118052352,0
1791593081.540966,0.06326921656727791,61604737024,0,65485668352,19532873728,61394685952,61394690560,4301028864,0,160830574592,121118052352,0
1791593081.737622,0.05983418971300125,61604737024,0,65485668352,19532873728,61394685952,61394690560,4301028864,0,160830898176,121118052352,0
1791593081.9312325,0.05335402488708496,61604737024,0,65485668352,19532873728,61394685952,61394690560,4301028864,0,160830611456,121118052352,0
1791593082.1372392,0.059273190796375275,61604737024,0,65485668352,19532873728,61394685952,61394690560,4301028864,0,160830812160,121118048256,0
1791593082.3365583,0.05850476399064064,61604737024,0,65485668352,19532873728,61394685952,61394690560,4301028864,0,160830648320,121118048256,0
1791593082.5353324,0.05719469487667084,61604737024,0,65485668352,19532873728,61394685952,61394690560,4301028864,0,160830558208,121118048256,0
1791593082.737034,0.05878643877804279,61604737024,0,65485668352,19532873728,61394685952,61394690560,4301028864,0,160830885888,121118048256,0
1791593082.9365466,0.05821351148188114,61604737024,0,65485668352,19532873728,61394685952,61394690560,4301028864,0,160830545920,121118048256,0
1791593083.1327913,0.05435350351035595,61604737024,0,64411926528,20606615552,61394685952,61394690560,3227287040,0,160830889984,121118048256,0
1791593083.3299775,0.05142795480787754,61604737024,0,65485668352,19532873728,61394685952,61394690560,4301028864,0,160830681088,121118048256,0
1791593083.531568,0.05288903973996639,61604737024,0,65485668352,19532873728,61394685952,61394690560,4301028864,0,160830631936,121118048256,0
1791593083.7326715,0.053909655660390854,61604737024,0,65485668352,19532873728,61394685952,61394690560,4301028864,0,160830513152,121118048256,0
1791593083.9372506,0.058406274765729904,61604737024,0,65485668352,19532873728,61394685952,61394690560,4301028864,0,160830799872,121118048256,0
1791593084.1336808,0.054755331948399544,61604737024,0,65485668352,19532873728,61394685952,61394690560,4301028864,0,160830758912,121118044160,0
1791593084.3337955,0.05478587560355663,61604737024,0,65485668352,19532873728,61394685952,61394690560,4301028864,0,160830726144,121118044160,0
1791593084.5376685,0.05856749415397644,61604737024,0,65485668352,19532873728,61394685952,61394690560,4301028864,0,160830574592,121118044160,0
1791593084.7364142,0.05718867853283882,61604737024,0,65485668352,19532873728,61394685952,61394690560,4301028864,0,160830603264,121118044160,0
1791593084.9383194,0.0590104553848505,61604737024,0,65485668352,19532873728,61394685952,61394690560,4301028864,0,160830418944,121118044160,0
1791593085.1355476,0.05614641495049,61604737024,0,65485668352,19532873728,61394685952,61394690560,4301028864,0,160830611456,121118044160,0
1791593085.3328218,0.053329624235630035,61604737024,0,65485668352,19532873728,61394685952,61394690560,4301028864,0,160830705664,121118044160,0
1791593085.5316422,0.05206102877855301,61604737024,0,65485668352,19532873728,61394685952,61394690560,4301028864,0,160830767104,121118044160,0
1791593085.7310488,0.051382385194301605,61604737024,0,65485668352,19532873728,61394685952,61394690560,4301028864,0,160830832640,121118044160,0
1791593085.9332001,0.0534515455365181,61604737024,0,65485668352,19532873728,61394685952,61394690560,4301028864,0,160831156224,121118044160,0
1791593086.1389391,0.05910789035260677,61604737024,0,64411926528,20606615552,61394685952,61394690560,3227287040,0,160831004672,121118044160,0
1791593086.3367796,0.056865908205509186,61604737024,0,65485668352,19532873728,61394685952,61394690560,4301028864,0,160830353408,121118044160,0
1791593086.5369284,0.0569289606064558,61604737024,0,65485668352,19532873728,61394685952,61394690560,4301028864,0,160830103552,121118044160,0
1791593086.738567,0.05848362855613232,61604737024,0,65485668352,19532873728,61394685952,61394690560,4301028864,0,160829960192,121118044160,0
1791593086.9222898,0.042129429057240486,61604737024,0,65485668352,19532873728,61394685952,61394690560,4301028864,0,160829976576,121118044160,0
1791593087.1305509,0.05031791515648365,61604737024,0,65485668352,19532873728,61394685952,61394690560,4301028864,0,160830078976,121118044160,0
1791593087.3375034,0.05718999169766903,61604737024,0,65485668352,19532873728,61394685952,61394690560,4301028864,0,160830066688,121118040064,0
1791593087.533375,0.052971772849559784,61604737024,0,65217232896,19801309184,61394685952,61394690560,4032593408,0,160830341120,121118040064,0
1791593087.7322142,0.0517277754843235,61604737024,0,65485668352,19532873728,61394685952,61394690560,4301028864,0,160830377984,121118040064,0
1791593087.9318979,0.05132831819355488,61604737024,0,65485668352,19532873728,61394685952,61394690560,4301028864,0,160830447616,121118040064,0
1791593088.1381447,0.05749673396348953,61604737024,0,65485668352,19532873728,61394685952,61394690560,4301028864,0,160830291968,121118040064,0
1791593088.3313673,0.05062420293688774,61604737024,0,65485668352,19532873728,61394685952,61394690560,4301028864,0,160830640128,121118040064,0
1791593088.5387638,0.057937487959861755,61604737024,0,65485668352,19532873728,61394685952,61394690560,4301028864,0,160830644224,121118040064,0
1791593088.7361546,0.05524320341646671,61604737024,0,65485668352,19532873728,61394685952,61394690560,4301028864,0,160830500864,121118040064,0
1791593088.9392815,0.05828152038156986,61604737024,0,65485668352,19532873728,61394685952,61394690560,4301028864,0,160830058496,121118040064,0
1791593089.1346226,0.05353875458240509,61604737024,0,64411926528,20606615552,61394685952,61394690560,3227287040,0,160830414848,121118040064,0
1791593089.3317225,0.050513191148638725,61604737024,0,65485668352,19532873728,61394685952,61394690560,4301028864,0,160830500864,121118040064,0
1791593089.5339808,0.05268386751413345,61604737024,0,65485668352,19532873728,61394685952,61394690560,4301028864,0,160830488576,121118040064,0
1791593089.7321062,0.0507238507270813,61604737024,0,65485668352,19532873728,61394685952,61394690560,4301028864,0,160830308352,121118040064,0
1791593089.9341228,0.05265427194535732,61604737024,0,65485668352,19532873728,61394685952,61394690560,4301028864,0,160830373888,121118040064,0
1791593090.1397302,0.05817793868482113,61604737024,0,65485668352,19532873728,61394685952,61394690560,4301028864,0,160830504960,121118040064,0
1791593090.3402975,0.05866297893226147,61604737024,0,65485668352,19532873728,61394685952,61394690560,4301028864,0,160830619648,121118035968,0
1791593090.5391586,0.057440031319856644,61604737024,0,63606620160,21411921920,61394685952,61394690560,2421980672,0,160830472192,121118035968,0
1791593090.7410727,0.05926468037068844,61604737024,0,65485668352,19532873728,61394685952,61394690560,4301028864,0,160830664704,121118035968,0
1791593090.9395275,0.05763111263513565,61604737024,0,65485668352,19532873728,61394685952,61394690560,4301028864,0,160832790528,121118035968,0
1791593091.1344829,0.052476827055215836,61604737024,0,65485668352,19532873728,61394685952,61394690560,4301028864,0,160831385600,121118035968,0
1791593091.3228042,0.04070018231868744,61604737024,0,65485668352,19532873728,61394685952,61394690560,4301028864,0,160830468096,121118035968,0
1791593091.5358946,0.05366937816143036,61604737024,0,65485668352,19532873728,61394685952,61394690560,4301028864,0,160830423040,121118035968,0
1791593091.7406912,0.058350907638669014,61604737024,0,65485668352,19532873728,61394685952,61394690560,4301028864,0,160830578688,121118035968,0
1791593091.9431021,0.060698458924889565,61604737024,0,65485668352,19532873728,61394685952,61394690560,4301028864,0,160830533632,121118035968,0
1791593092.1408265,0.05833909288048744,61604737024,0,65485668352,19532873728,61394685952,61394690560,4301028864,0,160830459904,121118035968,0
1791593092.337875,0.05530187487602234,61604737024,0,65485668352,19532873728,61394685952,61394690560,4301028864,0,160830541824,121118031872,0
1791593092.5546908,0.07198713719844818,61604737024,0,65485668352,19532873728,61394685952,61394690560,4301028864,0,160830889984,121118031872,0
1791593092.7369902,0.054203812032938004,61604737024,0,65485668352,19532873728,61394685952,61394690560,4301028864,0,160830877696,121118031872,0
1791593092.939052,0.05618472024798393,61604737024,0,65485668352,19532873728,61394685952,61394690560,4301028864,0,160830763008,121118031872,0
1791593093.1397333,0.05678379535675049,61604737024,0,65485668352,19532873728,61394685952,61394690560,4301028864,0,160830701568,121118031872,0
1791593093.338351,0.05530122295022011,61604741120,0,65485668352,19532873728,61394685952,61394690560,4301032960,0,160831025152,121118031872,0
1791593093.5355537,0.05241912417113781,61604741120,0,64411926528,20606615552,61394685952,61394690560,3227291136,0,160831078400,121118031872,0
1791593093.7351532,0.0519354660063982,61604741120,0,65485668352,19532873728,61394685952,61394690560,4301032960,0,160830971904,121118031872,0
1791593093.9360192,0.0527209285646677,61604745216,0,65485668352,19532873728,61394685952,61394690560,4301037056,0,160831000576,121118031872,0
1791593094.138866,0.055484652519226074,61604745216,0,65485668352,19532873728,61394685952,61394690560,4301037056,0,160830734336,121118031872,0
1791593094.3396454,0.05618341639637947,61604753408,0,65485668352,19532873728,61394685952,61394690560,4301045248,0,160830750720,121118031872,0
1791593094.537709,0.05416581593453884,61604753408,0,65485668352,19532873728,61394685952,61394690560,4301045248,0,160830443520,121117638656,0
1791593094.7353613,0.05173524096608162,61604753408,0,65485668352,19532873728,61394685952,61394690560,4301045248,0,160830472192,121117638656,0
1791593094.9367473,0.053037192672491074,61604753408,0,65485668352,19532873728,61394685952,61394690560,4301045248,0,160830464000,121117638656,0
1791593095.1401124,0.0563206747174263,61604753408,0,65485668352,19532873728,61394685952,61394690560,4301045248,0,160830828544,121117638656,0
1791593095.337887,0.05400819331407547,61604753408,0,65485668352,19532873728,61394685952,61394690560,4301045248,0,160830988288,121117634560,0
1791593095.5413535,0.05738996900618076,61604753408,0,65485668352,19532873728,61394685952,61394690560,4301045248,0,160830603264,121117634560,0
1791593095.7374082,0.053360456600785255,61604753408,0,65485668352,19532873728,61394685952,61394690560,4301045248,0,160830844928,121117634560,0
1791593095.9332106,0.0490705668926239,61604753408,0,65485668352,19532873728,61394685952,61394690560,4301045248,0,160830681088,121117634560,0
1791593096.1389523,0.05472923815250397,61604753408,0,65485668352,19532873728,61394685952,61394690560,4301045248,0,160830455808,121117634560,0
1791593096.3379462,0.05364123359322548,61604753408,0,65485668352,19532873728,61394685952,61394690560,4301045248,0,160830541824,121117634560,0
1791593096.531395,0.04700566455721855,61664026624,0,61740154880,23278387200,61394685952,61394690560,614804992,0,160889663488,121117630464,0
1791593096.733778,0.04930469952523708,61664026624,0,61740154880,23278387200,61394685952,61394690560,614804992,0,160889733120,121117630464,0
1791593096.9360304,0.05147434026002884,61664026624,0,61740154880,23278387200,61394685952,61394690560,614804992,0,160890073088,121117630464,0
1791593097.1429617,0.05826384574174881,61664026624,0,61740154880,23278387200,61394685952,61394690560,614804992,0,160889942016,121117630464,0
1791593097.335659,0.05084346421062946,61664026624,0,61740154880,23278387200,61394685952,61394690560,614804992,0,160889843712,121117630464,0
1791593097.5326567,0.04775533452630043,61664026624,0,61740154880,23278387200,61394685952,61394690560,614804992,0,160889831424,121117630464,0
1791593097.7356904,0.050702815875411034,61664026624,0,61740154880,23278387200,61394685952,61394690560,614804992,0,160889909248,121117630464,0
1791593097.930692,0.045620521530508995,61664026624,0,61740154880,23278387200,61394685952,61394690560,614804992,0,160889987072,121117630464,0
1791593098.134373,0.04920811206102371,61664026624,0,61740154880,23278387200,61394685952,61394690560,614804992,0,160889876480,121117630464,0
1791593098.3305097,0.045259417966008186,61664026624,0,61740154880,23278387200,61394685952,61394690560,614804992,0,160890093568,121117630464,0
1791593098.5333672,0.04803946428000927,61664026624,0,61740154880,23278387200,61394685952,61394690560,614804992,0,160890183680,121117630464,0
1791593098.735613,0.050193849951028824,61664026624,0,61740154880,23278387200,61394685952,61394690560,614804992,0,160889647104,121117630464,0
1791593098.9349506,0.04943910054862499,61664026624,0,61740154880,23278387200,61394685952,61394690560,614804992,0,160889860096,121117630464,0
1791593099.1364734,0.050863081589341164,61664026624,0,61740154880,23278387200,61394685952,61394690560,614804992,0,160889905152,121117630464,0
1791593099.3338253,0.048125676810741425,61664026624,0,61740154880,23278387200,61394685952,61394690560,614804992,0,160889913344,121117630464,0
1791593099.5364149,0.050631122663617134,61664026624,0,61740154880,23278387200,61394685952,61394690560,614804992,0,160890159104,121117630464,0
1791593099.7342956,0.04841908812522888,61664026624,0,61740154880,23278387200,61394685952,61394690560,614804992,0,160890945536,121117630464,0
1791593099.93285,0.04688034765422344,61664026624,0,61740154880,23278387200,61394685952,61394690560,614804992,0,160890458112,121117630464,0
1791593100.138563,0.052487656474113464,61664026624,0,61740154880,23278387200,61394685952,61394690560,614804992,0,160890531840,121117630464,0
1791593100.3373566,0.05113799124956131,61664026624,0,61740154880,23278387200,61394685952,61394690560,614804992,0,160890236928,121117630464,0
1791593100.5393791,0.05307731032371521,61664026624,0,61740154880,23278387200,61394685952,61394690560,614804992,0,160890331136,121117630464,0
1791593100.7335184,0.047124139964580536,61664026624,0,61740154880,23278387200,61394685952,61394690560,614804992,0,160890159104,121117630464,0
1791593100.934313,0.047828733921051025,61664026624,0,61740154880,23278387200,61394685952,61394690560,614804992,0,160890101760,121117630464,0
1791593101.1336265,0.047028765082359314,61664026624,0,61740154880,23278387200,61394685952,61394690560,614804992,0,160890478592,121117626368,0
1791593101.3237576,0.03708225302398205,61664026624,0,61740154880,23278387200,61394685952,61394690560,614804992,0,160890015744,121117626368,0
1791593101.5317812,0.045016100630164146,61664026624,0,61740154880,23278387200,61394685952,61394690560,614804992,0,160890118144,121117626368,0
1791593101.7344306,0.04753895476460457,61664026624,0,61740154880,23278387200,61394685952,61394690560,614804992,0,160889729024,121117626368,0
1791593101.9404185,0.053425535559654236,61664026624,0,61740154880,23278387200,61394685952,61394690560,614804992,0,160889659392,121117626368,0
1791593102.4832394,0.3961540888994932,61664026624,0,61740154880,23278387200,61394685952,61394690560,614804992,0,160889536512,121117626368,0
1791593102.7180948,0.23453287780284882,61664026624,0,61740154880,23278387200,61394685952,61394690560,614804992,0,160889729024,121117626368,0
1791593102.7649205,0.046495119109749794,61664026624,0,61740154880,23278387200,61394685952,61394690560,614804992,0,160889995264,121117626368,0
1791593102.9765694,0.05806485190987587,61664026624,0,61740154880,23278387200,61394685952,61394690560,614804992,0,160890331136,121117626368,0
1791593103.1685727,0.049949100241065025,61664026624,0,61740154880,23278387200,61394685952,61394690560,614804992,0,160890359808,121117626368,0
1791593103.3652577,0.04654558375477791,61664026624,0,61740154880,23278387200,61394685952,61394690560,614804992,0,160890445824,121117626368,0
1791593103.565042,0.04624687694013119,61664026624,0,61740154880,23278387200,61394685952,61394690560,614804992,0,160890249216,121117626368,0
1791593103.7547922,0.035918859764933586,61664026624,0,61740154880,23278387200,61394685952,61394690560,614804992,0,160889679872,121117626368,0
1791593103.95508,0.0361249390989542,61664026624,0,61740154880,23278387200,61394685952,61394690560,614804992,0,160889401344,121117626368,0
1791593104.2202954,0.10123872570693493,61664026624,0,61740154880,23278387200,61394685952,61394690560,614804992,0,160889376768,121117626368,0
1791593104.4097164,0.09057340025901794,61664026624,0,61740154880,23278387200,61394685952,61394690560,614804992,0,160889303040,121117626368,0
1791593104.570623,0.0513866413384676,61664026624,0,61740154880,23278387200,61394685952,61394690560,614804992,0,160889360384,121117626368,0
1791593104.7783356,0.059012677520513535,61664026624,0,61761126400,23257415680,61394685952,61394690560,635776512,0,160889421824,121117626368,0
1791593104.9918215,0.07241351157426834,61664026624,0,62293803008,22724739072,61394685952,61394690560,1168453120,0,160889757696,121117626368,0
1791593105.1862614,0.06677081435918808,61664026624,0,62293803008,22724739072,61394685952,61394690560,1168453120,0,160889851904,121117626368,0
1791593105.39973,0.08014673925936222,61664026624,0,62293803008,22724739072,61394685952,61394690560,1168453120,0,160889823232,121117626368,0
1791593105.5655599,0.045889873057603836,61664026624,0,62293803008,22724739072,61394685952,61394690560,1168453120,0,160889491456,121117626368,0
1791593105.7666426,0.046885646879673004,61664026624,0,62293803008,22724739072,61394685952,61394690560,1168453120,0,160889401344,121117626368,0
1791593105.9741104,0.05426356568932533,61664026624,0,62293803008,22724739072,61394685952,61394690560,1168453120,0,160889757696,121117626368,0
1791593106.1686246,0.04869041591882706,61664026624,0,62293803008,22724739072,61394685952,61394690560,1168453120,0,160889819136,121117626368,0
1791593106.4385643,0.11854750476777554,61664026624,0,62293803008,22724739072,61394685952,61394690560,1168453120,0,160889802752,121117626368,0
1791593106.6128647,0.0927672553807497,61664026624,0,62293803008,22724739072,61394685952,61394690560,1168453120,0,160889655296,121117626368,0
1791593107.198358,0.4781380593776703,61664026624,0,61740154880,23278387200,61394685952,61394690560,614804992,0,160889700352,121117626368,0
1791593107.2458193,0.04714531637728214,61664026624,0,61740154880,23278387200,61394685952,61394690560,614804992,0,160889765888,121117626368,0
1791593107.4367478,0.03796698525547981,61664026624,0,61740154880,23278387200,61394685952,61394690560,614804992,0,160889384960,121117626368,0
1791593107.6475496,0.048682596534490585,61664026624,0,61740154880,23278387200,61394685952,61394690560,614804992,0,160889413632,121117626368,0
1791593107.8718655,0.07291328720748425,61664026624,0,61740154880,23278387200,61394685952,61394690560,614804992,0,160889495552,121117626368,0
1791593108.0442336,0.045198770239949226,61664026624,0,61740154880,23278387200,61394685952,61394690560,614804992,0,160889831424,121117626368,0
1791593108.2469957,0.04788099601864815,61664026624,0,61740154880,23278387200,61394685952,61394690560,614804992,0,160889905152,121117626368,0
1791593108.4519188,0.052721891552209854,61664026624,0,61740154880,23278387200,61394685952,61394690560,614804992,0,160889606144,121117626368,0
1791593108.6460211,0.04674299992620945,61664026624,0,61740154880,23278387200,61394685952,61394690560,614804992,0,160889716736,121117626368,0
1791593108.8564723,0.057112522423267365,61664026624,0,61740154880,23278387200,61394685952,61394690560,614804992,0,160890040320,121117626368,0
1791593109.071463,0.07201986014842987,61664026624,0,61740154880,23278387200,61394685952,61394690560,614804992,0,160889815040,121117626368,0
1791593109.2475173,0.0479816310107708,61664026624,0,61740154880,23278387200,61394685952,61394690560,614804992,0,160889847808,121117626368,0
1791593109.4472144,0.0475902296602726,61664026624,0,61740154880,23278387200,61394685952,61394690560,614804992,0,160889794560,121117626368,0
1791593109.6783283,0.07861945964396,61664026624,0,61740154880,23278387200,61394685952,61394690560,614804992,0,160889798656,121117626368,0
1791593109.8464406,0.04664262756705284,61664026624,0,61740154880,23278387200,61394685952,61394690560,614804992,0,160889712640,121117626368,0
1791593110.06142,0.061539176851511,61664026624,0,61740154880,23278387200,61394685952,61394690560,614804992,0,160889716736,121117626368,0
1791593110.2507408,0.05077679082751274,61664026624,0,61740154880,23278387200,61394685952,61394690560,614804992,0,160889802752,121117626368,0
1791593110.4475539,0.04750600643455982,61664026624,0,61740154880,23278387200,61394685952,61394690560,614804992,0,160889827328,121117626368,0
1791593110.6464128,0.046282220631837845,61664026624,0,61740154880,23278387200,61394685952,61394690560,614804992,0,160889679872,121117626368,0
1791593110.8463871,0.04617740958929062,61664026624,0,61740154880,23278387200,61394685952,61394690560,614804992,0,160889774080,121117626368,0
1791593111.0501845,0.04989413358271122,61664026624,0,61740154880,23278387200,61394685952,61394690560,614804992,0,160890200064,121117626368,0
1791593111.2466207,0.04623746871948242,61664026624,0,61740154880,23278387200,61394685952,61394690560,614804992,0,160890187776,121117626368,0
1791593111.450279,0.04981517791748047,61664026624,0,61740154880,23278387200,61394685952,61394690560,614804992,0,160890130432,121117626368,0
1791593111.6480932,0.04754260741174221,61664026624,0,61740154880,23278387200,61394685952,61394690560,614804992,0,160889765888,121117626368,0
1791593111.8508275,0.05017362721264362,61664026624,0,61740154880,23278387200,61394685952,61394690560,614804992,0,160889856000,121117626368,0
1791593112.047915,0.047180935740470886,61664026624,0,61740154880,23278387200,61394685952,61394690560,614804992,0,160889847808,121117626368,0
1791593112.2476509,0.046835748478770256,61664026624,0,61740154880,23278387200,61394685952,61394690560,614804992,0,160889917440,121117626368,0
1791593112.4640977,0.06320012360811234,61664026624,0,61740154880,23278387200,61394685952,61394690560,614804992,0,160889806848,121117626368,0
1791593112.6603506,0.05936551094055176,61664026624,0,61740154880,23278387200,61394685952,61394690560,614804992,0,160889528320,121117626368,0
1791593112.8504925,0.04940866678953171,61664026624,0,61740154880,23278387200,61394685952,61394690560,614804992,0,160889819136,121117626368,0
1791593113.0516493,0.05043276958167553,61664026624,0,61740154880,23278387200,61394685952,61394690560,614804992,0,160889700352,121117626368,0
1791593113.2501497,0.04882477782666683,61664026624,0,61740154880,23278387200,61394685952,61394690560,614804992,0,160889708544,121117626368,0
1791593113.4519281,0.050517549738287926,61664026624,0,61740154880,23278387200,61394685952,61394690560,614804992,0,160889630720,121117626368,0
1791593113.64984,0.04834885336458683,61664026624,0,61740154880,23278387200,61394685952,61394690560,614804992,0,160889720832,121117626368,0
1791593113.8500912,0.04851744696497917,61664026624,0,61740154880,23278387200,61394685952,61394690560,614804992,0,160889790464,121117626368,0
1791593114.0505943,0.048938997089862823,61664026624,0,61740154880,23278387200,61394685952,61394690560,614804992,0,160889733120,121117626368,0
1791593114.2492695,0.047521792352199554,61664026624,0,61740154880,23278387200,61394685952,61394690560,614804992,0,160889839616,121117626368,0
1791593114.446833,0.04500568471848965,61664026624,0,61740154880,23278387200,61394685952,61394690560,614804992,0,160889860096,121117626368,0
1791593114.6484346,0.04652808979153633,61664026624,0,61740154880,23278387200,61394685952,61394690560,614804992,0,160889520128,121117626368,0
1791593114.848856,0.04687110707163811,61664026624,0,61740154880,23278387200,61394685952,61394690560,614804992,0,160889454592,121117626368,0
1791593115.0496898,0.04760574735701084,61664026624,0,61740154880,23278387200,61394685952,61394690560,614804992,0,160889454592,121117626368,0
1791593115.2505684,0.04831570386886597,61664026624,0,61740154880,23278387200,61394685952,61394690560,614804992,0,160889712640,121117626368,0
1791593115.452977,0.050638651475310326,61664026624,0,61740154880,23278387200,61394685952,61394690560,614804992,0,160889991168,121117626368,0
1791593115.649867,0.047444114461541176,61664026624,0,61740154880,23278387200,61394685952,61394690560,614804992,0,160889946112,121117626368,0
1791593115.850851,0.04834759794175625,61664026624,0,61740154880,23278387200,61394685952,61394690560,614804992,0,160889745408,121117626368,0
1791593116.0497904,0.04720483906567097,61664026624,0,61740154880,23278387200,61394685952,61394690560,614804992,0,160890171392,121117626368,0
1791593116.250069,0.04740242473781109,61664026624,0,61740154880,23278387200,61394685952,61394690560,614804992,0,160890171392,121117626368,0
1791593116.4470649,0.04431930556893349,61664026624,0,61740154880,23278387200,61394685952,61394690560,614804992,0,160890236928,121117626368,0
1791593116.6500666,0.04724041186273098,61664026624,0,61740154880,23278387200,61394685952,61394690560,614804992,0,160890036224,121117626368,0
1791593116.850846,0.04793878458440304,61664026624,0,61740154880,23278387200,61394685952,61394690560,614804992,0,160890044416,121117626368,0
1791593117.0551722,0.05217243172228336,61664026624,0,61740154880,23278387200,61394685952,61394690560,614804992,0,160889962496,121117626368,0
1791593117.253033,0.049910206347703934,61664026624,0,61740154880,23278387200,61394685952,61394690560,614804992,0,160890019840,121117626368,0
1791593117.453714,0.050509169697761536,61664026624,0,61740154880,23278387200,61394685952,61394690560,614804992,0,160890376192,121117626368,0
1791593117.652492,0.049204131588339806,61664026624,0,61740154880,23278387200,61394685952,61394690560,614804992,0,160889913344,121117626368,0
1791593117.8512182,0.0478456262499094,61664026624,0,61740154880,23278387200,61394685952,61394690560,614804992,0,160889892864,121117626368,0
1791593118.0502813,0.04681207053363323,61664026624,0,61740154880,23278387200,61394685952,61394690560,614804992,0,160889917440,121117626368,0
1791593118.240065,0.03651397302746773,61664026624,0,61740154880,23278387200,61394685952,61394690560,614804992,0,160890171392,121117626368,0
1791593118.4404862,0.036867305636405945,61664026624,0,61740154880,23278387200,61394685952,61394690560,614804992,0,160890245120,121117626368,0
