unix_seconds,sample_duration_seconds,host_tree_rss_bytes,host_tree_swap_bytes,whole_gpu_used_bytes,whole_gpu_free_bytes,resident_host_W_lower_bound_bytes,resident_device_W_bytes,sampled_temporary_bytes,W_transition_incomplete,cgroup_memory_current_bytes,disk_available_bytes,smaps_read_failures
1791591881.5209346,0.026171468198299408,42192896,0,0,85017493504,0,0,,0,99156602880,121122369536,0
1791591881.7229884,0.028105368837714195,175710208,0,0,85017493504,0,0,,0,99246743552,121122406400,0
1791591881.923966,0.028989261016249657,276574208,0,0,85017493504,0,0,,0,99348135936,121122406400,0
1791591882.1248415,0.02977965772151947,387158016,0,0,85017493504,0,0,,0,99399507968,121122406400,0
1791591882.3201087,0.024966517463326454,439541760,0,0,85017493504,0,0,,0,99451719680,121122406400,0
1791591882.5231442,0.027905339375138283,463826944,0,0,85017493504,0,0,,0,99473883136,121122406400,0
1791591882.724158,0.028817540034651756,501260288,0,0,85017493504,0,0,,0,99502862336,121122406400,0
1791591882.9252303,0.029791932553052902,523591680,0,0,85017493504,0,0,,0,99523264512,121122406400,0
1791591883.125511,0.029964013025164604,535351296,0,0,85017493504,0,0,,0,99531993088,121122398208,0
1791591883.3263345,0.030684523284435272,628211712,0,0,85017493504,0,0,,0,99624501248,121122398208,0
1791591883.5247478,0.029016966000199318,652931072,0,0,85017493504,0,0,,0,99648913408,121122398208,0
1791591883.726388,0.030570395290851593,649097216,0,0,85017493504,0,0,,0,99624562688,121122398208,0
1791591883.9259675,0.030056169256567955,673615872,0,0,85017493504,0,0,,0,99632074752,121122398208,0
1791591884.1236472,0.02764762192964554,701341696,0,0,85017493504,0,0,,0,99647639552,121122398208,0
1791591884.3269866,0.030902063474059105,716550144,0,0,85017493504,0,0,,0,99658366976,121122398208,0
1791591884.5243301,0.028162535279989243,729370624,0,0,85017493504,0,0,,0,99670781952,121122398208,0
1791591884.7265458,0.030293241143226624,735268864,0,0,85017493504,0,0,,0,99676246016,121122398208,0
1791591884.9294229,0.03306813724339008,749244416,0,0,85017493504,0,0,,0,99688087552,121122398208,0
1791591885.1250873,0.02863362990319729,758558720,0,0,85017493504,0,0,,0,99697348608,121122398208,0
1791591885.3252826,0.028750376775860786,772706304,0,0,85017493504,0,0,,0,99710373888,121122398208,0
1791591885.5266542,0.0300141628831625,779046912,0,0,85017493504,0,0,,0,99716222976,121122398208,0
1791591885.7260506,0.029328132048249245,784936960,0,0,85017493504,0,0,,0,99721506816,121122398208,0
1791591885.9263926,0.029569771140813828,789835776,0,0,85017493504,0,0,,0,99725996032,121122398208,0
1791591886.1254036,0.02847757749259472,799006720,0,0,85017493504,0,0,,0,99735138304,121122398208,0
1791591886.324875,0.027868859469890594,809459712,0,0,85017493504,0,0,,0,99745878016,121122398208,0
1791591886.52562,0.028532281517982483,816177152,0,0,85017493504,0,0,,0,99752153088,121122398208,0
1791591886.7262344,0.02899337001144886,823263232,0,0,85017493504,0,0,,0,99758469120,121122398208,0
1791591886.9276934,0.030363911762833595,840433664,0,0,85017493504,0,0,,0,99775397888,121122398208,0
1791591887.1255584,0.02814825065433979,850288640,0,0,85017493504,0,0,,0,99785363456,121122398208,0
1791591887.3294697,0.03197828680276871,851451904,0,0,85017493504,0,0,,0,99786055680,121122398208,0
1791591887.5257406,0.028150472790002823,855166976,0,0,85017493504,0,0,,0,99789647872,121122398208,0
1791591887.725848,0.0281498022377491,864346112,0,0,85017493504,0,0,,0,99798507520,121122398208,0
1791591887.9267461,0.0289240051060915,868687872,0,0,85017493504,0,0,,0,99802177536,121122398208,0
1791591888.12679,0.028880756348371506,873926656,0,0,85017493504,0,0,,0,99806986240,121122398208,0
1791591888.3281977,0.030174633488059044,879263744,0,0,85017493504,0,0,,0,99811831808,121122398208,0
1791591888.5275962,0.02948686107993126,883572736,0,0,85017493504,0,0,,0,99816108032,121122398208,0
1791591888.7269042,0.02867305837571621,888066048,0,0,85017493504,0,0,,0,99820920832,121122398208,0
1791591888.9276311,0.029322706162929535,892207104,0,0,85017493504,0,0,,0,99823349760,121122398208,0
1791591889.1268303,0.02843807451426983,895467520,0,0,85017493504,0,0,,0,99828359168,121122394112,0
1791591889.3280187,0.02954491786658764,900177920,0,0,85017493504,0,0,,0,99833020416,121122394112,0
1791591889.5260658,0.027510598301887512,904818688,0,0,85017493504,0,0,,0,99837775872,121122394112,0
1791591889.7263541,0.027714863419532776,908836864,0,0,85017493504,0,0,,0,99841785856,121122394112,0
1791591889.9250522,0.026329904794692993,923013120,0,0,85017493504,0,0,,0,99855761408,121122394112,0
1791591890.1267529,0.027948860079050064,940298240,0,0,85017493504,0,0,,0,99872305152,121122394112,0
1791591890.3281353,0.029251517727971077,957566976,0,0,85017493504,0,0,,0,99889225728,121122394112,0
1791591890.5284002,0.029430704191327095,970862592,0,0,85017493504,0,0,,0,99902660608,121122394112,0
1791591890.7283342,0.02928679622709751,982966272,0,0,85017493504,0,0,,0,99914432512,121122394112,0
1791591890.927522,0.028371527791023254,997187584,0,0,85017493504,0,0,,0,99928133632,121122394112,0
1791591891.1273117,0.0280789565294981,1018322944,0,0,85017493504,0,0,,0,99948380160,121122394112,0
1791591891.3290355,0.029720719903707504,1037332480,0,0,85017493504,0,0,,0,99967234048,121122394112,0
1791591891.529007,0.029605679214000702,1059708928,0,0,85017493504,0,0,,0,99989741568,121122394112,0
1791591891.728314,0.02882646583020687,1073594368,0,0,85017493504,0,0,,0,100003631104,121122390016,0
1791591891.9294446,0.029872428625822067,1087078400,0,0,85017493504,0,0,,0,100016582656,121122390016,0
1791591892.1290178,0.029363354668021202,1105199104,0,0,85017493504,0,0,,0,100035215360,121122390016,0
1791591892.3282945,0.028553741052746773,1116057600,0,0,85017493504,0,0,,0,100045770752,121122390016,0
1791591892.526937,0.027106428518891335,1138532352,0,0,85017493504,0,0,,0,100068151296,121122390016,0
1791591892.7277162,0.027774684131145477,1150746624,0,0,85017493504,0,0,,0,100080160768,121122390016,0
1791591892.9299402,0.029879575595259666,1165201408,0,0,85017493504,0,0,,0,100094218240,121122390016,0
1791591893.1303158,0.03017299994826317,1179017216,0,0,85017493504,0,0,,0,100108267520,121122390016,0
1791591893.3299234,0.029673855751752853,1191845888,0,0,85017493504,0,0,,0,100120743936,121122390016,0
1791591893.5301375,0.029799528419971466,1206419456,0,0,85017493504,0,0,,0,100135415808,121122390016,0
1791591893.72888,0.028457999229431152,1222918144,0,0,85017493504,0,0,,0,100152152064,121122390016,0
1791591893.9294033,0.028895435854792595,1240989696,0,0,85017493504,0,0,,0,100170596352,121122390016,0
1791591894.1279676,0.02736278437077999,1261240320,0,0,85017493504,0,0,,0,100190683136,121122390016,0
1791591894.3296857,0.029004301875829697,1275777024,0,0,85017493504,0,0,,0,100205182976,121122390016,0
1791591894.5311246,0.030336610972881317,1293160448,0,0,85017493504,0,0,,0,100222435328,121122390016,0
1791591894.7354872,0.03461824916303158,1307901952,0,0,85017493504,0,0,,0,100237066240,121122390016,0
1791591894.931029,0.03007642738521099,1322123264,0,0,85017493504,0,0,,0,100251238400,121122390016,0
1791591895.1314938,0.03045656345784664,1336795136,0,0,85017493504,0,0,,0,100265697280,121122390016,0
1791591895.3325858,0.03144550137221813,1355526144,0,0,85017493504,0,0,,0,100284575744,121122390016,0
1791591895.530845,0.029611868783831596,1368080384,0,0,85017493504,0,0,,0,100297187328,121122390016,0
1791591895.7302303,0.028913099318742752,1382432768,0,0,85017493504,0,0,,0,100311470080,121122390016,0
1791591895.9310272,0.02962654083967209,1396301824,0,0,85017493504,0,0,,0,100325335040,121122390016,0
1791591896.1295664,0.028083087876439095,1409703936,0,0,85017493504,0,0,,0,100338483200,121122390016,0
1791591896.3301706,0.028605809435248375,1423396864,0,0,85017493504,0,0,,0,100352393216,121122390016,0
1791591896.5337324,0.03204721957445145,1440010240,0,0,85017493504,0,0,,0,100369022976,121122390016,0
1791591896.7322621,0.030483374372124672,1454170112,0,0,85017493504,0,0,,0,100383371264,121122390016,0
1791591896.9320855,0.03019842319190502,1472196608,0,0,85017493504,0,0,,0,100401008640,121122390016,0
1791591897.1306558,0.02866416424512863,1482334208,0,0,85017493504,0,0,,0,100411179008,121122390016,0
1791591897.3321655,0.030061105266213417,1498071040,0,0,85017493504,0,0,,0,100426481664,121122385920,0
1791591897.532063,0.02981403097510338,1511677952,0,0,85017493504,0,0,,0,100440297472,121122385920,0
1791591897.7316067,0.029269753023982048,1525248000,0,0,85017493504,0,0,,0,100453945344,121122385920,0
1791591897.9329522,0.030510496348142624,1534590976,0,0,85017493504,0,0,,0,100462813184,121122344960,0
1791591898.1309843,0.028439095243811607,1544007680,0,0,85017493504,0,0,,0,100472209408,121122344960,0
1791591898.3313222,0.028650684282183647,1546584064,0,0,85017493504,0,0,,0,100473032704,121122344960,0
1791591898.5327656,0.030005767941474915,1566396416,0,0,85017493504,0,0,,0,100489203712,121122344960,0
1791591898.7301354,0.027290528640151024,1579618304,0,0,85017493504,0,0,,0,100499111936,121122344960,0
1791591898.9322038,0.029272768646478653,1585057792,0,0,85017493504,0,0,,0,100504571904,121122344960,0
1791591899.1317296,0.028710929676890373,1593225216,0,0,85017493504,0,0,,0,100512632832,121122344960,0
1791591899.3328183,0.02968963235616684,1599180800,0,0,85017493504,0,0,,0,100518174720,121122344960,0
1791591899.5308876,0.02767098881304264,1607221248,0,0,85017493504,0,0,,0,100526333952,121122344960,0
1791591899.7322414,0.028935912996530533,1617682432,0,0,85017493504,0,0,,0,100534910976,121122344960,0
1791591899.9322293,0.02883901074528694,1623019520,0,0,85017493504,0,0,,0,100540436480,121122344960,0
1791591900.131972,0.02847467176616192,1636618240,0,0,85017493504,0,0,,0,100549636096,121122344960,0
1791591900.3318872,0.02830895595252514,1647788032,0,0,85017493504,0,0,,0,100559331328,121122344960,0
1791591900.530521,0.026862995699048042,1674260480,0,0,85017493504,0,0,,0,100582621184,121122344960,0
1791591900.7338636,0.030110476538538933,1685966848,0,0,85017493504,0,0,,0,100594089984,121122344960,0
1791591900.9348845,0.031021179631352425,1694154752,0,0,85017493504,0,0,,0,100602085376,121122344960,0
1791591901.1343782,0.030403340235352516,1739722752,0,0,85017493504,0,0,,0,100647919616,121122344960,0
1791591901.332507,0.028448859229683876,1753075712,0,0,85017493504,0,0,,0,100661071872,121122344960,0
1791591901.535794,0.03165046498179436,1759653888,0,0,85017493504,0,0,,0,100667416576,121122344960,0
1791591901.7319472,0.027688901871442795,1770397696,0,0,85017493504,0,0,,0,100678172672,121122344960,0
1791591901.9321492,0.02782560884952545,1781104640,0,0,85017493504,0,0,,0,100688912384,121122344960,0
1791591902.1345844,0.030159175395965576,1791688704,0,0,85017493504,0,0,,0,100699668480,121122344960,0
1791591902.3338223,0.029298529028892517,1815871488,0,0,85017493504,0,0,,0,100723793920,121122344960,0
1791591902.5321193,0.02750958688557148,1822932992,0,0,85017493504,0,0,,0,100730433536,121122344960,0
1791591902.7327244,0.028028404340147972,1829576704,0,0,85017493504,0,0,,0,100736815104,121122344960,0
1791591902.9359531,0.03115445002913475,1834631168,0,0,85017493504,0,0,,0,100741812224,121122344960,0
1791591903.1338954,0.0290082897990942,1839665152,0,0,85017493504,0,0,,0,100746752000,121122344960,0
1791591903.3339138,0.028941433876752853,1849303040,0,0,85017493504,0,0,,0,100756512768,121122344960,0
1791591903.534299,0.029238080605864525,1853648896,0,0,85017493504,0,0,,0,100760715264,121122344960,0
1791591903.760286,0.05507463961839676,1870278656,0,0,85017493504,0,0,,0,100776812544,121122344960,0
1791591903.934144,0.028844010084867477,1882746880,0,0,85017493504,0,0,,0,100785737728,121122344960,0
1791591904.134732,0.0293505247682333,1888444416,0,0,85017493504,0,0,,0,100791496704,121122344960,0
1791591904.3358667,0.030405621975660324,1896804352,0,0,85017493504,0,0,,0,100800126976,121122344960,0
1791591904.5350115,0.029466597363352776,1902784512,0,0,85017493504,0,0,,0,100805349376,121122344960,0
1791591904.7339668,0.0283390861004591,1917333504,0,0,85017493504,0,0,,0,100820135936,121122344960,0
1791591904.9330392,0.027331896126270294,1947840512,0,0,85017493504,0,0,,0,100850753536,121122344960,0
1791591905.1347928,0.028973281383514404,1960914944,0,0,85017493504,0,0,,0,100863926272,121122344960,0
1791591905.3327868,0.026878807693719864,1974542336,0,0,85017493504,0,0,,0,100877393920,121122340864,0
1791591905.5346794,0.028684131801128387,1987624960,0,0,85017493504,0,0,,0,100890832896,121122340864,0
1791591905.7333038,0.027205949649214745,2000629760,0,0,85017493504,0,0,,0,100903522304,121122340864,0
1791591905.9347074,0.02848578430712223,2003746816,0,0,85017493504,0,0,,0,100906930176,121122340864,0
1791591906.1346219,0.02831999957561493,2009022464,0,0,85017493504,0,0,,0,100912074752,121122340864,0
1791591906.3354094,0.029024610295891762,2015596544,0,0,85017493504,0,0,,0,100918657024,121122340864,0
1791591906.5324595,0.02598928101360798,2020384768,0,0,85017493504,0,0,,0,100923592704,121122340864,0
1791591906.7330358,0.02647961676120758,2025861120,0,0,85017493504,0,0,,0,100928684032,121122340864,0
1791591906.933006,0.02633710764348507,2032566272,0,0,85017493504,0,0,,0,100935323648,121122340864,0
1791591907.131437,0.024684682488441467,2037858304,0,0,85017493504,0,0,,0,100940918784,121122340864,0
1791591907.3320308,0.025196116417646408,2041925632,0,0,85017493504,0,0,,0,100944420864,121122340864,0
1791591907.5379236,0.030997054651379585,2049761280,0,0,85017493504,0,0,,0,100952240128,121122340864,0
1791591907.7340784,0.027065925300121307,2053595136,0,0,85017493504,0,0,,0,100956073984,121122340864,0
1791591907.9350517,0.027954183518886566,2058264576,0,0,85017493504,0,0,,0,100960866304,121122340864,0
1791591908.1376398,0.03039725497364998,2064936960,0,0,85017493504,0,0,,0,100967522304,121122340864,0
1791591908.3378322,0.030500411987304688,2069209088,0,0,85017493504,0,0,,0,100971974656,121122340864,0
1791591908.5371368,0.029716435819864273,2145329152,0,0,85017493504,0,0,,0,101048594432,121122340864,0
1791591908.735143,0.027639463543891907,2161614848,0,0,85017493504,0,0,,0,101064585216,121122340864,0
1791591908.936443,0.028853489086031914,2172334080,0,0,85017493504,0,0,,0,101075259392,121122340864,0
1791591909.136314,0.02864188514649868,2196398080,0,0,85017493504,0,0,,0,101099466752,121122340864,0
1791591909.3336217,0.025868913158774376,2199883776,0,0,85017493504,0,0,,0,101102829568,121122340864,0
1791591909.5356214,0.0277868565171957,2205417472,0,0,85017493504,0,0,,0,101108695040,121122340864,0
1791591909.73397,0.026048535481095314,2210185216,0,0,85017493504,0,0,,0,101113143296,121122340864,0
1791591909.937205,0.029198134317994118,2227949568,0,0,85017493504,0,0,,0,101130915840,121122340864,0
1791591910.1377058,0.02958117052912712,2244243456,0,0,85017493504,0,0,,0,101147381760,121122340864,0
1791591910.3368874,0.0286821648478508,2249326592,0,0,85017493504,0,0,,0,101152411648,121122340864,0
1791591910.539453,0.031141040846705437,2274045952,0,0,85017493504,0,0,,0,101177360384,121122340864,0
1791591910.7359686,0.027572646737098694,2296012800,0,0,85017493504,0,0,,0,101199208448,121122340864,0
1791591910.9374099,0.028927940875291824,2302005248,0,0,85017493504,0,0,,0,101205250048,121122340864,0
1791591911.1355844,0.027019357308745384,2312347648,0,0,85017493504,0,0,,0,101216292864,121122340864,0
1791591911.3385463,0.02989630028605461,2322968576,0,0,85017493504,0,0,,0,101226307584,121122340864,0
1791591911.538141,0.02938844822347164,2327695360,0,0,85017493504,0,0,,0,101231288320,121122340864,0
1791591911.7367465,0.027908211573958397,2331553792,0,0,85017493504,0,0,,0,101235048448,121122340864,0
1791591911.9362724,0.02735111303627491,2338676736,0,0,85017493504,0,0,,0,101242101760,121122340864,0
1791591912.1385531,0.029549000784754753,2358001664,0,0,85017493504,0,0,,0,101261410304,121122340864,0
1791591912.3367374,0.027650384232401848,2363719680,0,0,85017493504,0,0,,0,101266903040,121122340864,0
1791591912.5374467,0.028277631849050522,2375462912,0,0,85017493504,0,0,,0,101278015488,121122340864,0
1791591912.7396517,0.030401676893234253,2393374720,0,0,85017493504,0,0,,0,101295796224,121122340864,0
1791591912.938116,0.02878047153353691,2410487808,0,0,85017493504,0,0,,0,101313101824,121122340864,0
1791591913.135444,0.02602958306670189,2415759360,0,0,85017493504,0,0,,0,101318201344,121122340864,0
1791591913.3371632,0.027668483555316925,2443161600,0,0,85017493504,0,0,,0,101345370112,121122336768,0
1791591913.537521,0.027942998334765434,2463158272,0,0,85017493504,0,0,,0,101365366784,121122336768,0
1791591913.737297,0.027630910277366638,2437705728,0,0,85017493504,0,0,,0,101337968640,121122336768,0
1791591913.9400897,0.030341027304530144,2463449088,0,0,85017493504,0,0,,0,101362176000,121122336768,0
1791591914.1388605,0.029023056849837303,2515320832,0,0,85017493504,0,0,,0,101414051840,121122336768,0
1791591914.3374283,0.02750851772725582,2570334208,0,0,85017493504,0,0,,0,101468827648,121122336768,0
1791591914.538514,0.02850167825818062,2608812032,0,0,85017493504,0,0,,0,101503827968,121122336768,0
1791591914.7383137,0.028220543637871742,2625900544,0,0,85017493504,0,0,,0,101520863232,121122336768,0
1791591914.9391222,0.028908608481287956,2677616640,0,0,85017493504,0,0,,0,101572575232,121122336768,0
1791591915.1376343,0.027326472103595734,2755653632,0,0,85017493504,0,0,,0,101637869568,121122336768,0
1791591915.340964,0.03055732138454914,2704883712,0,0,85017493504,0,0,,0,101598908416,121122336768,0
1791591915.53786,0.02736961469054222,2728779776,0,0,85017493504,0,0,,0,101622767616,121122336768,0
1791591915.7410686,0.030489109456539154,2805211136,0,0,85017493504,0,0,,0,101699207168,121122336768,0
1791591915.9406555,0.0299933273345232,2797109248,0,0,85017493504,0,0,,0,101690454016,121122336768,0
1791591916.140636,0.02987057901918888,2796679168,0,0,85017493504,0,0,,0,101690306560,121122336768,0
1791591916.337539,0.026687074452638626,2796032000,0,0,85017493504,0,0,,0,101689229312,121122336768,0
1791591916.5411232,0.030178984627127647,2797223936,0,0,85017493504,0,0,,0,101688950784,121122336768,0
1791591916.7406745,0.029644357040524483,2797756416,0,0,85017493504,0,0,,0,101689044992,121122336768,0
1791591916.9394484,0.02833481878042221,2797838336,0,0,85017493504,0,0,,0,101689208832,121122336768,0
1791591917.1407802,0.029577162116765976,2797961216,0,0,85017493504,0,0,,0,101687889920,121122336768,0
1791591917.3374047,0.026117851957678795,2798161920,0,0,85017493504,0,0,,0,101687816192,121122336768,0
1791591917.537072,0.025702452287077904,2798239744,0,0,85017493504,0,0,,0,101687906304,121122336768,0
1791591917.7420464,0.030589604750275612,2798751744,0,0,85017493504,0,0,,0,101688180736,121122336768,0
1791591917.9400654,0.028522653505206108,2798886912,0,0,85017493504,0,0,,0,101688147968,121122336768,0
1791591918.139051,0.027422646060585976,2798886912,0,0,85017493504,0,0,,0,101688262656,121122336768,0
1791591918.3402188,0.028488190844655037,2796314624,0,0,85017493504,0,0,,0,101685444608,121122336768,0
1791591918.5418103,0.029990624636411667,2796314624,0,0,85017493504,0,0,,0,101685538816,121122336768,0
1791591918.741963,0.03004549629986286,2796384256,0,0,85017493504,0,0,,0,101685194752,121122336768,0
1791591918.9422011,0.030193524435162544,2794606592,0,0,85017493504,0,0,,0,101683576832,121122336768,0
1791591919.1420336,0.029919316992163658,2798817280,0,0,85017493504,0,0,,0,101687996416,121122336768,0
1791591919.3419263,0.02971496246755123,2798960640,0,0,85017493504,0,0,,0,101688098816,121122336768,0
1791591919.541684,0.029377538710832596,2797457408,0,0,85017493504,0,0,,0,101686112256,121122336768,0
1791591919.7404811,0.028080252930521965,2797473792,0,0,85017493504,0,0,,0,101686280192,121122336768,0
1791591919.948327,0.03584250062704086,2794336256,0,0,85017493504,0,0,,0,101682974720,121122336768,0
1791591920.1421986,0.02962600439786911,2794356736,0,0,85017493504,0,0,,0,101683548160,121122336768,0
1791591920.3413112,0.028634266927838326,2794377216,0,0,85017493504,0,0,,0,101682905088,121122336768,0
1791591920.5416791,0.028912784531712532,2798272512,0,0,85017493504,0,0,,0,101686853632,121122336768,0
1791591920.743624,0.03076942265033722,2792640512,0,0,85017493504,0,0,,0,101681123328,121122336768,0
1791591920.9420428,0.029102489352226257,2792726528,0,0,85017493504,0,0,,0,101681258496,121122336768,0
1791591921.1404083,0.027347495779395103,2792751104,0,0,85017493504,0,0,,0,101681254400,121122336768,0
1791591921.3432438,0.030098510906100273,2792853504,0,0,85017493504,0,0,,0,101681389568,121122332672,0
1791591921.5432932,0.030061429366469383,2792861696,0,0,85017493504,0,0,,0,101681381376,121122332672,0
1791591921.7396414,0.02632666751742363,2791591936,0,0,85017493504,0,0,,0,101680173056,121122332672,0
1791591921.9398046,0.026406429708003998,2787680256,0,0,85017493504,0,0,,0,101675409408,121122332672,0
1791591922.14056,0.02707868069410324,2782937088,0,0,85017493504,0,0,,0,101671170048,121122332672,0
1791591922.34048,0.026910176500678062,2779656192,0,0,85017493504,0,0,,0,101667008512,121122332672,0
1791591922.5433316,0.02966923639178276,2780647424,0,0,85017493504,0,0,,0,101669007360,121122332672,0
1791591922.7406108,0.02686251513659954,2777124864,0,0,85017493504,0,0,,0,101661261824,121122332672,0
1791591922.9436872,0.029853666201233864,2772975616,0,0,85017493504,0,0,,0,101661503488,121122332672,0
1791591923.1435533,0.02963121235370636,2770792448,0,0,85017493504,0,0,,0,101659353088,121122332672,0
1791591923.3426833,0.028674550354480743,2768375808,0,0,85017493504,0,0,,0,101643853824,121122332672,0
1791591923.5450897,0.0309977438300848,2756747264,0,0,85017493504,0,0,,0,101645279232,121122332672,0
1791591923.7441146,0.029898516833782196,2758123520,0,0,85017493504,0,0,,0,101646860288,121122332672,0
1791591923.943,0.02870074473321438,2759004160,0,0,85017493504,0,0,,0,101647732736,121122332672,0
1791591924.1440334,0.029648764058947563,2759929856,0,0,85017493504,0,0,,0,101648801792,121122332672,0
1791591924.3434482,0.028984133154153824,2753740800,0,0,85017493504,0,0,,0,101642944512,121122332672,0
1791591924.5444665,0.02988487109541893,2753781760,0,0,85017493504,0,0,,0,101641932800,121122332672,0
1791591924.7447045,0.030042292550206184,2759282688,0,0,85017493504,0,0,,0,101647785984,121122332672,0
1791591924.9444642,0.029715923592448235,2760744960,0,0,85017493504,0,0,,0,101649444864,121122332672,0
1791591925.144385,0.029552273452281952,2759766016,0,0,85017493504,0,0,,0,101648785408,121122332672,0
1791591925.3438177,0.028903823345899582,2760830976,0,0,85017493504,0,0,,0,101649588224,121122332672,0
1791591925.5438254,0.028831560164690018,2762133504,0,0,85017493504,0,0,,0,101650903040,121122332672,0
1791591925.743478,0.028399888426065445,2763661312,0,0,85017493504,0,0,,0,101652549632,121122332672,0
1791591925.9429994,0.02783982641994953,2764869632,0,0,85017493504,0,0,,0,101653397504,121122332672,0
1791591926.1438959,0.028656169772148132,2765815808,0,0,85017493504,0,0,,0,101654274048,121122332672,0
1791591926.344752,0.02943418174982071,2767327232,0,0,85017493504,0,0,,0,101656031232,121122332672,0
1791591926.5419586,0.02656177245080471,2768674816,0,0,85017493504,0,0,,0,101657120768,121122332672,0
1791591926.7419326,0.02643103525042534,2769637376,0,0,85017493504,0,0,,0,101657952256,121122332672,0
1791591926.941101,0.025514842942357063,2774990848,0,0,85017493504,0,0,,0,101663240192,121122332672,0
1791591927.1421216,0.026451198384165764,2774261760,0,0,85017493504,0,0,,0,101662470144,121122332672,0
1791591927.3440545,0.02829980105161667,2774614016,0,0,85017493504,0,0,,0,101662855168,121122332672,0
1791591927.5448222,0.028984133154153824,2777354240,0,0,85017493504,0,0,,0,101666082816,121122332672,0
1791591927.7444994,0.028579089790582657,2778230784,0,0,85017493504,0,0,,0,101666967552,121122332672,0
1791591927.944827,0.028824351727962494,2779873280,0,0,85017493504,0,0,,0,101668921344,121122332672,0
1791591928.145211,0.02912124991416931,2785222656,0,0,85017493504,0,0,,0,101673267200,121122332672,0
1791591928.3461077,0.029936565086245537,2786029568,0,0,85017493504,0,0,,0,101673984000,121122332672,0
1791591928.5455995,0.029341289773583412,2787491840,0,0,85017493504,0,0,,0,101675544576,121122332672,0
1791591928.7431316,0.026792217046022415,2783698944,0,0,85017493504,0,0,,0,101671800832,121122332672,0
1791591928.943699,0.027277741581201553,2784821248,0,0,85017493504,0,0,,0,101673148416,121122332672,0
1791591929.1450105,0.02850371226668358,2795421696,0,0,85017493504,0,0,,0,101683916800,121122332672,0
1791591929.3450036,0.028412099927663803,2796621824,0,0,85017493504,0,0,,0,101685346304,121122328576,0
1791591929.5473163,0.030641276389360428,2797748224,0,0,85017493504,0,0,,0,101686452224,121122328576,0
1791591929.7452116,0.028452742844820023,2799079424,0,0,85017493504,0,0,,0,101687730176,121122328576,0
1791591929.9455588,0.0287201926112175,2799865856,0,0,85017493504,0,0,,0,101688950784,121122328576,0
1791591930.1462703,0.029347607865929604,2800898048,0,0,85017493504,0,0,,0,101689782272,121122328576,0
1791591930.3472588,0.030255639925599098,2803101696,0,0,85017493504,0,0,,0,101692096512,121122328576,0
1791591930.5469668,0.02988317981362343,2804191232,0,0,85017493504,0,0,,0,101693136896,121122328576,0
1791591930.7443402,0.02717461995780468,2805825536,0,0,85017493504,0,0,,0,101694787584,121122328576,0
1791591930.9477427,0.030496975407004356,2807345152,0,0,85017493504,0,0,,0,101696184320,121122328576,0
1791591931.1466606,0.02933240681886673,2808221696,0,0,85017493504,0,0,,0,101697572864,121122328576,0
1791591931.3469648,0.029554739594459534,2809597952,0,0,85017493504,0,0,,0,101698387968,121122328576,0
1791591931.547505,0.03001035749912262,2810122240,0,0,85017493504,0,0,,0,101699190784,121122328576,0
1791591931.74789,0.03031177818775177,2810871808,0,0,85017493504,0,0,,0,101699801088,121122328576,0
1791591931.947053,0.02938636764883995,2812129280,0,0,85017493504,0,0,,0,101700571136,121122328576,0
1791591932.1463184,0.02856573276221752,2812956672,0,0,85017493504,0,0,,0,101702246400,121122328576,0
1791591932.3459902,0.02815084718167782,2813300736,0,0,85017493504,0,0,,0,101702123520,121122328576,0
1791591932.5452776,0.027352571487426758,2813112320,0,0,85017493504,0,0,,0,101701599232,121122328576,0
1791591932.74528,0.027270052582025528,2812174336,0,0,85017493504,0,0,,0,101700509696,121122328576,0
1791591932.9471028,0.02900545857846737,2834845696,0,0,85017493504,0,0,,0,101723348992,121122328576,0
1791591933.1467178,0.028499063104391098,2852057088,0,0,85017493504,0,0,,0,101740449792,121122328576,0
1791591933.3463936,0.02808981202542782,2832179200,0,0,85017493504,0,0,,0,101720633344,121122328576,0
1791591933.546665,0.028280887752771378,2582364160,0,0,85017493504,0,0,,0,101471080448,121122328576,0
1791591933.7472608,0.02878870815038681,2582999040,0,0,85017493504,0,0,,0,101471371264,121122328576,0
1791591933.9483042,0.029749473556876183,2586841088,0,0,85017493504,0,0,,0,101474889728,121122328576,0
1791591934.1481965,0.029547492042183876,2603028480,0,0,85017493504,0,0,,0,101490974720,121122328576,0
1791591934.3468306,0.028093554079532623,2643165184,0,0,85017493504,0,0,,0,101531176960,121122328576,0
1791591934.5469244,0.02809458039700985,2641694720,0,0,85017493504,0,0,,0,101530193920,121122328576,0
1791591934.7487028,0.029783114790916443,2656665600,0,0,85017493504,0,0,,0,101544927232,121122328576,0
1791591934.9479523,0.028943875804543495,2657198080,0,0,85017493504,0,0,,0,101545230336,121122328576,0
1791591935.1474738,0.028376279398798943,2661867520,0,0,85017493504,0,0,,0,101549412352,121122328576,0
1791591935.3466423,0.02742442861199379,2661830656,0,0,85017493504,0,0,,0,101549330432,121122328576,0
1791591935.548018,0.028708582744002342,2661961728,0,0,85017493504,0,0,,0,101549060096,121122328576,0
1791591935.7470222,0.027624240145087242,2661965824,0,0,85017493504,0,0,,0,101548736512,121122328576,0
1791591935.949153,0.029625289142131805,2661969920,0,0,85017493504,0,0,,0,101548859392,121122328576,0
1791591936.1462684,0.026657763868570328,2661969920,0,0,85017493504,0,0,,0,101548933120,121122328576,0
1791591936.3447695,0.025071844458580017,2661982208,0,0,85017493504,0,0,,0,101548761088,121122328576,0
1791591936.5448115,0.025023676455020905,2662047744,0,0,85017493504,0,0,,0,101548834816,121122328576,0
1791591936.7499595,0.030087990686297417,2662047744,0,0,85017493504,0,0,,0,101548507136,121122328576,0
1791591936.9512274,0.03124425932765007,2662326272,0,0,85017493504,0,0,,0,101548683264,121122328576,0
1791591937.1486773,0.028611011803150177,2664968192,0,0,85017493504,0,0,,0,101551407104,121122328576,0
1791591937.349147,0.02898086979985237,2664988672,0,0,85017493504,0,0,,0,101551419392,121122324480,0
1791591937.550247,0.029994718730449677,2665009152,0,0,85017493504,0,0,,0,101551464448,121122324480,0
1791591937.7467303,0.026393279433250427,2665017344,0,0,85017493504,0,0,,0,101551419392,121122324480,0
1791591937.9510267,0.03060317225754261,2665566208,0,0,85017493504,0,0,,0,101551833088,121122324480,0
1791591938.151769,0.031220555305480957,2666643456,0,0,85017493504,0,0,,0,101552975872,121122324480,0
1791591938.349898,0.0292662400752306,2667724800,0,0,85017493504,0,0,,0,101554380800,121122324480,0
1791591938.5503583,0.02963801473379135,2667810816,0,0,85017493504,0,0,,0,101553872896,121122324480,0
1791591938.7505078,0.02969791181385517,2663309312,0,0,85017493504,0,0,,0,101548879872,121122324480,0
1791591938.9506276,0.02966277487576008,2663460864,0,0,85017493504,0,0,,0,101548941312,121122324480,0
1791591939.1512833,0.030222617089748383,2655051776,0,0,85017493504,0,0,,0,101540675584,121122324480,0
1791591939.3523812,0.031233644112944603,2655174656,0,0,85017493504,0,0,,0,101537222656,121122324480,0
1791591939.55105,0.029806431382894516,2648133632,0,0,85017493504,0,0,,0,101533192192,121122324480,0
1791591939.751566,0.030234361067414284,2641559552,0,0,85017493504,0,0,,0,101526683648,121122324480,0
1791591939.9536593,0.03221763297915459,2643234816,0,0,85017493504,0,0,,0,101528821760,121122324480,0
1791591940.149034,0.027507271617650986,2636386304,0,0,85017493504,0,0,,0,101521575936,121122324480,0
1791591940.351904,0.030261307954788208,2638192640,0,0,85017493504,0,0,,0,101523791872,121122324480,0
1791591940.5512018,0.02946540340781212,2638315520,0,0,85017493504,0,0,,0,101523808256,121122324480,0
1791591940.751039,0.02921121194958687,2637258752,0,0,85017493504,0,0,,0,101522919424,121122324480,0
1791591940.9856415,0.06372254714369774,2633969664,0,0,85017493504,0,0,,0,101519794176,121122324480,0
1791591941.1521258,0.03010007180273533,2628472832,0,0,85017493504,0,0,,0,101514100736,121122324480,0
1791591941.3499599,0.027844958007335663,2625556480,0,0,85017493504,0,0,,0,101511344128,121122324480,0
1791591941.5472782,0.025077078491449356,2626281472,0,0,85017493504,0,0,,0,101512486912,121122324480,0
1791591941.7511554,0.028842562809586525,2626011136,0,0,85017493504,0,0,,0,101512159232,121122324480,0
1791591941.9503386,0.0279300045222044,2625617920,0,0,85017493504,0,0,,0,101511360512,121122324480,0
1791591942.1534283,0.030933519825339317,2628595712,0,0,85017493504,0,0,,0,101514469376,121122324480,0
1791591942.3522704,0.029681218788027763,2654507008,0,0,85017493504,0,0,,0,101539577856,121122324480,0
1791591942.5534081,0.03073040023446083,2668191744,0,0,85017493504,0,0,,0,101530669056,121122324480,0
1791591942.751489,0.02872801385819912,2525966336,0,0,85017493504,0,0,,0,101410725888,121122324480,0
1791591942.9509697,0.02812669239938259,2529542144,0,0,85017493504,0,0,,0,101414690816,121122324480,0
1791591943.1534922,0.030562331900000572,2533650432,0,0,85017493504,0,0,,0,101418774528,121122324480,0
1791591943.3526206,0.029609618708491325,2574249984,0,0,85017493504,0,0,,0,101459419136,121122324480,0
1791591943.5532749,0.03014669008553028,2619412480,0,0,85017493504,0,0,,0,101504606208,121122324480,0
1791591943.7539895,0.030765673145651817,2645835776,0,0,85017493504,0,0,,0,101531607040,121122324480,0
1791591943.951554,0.02823786251246929,2666082304,0,0,85017493504,0,0,,0,101551915008,121122324480,0
1791591944.152091,0.02868163026869297,2709852160,0,0,85017493504,0,0,,0,101595365376,121122324480,0
1791591944.3529959,0.029493480920791626,2752479232,0,0,85017493504,0,0,,0,101632421888,121122324480,0
1791591944.5494237,0.02583339251577854,2758414336,0,0,85017493504,0,0,,0,101643796480,121122324480,0
1791591944.7487574,0.0250790286809206,2741190656,0,0,85017493504,0,0,,0,101626572800,121122324480,0
1791591944.9502268,0.026461899280548096,2742632448,0,0,85017493504,0,0,,0,101627854848,121122324480,0
1791591945.1531866,0.029336940497159958,2837897216,0,0,85017493504,0,0,,0,101723066368,121122324480,0
1791591945.3542593,0.030309127643704414,2837934080,0,0,85017493504,0,0,,0,101723107328,121122320384,0
1791591945.5536458,0.029608245939016342,2820464640,0,0,85017493504,0,0,,0,101705699328,121122320384,0
1791591945.7530506,0.028923096135258675,2814726144,0,0,85017493504,0,0,,0,101696991232,121122320384,0
1791591945.9538767,0.029664956033229828,2804793344,0,0,85017493504,0,0,,0,101690134528,121122320384,0
1791591946.1507366,0.026438897475600243,2804797440,0,0,85017493504,0,0,,0,101690118144,121122320384,0
1791591946.3521721,0.027780922129750252,2804793344,0,0,85017493504,0,0,,0,101690138624,121122320384,0
1791591946.5535789,0.029100626707077026,2804793344,0,0,85017493504,0,0,,0,101690019840,121122320384,0
1791591946.7539306,0.029366303235292435,2804785152,0,0,85017493504,0,0,,0,101689987072,121122320384,0
1791591946.9510427,0.026394175365567207,2804785152,0,0,85017493504,0,0,,0,101690060800,121122320384,0
1791591947.1496687,0.024935858324170113,2804789248,0,0,85017493504,0,0,,0,101689835520,121122320384,0
1791591947.35589,0.031066209077835083,2804838400,0,0,85017493504,0,0,,0,101689847808,121122320384,0
1791591947.5516713,0.026752837002277374,2804838400,0,0,85017493504,0,0,,0,101690073088,121122320384,0
1791591947.7549355,0.0299301166087389,2804858880,0,0,85017493504,0,0,,0,101690085376,121122320384,0
1791591947.954159,0.029039211571216583,2804858880,0,0,85017493504,0,0,,0,101690171392,121122320384,0
1791591948.1538026,0.02859930880367756,2804862976,0,0,85017493504,0,0,,0,101690273792,121122320384,0
1791591948.3559127,0.030621984973549843,2804928512,0,0,85017493504,0,0,,0,101690482688,121122320384,0
1791591948.5545557,0.029149387031793594,2804928512,0,0,85017493504,0,0,,0,101690478592,121122320384,0
1791591948.7559657,0.0304717980325222,2804932608,0,0,85017493504,0,0,,0,101690503168,121122320384,0
1791591948.9566293,0.03103574551641941,2793086976,0,0,85017493504,0,0,,0,101678305280,121122320384,0
1791591949.1562214,0.030540835112333298,2797289472,0,0,85017493504,0,0,,0,101682700288,121122320384,0
1791591949.3546522,0.02888251468539238,2797289472,0,0,85017493504,0,0,,0,101682479104,121122320384,0
1791591949.5547585,0.02890673466026783,2795593728,0,0,85017493504,0,0,,0,101681106944,121122320384,0
1791591949.756039,0.030100928619503975,2792902656,0,0,85017493504,0,0,,0,101678776320,121122320384,0
1791591949.954437,0.028416864573955536,2792902656,0,0,85017493504,0,0,,0,101678874624,121122320384,0
1791591950.153667,0.027559340000152588,2792902656,0,0,85017493504,0,0,,0,101678481408,121122320384,0
1791591950.3552392,0.029002757743000984,2791514112,0,0,85017493504,0,0,,0,101677125632,121122320384,0
1791591950.5554087,0.029077384620904922,2790850560,0,0,85017493504,0,0,,0,101676146688,121122320384,0
1791591950.754879,0.0284640584141016,2787467264,0,0,85017493504,0,0,,0,101673095168,121122320384,0
1791591950.9525192,0.02601790241897106,2785320960,0,0,85017493504,0,0,,0,101670137856,121122320384,0
1791591951.1534727,0.02688967064023018,2783801344,0,0,85017493504,0,0,,0,101669568512,121122320384,0
1791591951.3540452,0.027374010533094406,2783158272,0,0,85017493504,0,0,,0,101667688448,121122320384,0
1791591951.5583456,0.03156101517379284,2781618176,0,0,85017493504,0,0,,0,101666770944,121122320384,0
1791591951.7556858,0.028810590505599976,2780930048,0,0,85017493504,0,0,,0,101666250752,121122320384,0
1791591951.957329,0.030366666615009308,2780184576,0,0,85017493504,0,0,,0,101665771520,121122320384,0
1791591952.1547422,0.02769610285758972,2779168768,0,0,85017493504,0,0,,0,101664497664,121122320384,0
1791591952.3584502,0.031285371631383896,2778509312,0,0,85017493504,0,0,,0,101663739904,121122320384,0
1791591952.5559561,0.028700144961476326,2778038272,0,0,85017493504,0,0,,0,101662883840,121122320384,0
1791591952.7561526,0.028813784942030907,2783268864,0,0,85017493504,0,0,,0,101668155392,121122320384,0
1791591952.956985,0.029565811157226562,2777776128,0,0,85017493504,0,0,,0,101662711808,121122320384,0
1791591953.1568663,0.029361838474869728,2777812992,0,0,85017493504,0,0,,0,101663313920,121122320384,0
1791591953.358125,0.030500024557113647,2781376512,0,0,85017493504,0,0,,0,101666652160,121122316288,0
1791591953.5557926,0.028083300217986107,2781413376,0,0,85017493504,0,0,,0,101666955264,121122316288,0
1791591953.7568831,0.029087141156196594,2781450240,0,0,85017493504,0,0,,0,101666996224,121122316288,0
1791591953.9561026,0.028224438428878784,2781491200,0,0,85017493504,0,0,,0,101666680832,121122316288,0
1791591954.158106,0.03014526702463627,2781532160,0,0,85017493504,0,0,,0,101667000320,121122316288,0
1791591954.355891,0.02784590981900692,2781569024,0,0,85017493504,0,0,,0,101666848768,121122316288,0
1791591954.555956,0.02782953716814518,2781675520,0,0,85017493504,0,0,,0,101666938880,121122316288,0
1791591954.7529705,0.024764493107795715,2784993280,0,0,85017493504,0,0,,0,101670412288,121122316288,0
1791591954.9580789,0.029791494831442833,2785865728,0,0,85017493504,0,0,,0,101671292928,121122316288,0
1791591955.1576126,0.029237303882837296,2786709504,0,0,85017493504,0,0,,0,101672353792,121122316288,0
1791591955.3570476,0.028588416054844856,2786992128,0,0,85017493504,0,0,,0,101672189952,121122316288,0
1791591955.5563674,0.027828184887766838,2788487168,0,0,85017493504,0,0,,0,101673398272,121122316288,0
1791591955.757856,0.029233423992991447,2789957632,0,0,85017493504,0,0,,0,101675053056,121122316288,0
1791591955.9585319,0.029818957671523094,2795659264,0,0,85017493504,0,0,,0,101681336320,121122316288,0
1791591956.1569576,0.028161054477095604,2796609536,0,0,85017493504,0,0,,0,101681885184,121122316288,0
1791591956.3552072,0.026310846209526062,2801729536,0,0,85017493504,0,0,,0,101686837248,121122316288,0
1791591956.5585685,0.029574891552329063,2802171904,0,0,85017493504,0,0,,0,101687300096,121122316288,0
1791591956.7547126,0.025632936507463455,2802704384,0,0,85017493504,0,0,,0,101687746560,121122316288,0
1791591956.959469,0.030240843072533607,2803056640,0,0,85017493504,0,0,,0,101688078336,121122316288,0
1791591957.1600218,0.030702998861670494,2806214656,0,0,85017493504,0,0,,0,101691502592,121122316288,0
1791591957.3605325,0.03112763911485672,2807046144,0,0,85017493504,0,0,,0,101691809792,121122316288,0
1791591957.5578399,0.0283547043800354,2807222272,0,0,85017493504,0,0,,0,101691899904,121122316288,0
1791591957.7592006,0.029626231640577316,2808668160,0,0,85017493504,0,0,,0,101693689856,121122316288,0
1791591957.9586785,0.029017336666584015,2810384384,0,0,85017493504,0,0,,0,101695328256,121122316288,0
1791591958.1604838,0.030722977593541145,2811822080,0,0,85017493504,0,0,,0,101697007616,121122316288,0
1791591958.3610623,0.031219080090522766,2813308928,0,0,85017493504,0,0,,0,101698437120,121122316288,0
1791591958.5582945,0.02835664711892605,2814525440,0,0,85017493504,0,0,,0,101699678208,121122316288,0
1791591958.7582562,0.028226887807250023,2815881216,0,0,85017493504,0,0,,0,101700575232,121122316288,0
1791591958.9609728,0.030859459191560745,2817421312,0,0,85017493504,0,0,,0,101702193152,121122316288,0
1791591959.160467,0.03026716783642769,2822619136,0,0,85017493504,0,0,,0,101707403264,121122316288,0
1791591959.3585434,0.02826189622282982,2823639040,0,0,85017493504,0,0,,0,101708390400,121122316288,0
1791591959.5605268,0.030158696696162224,2824732672,0,0,85017493504,0,0,,0,101709418496,121122316288,0
1791591959.7606041,0.030136289075016975,2825875456,0,0,85017493504,0,0,,0,101710712832,121122316288,0
1791591959.9610689,0.030489278957247734,2827096064,0,0,85017493504,0,0,,0,101711396864,121122316288,0
1791591960.158089,0.027417605742812157,2827882496,0,0,85017493504,0,0,,0,101712203776,121122316288,0
1791591960.359703,0.028952572494745255,2828521472,0,0,85017493504,0,0,,0,101713006592,121122316288,0
1791591960.5601492,0.029299993067979813,2829471744,0,0,85017493504,0,0,,0,101714124800,121122316288,0
1791591960.7572958,0.026365438476204872,2830393344,0,0,85017493504,0,0,,0,101715300352,121122316288,0
1791591960.9602554,0.029244612902402878,2831708160,0,0,85017493504,0,0,,0,101716963328,121122316288,0
1791591961.1573012,0.02620854414999485,2832916480,0,0,85017493504,0,0,,0,101718097920,121122316288,0
1791591961.3572896,0.026116428896784782,2834345984,0,0,85017493504,0,0,,0,101719138304,121122312192,0
1791591961.558013,0.026732318103313446,2835505152,0,0,85017493504,0,0,,0,101720211456,121122312192,0
1791591961.76183,0.030462995171546936,2837094400,0,0,85017493504,0,0,,0,101722009600,121122312192,0
1791591961.9577963,0.026347052305936813,2838077440,0,0,85017493504,0,0,,0,101723054080,121122312192,0
1791591962.1570268,0.025495363399386406,2839797760,0,0,85017493504,0,0,,0,101724446720,121122312192,0
1791591962.361331,0.029720423743128777,2840281088,0,0,85017493504,0,0,,0,101724999680,121122312192,0
1791591962.5617485,0.030033547431230545,2841427968,0,0,85017493504,0,0,,0,101726801920,121122312192,0
1791591962.7589555,0.02715611271560192,2842419200,0,0,85017493504,0,0,,0,101727412224,121122312192,0
1791591962.962171,0.030285624787211418,2848763904,0,0,85017493504,0,0,,0,101733842944,121122312192,0
1791591963.1601675,0.028201082721352577,2849210368,0,0,85017493504,0,0,,0,101734268928,121122312192,0
1791591963.360789,0.028742976486682892,2849746944,0,0,85017493504,0,0,,0,101734785024,121122312192,0
1791591963.560506,0.028378751128911972,2850942976,0,0,85017493504,0,0,,0,101735817216,121122312192,0
1791591963.7595203,0.027277493849396706,2851274752,0,0,85017493504,0,0,,0,101736189952,121122312192,0
1791591963.9581027,0.025778502225875854,2851418112,0,0,85017493504,0,0,,0,101736255488,121122312192,0
1791591964.1604862,0.02808191068470478,2852200448,0,0,85017493504,0,0,,0,101737115648,121122312192,0
1791591964.359142,0.026657938957214355,2853449728,0,0,85017493504,0,0,,0,101737996288,121122312192,0
1791591964.5594432,0.02687886729836464,2853539840,0,0,85017493504,0,0,,0,101738135552,121122312192,0
1791591964.7625382,0.029887404292821884,2853527552,0,0,85017493504,0,0,,0,101737943040,121122312192,0
1791591964.9617534,0.029000302776694298,2853502976,0,0,85017493504,0,0,,0,101737721856,121122312192,0
1791591965.162276,0.029434185475111008,2853478400,0,0,85017493504,0,0,,0,101737791488,121122312192,0
1791591965.3630807,0.030155688524246216,2853462016,0,0,85017493504,0,0,,0,101737848832,121122312192,0
1791591965.5626287,0.029612984508275986,2853384192,0,0,85017493504,0,0,,0,101728378880,121122312192,0
1791591965.7621338,0.029032599180936813,2841468928,0,0,85017493504,0,0,,0,101726109696,121122312192,0
1791591965.9624097,0.029195306822657585,2856349696,0,0,85017493504,0,0,,0,101741133824,121122312192,0
1791591966.1637077,0.030414121225476265,2888630272,0,0,85017493504,0,0,,0,101773672448,121122312192,0
1791591966.361351,0.02797766402363777,2897702912,0,0,85017493504,0,0,,0,101766017024,121122312192,0
1791591966.5646675,0.031213611364364624,2869825536,0,0,85017493504,0,0,,0,101525422080,121122312192,0
1791591966.763639,0.03008905239403248,2640523264,0,0,85017493504,0,0,,0,101525487616,121122312192,0
1791591966.9614727,0.02783918008208275,2652012544,0,0,85017493504,0,0,,0,101537447936,121122312192,0
1791591967.1644754,0.03075876273214817,2662453248,0,0,85017493504,0,0,,0,101547462656,121122312192,0
1791591967.3630397,0.02923712693154812,2697871360,0,0,85017493504,0,0,,0,101583204352,121122312192,0
1791591967.56284,0.028951872140169144,2697068544,0,0,85017493504,0,0,,0,101582241792,121122312192,0
1791591967.7642987,0.030323276296257973,2696237056,0,0,85017493504,0,0,,0,101581410304,121122312192,0
1791591967.962381,0.028313826769590378,2696368128,0,0,85017493504,0,0,,0,101581656064,121122312192,0
1791591968.163824,0.02965622767806053,2696400896,0,0,85017493504,0,0,,0,101581475840,121122312192,0
1791591968.368188,0.03393647260963917,2696396800,0,0,85017493504,0,0,,0,101581197312,121122312192,0
1791591968.5586863,0.02434186264872551,2696392704,0,0,85017493504,0,0,,0,101581291520,121122312192,0
1791591968.7610834,0.026670115068554878,2696478720,0,0,85017493504,0,0,,0,101581168640,121122312192,0
1791591968.962865,0.028360659256577492,2696482816,0,0,85017493504,0,0,,0,101581053952,121122312192,0
1791591969.162905,0.028323745355010033,2696548352,0,0,85017493504,0,0,,0,101581279232,121122312192,0
1791591969.3617454,0.02707577869296074,2696531968,0,0,85017493504,0,0,,0,101581271040,121122308096,0
1791591969.5615401,0.026782141998410225,2696540160,0,0,85017493504,0,0,,0,101581619200,121122308096,0
1791591969.7626855,0.02782873995602131,2696540160,0,0,85017493504,0,0,,0,101581717504,121122308096,0
1791591969.9646711,0.029706746339797974,2696540160,0,0,85017493504,0,0,,0,101581553664,121122308096,0
1791591970.167523,0.03247363492846489,2696540160,0,0,85017493504,0,0,,0,101581303808,121122308096,0
1791591970.3651059,0.029975350946187973,2696548352,0,0,85017493504,0,0,,0,101581516800,121122308096,0
1791591970.5636125,0.02840026654303074,2696581120,0,0,85017493504,0,0,,0,101581590528,121122308096,0
1791591970.7634604,0.02816084772348404,2696593408,0,0,85017493504,0,0,,0,101581725696,121122308096,0
1791591970.9640973,0.028716066852211952,2696880128,0,0,85017493504,0,0,,0,101581877248,121122308096,0
1791591971.1671202,0.031634025275707245,2695798784,0,0,85017493504,0,0,,0,101580759040,121122308096,0
1791591971.363139,0.027552027255296707,2694623232,0,0,85017493504,0,0,,0,101579608064,121122308096,0
1791591971.562943,0.02728201635181904,2689118208,0,0,85017493504,0,0,,0,101572472832,121122308096,0
1791591971.768444,0.032696809619665146,2685399040,0,0,85017493504,0,0,,0,101570531328,121122308096,0
1791591971.9621189,0.026281096041202545,2683211776,0,0,85017493504,0,0,,0,101565390848,121122308096,0
1791591972.1721108,0.03619571402668953,2678218752,0,0,85017493504,0,0,,0,101562564608,121122308096,0
1791591972.369895,0.03390961326658726,2674876416,0,0,85017493504,0,0,,0,101559459840,121122308096,0
1791591972.5609674,0.024902943521738052,2672762880,0,0,85017493504,0,0,,0,101557231616,121122308096,0
1791591972.7630801,0.02692875824868679,2668138496,0,0,85017493504,0,0,,0,101552570368,121122308096,0
1791591972.965429,0.02920665219426155,2666467328,0,0,85017493504,0,0,,0,101550989312,121122308096,0
1791591973.17139,0.03508617728948593,2661679104,0,0,85017493504,0,0,,0,101546102784,121122308096,0
1791591973.3634505,0.02705618180334568,2659934208,0,0,85017493504,0,0,,0,101542502400,121122308096,0
1791591973.5628204,0.02633517235517502,2655301632,0,0,85017493504,0,0,,0,101539590144,121122308096,0
1791591973.7650888,0.028502175584435463,2655633408,0,0,85017493504,0,0,,0,101539926016,121122308096,0
1791591973.9645946,0.02792339399456978,2657198080,0,0,85017493504,0,0,,0,101539885056,121122308096,0
1791591974.1636248,0.026862986385822296,2651021312,0,0,85017493504,0,0,,0,101533212672,121122308096,0
1791591974.3641632,0.027317604050040245,2663772160,0,0,85017493504,0,0,,0,101548466176,121122308096,0
1791591974.5695724,0.032640185207128525,2686418944,0,0,85017493504,0,0,,0,101552668672,121122308096,0
1791591974.764354,0.027337508276104927,2561806336,0,0,85017493504,0,0,,0,101446742016,121122308096,0
1791591974.9679732,0.03087146207690239,2565808128,0,0,85017493504,0,0,,0,101450977280,121122308096,0
1791591975.1664467,0.029225869104266167,2597179392,0,0,85017493504,0,0,,0,101482475520,121122308096,0
1791591975.3607218,0.023413781076669693,2631757824,0,0,85017493504,0,0,,0,101517078528,121122308096,0
1791591975.565659,0.028240004554390907,2644996096,0,0,85017493504,0,0,,0,101530267648,121122308096,0
1791591975.7665625,0.02901540882885456,2661642240,0,0,85017493504,0,0,,0,101546676224,121122308096,0
1791591975.9650006,0.027345171198248863,2661441536,0,0,85017493504,0,0,,0,101545938944,121122308096,0
1791591976.1659856,0.028248820453882217,2661441536,0,0,85017493504,0,0,,0,101546258432,121122308096,0
1791591976.3710277,0.03316810727119446,2661441536,0,0,85017493504,0,0,,0,101546254336,121122308096,0
1791591976.5633168,0.025368817150592804,2661437440,0,0,85017493504,0,0,,0,101546082304,121122308096,0
1791591976.7685828,0.030522791668772697,2661437440,0,0,85017493504,0,0,,0,101546168320,121122308096,0
1791591976.9667912,0.028646402060985565,2661421056,0,0,85017493504,0,0,,0,101546668032,121122308096,0
1791591977.1633375,0.02509923465549946,2661470208,0,0,85017493504,0,0,,0,101546344448,121122308096,0
1791591977.363869,0.025545883923768997,2661470208,0,0,85017493504,0,0,,0,101546201088,121122304000,0
1791591977.5668743,0.02844102494418621,2661470208,0,0,85017493504,0,0,,0,101546020864,121122304000,0
1791591977.7632687,0.024730153381824493,2661470208,0,0,85017493504,0,0,,0,101546090496,121122304000,0
1791591977.9646845,0.026042789220809937,2661470208,0,0,85017493504,0,0,,0,101545979904,121122304000,0
1791591978.1650217,0.026277655735611916,2661453824,0,0,85017493504,0,0,,0,101546082304,121122304000,0
1791591978.3659692,0.027117976918816566,2661453824,0,0,85017493504,0,0,,0,101546160128,121122304000,0
1791591978.5647447,0.02580709382891655,2661453824,0,0,85017493504,0,0,,0,101546299392,121122304000,0
1791591978.7666612,0.027622805908322334,2661453824,0,0,85017493504,0,0,,0,101546164224,121122304000,0
1791591978.9670424,0.027898212894797325,2661457920,0,0,85017493504,0,0,,0,101546262528,121122304000,0
1791591979.1685677,0.029319971799850464,2661474304,0,0,85017493504,0,0,,0,101546008576,121122304000,0
1791591979.3682463,0.028883012011647224,2661482496,0,0,85017493504,0,0,,0,101546041344,121122304000,0
1791591979.564337,0.02488085627555847,2659803136,0,0,85017493504,0,0,,0,101544046592,121122304000,0
1791591979.7689152,0.02935061976313591,2658033664,0,0,85017493504,0,0,,0,101541793792,121122304000,0
1791591979.970134,0.030478371307253838,2656710656,0,0,85017493504,0,0,,0,101540020224,121122304000,0
1791591980.1737647,0.03398873098194599,2652749824,0,0,85017493504,0,0,,0,101536632832,121122304000,0
1791591980.3706126,0.030710697174072266,2652573696,0,0,85017493504,0,0,,0,101537062912,121122304000,0
1791591980.5693855,0.029381340369582176,2651279360,0,0,85017493504,0,0,,0,101535207424,121122304000,0
1791591980.7690098,0.028914034366607666,2644672512,0,0,85017493504,0,0,,0,101529378816,121122304000,0
1791591980.969337,0.029114175587892532,2644631552,0,0,85017493504,0,0,,0,101528915968,121122304000,0
1791591981.168638,0.02832520194351673,2644631552,0,0,85017493504,0,0,,0,101528711168,121122304000,0
1791591981.3693194,0.028926024213433266,2644987904,0,0,85017493504,0,0,,0,101528993792,121122304000,0
1791591981.5699878,0.02951083891093731,2643140608,0,0,85017493504,0,0,,0,101527236608,121122304000,0
1791591981.769466,0.028903504833579063,2642612224,0,0,85017493504,0,0,,0,101527015424,121122304000,0
1791591981.9675024,0.026858830824494362,2578038784,0,0,85017493504,0,0,,0,101462753280,121122304000,0
1791591982.1689825,0.02825915440917015,2576740352,0,0,85017493504,0,0,,0,101461393408,121122304000,0
1791591982.3669152,0.026107655838131905,2583236608,0,0,85017493504,0,0,,0,101468602368,121122304000,0
1791591982.5651183,0.024221789091825485,2594865152,0,0,85017493504,0,0,,0,101480267776,121122304000,0
1791591982.7678843,0.026901666074991226,2621390848,0,0,85017493504,0,0,,0,101505937408,121122304000,0
1791591982.9712374,0.03017454594373703,2632560640,0,0,85017493504,0,0,,0,101517094912,121122304000,0
1791591983.1722484,0.03108137845993042,2637697024,0,0,85017493504,0,0,,0,101522391040,121122304000,0
1791591983.371045,0.029797032475471497,2636718080,0,0,85017493504,0,0,,0,101520515072,121122304000,0
1791591983.5717323,0.030377088114619255,2634047488,0,0,85017493504,0,0,,0,101518225408,121122304000,0
1791591983.7704532,0.028978725895285606,2634051584,0,0,85017493504,0,0,,0,101518249984,121122304000,0
1791591983.9715369,0.029978953301906586,2634055680,0,0,85017493504,0,0,,0,101518184448,121122304000,0
1791591984.1702805,0.028636420145630836,2634051584,0,0,85017493504,0,0,,0,101518450688,121122304000,0
1791591984.3684523,0.02672780491411686,2634096640,0,0,85017493504,0,0,,0,101518807040,121122304000,0
1791591984.5680218,0.02620803192257881,2634092544,0,0,85017493504,0,0,,0,101518761984,121122304000,0
1791591984.766626,0.024726176634430885,2634059776,0,0,85017493504,0,0,,0,101518954496,121122304000,0
1791591984.9715812,0.02960052154958248,2634125312,0,0,85017493504,0,0,,0,101518602240,121122304000,0
1791591985.1712322,0.029135812073946,2634129408,0,0,85017493504,0,0,,0,101518663680,121122304000,0
1791591985.3718998,0.029686136171221733,2636230656,0,0,85017493504,0,0,,0,101520859136,121122299904,0
1791591985.5712538,0.028956320136785507,2636242944,0,0,85017493504,0,0,,0,101520748544,121122299904,0
1791591985.7729414,0.030540097504854202,2636242944,0,0,85017493504,0,0,,0,101520744448,121122299904,0
1791591985.9729211,0.030438419431447983,2636242944,0,0,85017493504,0,0,,0,101520818176,121122299904,0
1791591986.1722841,0.0297054722905159,2636242944,0,0,85017493504,0,0,,0,101520773120,121122299904,0
1791591986.3713305,0.028670277446508408,2636259328,0,0,85017493504,0,0,,0,101520793600,121122299904,0
1791591986.5708385,0.028089415282011032,2636259328,0,0,85017493504,0,0,,0,101520846848,121122299904,0
1791591986.768155,0.025322606787085533,2638360576,0,0,85017493504,0,0,,0,101523050496,121122299904,0
1791591986.9738843,0.0309724323451519,2638344192,0,0,85017493504,0,0,,0,101523255296,121122299904,0
1791591987.1716983,0.028692619875073433,2640969728,0,0,85017493504,0,0,,0,101525942272,121122299904,0
1791591987.370862,0.027776477858424187,2640969728,0,0,85017493504,0,0,,0,101525938176,121122299904,0
1791591987.5721457,0.02897494100034237,2641113088,0,0,85017493504,0,0,,0,101526028288,121122299904,0
1791591987.7717302,0.02845918759703636,2641190912,0,0,85017493504,0,0,,0,101525692416,121122299904,0
1791591987.9733682,0.030016856268048286,2641207296,0,0,85017493504,0,0,,0,101525716992,121122299904,0
1791591988.170743,0.02731042541563511,2641870848,0,0,85017493504,0,0,,0,101526503424,121122299904,0
1791591988.3690147,0.02550295554101467,2644975616,0,0,85017493504,0,0,,0,101529739264,121122299904,0
1791591988.5710726,0.027470195665955544,2647031808,0,0,85017493504,0,0,,0,101531631616,121122299904,0
1791591988.7713406,0.027651194483041763,2648141824,0,0,85017493504,0,0,,0,101532782592,121122299904,0
1791591988.9740355,0.030263753607869148,2648424448,0,0,85017493504,0,0,,0,101533016064,121122299904,0
1791591989.1727962,0.02893037535250187,2648391680,0,0,85017493504,0,0,,0,101532106752,121122299904,0
1791591989.3724744,0.028491098433732986,2654842880,0,0,85017493504,0,0,,0,101539090432,121122299904,0
1791591989.5723546,0.02827354148030281,2676662272,0,0,85017493504,0,0,,0,101559685120,121122299904,0
1791591989.7747726,0.03054722771048546,2580103168,0,0,85017493504,0,0,,0,101464317952,121122299904,0
1791591989.9753168,0.03097829967737198,2582913024,0,0,85017493504,0,0,,0,101467238400,121122299904,0
1791591990.174506,0.03005276806652546,2610978816,0,0,85017493504,0,0,,0,101495779328,121122299904,0
1791591990.3719544,0.027420174330472946,2621722624,0,0,85017493504,0,0,,0,101506912256,121122299904,0
1791591990.5740876,0.029453275725245476,2663628800,0,0,85017493504,0,0,,0,101548662784,121122299904,0
1791591990.769993,0.02527167834341526,2660618240,0,0,85017493504,0,0,,0,101545725952,121122299904,0
1791591990.974101,0.029298478737473488,2676379648,0,0,85017493504,0,0,,0,101561184256,121122299904,0
1791591991.1748934,0.029974568635225296,2678771712,0,0,85017493504,0,0,,0,101563260928,121122299904,0
1791591991.3694313,0.024433348327875137,2678722560,0,0,85017493504,0,0,,0,101563117568,121122299904,0
1791591991.5753736,0.030287224799394608,2682519552,0,0,85017493504,0,0,,0,101566795776,121122299904,0
1791591991.7753263,0.030118107795715332,2682511360,0,0,85017493504,0,0,,0,101566455808,121122299904,0
1791591991.9762704,0.030941426753997803,2682511360,0,0,85017493504,0,0,,0,101566746624,121122299904,0
1791591992.173788,0.028379445895552635,2682503168,0,0,85017493504,0,0,,0,101566840832,121122299904,0
1791591992.3757,0.03020927496254444,2682503168,0,0,85017493504,0,0,,0,101566488576,121122299904,0
1791591992.576919,0.031349239870905876,2682503168,0,0,85017493504,0,0,,0,101566373888,121122299904,0
1791591992.7729843,0.027329759672284126,2685149184,0,0,85017493504,0,0,,0,101569605632,121122299904,0
1791591992.9746685,0.028934147208929062,2685153280,0,0,85017493504,0,0,,0,101569335296,121122299904,0
1791591993.175712,0.029886266216635704,2685153280,0,0,85017493504,0,0,,0,101569196032,121122299904,0
1791591993.37659,0.03065313585102558,2685153280,0,0,85017493504,0,0,,0,101569236992,121122295808,0
1791591993.576017,0.02999359369277954,2685157376,0,0,85017493504,0,0,,0,101569277952,121122295808,0
1791591993.775403,0.029287662357091904,2685157376,0,0,85017493504,0,0,,0,101569126400,121122295808,0
1791591993.9742095,0.028010165318846703,2685157376,0,0,85017493504,0,0,,0,101569466368,121122295808,0
1791591994.1736243,0.027340997010469437,2685157376,0,0,85017493504,0,0,,0,101569482752,121122295808,0
1791591994.3744848,0.028119171038269997,2685157376,0,0,85017493504,0,0,,0,101569384448,121122295808,0
1791591994.5739653,0.027505971491336823,2685202432,0,0,85017493504,0,0,,0,101569089536,121122295808,0
1791591994.7718337,0.025289392098784447,2685206528,0,0,85017493504,0,0,,0,101568917504,121122295808,0
1791591994.975813,0.029190409928560257,2685210624,0,0,85017493504,0,0,,0,101568946176,121122295808,0
1791591995.1760697,0.029359713196754456,2687881216,0,0,85017493504,0,0,,0,101571555328,121122295808,0
1791591995.377123,0.030329836532473564,2693906432,0,0,85017493504,0,0,,0,101577928704,121122295808,0
1791591995.577788,0.030887331813573837,2695155712,0,0,85017493504,0,0,,0,101579272192,121122295808,0
1791591995.7755027,0.028492197394371033,2695229440,0,0,85017493504,0,0,,0,101578969088,121122295808,0
1791591995.977246,0.03015347756445408,2700271616,0,0,85017493504,0,0,,0,101583945728,121122295808,0
1791591996.1754007,0.028227845206856728,2700615680,0,0,85017493504,0,0,,0,101584560128,121122295808,0
1791591996.376804,0.0295500960201025,2701283328,0,0,85017493504,0,0,,0,101585137664,121122295808,0
1791591996.5765805,0.029245497658848763,2701733888,0,0,85017493504,0,0,,0,101585457152,121122295808,0
1791591996.7758462,0.02842389978468418,2702102528,0,0,85017493504,0,0,,0,101585412096,121122295808,0
1791591996.978087,0.030558178201317787,2702544896,0,0,85017493504,0,0,,0,101583728640,121122295808,0
1791591997.1758704,0.028259333223104477,2702204928,0,0,85017493504,0,0,,0,101585846272,121122295808,0
1791591997.376885,0.02919124811887741,2702811136,0,0,85017493504,0,0,,0,101586817024,121122295808,0
1791591997.5775752,0.029794208705425262,2703474688,0,0,85017493504,0,0,,0,101587226624,121122295808,0
1791591997.7769785,0.029112182557582855,2700541952,0,0,85017493504,0,0,,0,101584293888,121122295808,0
1791591997.9775155,0.029536107555031776,2700992512,0,0,85017493504,0,0,,0,101584887808,121122295808,0
1791591998.177095,0.02902819775044918,2700455936,0,0,85017493504,0,0,,0,101584318464,121122295808,0
1791591998.3775294,0.029379520565271378,2715168768,0,0,85017493504,0,0,,0,101598863360,121122295808,0
1791591998.5767915,0.02854783460497856,2733514752,0,0,85017493504,0,0,,0,101617016832,121122295808,0
1791591998.777057,0.028724921867251396,2598043648,0,0,85017493504,0,0,,0,101481848832,121122295808,0
1791591998.9770453,0.028629954904317856,2609070080,0,0,85017493504,0,0,,0,101492924416,121122295808,0
1791591999.177873,0.029371701180934906,2621087744,0,0,85017493504,0,0,,0,101504995328,121122295808,0
1791591999.3781736,0.02958691120147705,2633306112,0,0,85017493504,0,0,,0,101517418496,121122295808,0
1791591999.577573,0.028900055214762688,2663112704,0,0,85017493504,0,0,,0,101547143168,121122295808,0
1791591999.7804883,0.03171331249177456,2666999808,0,0,85017493504,0,0,,0,101550751744,121122295808,0
1791591999.9752617,0.026417436078190804,2669879296,0,0,85017493504,0,0,,0,101553938432,121122295808,0
1791592000.1773322,0.0284099318087101,2669899776,0,0,85017493504,0,0,,0,101554089984,121122295808,0
1791592000.376986,0.027979332953691483,2669936640,0,0,85017493504,0,0,,0,101554106368,121122295808,0
1791592000.5759768,0.026877114549279213,2669936640,0,0,85017493504,0,0,,0,101553864704,121122295808,0
1791592000.7787907,0.02956552244722843,2669948928,0,0,85017493504,0,0,,0,101554159616,121122295808,0
1791592000.9751291,0.02581741102039814,2669940736,0,0,85017493504,0,0,,0,101554184192,121122295808,0
1791592001.1756766,0.026286255568265915,2669944832,0,0,85017493504,0,0,,0,101554196480,121122295808,0
1791592001.3748019,0.025332026183605194,2669948928,0,0,85017493504,0,0,,0,101553909760,121122291712,0
1791592001.5764477,0.02689383737742901,2669953024,0,0,85017493504,0,0,,0,101553913856,121122291712,0
1791592001.776527,0.026885509490966797,2669961216,0,0,85017493504,0,0,,0,101553942528,121122291712,0
1791592001.9772496,0.027527112513780594,2669953024,0,0,85017493504,0,0,,0,101554176000,121122291712,0
1791592002.1745462,0.0247447919100523,2669920256,0,0,85017493504,0,0,,0,101553836032,121122291712,0
1791592002.3784413,0.028560828417539597,2669944832,0,0,85017493504,0,0,,0,101553848320,121122291712,0
1791592002.573964,0.024006199091672897,2669957120,0,0,85017493504,0,0,,0,101553831936,121122291712,0
1791592002.7736082,0.023557258769869804,2669957120,0,0,85017493504,0,0,,0,101553659904,121122291712,0
1791592002.9813557,0.031202858313918114,2669985792,0,0,85017493504,0,0,,0,101553496064,121122291712,0
1791592003.180504,0.030262039974331856,2670006272,0,0,85017493504,0,0,,0,101553577984,121122291712,0
1791592003.3788366,0.028475357219576836,2670022656,0,0,85017493504,0,0,,0,101553799168,121122291712,0
1791592003.5809596,0.030513431876897812,2671255552,0,0,85017493504,0,0,,0,101554892800,121122291712,0
1791592003.7791934,0.02865886501967907,2676510720,0,0,85017493504,0,0,,0,101560004608,121122291712,0
1791592003.978059,0.027440538629889488,2676518912,0,0,85017493504,0,0,,0,101560102912,121122291712,0
1791592004.1809788,0.030277831479907036,2677084160,0,0,85017493504,0,0,,0,101560655872,121122291712,0
1791592004.3794816,0.02869497239589691,2677997568,0,0,85017493504,0,0,,0,101561573376,121122291712,0
1791592004.5785134,0.02763967029750347,2678509568,0,0,85017493504,0,0,,0,101562183680,121122291712,0
1791592004.777754,0.0267998818308115,2679422976,0,0,85017493504,0,0,,0,101563068416,121122291712,0
1791592004.977216,0.02618105709552765,2680201216,0,0,85017493504,0,0,,0,101564170240,121122291712,0
1791592005.17933,0.02821645326912403,2681876480,0,0,85017493504,0,0,,0,101565833216,121122291712,0
1791592005.379992,0.028792932629585266,2681577472,0,0,85017493504,0,0,,0,101565153280,121122291712,0
1791592005.5816176,0.030335335060954094,2680377344,0,0,85017493504,0,0,,0,101564018688,121122291712,0
1791592005.7788303,0.027466531842947006,2680795136,0,0,85017493504,0,0,,0,101564559360,121122291712,0
1791592005.9815238,0.030074767768383026,2678292480,0,0,85017493504,0,0,,0,101562236928,121122291712,0
1791592006.1802995,0.02876894734799862,2678300672,0,0,85017493504,0,0,,0,101562339328,121122291712,0
1791592006.3815486,0.029936660081148148,2678833152,0,0,85017493504,0,0,,0,101562458112,121122291712,0
1791592006.5803022,0.02860959991812706,2678841344,0,0,85017493504,0,0,,0,101562474496,121122291712,0
1791592006.7785532,0.026774276047945023,2679377920,0,0,85017493504,0,0,,0,101563355136,121122291712,0
1791592006.9807568,0.028897959738969803,2679627776,0,0,85017493504,0,0,,0,101563584512,121122291712,0
1791592007.1802464,0.028305256739258766,2679271424,0,0,85017493504,0,0,,0,101563322368,121122291712,0
1791592007.381846,0.029815837740898132,2678652928,0,0,85017493504,0,0,,0,101562032128,121122291712,0
1791592007.5813193,0.02920103259384632,2678583296,0,0,85017493504,0,0,,0,101562429440,121122291712,0
1791592007.7821748,0.029976828023791313,2678423552,0,0,85017493504,0,0,,0,101562011648,121122291712,0
1791592007.983089,0.030802002176642418,2679037952,0,0,85017493504,0,0,,0,101562486784,121122291712,0
1791592008.1826637,0.03026534616947174,2679537664,0,0,85017493504,0,0,,0,101563056128,121122291712,0
1791592008.3818245,0.02934468723833561,2682449920,0,0,85017493504,0,0,,0,101566435328,121122291712,0
1791592008.5772567,0.02468765899538994,2684592128,0,0,85017493504,0,0,,0,101568212992,121122291712,0
1791592008.7805343,0.027885552495718002,2686455808,0,0,85017493504,0,0,,0,101570101248,121122291712,0
1791592008.9808512,0.028118522837758064,2689081344,0,0,85017493504,0,0,,0,101572931584,121122291712,0
1791592009.1782367,0.025423066690564156,2689712128,0,0,85017493504,0,0,,0,101573632000,121122291712,0
1791592009.379792,0.026892131194472313,2689892352,0,0,85017493504,0,0,,0,101573836800,121122226176,0
1791592009.5800383,0.027070283889770508,2697216000,0,0,85017493504,0,0,,0,101581451264,121122226176,0
1791592009.7802966,0.027243470773100853,2728132608,0,0,85017493504,0,0,,0,101612478464,121122226176,0
1791592009.984315,0.03118206188082695,2599227392,0,0,85017493504,0,0,,0,101483900928,121122226176,0
1791592010.1806843,0.027466287836432457,2603233280,0,0,85017493504,0,0,,0,101487828992,121122226176,0
1791592010.3806863,0.027350641787052155,2616705024,0,0,85017493504,0,0,,0,101501329408,121122226176,0
1791592010.579596,0.026163524016737938,2631495680,0,0,85017493504,0,0,,0,101516099584,121122226176,0
1791592010.7800758,0.026558075100183487,2659102720,0,0,85017493504,0,0,,0,101543723008,121122226176,0
1791592010.9853292,0.03169990889728069,2663645184,0,0,85017493504,0,0,,0,101547749376,121122226176,0
1791592011.183733,0.030009077861905098,2663743488,0,0,85017493504,0,0,,0,101548101632,121122226176,0
1791592011.3830996,0.029292438179254532,2663792640,0,0,85017493504,0,0,,0,101548089344,121122226176,0
1791592011.5813947,0.027505967766046524,2663854080,0,0,85017493504,0,0,,0,101548183552,121122226176,0
1791592011.7826574,0.028687797486782074,2663882752,0,0,85017493504,0,0,,0,101548244992,121122226176,0
1791592011.9830723,0.02902069315314293,2663895040,0,0,85017493504,0,0,,0,101548228608,121122226176,0
1791592012.183047,0.02891286462545395,2663895040,0,0,85017493504,0,0,,0,101548314624,121122226176,0
1791592012.3823984,0.028183909133076668,2663882752,0,0,85017493504,0,0,,0,101548265472,121122226176,0
1791592012.5827343,0.028431443497538567,2663915520,0,0,85017493504,0,0,,0,101548113920,121122226176,0
1791592012.7825918,0.028203165158629417,2663907328,0,0,85017493504,0,0,,0,101548036096,121122226176,0
1791592012.9804122,0.025939607992768288,2663927808,0,0,85017493504,0,0,,0,101548126208,121122226176,0
1791592013.1839793,0.029425079002976418,2664017920,0,0,85017493504,0,0,,0,101548228608,121122226176,0
1791592013.3845978,0.02995912916958332,2664017920,0,0,85017493504,0,0,,0,101548322816,121122226176,0
1791592013.5847013,0.029978608712553978,2664067072,0,0,85017493504,0,0,,0,101548150784,121122226176,0
1791592013.783672,0.028863076120615005,2664083456,0,0,85017493504,0,0,,0,101548126208,121122226176,0
1791592013.9875786,0.0326660443097353,2664497152,0,0,85017493504,0,0,,0,101548679168,121122226176,0
1791592014.183574,0.028581146150827408,2669424640,0,0,85017493504,0,0,,0,101553688576,121122226176,0
1791592014.3828843,0.027809325605630875,2669424640,0,0,85017493504,0,0,,0,101553467392,121122226176,0
1791592014.579748,0.02459234558045864,2669772800,0,0,85017493504,0,0,,0,101554053120,121122226176,0
1791592014.77939,0.024153338745236397,2670456832,0,0,85017493504,0,0,,0,101554671616,121122226176,0
1791592014.9835825,0.028264397755265236,2671403008,0,0,85017493504,0,0,,0,101555589120,121122226176,0
1791592015.1851742,0.02977631613612175,2672619520,0,0,85017493504,0,0,,0,101556703232,121122226176,0
1791592015.3846443,0.029156912118196487,2673115136,0,0,85017493504,0,0,,0,101557051392,121122226176,0
1791592015.5873246,0.03175373747944832,2673549312,0,0,85017493504,0,0,,0,101557387264,121122226176,0
1791592015.7843077,0.028651390224695206,2673549312,0,0,85017493504,0,0,,0,101557641216,121122226176,0
1791592015.9862144,0.030473822727799416,2673938432,0,0,85017493504,0,0,,0,101558247424,121122226176,0
1791592016.1835372,0.027714326977729797,2674675712,0,0,85017493504,0,0,,0,101559123968,121122226176,0
1791592016.3823586,0.026456238701939583,2677288960,0,0,85017493504,0,0,,0,101561741312,121122226176,0
1791592016.585928,0.029932299628853798,2678247424,0,0,85017493504,0,0,,0,101562277888,121122226176,0
1791592016.7829483,0.026872863993048668,2678927360,0,0,85017493504,0,0,,0,101563146240,121122226176,0
1791592016.9813662,0.025212934240698814,2684755968,0,0,85017493504,0,0,,0,101568933888,121122226176,0
1791592017.1851287,0.028894653543829918,2684698624,0,0,85017493504,0,0,,0,101568667648,121122226176,0
1791592017.3857353,0.029409579932689667,2683396096,0,0,85017493504,0,0,,0,101567066112,121122226176,0
1791592017.582304,0.02589660882949829,2680463360,0,0,85017493504,0,0,,0,101564477440,121122226176,0
1791592017.7864223,0.029934069141745567,2681364480,0,0,85017493504,0,0,,0,101565308928,121122226176,0
1791592017.9874465,0.03087414614856243,2682548224,0,0,85017493504,0,0,,0,101566296064,121122226176,0
1791592018.1852207,0.02856607176363468,2681942016,0,0,85017493504,0,0,,0,101565931520,121122226176,0
1791592018.3824046,0.025668788701295853,2684805120,0,0,85017493504,0,0,,0,101567602688,121122226176,0
1791592018.5809271,0.02411067485809326,2682195968,0,0,85017493504,0,0,,0,101566038016,121122226176,0
1791592018.78137,0.024472210556268692,2696314880,0,0,85017493504,0,0,,0,101580234752,121122226176,0
1791592018.9825723,0.025594789534807205,2702675968,0,0,85017493504,0,0,,0,101586014208,121122226176,0
1791592019.1816335,0.024573178961873055,2599698432,0,0,85017493504,0,0,,0,101483827200,121122226176,0
1791592019.3849964,0.02785227634012699,2619170816,0,0,85017493504,0,0,,0,101503438848,121122226176,0
1791592019.5839205,0.026686817407608032,2630356992,0,0,85017493504,0,0,,0,101513998336,121122226176,0
1791592019.7863088,0.02899136394262314,2657697792,0,0,85017493504,0,0,,0,101541556224,121122226176,0
1791592019.9851704,0.027762945741415024,2670333952,0,0,85017493504,0,0,,0,101541666816,121122226176,0
1791592020.218014,0.06051062420010567,2687098880,0,0,85017493504,0,0,,0,101570859008,121122226176,0
1791592020.411857,0.05426748842000961,2682011648,0,0,85017493504,0,0,,0,101565947904,121122226176,0
1791592020.587148,0.029445450752973557,2681765888,0,0,85017493504,0,0,,0,101565468672,121122226176,0
1791592020.785952,0.028156407177448273,2681442304,0,0,85017493504,0,0,,0,101565116416,121122226176,0
1791592020.986222,0.028340991586446762,2681446400,0,0,85017493504,0,0,,0,101565186048,121122226176,0
1791592021.1855378,0.027576632797718048,2681466880,0,0,85017493504,0,0,,0,101565468672,121122226176,0
1791592021.387624,0.029579468071460724,2681479168,0,0,85017493504,0,0,,0,101565386752,121122226176,0
1791592021.587504,0.02937464416027069,2681483264,0,0,85017493504,0,0,,0,101565394944,121122226176,0
1791592021.7851005,0.026870429515838623,2681483264,0,0,85017493504,0,0,,0,101565071360,121122226176,0
1791592021.9870288,0.02870846726000309,2681483264,0,0,85017493504,0,0,,0,101564944384,121122226176,0
1791592022.1867852,0.02838340774178505,2681483264,0,0,85017493504,0,0,,0,101565280256,121122226176,0
1791592022.3878868,0.02940434403717518,2681491456,0,0,85017493504,0,0,,0,101565321216,121122226176,0
1791592022.5892494,0.030680548399686813,2681491456,0,0,85017493504,0,0,,0,101564895232,121122226176,0
1791592022.7846124,0.025960175320506096,2681491456,0,0,85017493504,0,0,,0,101565145088,121122226176,0
1791592022.9886131,0.02988060750067234,2681491456,0,0,85017493504,0,0,,0,101565001728,121122226176,0
1791592023.1859624,0.02714502438902855,2681491456,0,0,85017493504,0,0,,0,101565349888,121122226176,0
1791592023.3854594,0.02656986378133297,2681491456,0,0,85017493504,0,0,,0,101565001728,121122226176,0
1791592023.58902,0.03002210333943367,2681491456,0,0,85017493504,0,0,,0,101564858368,121122226176,0
1791592023.7889102,0.029823696240782738,2681491456,0,0,85017493504,0,0,,0,101564940288,121122226176,0
1791592023.986934,0.027766259387135506,2681491456,0,0,85017493504,0,0,,0,101564960768,121122226176,0
1791592024.1857915,0.026554076001048088,2681491456,0,0,85017493504,0,0,,0,101565284352,121122226176,0
1791592024.3875318,0.02821565605700016,2681487360,0,0,85017493504,0,0,,0,101564858368,121122226176,0
1791592024.5872374,0.02783878706395626,2681487360,0,0,85017493504,0,0,,0,101564928000,121122226176,0
1791592024.7873974,0.027917148545384407,2681487360,0,0,85017493504,0,0,,0,101564997632,121122226176,0
1791592024.9900925,0.030530767515301704,2681487360,0,0,85017493504,0,0,,0,101564993536,121122226176,0
1791592025.184872,0.025227487087249756,2681487360,0,0,85017493504,0,0,,0,101565054976,121122226176,0
1791592025.3848553,0.025131063535809517,2681487360,0,0,85017493504,0,0,,0,101564981248,121122226176,0
1791592025.5840645,0.024258678779006004,2681487360,0,0,85017493504,0,0,,0,101565071360,121122226176,0
1791592025.7862067,0.02631991170346737,2681495552,0,0,85017493504,0,0,,0,101565022208,121122226176,0
1791592025.9857886,0.025820042937994003,2685775872,0,0,85017493504,0,0,,0,101569200128,121122226176,0
1791592026.184248,0.024198340252041817,2687967232,0,0,85017493504,0,0,,0,101568671744,121122226176,0
1791592026.385278,0.025140784680843353,2684628992,0,0,85017493504,0,0,,0,101568065536,121122226176,0
1791592026.5867484,0.02653169073164463,2684141568,0,0,85017493504,0,0,,0,101567606784,121122226176,0
1791592026.7845454,0.024243775755167007,2683277312,0,0,85017493504,0,0,,0,101566844928,121122226176,0
1791592026.9844751,0.02409207634627819,2679197696,0,0,85017493504,0,0,,0,101562769408,121122226176,0
1791592027.1911995,0.030736517161130905,2678104064,0,0,85017493504,0,0,,0,101561868288,121122226176,0
1791592027.3910375,0.030483342707157135,2677411840,0,0,85017493504,0,0,,0,101561270272,121122226176,0
1791592027.585476,0.0248397309333086,2676649984,0,0,85017493504,0,0,,0,101560860672,121122226176,0
1791592027.7847834,0.024065347388386726,2675957760,0,0,85017493504,0,0,,0,101560242176,121122226176,0
1791592027.9848146,0.0240166112780571,2676342784,0,0,85017493504,0,0,,0,101560549376,121122226176,0
1791592028.1889842,0.028104610741138458,2676776960,0,0,85017493504,0,0,,0,101560446976,121122226176,0
1791592028.3861852,0.025225572288036346,2678038528,0,0,85017493504,0,0,,0,101561929728,121122226176,0
1791592028.5875103,0.026470588520169258,2678190080,0,0,85017493504,0,0,,0,101561966592,121122226176,0
1791592028.7856271,0.024506907910108566,2678140928,0,0,85017493504,0,0,,0,101561864192,121122226176,0
1791592028.9855504,0.024348802864551544,2678661120,0,0,85017493504,0,0,,0,101561466880,121122226176,0
1791592029.1913695,0.030087564140558243,2679328768,0,0,85017493504,0,0,,0,101563019264,121122226176,0
1791592029.3921242,0.030753249302506447,2680442880,0,0,85017493504,0,0,,0,101564407808,121122226176,0
1791592029.5896673,0.028214335441589355,2681290752,0,0,85017493504,0,0,,0,101565145088,121122226176,0
1791592029.7912521,0.029717138037085533,2682064896,0,0,85017493504,0,0,,0,101565935616,121122226176,0
1791592029.9910374,0.029416795819997787,2683404288,0,0,85017493504,0,0,,0,101567238144,121122226176,0
1791592030.1877484,0.02604692056775093,2684121088,0,0,85017493504,0,0,,0,101568049152,121122226176,0
1791592030.3851511,0.023367539048194885,2685734912,0,0,85017493504,0,0,,0,101569773568,121122226176,0
1791592030.5892396,0.027388988062739372,2686177280,0,0,85017493504,0,0,,0,101570301952,121122226176,0
1791592030.7899156,0.02798144891858101,2687098880,0,0,85017493504,0,0,,0,101571284992,121122226176,0
1791592030.9870012,0.02498297207057476,2688036864,0,0,85017493504,0,0,,0,101572243456,121122226176,0
1791592031.1863961,0.02429664321243763,2689863680,0,0,85017493504,0,0,,0,101573648384,121122226176,0
1791592031.3905036,0.028271423652768135,2690801664,0,0,85017493504,0,0,,0,101574713344,121122226176,0
1791592031.5927873,0.03047488071024418,2691702784,0,0,85017493504,0,0,,0,101576318976,121122226176,0
1791592031.7905934,0.02819911763072014,2691969024,0,0,85017493504,0,0,,0,101575499776,121122226176,0
1791592031.990227,0.027765223756432533,2693373952,0,0,85017493504,0,0,,0,101576904704,121122226176,0
1791592032.191211,0.028663545846939087,2695987200,0,0,85017493504,0,0,,0,101579702272,121122226176,0
1791592032.3883965,0.025766747072339058,2697605120,0,0,85017493504,0,0,,0,101581266944,121122226176,0
1791592032.5889132,0.026197997853159904,2697854976,0,0,85017493504,0,0,,0,101581541376,121122226176,0
1791592032.7890403,0.02624383196234703,2699644928,0,0,85017493504,0,0,,0,101583179776,121122226176,0
1791592032.9901214,0.02724127657711506,2700980224,0,0,85017493504,0,0,,0,101584732160,121122226176,0
1791592033.1918244,0.02886367216706276,2700791808,0,0,85017493504,0,0,,0,101584883712,121122226176,0
1791592033.3909657,0.027913551777601242,2700439552,0,0,85017493504,0,0,,0,101584736256,121122226176,0
1791592033.5926886,0.029554458335042,2732060672,0,0,85017493504,0,0,,0,101616275456,121122226176,0
1791592033.7931106,0.029888074845075607,2604855296,0,0,85017493504,0,0,,0,101488803840,121122226176,0
1791592033.9934862,0.030183637514710426,2609377280,0,0,85017493504,0,0,,0,101493710848,121122226176,0
1791592034.1922038,0.02881441079080105,2625200128,0,0,85017493504,0,0,,0,101509640192,121122226176,0
1791592034.3924603,0.028965717181563377,2631393280,0,0,85017493504,0,0,,0,101515460608,121122226176,0
1791592034.5908558,0.027280887588858604,2668253184,0,0,85017493504,0,0,,0,101552152576,121122226176,0
1791592034.7919562,0.02829791232943535,2674135040,0,0,85017493504,0,0,,0,101558149120,121122226176,0
1791592034.9908106,0.027070526033639908,2675474432,0,0,85017493504,0,0,,0,101559554048,121122226176,0
1791592035.190765,0.026943881064653397,2675507200,0,0,85017493504,0,0,,0,101559607296,121122226176,0
1791592035.3956988,0.031796228140592575,2675605504,0,0,85017493504,0,0,,0,101559717888,121122226176,0
1791592035.594233,0.030224699527025223,2675613696,0,0,85017493504,0,0,,0,101559730176,121122226176,0
1791592035.793543,0.02944861352443695,2675613696,0,0,85017493504,0,0,,0,101559226368,121122226176,0
1791592035.9937508,0.029526622965931892,2675605504,0,0,85017493504,0,0,,0,101559382016,121122226176,0
1791592036.1918416,0.027519138529896736,2675605504,0,0,85017493504,0,0,,0,101559328768,121122226176,0
1791592036.3912816,0.02684764564037323,2675617792,0,0,85017493504,0,0,,0,101559713792,121122275328,0
1791592036.5902584,0.025729861110448837,2675625984,0,0,85017493504,0,0,,0,101559799808,121122275328,0
1791592036.7917037,0.02708199806511402,2675642368,0,0,85017493504,0,0,,0,101559365632,121122275328,0
1791592036.9928331,0.028110632672905922,2675642368,0,0,85017493504,0,0,,0,101559681024,121122275328,0
1791592037.1954522,0.030637284740805626,2675773440,0,0,85017493504,0,0,,0,101559058432,121122275328,0
1791592037.3924747,0.027569960802793503,2675773440,0,0,85017493504,0,0,,0,101558951936,121122275328,0
1791592037.5934916,0.028516793623566628,2675773440,0,0,85017493504,0,0,,0,101558951936,121122275328,0
1791592037.7927346,0.027671141549944878,2675765248,0,0,85017493504,0,0,,0,101558738944,121122275328,0
1791592037.9935043,0.028357813134789467,2675777536,0,0,85017493504,0,0,,0,101558616064,121122275328,0
1791592038.195364,0.03012479655444622,2675785728,0,0,85017493504,0,0,,0,101558923264,121122275328,0
1791592038.397981,0.03263969533145428,2675785728,0,0,85017493504,0,0,,0,101559279616,121122275328,0
1791592038.5972292,0.031796135008335114,2675785728,0,0,85017493504,0,0,,0,101559193600,121122275328,0
1791592038.7940845,0.028552671894431114,2675785728,0,0,85017493504,0,0,,0,101558890496,121122275328,0
1791592038.9954648,0.029828814789652824,2676776960,0,0,85017493504,0,0,,0,101559300096,121122275328,0
1791592039.2006588,0.03493381291627884,2676846592,0,0,85017493504,0,0,,0,101559271424,121122275328,0
1791592039.395253,0.029427295550704002,2676846592,0,0,85017493504,0,0,,0,101559599104,121122275328,0
1791592039.5966535,0.030729243531823158,2676850688,0,0,85017493504,0,0,,0,101559578624,121122275328,0
1791592039.7960374,0.030030619353055954,2677002240,0,0,85017493504,0,0,,0,101559857152,121122275328,0
1791592039.9937325,0.027646111324429512,2677002240,0,0,85017493504,0,0,,0,101559635968,121122275328,0
1791592040.1974068,0.031234268099069595,2677002240,0,0,85017493504,0,0,,0,101559840768,121122275328,0
1791592040.392981,0.026769675314426422,2677002240,0,0,85017493504,0,0,,0,101559799808,121122275328,0
1791592040.5946703,0.028375715017318726,2678579200,0,0,85017493504,0,0,,0,101561421824,121122275328,0
1791592040.7963848,0.0299898199737072,2681208832,0,0,85017493504,0,0,,0,101563584512,121122275328,0
1791592040.9961,0.029620205983519554,2684846080,0,0,85017493504,0,0,,0,101567471616,121122275328,0
1791592041.197398,0.030817871913313866,2700087296,0,0,85017493504,0,0,,0,101579567104,121122275328,0
1791592041.395528,0.028841495513916016,2608295936,0,0,85017493504,0,0,,0,101491499008,121122226176,0
1791592041.5962255,0.02945748157799244,2612420608,0,0,85017493504,0,0,,0,101495574528,121122226176,0
1791592041.7960951,0.0292260330170393,2634248192,0,0,85017493504,0,0,,0,101517725696,121122226176,0
1791592041.9922035,0.025259360671043396,2667929600,0,0,85017493504,0,0,,0,101551648768,121122226176,0
1791592042.1954515,0.028381437063217163,2686836736,0,0,85017493504,0,0,,0,101549703168,121122226176,0
1791592042.3917885,0.024627160280942917,2696994816,0,0,85017493504,0,0,,0,101580713984,121122226176,0
1791592042.5897653,0.022516371682286263,2703507456,0,0,85017493504,0,0,,0,101587058688,121122226176,0
1791592042.7894278,0.02211066521704197,2708934656,0,0,85017493504,0,0,,0,101592002560,121122226176,0
1791592042.9963999,0.028992854058742523,2708938752,0,0,85017493504,0,0,,0,101592264704,121122226176,0
1791592043.1931098,0.02559783309698105,2708934656,0,0,85017493504,0,0,,0,101591617536,121122226176,0
1791592043.3965182,0.028925340622663498,2708996096,0,0,85017493504,0,0,,0,101591580672,121122226176,0
1791592043.5995653,0.031889958307147026,2708996096,0,0,85017493504,0,0,,0,101591756800,121122226176,0
1791592043.799189,0.031429924070835114,2708996096,0,0,85017493504,0,0,,0,101592100864,121122226176,0
1791592043.995482,0.02763492986559868,2709012480,0,0,85017493504,0,0,,0,101591973888,121122226176,0
1791592044.192988,0.025074724107980728,2709000192,0,0,85017493504,0,0,,0,101592129536,121122226176,0
1791592044.3887928,0.020813312381505966,2709000192,0,0,85017493504,0,0,,0,101591994368,121122226176,0
1791592044.5902512,0.022206835448741913,2709000192,0,0,85017493504,0,0,,0,101592051712,121122226176,0
1791592044.7910511,0.02293979749083519,2709004288,0,0,85017493504,0,0,,0,101591982080,121122226176,0
1791592044.9902334,0.022026818245649338,2709004288,0,0,85017493504,0,0,,0,101591756800,121122226176,0
1791592045.1910517,0.02278023213148117,2711629824,0,0,85017493504,0,0,,0,101594480640,121122226176,0
1791592045.3978326,0.029498213902115822,2711629824,0,0,85017493504,0,0,,0,101594574848,121122226176,0
1791592045.5961275,0.027709539979696274,2711629824,0,0,85017493504,0,0,,0,101594931200,121122226176,0
1791592045.7982976,0.029816003516316414,2711629824,0,0,85017493504,0,0,,0,101595029504,121122226176,0
1791592045.9959557,0.027387399226427078,2711629824,0,0,85017493504,0,0,,0,101594902528,121122226176,0
1791592046.192062,0.023428361862897873,2711633920,0,0,85017493504,0,0,,0,101594927104,121122226176,0
1791592046.3919353,0.023236412554979324,2712690688,0,0,85017493504,0,0,,0,101596033024,121122226176,0
1791592046.5916467,0.022881248965859413,2713251840,0,0,85017493504,0,0,,0,101596569600,121122226176,0
1791592046.7901492,0.021317360922694206,2713255936,0,0,85017493504,0,0,,0,101596262400,121122226176,0
1791592046.9892135,0.020311439409852028,2713300992,0,0,85017493504,0,0,,0,101595930624,121122226176,0
1791592047.1920106,0.02304350771009922,2713329664,0,0,85017493504,0,0,,0,101595992064,121122226176,0
1791592047.3986816,0.029650170356035233,2714472448,0,0,85017493504,0,0,,0,101597396992,121122226176,0
1791592047.5957124,0.026597827672958374,2714492928,0,0,85017493504,0,0,,0,101597138944,121122226176,0
1791592047.7958627,0.026661135256290436,2714542080,0,0,85017493504,0,0,,0,101597470720,121122226176,0
1791592047.996793,0.027508221566677094,2717192192,0,0,85017493504,0,0,,0,101600043008,121122226176,0
1791592048.1919107,0.0225619375705719,2717208576,0,0,85017493504,0,0,,0,101599793152,121122226176,0
1791592048.3927534,0.02333851158618927,2717229056,0,0,85017493504,0,0,,0,101599887360,121122226176,0
1791592048.5919406,0.02246132679283619,2716758016,0,0,85017493504,0,0,,0,101599141888,121122226176,0
1791592048.792071,0.022522686049342155,2721349632,0,0,85017493504,0,0,,0,101603639296,121122226176,0
1791592048.9935267,0.023912953212857246,2720673792,0,0,85017493504,0,0,,0,101602938880,121122226176,0
1791592049.1980917,0.028398355469107628,2718949376,0,0,85017493504,0,0,,0,101601116160,121122226176,0
1791592049.3987699,0.028995070606470108,2719723520,0,0,85017493504,0,0,,0,101601898496,121122226176,0
1791592049.5997555,0.029895948246121407,2725199872,0,0,85017493504,0,0,,0,101607870464,121122226176,0
1791592049.7980926,0.02815050259232521,2721914880,0,0,85017493504,0,0,,0,101604802560,121122226176,0
1791592049.9943147,0.024302585050463676,2723389440,0,0,85017493504,0,0,,0,101606105088,121122226176,0
1791592050.1932592,0.02318240888416767,2725916672,0,0,85017493504,0,0,,0,101609005056,121122226176,0
1791592050.3911083,0.020966462790966034,2727178240,0,0,85017493504,0,0,,0,101610029056,121122226176,0
1791592050.5921493,0.021939469501376152,2726993920,0,0,85017493504,0,0,,0,101609930752,121122226176,0
1791592050.7905543,0.02027958072721958,2730442752,0,0,85017493504,0,0,,0,101613551616,121122226176,0
1791592050.9898915,0.01955251395702362,2730045440,0,0,85017493504,0,0,,0,101613096960,121122226176,0
1791592051.198146,0.027743294835090637,2730045440,0,0,85017493504,0,0,,0,101613092864,121122226176,0
1791592051.399131,0.028646320104599,2732146688,0,0,85017493504,0,0,,0,101614735360,121122226176,0
1791592051.598079,0.02750403806567192,2732105728,0,0,85017493504,0,0,,0,101614645248,121122226176,0
1791592051.7931297,0.022487564012408257,2733928448,0,0,85017493504,0,0,,0,101616422912,121122226176,0
1791592051.9979956,0.027288243174552917,2736205824,0,0,85017493504,0,0,,0,101618728960,121122226176,0
1791592052.1944404,0.023667896166443825,2740178944,0,0,85017493504,0,0,,0,101622800384,121122226176,0
1791592052.3954768,0.02463904395699501,2740187136,0,0,85017493504,0,0,,0,101622894592,121122226176,0
1791592052.5914893,0.0205861646682024,2740355072,0,0,85017493504,0,0,,0,101623209984,121122226176,0
1791592052.7927904,0.021818427368998528,2740310016,0,0,85017493504,0,0,,0,101623259136,121122226176,0
1791592052.997295,0.026242483407258987,2759028736,0,0,85017493504,0,0,,0,101641936896,121122226176,0
1791592053.2001386,0.029004843905568123,2764357632,0,0,85017493504,0,0,,0,101647237120,121122226176,0
1791592053.4004931,0.029279818758368492,2626015232,0,0,85017493504,0,0,,0,101509181440,121122226176,0
1791592053.5984519,0.027155131101608276,2632679424,0,0,85017493504,0,0,,0,101516251136,121122226176,0
1791592053.7989295,0.027567707002162933,2644033536,0,0,85017493504,0,0,,0,101527371776,121122226176,0
1791592054.000747,0.029282737523317337,2669965312,0,0,85017493504,0,0,,0,101553115136,121122226176,0
1791592054.199255,0.027707671746611595,2681462784,0,0,85017493504,0,0,,0,101564665856,121122226176,0
1791592054.3950226,0.023409321904182434,2688229376,0,0,85017493504,0,0,,0,101571301376,121122226176,0
1791592054.5930002,0.021323028951883316,2688372736,0,0,85017493504,0,0,,0,101571395584,121122226176,0
1791592054.7916536,0.019912345334887505,2692612096,0,0,85017493504,0,0,,0,101575409664,121122226176,0
1791592054.99108,0.01927383802831173,2692612096,0,0,85017493504,0,0,,0,101575589888,121122226176,0
1791592055.1969385,0.025067925453186035,2692628480,0,0,85017493504,0,0,,0,101575593984,121122226176,0
1791592055.402449,0.0304853692650795,2692616192,0,0,85017493504,0,0,,0,101574832128,121122226176,0
1791592055.5999682,0.027922874316573143,2692616192,0,0,85017493504,0,0,,0,101575442432,121122226176,0
1791592055.8017547,0.02962651662528515,2692632576,0,0,85017493504,0,0,,0,101575499776,121122226176,0
1791592056.0010056,0.028787853196263313,2692648960,0,0,85017493504,0,0,,0,101575839744,121122226176,0
1791592056.1987052,0.02640780620276928,2692648960,0,0,85017493504,0,0,,0,101575929856,121122226176,0
1791592056.396548,0.024186667054891586,2692648960,0,0,85017493504,0,0,,0,101575950336,121122226176,0
1791592056.5960004,0.023574132472276688,2692648960,0,0,85017493504,0,0,,0,101575950336,121122226176,0
1791592056.7949822,0.022491421550512314,2692648960,0,0,85017493504,0,0,,0,101576040448,121122226176,0
1791592056.99469,0.022132311016321182,2692648960,0,0,85017493504,0,0,,0,101575892992,121122226176,0
1791592057.1999278,0.027287540957331657,2692648960,0,0,85017493504,0,0,,0,101575905280,121122226176,0
1791592057.4023526,0.029630528762936592,2692632576,0,0,85017493504,0,0,,0,101576032256,121122226176,0
1791592057.6019015,0.029097143560647964,2692608000,0,0,85017493504,0,0,,0,101576216576,121122226176,0
1791592057.8032048,0.030317584052681923,2692608000,0,0,85017493504,0,0,,0,101576581120,121122226176,0
1791592058.0001392,0.02714228443801403,2692608000,0,0,85017493504,0,0,,0,101576400896,121122226176,0
1791592058.1955385,0.02247469127178192,2692612096,0,0,85017493504,0,0,,0,101576159232,121122226176,0
1791592058.3950136,0.021886130794882774,2693603328,0,0,85017493504,0,0,,0,101577043968,121122226176,0
1791592058.5962338,0.023041510954499245,2693603328,0,0,85017493504,0,0,,0,101576769536,121122226176,0
1791592058.7934856,0.020226120948791504,2693668864,0,0,85017493504,0,0,,0,101576749056,121122226176,0
1791592058.9947548,0.021430594846606255,2693668864,0,0,85017493504,0,0,,0,101576839168,121122226176,0
1791592059.195983,0.022594179958105087,2693668864,0,0,85017493504,0,0,,0,101576794112,121122226176,0
1791592059.400461,0.026990002021193504,2693668864,0,0,85017493504,0,0,,0,101575585792,121122226176,0
1791592059.6248019,0.05122089385986328,2694320128,0,0,85017493504,0,0,,0,101576560640,121122226176,0
1791592059.8010092,0.02734540030360222,2695073792,0,0,85017493504,0,0,,0,101577392128,121122226176,0
1791592060.0053425,0.03159487619996071,2697134080,0,0,85017493504,0,0,,0,101579571200,121122226176,0
1791592060.2021294,0.028277281671762466,2702385152,0,0,85017493504,0,0,,0,101584891904,121122226176,0
1791592060.402324,0.028393350541591644,2703962112,0,0,85017493504,0,0,,0,101586624512,121122226176,0
1791592060.600488,0.026475152000784874,2703241216,0,0,85017493504,0,0,,0,101585907712,121122226176,0
1791592060.79806,0.02396555244922638,2727378944,0,0,85017493504,0,0,,0,101610119168,121122226176,0
1791592060.9973378,0.023111529648303986,2628628480,0,0,85017493504,0,0,,0,101510004736,121122226176,0
1791592061.1972508,0.02293822541832924,2632351744,0,0,85017493504,0,0,,0,101514883072,121122226176,0
1791592061.4036224,0.029235465452075005,2651918336,0,0,85017493504,0,0,,0,101534666752,121122226176,0
1791592061.6036763,0.0292016863822937,2661511168,0,0,85017493504,0,0,,0,101544402944,121122226176,0
1791592061.8054538,0.03086691163480282,2699354112,0,0,85017493504,0,0,,0,101582290944,121122226176,0
1791592062.003564,0.028847718611359596,2697560064,0,0,85017493504,0,0,,0,101580312576,121122226176,0
1791592062.1983173,0.02353658340871334,2710728704,0,0,85017493504,0,0,,0,101593026560,121122226176,0
1791592062.3951364,0.020291512832045555,2710786048,0,0,85017493504,0,0,,0,101593387008,121122226176,0
1791592062.5947185,0.01981074921786785,2710798336,0,0,85017493504,0,0,,0,101593477120,121122226176,0
1791592062.7944877,0.01951746828854084,2710810624,0,0,85017493504,0,0,,0,101593505792,121122226176,0
1791592062.9973042,0.02226868085563183,2710810624,0,0,85017493504,0,0,,0,101593276416,121122226176,0
1791592063.202017,0.026918623596429825,2710798336,0,0,85017493504,0,0,,0,101593776128,121122226176,0
1791592063.402669,0.02745097503066063,2710802432,0,0,85017493504,0,0,,0,101593604096,121122226176,0
1791592063.6063802,0.03108215518295765,2710818816,0,0,85017493504,0,0,,0,101593686016,121122226176,0
1791592063.805372,0.029992302879691124,2710818816,0,0,85017493504,0,0,,0,101593952256,121122226176,0
1791592064.0030444,0.02757803164422512,2710818816,0,0,85017493504,0,0,,0,101593776128,121122226176,0
1791592064.1975513,0.0220202449709177,2710818816,0,0,85017493504,0,0,,0,101593882624,121122226176,0
1791592064.395948,0.02034168131649494,2710818816,0,0,85017493504,0,0,,0,101593956352,121122226176,0
1791592064.5990558,0.023374365642666817,2710818816,0,0,85017493504,0,0,,0,101593497600,121122226176,0
1791592064.7961433,0.020397532731294632,2710818816,0,0,85017493504,0,0,,0,101593300992,121122226176,0
1791592064.9998481,0.02402626909315586,2710818816,0,0,85017493504,0,0,,0,101593399296,121122226176,0
1791592065.206207,0.03030717745423317,2710822912,0,0,85017493504,0,0,,0,101593493504,121122226176,0
1791592065.4043293,0.028326980769634247,2710822912,0,0,85017493504,0,0,,0,101593776128,121122226176,0
1791592065.6052604,0.02917890064418316,2713448448,0,0,85017493504,0,0,,0,101596237824,121122226176,0
1791592065.8049183,0.028701163828372955,2713432064,0,0,85017493504,0,0,,0,101596307456,121122226176,0
1791592065.9969788,0.020695392042398453,2713432064,0,0,85017493504,0,0,,0,101596045312,121122226176,0
1791592066.1958258,0.019478797912597656,2713399296,0,0,85017493504,0,0,,0,101596008448,121122226176,0
1791592066.3961225,0.019711317494511604,2713399296,0,0,85017493504,0,0,,0,101596106752,121122226176,0
1791592066.5957808,0.01930510438978672,2713399296,0,0,85017493504,0,0,,0,101596041216,121122226176,0
1791592066.7958822,0.019338836893439293,2713399296,0,0,85017493504,0,0,,0,101595877376,121122226176,0
1791592066.9959116,0.01930359937250614,2713399296,0,0,85017493504,0,0,,0,101595856896,121122226176,0
1791592067.1958337,0.019161680713295937,2718900224,0,0,85017493504,0,0,,0,101601718272,121122226176,0
1791592067.4049368,0.028202347457408905,2718961664,0,0,85017493504,0,0,,0,101601804288,121122226176,0
1791592067.6071265,0.030304672196507454,2723266560,0,0,85017493504,0,0,,0,101606182912,121122226176,0
1791592067.806685,0.029766488820314407,2725183488,0,0,85017493504,0,0,,0,101607800832,121122226176,0
1791592068.0058799,0.028867067769169807,2725171200,0,0,85017493504,0,0,,0,101607858176,121122226176,0
1791592068.2040932,0.026998328045010567,2724057088,0,0,85017493504,0,0,,0,101606813696,121122226176,0
1791592068.4016495,0.02439890429377556,2721181696,0,0,85017493504,0,0,,0,101603647488,121122226176,0
1791592068.6032178,0.025885963812470436,2722144256,0,0,85017493504,0,0,,0,101605048320,121122226176,0
1791592068.8017697,0.024350548163056374,2722766848,0,0,85017493504,0,0,,0,101605650432,121122226176,0
1791592069.0029378,0.02543064020574093,2724265984,0,0,85017493504,0,0,,0,101607108608,121122226176,0
1791592069.2013776,0.023790236562490463,2726768640,0,0,85017493504,0,0,,0,101609656320,121122226176,0
1791592069.4015782,0.023908767849206924,2726404096,0,0,85017493504,0,0,,0,101609213952,121122226176,0
1791592069.606907,0.02915121614933014,2730246144,0,0,85017493504,0,0,,0,101612462080,121122226176,0
1791592069.8064141,0.02857190929353237,2756263936,0,0,85017493504,0,0,,0,101638762496,121122226176,0
1791592070.0047271,0.026810409501194954,2638872576,0,0,85017493504,0,0,,0,101521616896,121122226176,0
1791592070.2068958,0.02889162115752697,2643529728,0,0,85017493504,0,0,,0,101526339584,121122226176,0
1791592070.4045806,0.026487447321414948,2650271744,0,0,85017493504,0,0,,0,101533511680,121122226176,0
1791592070.6030247,0.02480999566614628,2662830080,0,0,85017493504,0,0,,0,101545865216,121122226176,0
1791592070.8022475,0.023951483890414238,2700525568,0,0,85017493504,0,0,,0,101583441920,121122226176,0
1791592071.0073,0.028914151713252068,2698919936,0,0,85017493504,0,0,,0,101577838592,121122226176,0
1791592071.200405,0.02192012034356594,2712481792,0,0,85017493504,0,0,,0,101594779648,121122226176,0
1791592071.407104,0.02853390760719776,2711412736,0,0,85017493504,0,0,,0,101593313280,121122226176,0
1791592071.607769,0.02911432832479477,2710884352,0,0,85017493504,0,0,,0,101593112576,121122226176,0
1791592071.8065493,0.027779167518019676,2710900736,0,0,85017493504,0,0,,0,101593432064,121122226176,0
1791592072.0069804,0.02812124975025654,2717200384,0,0,85017493504,0,0,,0,101599666176,121122226176,0
1791592072.2078726,0.028928840532898903,2717200384,0,0,85017493504,0,0,,0,101599756288,121122226176,0
1791592072.4076078,0.028580285608768463,2717200384,0,0,85017493504,0,0,,0,101599657984,121122226176,0
1791592072.6059868,0.026875656098127365,2717200384,0,0,85017493504,0,0,,0,101599854592,121122226176,0
1791592072.8060856,0.02688325196504593,2719825920,0,0,85017493504,0,0,,0,101601918976,121122226176,0
1791592073.006481,0.02719705179333687,2719825920,0,0,85017493504,0,0,,0,101602213888,121122226176,0
1791592073.207304,0.02795051597058773,2719825920,0,0,85017493504,0,0,,0,101602500608,121122226176,0
1791592073.4065008,0.027048641815781593,2719825920,0,0,85017493504,0,0,,0,101602357248,121122226176,0
1791592073.6092823,0.029710596427321434,2719809536,0,0,85017493504,0,0,,0,101602439168,121122226176,0
1791592073.809819,0.03015657141804695,2719813632,0,0,85017493504,0,0,,0,101602369536,121122226176,0
1791592074.0101092,0.030361922457814217,2719879168,0,0,85017493504,0,0,,0,101602074624,121122226176,0
1791592074.208478,0.02863745577633381,2719879168,0,0,85017493504,0,0,,0,101602177024,121122226176,0
1791592074.4101028,0.03018035739660263,2719879168,0,0,85017493504,0,0,,0,101602369536,121122226176,0
1791592074.607775,0.02777165174484253,2719879168,0,0,85017493504,0,0,,0,101602160640,121122226176,0
1791592074.8078973,0.02781073749065399,2719879168,0,0,85017493504,0,0,,0,101602254848,121122226176,0
1791592075.0057838,0.02561418153345585,2719981568,0,0,85017493504,0,0,,0,101602652160,121122226176,0
1791592075.2078211,0.027558838948607445,2720104448,0,0,85017493504,0,0,,0,101602684928,121122226176,0
1791592075.4046729,0.024326160550117493,2722729984,0,0,85017493504,0,0,,0,101605400576,121122226176,0
1791592075.6100795,0.029651504009962082,2724335616,0,0,85017493504,0,0,,0,101607051264,121122226176,0
1791592075.810188,0.029674379155039787,2724806656,0,0,85017493504,0,0,,0,101607825408,121122226176,0
1791592076.0087688,0.028164567425847054,2730053632,0,0,85017493504,0,0,,0,101613092864,121122226176,0
1791592076.2050836,0.024411344900727272,2730917888,0,0,85017493504,0,0,,0,101614231552,121122226176,0
1791592076.4104958,0.029715945944190025,2732326912,0,0,85017493504,0,0,,0,101615538176,121122226176,0
1791592076.6097906,0.028920669108629227,2733674496,0,0,85017493504,0,0,,0,101616861184,121122226176,0
1791592076.8055494,0.024597590789198875,2734452736,0,0,85017493504,0,0,,0,101618003968,121122226176,0
1791592077.005918,0.024899359792470932,2734395392,0,0,85017493504,0,0,,0,101617750016,121122226176,0
1791592077.210994,0.029887080192565918,2744930304,0,0,85017493504,0,0,,0,101628321792,121122226176,0
1791592077.426363,0.04512874037027359,2776346624,0,0,85017493504,0,0,,0,101658947584,121122226176,0
1791592077.6132379,0.03189147636294365,2645622784,0,0,85017493504,0,0,,0,101526126592,121122226176,0
1791592077.8100262,0.02858974039554596,2647777280,0,0,85017493504,0,0,,0,101529567232,121122226176,0
1791592078.0120156,0.030493900179862976,2660233216,0,0,85017493504,0,0,,0,101542866944,121122226176,0
1791592078.209336,0.027730807662010193,2665402368,0,0,85017493504,0,0,,0,101548453888,121122226176,0
1791592078.4059992,0.024308864027261734,2701488128,0,0,85017493504,0,0,,0,101584150528,121122226176,0
1791592078.6060288,0.02425577864050865,2699882496,0,0,85017493504,0,0,,0,101582471168,121122226176,0
1791592078.8118792,0.030014460906386375,2701574144,0,0,85017493504,0,0,,0,101583814656,121122226176,0
1791592079.010285,0.028335001319646835,2701635584,0,0,85017493504,0,0,,0,101583822848,121122226176,0
1791592079.2083242,0.026294773444533348,2701639680,0,0,85017493504,0,0,,0,101583917056,121122226176,0
1791592079.4088254,0.026717234402894974,2701651968,0,0,85017493504,0,0,,0,101584027648,121122226176,0
1791592079.6083028,0.026071202009916306,2701684736,0,0,85017493504,0,0,,0,101584011264,121122226176,0
1791592079.812142,0.029826492071151733,2701688832,0,0,85017493504,0,0,,0,101584101376,121122226176,0
1791592080.0111234,0.02871185913681984,2701692928,0,0,85017493504,0,0,,0,101584457728,121122226176,0
1791592080.2077584,0.025267653167247772,2701684736,0,0,85017493504,0,0,,0,101584445440,121122226176,0
1791592080.4095988,0.027026647701859474,2701713408,0,0,85017493504,0,0,,0,101584334848,121122226176,0
1791592080.6064222,0.023771898820996284,2701713408,0,0,85017493504,0,0,,0,101584035840,121122226176,0
1791592080.806265,0.023534879088401794,2701713408,0,0,85017493504,0,0,,0,101584134144,121122226176,0
1791592081.0062582,0.023449040949344635,2701713408,0,0,85017493504,0,0,,0,101584220160,121122226176,0
1791592081.2065058,0.023617975413799286,2701713408,0,0,85017493504,0,0,,0,101584269312,121122226176,0
1791592081.4079537,0.02498616836965084,2701713408,0,0,85017493504,0,0,,0,101584367616,121122226176,0
1791592081.6107655,0.027706695720553398,2701725696,0,0,85017493504,0,0,,0,101583953920,121122226176,0
1791592081.811252,0.028114063665270805,2701725696,0,0,85017493504,0,0,,0,101584310272,121122226176,0
1791592082.0119212,0.02869933471083641,2701725696,0,0,85017493504,0,0,,0,101584044032,121122226176,0
1791592082.2122304,0.028892608359456062,2701725696,0,0,85017493504,0,0,,0,101584613376,121122226176,0
1791592082.410667,0.027247348800301552,2703327232,0,0,85017493504,0,0,,0,101585997824,121122226176,0
1791592082.6092346,0.02573426254093647,2704060416,0,0,85017493504,0,0,,0,101586690048,121122226176,0
1791592082.8084733,0.024891098961234093,2704060416,0,0,85017493504,0,0,,0,101586784256,121122226176,0
1791592083.0104427,0.026781056076288223,2704093184,0,0,85017493504,0,0,,0,101586538496,121122226176,0
1791592083.211822,0.028068820014595985,2706722816,0,0,85017493504,0,0,,0,101588705280,121122226176,0
1791592083.4095192,0.02568243443965912,2707812352,0,0,85017493504,0,0,,0,101589889024,121122226176,0
1791592083.6106944,0.026776878163218498,2707816448,0,0,85017493504,0,0,,0,101589954560,121122226176,0
1791592083.8146217,0.030621889978647232,2708410368,0,0,85017493504,0,0,,0,101590835200,121122226176,0
1791592084.0142787,0.030191510915756226,2710724608,0,0,85017493504,0,0,,0,101593161728,121122226176,0
1791592084.2154317,0.0312070120126009,2730106880,0,0,85017493504,0,0,,0,101612785664,121122226176,0
1791592084.4118183,0.027505747973918915,2514591744,0,0,85017493504,0,0,,0,101315346432,121122226176,0
1791592084.6136613,0.0292595773935318,1829974016,0,0,85017493504,0,0,,0,100843941888,121122226176,0
1791592084.8133054,0.02880171686410904,1895616512,0,0,85017493504,0,0,,0,100908679168,121122226176,0
1791592085.0136898,0.029103150591254234,1914658816,0,0,85017493504,0,0,,0,100927770624,121122226176,0
1791592085.21124,0.026571815833449364,1932304384,0,0,85017493504,0,0,,0,100945838080,121122226176,0
1791592085.416942,0.03217754699289799,1999360000,0,0,85017493504,0,0,,0,101012836352,121122226176,0
1791592085.6158447,0.030991600826382637,1987076096,0,0,85017493504,0,0,,0,101000593408,121122226176,0
1791592085.8144329,0.02949555590748787,1965453312,0,0,85017493504,0,0,,0,100975816704,121122226176,0
1791592086.0149727,0.029914960265159607,1969299456,0,0,85017493504,0,0,,0,100982927360,121122226176,0
1791592086.2178073,0.03266540542244911,1969299456,0,0,85017493504,0,0,,0,100983025664,121122226176,0
1791592086.4142697,0.02904229797422886,1969299456,0,0,85017493504,0,0,,0,100983029760,121122226176,0
1791592086.614467,0.02915945090353489,1969299456,0,0,85017493504,0,0,,0,100983054336,121122226176,0
1791592086.809835,0.024446971714496613,1972518912,0,0,85017493504,0,0,,0,100985888768,121122226176,0
1791592087.0095668,0.02409554459154606,1972518912,0,0,85017493504,0,0,,0,100985970688,121122226176,0
1791592087.2086895,0.023132886737585068,1972518912,0,0,85017493504,0,0,,0,100985294848,121122226176,0
1791592087.4121034,0.02647971548140049,1972527104,0,0,85017493504,0,0,,0,100985638912,121122226176,0
1791592087.6145391,0.028829678893089294,1972539392,0,0,85017493504,0,0,,0,100985708544,121122226176,0
1791592087.8153045,0.02950967848300934,1974640640,0,0,85017493504,0,0,,0,100987801600,121122226176,0
1791592088.0141034,0.02820059284567833,1974808576,0,0,85017493504,0,0,,0,100988186624,121122226176,0
1791592088.2146873,0.028677599504590034,1974992896,0,0,85017493504,0,0,,0,100988100608,121122226176,0
1791592088.4149282,0.0288351159542799,1975152640,0,0,85017493504,0,0,,0,100988436480,121122226176,0
1791592088.6157033,0.029488103464245796,1976360960,0,0,85017493504,0,0,,0,100989513728,121122226176,0
1791592088.8122144,0.025916563346982002,1978470400,0,0,85017493504,0,0,,0,100991541248,121122226176,0
1791592089.0116303,0.02525186724960804,1979023360,0,0,85017493504,0,0,,0,100992151552,121122226176,0
1791592089.211345,0.024885399267077446,1979052032,0,0,85017493504,0,0,,0,100992507904,121122226176,0
1791592089.4136374,0.027089549228549004,1979432960,0,0,85017493504,0,0,,0,100992598016,121122226176,0
1791592089.6131957,0.02656477876007557,1979850752,0,0,85017493504,0,0,,0,100993212416,121122226176,0
1791592089.8160002,0.029285907745361328,1980223488,0,0,85017493504,0,0,,0,100993568768,121122226176,0
1791592090.0156627,0.028859077021479607,1980649472,0,0,85017493504,0,0,,0,100994457600,121122226176,0
1791592090.2143974,0.027508411556482315,1980788736,0,0,85017493504,0,0,,0,100994547712,121122226176,0
1791592090.4141161,0.02716025523841381,1980805120,0,0,85017493504,0,0,,0,100994895872,121122226176,0
1791592090.6147482,0.027712378650903702,1981018112,0,0,85017493504,0,0,,0,100994846720,121122226176,0
1791592090.8126342,0.025517482310533524,1981370368,0,0,85017493504,0,0,,0,100995203072,121122226176,0
1791592091.0130153,0.025817671790719032,1981595648,0,0,85017493504,0,0,,0,100995215360,121122226176,0
1791592091.2131011,0.025822632014751434,1982144512,0,0,85017493504,0,0,,0,100995837952,121122226176,0
1791592091.4166427,0.029281146824359894,1982398464,0,0,85017493504,0,0,,0,100996194304,121122226176,0
1791592091.6171215,0.02967146970331669,1982705664,0,0,85017493504,0,0,,0,100996444160,121122226176,0
1791592091.8138342,0.026300735771656036,1984606208,0,0,85017493504,0,0,,0,100997906432,121122226176,0
1791592092.0168724,0.029256653040647507,1986138112,0,0,85017493504,0,0,,0,100999548928,121122226176,0
1791592092.2173543,0.029653554782271385,1987358720,0,0,85017493504,0,0,,0,101000986624,121122226176,0
1791592092.415999,0.028210517019033432,1987936256,0,0,85017493504,0,0,,0,101001261056,121122226176,0
1791592092.6138628,0.025994451716542244,1989062656,0,0,85017493504,0,0,,0,101001621504,121122226176,0
1791592092.815208,0.027258317917585373,1989201920,0,0,85017493504,0,0,,0,101001408512,121122226176,0
1791592093.0123053,0.024275703355669975,1989332992,0,0,85017493504,0,0,,0,101001502720,121122226176,0
1791592093.2123506,0.02424110844731331,1989345280,0,0,85017493504,0,0,,0,101001592832,121122226176,0
1791592093.4190059,0.03077433444559574,1989349376,0,0,85017493504,0,0,,0,101001682944,121122226176,0
1791592093.6138601,0.02554585225880146,1989423104,0,0,85017493504,0,0,,0,101001752576,121122226176,0
1791592093.8170383,0.028642727062106133,1989423104,0,0,85017493504,0,0,,0,101001822208,121122226176,0
1791592094.0190222,0.030534567311406136,1989431296,0,0,85017493504,0,0,,0,101001629696,121122226176,0
1791592094.2151966,0.026621360331773758,1989431296,0,0,85017493504,0,0,,0,101002096640,121122226176,0
1791592094.4186378,0.029984021559357643,1989435392,0,0,85017493504,0,0,,0,101001744384,121122226176,0
1791592094.6155303,0.02679680660367012,1991028736,0,0,85017493504,0,0,,0,101003657216,121122226176,0
1791592094.8127303,0.0239146389067173,1991028736,0,0,85017493504,0,0,,0,101003743232,121122226176,0
1791592095.0152044,0.026305492967367172,1991028736,0,0,85017493504,0,0,,0,101003837440,121122226176,0
1791592095.2129037,0.023924894630908966,1990348800,0,0,85017493504,0,0,,0,101003112448,121122226176,0
1791592095.4184842,0.029426006600260735,1997135872,0,0,85017493504,0,0,,0,101001953280,121122226176,0
1791592095.6183877,0.02924399822950363,1997332480,0,0,85017493504,0,0,,0,101002072064,121122226176,0
1791592095.82017,0.030946195125579834,1997398016,0,0,85017493504,0,0,,0,101002371072,121122226176,0
1791592096.0188878,0.029552794992923737,1997455360,0,0,85017493504,0,0,,0,101001814016,121122226176,0
1791592096.2160058,0.026589663699269295,1997651968,0,0,85017493504,0,0,,0,101001560064,121122226176,0
1791592096.4145021,0.025004621595144272,1997262848,0,0,85017493504,0,0,,0,101001027584,121122226176,0
1791592096.6158142,0.026238376274704933,1997139968,0,0,85017493504,0,0,,0,101000568832,121122226176,0
1791592096.8135347,0.023881183937191963,1997123584,0,0,85017493504,0,0,,0,101000249344,121122226176,0
1791592097.019783,0.03003784455358982,1996926976,0,0,85017493504,0,0,,0,100999462912,121122226176,0
1791592097.2182708,0.028435373678803444,1996349440,0,0,85017493504,0,0,,0,100999204864,121122226176,0
1791592097.4238913,0.033927205950021744,1995784192,0,0,85017493504,0,0,,0,100998909952,121122226176,0
1791592097.6194737,0.029389653354883194,1995153408,0,0,85017493504,0,0,,0,100998270976,121122226176,0
1791592097.8188624,0.028690513223409653,1994809344,0,0,85017493504,0,0,,0,100997419008,121122226176,0
1791592098.0200539,0.02979961223900318,1992007680,0,0,85017493504,0,0,,0,100994408448,121122226176,0
1791592098.2198763,0.02953304536640644,1992007680,0,0,85017493504,0,0,,0,100994457600,121122226176,0
1791592098.4173074,0.02686365135014057,1992007680,0,0,85017493504,0,0,,0,100994465792,121122226176,0
1791592098.6179476,0.027410421520471573,1991987200,0,0,85017493504,0,0,,0,100994277376,121122226176,0
1791592098.8172698,0.026636440306901932,1991303168,0,0,85017493504,0,0,,0,100993474560,121122226176,0
1791592099.0207393,0.03000417724251747,1990701056,0,0,85017493504,0,0,,0,100992802816,121122226176,0
1791592099.2211266,0.03030616044998169,1990471680,0,0,85017493504,0,0,,0,100992667648,121122226176,0
1791592099.4207861,0.029866129159927368,1989545984,0,0,85017493504,0,0,,0,100991733760,121122226176,0
1791592099.619998,0.02899145521223545,1989181440,0,0,85017493504,0,0,,0,100991565824,121122226176,0
1791592099.8208258,0.029728958383202553,1987874816,0,0,85017493504,0,0,,0,100990246912,121122226176,0
1791592100.021874,0.030638180673122406,1988399104,0,0,85017493504,0,0,,0,100990107648,121122226176,0
1791592100.221465,0.03011145070195198,1988399104,0,0,85017493504,0,0,,0,100990025728,121122226176,0
1791592100.4204605,0.02902718260884285,1988399104,0,0,85017493504,0,0,,0,100989874176,121122226176,0
1791592100.6218348,0.03029555268585682,1988399104,0,0,85017493504,0,0,,0,100989898752,121122226176,0
1791592100.8211594,0.02953474409878254,1988390912,0,0,85017493504,0,0,,0,100990091264,121122226176,0
1791592101.0227027,0.03095489926636219,1988390912,0,0,85017493504,0,0,,0,100990369792,121122226176,0
1791592101.2247174,0.032817114144563675,1988390912,0,0,85017493504,0,0,,0,100990369792,121122226176,0
1791592101.4213836,0.02936934493482113,1990311936,0,0,85017493504,0,0,,0,100992122880,121122226176,0
1791592101.6229818,0.03086804412305355,1990651904,0,0,85017493504,0,0,,0,100992454656,121122226176,0
1791592101.8229337,0.030722690746188164,1990676480,0,0,85017493504,0,0,,0,100992487424,121122226176,0
1791592102.0210488,0.028752515092492104,1991446528,0,0,85017493504,0,0,,0,100993589248,121122226176,0
1791592102.220951,0.028564482927322388,2003415040,0,0,85017493504,0,0,,0,101009387520,121118023680,0
1791592102.4233482,0.030849914997816086,1884258304,0,0,85017493504,0,0,,0,100890988544,121118023680,0
1791592102.6219916,0.02939947135746479,1931735040,0,0,85017493504,0,0,,0,100938792960,121118023680,0
1791592102.825635,0.032918766140937805,1966653440,0,0,85017493504,0,0,,0,100972761088,121118023680,0
1791592103.0249944,0.03215619921684265,1976000512,0,0,85017493504,0,0,,0,100982517760,121118023680,0
1791592103.2201962,0.027243442833423615,1978392576,0,0,85017493504,0,0,,0,100984377344,121118023680,0
1791592103.4230947,0.03006095439195633,2063335424,0,0,85017493504,0,0,,0,101069611008,121118023680,0
1791592103.6228786,0.029755836352705956,2088488960,0,0,85017493504,0,0,,0,101094285312,121118023680,0
1791592103.8232358,0.030028412118554115,2065006592,0,0,85017493504,0,0,,0,101070938112,121118023680,0
1791592104.020619,0.027327358722686768,2052644864,0,0,85017493504,0,0,,0,101058560000,121118023680,0
1791592104.2226987,0.029294000938534737,2052644864,0,0,85017493504,0,0,,0,101058191360,121118023680,0
1791592104.421612,0.028120962902903557,2052644864,0,0,85017493504,0,0,,0,101058510848,121118023680,0
1791592104.6228962,0.029318226501345634,2058981376,0,0,85017493504,0,0,,0,101064876032,121118023680,0
1791592104.8210812,0.027417635545134544,2059022336,0,0,85017493504,0,0,,0,101065003008,121118023680,0
1791592105.0206842,0.026939427480101585,2060099584,0,0,85017493504,0,0,,0,101065990144,121118023680,0
1791592105.221393,0.027540551498532295,2060111872,0,0,85017493504,0,0,,0,101066100736,121118023680,0
1791592105.4265075,0.03251658380031586,2060120064,0,0,85017493504,0,0,,0,101066022912,121118023680,0
1791592105.6217282,0.027647249400615692,2060144640,0,0,85017493504,0,0,,0,101066080256,121118023680,0
1791592105.820838,0.026668716222047806,2060214272,0,0,85017493504,0,0,,0,101066125312,121118023680,0
1791592106.0203164,0.026060331612825394,2060562432,0,0,85017493504,0,0,,0,101066547200,121118023680,0
1791592106.2227743,0.02843196876347065,2063749120,0,0,85017493504,0,0,,0,101069860864,121118023680,0
1791592106.4229078,0.02848149836063385,2066931712,0,0,85017493504,0,0,,0,101073010688,121118023680,0
1791592106.6216674,0.02715044468641281,2067202048,0,0,85017493504,0,0,,0,101073371136,121118023680,0
1791592106.8208942,0.026291996240615845,2067415040,0,0,85017493504,0,0,,0,101073620992,121118023680,0
1791592107.0227954,0.028104862198233604,2067456000,0,0,85017493504,0,0,,0,101073641472,121118023680,0
1791592107.225616,0.03082720749080181,2067468288,0,0,85017493504,0,0,,0,101073620992,121118023680,0
1791592107.4254725,0.030596960335969925,2067812352,0,0,85017493504,0,0,,0,101074132992,121118023680,0
1791592107.624112,0.029123840853571892,2068017152,0,0,85017493504,0,0,,0,101074227200,121118023680,0
1791592107.8222682,0.027193140238523483,2068226048,0,0,85017493504,0,0,,0,101074583552,121118023680,0
1791592108.0223203,0.027084331959486008,2068344832,0,0,85017493504,0,0,,0,101074673664,121118023680,0
1791592108.2316535,0.03633066825568676,2068578304,0,0,85017493504,0,0,,0,101074808832,121118023680,0
1791592108.4548905,0.05948018841445446,2072825856,0,0,85017493504,0,0,,0,101078994944,121118023680,0
1791592108.6238298,0.028331775218248367,2072875008,0,0,85017493504,0,0,,0,101079089152,121118023680,0
1791592108.8216856,0.026079939678311348,2072903680,0,0,85017493504,0,0,,0,101079076864,121118023680,0
1791592109.0236654,0.027976060286164284,2073825280,0,0,85017493504,0,0,,0,101080064000,121118023680,0
1791592109.2240233,0.028252996504306793,2070683648,0,0,85017493504,0,0,,0,101077004288,121118023680,0
1791592109.425904,0.030053747817873955,2059390976,0,0,85017493504,0,0,,0,101065814016,121118023680,0
1791592109.6258202,0.029875563457608223,2060935168,0,0,85017493504,0,0,,0,101067210752,121118023680,0
1791592109.8266654,0.030638203024864197,2061402112,0,0,85017493504,0,0,,0,101068062720,121118023680,0
1791592110.0253875,0.029273150488734245,2061729792,0,0,85017493504,0,0,,0,101068677120,121118023680,0
1791592110.2330167,0.03681735694408417,2062708736,0,0,85017493504,0,0,,0,101069451264,121118023680,0
1791592110.4256244,0.029328295961022377,2063319040,0,0,85017493504,0,0,,0,101069914112,121118023680,0
1791592110.6233616,0.026982825249433517,2063642624,0,0,85017493504,0,0,,0,101070524416,121118023680,0
1791592110.8255684,0.029094457626342773,2067382272,0,0,85017493504,0,0,,0,101073616896,121118023680,0
1791592111.0264804,0.029916591942310333,2064437248,0,0,85017493504,0,0,,0,101070983168,121118023680,0
1791592111.225686,0.02902994491159916,2064834560,0,0,85017493504,0,0,,0,101071200256,121118023680,0
1791592111.4244401,0.02769005298614502,2065416192,0,0,85017493504,0,0,,0,101071671296,121118023680,0
1791592111.626302,0.029462266713380814,2065883136,0,0,85017493504,0,0,,0,101072281600,121118023680,0
1791592111.8276865,0.03072391264140606,2066534400,0,0,85017493504,0,0,,0,101073195008,121118023680,0
1791592112.0270686,0.03001394122838974,2067013632,0,0,85017493504,0,0,,0,101073543168,121118023680,0
1791592112.22617,0.02902926690876484,2067496960,0,0,85017493504,0,0,,0,101074161664,121118023680,0
1791592112.4247882,0.027559077367186546,2067845120,0,0,85017493504,0,0,,0,101074776064,121118023680,0
1791592112.6235125,0.026200173422694206,2068709376,0,0,85017493504,0,0,,0,101075374080,121118023680,0
1791592112.821413,0.024009650573134422,2068910080,0,0,85017493504,0,0,,0,101075714048,121118023680,0
1791592113.020841,0.023358279839158058,2073083904,0,0,85017493504,0,0,,0,101079867392,121118023680,0
1791592113.224483,0.026921119540929794,2073128960,0,0,85017493504,0,0,,0,101079728128,121118023680,0
1791592113.4272656,0.029620641842484474,2073608192,0,0,85017493504,0,0,,0,101080342528,121118023680,0
1791592113.628617,0.030854472890496254,2073903104,0,0,85017493504,0,0,,0,101080616960,121118023680,0
1791592113.8264399,0.02859797328710556,2074312704,0,0,85017493504,0,0,,0,101081223168,121118023680,0
1791592114.0272846,0.029359465464949608,2074701824,0,0,85017493504,0,0,,0,101081583616,121118023680,0
1791592114.2267883,0.02878347411751747,2075410432,0,0,85017493504,0,0,,0,101082357760,121118023680,0
1791592114.42664,0.02855585142970085,2075844608,0,0,85017493504,0,0,,0,101082968064,121118023680,0
1791592114.6249018,0.026735927909612656,2076282880,0,0,85017493504,0,0,,0,101082791936,121118023680,0
1791592114.823676,0.025429140776395798,2076753920,0,0,85017493504,0,0,,0,101083410432,121118023680,0
1791592115.0252528,0.026924651116132736,2077229056,0,0,85017493504,0,0,,0,101083045888,121118023680,0
1791592115.2261424,0.02773074060678482,2077757440,0,0,85017493504,0,0,,0,101083668480,121118023680,0
1791592115.4261868,0.02768021449446678,2077634560,0,0,85017493504,0,0,,0,101083549696,121118023680,0
1791592115.6273537,0.02876969985663891,2074746880,0,0,85017493504,0,0,,0,101081178112,121118023680,0
1791592115.8290014,0.030335936695337296,2074750976,0,0,85017493504,0,0,,0,101081198592,121118023680,0
1791592116.0258107,0.02706124074757099,2074755072,0,0,85017493504,0,0,,0,101081210880,121118023680,0
1791592116.2260752,0.02723943442106247,2074755072,0,0,85017493504,0,0,,0,101081305088,121118023680,0
1791592116.4323368,0.03337578475475311,2074759168,0,0,85017493504,0,0,,0,101081292800,121118023680,0
1791592116.627415,0.02836894430220127,2074824704,0,0,85017493504,0,0,,0,101081391104,121118023680,0
1791592116.825809,0.026678888127207756,2074828800,0,0,85017493504,0,0,,0,101081669632,121118023680,0
1791592117.0246239,0.02541390247642994,2074828800,0,0,85017493504,0,0,,0,101081755648,121118023680,0
1791592117.2269957,0.027705766260623932,2074828800,0,0,85017493504,0,0,,0,101081829376,121118023680,0
1791592117.4292192,0.029846787452697754,2074832896,0,0,85017493504,0,0,,0,101082116096,121118023680,0
1791592117.6292596,0.029801154509186745,2074832896,0,0,85017493504,0,0,,0,101082161152,121118023680,0
1791592117.8284624,0.02891482040286064,2075885568,0,0,85017493504,0,0,,0,101083303936,121118023680,0
1791592118.0253944,0.025761475786566734,2075025408,0,0,85017493504,0,0,,0,101082181632,121118023680,0
1791592118.2300768,0.030350642278790474,2074660864,0,0,85017493504,0,0,,0,101081784320,121118023680,0
1791592118.4309776,0.031165707856416702,2074062848,0,0,85017493504,0,0,,0,101080788992,121118023680,0
1791592118.626781,0.026873212307691574,2073739264,0,0,85017493504,0,0,,0,101080526848,121118023680,0
1791592118.8310137,0.031012658029794693,2073223168,0,0,85017493504,0,0,,0,101079552000,121118023680,0
1791592119.0312822,0.031171783804893494,2072346624,0,0,85017493504,0,0,,0,101078667264,121118023680,0
1791592119.2292907,0.02909061685204506,2071855104,0,0,85017493504,0,0,,0,101078208512,121118023680,0
1791592119.431893,0.03160284832119942,2070429696,0,0,85017493504,0,0,,0,101077082112,121118023680,0
1791592119.627879,0.02750871144235134,2069643264,0,0,85017493504,0,0,,0,101076369408,121118023680,0
1791592119.8307931,0.03033905103802681,2068520960,0,0,85017493504,0,0,,0,101075353600,121118023680,0
1791592120.0304892,0.029924916103482246,2067308544,0,0,85017493504,0,0,,0,101073944576,121118023680,0
1791592120.229583,0.02893124707043171,2066640896,0,0,85017493504,0,0,,0,101073186816,121118023680,0
1791592120.4296043,0.028869416564702988,2065088512,0,0,85017493504,0,0,,0,101071863808,121118023680,0
1791592120.628224,0.027397073805332184,2064089088,0,0,85017493504,0,0,,0,101069332480,121118023680,0
1791592120.8262825,0.0253713708370924,2062405632,0,0,85017493504,0,0,,0,101069189120,121118023680,0
1791592121.0254638,0.02446794882416725,2058633216,0,0,85017493504,0,0,,0,101065342976,121118023680,0
1791592121.2250142,0.02393592707812786,2058633216,0,0,85017493504,0,0,,0,101065342976,121118023680,0
1791592121.4287524,0.02759084478020668,2057846784,0,0,85017493504,0,0,,0,101064310784,121118023680,0
1791592121.6312952,0.030053172260522842,2057216000,0,0,85017493504,0,0,,0,101064024064,121118023680,0
1791592121.8306425,0.029316062107682228,2056118272,0,0,85017493504,0,0,,0,101062496256,121118023680,0
1791592122.0301964,0.028776468709111214,2055008256,0,0,85017493504,0,0,,0,101061402624,121118023680,0
1791592122.2303581,0.02885466255247593,2053955584,0,0,85017493504,0,0,,0,101059911680,121118023680,0
1791592122.4281986,0.02660762332379818,2052333568,0,0,85017493504,0,0,,0,101058359296,121118023680,0
1791592122.6273758,0.025698387995362282,2050580480,0,0,85017493504,0,0,,0,101057486848,121118023680,0
1791592122.8281388,0.0263761505484581,2049826816,0,0,85017493504,0,0,,0,101056782336,121118023680,0
1791592123.0305593,0.028690800070762634,2048872448,0,0,85017493504,0,0,,0,101054820352,121118023680,0
1791592123.2303205,0.0283683892339468,2048393216,0,0,85017493504,0,0,,0,101054418944,121118023680,0
1791592123.4301553,0.028125114738941193,2048114688,0,0,85017493504,0,0,,0,101054132224,121118023680,0
1791592123.633602,0.031489668413996696,2048028672,0,0,85017493504,0,0,,0,101054521344,121118023680,0
1791592123.8323507,0.03013661690056324,2047541248,0,0,85017493504,0,0,,0,101054078976,121118023680,0
1791592124.03195,0.02965569496154785,2047549440,0,0,85017493504,0,0,,0,101054132224,121118023680,0
1791592124.2304251,0.028047112748026848,2047557632,0,0,85017493504,0,0,,0,101054205952,121118023680,0
1791592124.4298162,0.027356470003724098,2047565824,0,0,85017493504,0,0,,0,101054230528,121118023680,0
1791592124.6277812,0.025239642709493637,2047574016,0,0,85017493504,0,0,,0,101054091264,121118023680,0
1791592124.8316023,0.028965476900339127,2047582208,0,0,85017493504,0,0,,0,101053927424,121118023680,0
1791592125.032368,0.02959335595369339,2048671744,0,0,85017493504,0,0,,0,101055049728,121118023680,0
1791592125.2337513,0.03084658458828926,2048716800,0,0,85017493504,0,0,,0,101055148032,121118023680,0
1791592125.4338408,0.030797941610217094,2050334720,0,0,85017493504,0,0,,0,101056663552,121118023680,0
1791592125.6337473,0.030606942251324654,2051686400,0,0,85017493504,0,0,,0,101058187264,121118023680,0
1791592125.8343518,0.03111470304429531,2053165056,0,0,85017493504,0,0,,0,101059559424,121118023680,0
1791592126.0329669,0.029641220346093178,2053959680,0,0,85017493504,0,0,,0,101060624384,121118023680,0
1791592126.2325552,0.029145266860723495,2054926336,0,0,85017493504,0,0,,0,101061468160,121118023680,0
1791592126.4338186,0.030324559658765793,2055954432,0,0,85017493504,0,0,,0,101062615040,121118023680,0
1791592126.63107,0.027480628341436386,2067562496,0,0,85017493504,0,0,,0,101080756224,121111982080,0
1791592126.8335042,0.029823634773492813,1846874112,0,0,85017493504,0,0,,0,100860243968,121111982080,0
1791592127.033333,0.029561815783381462,1878593536,0,0,85017493504,0,0,,0,100891267072,121111982080,0
1791592127.2344725,0.03061664290726185,1891106816,0,0,85017493504,0,0,,0,100904448000,121111982080,0
1791592127.4339886,0.030039295554161072,1924485120,0,0,85017493504,0,0,,0,100937605120,121111982080,0
1791592127.6347811,0.030735397711396217,1957208064,0,0,85017493504,0,0,,0,100969926656,121111982080,0
1791592127.8340297,0.029892301186919212,1940258816,0,0,85017493504,0,0,,0,100952018944,121111982080,0
1791592128.034304,0.03007764369249344,1940258816,0,0,85017493504,0,0,,0,100952018944,121111982080,0
1791592128.2351232,0.03081313893198967,1940611072,0,0,85017493504,0,0,,0,100952293376,121111982080,0
1791592128.4333203,0.028917312622070312,1940623360,0,0,85017493504,0,0,,0,100952383488,121111982080,0
1791592128.6327183,0.028232840821146965,1940656128,0,0,85017493504,0,0,,0,100952449024,121111982080,0
1791592128.8353918,0.03081948682665825,1941405696,0,0,85017493504,0,0,,0,100953198592,121111982080,0
1791592129.0345001,0.02983890287578106,1941925888,0,0,85017493504,0,0,,0,100954071040,121111982080,0
1791592129.2315133,0.02676798403263092,1943400448,0,0,85017493504,0,0,,0,100955729920,121111982080,0
1791592129.433084,0.028253067284822464,1946370048,0,0,85017493504,0,0,,0,100958400512,121111982080,0
1791592129.6370473,0.03214055672287941,1946710016,0,0,85017493504,0,0,,0,100958986240,121111982080,0
1791592129.8377304,0.0327193234115839,1946738688,0,0,85017493504,0,0,,0,100959182848,121111982080,0
1791592130.034483,0.029380202293395996,1949962240,0,0,85017493504,0,0,,0,100962414592,121111982080,0
1791592130.2355013,0.03026663325726986,1950601216,0,0,85017493504,0,0,,0,100963020800,121111982080,0
1791592130.4366236,0.03130359947681427,1950609408,0,0,85017493504,0,0,,0,100962385920,121111982080,0
1791592130.6357243,0.030298395082354546,1950609408,0,0,85017493504,0,0,,0,100962222080,121111982080,0
1791592130.8337405,0.028224579989910126,1950613504,0,0,85017493504,0,0,,0,100962254848,121111982080,0
1791592131.0302157,0.024627018719911575,1951797248,0,0,85017493504,0,0,,0,100963491840,121111982080,0
1791592131.2299721,0.024320824071764946,1953304576,0,0,85017493504,0,0,,0,100965154816,121111982080,0
1791592131.427458,0.021742284297943115,1955389440,0,0,85017493504,0,0,,0,100967260160,121111982080,0
1791592131.6336448,0.02784856967628002,1956397056,0,0,85017493504,0,0,,0,100968321024,121111982080,0
1791592131.8363402,0.030436020344495773,1957134336,0,0,85017493504,0,0,,0,100969164800,121111982080,0
1791592132.0370543,0.031063811853528023,1958981632,0,0,85017493504,0,0,,0,100970659840,121111982080,0
1791592132.2348614,0.02877766266465187,1959759872,0,0,85017493504,0,0,,0,100971782144,121111982080,0
1791592132.4362688,0.0300424937158823,1961848832,0,0,85017493504,0,0,,0,100973989888,121111982080,0
1791592132.6359348,0.02960898168385029,1962745856,0,0,85017493504,0,0,,0,100974825472,121111982080,0
1791592132.8362746,0.029856877401471138,1979916288,0,0,85017493504,0,0,,0,100991963136,121111982080,0
1791592133.0345533,0.02804054319858551,1979944960,0,0,85017493504,0,0,,0,100991864832,121111982080,0
1791592133.234707,0.0281057246029377,1980313600,0,0,85017493504,0,0,,0,100992462848,121111982080,0
1791592133.435199,0.028511758893728256,1980710912,0,0,85017493504,0,0,,0,100992630784,121111982080,0
1791592133.6370242,0.030246542766690254,1979875328,0,0,85017493504,0,0,,0,100989751296,121111982080,0
1791592133.836305,0.029445042833685875,1977786368,0,0,85017493504,0,0,,0,100990300160,121111982080,0
1791592134.0345254,0.027578920125961304,1977290752,0,0,85017493504,0,0,,0,100989599744,121111982080,0
1791592134.2322214,0.02519511617720127,1976930304,0,0,85017493504,0,0,,0,100988801024,121111982080,0
1791592134.437239,0.0301340501755476,1975377920,0,0,85017493504,0,0,,0,100987609088,121111982080,0
1791592134.6365862,0.029358310624957085,1968795648,0,0,85017493504,0,0,,0,100981346304,121111982080,0
1791592134.8355305,0.02820216491818428,1968795648,0,0,85017493504,0,0,,0,100980793344,121111982080,0
1791592135.036024,0.028602642938494682,1967550464,0,0,85017493504,0,0,,0,100978376704,121111982080,0
1791592135.236989,0.029478251934051514,1966170112,0,0,85017493504,0,0,,0,100978036736,121111982080,0
1791592135.4371655,0.02956520766019821,1965891584,0,0,85017493504,0,0,,0,100978049024,121111982080,0
1791592135.6376345,0.02994820848107338,1965715456,0,0,85017493504,0,0,,0,100978417664,121111982080,0
1791592135.8382378,0.030466880649328232,1965715456,0,0,85017493504,0,0,,0,100978454528,121111982080,0
1791592136.0368347,0.028980158269405365,1965715456,0,0,85017493504,0,0,,0,100978397184,121111982080,0
1791592136.237024,0.02908644825220108,1965715456,0,0,85017493504,0,0,,0,100978491392,121111982080,0
1791592136.4364,0.02837992087006569,1965707264,0,0,85017493504,0,0,,0,100978094080,121111982080,0
1791592136.6357243,0.0275908000767231,1965699072,0,0,85017493504,0,0,,0,100977451008,121111982080,0
1791592136.833517,0.02531321346759796,1965699072,0,0,85017493504,0,0,,0,100977766400,121111982080,0
1791592137.0333195,0.025044525042176247,1965699072,0,0,85017493504,0,0,,0,100977815552,121111982080,0
1791592137.230649,0.022309904918074608,1965682688,0,0,85017493504,0,0,,0,100977934336,121111982080,0
1791592137.4300585,0.021654827520251274,1965682688,0,0,85017493504,0,0,,0,100977934336,121111916544,0
1791592137.6288888,0.02042078599333763,1965682688,0,0,85017493504,0,0,,0,100978020352,121111916544,0
1791592137.8290105,0.02047593891620636,1965944832,0,0,85017493504,0,0,,0,100978348032,121111916544,0
1791592138.0296504,0.021047331392765045,1965944832,0,0,85017493504,0,0,,0,100977946624,121111916544,0
1791592138.2309155,0.02224518544971943,1966030848,0,0,85017493504,0,0,,0,100978040832,121111916544,0
1791592138.4367576,0.028016651049256325,1966030848,0,0,85017493504,0,0,,0,100978176000,121111916544,0
1791592138.6383312,0.02950555644929409,1966030848,0,0,85017493504,0,0,,0,100978319360,121111916544,0
1791592138.8382463,0.029316797852516174,1966030848,0,0,85017493504,0,0,,0,100978339840,121111916544,0
1791592139.0356193,0.026588929817080498,1966030848,0,0,85017493504,0,0,,0,100978077696,121111916544,0
1791592139.2361019,0.026986824348568916,1969897472,0,0,85017493504,0,0,,0,100981960704,121111916544,0
1791592139.4370947,0.027865592390298843,1972121600,0,0,85017493504,0,0,,0,100984397824,121111916544,0
1791592139.6380727,0.0287588182836771,1973366784,0,0,85017493504,0,0,,0,100985315328,121111916544,0
1791592139.840475,0.031054671853780746,1972477952,0,0,85017493504,0,0,,0,100984528896,121111916544,0
1791592140.038579,0.029074160382151604,1972477952,0,0,85017493504,0,0,,0,100984610816,121111916544,0
1791592140.2376823,0.02809324860572815,1972301824,0,0,85017493504,0,0,,0,100984659968,121111916544,0
1791592140.437102,0.0274352990090847,1972027392,0,0,85017493504,0,0,,0,100984479744,121111916544,0
1791592140.6393583,0.029606254771351814,1972064256,0,0,85017493504,0,0,,0,100984492032,121111916544,0
1791592140.8387177,0.028869708999991417,1973080064,0,0,85017493504,0,0,,0,100984852480,121111916544,0
1791592141.03886,0.02892385795712471,1972543488,0,0,85017493504,0,0,,0,100984672256,121111916544,0
1791592141.2368698,0.026847634464502335,1972563968,0,0,85017493504,0,0,,0,100984492032,121111916544,0
1791592141.43787,0.027760455384850502,1978150912,0,0,85017493504,0,0,,0,100990070784,121111916544,0
1791592141.6402848,0.03005863167345524,1821872128,0,0,85017493504,0,0,,0,100839034880,121107390464,0
1791592141.8378627,0.027548320591449738,1874333696,0,0,85017493504,0,0,,0,100891537408,121107390464,0
1791592142.0378525,0.027451395988464355,1888251904,0,0,85017493504,0,0,,0,100905259008,121107390464,0
1791592142.237683,0.027195891365408897,1911275520,0,0,85017493504,0,0,,0,100928167936,121107390464,0
1791592142.4380043,0.02743445336818695,1950203904,0,0,85017493504,0,0,,0,100930600960,121107390464,0
1791592142.6378088,0.027150236070156097,1921445888,0,0,85017493504,0,0,,0,100938293248,121107390464,0
1791592142.8407896,0.03002219833433628,1921449984,0,0,85017493504,0,0,,0,100938330112,121107390464,0
1791592143.0402148,0.02935931645333767,1921503232,0,0,85017493504,0,0,,0,100938563584,121107390464,0
1791592143.2396052,0.028661660850048065,1921839104,0,0,85017493504,0,0,,0,100938919936,121107390464,0
1791592143.4392748,0.028247669339179993,1922158592,0,0,85017493504,0,0,,0,100939100160,121107390464,0
1791592143.6408193,0.02970459870994091,1922170880,0,0,85017493504,0,0,,0,100939194368,121107390464,0
1791592143.8418274,0.03062964417040348,1922183168,0,0,85017493504,0,0,,0,100939243520,121107390464,0
1791592144.0404968,0.029196375980973244,1922187264,0,0,85017493504,0,0,,0,100938620928,121107390464,0
1791592144.2415516,0.03016568534076214,1922203648,0,0,85017493504,0,0,,0,100938711040,121107390464,0
1791592144.4416144,0.030146364122629166,1923325952,0,0,85017493504,0,0,,0,100940115968,121107390464,0
1791592144.6403491,0.028794944286346436,1923715072,0,0,85017493504,0,0,,0,100940718080,121107390464,0
1791592144.8404639,0.02881585992872715,1924800512,0,0,85017493504,0,0,,0,100941815808,121107390464,0
1791592145.0408092,0.029078159481287003,1925689344,0,0,85017493504,0,0,,0,100942958592,121107390464,0
1791592145.2370377,0.02522457391023636,1925713920,0,0,85017493504,0,0,,0,100942782464,121107390464,0
1791592145.4359372,0.024041229858994484,1925722112,0,0,85017493504,0,0,,0,100942872576,121107390464,0
1791592145.6386373,0.02665720134973526,1927839744,0,0,85017493504,0,0,,0,100944896000,121107390464,0
1791592145.8368194,0.024756312370300293,1927843840,0,0,85017493504,0,0,,0,100944875520,121107390464,0
1791592146.0412347,0.029089029878377914,1927856128,0,0,85017493504,0,0,,0,100944691200,121107390464,0
1791592146.2427957,0.03055567294359207,1928683520,0,0,85017493504,0,0,,0,100945571840,121107390464,0
1791592146.4348397,0.022523896768689156,1939365888,0,0,85017493504,0,0,,0,100956340224,121107390464,0
1791592146.889548,0.2771625239402056,1939533824,0,0,85017493504,0,0,,0,100948934656,121107390464,0
1791592146.918243,0.0283748060464859,1932201984,0,0,85017493504,0,0,,0,100949168128,121107390464,0
1791592147.1180384,0.0280703566968441,1932206080,0,0,85017493504,0,0,,0,100949180416,121107390464,0
1791592147.3178897,0.027827510610222816,1934315520,0,0,85017493504,0,0,,0,100951617536,121107390464,0
1791592147.5216162,0.03145649656653404,1934327808,0,0,85017493504,0,0,,0,100951248896,121107390464,0
1791592147.7229989,0.03273891657590866,1934331904,0,0,85017493504,0,0,,0,100951105536,121107390464,0
1791592147.921253,0.03087490238249302,1933811712,0,0,85017493504,0,0,,0,100950331392,121107390464,0
1791592148.1210823,0.03055642545223236,1934864384,0,0,85017493504,0,0,,0,100951445504,121107390464,0
1791592148.3209908,0.030376719310879707,1934864384,0,0,85017493504,0,0,,0,100951990272,121107390464,0
1791592148.5210035,0.03030620887875557,1934864384,0,0,85017493504,0,0,,0,100951805952,121107390464,0
1791592148.7199717,0.029181474819779396,1934565376,0,0,85017493504,0,0,,0,100951552000,121107390464,0
1791592148.9178917,0.027010731399059296,1933520896,0,0,85017493504,0,0,,0,100950548480,121107390464,0
1791592149.1164186,0.025437628850340843,1932996608,0,0,85017493504,0,0,,0,100949889024,121107390464,0
1791592149.3221436,0.031081663444638252,1933508608,0,0,85017493504,0,0,,0,100950364160,121107390464,0
1791592149.521214,0.030041031539440155,1933000704,0,0,85017493504,0,0,,0,100949712896,121107390464,0
1791592149.7220497,0.030786728486418724,1933000704,0,0,85017493504,0,0,,0,100949696512,121107390464,0
1791592149.9190736,0.027724433690309525,1933000704,0,0,85017493504,0,0,,0,100950007808,121107390464,0
1791592150.12011,0.02867087535560131,1932992512,0,0,85017493504,0,0,,0,100950044672,121107390464,0
1791592150.322452,0.030921999365091324,1933058048,0,0,85017493504,0,0,,0,100949889024,121107390464,0
1791592150.5215337,0.029916267842054367,1933058048,0,0,85017493504,0,0,,0,100950429696,121107390464,0
1791592150.7209501,0.029241053387522697,1933058048,0,0,85017493504,0,0,,0,100950196224,121107390464,0
1791592150.9194953,0.027700934559106827,1933049856,0,0,85017493504,0,0,,0,100950138880,121107390464,0
1791592151.1188428,0.026960961520671844,1933049856,0,0,85017493504,0,0,,0,100949958656,121107390464,0
1791592151.3179078,0.025942228734493256,1933049856,0,0,85017493504,0,0,,0,100949786624,121107390464,0
1791592151.5166614,0.024613479152321815,1933033472,0,0,85017493504,0,0,,0,100949852160,121107390464,0
1791592151.72315,0.03101768158376217,1933049856,0,0,85017493504,0,0,,0,100949934080,121107390464,0
1791592151.9222276,0.029985958710312843,1933709312,0,0,85017493504,0,0,,0,100950691840,121107390464,0
1791592152.121598,0.029268082231283188,1933901824,0,0,85017493504,0,0,,0,100951597056,121107447808,0
1791592152.3216105,0.02919818088412285,1936175104,0,0,85017493504,0,0,,0,100953763840,121107447808,0
1791592152.520935,0.02844039350748062,1936175104,0,0,85017493504,0,0,,0,100954038272,121107447808,0
1791592152.7222395,0.029659321531653404,1936175104,0,0,85017493504,0,0,,0,100954009600,121107447808,0
1791592152.9219577,0.029185200110077858,1936199680,0,0,85017493504,0,0,,0,100953104384,121107447808,0
1791592153.1214228,0.028565630316734314,1936101376,0,0,85017493504,0,0,,0,100953096192,121107447808,0
1791592153.3193924,0.026450077071785927,1936105472,0,0,85017493504,0,0,,0,100953116672,121107447808,0
1791592153.5223124,0.029289599508047104,1935720448,0,0,85017493504,0,0,,0,100952821760,121107390464,0
1791592153.7222006,0.029087623581290245,1935618048,0,0,85017493504,0,0,,0,100953055232,121107390464,0
1791592153.9211738,0.02797728031873703,1935597568,0,0,85017493504,0,0,,0,100953092096,121107390464,0
1791592154.1231165,0.029838385060429573,1939595264,0,0,85017493504,0,0,,0,100956995584,121107390464,0
1791592154.3220308,0.028670812025666237,1944584192,0,0,85017493504,0,0,,0,100962144256,121107390464,0
1791592154.5228844,0.029417822137475014,1942654976,0,0,85017493504,0,0,,0,100959555584,121107390464,0
1791592154.7213001,0.027735618874430656,1942654976,0,0,85017493504,0,0,,0,100959305728,121107390464,0
1791592154.92027,0.026622019708156586,1942659072,0,0,85017493504,0,0,,0,100959395840,121107390464,0
1791592155.1180105,0.02428063564002514,1942712320,0,0,85017493504,0,0,,0,100959481856,121107390464,0
1791592155.322362,0.02854257822036743,1942712320,0,0,85017493504,0,0,,0,100959633408,121107390464,0
1791592155.5240338,0.030125029385089874,1943093248,0,0,85017493504,0,0,,0,100960247808,121107390464,0
1791592155.7238088,0.0298164002597332,1943093248,0,0,85017493504,0,0,,0,100960870400,121107390464,0
1791592155.922946,0.028865523636341095,1943093248,0,0,85017493504,0,0,,0,100960546816,121107390464,0
1791592156.123558,0.029396669939160347,1834782720,0,0,85017493504,0,0,,0,100855840768,121103560704,0
1791592156.3230681,0.028817111626267433,1880498176,0,0,85017493504,0,0,,0,100901507072,121103560704,0
1791592156.5221422,0.027808798477053642,1892515840,0,0,85017493504,0,0,,0,100913668096,121103560704,0
1791592156.7205234,0.02610759250819683,1927675904,0,0,85017493504,0,0,,0,100948692992,121103560704,0
1791592156.920553,0.02602648176252842,1939582976,0,0,85017493504,0,0,,0,100961095680,121103560704,0
1791592157.1235127,0.028892986476421356,1922064384,0,0,85017493504,0,0,,0,100942569472,121103560704,0
1791592157.3227384,0.028034880757331848,1930129408,0,0,85017493504,0,0,,0,100950712320,121103560704,0
1791592157.5235646,0.028772499412298203,1930379264,0,0,85017493504,0,0,,0,100950605824,121103560704,0
1791592157.7245471,0.029660221189260483,1930670080,0,0,85017493504,0,0,,0,100951216128,121103560704,0
1791592157.9250994,0.030108440667390823,1930993664,0,0,85017493504,0,0,,0,100951257088,121103560704,0
1791592158.123707,0.0285940021276474,1931702272,0,0,85017493504,0,0,,0,100951703552,121103560704,0
1791592158.323759,0.02855905145406723,1931866112,0,0,85017493504,0,0,,0,100952031232,121103560704,0
1791592158.521897,0.026601547375321388,1931874304,0,0,85017493504,0,0,,0,100951928832,121103560704,0
1791592158.7243302,0.02894856408238411,1931886592,0,0,85017493504,0,0,,0,100951793664,121103560704,0
1791592158.9272714,0.031577352434396744,1931890688,0,0,85017493504,0,0,,0,100952109056,121103560704,0
1791592159.1266944,0.030908385291695595,1931898880,0,0,85017493504,0,0,,0,100951887872,121103560704,0
1791592159.3298,0.033916691318154335,1932681216,0,0,85017493504,0,0,,0,100952739840,121103560704,0
1791592159.5250375,0.029063371941447258,1934970880,0,0,85017493504,0,0,,0,100954972160,121103560704,0
1791592159.726403,0.030330343171954155,1936171008,0,0,85017493504,0,0,,0,100956524544,121103560704,0
1791592159.9275904,0.0313450563699007,1936244736,0,0,85017493504,0,0,,0,100956282880,121103560704,0
1791592160.12523,0.028902404010295868,1937059840,0,0,85017493504,0,0,,0,100957081600,121103560704,0
1791592160.326884,0.03045784682035446,1937137664,0,0,85017493504,0,0,,0,100957327360,121103560704,0
1791592160.5243773,0.0278652124106884,1938423808,0,0,85017493504,0,0,,0,100958756864,121103560704,0
1791592160.726936,0.030335936695337296,1940029440,0,0,85017493504,0,0,,0,100960354304,121103560704,0
1791592160.9327774,0.036092065274715424,1940250624,0,0,85017493504,0,0,,0,100960735232,121103560704,0
1791592161.1250474,0.028277719393372536,1940688896,0,0,85017493504,0,0,,0,100961267712,121103560704,0
1791592161.324867,0.027997413650155067,1941221376,0,0,85017493504,0,0,,0,100961771520,121103560704,0
1791592161.5262656,0.029309943318367004,1941323776,0,0,85017493504,0,0,,0,100961873920,121103560704,0
1791592161.7277875,0.030745595693588257,1941852160,0,0,85017493504,0,0,,0,100962250752,121103560704,0
1791592161.9271333,0.029996080324053764,1943044096,0,0,85017493504,0,0,,0,100963606528,121103560704,0
1791592162.127002,0.029776761308312416,1958998016,0,0,85017493504,0,0,,0,100979851264,121103560704,0
1791592162.326945,0.029631735756993294,1960845312,0,0,85017493504,0,0,,0,100981407744,121103560704,0
1791592162.527019,0.029620427638292313,1961656320,0,0,85017493504,0,0,,0,100982530048,121103560704,0
1791592162.7268922,0.02940104529261589,1958850560,0,0,85017493504,0,0,,0,100979712000,121103560704,0
1791592162.9259768,0.02837246283888817,1959931904,0,0,85017493504,0,0,,0,100980887552,121103560704,0
1791592163.1265414,0.02885526232421398,1955295232,0,0,85017493504,0,0,,0,100976001024,121103560704,0
1791592163.3265665,0.028791584074497223,1955295232,0,0,85017493504,0,0,,0,100975861760,121103560704,0
1791592163.5273519,0.029467713087797165,1955295232,0,0,85017493504,0,0,,0,100975931392,121103560704,0
1791592163.7263732,0.028389297425746918,1955295232,0,0,85017493504,0,0,,0,100976209920,121103560704,0
1791592163.9295535,0.031483834609389305,1955311616,0,0,85017493504,0,0,,0,100976025600,121103560704,0
1791592164.1271243,0.028908416628837585,1956106240,0,0,85017493504,0,0,,0,100976902144,121103560704,0
1791592164.327568,0.029268883168697357,1956106240,0,0,85017493504,0,0,,0,100976996352,121103560704,0
1791592164.5290072,0.03062203712761402,1956106240,0,0,85017493504,0,0,,0,100977348608,121103560704,0
1791592164.7281628,0.0296900924295187,1957163008,0,0,85017493504,0,0,,0,100978315264,121103560704,0
1791592164.9269457,0.02838936075568199,1957068800,0,0,85017493504,0,0,,0,100978323456,121103560704,0
1791592165.1274033,0.028764890506863594,1957138432,0,0,85017493504,0,0,,0,100978184192,121103560704,0
1791592165.3297434,0.03100031241774559,1957138432,0,0,85017493504,0,0,,0,100978311168,121103560704,0
1791592165.528301,0.0294780433177948,1957146624,0,0,85017493504,0,0,,0,100978319360,121103560704,0
1791592165.7282789,0.02936987578868866,1957146624,0,0,85017493504,0,0,,0,100978319360,121103560704,0
1791592165.9297717,0.030758799985051155,1957142528,0,0,85017493504,0,0,,0,100978032640,121103560704,0
1791592166.127968,0.028873439878225327,1957142528,0,0,85017493504,0,0,,0,100978384896,121103560704,0
1791592166.3298898,0.030681516975164413,1957146624,0,0,85017493504,0,0,,0,100978749440,121103560704,0
1791592166.5280795,0.0287857037037611,1957146624,0,0,85017493504,0,0,,0,100978139136,121103560704,0
1791592166.7301512,0.030776211991906166,1957146624,0,0,85017493504,0,0,,0,100978163712,121103560704,0
1791592166.92881,0.0293476190418005,1957146624,0,0,85017493504,0,0,,0,100978012160,121103560704,0
1791592167.126967,0.027414953336119652,1957146624,0,0,85017493504,0,0,,0,100978065408,121103560704,0
1791592167.328544,0.02890719100832939,1957146624,0,0,85017493504,0,0,,0,100978012160,121103560704,0
1791592167.5283184,0.02856130339205265,1957146624,0,0,85017493504,0,0,,0,100977676288,121103560704,0
1791592167.730765,0.03089100308716297,1957146624,0,0,85017493504,0,0,,0,100977782784,121103560704,0
1791592167.9302375,0.03025965765118599,1957150720,0,0,85017493504,0,0,,0,100978130944,121103560704,0
1791592168.1282904,0.028224248439073563,1957146624,0,0,85017493504,0,0,,0,100978417664,121103560704,0
1791592168.3315089,0.031354108825325966,1959870464,0,0,85017493504,0,0,,0,100981035008,121103560704,0
1791592168.5319653,0.03172875568270683,1961832448,0,0,85017493504,0,0,,0,100982874112,121103560704,0
1791592168.7293603,0.029042288661003113,1963298816,0,0,85017493504,0,0,,0,100984246272,121103560704,0
1791592168.9297783,0.029378367587924004,1962799104,0,0,85017493504,0,0,,0,100983271424,121103560704,0
1791592169.128435,0.027935698628425598,1962799104,0,0,85017493504,0,0,,0,100983185408,121103560704,0
1791592169.330539,0.02995600365102291,1963016192,0,0,85017493504,0,0,,0,100983783424,121103560704,0
1791592169.5278509,0.0271664597094059,1965088768,0,0,85017493504,0,0,,0,100985442304,121103560704,0
1791592169.7338445,0.03307831473648548,1964429312,0,0,85017493504,0,0,,0,100984852480,121103560704,0
1791592169.9318006,0.03092876449227333,1964199936,0,0,85017493504,0,0,,0,100984963072,121103560704,0
1791592170.1324224,0.03146376833319664,1964199936,0,0,85017493504,0,0,,0,100985278464,121103560704,0
1791592170.330473,0.029433012008666992,1965613056,0,0,85017493504,0,0,,0,100986462208,121103560704,0
1791592170.5320888,0.030967723578214645,1966317568,0,0,85017493504,0,0,,0,100987183104,121103560704,0
1791592170.7307122,0.029509278014302254,1966592000,0,0,85017493504,0,0,,0,100987158528,121103560704,0
1791592170.9279807,0.026694564148783684,1967759360,0,0,85017493504,0,0,,0,100988764160,121103560704,0
1791592171.1316352,0.03025025874376297,1967939584,0,0,85017493504,0,0,,0,100988772352,121103560704,0
1791592171.329912,0.028438935056328773,1968238592,0,0,85017493504,0,0,,0,100989202432,121103560704,0
1791592171.528444,0.026882179081439972,1968586752,0,0,85017493504,0,0,,0,100989681664,121103560704,0
1791592171.7321534,0.03050239570438862,1969070080,0,0,85017493504,0,0,,0,100990095360,121103560704,0
1791592171.9318733,0.030133327469229698,1965568000,0,0,85017493504,0,0,,0,100986667008,121103560704,0
1791592172.131701,0.029868735000491142,1965580288,0,0,85017493504,0,0,,0,100986896384,121103560704,0
1791592172.3527942,0.050835929811000824,1965580288,0,0,85017493504,0,0,,0,100986474496,121103560704,0
1791592172.553514,0.05147577077150345,1966817280,0,0,85017493504,0,0,,0,100987744256,121103560704,0
1791592172.7308486,0.028717607259750366,1967607808,0,0,85017493504,0,0,,0,100988416000,121103560704,0
1791592172.9317672,0.029546566307544708,1949536256,0,0,85017493504,0,0,,0,100976398336,121097654272,0
1791592173.1318805,0.029573004692792892,1954803712,0,0,85017493504,0,0,,0,100981706752,121097654272,0
1791592173.3303075,0.027912896126508713,1954770944,0,0,85017493504,0,0,,0,100981489664,121097654272,0
1791592173.529059,0.026578493416309357,1959215104,0,0,85017493504,0,0,,0,100986114048,121097654272,0
1791592173.7308354,0.028257498517632484,1970343936,0,0,85017493504,0,0,,0,100997214208,121097654272,0
1791592173.9274156,0.024737071245908737,1959854080,0,0,85017493504,0,0,,0,100986437632,121097654272,0
1791592174.1289487,0.026192232966423035,1959854080,0,0,85017493504,0,0,,0,100986667008,121097654272,0
1791592174.3280869,0.025264950469136238,1959919616,0,0,85017493504,0,0,,0,100986855424,121097654272,0
1791592174.5272028,0.02431243658065796,1959936000,0,0,85017493504,0,0,,0,100986372096,121097654272,0
1791592174.727853,0.024893341585993767,1959936000,0,0,85017493504,0,0,,0,100986449920,121097654272,0
1791592174.930491,0.02743927761912346,1959936000,0,0,85017493504,0,0,,0,100986806272,121097654272,0
1791592175.1284566,0.02532181143760681,1959936000,0,0,85017493504,0,0,,0,100986888192,121097654272,0
1791592175.328721,0.025499915704131126,1959936000,0,0,85017493504,0,0,,0,100986966016,121097654272,0
1791592175.528317,0.025011587888002396,1959936000,0,0,85017493504,0,0,,0,100986396672,121097654272,0
1791592175.7332525,0.029857704415917397,1959936000,0,0,85017493504,0,0,,0,100986470400,121097654272,0
1791592175.9322395,0.0287629347294569,1959956480,0,0,85017493504,0,0,,0,100987088896,121097654272,0
1791592176.130126,0.02656823769211769,1959968768,0,0,85017493504,0,0,,0,100987408384,121097654272,0
1791592176.3330894,0.029451923444867134,1959968768,0,0,85017493504,0,0,,0,100987502592,121097654272,0
1791592176.5325785,0.028860896825790405,1959968768,0,0,85017493504,0,0,,0,100987256832,121097654272,0
1791592176.7340302,0.030229581519961357,1959968768,0,0,85017493504,0,0,,0,100987305984,121097654272,0
1791592176.9334815,0.029580652713775635,1959968768,0,0,85017493504,0,0,,0,100987543552,121097654272,0
1791592177.1326735,0.028687939047813416,1959968768,0,0,85017493504,0,0,,0,100987625472,121097654272,0
1791592177.3337026,0.029632560908794403,1959968768,0,0,85017493504,0,0,,0,100987465728,121097654272,0
1791592177.5347676,0.030610015615820885,1959968768,0,0,85017493504,0,0,,0,100987408384,121097654272,0
1791592177.7330084,0.028766632080078125,1959968768,0,0,85017493504,0,0,,0,100987748352,121097654272,0
1791592177.9341865,0.029835427179932594,1959968768,0,0,85017493504,0,0,,0,100987371520,121097654272,0
1791592178.1364822,0.03204600140452385,1959968768,0,0,85017493504,0,0,,0,100987166720,121097654272,0
1791592178.3346524,0.030134735628962517,1959968768,0,0,85017493504,0,0,,0,100987252736,121097654272,0
1791592178.5343847,0.029790526255965233,1959968768,0,0,85017493504,0,0,,0,100987207680,121097654272,0
1791592178.7355134,0.03081117942929268,1959968768,0,0,85017493504,0,0,,0,100987228160,121097654272,0
1791592178.9346642,0.0298730731010437,1959968768,0,0,85017493504,0,0,,0,100987580416,121097654272,0
1791592179.1334345,0.02855876088142395,1959968768,0,0,85017493504,0,0,,0,100987650048,121097654272,0
1791592179.332151,0.027192261070013046,1959968768,0,0,85017493504,0,0,,0,100987740160,121097654272,0
1791592179.5320914,0.027049722149968147,1959968768,0,0,85017493504,0,0,,0,100987404288,121097654272,0
1791592179.7360039,0.030880680307745934,1959989248,0,0,85017493504,0,0,,0,100987658240,121097654272,0
1791592179.9348347,0.02962936833500862,1959989248,0,0,85017493504,0,0,,0,100987494400,121097654272,0
1791592180.135578,0.030286602675914764,1959989248,0,0,85017493504,0,0,,0,100987625472,121097654272,0
1791592180.3358164,0.030423970893025398,1952964608,0,0,85017493504,0,0,,0,100980477952,121097654272,0
1791592180.5355694,0.030097415670752525,1955065856,0,0,85017493504,0,0,,0,100982329344,121097654272,0
1791592180.7364264,0.030871408060193062,1955065856,0,0,85017493504,0,0,,0,100982214656,121097654272,0
1791592180.9345703,0.028927529230713844,1955065856,0,0,85017493504,0,0,,0,100982116352,121097654272,0
1791592181.1341019,0.028374318033456802,1955065856,0,0,85017493504,0,0,,0,100982231040,121097654272,0
1791592181.3344088,0.02859966643154621,1955065856,0,0,85017493504,0,0,,0,100982059008,121097654272,0
1791592181.5331216,0.02723049744963646,1955065856,0,0,85017493504,0,0,,0,100982149120,121097654272,0
1791592181.7377653,0.031781794503331184,1955872768,0,0,85017493504,0,0,,0,100982853632,121097654272,0
1791592181.9347303,0.028665127232670784,1953599488,0,0,85017493504,0,0,,0,100980490240,121097654272,0
1791592182.1345818,0.028435327112674713,1953603584,0,0,85017493504,0,0,,0,100980342784,121097654272,0
1791592182.3324733,0.026242755353450775,1953619968,0,0,85017493504,0,0,,0,100980457472,121097654272,0
1791592182.5343344,0.028022848069667816,1953615872,0,0,85017493504,0,0,,0,100980117504,121097654272,0
1791592182.7370026,0.03061015158891678,1953615872,0,0,85017493504,0,0,,0,100980117504,121097654272,0
1791592182.9352982,0.028819041326642036,1953615872,0,0,85017493504,0,0,,0,100980432896,121097654272,0
1791592183.1339686,0.027403689920902252,1953615872,0,0,85017493504,0,0,,0,100980039680,121097654272,0
1791592183.3365521,0.02989782579243183,1953607680,0,0,85017493504,0,0,,0,100980051968,121097654272,0
1791592183.535372,0.028629500418901443,1953738752,0,0,85017493504,0,0,,0,100979937280,121097654272,0
1791592183.7372322,0.03039904125034809,1953738752,0,0,85017493504,0,0,,0,100980219904,121097654272,0
1791592183.9364426,0.02952638640999794,1953738752,0,0,85017493504,0,0,,0,100979998720,121097654272,0
1791592184.1368582,0.029854752123355865,1954054144,0,0,85017493504,0,0,,0,100980633600,121097654272,0
1791592184.3371646,0.030044913291931152,1954295808,0,0,85017493504,0,0,,0,100980736000,121097654272,0
1791592184.537937,0.03073645941913128,1954295808,0,0,85017493504,0,0,,0,100981022720,121097654272,0
1791592184.736859,0.029544832184910774,1954295808,0,0,85017493504,0,0,,0,100980375552,121097654272,0
1791592184.9358728,0.028475763276219368,1954275328,0,0,85017493504,0,0,,0,100980756480,121097654272,0
1791592185.1353889,0.0279100202023983,1954275328,0,0,85017493504,0,0,,0,100980527104,121097654272,0
1791592185.3345141,0.026954250410199165,1954885632,0,0,85017493504,0,0,,0,100981112832,121097654272,0
1791592185.536518,0.02887563966214657,1956708352,0,0,85017493504,0,0,,0,100983005184,121097654272,0
1791592185.7379951,0.030273089185357094,1956773888,0,0,85017493504,0,0,,0,100983095296,121097654272,0
1791592185.93733,0.02950354479253292,1965465600,0,0,85017493504,0,0,,0,100992094208,121097654272,0
1791592186.1366,0.02869238704442978,1964638208,0,0,85017493504,0,0,,0,100991344640,121097654272,0
1791592186.336722,0.02873360738158226,1964220416,0,0,85017493504,0,0,,0,100990996480,121097654272,0
1791592186.5377345,0.02965637482702732,1964195840,0,0,85017493504,0,0,,0,100990726144,121097654272,0
1791592186.734025,0.02586711384356022,1964007424,0,0,85017493504,0,0,,0,100990648320,121097654272,0
1791592186.9376285,0.02939077652990818,1963614208,0,0,85017493504,0,0,,0,100990345216,121097654272,0
1791592187.1367283,0.028406083583831787,1963126784,0,0,85017493504,0,0,,0,100989919232,121097654272,0
1791592187.3356776,0.027270223945379257,1962942464,0,0,85017493504,0,0,,0,100989616128,121097654272,0
1791592187.536961,0.028466172516345978,1962782720,0,0,85017493504,0,0,,0,100989161472,121097654272,0
1791592187.738773,0.030188780277967453,1963048960,0,0,85017493504,0,0,,0,100989620224,121097654272,0
1791592187.938115,0.029445040971040726,1963061248,0,0,85017493504,0,0,,0,100989472768,121097654272,0
1791592188.1359515,0.02719741314649582,1963061248,0,0,85017493504,0,0,,0,100989366272,121097654272,0
1791592188.3354604,0.026622852310538292,1976664064,0,0,85017493504,0,0,,0,101008855040,121092091904,0
1791592188.5369003,0.027981117367744446,1850593280,0,0,85017493504,0,0,,0,100882948096,121092091904,0
1791592188.7384777,0.029470283538103104,1871118336,0,0,85017493504,0,0,,0,100903403520,121092091904,0
1791592188.9368482,0.027757344767451286,1882046464,0,0,85017493504,0,0,,0,100914364416,121092091904,0
1791592189.1382878,0.029076864942908287,1927589888,0,0,85017493504,0,0,,0,100960059392,121092091904,0
1791592189.3384778,0.029181750491261482,1928937472,0,0,85017493504,0,0,,0,100950806528,121092091904,0
1791592189.5361462,0.026768535375595093,1918447616,0,0,85017493504,0,0,,0,100950810624,121092091904,0
1791592189.7405412,0.031080862507224083,1918955520,0,0,85017493504,0,0,,0,100950982656,121092091904,0
1791592189.9391336,0.029590200632810593,1918988288,0,0,85017493504,0,0,,0,100951248896,121092091904,0
1791592190.1380198,0.028394022956490517,1919000576,0,0,85017493504,0,0,,0,100951379968,121092091904,0
1791592190.33967,0.029967185109853745,1919811584,0,0,85017493504,0,0,,0,100952150016,121092091904,0
1791592190.5399396,0.030154714360833168,1919819776,0,0,85017493504,0,0,,0,100951826432,121092091904,0
1791592190.7385883,0.028713002800941467,1919832064,0,0,85017493504,0,0,,0,100952104960,121092091904,0
1791592190.9389808,0.029023274779319763,1919840256,0,0,85017493504,0,0,,0,100952006656,121092091904,0
1791592191.1375754,0.027536064386367798,1919864832,0,0,85017493504,0,0,,0,100952113152,121092091904,0
1791592191.33603,0.0259116031229496,1919873024,0,0,85017493504,0,0,,0,100952199168,121092091904,0
1791592191.5355375,0.02533566579222679,1919881216,0,0,85017493504,0,0,,0,100952018944,121092091904,0
1791592191.7396743,0.02938951924443245,1919885312,0,0,85017493504,0,0,,0,100951928832,121092091904,0
1791592191.9406385,0.030273865908384323,1919901696,0,0,85017493504,0,0,,0,100952014848,121092091904,0
1791592192.1393807,0.028935102745890617,1920086016,0,0,85017493504,0,0,,0,100952686592,121092091904,0
1791592192.341301,0.030772019177675247,1922195456,0,0,85017493504,0,0,,0,100954714112,121092091904,0
1791592192.5389335,0.02832428738474846,1923653632,0,0,85017493504,0,0,,0,100956016640,121092091904,0
1791592192.7411532,0.03045988827943802,1924587520,0,0,85017493504,0,0,,0,100957126656,121092091904,0
1791592192.9411042,0.030314425006508827,1925197824,0,0,85017493504,0,0,,0,100957614080,121092091904,0
1791592193.1400445,0.02917063608765602,1925341184,0,0,85017493504,0,0,,0,100957609984,121092091904,0
1791592193.3380418,0.027084825560450554,1926348800,0,0,85017493504,0,0,,0,100958744576,121092091904,0
1791592193.537308,0.026266751810908318,1926356992,0,0,85017493504,0,0,,0,100958744576,121092091904,0
1791592193.739822,0.028691479936242104,1928634368,0,0,85017493504,0,0,,0,100960563200,121092091904,0
1791592193.9409542,0.02973509021103382,1928699904,0,0,85017493504,0,0,,0,100960362496,121092091904,0
1791592194.1397965,0.028488511219620705,1928728576,0,0,85017493504,0,0,,0,100960702464,121092091904,0
1791592194.3404756,0.029082216322422028,1932615680,0,0,85017493504,0,0,,0,100964421632,121092091904,0
1791592194.5404015,0.028921401128172874,1934417920,0,0,85017493504,0,0,,0,100966248448,121092091904,0
1791592194.739036,0.027471795678138733,1934864384,0,0,85017493504,0,0,,0,100966600704,121092091904,0
1791592194.9403543,0.02870125137269497,1934864384,0,0,85017493504,0,0,,0,100966690816,121092091904,0
1791592195.1399043,0.02816632390022278,1938018304,0,0,85017493504,0,0,,0,100969930752,121092653056,0
1791592195.3421433,0.030321195721626282,1938018304,0,0,85017493504,0,0,,0,100969721856,121092653056,0
1791592195.5402093,0.02830226719379425,1938022400,0,0,85017493504,0,0,,0,100969820160,121092653056,0
1791592195.7416449,0.02964787185192108,1936805888,0,0,85017493504,0,0,,0,100968427520,121092653056,0
1791592195.9426434,0.030558118596673012,1934229504,0,0,85017493504,0,0,,0,100965433344,121092653056,0
1791592196.1410923,0.028831692412495613,1931276288,0,0,85017493504,0,0,,0,100962709504,121092653056,0
1791592196.3417723,0.029425665736198425,1929691136,0,0,85017493504,0,0,,0,100961103872,121092653056,0
1791592196.54202,0.02958548627793789,1925328896,0,0,85017493504,0,0,,0,100957011968,121092653056,0
1791592196.7406518,0.02813352830708027,1924636672,0,0,85017493504,0,0,,0,100956237824,121092653056,0
1791592196.9409053,0.028306428343057632,1924276224,0,0,85017493504,0,0,,0,100956164096,121092653056,0
1791592197.14026,0.02753409743309021,1924268032,0,0,85017493504,0,0,,0,100955783168,121092653056,0
1791592197.3380804,0.025270482525229454,1924268032,0,0,85017493504,0,0,,0,100955807744,121092653056,0
1791592197.538688,0.025790119543671608,1924268032,0,0,85017493504,0,0,,0,100955582464,121092653056,0
1791592197.742652,0.02966914139688015,1924268032,0,0,85017493504,0,0,,0,100955275264,121092653056,0
1791592197.9414907,0.02841995470225811,1924268032,0,0,85017493504,0,0,,0,100955910144,121092653056,0
1791592198.1417568,0.028602827340364456,1924268032,0,0,85017493504,0,0,,0,100955860992,121092653056,0
1791592198.3410866,0.027830787003040314,1924268032,0,0,85017493504,0,0,,0,100955615232,121092653056,0
1791592198.5452757,0.03188634477555752,1924272128,0,0,85017493504,0,0,,0,100955742208,121092653056,0
1791592198.7405562,0.027083348482847214,1924272128,0,0,85017493504,0,0,,0,100955267072,121092653056,0
1791592198.9440594,0.03048272430896759,1924272128,0,0,85017493504,0,0,,0,100954996736,121092653056,0
1791592199.142452,0.02877284586429596,1924272128,0,0,85017493504,0,0,,0,100954820608,121092653056,0
1791592199.343786,0.030026929453015327,1924272128,0,0,85017493504,0,0,,0,100954918912,121092653056,0
1791592199.5405314,0.02668539434671402,1926373376,0,0,85017493504,0,0,,0,100957872128,121092653056,0
1791592199.745681,0.03173656947910786,1927376896,0,0,85017493504,0,0,,0,100958449664,121092653056,0
1791592199.9443164,0.030269630253314972,1927643136,0,0,85017493504,0,0,,0,100958781440,121092653056,0
1791592200.140864,0.026733512058854103,1928478720,0,0,85017493504,0,0,,0,100959567872,121092653056,0
1791592200.3416405,0.027425123378634453,1929101312,0,0,85017493504,0,0,,0,100960206848,121092653056,0
1791592200.5430293,0.02873336337506771,1929834496,0,0,85017493504,0,0,,0,100961071104,121092653056,0
1791592200.7445014,0.030124831944704056,1932660736,0,0,85017493504,0,0,,0,100963758080,121092653056,0
1791592200.945382,0.030892260372638702,1934098432,0,0,85017493504,0,0,,0,100965662720,121092653056,0
1791592201.1416514,0.027092555537819862,1934667776,0,0,85017493504,0,0,,0,100966068224,121092653056,0
1791592201.3439639,0.02931523509323597,1934692352,0,0,85017493504,0,0,,0,100966055936,121092653056,0
1791592201.5435278,0.028781598433852196,1934905344,0,0,85017493504,0,0,,0,100965892096,121092653056,0
1791592201.746996,0.032141270115971565,1934970880,0,0,85017493504,0,0,,0,100966236160,121092653056,0
1791592201.9440038,0.02902470901608467,1939312640,0,0,85017493504,0,0,,0,100970274816,121092653056,0
1791592202.1436822,0.02860248275101185,1951490048,0,0,85017493504,0,0,,0,100982005760,121092653056,0
1791592202.3567922,0.04162541218101978,1953234944,0,0,85017493504,0,0,,0,100983894016,121092653056,0
1791592203.0514057,0.5361882857978344,1956466688,0,0,85017493504,0,0,,0,100986810368,121092653056,0
1791592203.081374,0.02964031882584095,1957199872,0,0,85017493504,0,0,,0,100978143232,121088081920,0
1791592203.283254,0.031432123854756355,1932271616,0,0,85017493504,0,0,,0,100967825408,121088081920,0
1791592203.481345,0.029412252828478813,1932181504,0,0,85017493504,0,0,,0,100967649280,121088081920,0
1791592203.6801968,0.02817843295633793,1942597632,0,0,85017493504,0,0,,0,100978343936,121088081920,0
1791592203.8826296,0.030531272292137146,1974161408,0,0,85017493504,0,0,,0,101010149376,121088081920,0
1791592204.0767524,0.024524638429284096,1969967104,0,0,85017493504,0,0,,0,100984541184,121088081920,0
1791592204.2775478,0.02522648684680462,1948991488,0,0,85017493504,0,0,,0,100984123392,121088081920,0
1791592204.4788687,0.026444867253303528,1948991488,0,1048576,85017493504,0,0,,0,100983795712,121088081920,0
1791592204.951282,0.2987687550485134,1949003776,0,1048576,85017493504,0,0,,0,100984152064,121088081920,0
1791592204.988959,0.03735201433300972,1949003776,0,4194304,85014347776,0,0,,0,100984500224,121088081920,0
1791592205.1817124,0.03002215549349785,1949003776,0,4194304,85014347776,0,0,,0,100984590336,121088081920,0
1791592205.3769374,0.025166602805256844,1949003776,0,4194304,85014347776,0,0,,0,100984676352,121088081920,0
1791592205.5845437,0.03268090449273586,1949003776,0,556793856,84461748224,0,0,,0,100984446976,121088081920,0
1791592205.8024633,0.05051849037408829,1949003776,0,556793856,84461748224,0,0,,0,100984537088,121088081920,0
1791592205.994958,0.042919132858514786,1949003776,0,556793856,84461748224,0,0,,0,100984872960,121088081920,0
1791592206.1888216,0.03669227100908756,1949003776,0,556793856,84461748224,0,0,,0,100984909824,121088081920,0
1791592206.3790326,0.026799028739333153,1949003776,0,556793856,84461748224,0,0,,0,100984258560,121088081920,0
1791592206.5814264,0.02910074219107628,1949003776,0,556793856,84461748224,0,0,,0,100984266752,121088081920,0
1791592206.815141,0.06273161992430687,1949003776,0,556793856,84461748224,0,0,,0,100984332288,121088081920,0
1791592207.4229903,0.47050076723098755,1949003776,0,0,85017493504,0,0,,0,100984336384,121088081920,0
1791592207.447112,0.023808687925338745,1949003776,0,0,85017493504,0,0,,0,100984639488,121088081920,0
1791592207.6480289,0.02463533543050289,1949024256,0,0,85017493504,0,0,,0,100984078336,121088081920,0
1791592207.8514924,0.028008118271827698,1949024256,0,0,85017493504,0,0,,0,100984168448,121088081920,0
1791592208.0602946,0.03671478107571602,1949024256,0,0,85017493504,0,0,,0,100984500224,121088081920,0
1791592208.263009,0.0393405519425869,1949024256,0,0,85017493504,0,0,,0,100984057856,121088081920,0
1791592208.4493344,0.02558162622153759,1949024256,0,0,85017493504,0,0,,0,100984410112,121088081920,0
1791592208.6550508,0.031209101900458336,1949040640,0,0,85017493504,0,0,,0,100984446976,121088081920,0
1791592208.8520536,0.02812597155570984,1949044736,0,0,85017493504,0,0,,0,100984328192,121088081920,0
1791592209.06021,0.03619384579360485,1949044736,0,0,85017493504,0,0,,0,100984553472,121088081920,0
1791592209.2526188,0.02851235494017601,1949044736,0,0,85017493504,0,0,,0,100984643584,121088081920,0
1791592209.451369,0.027145305648446083,1949044736,0,0,85017493504,0,0,,0,100984741888,121088081920,0
1791592209.649947,0.0256381593644619,1949044736,0,0,85017493504,0,0,,0,100984573952,121088081920,0
1791592209.8775933,0.05319646745920181,1949044736,0,0,85017493504,0,0,,0,100984328192,121088081920,0
1791592210.0523782,0.027883583679795265,1949044736,0,0,85017493504,0,0,,0,100984545280,121088081920,0
1791592210.2532315,0.02864779345691204,1949044736,0,0,85017493504,0,0,,0,100984487936,121088081920,0
1791592210.4542792,0.02960103191435337,1949069312,0,0,85017493504,0,0,,0,100984373248,121088081920,0
1791592210.6547217,0.029929179698228836,1949085696,0,0,85017493504,0,0,,0,100984410112,121088081920,0
1791592210.8546238,0.029731780290603638,1948680192,0,0,85017493504,0,0,,0,100982964224,121088081920,0
1791592211.0553186,0.030328968539834023,1947250688,0,0,85017493504,0,0,,0,100982509568,121088081920,0
1791592211.2531192,0.028032271191477776,1942888448,0,0,85017493504,0,0,,0,100978601984,121088081920,0
1791592211.4555802,0.030360432341694832,1942888448,0,0,85017493504,0,0,,0,100978319360,121088081920,0
1791592211.6535912,0.02828538790345192,1942888448,0,0,85017493504,0,0,,0,100978515968,121088081920,0
1791592211.853848,0.028452657163143158,1942888448,0,0,85017493504,0,0,,0,100978868224,121088081920,0
1791592212.051517,0.026029743254184723,1942888448,0,0,85017493504,0,0,,0,100978880512,121088081920,0
1791592212.2484763,0.022906139492988586,1942888448,0,0,85017493504,0,0,,0,100978315264,121088081920,0
1791592212.4556806,0.03001018799841404,1942888448,0,0,85017493504,0,0,,0,100978311168,121088081920,0
1791592212.6594877,0.033731456845998764,1942888448,0,0,85017493504,0,0,,0,100978655232,121088081920,0
1791592212.8556542,0.029789384454488754,1944924160,0,0,85017493504,0,0,,0,100980887552,121088081920,0
1791592213.0566452,0.030679650604724884,1944797184,0,0,85017493504,0,0,,0,100981125120,121088081920,0
1791592213.2545698,0.028522536158561707,1944801280,0,0,85017493504,0,0,,0,100980903936,121088081920,0
1791592213.4543915,0.028263861313462257,1944592384,0,0,85017493504,0,0,,0,100980363264,121088081920,0
1791592213.6532824,0.027070511132478714,1944498176,0,0,85017493504,0,0,,0,100980318208,121088081920,0
1791592213.8546765,0.028381645679473877,1944498176,0,0,85017493504,0,0,,0,100980412416,121088081920,0
1791592214.053932,0.02755434811115265,1944494080,0,0,85017493504,0,0,,0,100980363264,121088081920,0
1791592214.2563784,0.02991773933172226,1944494080,0,0,85017493504,0,0,,0,100980588544,121088081920,0
1791592214.4565177,0.029974346980452538,1944494080,0,0,85017493504,0,0,,0,100980719616,121088081920,0
1791592214.6549964,0.0283746849745512,1944494080,0,0,85017493504,0,0,,0,100981067776,121088081920,0
1791592214.853086,0.026382476091384888,1944494080,0,0,85017493504,0,0,,0,100980711424,121088081920,0
1791592215.0545988,0.027814628556370735,1944494080,0,0,85017493504,0,0,,0,100980244480,121088081920,0
1791592215.2564564,0.029586061835289,1944494080,0,0,85017493504,0,0,,0,100980305920,121088081920,0
1791592215.4545374,0.02758471667766571,1944494080,0,0,85017493504,0,0,,0,100979978240,121088081920,0
1791592215.6559474,0.028913162648677826,1944494080,0,0,85017493504,0,0,,0,100980064256,121088081920,0
1791592215.8558393,0.028724392876029015,1944494080,0,0,85017493504,0,0,,0,100980117504,121088081920,0
1791592216.056365,0.029164522886276245,1944494080,0,0,85017493504,0,0,,0,100980195328,121088081920,0
1791592216.2572176,0.02993173897266388,1944494080,0,0,85017493504,0,0,,0,100980002816,121088081920,0
1791592216.456533,0.029162921011447906,1944494080,0,0,85017493504,0,0,,0,100979961856,121088081920,0
1791592216.6557682,0.02832041122019291,1944494080,0,0,85017493504,0,0,,0,100980224000,121088081920,0
1791592216.855924,0.028393056243658066,1944838144,0,0,85017493504,0,0,,0,100980744192,121088081920,0
1791592217.0570152,0.029398949816823006,1944997888,0,0,85017493504,0,0,,0,100980604928,121088081920,0
1791592217.2572224,0.02951229177415371,1944711168,0,0,85017493504,0,0,,0,100980383744,121088081920,0
1791592217.4572222,0.029410090297460556,1944326144,0,0,85017493504,0,0,,0,100979838976,121088081920,0
1791592217.6570127,0.029109900817275047,1944403968,0,0,85017493504,0,0,,0,100979744768,121088081920,0
1791592217.8556666,0.027684206143021584,1946329088,0,0,85017493504,0,0,,0,100981403648,121088081920,0
1791592218.059801,0.03173476830124855,1945915392,0,0,85017493504,0,0,,0,100981587968,121088081920,0
1791592218.2579296,0.02977166883647442,1943633920,0,0,85017493504,0,0,,0,100979159040,121088081920,0
1791592218.4575725,0.02931278385221958,1943633920,0,0,85017493504,0,0,,0,100978991104,121088081920,0
1791592218.6580248,0.02967200055718422,1943633920,0,0,85017493504,0,0,,0,100979212288,121088081920,0
1791592218.8571541,0.028701744973659515,1943678976,0,0,85017493504,0,0,,0,100979122176,121088081920,0
1791592219.0587244,0.030174175277352333,1944293376,0,0,85017493504,0,0,,0,100979982336,121088081920,0
1791592219.2570224,0.028374038636684418,1944850432,0,0,85017493504,0,0,,0,100980404224,121088081920,0
1791592219.4566586,0.02794397436082363,1945325568,0,0,85017493504,0,0,,0,100980305920,121088081920,0
1791592219.6657271,0.036906469613313675,1945583616,0,0,85017493504,0,0,,0,100980817920,121088081920,0
1791592219.86113,0.0322230514138937,1945780224,0,0,85017493504,0,0,,0,100981202944,121088081920,0
1791592220.062912,0.033883268013596535,1945968640,0,0,85017493504,0,0,,0,100981547008,121088081920,0
1791592220.2591705,0.030049381777644157,1946464256,0,0,85017493504,0,0,,0,100982161408,121088081920,0
1791592220.458909,0.029696393758058548,1947074560,0,0,85017493504,0,0,,0,100982697984,121088081920,0
1791592220.6562064,0.02691240981221199,1947176960,0,0,85017493504,0,0,,0,100983070720,121088081920,0
1791592220.8589838,0.029599912464618683,1947443200,0,0,85017493504,0,0,,0,100983373824,121088081920,0
1791592221.059603,0.03009418211877346,1948241920,0,0,85017493504,0,0,,0,100984016896,121088081920,0
1791592221.2587538,0.02915838360786438,1948594176,0,0,85017493504,0,0,,0,100984066048,121088081920,0
1791592221.458618,0.028940554708242416,1949810688,0,0,85017493504,0,0,,0,100985659392,121088081920,0
1791592221.6554456,0.025702614337205887,1950797824,0,0,85017493504,0,0,,0,100986757120,121088081920,0
1791592221.8576062,0.02779981680214405,1952927744,0,0,85017493504,0,0,,0,100989284352,121088081920,0
1791592222.0590937,0.02917046658694744,1952968704,0,0,85017493504,0,0,,0,100989202432,121088081920,0
1791592222.253074,0.02308446541428566,1953275904,0,0,85017493504,0,0,,0,100989550592,121088081920,0
1791592222.4575243,0.027472730726003647,1955356672,0,0,85017493504,0,0,,0,100991672320,121088081920,0
1791592222.6587412,0.028591731563210487,1956442112,0,0,85017493504,0,0,,0,100992221184,121088081920,0
1791592222.8594608,0.029185805469751358,1968865280,0,0,85017493504,0,0,,0,100941897728,121083916288,0
1791592223.055076,0.024733485653996468,1863385088,0,0,85017493504,0,0,,0,100902952960,121083916288,0
1791592223.2520523,0.021644912660121918,1883312128,0,0,85017493504,0,0,,0,100922695680,121083916288,0
1791592223.4501398,0.01966835930943489,1894154240,0,0,85017493504,0,0,,0,100933992448,121083916288,0
1791592223.6548896,0.024333849549293518,1935986688,0,0,85017493504,0,0,,0,100954054656,121083916288,0
1791592223.8604705,0.02978782169520855,1919545344,0,0,85017493504,0,0,,0,100959129600,121083916288,0
1791592224.0618262,0.03105139173567295,1919549440,0,0,85017493504,0,0,,0,100959748096,121083916288,0
1791592224.2617903,0.03093312494456768,1919578112,0,0,85017493504,0,0,,0,100959838208,121083916288,0
1791592224.460005,0.029067160561680794,1920610304,0,0,85017493504,0,0,,0,100960948224,121083916288,0
1791592224.6605163,0.029497874900698662,1921576960,0,0,85017493504,0,0,,0,100961980416,121083916288,0
1791592224.859275,0.028170673176646233,1921589248,0,0,85017493504,0,0,,0,100962074624,121083916288,0
1791592225.0518465,0.020673437044024467,1921835008,0,0,85017493504,0,0,,0,100962430976,121083916288,0
1791592225.258839,0.027603885158896446,1921851392,0,0,85017493504,0,0,,0,100962496512,121083916288,0
1791592225.4611008,0.02977840229868889,1921863680,0,0,85017493504,0,0,,0,100962480128,121083916288,0
1791592225.658044,0.026639066636562347,1921875968,0,0,85017493504,0,0,,0,100962512896,121083916288,0
1791592225.8596945,0.028226789087057114,1921884160,0,0,85017493504,0,0,,0,100962586624,121083916288,0
1791592226.0611873,0.029634296894073486,1922035712,0,0,85017493504,0,0,,0,100962738176,121083916288,0
1791592226.2622156,0.030575919896364212,1932906496,0,0,85017493504,0,0,,0,100972990464,121083916288,0
1791592226.4610286,0.02930307202041149,1933242368,0,0,85017493504,0,0,,0,100973592576,121083916288,0
1791592226.6594334,0.027626529335975647,1934389248,0,0,85017493504,0,0,,0,100974997504,121083916288,0
1791592226.8595128,0.027620889246463776,1934585856,0,0,85017493504,0,0,,0,100974985216,121083916288,0
1791592227.0527995,0.020842136815190315,1936773120,0,0,85017493504,0,0,,0,100977434624,121083916288,0
1791592227.2520962,0.02007453702390194,1936785408,0,0,85017493504,0,0,,0,100977496064,121083916288,0
1791592227.455509,0.023424120619893074,1936789504,0,0,85017493504,0,0,,0,100977561600,121083916288,0
1791592227.6544664,0.022318484261631966,1936805888,0,0,85017493504,0,0,,0,100977647616,121083916288,0
1791592227.856461,0.02425091713666916,1936834560,0,0,85017493504,0,0,,0,100977922048,121083916288,0
1791592228.0528073,0.020534442737698555,1936863232,0,0,85017493504,0,0,,0,100977831936,121083916288,0
1791592228.2592013,0.026862850412726402,1939181568,0,0,85017493504,0,0,,0,100980002816,121083916288,0
1791592228.481075,0.0486463513225317,1939296256,0,0,85017493504,0,0,,0,100979810304,121083916288,0
1791592228.6756108,0.04311796464025974,1939513344,0,0,85017493504,0,0,,0,100980670464,121083916288,0
1791592228.8609543,0.028369734063744545,1940123648,0,0,85017493504,0,0,,0,100981035008,121083916288,0
1791592229.058364,0.0257052443921566,1941106688,0,0,85017493504,0,0,,0,100980858880,121083916288,0
1791592229.2604644,0.027724554762244225,1942126592,0,0,85017493504,0,0,,0,100982210560,121083916288,0
1791592229.4594035,0.026578737422823906,1939501056,0,0,85017493504,0,0,,0,100979363840,121083916288,0
1791592229.6570182,0.024112356826663017,1939505152,0,0,85017493504,0,0,,0,100979437568,121083916288,0
1791592229.8637683,0.030781127512454987,1939505152,0,0,85017493504,0,0,,0,100979408896,121083916288,0
1791592230.0603526,0.02724277228116989,1939505152,0,0,85017493504,0,0,,0,100979007488,121083916288,0
1791592230.263508,0.030269844457507133,1939505152,0,0,85017493504,0,0,,0,100979101696,121083916288,0
1791592230.4629896,0.02963145449757576,1938427904,0,0,85017493504,0,0,,0,100978102272,121083916288,0
1791592230.6612356,0.027782872319221497,1937686528,0,0,85017493504,0,0,,0,100977311744,121083916288,0
1791592230.8599102,0.02637368068099022,1935478784,0,0,85017493504,0,0,,0,100974161920,121083916288,0
1791592231.053218,0.019614936783909798,1935138816,0,0,85017493504,0,0,,0,100975267840,121083916288,0
1791592231.2530773,0.019410431385040283,1935134720,0,0,85017493504,0,0,,0,100975124480,121083916288,0
1791592231.4529784,0.019247330725193024,1935126528,0,0,85017493504,0,0,,0,100975140864,121083916288,0
1791592231.6580734,0.024230489507317543,1935130624,0,0,85017493504,0,0,,0,100975230976,121083916288,0
1791592231.862907,0.028969069942831993,1935130624,0,0,85017493504,0,0,,0,100975448064,121083916288,0
1791592232.0636485,0.02962133102118969,1935130624,0,0,85017493504,0,0,,0,100975308800,121083916288,0
1791592232.2640166,0.029892543330788612,1935130624,0,0,85017493504,0,0,,0,100974841856,121083916288,0
1791592232.4633167,0.029107680544257164,1935130624,0,0,85017493504,0,0,,0,100974845952,121083916288,0
1791592232.6635237,0.0292311143130064,1935130624,0,0,85017493504,0,0,,0,100974784512,121083916288,0
1791592232.866961,0.03258220851421356,1935384576,0,0,85017493504,0,0,,0,100975022080,121083916288,0
1791592233.0628343,0.028346393257379532,1935388672,0,0,85017493504,0,0,,0,100974981120,121083916288,0
1791592233.259771,0.025201374664902687,1935388672,0,0,85017493504,0,0,,0,100975067136,121083916288,0
1791592233.4649396,0.030253080651164055,1935413248,0,0,85017493504,0,0,,0,100975161344,121083916288,0
1791592233.659713,0.024943184107542038,1935413248,0,0,85017493504,0,0,,0,100975190016,121083916288,0
1791592233.8640263,0.02914082072675228,1935728640,0,0,85017493504,0,0,,0,100975095808,121083916288,0
1791592234.0626354,0.027683867141604424,1936093184,0,0,85017493504,0,0,,0,100975353856,121083916288,0
1791592234.2654452,0.030376700684428215,1936412672,0,0,85017493504,0,0,,0,100975669248,121083916288,0
1791592234.4623811,0.02722885273396969,1937223680,0,0,85017493504,0,0,,0,100976451584,121083916288,0
1791592234.664616,0.0293478611856699,1939283968,0,0,85017493504,0,0,,0,100978618368,121083916288,0
1791592234.863421,0.02806566283106804,1939791872,0,0,85017493504,0,0,,0,100979412992,121083916288,0
1791592235.058107,0.02267695963382721,1940537344,0,0,85017493504,0,0,,0,100979859456,121083916288,0
1791592235.25902,0.023508891463279724,1942761472,0,0,85017493504,0,0,,0,100981784576,121083916288,0
1791592235.4579544,0.022362999618053436,1942392832,0,0,85017493504,0,0,,0,100981809152,121083916288,0
1791592235.6579916,0.022336328402161598,1942687744,0,0,85017493504,0,0,,0,100981948416,121083916288,0
1791592235.8643923,0.028636015951633453,1944240128,0,0,85017493504,0,0,,0,100984168448,121083916288,0
1791592236.063217,0.02734530344605446,1944309760,0,0,85017493504,0,0,,0,100983984128,121083916288,0
1791592236.2667472,0.030751364305615425,1946681344,0,0,85017493504,0,0,,0,100986392576,121083916288,0
1791592236.4621732,0.026094354689121246,1949679616,0,0,85017493504,0,0,,0,100988841984,121083916288,0
1791592236.6657972,0.02964073233306408,1950306304,0,0,85017493504,0,0,,0,100989956096,121083916288,0
1791592236.8648238,0.02858283743262291,1951768576,0,0,85017493504,0,0,,0,100991754240,121083916288,0
1791592237.0608523,0.02452637068927288,1954897920,0,0,85017493504,0,0,,0,100994633728,121083916288,0
1791592237.2606614,0.02425331249833107,1947717632,0,0,85017493504,0,0,,0,100987531264,121083916288,0
1791592237.460691,0.024198278784751892,1950666752,0,0,85017493504,0,0,,0,100990496768,121083916288,0
1791592237.6699252,0.03334307111799717,1822908416,0,0,85017493504,0,0,,0,100866920448,121079828480,0
1791592237.866825,0.030136357992887497,1875714048,0,0,85017493504,0,0,,0,100919472128,121079828480,0
1791592238.0662656,0.029465915635228157,1887813632,0,0,85017493504,0,0,,0,100931485696,121079828480,0
1791592238.2665403,0.029624231159687042,1918955520,0,0,85017493504,0,0,,0,100962570240,121079828480,0
1791592238.4673314,0.030327709391713142,1920745472,0,0,85017493504,0,0,,0,100964249600,121079828480,0
1791592238.6659958,0.028872322291135788,1920757760,0,0,85017493504,0,0,,0,100964331520,121079828480,0
1791592238.8681254,0.030884236097335815,1921724416,0,0,85017493504,0,0,,0,100965625856,121079828480,0
1791592239.0654368,0.028084585443139076,1922015232,0,0,85017493504,0,0,,0,100965515264,121079828480,0
1791592239.264844,0.027377726510167122,1922740224,0,0,85017493504,0,0,,0,100966305792,121079828480,0
1791592239.4674098,0.02983831614255905,1923895296,0,0,85017493504,0,0,,0,100967403520,121079828480,0
1791592239.6663811,0.028723685070872307,1926197248,0,0,85017493504,0,0,,0,100969635840,121079828480,0
1791592239.8688223,0.031085746362805367,1926537216,0,0,85017493504,0,0,,0,100970119168,121079828480,0
1791592240.0688283,0.031000981107354164,1927229440,0,0,85017493504,0,0,,0,100970782720,121079828480,0
1791592240.2630901,0.025160806253552437,1927262208,0,0,85017493504,0,0,,0,100971020288,121079828480,0
1791592240.4693139,0.03129861131310463,1927274496,0,0,85017493504,0,0,,0,100970676224,121079828480,0
1791592240.6671102,0.02901029773056507,1927421952,0,0,85017493504,0,0,,0,100971270144,121079828480,0
1791592240.8705974,0.032367952167987823,1927745536,0,0,85017493504,0,0,,0,100971855872,121079828480,0
1791592241.0683072,0.029972214251756668,1928015872,0,0,85017493504,0,0,,0,100972113920,121079828480,0
1791592241.2679293,0.029507001861929893,1928216576,0,0,85017493504,0,0,,0,100972130304,121079828480,0
1791592241.4675207,0.029016803950071335,1928458240,0,0,85017493504,0,0,,0,100972474368,121079828480,0
1791592241.665229,0.026642899960279465,1928658944,0,0,85017493504,0,0,,0,100972572672,121079828480,0
1791592241.8697636,0.031094472855329514,1928704000,0,0,85017493504,0,0,,0,100972843008,121079828480,0
1791592242.0696273,0.03087189979851246,1928777728,0,0,85017493504,0,0,,0,100972920832,121079828480,0
1791592242.2690568,0.03021259978413582,1928982528,0,0,85017493504,0,0,,0,100973260800,121079828480,0
1791592242.4684503,0.02951999194920063,1929035776,0,0,85017493504,0,0,,0,100972777472,121079828480,0
1791592242.6684337,0.029421718791127205,1929076736,0,0,85017493504,0,0,,0,100972814336,121079828480,0
1791592242.8687234,0.029628295451402664,1929146368,0,0,85017493504,0,0,,0,100973166592,121079828480,0
1791592243.0682764,0.02903648465871811,1929162752,0,0,85017493504,0,0,,0,100973010944,121079828480,0
1791592243.2679613,0.028639180585741997,1929166848,0,0,85017493504,0,0,,0,100973363200,121079828480,0
1791592243.4662237,0.026818592101335526,1931276288,0,0,85017493504,0,0,,0,100974936064,121079828480,0
1791592243.6685643,0.029070820659399033,1931280384,0,0,85017493504,0,0,,0,100975157248,121079828480,0
1791592243.8677292,0.028148066252470016,1932419072,0,0,85017493504,0,0,,0,100976279552,121079828480,0
1791592244.06477,0.025123659521341324,1932419072,0,0,85017493504,0,0,,0,100976279552,121079828480,0
1791592244.262717,0.02298501878976822,1934004224,0,0,85017493504,0,0,,0,100977766400,121079828480,0
1791592244.4646733,0.024866314604878426,1934741504,0,0,85017493504,0,0,,0,100978425856,121079828480,0
1791592244.6710134,0.031122377142310143,1933881344,0,0,85017493504,0,0,,0,100977487872,121079828480,0
1791592244.8654969,0.025523914024233818,1933881344,0,0,85017493504,0,0,,0,100977733632,121079828480,0
1791592245.0677714,0.027706502005457878,1935982592,0,0,85017493504,0,0,,0,100979322880,121079828480,0
1791592245.2695422,0.02938508428633213,1934905344,0,0,85017493504,0,0,,0,100978405376,121079828480,0
1791592245.47142,0.03116304986178875,1934188544,0,0,85017493504,0,0,,0,100977975296,121079828480,0
1791592245.6699245,0.029572490602731705,1933688832,0,0,85017493504,0,0,,0,100977340416,121079828480,0
1791592245.8682697,0.027812238782644272,1933287424,0,0,85017493504,0,0,,0,100977356800,121079828480,0
1791592246.0689397,0.028391987085342407,1933107200,0,0,85017493504,0,0,,0,100976652288,121079828480,0
1791592246.2657177,0.02509809471666813,1930244096,0,0,85017493504,0,0,,0,100974149632,121079828480,0
1791592246.470117,0.02940763346850872,1930244096,0,0,85017493504,0,0,,0,100974063616,121079828480,0
1791592246.6691422,0.028348302468657494,1930235904,0,0,85017493504,0,0,,0,100974051328,121079828480,0
1791592246.8722136,0.031334975734353065,1930231808,0,0,85017493504,0,0,,0,100974358528,121079828480,0
1791592247.0653877,0.024434026330709457,1930301440,0,0,85017493504,0,0,,0,100974436352,121079828480,0
1791592247.2660148,0.02499314583837986,1930305536,0,0,85017493504,0,0,,0,100974522368,121079828480,0
1791592247.4732656,0.03214307129383087,1930305536,0,0,85017493504,0,0,,0,100974284800,121079828480,0
1791592247.6711075,0.02989616058766842,1930321920,0,0,85017493504,0,0,,0,100974116864,121079828480,0
1791592247.869212,0.027913950383663177,1930305536,0,0,85017493504,0,0,,0,100974088192,121079828480,0
1791592248.0731435,0.03173575922846794,1930305536,0,0,85017493504,0,0,,0,100974313472,121079828480,0
1791592248.2690299,0.02752280980348587,1930305536,0,0,85017493504,0,0,,0,100974395392,121079828480,0
1791592248.4710784,0.029490211978554726,1930305536,0,0,85017493504,0,0,,0,100974575616,121079828480,0
1791592248.6706398,0.02896680124104023,1930305536,0,0,85017493504,0,0,,0,100974395392,121079828480,0
1791592248.8739972,0.03224053047597408,1930305536,0,0,85017493504,0,0,,0,100974563328,121079828480,0
1791592249.0724132,0.03056105226278305,1930305536,0,0,85017493504,0,0,,0,100975534080,121079828480,0
1791592249.2714431,0.029499376192688942,1930305536,0,0,85017493504,0,0,,0,100975349760,121079828480,0
1791592249.4730918,0.03105076774954796,1930305536,0,0,85017493504,0,0,,0,100975435776,121079828480,0
1791592249.6711323,0.02900294028222561,1930305536,0,0,85017493504,0,0,,0,100975534080,121079828480,0
1791592249.86973,0.02751457691192627,1930305536,0,0,85017493504,0,0,,0,100975357952,121079828480,0
1791592250.0730944,0.030799852684140205,1930305536,0,0,85017493504,0,0,,0,100975341568,121079828480,0
1791592250.271507,0.02911902777850628,1930305536,0,0,85017493504,0,0,,0,100975169536,121079828480,0
1791592250.4712563,0.028783341869711876,1930305536,0,0,85017493504,0,0,,0,100975525888,121079828480,0
1791592250.669288,0.026726366952061653,1930305536,0,0,85017493504,0,0,,0,100975534080,121079828480,0
1791592250.8718455,0.02919699251651764,1930305536,0,0,85017493504,0,0,,0,100975579136,121079828480,0
1791592251.0716374,0.028914788737893105,1930305536,0,0,85017493504,0,0,,0,100975665152,121079828480,0
1791592251.2731228,0.030314728617668152,1930932224,0,0,85017493504,0,0,,0,100976496640,121079828480,0
1791592251.4717526,0.028856270015239716,1931046912,0,0,85017493504,0,0,,0,100976332800,121079828480,0
1791592251.671646,0.028664464130997658,1931046912,0,0,85017493504,0,0,,0,100976164864,121079828480,0
1791592251.8703372,0.027252303436398506,1931042816,0,0,85017493504,0,0,,0,100976029696,121079828480,0
1791592252.0691617,0.02595619298517704,1931862016,0,0,85017493504,0,0,,0,100976877568,121079828480,0
1791592252.2690945,0.02580113708972931,1942441984,0,0,85017493504,0,0,,0,100987453440,121079828480,0
1791592252.4709268,0.027547992765903473,1943207936,0,0,85017493504,0,0,,0,100988198912,121079828480,0
1791592252.6698012,0.026340506970882416,1943207936,0,0,85017493504,0,0,,0,100988297216,121079828480,0
1791592252.8726206,0.02907390147447586,1943236608,0,0,85017493504,0,0,,0,100988342272,121079828480,0
1791592253.0723703,0.028749383985996246,1943257088,0,0,85017493504,0,0,,0,100988166144,121079828480,0
1791592253.2728763,0.029133833944797516,1942122496,0,0,85017493504,0,0,,0,100980776960,121075978240,0
1791592253.473309,0.029476968571543694,1930592256,0,0,85017493504,0,0,,0,100979961856,121075978240,0
1791592253.6736765,0.029756920412182808,1930756096,0,0,85017493504,0,0,,0,100980088832,121075978240,0
1791592253.8757932,0.03175870329141617,1949757440,0,0,85017493504,0,0,,0,100998856704,121075978240,0
1791592254.072972,0.02884204313158989,1947676672,0,0,85017493504,0,0,,0,100986290176,121075978240,0
1791592254.2743127,0.030096247792243958,1937186816,0,0,85017493504,0,0,,0,100986310656,121075978240,0
1791592254.4733653,0.02906668744981289,1937207296,0,0,85017493504,0,0,,0,100986261504,121075978240,0
1791592254.6744397,0.030031168833374977,1937207296,0,0,85017493504,0,0,,0,100986281984,121075978240,0
1791592254.8771873,0.03267447277903557,1937207296,0,0,85017493504,0,0,,0,100986208256,121075978240,0
1791592255.0759013,0.031292952597141266,1937207296,0,0,85017493504,0,0,,0,100986171392,121075978240,0
1791592255.2737062,0.029003243893384933,1937211392,0,0,85017493504,0,0,,0,100986241024,121075978240,0
1791592255.4737716,0.0289805606007576,1937211392,0,0,85017493504,0,0,,0,100986286080,121075978240,0
1791592255.673864,0.02899654395878315,1937211392,0,0,85017493504,0,0,,0,100986363904,121075978240,0
1791592255.8768957,0.03194615617394447,1937211392,0,0,85017493504,0,0,,0,100986241024,121075978240,0
1791592256.0729406,0.02789870649576187,1937211392,0,0,85017493504,0,0,,0,100985978880,121075978240,0
1791592256.2762082,0.0310586616396904,1937211392,0,0,85017493504,0,0,,0,100986068992,121075978240,0
1791592256.4743516,0.02909461222589016,1937223680,0,0,85017493504,0,0,,0,100986417152,121075978240,0
1791592256.6747444,0.029381785541772842,1937223680,0,0,85017493504,0,0,,0,100986515456,121075978240,0
1791592256.8734865,0.028043588623404503,1937223680,0,0,85017493504,0,0,,0,100986515456,121075978240,0
1791592257.0756602,0.030132988467812538,1937223680,0,0,85017493504,0,0,,0,100986408960,121075978240,0
1791592257.2731426,0.02750997804105282,1937223680,0,0,85017493504,0,0,,0,100986241024,121075978240,0
1791592257.4749756,0.02926010638475418,1937223680,0,0,85017493504,0,0,,0,100985982976,121075978240,0
1791592257.6757867,0.02999093383550644,1937223680,0,0,85017493504,0,0,,0,100986015744,121075978240,0
1791592257.877273,0.031390126794576645,1937223680,0,0,85017493504,0,0,,0,100985757696,121075978240,0
1791592258.0754235,0.02945207990705967,1937223680,0,0,85017493504,0,0,,0,100985729024,121075978240,0
1791592258.2758732,0.029811860993504524,1937223680,0,0,85017493504,0,0,,0,100985921536,121075978240,0
1791592258.4757707,0.029627999290823936,1937223680,0,0,85017493504,0,0,,0,100986204160,121075978240,0
1791592258.6744938,0.028269711881875992,1937223680,0,0,85017493504,0,0,,0,100986290176,121075978240,0
1791592258.876303,0.029979903250932693,1937223680,0,0,85017493504,0,0,,0,100986068992,121075978240,0
1791592259.0754166,0.02900928258895874,1937223680,0,0,85017493504,0,0,,0,100986023936,121075978240,0
1791592259.2726605,0.026166822761297226,1937223680,0,0,85017493504,0,0,,0,100985839616,121075978240,0
1791592259.4765005,0.029911471530795097,1936433152,0,0,85017493504,0,0,,0,100985143296,121075978240,0
1791592259.6762936,0.029617376625537872,1933754368,0,0,85017493504,0,0,,0,100982218752,121075978240,0
1791592259.8718405,0.02507898211479187,1932177408,0,0,85017493504,0,0,,0,100979810304,121075978240,0
1791592260.0976121,0.05076952278614044,1928519680,0,0,85017493504,0,0,,0,100970164224,121075978240,0
1791592260.2762966,0.029367320239543915,1922007040,0,0,85017493504,0,0,,0,100970373120,121075978240,0
1791592260.477164,0.03012029267847538,1922007040,0,0,85017493504,0,0,,0,100970192896,121075978240,0
1791592260.6776612,0.030503273010253906,1920315392,0,0,85017493504,0,0,,0,100968325120,121075978240,0
1791592260.8741632,0.026920752599835396,1914769408,0,0,85017493504,0,0,,0,100963033088,121075978240,0
1791592261.075916,0.02857019193470478,1914687488,0,0,85017493504,0,0,,0,100962979840,121075978240,0
1791592261.2767162,0.02928696759045124,1913724928,0,0,85017493504,0,0,,0,100962045952,121075978240,0
1791592261.4784808,0.030953343957662582,1913421824,0,0,85017493504,0,0,,0,100961394688,121075978240,0
1791592261.676786,0.02917342446744442,1913024512,0,0,85017493504,0,0,,0,100961103872,121075978240,0
1791592261.874867,0.02716587856411934,1913024512,0,0,85017493504,0,0,,0,100960997376,121075978240,0
1791592262.076943,0.029158219695091248,1919094784,0,0,85017493504,0,0,,0,100967079936,121075978240,0
1791592262.2764401,0.028571922332048416,1918795776,0,0,85017493504,0,0,,0,100966694912,121075978240,0
1791592262.4760263,0.028078483417630196,1918484480,0,0,85017493504,0,0,,0,100966924288,121075978240,0
1791592262.6794407,0.03140879422426224,1918476288,0,0,85017493504,0,0,,0,100966420480,121075978240,0
1791592262.8761628,0.02804836817085743,1918492672,0,0,85017493504,0,0,,0,100966625280,121075978240,0
1791592263.074863,0.026663998141884804,1918578688,0,0,85017493504,0,0,,0,100966973440,121075978240,0
1791592263.276396,0.028117120265960693,1918582784,0,0,85017493504,0,0,,0,100967055360,121075978240,0
1791592263.4786096,0.03024657815694809,1919291392,0,0,85017493504,0,0,,0,100967522304,121075978240,0
1791592263.6759427,0.027499336749315262,1919291392,0,0,85017493504,0,0,,0,100967354368,121075978240,0
1791592263.8737683,0.025243045762181282,1919905792,0,0,85017493504,0,0,,0,100968218624,121075978240,0
1791592264.0726001,0.023994792252779007,1919971328,0,0,85017493504,0,0,,0,100968300544,121075978240,0
1791592264.2766967,0.02801239863038063,1919975424,0,0,85017493504,0,0,,0,100968128512,121075978240,0
1791592264.477994,0.0292294230312109,1919975424,0,0,85017493504,0,0,,0,100968214528,121075978240,0
1791592264.6795208,0.03065417893230915,1919975424,0,0,85017493504,0,0,,0,100968464384,121075978240,0
1791592264.8801923,0.031239323318004608,1923026944,0,0,85017493504,0,0,,0,100971876352,121075978240,0
1791592265.0758677,0.026832561939954758,1923088384,0,0,85017493504,0,0,,0,100972011520,121075978240,0
1791592265.2738445,0.024727798998355865,1923145728,0,0,85017493504,0,0,,0,100971757568,121075978240,0
1791592265.4752617,0.026063954457640648,1923739648,0,0,85017493504,0,0,,0,100972380160,121075978240,0
1791592265.676156,0.026877598837018013,1927757824,0,0,85017493504,0,0,,0,100976291840,121075978240,0
1791592265.8733673,0.024008862674236298,1927843840,0,0,85017493504,0,0,,0,100976386048,121075978240,0
1791592266.0732791,0.023840412497520447,1930571776,0,0,85017493504,0,0,,0,100978933760,121075978240,0
1791592266.2789953,0.02947385609149933,1931153408,0,0,85017493504,0,0,,0,100979785728,121075781632,0
1791592266.4789948,0.029391083866357803,1930997760,0,0,85017493504,0,0,,0,100979367936,121075781632,0
1791592266.6767623,0.027076147496700287,1931038720,0,0,85017493504,0,0,,0,100979245056,121075781632,0
1791592266.877945,0.0281730517745018,1934868480,0,0,85017493504,0,0,,0,100895768576,121071919104,0
1791592267.0795584,0.029707903042435646,1859993600,0,0,85017493504,0,0,,0,100912558080,121071919104,0
1791592267.2772074,0.02727460116147995,1870540800,0,0,85017493504,0,0,,0,100922548224,121071919104,0
1791592267.4763834,0.026367925107479095,1899646976,0,0,85017493504,0,0,,0,100952276992,121071919104,0
1791592267.678891,0.028794607147574425,1918554112,0,0,85017493504,0,0,,0,100970602496,121071919104,0
1791592267.8744051,0.024186760187149048,1907982336,0,0,85017493504,0,0,,0,100960067584,121071919104,0
1791592268.0741243,0.023824313655495644,1901576192,0,0,85017493504,0,0,,0,100953694208,121071919104,0
1791592268.277692,0.027301404625177383,1901588480,0,0,85017493504,0,0,,0,100953120768,121071919104,0
1791592268.4803724,0.02990262769162655,1901604864,0,0,85017493504,0,0,,0,100953206784,121071919104,0
1791592268.6782897,0.027737000957131386,1902538752,0,0,85017493504,0,0,,0,100954329088,121071919104,0
1791592268.880645,0.03000834211707115,1904168960,0,0,85017493504,0,0,,0,100955865088,121071919104,0
1791592269.0789096,0.02818547561764717,1904513024,0,0,85017493504,0,0,,0,100956213248,121071919104,0
1791592269.2783031,0.02749219723045826,1906614272,0,0,85017493504,0,0,,0,100958654464,121071919104,0
1791592269.4753609,0.024484818801283836,1906614272,0,0,85017493504,0,0,,0,100958482432,121071919104,0
1791592269.6785023,0.027560891583561897,1906614272,0,0,85017493504,0,0,,0,100958576640,121071919104,0
1791592269.8801062,0.029083499684929848,1906724864,0,0,85017493504,0,0,,0,100958920704,121071919104,0
1791592270.0811658,0.03005664423108101,1907937280,0,0,85017493504,0,0,,0,100959838208,121071919104,0
1791592270.2805815,0.029353469610214233,1910046720,0,0,85017493504,0,0,,0,100962291712,121071919104,0
1791592270.479029,0.027717633172869682,1910046720,0,0,85017493504,0,0,,0,100962193408,121071919104,0
1791592270.6799002,0.028504112735390663,1910554624,0,0,85017493504,0,0,,0,100962320384,121071919104,0
1791592270.8789175,0.027437005192041397,1913417728,0,0,85017493504,0,0,,0,100965277696,121071919104,0
1791592271.0807903,0.029227200895547867,1913417728,0,0,85017493504,0,0,,0,100965359616,121071919104,0
1791592271.2786617,0.027015341445803642,1913434112,0,0,85017493504,0,0,,0,100965416960,121071919104,0
1791592271.4791052,0.027378540486097336,1913434112,0,0,85017493504,0,0,,0,100964761600,121071919104,0
1791592271.6788003,0.026994699612259865,1913614336,0,0,85017493504,0,0,,0,100964892672,121071919104,0
1791592271.8810315,0.029142243787646294,1913614336,0,0,85017493504,0,0,,0,100964823040,121071919104,0
1791592272.0826714,0.03066142462193966,1915068416,0,0,85017493504,0,0,,0,100966891520,121071919104,0
1791592272.278827,0.02673204615712166,1915621376,0,0,85017493504,0,0,,0,100967235584,121071919104,0
1791592272.480501,0.02834252640604973,1917939712,0,0,85017493504,0,0,,0,100969316352,121071919104,0
1791592272.6805356,0.028292741626501083,1920045056,0,0,85017493504,0,0,,0,100971470848,121071919104,0
1791592272.8828523,0.030507929623126984,1920172032,0,0,85017493504,0,0,,0,100971835392,121071919104,0
1791592273.0834599,0.031001433730125427,1919438848,0,0,85017493504,0,0,,0,100971413504,121071919104,0
1791592273.282552,0.03000601939857006,1919447040,0,0,85017493504,0,0,,0,100971036672,121071919104,0
1791592273.481659,0.029031308367848396,1919447040,0,0,85017493504,0,0,,0,100970569728,121071919104,0
1791592273.6774237,0.024722468107938766,1919447040,0,0,85017493504,0,0,,0,100970622976,121071919104,0
1791592273.8815308,0.028759103268384933,1919447040,0,0,85017493504,0,0,,0,100970668032,121071919104,0
1791592274.0786853,0.025828789919614792,1919447040,0,0,85017493504,0,0,,0,100970274816,121071919104,0
1791592274.2821114,0.0291658416390419,1919447040,0,0,85017493504,0,0,,0,100970106880,121071919104,0
1791592274.4859726,0.032890960574150085,1918963712,0,0,85017493504,0,0,,0,100969996288,121071915008,0
1791592274.6822088,0.029043931514024734,1918955520,0,0,85017493504,0,0,,0,100969902080,121071915008,0
1791592274.8815897,0.028335459530353546,1918955520,0,0,85017493504,0,0,,0,100969922560,121071915008,0
1791592275.082231,0.02889283001422882,1918951424,0,0,85017493504,0,0,,0,100970061824,121071915008,0
1791592275.2818398,0.028389696031808853,1918951424,0,0,85017493504,0,0,,0,100970164224,121071915008,0
1791592275.482403,0.0288279689848423,1918951424,0,0,85017493504,0,0,,0,100970274816,121071915008,0
1791592275.6830456,0.029390325769782066,1918951424,0,0,85017493504,0,0,,0,100970258432,121071915008,0
1791592275.883189,0.02944241091609001,1918951424,0,0,85017493504,0,0,,0,100970332160,121071915008,0
1791592276.0842416,0.030394654721021652,1918943232,0,0,85017493504,0,0,,0,100969803776,121071915008,0
1791592276.2840068,0.030075643211603165,1918943232,0,0,85017493504,0,0,,0,100970074112,121071915008,0
1791592276.483427,0.02939518727362156,1918943232,0,0,85017493504,0,0,,0,100970160128,121071915008,0
1791592276.68377,0.029654279351234436,1918943232,0,0,85017493504,0,0,,0,100970131456,121071915008,0
1791592276.8844812,0.030280854552984238,1918947328,0,0,85017493504,0,0,,0,100970139648,121071915008,0
1791592277.0838425,0.029537532478570938,1922007040,0,0,85017493504,0,0,,0,100973199360,121071915008,0
1791592277.2820346,0.027634775266051292,1922007040,0,0,85017493504,0,0,,0,100973273088,121071915008,0
1791592277.4837453,0.0292426235973835,1922007040,0,0,85017493504,0,0,,0,100973273088,121071915008,0
1791592277.683817,0.029228223487734795,1924005888,0,0,85017493504,0,0,,0,100975013888,121071915008,0
1791592277.8853555,0.030673040077090263,1923833856,0,0,85017493504,0,0,,0,100974940160,121071915008,0
1791592278.0869164,0.0319034606218338,1923858432,0,0,85017493504,0,0,,0,100975423488,121071915008,0
1791592278.2851374,0.03000943921506405,1923858432,0,0,85017493504,0,0,,0,100975087616,121071915008,0
1791592278.482951,0.027731450274586678,1923858432,0,0,85017493504,0,0,,0,100975099904,121071915008,0
1791592278.6845977,0.029249384999275208,1924423680,0,0,85017493504,0,0,,0,100975316992,121071915008,0
1791592278.8855357,0.030096424743533134,1924431872,0,0,85017493504,0,0,,0,100975169536,121071915008,0
1791592279.0865846,0.031060324981808662,1924403200,0,0,85017493504,0,0,,0,100975251456,121071915008,0
1791592279.2845476,0.02889432944357395,1924345856,0,0,85017493504,0,0,,0,100975181824,121071915008,0
1791592279.4852784,0.029539307579398155,1924345856,0,0,85017493504,0,0,,0,100975153152,121071915008,0
1791592279.6875615,0.03171316720545292,1924726784,0,0,85017493504,0,0,,0,100975673344,121071915008,0
1791592279.8871508,0.031193507835268974,1925787648,0,0,85017493504,0,0,,0,100977000448,121071915008,0
1791592280.093123,0.03707412630319595,1925787648,0,0,85017493504,0,0,,0,100977295360,121071915008,0
1791592280.285933,0.02978193573653698,1927892992,0,0,85017493504,0,0,,0,100979412992,121071915008,0
1791592280.48408,0.02783900685608387,1930285056,0,0,85017493504,0,0,,0,100981702656,121071915008,0
1791592280.6878192,0.031496504321694374,1915936768,0,0,85017493504,0,0,,0,100970942464,121067962368,0
1791592280.8858402,0.029419394209980965,1915305984,0,0,85017493504,0,0,,0,100970442752,121067962368,0
1791592281.0854726,0.02895539626479149,1926860800,0,0,85017493504,0,0,,0,100972056576,121067962368,0
1791592281.2877212,0.03109787590801716,1921675264,0,0,85017493504,0,0,,0,100976807936,121067962368,0
1791592281.4856024,0.02889426238834858,1921675264,0,0,85017493504,0,0,,0,100976947200,121067962368,0
1791592281.6873574,0.030557876452803612,1921683456,0,0,85017493504,0,0,,0,100977307648,121067962368,0
1791592281.8853085,0.02841765806078911,1921687552,0,0,85017493504,0,0,,0,100977397760,121067962368,0
1791592282.0844157,0.027441540732979774,1921687552,0,0,85017493504,0,0,,0,100977303552,121067962368,0
1791592282.2866209,0.029538124799728394,1921687552,0,0,85017493504,0,0,,0,100977352704,121067962368,0
1791592282.486877,0.029707754030823708,1921753088,0,0,85017493504,0,0,,0,100977422336,121067962368,0
1791592282.6871412,0.029886750504374504,1921753088,0,0,85017493504,0,0,,0,100977528832,121067962368,0
1791592282.887937,0.030598266050219536,1921753088,0,0,85017493504,0,0,,0,100977045504,121067962368,0
1791592283.086143,0.028720645233988762,1921753088,0,0,85017493504,0,0,,0,100977131520,121067962368,0
1791592283.286322,0.02881268598139286,1921753088,0,0,85017493504,0,0,,0,100977152000,121067962368,0
1791592283.4886758,0.031075557693839073,1921753088,0,0,85017493504,0,0,,0,100977106944,121067962368,0
1791592283.6877348,0.03005395270884037,1921753088,0,0,85017493504,0,0,,0,100977553408,121067962368,0
1791592283.885453,0.027685783803462982,1921785856,0,0,85017493504,0,0,,0,100977434624,121067962368,0
1791592284.086411,0.02855566143989563,1921785856,0,0,85017493504,0,0,,0,100977238016,121067962368,0
1791592284.2861419,0.028199316933751106,1921794048,0,0,85017493504,0,0,,0,100977373184,121067962368,0
1791592284.4848614,0.026835119351744652,1921802240,0,0,85017493504,0,0,,0,100977467392,121067962368,0
1791592284.687634,0.02951742522418499,1920626688,0,0,85017493504,0,0,,0,100976627712,121067962368,0
1791592284.8889842,0.0307752788066864,1918324736,0,0,85017493504,0,0,,0,100974010368,121067962368,0
1791592285.0890224,0.030712563544511795,1915715584,0,0,85017493504,0,0,,0,100970745856,121067962368,0
1791592285.2882676,0.029875336214900017,1912107008,0,0,85017493504,0,0,,0,100967727104,121067962368,0
1791592285.4881659,0.02967466041445732,1909227520,0,0,85017493504,0,0,,0,100965326848,121067962368,0
1791592285.6882002,0.029626648873090744,1906835456,0,0,85017493504,0,0,,0,100961062912,121067962368,0
1791592285.88839,0.02971503511071205,1902764032,0,0,85017493504,0,0,,0,100956205056,121067962368,0
1791592286.0885172,0.029752373695373535,1900359680,0,0,85017493504,0,0,,0,100953313280,121067962368,0
1791592286.2883182,0.029471127316355705,1895792640,0,0,85017493504,0,0,,0,100951728128,121067962368,0
1791592286.4860077,0.027080217376351357,1892597760,0,0,85017493504,0,0,,0,100943261696,121067962368,0
1791592286.6882126,0.02920476906001568,1887350784,0,0,85017493504,0,0,,0,100943360000,121067962368,0
1791592286.8880484,0.028951428830623627,1809227776,0,0,85017493504,0,0,,0,100867108864,121066442752,0
1791592287.0874588,0.02822742611169815,1862094848,0,0,85017493504,0,0,,0,100920000512,121066442752,0
1791592287.2853436,0.02603062428534031,1871355904,0,0,85017493504,0,0,,0,100928958464,121066442752,0
1791592287.486767,0.02737385779619217,1919651840,0,0,85017493504,0,0,,0,100977217536,121066442752,0
1791592287.6883843,0.028897257521748543,1921118208,0,0,85017493504,0,0,,0,100968009728,121066442752,0
1791592287.8871298,0.027562215924263,1910632448,0,0,85017493504,0,0,,0,100968017920,121066442752,0
1791592288.08743,0.027774399146437645,1910661120,0,0,85017493504,0,0,,0,100967620608,121066442752,0
1791592288.2854435,0.025707172229886055,1910673408,0,0,85017493504,0,0,,0,100967792640,121066442752,0
1791592288.485227,0.025388719514012337,1910673408,0,0,85017493504,0,0,,0,100967890944,121066442752,0
1791592288.685293,0.02536364644765854,1910771712,0,0,85017493504,0,0,,0,100967964672,121066442752,0
1791592288.8906872,0.030667610466480255,1910779904,0,0,85017493504,0,0,,0,100968042496,121066442752,0
1791592289.091717,0.0315985269844532,1910812672,0,0,85017493504,0,0,,0,100968067072,121066442752,0
1791592289.2870958,0.026889247819781303,1911468032,0,0,85017493504,0,0,,0,100968931328,121066442752,0
1791592289.4886618,0.028376782312989235,1911980032,0,0,85017493504,0,0,,0,100969377792,121066442752,0
1791592289.6906066,0.030240995809435844,1911992320,0,0,85017493504,0,0,,0,100969525248,121066442752,0
1791592289.8897448,0.029254712164402008,1911996416,0,0,85017493504,0,0,,0,100969582592,121066442752,0
1791592290.0904546,0.02988257072865963,1911996416,0,0,85017493504,0,0,,0,100969312256,121066442752,0
1791592290.2902021,0.02954266406595707,1911996416,0,0,85017493504,0,0,,0,100969664512,121066442752,0
1791592290.4900496,0.029283039271831512,1912119296,0,0,85017493504,0,0,,0,100969328640,121066442752,0
1791592290.6914403,0.030566230416297913,1912242176,0,0,85017493504,0,0,,0,100969054208,121066442752,0
1791592290.9116774,0.05069933645427227,1912492032,0,0,85017493504,0,0,,0,100969086976,121066442752,0
1791592291.0924067,0.03132340498268604,1912721408,0,0,85017493504,0,0,,0,100969193472,121066442752,0
1791592291.2900405,0.02887195162475109,1913053184,0,0,85017493504,0,0,,0,100969660416,121066442752,0
1791592291.4900134,0.02878078632056713,1913602048,0,0,85017493504,0,0,,0,100970303488,121066442752,0
1791592291.6887355,0.027423758059740067,1913982976,0,0,85017493504,0,0,,0,100970668032,121066442752,0
1791592291.889743,0.028344888240098953,1914318848,0,0,85017493504,0,0,,0,100970860544,121066442752,0
1791592292.0906994,0.029199138283729553,1914347520,0,0,85017493504,0,0,,0,100971249664,121066442752,0
1791592292.28904,0.0274504404515028,1914634240,0,0,85017493504,0,0,,0,100971499520,121066442752,0
1791592292.491064,0.029388057067990303,1914716160,0,0,85017493504,0,0,,0,100971556864,121066442752,0
1791592292.6892617,0.027495864778757095,1914843136,0,0,85017493504,0,0,,0,100971868160,121066442752,0
1791592292.8907993,0.028934359550476074,1912274944,0,0,85017493504,0,0,,0,100968845312,121066442752,0
1791592293.091289,0.029332542791962624,1912274944,0,0,85017493504,0,0,,0,100968943616,121066442752,0
1791592293.2922506,0.030209409072995186,1912274944,0,0,85017493504,0,0,,0,100968923136,121066442752,0
1791592293.4916935,0.02955479547381401,1912274944,0,0,85017493504,0,0,,0,100968943616,121066442752,0
1791592293.6911886,0.028960641473531723,1912274944,0,0,85017493504,0,0,,0,100969254912,121066442752,0
1791592293.8920052,0.02969476394355297,1912274944,0,0,85017493504,0,0,,0,100969205760,121066442752,0
1791592294.092127,0.029722603037953377,1912274944,0,0,85017493504,0,0,,0,100968947712,121066442752,0
1791592294.2912047,0.028697628527879715,1912274944,0,0,85017493504,0,0,,0,100969226240,121066442752,0
1791592294.491197,0.028605889528989792,1912266752,0,0,85017493504,0,0,,0,100968882176,121066442752,0
1791592294.690823,0.028135981410741806,1911238656,0,0,85017493504,0,0,,0,100968226816,121066442752,0
1791592294.8909936,0.028212180361151695,1911234560,0,0,85017493504,0,0,,0,100968284160,121066442752,0
1791592295.0909176,0.028051722794771194,1911234560,0,0,85017493504,0,0,,0,100968370176,121066442752,0
1791592295.2924595,0.029513252899050713,1911230464,0,0,85017493504,0,0,,0,100968640512,121066442752,0
1791592295.4915335,0.028505388647317886,1911226368,0,0,85017493504,0,0,,0,100968620032,121066442752,0
1791592295.6899972,0.026888109743595123,1911226368,0,0,85017493504,0,0,,0,100968640512,121066442752,0
1791592295.8891063,0.02587551437318325,1911234560,0,0,85017493504,0,0,,0,100968738816,121066442752,0
1791592296.094791,0.03147730976343155,1911963648,0,0,85017493504,0,0,,0,100969148416,121066442752,0
1791592296.291088,0.02766299434006214,1912217600,0,0,85017493504,0,0,,0,100969422848,121066442752,0
1791592296.4917123,0.02820401079952717,1912782848,0,0,85017493504,0,0,,0,100970295296,121066442752,0
1791592296.6908262,0.027211157605051994,1915260928,0,0,85017493504,0,0,,0,100972769280,121066442752,0
1791592296.8917959,0.02809431217610836,1915518976,0,0,85017493504,0,0,,0,100972838912,121066442752,0
1791592297.0912437,0.027447989210486412,1915342848,0,0,85017493504,0,0,,0,100972707840,121066442752,0
1791592297.2915597,0.02766311913728714,1915355136,0,0,85017493504,0,0,,0,100972285952,121066442752,0
1791592297.4929566,0.02894236519932747,1915174912,0,0,85017493504,0,0,,0,100972433408,121066442752,0
1791592297.6949317,0.030806560069322586,1915039744,0,0,85017493504,0,0,,0,100971851776,121066442752,0
1791592297.8941576,0.02994784340262413,1915039744,0,0,85017493504,0,0,,0,100971925504,121066442752,0
1791592298.0936852,0.029381783679127693,1914822656,0,0,85017493504,0,0,,0,100971585536,121066442752,0
1791592298.2942183,0.02982586808502674,1914605568,0,0,85017493504,0,0,,0,100971876352,121066442752,0
1791592298.4941576,0.02967662550508976,1914605568,0,0,85017493504,0,0,,0,100972474368,121066442752,0
1791592298.6942105,0.029619956389069557,1914384384,0,0,85017493504,0,0,,0,100971995136,121066442752,0
1791592298.895107,0.030430389568209648,1914159104,0,0,85017493504,0,0,,0,100971560960,121066442752,0
1791592299.0941145,0.02935430034995079,1914052608,0,0,85017493504,0,0,,0,100971061248,121066442752,0
1791592299.293453,0.028608644381165504,1913511936,0,0,85017493504,0,0,,0,100970938368,121066442752,0
1791592299.4923627,0.027432944625616074,1913511936,0,0,85017493504,0,0,,0,100970901504,121066442752,0
1791592299.6914663,0.02645370364189148,1913511936,0,0,85017493504,0,0,,0,100971225088,121066442752,0
1791592299.891762,0.02666533924639225,1911627776,0,0,85017493504,0,0,,0,100969103360,121066442752,0
1791592300.0934546,0.02823554538190365,1911627776,0,0,85017493504,0,0,,0,100969373696,121066442752,0
1791592300.2947783,0.02947741001844406,1911619584,0,0,85017493504,0,0,,0,100969250816,121066442752,0
1791592300.4941068,0.028721068054437637,1911623680,0,0,85017493504,0,0,,0,100969332736,121066442752,0
1791592300.6944387,0.02897108905017376,1921593344,0,0,85017493504,0,0,,0,100979630080,121066442752,0
1791592300.8934774,0.027929002419114113,1921388544,0,0,85017493504,0,0,,0,100979068928,121066442752,0
1791592301.0946114,0.02898138202726841,1921388544,0,0,85017493504,0,0,,0,100979167232,121066442752,0
1791592301.2934906,0.027774540707468987,1921212416,0,0,85017493504,0,0,,0,100979085312,121066442752,0
1791592301.495529,0.02973012626171112,1921228800,0,0,85017493504,0,0,,0,100978532352,121066442752,0
1791592301.6954932,0.029602915048599243,1922379776,0,0,85017493504,0,0,,0,100979720192,121066442752,0
1791592301.8927908,0.026815373450517654,1914445824,0,0,85017493504,0,0,,0,100975214592,121063399424,0
1791592302.0962818,0.03022659383714199,1912406016,0,0,85017493504,0,0,,0,100972953600,121063399424,0
1791592302.295683,0.029536617919802666,1912274944,0,0,85017493504,0,0,,0,100973101056,121063399424,0
1791592302.4959614,0.029725180938839912,1931681792,0,0,85017493504,0,0,,0,100992684032,121063399424,0
1791592302.6942182,0.027898184955120087,1919963136,0,0,85017493504,0,0,,0,100980969472,121063399424,0
1791592302.8949509,0.028548236936330795,1920028672,0,0,85017493504,0,0,,0,100980764672,121063399424,0
1791592303.0934796,0.02697763778269291,1920028672,0,0,85017493504,0,0,,0,100980830208,121063399424,0
1791592303.29234,0.025751294568181038,1920028672,0,0,85017493504,0,0,,0,100980920320,121063399424,0
1791592303.496733,0.030056167393922806,1920028672,0,0,85017493504,0,0,,0,100980998144,121063399424,0
1791592303.6963809,0.029614292085170746,1920036864,0,0,85017493504,0,0,,0,100980875264,121063399424,0
1791592303.894513,0.02766193449497223,1920036864,0,0,85017493504,0,0,,0,100980891648,121063399424,0
1791592304.0967696,0.0298372320830822,1920036864,0,0,85017493504,0,0,,0,100980809728,121063399424,0
1791592304.295439,0.028417525812983513,1920045056,0,0,85017493504,0,0,,0,100980875264,121063399424,0
1791592304.4965742,0.029464174062013626,1920045056,0,0,85017493504,0,0,,0,100980412416,121063399424,0
1791592304.6976225,0.030419420450925827,1920045056,0,0,85017493504,0,0,,0,100980408320,121063399424,0
1791592304.8979123,0.030619898810982704,1920045056,0,0,85017493504,0,0,,0,100980232192,121063399424,0
1791592305.0960317,0.028654919937253,1920045056,0,0,85017493504,0,0,,0,100980314112,121063399424,0
1791592305.2977734,0.030308952555060387,1920045056,0,0,85017493504,0,0,,0,100980432896,121063399424,0
1791592305.495249,0.02770187333226204,1920045056,0,0,85017493504,0,0,,0,100980174848,121063399424,0
1791592305.696958,0.029305215924978256,1920040960,0,0,85017493504,0,0,,0,100979879936,121063399424,0
1791592305.8966753,0.02892754040658474,1920045056,0,0,85017493504,0,0,,0,100979904512,121063399424,0
1791592306.0979688,0.03013538010418415,1920045056,0,0,85017493504,0,0,,0,100979892224,121063399424,0
1791592306.2979982,0.030076654627919197,1920045056,0,0,85017493504,0,0,,0,100980117504,121063399424,0
1791592306.4985812,0.030570579692721367,1920045056,0,0,85017493504,0,0,,0,100979941376,121063399424,0
1791592306.697327,0.029232941567897797,1920045056,0,0,85017493504,0,0,,0,100980002816,121063399424,0
1791592306.8988147,0.0305952038615942,1920065536,0,0,85017493504,0,0,,0,100979875840,121063399424,0
1791592307.096238,0.02789648063480854,1920090112,0,0,85017493504,0,0,,0,100980396032,121063399424,0
1791592307.2991533,0.0307234488427639,1920090112,0,0,85017493504,0,0,,0,100980400128,121063399424,0
1791592307.4993172,0.030797772109508514,1920090112,0,0,85017493504,0,0,,0,100980748288,121063399424,0
1791592307.6986532,0.03003593161702156,1920090112,0,0,85017493504,0,0,,0,100980916224,121063399424,0
1791592307.8970802,0.028357991948723793,1919021056,0,0,85017493504,0,0,,0,100979568640,121063399424,0
1791592308.0976105,0.028805196285247803,1916338176,0,0,85017493504,0,0,,0,100976881664,121063399424,0
1791592308.297874,0.02898460254073143,1910214656,0,0,85017493504,0,0,,0,100970553344,121063399424,0
1791592308.49973,0.030750693753361702,1909108736,0,0,85017493504,0,0,,0,100968816640,121063399424,0
1791592308.6967466,0.02768661081790924,1907515392,0,0,85017493504,0,0,,0,100968292352,121063399424,0
1791592308.8973205,0.02817394584417343,1906708480,0,0,85017493504,0,0,,0,100967342080,121063399424,0
1791592309.097818,0.02858918532729149,1905709056,0,0,85017493504,0,0,,0,100966121472,121063399424,0
1791592309.2986522,0.029311874881386757,1905709056,0,0,85017493504,0,0,,0,100966236160,121063399424,0
1791592309.4998088,0.030387695878744125,1906081792,0,0,85017493504,0,0,,0,100966670336,121063399424,0
1791592309.6999757,0.0304510947316885,1905709056,0,0,85017493504,0,0,,0,100966637568,121063399424,0
1791592309.8970268,0.02740112692117691,1902587904,0,0,85017493504,0,0,,0,100963274752,121063399424,0
1791592310.099256,0.02953008934855461,1905459200,0,0,85017493504,0,0,,0,100965953536,121063399424,0
1791592310.3002257,0.030385872349143028,1916743680,0,0,85017493504,0,0,,0,100977197056,121063399424,0
1791592310.4987671,0.028844451531767845,1925697536,0,0,85017493504,0,0,,0,100986486784,121063399424,0
1791592310.699377,0.0293724425137043,1918636032,0,0,85017493504,0,0,,0,100979568640,121063399424,0
1791592310.8984497,0.028362296521663666,1918681088,0,0,85017493504,0,0,,0,100979666944,121063399424,0
1791592311.100637,0.030467096716165543,1918738432,0,0,85017493504,0,0,,0,100979478528,121063399424,0
1791592311.301974,0.031698135659098625,1918676992,0,0,85017493504,0,0,,0,100978995200,121063399424,0
1791592311.4994273,0.029044535011053085,1918685184,0,0,85017493504,0,0,,0,100978946048,121063399424,0
1791592311.7016478,0.03115328960120678,1918689280,0,0,85017493504,0,0,,0,100978978816,121063399424,0
1791592311.8989573,0.028360923752188683,1918701568,0,0,85017493504,0,0,,0,100978737152,121063399424,0
1791592312.0977988,0.02709072269499302,1918705664,0,0,85017493504,0,0,,0,100978651136,121063399424,0
1791592312.2972965,0.026511849835515022,1918705664,0,0,85017493504,0,0,,0,100978982912,121063399424,0
1791592312.4995408,0.028651103377342224,1918705664,0,0,85017493504,0,0,,0,100978987008,121063399424,0
1791592312.6974692,0.02650226093828678,1918709760,0,0,85017493504,0,0,,0,100979113984,121063399424,0
1791592312.8996649,0.028603369370102882,1918717952,0,0,85017493504,0,0,,0,100979441664,121063399424,0
1791592313.1004012,0.02917776256799698,1918070784,0,0,85017493504,0,0,,0,100981424128,121060548608,0
1791592313.3004029,0.029069378972053528,1851817984,0,0,85017493504,0,0,,0,100915896320,121060548608,0
1791592313.5005236,0.02908395789563656,1863708672,0,0,85017493504,0,0,,0,100927840256,121060548608,0
1791592313.7021203,0.03057403489947319,1906962432,0,0,85017493504,0,0,,0,100974985216,121060548608,0
1791592313.899578,0.027919910848140717,1907834880,0,0,85017493504,0,0,,0,100961157120,121060548608,0
1791592314.1014152,0.02965395525097847,1897345024,0,0,85017493504,0,0,,0,100960903168,121060548608,0
1791592314.3013744,0.02952420897781849,1897394176,0,0,85017493504,0,0,,0,100961001472,121060548608,0
1791592314.5013564,0.029406940564513206,1898426368,0,0,85017493504,0,0,,0,100962361344,121060548608,0
1791592314.7027154,0.030668748542666435,1899388928,0,0,85017493504,0,0,,0,100963074048,121060548608,0
1791592314.9018846,0.02975655347108841,1899565056,0,0,85017493504,0,0,,0,100963307520,121060548608,0
1791592315.1021862,0.029955625534057617,1899626496,0,0,85017493504,0,0,,0,100963663872,121060548608,0
1791592315.3023474,0.03003036417067051,1899638784,0,0,85017493504,0,0,,0,100963737600,121060548608,0
1791592315.5061247,0.033691711723804474,1900265472,0,0,85017493504,0,0,,0,100964270080,121060548608,0
1791592315.7031355,0.030591297894716263,1900298240,0,0,85017493504,0,0,,0,100964626432,121060548608,0
1791592315.9022784,0.029641252011060715,1900298240,0,0,85017493504,0,0,,0,100964265984,121060548608,0
1791592316.103372,0.030631301924586296,1900335104,0,0,85017493504,0,0,,0,100964069376,121060548608,0
1791592316.3016868,0.028858326375484467,1900343296,0,0,85017493504,0,0,,0,100964265984,121060548608,0
1791592316.50282,0.029905980452895164,1900347392,0,0,85017493504,0,0,,0,100964306944,121060548608,0
1791592316.701671,0.028643330559134483,1905594368,0,0,85017493504,0,0,,0,100969549824,121060548608,0
1791592316.9008396,0.02770874835550785,1905594368,0,0,85017493504,0,0,,0,100969484288,121060548608,0
1791592317.1019251,0.028711864724755287,1905594368,0,0,85017493504,0,0,,0,100969218048,121060548608,0
1791592317.302685,0.029341328889131546,1905594368,0,0,85017493504,0,0,,0,100969230336,121060548608,0
1791592317.501343,0.027878088876605034,1905639424,0,0,85017493504,0,0,,0,100969324544,121060548608,0
1791592317.7035763,0.029998186975717545,1905639424,0,0,85017493504,0,0,,0,100969160704,121060548608,0
1791592317.903677,0.029982268810272217,1905639424,0,0,85017493504,0,0,,0,100969226240,121060548608,0
1791592318.1019578,0.0281484704464674,1905680384,0,0,85017493504,0,0,,0,100968861696,121060548608,0
1791592318.304709,0.030782425776124,1905680384,0,0,85017493504,0,0,,0,100968751104,121060548608,0
1791592318.5010216,0.02700786478817463,1906159616,0,0,85017493504,0,0,,0,100969422848,121060548608,0
1791592318.7031195,0.028982888907194138,1904373760,0,0,85017493504,0,0,,0,100967673856,121060548608,0
1791592318.904521,0.030298681929707527,1904373760,0,0,85017493504,0,0,,0,100967096320,121060548608,0
1791592319.1042907,0.029979608952999115,1904373760,0,0,85017493504,0,0,,0,100966948864,121060548608,0
1791592319.3037102,0.0292867049574852,1906012160,0,0,85017493504,0,0,,0,100968574976,121060548608,0
1791592319.504493,0.02996332384645939,1905324032,0,0,85017493504,0,0,,0,100968042496,121060548608,0
1791592319.7017632,0.02713949978351593,1905000448,0,0,85017493504,0,0,,0,100967813120,121060548608,0
1791592319.8995907,0.024881435558199883,1904267264,0,0,85017493504,0,0,,0,100967149568,121060548608,0
1791592320.106065,0.03124372847378254,1903992832,0,0,85017493504,0,0,,0,100966952960,121060548608,0
1791592320.3050206,0.030108559876680374,1903546368,0,0,85017493504,0,0,,0,100966764544,121060548608,0
1791592320.5005515,0.025547310709953308,1903542272,0,0,85017493504,0,0,,0,100966731776,121060548608,0
1791592320.70614,0.03103247471153736,1903534080,0,0,85017493504,0,0,,0,100966801408,121060548608,0
1791592320.9073498,0.03209320455789566,1903534080,0,0,85017493504,0,0,,0,100966866944,121060548608,0
1791592321.10203,0.026675386354327202,1903538176,0,0,85017493504,0,0,,0,100966285312,121060548608,0
1791592321.30565,0.03019179403781891,1903538176,0,0,85017493504,0,0,,0,100966473728,121060548608,0
1791592321.50558,0.03000626340508461,1903538176,0,0,85017493504,0,0,,0,100966133760,121060548608,0
1791592321.7041862,0.028526391834020615,1903538176,0,0,85017493504,0,0,,0,100965826560,121060548608,0
1791592321.9063947,0.030597006902098656,1903538176,0,0,85017493504,0,0,,0,100965961728,121060548608,0
1791592322.1016614,0.025768568739295006,1903534080,0,0,85017493504,0,0,,0,100966023168,121060548608,0
1791592322.3018146,0.025813784450292587,1903534080,0,0,85017493504,0,0,,0,100965384192,121060548608,0
1791592322.5051415,0.029059771448373795,1903525888,0,0,85017493504,0,0,,0,100965740544,121060548608,0
1791592322.7059095,0.02967107482254505,1903525888,0,0,85017493504,0,0,,0,100965687296,121060548608,0
1791592322.9071367,0.030814912170171738,1903525888,0,0,85017493504,0,0,,0,100965715968,121060548608,0
1791592323.109865,0.03345802240073681,1903521792,0,0,85017493504,0,0,,0,100965945344,121060548608,0
1791592323.3173742,0.040898680686950684,1903525888,0,0,85017493504,0,0,,0,100966252544,121060548608,0
1791592323.5060484,0.029488455504179,1903525888,0,0,85017493504,0,0,,0,100966268928,121060548608,0
1791592323.7031322,0.026489872485399246,1904242688,0,0,85017493504,0,0,,0,100966760448,121060548608,0
1791592323.9048269,0.028093859553337097,1904271360,0,0,85017493504,0,0,,0,100966719488,121060548608,0
1791592324.1047502,0.027932781726121902,1904558080,0,0,85017493504,0,0,,0,100967075840,121060548608,0
1791592324.3064907,0.029568186029791832,1904930816,0,0,85017493504,0,0,,0,100967768064,121060548608,0
1791592324.5083833,0.031378358602523804,1905172480,0,0,85017493504,0,0,,0,100967972864,121060548608,0
1791592324.7066267,0.029536481946706772,1906008064,0,0,85017493504,0,0,,0,100969033728,121060548608,0
1791592324.9071417,0.0299295112490654,1907298304,0,0,85017493504,0,0,,0,100969959424,121060548608,0
1791592325.106424,0.029125332832336426,1909551104,0,0,85017493504,0,0,,0,100971859968,121060548608,0
1791592325.3079612,0.030568687245249748,1909587968,0,0,85017493504,0,0,,0,100971966464,121060548608,0
1791592325.5061991,0.0287206768989563,1909600256,0,0,85017493504,0,0,,0,100971524096,121060548608,0
1791592325.7085485,0.030960239470005035,1910132736,0,0,85017493504,0,0,,0,100972224512,121060548608,0
1791592325.9064188,0.02873934432864189,1911267328,0,0,85017493504,0,0,,0,100973600768,121060548608,0
1791592326.1081386,0.030367331579327583,1647370240,0,0,85017493504,0,0,,0,100418301952,121057320960,0
1791592326.3099792,0.032076459378004074,1069539328,0,0,85017493504,0,0,,0,100018061312,121057320960,0
