unix_seconds,sample_duration_seconds,host_tree_rss_bytes,host_tree_swap_bytes,whole_gpu_used_bytes,whole_gpu_free_bytes,resident_host_W_lower_bound_bytes,resident_device_W_bytes,sampled_temporary_bytes,W_transition_incomplete,cgroup_memory_current_bytes,disk_available_bytes,smaps_read_failures
1791587413.631485,0.033129941672086716,51572736,0,0,85017493504,0,0,51572736,0,114483507200,121149349888,0
1791587413.8220088,0.023577380925416946,78843904,0,0,85017493504,0,0,78843904,0,114510372864,121149345792,0
1791587414.0284348,0.0299222432076931,79245312,0,0,85017493504,0,0,79245312,0,114510471168,121149345792,0
1791587414.2303963,0.03179215453565121,79245312,0,0,85017493504,0,0,79245312,0,114510135296,121149345792,0
1791587414.4253151,0.026626508682966232,79245312,0,0,85017493504,0,0,79245312,0,114509688832,121149345792,0
1791587414.6285715,0.029796207323670387,79245312,0,0,85017493504,0,0,79245312,0,114509615104,121149345792,0
1791587414.8281338,0.02927391231060028,79245312,0,0,85017493504,0,0,79245312,0,114509688832,121149345792,0
1791587415.0249045,0.025952860713005066,79245312,0,0,85017493504,0,0,79245312,0,114509742080,121149345792,0
1791587415.2292788,0.030241210013628006,79245312,0,0,85017493504,0,0,79245312,0,114509750272,121149345792,0
1791587415.4270728,0.027945352718234062,79245312,0,0,85017493504,0,0,79245312,0,114509824000,121149345792,0
1791587415.6291165,0.02990196831524372,79249408,0,0,85017493504,0,0,79249408,0,114510307328,121149345792,0
1791587415.828004,0.0287020243704319,79253504,0,0,85017493504,0,0,79253504,0,114509975552,121149345792,0
1791587416.0270057,0.027618365362286568,79257600,0,0,85017493504,0,0,79257600,0,114510069760,121149345792,0
1791587416.2271295,0.027654850855469704,87687168,0,0,85017493504,0,0,87687168,0,114518073344,121149345792,0
1791587416.4282217,0.028663471341133118,88051712,0,0,85017493504,0,0,88051712,0,114518392832,121149345792,0
1791587416.6305323,0.030884459614753723,88051712,0,0,85017493504,0,0,88051712,0,114518142976,121149345792,0
1791587416.8294332,0.02968357503414154,88055808,0,0,85017493504,0,0,88055808,0,114518114304,121149345792,0
1791587417.0278006,0.02796056494116783,88055808,0,0,85017493504,0,0,88055808,0,114517749760,121149345792,0
1791587417.2294955,0.02954854443669319,88055808,0,0,85017493504,0,0,88055808,0,114517737472,121149345792,0
1791587417.4326134,0.032554252073168755,88055808,0,0,85017493504,0,0,88055808,0,114517807104,121149345792,0
1791587417.6306577,0.030510732904076576,88055808,0,0,85017493504,0,0,88055808,0,114517790720,121149345792,0
1791587417.8281326,0.02789558656513691,88055808,0,0,85017493504,0,0,88055808,0,114518028288,121149345792,0
1791587418.030537,0.030207276344299316,88055808,0,0,85017493504,0,0,88055808,0,114518003712,121149345792,0
1791587418.229345,0.028914418071508408,88055808,0,0,85017493504,0,0,88055808,0,114517925888,121149345792,0
1791587418.428195,0.027660977095365524,88055808,0,0,85017493504,0,0,88055808,0,114517684224,121149345792,0
1791587418.6356087,0.0349641889333725,88055808,0,0,85017493504,0,0,88055808,0,114517893120,121149345792,0
1791587418.8328087,0.032072052359580994,96845824,0,0,85017493504,0,0,96845824,0,114526814208,121149345792,0
1791587419.0312088,0.03038410283625126,96845824,0,0,85017493504,0,0,96845824,0,114526543872,121149345792,0
1791587419.2314458,0.03053423948585987,96849920,0,0,85017493504,0,0,96849920,0,114526613504,121149345792,0
1791587419.43192,0.030903976410627365,96849920,0,0,85017493504,0,0,96849920,0,114526601216,121149345792,0
1791587419.6321614,0.03103063255548477,96849920,0,0,85017493504,0,0,96849920,0,114526515200,121149345792,0
1791587419.8316066,0.030373817309737206,96849920,0,0,85017493504,0,0,96849920,0,114526580736,121149345792,0
1791587420.030865,0.029545247554779053,96849920,0,0,85017493504,0,0,96849920,0,114526679040,121149345792,0
1791587420.2297978,0.028387365862727165,96854016,0,0,85017493504,0,0,96854016,0,114526621696,121149345792,0
1791587420.4291286,0.02763405069708824,96854016,0,0,85017493504,0,0,96854016,0,114526560256,121149345792,0
1791587420.6303976,0.028810881078243256,96854016,0,0,85017493504,0,0,96854016,0,114526478336,121149345792,0
1791587420.8294,0.027722816914319992,96854016,0,0,85017493504,0,0,96854016,0,114526580736,121149341696,0
1791587421.0287266,0.02696111984550953,96854016,0,0,85017493504,0,0,96854016,0,114526646272,121149341696,0
1791587421.2298293,0.027977533638477325,128655360,0,0,85017493504,0,0,128655360,0,114558599168,121149337600,0
1791587421.428844,0.026908650994300842,130342912,0,0,85017493504,0,0,130342912,0,114560270336,121149337600,0
1791587421.6290026,0.026977375149726868,130342912,0,0,85017493504,0,0,130342912,0,114560151552,121149337600,0
1791587421.8284013,0.026290498673915863,130342912,0,0,85017493504,0,0,130342912,0,114560008192,121149337600,0
1791587422.0288022,0.026574892923235893,130342912,0,0,85017493504,0,0,130342912,0,114559975424,121149337600,0
1791587422.2295704,0.027251029387116432,130342912,0,0,85017493504,0,0,130342912,0,114560073728,121149337600,0
1791587422.431925,0.02949979342520237,130342912,0,0,85017493504,0,0,130342912,0,114559807488,121149337600,0
1791587422.632512,0.02999579720199108,130342912,0,0,85017493504,0,0,130342912,0,114560143360,121149337600,0
1791587422.8326726,0.030068211257457733,130342912,0,0,85017493504,0,0,130342912,0,114560221184,121149337600,0
1791587423.0315948,0.028897112235426903,130342912,0,0,85017493504,0,0,130342912,0,114560090112,121149337600,0
1791587423.2341359,0.031345658004283905,130342912,0,0,85017493504,0,0,130342912,0,114560090112,121149337600,0
1791587423.430379,0.027508029714226723,130342912,0,0,85017493504,0,0,130342912,0,114559995904,121149337600,0
1791587423.633438,0.03045322187244892,130342912,0,0,85017493504,0,0,130342912,0,114559930368,121149337600,0
1791587423.831808,0.02870185300707817,141172736,0,0,85017493504,0,0,141172736,0,114570612736,121149337600,0
1791587424.027907,0.024701012298464775,141172736,0,0,85017493504,0,0,141172736,0,114570678272,121149337600,0
1791587424.2335322,0.030220843851566315,141172736,0,0,85017493504,0,0,141172736,0,114570444800,121149337600,0
1791587424.4340444,0.030631698668003082,141172736,0,0,85017493504,0,0,141172736,0,114570477568,121149337600,0
1791587424.6304972,0.026999320834875107,141172736,0,0,85017493504,0,0,141172736,0,114570805248,121149337600,0
1791587424.8341286,0.030538717284798622,141172736,0,0,85017493504,0,0,141172736,0,114571042816,121149337600,0
1791587425.0313213,0.027639148756861687,141172736,0,0,85017493504,0,0,141172736,0,114570907648,121149337600,0
1791587425.2337387,0.029945440590381622,141172736,0,0,85017493504,0,0,141172736,0,114571018240,121149337600,0
1791587425.433711,0.029813919216394424,141176832,0,0,85017493504,0,0,141176832,0,114570993664,121149337600,0
1791587425.6354275,0.031429851427674294,141176832,0,0,85017493504,0,0,141176832,0,114571087872,121149337600,0
1791587425.8317883,0.027701733633875847,141176832,0,0,85017493504,0,0,141176832,0,114571173888,121149337600,0
1791587426.0271213,0.02295997552573681,141176832,0,0,85017493504,0,0,141176832,0,114571481088,121149337600,0
1791587426.2302556,0.02602931670844555,147955712,0,0,85017493504,0,0,147955712,0,114578309120,121149337600,0
1791587426.4325154,0.028204143047332764,147955712,0,0,85017493504,0,0,147955712,0,114578292736,121149337600,0
1791587426.627525,0.023146510124206543,147955712,0,0,85017493504,0,0,147955712,0,114578616320,121149337600,0
1791587426.8339376,0.029478225857019424,147955712,0,0,85017493504,0,0,147955712,0,114578595840,121149337600,0
1791587427.0323935,0.027847537770867348,147955712,0,0,85017493504,0,0,147955712,0,114578677760,121149337600,0
1791587427.233095,0.028465047478675842,147955712,0,0,85017493504,0,0,147955712,0,114578763776,121149337600,0
1791587427.434211,0.029500046744942665,147955712,0,0,85017493504,0,0,147955712,0,114578452480,121149337600,0
1791587427.6342947,0.02949562482535839,147955712,0,0,85017493504,0,0,147955712,0,114578210816,121149337600,0
1791587427.8367841,0.031895386055111885,147955712,0,0,85017493504,0,0,147955712,0,114577776640,121149337600,0
1791587428.0332727,0.028299937024712563,147955712,0,0,85017493504,0,0,147955712,0,114578108416,121149337600,0
1791587428.2341504,0.02908729948103428,147955712,0,0,85017493504,0,0,147955712,0,114577846272,121149333504,0
1791587428.4342387,0.029093673452734947,147955712,0,0,85017493504,0,0,147955712,0,114577862656,121149333504,0
1791587428.6364625,0.031212210655212402,147955712,0,0,85017493504,0,0,147955712,0,114559176704,121149329408,0
1791587428.8351567,0.02981736697256565,137117696,0,0,85017493504,0,0,137117696,0,114567086080,121149329408,0
1791587429.036553,0.031127260997891426,137125888,0,0,85017493504,0,0,137125888,0,114566848512,121149329408,0
1791587429.2345538,0.029027143493294716,137134080,0,0,85017493504,0,0,137134080,0,114566840320,121149329408,0
1791587429.4342494,0.028629116714000702,137142272,0,0,85017493504,0,0,137142272,0,114566819840,121149329408,0
1791587429.6438708,0.03816027007997036,209170432,0,0,85017493504,50896896,0,158273536,0,114639372288,121149325312,0
1791587429.8425915,0.03677029721438885,339202048,0,0,85017493504,183017472,0,156184576,0,114769211392,121149325312,0
1791587430.0420685,0.03613236919045448,477642752,0,0,85017493504,321429504,0,156213248,0,114908090368,121149325312,0
1791587430.241956,0.03590063750743866,622346240,0,0,85017493504,461938688,0,160407552,0,115052982272,121149325312,0
1791587430.4433792,0.03722739592194557,762867712,0,0,85017493504,602447872,0,160419840,0,115193839616,121149325312,0
1791587430.641994,0.03573366813361645,936931328,0,0,85017493504,774414336,0,162516992,0,115368259584,121149325312,0
1791587430.8451278,0.03875924274325371,1100509184,0,0,85017493504,940089344,0,160419840,0,115532029952,121149325312,0
1791587431.0430133,0.036525923758745193,1255698432,0,0,85017493504,1097375744,0,158322688,0,115687829504,121149325312,0
1791587431.2460065,0.03942783549427986,1404596224,0,0,85017493504,1248370688,0,156225536,0,115839148032,121149325312,0
1791587431.4441676,0.037495823577046394,1574481920,0,0,85017493504,1409851392,0,164630528,0,116007067648,121149325312,0
1791587431.6462617,0.03948565013706684,1746448384,0,0,85017493504,1588109312,0,158339072,0,116179308544,121149325312,0
1791587431.8427362,0.0358709916472435,1903734784,0,0,85017493504,1745395712,0,158339072,0,116336910336,121149325312,0
1791587432.0429327,0.03597886115312576,2063118336,0,0,85017493504,1904779264,0,158339072,0,116496838656,121149325312,0
1791587432.24521,0.03816062957048416,2218307584,0,0,85017493504,2057871360,0,160436224,0,116651929600,121149325312,0
1791587432.4437542,0.03662210330367088,2367221760,0,0,85017493504,2208866304,0,158355456,0,116803280896,121149325312,0
1791587432.6453364,0.03811360150575638,2522411008,0,0,85017493504,2361958400,0,160452608,0,116956729344,121149325312,0
1791587432.8435562,0.03624839521944523,2667114496,0,0,85017493504,2508759040,0,158355456,0,117103484928,121149325312,0
1791587433.0482342,0.040834276005625725,2816012288,0,0,85017493504,2661851136,0,154161152,0,117250539520,121149325312,0
1791587433.2503066,0.042822619900107384,2950230016,0,0,85017493504,2796068864,0,154161152,0,117385109504,121149325312,0
1791587433.448773,0.041192127391695976,3086561280,0,0,85017493504,2926092288,0,160468992,0,117521379328,121149325312,0
1791587433.6475902,0.039884209632873535,3231264768,0,0,85017493504,3068698624,0,162566144,0,117669048320,121149325312,0
1791587433.8457096,0.03789182007312775,3382259712,0,0,85017493504,3223887872,0,158371840,0,117818294272,121149325312,0
1791587434.045716,0.037785667926073074,3545837568,0,0,85017493504,3383271424,0,162566144,0,117982334976,121149325312,0
1791587434.2460358,0.03800436109304428,3711512576,0,0,85017493504,3546849280,0,164663296,0,118148112384,121149325312,0
1791587434.4446108,0.036496687680482864,3883479040,0,0,85017493504,3723010048,0,160468992,0,118320377856,121149325312,0
1791587434.6449282,0.03670836612582207,4038684672,0,0,85017493504,3878199296,0,160485376,0,118475665408,121149325312,0
1791587434.844682,0.03634457476437092,4200165376,0,0,85017493504,4039680000,0,160485376,0,118637694976,121149325312,0
1791587435.047082,0.0386289618909359,4346966016,0,0,85017493504,4186480640,0,160485376,0,118784716800,121149325312,0
1791587435.2492228,0.04067527502775192,4512641024,0,0,85017493504,4347961344,0,164679680,0,118953627648,121149321216,0
1791587435.4469507,0.03831314109265804,4688801792,0,0,85017493504,4524122112,0,164679680,0,119127314432,121149321216,0
1791587435.6437452,0.03502192720770836,4862865408,0,0,85017493504,4704477184,0,158388224,0,119304101888,121149321216,0
1791587435.844604,0.03579212352633476,5028556800,0,0,85017493504,4872249344,0,156307456,0,119470215168,121149321216,0
1791587436.044683,0.03578302823007107,5164871680,0,0,85017493504,5012758528,0,152113152,0,119604682752,121149321216,0
1791587436.2460325,0.03703782334923744,5296992256,0,0,85017493504,5140684800,0,156307456,0,119736905728,121149321216,0
1791587436.4385948,0.02949598990380764,5427015680,0,0,85017493504,5272805376,0,154210304,0,119867543552,121149321216,0
1791587436.6484554,0.03919152356684208,5575917568,0,0,85017493504,5417508864,0,158408704,0,120016760832,121149321216,0
1791587436.8488448,0.03945481218397617,5718523904,0,0,85017493504,5558018048,0,160505856,0,120159313920,121149321216,0
1791587437.0464702,0.03699150122702122,5850660864,0,0,85017493504,5694332928,0,156327936,0,120291770368,121149321216,0
1791587437.2443979,0.034811802208423615,5986975744,0,0,85017493504,5830647808,0,156327936,0,120428355584,121149321216,0
1791587437.4723966,0.06271909177303314,6173622272,0,0,85017493504,5992128512,0,181493760,0,120615170048,121149321216,0
1791587437.6464365,0.03666960075497627,6309937152,0,0,85017493504,6157803520,0,152133632,0,120753934336,121149321216,0
1791587437.845964,0.0361068956553936,6479806464,0,0,85017493504,6319284224,0,160522240,0,120922091520,121149321216,0
1791587438.0479076,0.03796294517815113,6634995712,0,0,85017493504,6472376320,0,162619392,0,121077313536,121149321216,0
1791587438.2458756,0.03584163635969162,6800687104,0,0,85017493504,6642245632,0,158441472,0,121243078656,121149321216,0
1791587438.4485402,0.03843347355723381,6966362112,0,0,85017493504,6801629184,0,164732928,0,121409032192,121149321216,0
1791587438.6459367,0.035731278359889984,7127842816,0,0,85017493504,6967304192,0,160538624,0,121571467264,121149321216,0
1791587438.84806,0.037763357162475586,7299809280,0,0,85017493504,7137173504,0,162635776,0,121743618048,121149321216,0
1791587439.048626,0.038210123777389526,7467581440,0,0,85017493504,7307042816,0,160538624,0,121911648256,121149321216,0
1791587439.2478652,0.03736080601811409,7633256448,0,0,85017493504,7470620672,0,162635776,0,122077315072,121149321216,0
1791587439.453214,0.04261017218232155,7796834304,0,0,85017493504,7638392832,0,158441472,0,122241232896,121149321216,0
1791587439.6474774,0.03676890768110752,7956217856,0,0,85017493504,7795679232,0,160538624,0,122401484800,121149321216,0
1791587439.853427,0.04261537082493305,8119795712,0,0,85017493504,7961354240,0,158441472,0,122565148672,121149321216,0
1791587440.050278,0.03935098275542259,8274984960,0,0,85017493504,8114446336,0,160538624,0,122720616448,121149321216,0
1791587440.2492998,0.038256872445344925,8432271360,0,0,85017493504,8271732736,0,160538624,0,122877960192,121149321216,0
1791587440.4479272,0.036767223849892616,8581169152,0,0,85017493504,8424824832,0,156344320,0,123027353600,121149321216,0
1791587440.6478858,0.036609845235943794,8736358400,0,0,85017493504,8573722624,0,162635776,0,123183149056,121149321216,0
1791587440.8474998,0.03612607344985008,8914616320,0,0,85017493504,8751980544,0,162635776,0,123361501184,121149321216,0
1791587441.0490174,0.03754790127277374,9090777088,0,0,85017493504,8928141312,0,162635776,0,123540295680,121149321216,0
1791587441.2515485,0.039994459599256516,9260646400,0,0,85017493504,9104302080,0,156344320,0,123708416000,121149321216,0
1791587441.4512563,0.03961489163339138,9428418560,0,0,85017493504,9272074240,0,156344320,0,123876188160,121149321216,0
1791587441.650382,0.03863343968987465,9577316352,0,0,85017493504,9418874880,0,158441472,0,124025159680,121149321216,0
1791587441.8494303,0.0375695563852787,9745088512,0,0,85017493504,9582452736,0,162635776,0,124193288192,121149321216,0
1791587442.0493655,0.03739658184349537,9914957824,0,0,85017493504,9754419200,0,160538624,0,124365643776,121149317120,0
1791587442.25053,0.038466544821858406,10080632832,0,0,85017493504,9922191360,0,158441472,0,124531212288,121149317120,0
1791587442.445142,0.03298729658126831,10240016384,0,0,85017493504,10081574912,0,158441472,0,124688801792,121149317120,0
1791587442.649724,0.037465834990143776,10411982848,0,0,85017493504,10247249920,0,164732928,0,124861018112,121149317120,0
1791587442.8511524,0.038799455389380455,10575560704,0,0,85017493504,10415022080,0,160538624,0,125025042432,121149317120,0
1791587443.0505266,0.03807896934449673,10734948352,0,0,85017493504,10572308480,0,162639872,0,125184679936,121149317120,0
1791587443.250043,0.03750734403729439,10885943296,0,0,85017493504,10727497728,0,158445568,0,125338120192,121149317120,0
1791587443.452599,0.039938924834132195,11041132544,0,0,85017493504,10878492672,0,162639872,0,125491826688,121149317120,0
1791587443.650858,0.03811073116958141,11202613248,0,0,85017493504,11042070528,0,160542720,0,125653897216,121149317120,0
1791587443.8391206,0.026277251541614532,11345219584,0,0,85017493504,11190968320,0,154251264,0,125796659200,121149317120,0
1791587444.0513425,0.03839858993887901,11498311680,0,0,85017493504,11339866112,0,158445568,0,125950115840,121149317120,0
1791587444.2481349,0.035098208114504814,11638820864,0,0,85017493504,11480375296,0,158445568,0,126090940416,121149317120,0
1791587444.4463854,0.03327039256691933,11779330048,0,0,85017493504,11620884480,0,158445568,0,126231777280,121149317120,0
1791587444.652396,0.03918818011879921,11926130688,0,0,85017493504,11767685120,0,158445568,0,126381031424,121149317120,0
1791587444.8512805,0.0379906352609396,12081319936,0,0,85017493504,11920777216,0,160542720,0,126536130560,121149317120,0
1791587445.046568,0.03318367898464203,12232314880,0,0,85017493504,12073869312,0,158445568,0,126685257728,121149317120,0
1791587445.2477083,0.03424174711108208,12383309824,0,0,85017493504,12226961408,0,156348416,0,126838706176,121149317120,0
1791587445.450507,0.036944860592484474,12538499072,0,0,85017493504,12380053504,0,158445568,0,126992130048,121149317120,0
1791587445.6519642,0.03831135109066963,12706271232,0,0,85017493504,12545728512,0,160542720,0,127160426496,121149317120,0
1791587445.8517299,0.0379776693880558,12850974720,0,0,85017493504,12690432000,0,160542720,0,127305490432,121149317120,0
1791587446.0516713,0.03781254403293133,12997775360,0,0,85017493504,12839329792,0,158445568,0,127452647424,121149317120,0
1791587446.2514608,0.03750990703701973,13152964608,0,0,85017493504,12994519040,0,158445568,0,127608033280,121149317120,0
1791587446.4525347,0.038498830050230026,13308153856,0,0,85017493504,13145513984,0,162639872,0,127765671936,121149317120,0
1791587446.6498866,0.035762835294008255,13461245952,0,0,85017493504,13302800384,0,158445568,0,127916572672,121149317120,0
1791587446.8581872,0.04397531598806381,13629018112,0,0,85017493504,13466378240,0,162639872,0,128084701184,121149317120,0
1791587447.0515559,0.03722992725670338,13786304512,0,0,85017493504,13627858944,0,158445568,0,128242597888,121149317120,0
1791587447.2518873,0.03746524080634117,13931008000,0,0,85017493504,13770465280,0,160542720,0,128387821568,121149317120,0
1791587447.4505155,0.03600639849901199,14073614336,0,0,85017493504,13915168768,0,158445568,0,128530763776,121149317120,0
1791587447.6502109,0.03561095707118511,14220414976,0,0,85017493504,14061969408,0,158445568,0,128677920768,121149317120,0
1791587447.8499918,0.03530307859182358,14367215616,0,0,85017493504,14210867200,0,156348416,0,128824807424,121149317120,0
1791587448.0553088,0.040534043684601784,14501433344,0,0,85017493504,14349279232,0,152154112,0,128959291392,121149317120,0
1791587448.2524176,0.037552183493971825,14646136832,0,0,85017493504,14485594112,0,160542720,0,129104515072,121149317120,0
1791587448.453587,0.03863677568733692,14786646016,0,0,85017493504,14634491904,0,152154112,0,129245257728,121149317120,0
1791587448.6521227,0.03708430007100105,14948126720,0,0,85017493504,14789681152,0,158445568,0,129408688128,121149313024,0
1791587448.8516507,0.03652860410511494,15099121664,0,0,85017493504,14940676096,0,158445568,0,129567219712,121149313024,0
1791587449.0499227,0.03470434062182903,15264796672,0,0,85017493504,15106351104,0,158445568,0,129731416064,121149313024,0
1791587449.2543893,0.03905877843499184,15432568832,0,0,85017493504,15274123264,0,158445568,0,129899098112,121149313024,0
1791587449.45403,0.03860928304493427,15594053632,0,0,85017493504,15435603968,0,158449664,0,130060607488,121149313024,0
1791587449.652151,0.0366425346583128,15753437184,0,0,85017493504,15594987520,0,158449664,0,130220335104,121149313024,0
1791587449.8541036,0.038506148383021355,15914917888,0,0,85017493504,15752273920,0,162643968,0,130384502784,121149313024,0
1791587450.0512714,0.03559011034667492,16068009984,0,0,85017493504,15909560320,0,158449664,0,130537709568,121149313024,0
1791587450.2557986,0.04003199562430382,16244174848,0,0,85017493504,16081526784,0,162648064,0,130711871488,121149313024,0
1791587450.4555218,0.03966999053955078,16414052352,0,0,85017493504,16251396096,0,162656256,0,130881777664,121149313024,0
1791587450.6516986,0.03575749695301056,16586018816,0,0,85017493504,16425459712,0,160559104,0,131054612480,121149313024,0
1791587450.853567,0.037541840225458145,16757985280,0,0,85017493504,16597426176,0,160559104,0,131226730496,121149313024,0
1791587451.0555568,0.039437852799892426,16913174528,0,0,85017493504,16752615424,0,160559104,0,131382157312,121149313024,0
1791587451.2453384,0.029115768149495125,17047392256,0,0,85017493504,16895221760,0,152170496,0,131516411904,121149313024,0
1791587451.4604523,0.044139403849840164,17223553024,0,0,85017493504,17067188224,0,156364800,0,131694837760,121149313024,0
1791587451.6615844,0.045176947489380836,17382936576,0,0,85017493504,17224474624,0,158461952,0,131852369920,121149313024,0
1791587451.853973,0.03747551888227463,17540222976,0,0,85017493504,17379663872,0,160559104,0,132009668608,121149313024,0
1791587452.0570197,0.0404107179492712,17712189440,0,0,85017493504,17551630336,0,160559104,0,132184018944,121149313024,0
1791587452.2562804,0.03956867940723896,17869475840,0,0,85017493504,17708916736,0,160559104,0,132341624832,121149313024,0
1791587452.4568152,0.040001239627599716,18033053696,0,0,85017493504,17872494592,0,160559104,0,132505395200,121149313024,0
1791587452.6525838,0.0356563962996006,18196631552,0,0,85017493504,18036072448,0,160559104,0,132667437056,121149313024,0
1791587452.8564444,0.03943282552063465,18366500864,0,0,85017493504,18205941760,0,160559104,0,132840177664,121149313024,0
1791587453.0560827,0.0389720406383276,18538467328,0,0,85017493504,18377908224,0,160559104,0,133010272256,121149313024,0
1791587453.258113,0.04087640345096588,18702045184,0,0,85017493504,18541486080,0,160559104,0,133173600256,121149313024,0
1791587453.4603527,0.043028322979807854,18861428736,0,0,85017493504,18700869632,0,160559104,0,133336211456,121149313024,0
1791587453.6578252,0.04040447995066643,19018715136,0,0,85017493504,18858156032,0,160559104,0,133491601408,121149308928,0
1791587453.8548627,0.037346767261624336,19176001536,0,0,85017493504,19015442432,0,160559104,0,133649502208,121149308928,0
1791587454.0562434,0.03863326460123062,19335385088,0,0,85017493504,19174825984,0,160559104,0,133811597312,121149308928,0
1791587454.257851,0.04015687294304371,19494768640,0,0,85017493504,19334209536,0,160559104,0,133974335488,121149308928,0
1791587454.4578125,0.0400276780128479,19656249344,0,0,85017493504,19493593088,0,162656256,0,134133780480,121149308928,0
1791587454.662804,0.044927407056093216,19807244288,0,0,85017493504,19652976640,0,154267648,0,134287155200,121149308928,0
1791587454.8585591,0.0405909214168787,19966627840,0,0,85017493504,19806068736,0,160559104,0,134446981120,121149308928,0
1791587455.0607996,0.04271208867430687,20115525632,0,0,85017493504,19961257984,0,154267648,0,134596431872,121149308928,0
1791587455.2596688,0.0414478313177824,20268617728,0,0,85017493504,20105961472,0,162656256,0,134747394048,121149308928,0
1791587455.4580007,0.03969416953623295,20415418368,0,0,85017493504,20256956416,0,158461952,0,134896500736,121149304832,0
1791587455.6569977,0.03859486058354378,20558024704,0,0,85017493504,20401659904,0,156364800,0,135037349888,121149304832,0
1791587455.8581424,0.03964025713503361,20702728192,0,0,85017493504,20542169088,0,160559104,0,135182651392,121149304832,0
1791587456.0560675,0.03746059909462929,20864208896,0,0,85017493504,20707844096,0,156364800,0,135346446336,121149304832,0
1791587456.2583244,0.03962988592684269,21036175360,0,0,85017493504,20877713408,0,158461952,0,135523700736,121149304832,0
1791587456.4588504,0.040062081068754196,21187170304,0,0,85017493504,21028708352,0,158461952,0,135675265024,121149304832,0
1791587456.6596036,0.040728991851210594,21321388032,0,0,85017493504,21160828928,0,160559104,0,135814246400,121149304832,0
1791587456.8580227,0.039048608392477036,21466091520,0,0,85017493504,21307629568,0,158461952,0,135956881408,121149304832,0
1791587457.0591128,0.040040578693151474,21602406400,0,0,85017493504,21443944448,0,158461952,0,136095752192,121149304832,0
1791587457.2592053,0.0399896539747715,21747109888,0,0,85017493504,21588647936,0,158461952,0,136238616576,121149304832,0
1791587457.4539666,0.03466717153787613,21887619072,0,0,85017493504,21733351424,0,154267648,0,136379752448,121149304832,0
1791587457.6497164,0.030324876308441162,22032322560,0,0,85017493504,21878054912,0,154267648,0,136524623872,121149304832,0
1791587457.850448,0.030987385660409927,22177026048,0,0,85017493504,22020661248,0,156364800,0,136669585408,121149304832,0
1791587458.0588093,0.03926786035299301,22330118144,0,0,85017493504,22173753344,0,156364800,0,136811520000,121149304832,0
1791587458.258515,0.03888401389122009,22476918784,0,0,85017493504,22318456832,0,158461952,0,136956829696,121149304832,0
1791587458.4594562,0.039752012118697166,22621622272,0,0,85017493504,22463160320,0,158461952,0,137103933440,121149304832,0
1791587458.6689193,0.04910271614789963,22764228608,0,0,85017493504,22607863808,0,156364800,0,137245040640,121149304832,0
1791587458.8593855,0.0394471138715744,22900543488,0,0,85017493504,22742081536,0,158461952,0,137381191680,121149304832,0
1791587459.0543745,0.03434637375175953,23036858368,0,0,85017493504,22880493568,0,156364800,0,137519726592,121149304832,0
1791587459.2602985,0.040182385593652725,23185756160,0,0,85017493504,23027294208,0,158461952,0,137666801664,121149304832,0
1791587459.4605005,0.040300402790308,23330459648,0,0,85017493504,23171997696,0,158461952,0,137811939328,121149304832,0
1791587459.6582162,0.037927694618701935,23473065984,0,0,85017493504,23314604032,0,158461952,0,137954578432,121149304832,0
1791587459.8589568,0.03857863135635853,23615672320,0,0,85017493504,23459307520,0,156364800,0,138099777536,121149304832,0
1791587460.0585442,0.03807772509753704,23749890048,0,0,85017493504,23599816704,0,150073344,0,138232246272,121149304832,0
1791587460.259708,0.03915317542850971,23892496384,0,0,85017493504,23731937280,0,160559104,0,138374836224,121149304832,0
1791587460.4610891,0.040450120344758034,24035102720,0,0,85017493504,23876640768,0,158461952,0,138517757952,121149304832,0
1791587460.6617756,0.041046714410185814,24175611904,0,0,85017493504,24017149952,0,158461952,0,138660700160,121149304832,0
1791587460.8608005,0.03998417407274246,24326606848,0,0,85017493504,24168144896,0,158461952,0,138809991168,121149304832,0
1791587461.0623698,0.041426900774240494,24467116032,0,0,85017493504,24310751232,0,156364800,0,138951036928,121149304832,0
1791587461.261084,0.040051521733403206,24605528064,0,0,85017493504,24447066112,0,158461952,0,139089633280,121149304832,0
1791587461.4606311,0.03951107710599899,24752328704,0,0,85017493504,24595963904,0,156364800,0,139236446208,121149304832,0
1791587461.6602921,0.039083050563931465,24890740736,0,0,85017493504,24736473088,0,154267648,0,139377520640,121149304832,0
1791587461.8624349,0.041139692068099976,25029152768,0,0,85017493504,24870690816,0,158461952,0,139516268544,121149304832,0
1791587462.0603192,0.038932545110583305,25173856256,0,0,85017493504,25017491456,0,156364800,0,139658932224,121149304832,0
1791587462.2614017,0.039925722405314445,25318559744,0,0,85017493504,25160097792,0,158461952,0,139803979776,121149300736,0
1791587462.4626594,0.0410925205796957,25463263232,0,0,85017493504,25302704128,0,160559104,0,139948838912,121149300736,0
1791587462.6627336,0.041081301867961884,25605869568,0,0,85017493504,25445310464,0,160559104,0,140091789312,121149300736,0
1791587462.862954,0.041210686787962914,25744281600,0,0,85017493504,25585819648,0,158461952,0,140230455296,121149300736,0
1791587463.0659626,0.04412885755300522,25880596480,0,0,85017493504,25722134528,0,158461952,0,140367118336,121149300736,0
1791587463.2596786,0.03776182048022747,26006425600,0,0,85017493504,25856352256,0,150073344,0,140493459456,121149300736,0
1791587463.4626238,0.04061872884631157,26142740480,0,0,85017493504,25984278528,0,158461952,0,140629774336,121149300736,0
1791587463.6603868,0.038298068568110466,26283249664,0,0,85017493504,26126884864,0,156364800,0,140771045376,121149300736,0
1791587463.8613002,0.03907790221273899,26427953152,0,0,85017493504,26269491200,0,158461952,0,140916297728,121149300736,0
1791587464.0629318,0.04062022268772125,26570559488,0,0,85017493504,26410000384,0,160559104,0,141058793472,121149300736,0
1791587464.2853673,0.06296436302363873,26725748736,0,0,85017493504,26552606720,0,173142016,0,141215981568,121149300736,0
1791587464.463388,0.04089798405766487,26851577856,0,0,85017493504,26693115904,0,158461952,0,141340012544,121149300736,0
1791587464.6628404,0.04025964438915253,26994184192,0,0,85017493504,26835722240,0,158461952,0,141482950656,121149300736,0
1791587464.8619695,0.03929421305656433,27136790528,0,0,85017493504,26978328576,0,158461952,0,141625634816,121149300736,0
1791587465.0630288,0.040256354957818985,27281494016,0,0,85017493504,27123032064,0,158461952,0,141770387456,121149300736,0
1791587465.2632773,0.04041491448879242,27447169024,0,0,85017493504,27284512768,0,162656256,0,141936365568,121149300736,0
1791587465.4647133,0.04175020381808281,27606552576,0,0,85017493504,27445993472,0,160559104,0,142096285696,121149300736,0
1791587465.6632504,0.04020105488598347,27763838976,0,0,85017493504,27603279872,0,160559104,0,142253834240,121149300736,0
1791587465.8615437,0.038406236097216606,27925319680,0,0,85017493504,27764760576,0,160559104,0,142415917056,121149300736,0
1791587466.0638115,0.040608616545796394,28084703232,0,0,85017493504,27924144128,0,160559104,0,142575595520,121149300736,0
1791587466.261976,0.03868737071752548,28241989632,0,0,85017493504,28083527680,0,158461952,0,142735720448,121149300736,0
1791587466.4616437,0.03828306868672371,28401373184,0,0,85017493504,28242911232,0,158461952,0,142893281280,121149300736,0
1791587466.6606052,0.03715180419385433,28560756736,0,0,85017493504,28402294784,0,158461952,0,143052689408,121149300736,0
1791587466.8622882,0.03874242305755615,28722237440,0,0,85017493504,28561678336,0,160559104,0,143214403584,121149300736,0
1791587467.0645127,0.04087205044925213,28885815296,0,0,85017493504,28725256192,0,160559104,0,143378341888,121149300736,0
1791587467.2615507,0.03782113268971443,29032615936,0,0,85017493504,28874153984,0,158461952,0,143527559168,121149300736,0
1791587467.4659727,0.042149707674980164,29196193792,0,0,85017493504,29033537536,0,162656256,0,143689551872,121149300736,0
1791587467.666068,0.04214228875935078,29353480192,0,0,85017493504,29192921088,0,160559104,0,143846543360,121149300736,0
1791587467.8927317,0.06871838867664337,29533835264,0,0,85017493504,29352304640,0,181530624,0,144027521024,121149300736,0
1791587468.0738509,0.04974658042192459,29686927360,0,0,85017493504,29515882496,0,171044864,0,144180617216,121149300736,0
1791587468.2654755,0.04125876724720001,29850505216,0,0,85017493504,29689946112,0,160559104,0,144346783744,121149300736,0
1791587468.4634326,0.03912637196481228,30009888768,0,0,85017493504,29851426816,0,158461952,0,144504111104,121149300736,0
1791587468.664042,0.039618441835045815,30169272320,0,0,85017493504,30008713216,0,160559104,0,144666537984,121149300736,0
1791587468.8665156,0.041991548612713814,30337044480,0,0,85017493504,30180679680,0,156364800,0,144832536576,121149296640,0
1791587469.064721,0.04011329263448715,30483845120,0,0,85017493504,30327480320,0,156364800,0,144979271680,121149296640,0
1791587469.264193,0.03949706442654133,30645325824,0,0,85017493504,30486863872,0,158461952,0,145141030912,121149296640,0
1791587469.4654305,0.04061993211507797,30792126464,0,0,85017493504,30633664512,0,158461952,0,145290498048,121149296640,0
1791587469.66432,0.039408355951309204,30959898624,0,0,85017493504,30799339520,0,160559104,0,145458610176,121149296640,0
1791587469.8674593,0.042439766228199005,31131865088,0,0,85017493504,30969208832,0,162656256,0,145628520448,121149296640,0
1791587470.0662825,0.041148602962493896,31295442944,0,0,85017493504,31132786688,0,162656256,0,145792167936,121149296640,0
1791587470.26678,0.04154241643846035,31461117952,0,0,85017493504,31300558848,0,160559104,0,145958088704,121149296640,0
1791587470.4715436,0.04620191268622875,31620501504,0,0,85017493504,31462039552,0,158461952,0,146117660672,121149296640,0
1791587470.6673317,0.04189010709524155,31788273664,0,0,85017493504,31627714560,0,160559104,0,146287882240,121149296640,0
1791587470.8669174,0.04137874022126198,31949754368,0,0,85017493504,31791292416,0,158461952,0,146447544320,121149296640,0
1791587471.0683372,0.0426743496209383,32102846464,0,0,85017493504,31942287360,0,160559104,0,146601062400,121149296640,0
1791587471.268201,0.04241596907377243,32258035712,0,0,85017493504,32097476608,0,160559104,0,146758725632,121149296640,0
1791587471.466978,0.04108559712767601,32402739200,0,0,85017493504,32246374400,0,156364800,0,146901655552,121149296640,0
1791587471.6663184,0.040326107293367386,32572608512,0,0,85017493504,32412049408,0,160559104,0,147071520768,121149296640,0
1791587471.8687172,0.042609866708517075,32734089216,0,0,85017493504,32571432960,0,162656256,0,147235438592,121149296640,0
1791587472.0689745,0.04274451918900013,32897667072,0,0,85017493504,32732913664,0,164753408,0,147396960256,121149296640,0
1791587472.2598512,0.03352876007556915,33048662016,0,0,85017493504,32890200064,0,158461952,0,147548233728,121149296640,0
1791587472.465771,0.039348799735307693,33201754112,0,0,85017493504,33043292160,0,158461952,0,147704041472,121149296640,0
1791587472.669552,0.04303421638906002,33350651904,0,0,85017493504,33190092800,0,160559104,0,147851198464,121149296640,0
1791587472.8681278,0.04151896759867668,33503744000,0,0,85017493504,33341087744,0,162656256,0,148006744064,121149296640,0
1791587473.066205,0.03950255177915096,33675710464,0,0,85017493504,33513054208,0,162656256,0,148176891904,121149296640,0
1791587473.2683914,0.04158252663910389,33843482624,0,0,85017493504,33680826368,0,162656256,0,148344954880,121149296640,0
1791587473.4680653,0.04115612618625164,33998671872,0,0,85017493504,33838112768,0,160559104,0,148502859776,121149296640,0
1791587473.667381,0.04038344696164131,34162249728,0,0,85017493504,33999593472,0,162656256,0,148664885248,121149296640,0
1791587473.8679097,0.04081546701490879,34311147520,0,0,85017493504,34152685568,0,158461952,0,148814102528,121149296640,0
1791587474.0679991,0.040771763771772385,34449559552,0,0,85017493504,34291097600,0,158461952,0,148952866816,121149296640,0
1791587474.2686586,0.04133839160203934,34590068736,0,0,85017493504,34431606784,0,158461952,0,149093740544,121149296640,0
1791587474.4686575,0.041216231882572174,34730577920,0,0,85017493504,34572115968,0,158461952,0,149234167808,121149296640,0
1791587474.6677463,0.04021705687046051,34866892800,0,0,85017493504,34708430848,0,158461952,0,149370220544,121149296640,0
1791587474.8695104,0.04188245162367821,35003211776,0,0,85017493504,34844745728,0,158466048,0,149507076096,121149296640,0
1791587475.0660408,0.03831255994737148,35141623808,0,0,85017493504,34985254912,0,156368896,0,149645471744,121149296640,0
1791587475.267213,0.03938915580511093,35280035840,0,0,85017493504,35123666944,0,156368896,0,149784137728,121149296640,0
1791587475.4684165,0.04047291353344917,35435225088,0,0,85017493504,35272564736,0,162660352,0,149940117504,121149296640,0
1791587475.669623,0.04158033803105354,35600904192,0,0,85017493504,35438239744,0,162664448,0,150105739264,121149292544,0
1791587475.868256,0.040120452642440796,35762393088,0,0,85017493504,35599720448,0,162672640,0,150267867136,121149292544,0
1791587476.0675964,0.039373671635985374,35919679488,0,0,85017493504,35757006848,0,162672640,0,150425530368,121149292544,0
1791587476.2673776,0.03906840272247791,36083257344,0,0,85017493504,35922681856,0,160575488,0,150589440000,121149292544,0
1791587476.4679635,0.03954138420522213,36242640896,0,0,85017493504,36084162560,0,158478336,0,150749163520,121149292544,0
1791587476.6695564,0.041029639542102814,36395732992,0,0,85017493504,36235157504,0,160575488,0,150904164352,121149292544,0
1791587476.8677425,0.039114536717534065,36548825088,0,0,85017493504,36390346752,0,158478336,0,151055781888,121149292544,0
1791587477.0699165,0.04119478166103363,36704014336,0,0,85017493504,36543438848,0,160575488,0,151213420544,121149292544,0
1791587477.271833,0.0429768580943346,36855009280,0,0,85017493504,36700725248,0,154284032,0,151364587520,121149292544,0
1791587477.4721878,0.0432269461452961,37001809920,0,0,85017493504,36843331584,0,158478336,0,151509155840,121149292544,0
1791587477.671174,0.042136142030358315,37144416256,0,0,85017493504,36985937920,0,158478336,0,151652511744,121149292544,0
1791587477.8747694,0.04560983553528786,37289119744,0,0,85017493504,37128544256,0,160575488,0,151796957184,121149292544,0
1791587478.070532,0.04127871245145798,37427531776,0,0,85017493504,37269053440,0,158478336,0,151937781760,121149292544,0
1791587478.2708466,0.041484665125608444,37568040960,0,0,85017493504,37409562624,0,158478336,0,152076509184,121149292544,0
1791587478.4709513,0.04147809371352196,37708550144,0,0,85017493504,37550071808,0,158478336,0,152219303936,121149292544,0
1791587478.670992,0.04141655005514622,37853253632,0,0,85017493504,37694775296,0,158478336,0,152362459136,121149292544,0
1791587478.8719287,0.042232196778059006,37989568512,0,0,85017493504,37831090176,0,158478336,0,152499077120,121149292544,0
1791587479.0710008,0.04119623638689518,38123786240,0,0,85017493504,37965307904,0,158478336,0,152633344000,121149292544,0
1791587479.2776182,0.04771734029054642,38268489728,0,0,85017493504,38107914240,0,160575488,0,152780312576,121149292544,0
1791587479.4723752,0.04238596372306347,38408998912,0,0,85017493504,38248423424,0,160575488,0,152918986752,121149292544,0
1791587479.6735148,0.043413035571575165,38551605248,0,0,85017493504,38393126912,0,158478336,0,153064206336,121149292544,0
1791587479.8739078,0.04367311671376228,38694211584,0,0,85017493504,38535733248,0,158478336,0,153205166080,121149292544,0
1791587480.0703368,0.0400052759796381,38834720768,0,0,85017493504,38676242432,0,158478336,0,153345867776,121149292544,0
1791587480.266885,0.036467378959059715,38973132800,0,0,85017493504,38816751616,0,156381184,0,153484292096,121149292544,0
1791587480.4698923,0.039375271648168564,39107350528,0,0,85017493504,38950969344,0,156381184,0,153620938752,121149292544,0
1791587480.671574,0.04096011817455292,39249956864,0,0,85017493504,39091478528,0,158478336,0,153761853440,121149292544,0
1791587480.8720617,0.04135100729763508,39392563200,0,0,85017493504,39240376320,0,152186880,0,153904812032,121149292544,0
1791587481.0719295,0.04112107865512371,39524683776,0,0,85017493504,39368302592,0,156381184,0,154037272576,121149292544,0
1791587481.270121,0.03921739384531975,39658901504,0,0,85017493504,39500423168,0,158478336,0,154171547648,121149292544,0
1791587481.4625194,0.031537190079689026,39788924928,0,0,85017493504,39634640896,0,154284032,0,154301841408,121149292544,0
1791587481.6605327,0.029484866186976433,39937822720,0,0,85017493504,39783538688,0,154284032,0,154451361792,121149292544,0
1791587481.8604994,0.029383547604084015,40105594880,0,0,85017493504,39951310848,0,154284032,0,154619486208,121149292544,0
1791587482.066791,0.03557504154741764,40269172736,0,0,85017493504,40112791552,0,156381184,0,154785128448,121149292544,0
1791587482.2778735,0.046565473079681396,40424361984,0,0,85017493504,40265883648,0,158478336,0,154938335232,121149288448,0
1791587482.473375,0.04196904972195625,40569065472,0,0,85017493504,40410587136,0,158478336,0,155083575296,121149288448,0
1791587482.6726737,0.0411774218082428,40726351872,0,0,85017493504,40565776384,0,160575488,0,155243261952,121149288448,0
1791587482.8738513,0.042262567207217216,40887832576,0,0,85017493504,40727257088,0,160575488,0,155402838016,121149288448,0
1791587483.0740223,0.042337361723184586,41038827520,0,0,85017493504,40878252032,0,160575488,0,155554181120,121149288448,0
1791587483.271618,0.03984343819320202,41204502528,0,0,85017493504,41041829888,0,162672640,0,155719983104,121149288448,0
1791587483.471519,0.03965889662504196,41374371840,0,0,85017493504,41213796352,0,160575488,0,155890368512,121149288448,0
1791587483.6710532,0.03911026194691658,41540046848,0,0,85017493504,41379471360,0,160575488,0,156056743936,121149284352,0
1791587483.8736246,0.04159030690789223,41684750336,0,0,85017493504,41526272000,0,158478336,0,156201537536,121149284352,0
1791587484.074247,0.04212425835430622,41825259520,0,0,85017493504,41666781184,0,158478336,0,156344430592,121149284352,0
1791587484.2725284,0.04031961224973202,41959477248,0,0,85017493504,41800998912,0,158478336,0,156476899328,121149284352,0
1791587484.4720325,0.039715271443128586,42102083584,0,0,85017493504,41945702400,0,156381184,0,156622004224,121149284352,0
1791587484.672496,0.04009310342371464,42240495616,0,0,85017493504,42082017280,0,158478336,0,156758659072,121149284352,0
1791587484.8750434,0.04254622757434845,42385199104,0,0,85017493504,42226720768,0,158478336,0,156903657472,121149284352,0
1791587485.0731623,0.04057023860514164,42527805440,0,0,85017493504,42371424256,0,156381184,0,157048369152,121149284352,0
1791587485.2726696,0.03999304212629795,42668314624,0,0,85017493504,42511933440,0,156381184,0,157189234688,121149284352,0
1791587485.4723926,0.039630038663744926,42806726656,0,0,85017493504,42650345472,0,156381184,0,157325910016,121149284352,0
1791587485.6727698,0.039908794686198235,42940944384,0,0,85017493504,42784563200,0,156381184,0,157460467712,121149284352,0
1791587485.8735952,0.04063713736832142,43073064960,0,0,85017493504,42916683776,0,156381184,0,157592875008,121149284352,0
1791587486.0730217,0.039972299709916115,43211476992,0,0,85017493504,43055095808,0,156381184,0,157731635200,121149284352,0
1791587486.2728171,0.039683084934949875,43351986176,0,0,85017493504,43195604992,0,156381184,0,157874540544,121149284352,0
1791587486.473323,0.040083419531583786,43496689664,0,0,85017493504,43340308480,0,156381184,0,158017490944,121149284352,0
1791587486.6754434,0.04210583120584488,43643490304,0,0,85017493504,43482914816,0,160575488,0,158164529152,121149284352,0
1791587486.87392,0.04048272781074047,43786096640,0,0,85017493504,43629715456,0,156381184,0,158309597184,121149284352,0
1791587487.0756774,0.042145781219005585,43930800128,0,0,85017493504,43772321792,0,158478336,0,158452232192,121149284352,0
1791587487.275777,0.04215752333402634,44075503616,0,0,85017493504,43917025280,0,158478336,0,158597189632,121149284352,0
1791587487.4740884,0.04038150981068611,44209721344,0,0,85017493504,44051243008,0,158478336,0,158731341824,121149284352,0
1791587487.6760304,0.04223721660673618,44352327680,0,0,85017493504,44193849344,0,158478336,0,158876327936,121149284352,0
1791587487.8758974,0.04201107658445835,44492836864,0,0,85017493504,44332261376,0,160575488,0,159015079936,121149284352,0
1791587488.0754068,0.04142780415713787,44631248896,0,0,85017493504,44472770560,0,158478336,0,159153762304,121149284352,0
1791587488.2768915,0.04282822273671627,44775952384,0,0,85017493504,44615376896,0,160575488,0,159300825088,121149284352,0
1791587488.4744463,0.040288180112838745,44916461568,0,0,85017493504,44760080384,0,156381184,0,159439589376,121149284352,0
1791587488.6729565,0.03870968706905842,45056970752,0,0,85017493504,44898492416,0,158478336,0,159580250112,121149284352,0
1791587488.8763747,0.0420345701277256,45199577088,0,0,85017493504,45041098752,0,158478336,0,159723098112,121149284352,0
1791587489.0764441,0.042010052129626274,45340086272,0,0,85017493504,45181607936,0,158478336,0,159863959552,121149280256,0
1791587489.2746542,0.04013313725590706,45474304000,0,0,85017493504,45315825664,0,158478336,0,159998529536,121149280256,0
1791587489.474287,0.03967807628214359,45612716032,0,0,85017493504,45456334848,0,156381184,0,160137289728,121149280256,0
1791587489.673619,0.03892094828188419,45755322368,0,0,85017493504,45598941184,0,156381184,0,160280248320,121149280256,0
1791587489.8715818,0.036777956411242485,45897928704,0,0,85017493504,45743644672,0,154284032,0,160423329792,121149280256,0
1791587490.073555,0.03867126628756523,46038437888,0,0,85017493504,45882056704,0,156381184,0,160563695616,121149280256,0
1791587490.2771335,0.04216399043798447,46185238528,0,0,85017493504,46026760192,0,158478336,0,160710840320,121149280256,0
1791587490.4758437,0.040778420865535736,46329942016,0,0,85017493504,46171463680,0,158478336,0,160856154112,121149280256,0
1791587490.6759934,0.040844811126589775,46466256896,0,0,85017493504,46314070016,0,152186880,0,160994922496,121149280256,0
1791587490.8754165,0.04020296595990658,46606766080,0,0,85017493504,46450384896,0,156381184,0,161135542272,121149280256,0
1791587491.076426,0.04111395962536335,46745178112,0,0,85017493504,46592991232,0,152186880,0,161274281984,121149280256,0
1791587491.2754407,0.040043942630290985,46885687296,0,0,85017493504,46729306112,0,156381184,0,161413054464,121149280256,0
1791587491.47531,0.03982638940215111,47030390784,0,0,85017493504,46871912448,0,158478336,0,161558110208,121149280256,0
1791587491.6753964,0.0398259311914444,47177191424,0,0,85017493504,47020810240,0,156381184,0,161704968192,121149280256,0
1791587491.8755283,0.03986668214201927,47326089216,0,0,85017493504,47167610880,0,158478336,0,161854480384,121149280256,0
1791587492.0789206,0.04316389560699463,47472889856,0,0,85017493504,47314411520,0,158478336,0,162001170432,121149280256,0
1791587492.2774885,0.0416481401771307,47615496192,0,0,85017493504,47457017856,0,158478336,0,162144124928,121149280256,0
1791587492.4774473,0.04151140712201595,47751811072,0,0,85017493504,47597527040,0,154284032,0,162280603648,121149280256,0
1791587492.6805186,0.04449407756328583,47892320256,0,0,85017493504,47738036224,0,154284032,0,162421469184,121149280256,0
1791587492.8779845,0.041866857558488846,48030732288,0,0,85017493504,47872253952,0,158478336,0,162560077824,121149280256,0
1791587493.0761712,0.03995884954929352,48171241472,0,0,85017493504,48014860288,0,156381184,0,162700890112,121149280256,0
1791587493.27682,0.04052211530506611,48318042112,0,0,85017493504,48159563776,0,158478336,0,162848055296,121149280256,0
1791587493.4798958,0.04351311922073364,48462745600,0,0,85017493504,48304267264,0,158478336,0,162995412992,121149280256,0
1791587493.6766565,0.04018060117959976,48601157632,0,0,85017493504,48444776448,0,156381184,0,163132428288,121149280256,0
1791587493.8797655,0.043194713070988655,48750055424,0,0,85017493504,48591577088,0,158478336,0,163281395712,121149280256,0
1791587494.0814116,0.044751137495040894,48886370304,0,0,85017493504,48732086272,0,154284032,0,163417878528,121149280256,0
1791587494.2817707,0.04502149298787117,49024782336,0,0,85017493504,48870498304,0,154284032,0,163558715392,121149280256,0
1791587494.4780474,0.041192684322595596,49169485824,0,0,85017493504,49011007488,0,158478336,0,163701637120,121149280256,0
1791587494.6772425,0.04029936343431473,49316286464,0,0,85017493504,49157808128,0,158478336,0,163848249344,121149280256,0
1791587494.8809505,0.04390476271510124,49465184256,0,0,85017493504,49302511616,0,162672640,0,163997511680,121149280256,0
1791587495.0789843,0.04182684235274792,49611984896,0,0,85017493504,49451409408,0,160575488,0,164144676864,121149280256,0
1791587495.2790365,0.0417912732809782,49756688384,0,0,85017493504,49596112896,0,160575488,0,164289601536,121149280256,0
1791587495.4775386,0.040206268429756165,49897197568,0,0,85017493504,49740816384,0,156381184,0,164430385152,121149280256,0
1791587495.677725,0.04030335322022438,50035609600,0,0,85017493504,49877131264,0,158478336,0,164569034752,121149276160,0
1791587495.8849554,0.04744240455329418,50182410240,0,0,85017493504,50026029056,0,156381184,0,164716171264,121149276160,0
1791587496.0736842,0.03608589246869087,50312433664,0,0,85017493504,50158149632,0,154284032,0,164846448640,121149276160,0
1791587496.2707083,0.03303741104900837,50461331456,0,0,85017493504,50307047424,0,154284032,0,164995444736,121149276160,0
1791587496.4805562,0.04280071146786213,50612326400,0,0,85017493504,50453848064,0,158478336,0,165147308032,121149276160,0
1791587496.6819072,0.044065263122320175,50765418496,0,0,85017493504,50604843008,0,160575488,0,165301284864,121149276160,0
1791587496.8827138,0.044759778305888176,50912219136,0,0,85017493504,50751643648,0,160575488,0,165448462336,121149276160,0
1791587497.082434,0.04438391514122486,51046436864,0,0,85017493504,50890055680,0,156381184,0,165582622720,121149276160,0
1791587497.2834036,0.04526120238006115,51178557440,0,0,85017493504,51024273408,0,154284032,0,165717188608,121149276160,0
1791587497.4786673,0.040438806638121605,51329552384,0,0,85017493504,51168976896,0,160575488,0,165865959424,121149276160,0
1791587497.6841989,0.04588739573955536,51474255872,0,0,85017493504,51319971840,0,154284032,0,166013198336,121149276160,0
1791587497.8795831,0.0411831010133028,51621056512,0,0,85017493504,51462578176,0,158478336,0,166158258176,121149276160,0
1791587498.0792704,0.04078076407313347,51765760000,0,0,85017493504,51609378816,0,156381184,0,166302928896,121149276160,0
1791587498.2797008,0.041126275435090065,51910463488,0,0,85017493504,51751985152,0,158478336,0,166450089984,121149276160,0
1791587498.479815,0.04114796966314316,52053069824,0,0,85017493504,51896688640,0,156381184,0,166590959616,121149276160,0
1791587498.6809413,0.04219229705631733,52193579008,0,0,85017493504,52035100672,0,158478336,0,166731632640,121149276160,0
1791587498.8901243,0.051288826391100883,52340379648,0,0,85017493504,52175609856,0,164769792,0,166878785536,121149276160,0
1791587499.109221,0.07029377669095993,52491374592,0,0,85017493504,52316119040,0,175255552,0,167030157312,121149276160,0
1791587499.2819424,0.042932337149977684,52604620800,0,0,85017493504,52446142464,0,158478336,0,167143473152,121149276160,0
1791587499.485899,0.046791138127446175,52749324288,0,0,85017493504,52590845952,0,158478336,0,167288320000,121149276160,0
1791587499.6807303,0.04149780422449112,52889833472,0,0,85017493504,52733452288,0,156381184,0,167429324800,121149276160,0
1791587499.8820846,0.0427611880004406,53034536960,0,0,85017493504,52878155776,0,156381184,0,167576195072,121149276160,0
1791587500.0813653,0.0419501643627882,53179240448,0,0,85017493504,53020762112,0,158478336,0,167719079936,121149276160,0
1791587500.2842894,0.04478411376476288,53313462272,0,0,85017493504,53157076992,0,156385280,0,167855439872,121149276160,0
1791587500.484224,0.04461907967925072,53458165760,0,0,85017493504,53297586176,0,160579584,0,167998283776,121149276160,0
1791587500.6829998,0.04330644942820072,53602869248,0,0,85017493504,53442289664,0,160579584,0,168143093760,121149276160,0
1791587500.880746,0.040957510471343994,53747572736,0,0,85017493504,53589090304,0,158482432,0,168288010240,121149276160,0
1791587501.0803921,0.040487028658390045,53877600256,0,0,85017493504,53721210880,0,156389376,0,168420487168,121149276160,0
1791587501.2828283,0.04283200763165951,54022311936,0,0,85017493504,53861720064,0,160591872,0,168565538816,121149276160,0
1791587501.4825249,0.04244428686797619,54167015424,0,0,85017493504,54008520704,0,158494720,0,168708104192,121149276160,0
1791587501.6830232,0.04285724274814129,54307524608,0,0,85017493504,54149029888,0,158494720,0,168848957440,121149276160,0
1791587501.8806784,0.040424175560474396,54445936640,0,0,85017493504,54289539072,0,156397568,0,168989814784,121149276160,0
1791587502.0804188,0.040071798488497734,54592737280,0,0,85017493504,54434242560,0,158494720,0,169136869376,121149276160,0
1791587502.2824297,0.04198567196726799,54743732224,0,0,85017493504,54585237504,0,158494720,0,169285844992,121149276160,0
1791587502.482626,0.042083270847797394,54884241408,0,0,85017493504,54725746688,0,158494720,0,169426567168,121149272064,0
1791587502.683109,0.042479176074266434,55018459136,0,0,85017493504,54862061568,0,156397568,0,169561145344,121149272064,0
1791587502.8887818,0.048059992492198944,55152676864,0,0,85017493504,54998376448,0,154300416,0,169695440896,121149272064,0
1791587503.0845904,0.043772924691438675,55288991744,0,0,85017493504,55130497024,0,158494720,0,169834106880,121149272064,0
1791587503.2818716,0.04096614941954613,55427403776,0,0,85017493504,55271006208,0,156397568,0,169972875264,121149272064,0
1791587503.481812,0.040823107585310936,55570010112,0,0,85017493504,55411515392,0,158494720,0,170114002944,121149272064,0
1791587503.6816728,0.04056357778608799,55708422144,0,0,85017493504,55552024576,0,156397568,0,170254966784,121149272064,0
1791587503.8819704,0.04075985215604305,55867805696,0,0,85017493504,55705116672,0,162689024,0,170412044288,121149272064,0
1791587504.0842597,0.042947063222527504,56033480704,0,0,85017493504,55870791680,0,162689024,0,170580107264,121149272064,0
1791587504.2829185,0.04151445813477039,56209641472,0,0,85017493504,56046952448,0,162689024,0,170754519040,121149272064,0
1791587504.4885612,0.04705496318638325,56381607936,0,0,85017493504,56223113216,0,158494720,0,170926985216,121149272064,0
1791587504.681484,0.039888426661491394,56532602880,0,0,85017493504,56376205312,0,156397568,0,171078230016,121149272064,0
1791587504.8830407,0.04134382680058479,56683597824,0,0,85017493504,56520908800,0,162689024,0,171231678464,121149272064,0
1791587505.0850596,0.043270088732242584,56845078528,0,0,85017493504,56686583808,0,158494720,0,171391578112,121149272064,0
1791587505.286732,0.04482726752758026,56993976320,0,0,85017493504,56833384448,0,160591872,0,171540414464,121149272064,0
1791587505.484801,0.04279196634888649,57136582656,0,0,85017493504,56978087936,0,158494720,0,171683098624,121149272064,0
1791587505.684602,0.04250405356287956,57283383296,0,0,85017493504,57124888576,0,158494720,0,171830153216,121149272064,0
1791587505.8899577,0.047732867300510406,57419698176,0,0,85017493504,57265397760,0,154300416,0,171968905216,121149272064,0
1791587506.0852828,0.04296836629509926,57572790272,0,0,85017493504,57412198400,0,160591872,0,172122533888,121149272064,0
1791587506.2847755,0.04236501082777977,57730076672,0,0,85017493504,57571581952,0,158494720,0,172278079488,121149272064,0
1791587506.4839003,0.04139396920800209,57878974464,0,0,85017493504,57720479744,0,158494720,0,172429389824,121149272064,0
1791587506.6843357,0.04173015058040619,58019483648,0,0,85017493504,57860988928,0,158494720,0,172568137728,121149272064,0
1791587506.8835769,0.040877632796764374,58153701376,0,0,85017493504,57997303808,0,156397568,0,172704804864,121149272064,0
1791587507.0834534,0.040655266493558884,58298404864,0,0,85017493504,58139910144,0,158494720,0,172847751168,121149272064,0
1791587507.2874627,0.04457326792180538,58443108352,0,0,85017493504,58284613632,0,158494720,0,172994916352,121149272064,0
1791587507.4874113,0.04440784081816673,58589908992,0,0,85017493504,58431414272,0,158494720,0,173139980288,121149272064,0
1791587507.6880198,0.04490303248167038,58728321024,0,0,85017493504,58574020608,0,154300416,0,173280538624,121149272064,0
1791587507.8866494,0.04341924004256725,58862538752,0,0,85017493504,58706141184,0,156397568,0,173413011456,121149272064,0
1791587508.08256,0.03923569619655609,59005145088,0,0,85017493504,58846650368,0,158494720,0,173555908608,121149272064,0
1791587508.2771091,0.03368479572236538,59149848576,0,0,85017493504,58993451008,0,156397568,0,173700767744,121149272064,0
1791587508.4839697,0.040448443964123726,59319717888,0,0,85017493504,59161223168,0,158494720,0,173873254400,121149272064,0
1791587508.685346,0.04171411879360676,59485392896,0,0,85017493504,59326898176,0,158494720,0,174039486464,121149272064,0
1791587508.886655,0.042931243777275085,59655262208,0,0,85017493504,59492573184,0,162689024,0,174207320064,121149272064,0
1791587509.088528,0.04470494017004967,59818840064,0,0,85017493504,59654053888,0,164786176,0,174371258368,121149272064,0
1791587509.2895715,0.04566151835024357,59992903680,0,0,85017493504,59830214656,0,162689024,0,174545858560,121149267968,0
1791587509.4874191,0.043423786759376526,60156481536,0,0,85017493504,59995889664,0,160591872,0,174709301248,121149267968,0
1791587509.6855626,0.04147500731050968,60309573632,0,0,85017493504,60148981760,0,160591872,0,174862716928,121149267968,0
1791587509.8858318,0.04161934368312359,60471054336,0,0,85017493504,60310462464,0,160591872,0,175024553984,121149267968,0
1791587510.086306,0.042005011811852455,60523483136,0,0,85017493504,60381765632,0,141717504,0,175066845184,121149267968,0
1791587510.285746,0.04134892299771309,60578009088,0,0,85017493504,60430000128,0,148008960,0,175085735936,121149267968,0
1791587510.4864964,0.04200519993901253,60636729344,0,0,85017493504,60492914688,0,143814656,0,175110979584,121149267968,0
1791587510.6865613,0.041979316622018814,60691255296,0,0,85017493504,60545343488,0,145911808,0,175132303360,121149267968,0
1791587510.8877885,0.043109629303216934,60743684096,0,0,85017493504,60599869440,0,143814656,0,175150555136,121149267968,0
1791587511.0875494,0.04277434013783932,60817084416,0,0,85017493504,60669075456,0,148008960,0,175157174272,121149267968,0
1791587511.2864242,0.04155873693525791,60882096128,0,0,85017493504,60731990016,0,150106112,0,175167754240,121149267968,0
1791587511.4875028,0.04252130351960659,60945010688,0,0,85017493504,60794904576,0,150106112,0,175184879616,121149267968,0
1791587511.687499,0.042427172884345055,61003730944,0,0,85017493504,60855721984,0,148008960,0,175210139648,121149267968,0
1791587511.8867884,0.04162549041211605,61054062592,0,0,85017493504,60912345088,0,141717504,0,175231049728,121149267968,0
1791587512.08479,0.03953437693417072,61108588544,0,0,85017493504,60964773888,0,143814656,0,175244251136,121149267968,0
1791587512.2922964,0.04695676080882549,61167308800,0,0,85017493504,61021396992,0,145911808,0,175264980992,121149267968,0
1791587512.489991,0.04455912299454212,61213446144,0,0,85017493504,61069631488,0,143814656,0,175290417152,121149267968,0
1791587512.6933506,0.04782680235803127,61259583488,0,0,85017493504,61115768832,0,143814656,0,175315673088,121149267968,0
1791587512.8958218,0.05020453222095966,61276360704,0,0,85017493504,61138837504,0,137523200,0,175315767296,121149267968,0
1791587513.089024,0.04331139847636223,61288943616,0,0,85017493504,61141053440,0,147890176,0,175319777280,121149267968,0
1791587513.289779,0.043971914798021317,61364441088,0,0,85017493504,61216432128,0,148008960,0,175315734528,121149267968,0
1791587513.4894753,0.04357999190688133,61437841408,0,0,85017493504,61291929600,0,145911808,0,175326294016,121149267968,0
1791587513.6808817,0.03489319235086441,61496561664,0,0,85017493504,61359038464,0,137523200,0,175331205120,121149267968,0
1791587513.8833354,0.03726598806679249,61496561664,0,0,85017493504,61359038464,0,137523200,0,175331020800,121149267968,0
1791587514.086808,0.040594132617115974,61496561664,0,0,85017493504,61359038464,0,137523200,0,175331115008,121149267968,0
1791587514.2911444,0.04482354782521725,61496561664,0,0,85017493504,61359038464,0,137523200,0,175331188736,121149267968,0
1791587514.490612,0.044179268181324005,61532270592,0,0,85017493504,61388398592,0,143872000,0,175326695424,121149259776,0
1791587514.9143057,0.2677778899669647,61533929472,0,4194304,85014347776,61394685952,0,143437824,0,174572793856,121149255680,0
1791587514.9777353,0.0630998183041811,61554593792,0,23068672,84995473408,61394685952,0,182976512,0,174575239168,121149255680,0
1791587515.1614919,0.04675177112221718,61583839232,0,61740154880,23278387200,61394685952,61394690560,534617600,0,174590656512,121149251584,0
1791587515.363833,0.04900658316910267,61583839232,0,61740154880,23278387200,61394685952,61394690560,534617600,0,174590402560,121149251584,0
1791587515.5600932,0.0451755803078413,61583839232,0,61740154880,23278387200,61394685952,61394690560,534617600,0,174590345216,121149251584,0
1791587515.7584987,0.04348674230277538,61583839232,0,61740154880,23278387200,61394685952,61394690560,534617600,0,174590414848,121149251584,0
1791587515.962881,0.0477537140250206,61583839232,0,61740154880,23278387200,61394685952,61394690560,534617600,0,174590472192,121149247488,0
1791587516.1626022,0.04737403616309166,61583839232,0,61740154880,23278387200,61394685952,61394690560,534617600,0,174590386176,121149247488,0
1791587516.3610797,0.04575793445110321,61583839232,0,61740154880,23278387200,61394685952,61394690560,534617600,0,174590414848,121149247488,0
1791587516.5616884,0.04626845568418503,61583839232,0,61740154880,23278387200,61394685952,61394690560,534617600,0,174590427136,121149247488,0
1791587516.7632458,0.04771762527525425,61583839232,0,61740154880,23278387200,61394685952,61394690560,534617600,0,174590517248,121149247488,0
1791587516.9599185,0.04427063278853893,61583839232,0,61740154880,23278387200,61394685952,61394690560,534617600,0,174590517248,121149247488,0
1791587517.162872,0.047123858705163,61583839232,0,61740154880,23278387200,61394685952,61394690560,534617600,0,174590349312,121149247488,0
1791587517.3644686,0.04860358498990536,61583839232,0,61740154880,23278387200,61394685952,61394690560,534617600,0,174590509056,121149243392,0
1791587517.56337,0.047401370480656624,61583839232,0,61740154880,23278387200,61394685952,61394690560,534617600,0,174590578688,121149243392,0
1791587517.7624998,0.04643942043185234,61583839232,0,61740154880,23278387200,61394685952,61394690560,534617600,0,174590582784,121149243392,0
1791587517.9575403,0.04138799197971821,61583839232,0,61740154880,23278387200,61394685952,61394690560,534617600,0,174590615552,121149243392,0
1791587518.153136,0.03693969175219536,61583839232,0,61740154880,23278387200,61394685952,61394690560,534617600,0,174590529536,121149243392,0
1791587518.3518069,0.03551672399044037,61583839232,0,61740154880,23278387200,61394685952,61394690560,534617600,0,174590373888,121149243392,0
1791587518.5538378,0.037460124120116234,61583839232,0,61740154880,23278387200,61394685952,61394690560,534617600,0,174590357504,121149243392,0
1791587518.7589972,0.042531371116638184,61583839232,0,61740154880,23278387200,61394685952,61394690560,534617600,0,174590783488,121149239296,0
1791587518.9607406,0.044181762263178825,61583839232,0,61740154880,23278387200,61394685952,61394690560,534617600,0,174590873600,121149239296,0
1791587519.1607373,0.044086748734116554,61583839232,0,61740154880,23278387200,61394685952,61394690560,534617600,0,174590963712,121149239296,0
1791587519.3606014,0.04386408068239689,61583839232,0,61740154880,23278387200,61394685952,61394690560,534617600,0,174590787584,121149239296,0
1791587519.560592,0.04377076402306557,61583839232,0,61740154880,23278387200,61394685952,61394690560,534617600,0,174590820352,121149239296,0
1791587519.7624495,0.04554509557783604,61583839232,0,61740154880,23278387200,61394685952,61394690560,534617600,0,174590771200,121149239296,0
1791587519.960287,0.043297259137034416,61583839232,0,61740154880,23278387200,61394685952,61394690560,534617600,0,174590869504,121149239296,0
1791587520.1605458,0.04346630163490772,61583839232,0,61740154880,23278387200,61394685952,61394690560,534617600,0,174590959616,121149239296,0
1791587520.3605993,0.043432239443063736,61583839232,0,61740154880,23278387200,61394685952,61394690560,534617600,0,174590783488,121149239296,0
1791587520.5632899,0.04607635177671909,61583839232,0,61740154880,23278387200,61394685952,61394690560,534617600,0,174590607360,121149239296,0
1791587520.7631686,0.045868780463933945,61583839232,0,61740154880,23278387200,61394685952,61394690560,534617600,0,174590656512,121149239296,0
1791587520.9637456,0.04632319137454033,61583839232,0,61740154880,23278387200,61394685952,61394690560,534617600,0,174590791680,121149239296,0
1791587521.1650856,0.04756865277886391,61583839232,0,61740154880,23278387200,61394685952,61394690560,534617600,0,174590631936,121149239296,0
1791587521.3630512,0.04544452950358391,61583839232,0,61740154880,23278387200,61394685952,61394690560,534617600,0,174590988288,121149239296,0
1791587521.564608,0.04691961035132408,61583839232,0,61740154880,23278387200,61394685952,61394690560,534617600,0,174590812160,121149173760,0
1791587521.7629406,0.04515806958079338,61583839232,0,61740154880,23278387200,61394685952,61394690560,534617600,0,174590906368,121149173760,0
1791587521.9630172,0.045146046206355095,61583839232,0,61740154880,23278387200,61394685952,61394690560,534617600,0,174591000576,121149173760,0
1791587522.1645803,0.04662104323506355,61583839232,0,61740154880,23278387200,61394685952,61394690560,534617600,0,174591094784,121149173760,0
1791587522.3628914,0.044844383373856544,61583839232,0,61740154880,23278387200,61394685952,61394690560,534617600,0,174590709760,121149173760,0
1791587522.575095,0.05694052390754223,61583839232,0,61740154880,23278387200,61394685952,61394690560,534617600,0,174590894080,121149173760,0
1791587522.752296,0.03409724682569504,61583843328,0,61740154880,23278387200,61394685952,61394690560,534621696,0,174591262720,121149173760,0
1791587522.9521573,0.03388573229312897,61583843328,0,61740154880,23278387200,61394685952,61394690560,534621696,0,174591258624,121149173760,0
1791587523.1620767,0.04371810331940651,61583843328,0,61740154880,23278387200,61394685952,61394690560,534621696,0,174591344640,121149173760,0
1791587523.3664424,0.04798734374344349,61583843328,0,61740154880,23278387200,61394685952,61394690560,534621696,0,174590459904,121149173760,0
1791587523.5650704,0.046531934291124344,61583843328,0,61740154880,23278387200,61394685952,61394690560,534621696,0,174590455808,121149173760,0
1791587523.7655733,0.04694071412086487,61583855616,0,61740154880,23278387200,61394685952,61394690560,534633984,0,174590877696,121149173760,0
1791587523.9625125,0.04379482381045818,61583855616,0,61740154880,23278387200,61394685952,61394690560,534633984,0,174590939136,121149173760,0
1791587524.1622589,0.04345724359154701,61583855616,0,61740154880,23278387200,61394685952,61394690560,534633984,0,174591033344,121149173760,0
1791587524.361998,0.04311390407383442,61583855616,0,61740154880,23278387200,61394685952,61394690560,534633984,0,174591127552,121149173760,0
1791587524.5661922,0.047217683866620064,61583855616,0,61740154880,23278387200,61394685952,61394690560,534633984,0,174591188992,121149173760,0
1791587524.7620664,0.04298790916800499,61583855616,0,61740154880,23278387200,61394685952,61394690560,534633984,0,174591033344,121149173760,0
1791587524.9658175,0.04664916358888149,61583855616,0,61740154880,23278387200,61394685952,61394690560,534633984,0,174591123456,121149173760,0
1791587525.1643116,0.045096319168806076,61583855616,0,61740154880,23278387200,61394685952,61394690560,534633984,0,174591217664,121149173760,0
1791587525.3651047,0.04580264165997505,61583855616,0,61740154880,23278387200,61394685952,61394690560,534633984,0,174591053824,121149173760,0
1791587525.565706,0.046297624707221985,61583855616,0,61740154880,23278387200,61394685952,61394690560,534633984,0,174591119360,121149173760,0
1791587525.7671077,0.04758767783641815,61583855616,0,61740154880,23278387200,61394685952,61394690560,534633984,0,174590832640,121149173760,0
1791587525.9657178,0.046108392998576164,61583855616,0,61740154880,23278387200,61394685952,61394690560,534633984,0,174591164416,121149173760,0
1791587526.1656227,0.04592478275299072,61583855616,0,61740154880,23278387200,61394685952,61394690560,534633984,0,174591152128,121149173760,0
1791587526.3661544,0.046339668333530426,61583855616,0,61740154880,23278387200,61394685952,61394690560,534633984,0,174591488000,121149173760,0
1791587526.5647547,0.04489599168300629,61583855616,0,61740154880,23278387200,61394685952,61394690560,534633984,0,174591348736,121149173760,0
1791587526.7649488,0.044986896216869354,61583855616,0,61740154880,23278387200,61394685952,61394690560,534633984,0,174591459328,121149173760,0
1791587526.9662879,0.0462376419454813,61583855616,0,61740154880,23278387200,61394685952,61394690560,534633984,0,174590930944,121149173760,0
1791587527.1668224,0.046676866710186005,61583855616,0,61740154880,23278387200,61394685952,61394690560,534633984,0,174590468096,121149173760,0
1791587527.3656843,0.045476045459508896,61583855616,0,61740154880,23278387200,61394685952,61394690560,534633984,0,174590558208,121149173760,0
1791587527.5664606,0.04616503603756428,61583855616,0,61740154880,23278387200,61394685952,61394690560,534633984,0,174590574592,121149173760,0
1791587527.766256,0.04586810804903507,61583855616,0,61740154880,23278387200,61394685952,61394690560,534633984,0,174590500864,121149173760,0
1791587527.9665573,0.04608193598687649,61583855616,0,61740154880,23278387200,61394685952,61394690560,534633984,0,174590554112,121149173760,0
1791587528.1651044,0.04454375244677067,61583855616,0,61740154880,23278387200,61394685952,61394690560,534633984,0,174590599168,121149173760,0
1791587528.3666947,0.04604177735745907,61583855616,0,61740154880,23278387200,61394685952,61394690560,534633984,0,174590672896,121149173760,0
1791587528.5672276,0.0464896485209465,61583855616,0,61740154880,23278387200,61394685952,61394690560,534633984,0,174590697472,121149173760,0
1791587528.766539,0.04570246674120426,61583855616,0,61740154880,23278387200,61394685952,61394690560,534633984,0,174590775296,121149173760,0
1791587528.9663992,0.04546942003071308,61583855616,0,61740154880,23278387200,61394685952,61394690560,534633984,0,174590603264,121149173760,0
1791587529.166573,0.04555383138358593,61583855616,0,61740154880,23278387200,61394685952,61394690560,534633984,0,174590427136,121149173760,0
1791587529.3657806,0.04466838017106056,61583855616,0,61740154880,23278387200,61394685952,61394690560,534633984,0,174590390272,121149173760,0
1791587529.565671,0.0444683562964201,61583855616,0,61740154880,23278387200,61394685952,61394690560,534633984,0,174590394368,121149173760,0
1791587529.7655814,0.04428173042833805,61583855616,0,61740154880,23278387200,61394685952,61394690560,534633984,0,174590140416,121149173760,0
1791587529.9653437,0.043950218707323074,61583855616,0,61740154880,23278387200,61394685952,61394690560,534633984,0,174590230528,121149173760,0
1791587530.1670754,0.04559065215289593,61583855616,0,61740154880,23278387200,61394685952,61394690560,534633984,0,174590320640,121149173760,0
1791587530.367555,0.0459795743227005,61583855616,0,61740154880,23278387200,61394685952,61394690560,534633984,0,174590382080,121149173760,0
1791587530.56739,0.04572151228785515,61583855616,0,61740154880,23278387200,61394685952,61394690560,534633984,0,174590410752,121149173760,0
1791587530.7685692,0.046803535893559456,61583855616,0,61740154880,23278387200,61394685952,61394690560,534633984,0,174590418944,121149173760,0
1791587530.9683702,0.04651434160768986,61583855616,0,61740154880,23278387200,61394685952,61394690560,534633984,0,174590504960,121149173760,0
1791587531.1686215,0.04667101800441742,61583855616,0,61740154880,23278387200,61394685952,61394690560,534633984,0,174590574592,121149173760,0
1791587531.3663552,0.04431401379406452,61583855616,0,61740154880,23278387200,61394685952,61394690560,534633984,0,174590328832,121149173760,0
1791587531.5666044,0.044477276504039764,61583855616,0,61740154880,23278387200,61394685952,61394690560,534633984,0,174590423040,121149173760,0
1791587531.7660418,0.043833959847688675,61583855616,0,61740154880,23278387200,61394685952,61394690560,534633984,0,174590480384,121149173760,0
1791587531.9675527,0.04525935463607311,61583855616,0,61740154880,23278387200,61394685952,61394690560,534633984,0,174590410752,121149173760,0
1791587532.1661,0.043720560148358345,61583855616,0,61740154880,23278387200,61394685952,61394690560,534633984,0,174590504960,121149173760,0
1791587532.367196,0.0447306539863348,61583855616,0,61740154880,23278387200,61394685952,61394690560,534633984,0,174590132224,121149173760,0
1791587532.5683408,0.045783910900354385,61583855616,0,61740154880,23278387200,61394685952,61394690560,534633984,0,174590427136,121149173760,0
1791587532.767565,0.044907115399837494,61583855616,0,61740154880,23278387200,61394685952,61394690560,534633984,0,174590451712,121149173760,0
1791587532.969081,0.04633216746151447,61583855616,0,61740154880,23278387200,61394685952,61394690560,534633984,0,174590320640,121149173760,0
1791587533.1688864,0.04604848474264145,61583855616,0,61740154880,23278387200,61394685952,61394690560,534633984,0,174590402560,121149173760,0
1791587533.3608494,0.03792013227939606,61583855616,0,61740154880,23278387200,61394685952,61394690560,534633984,0,174590394368,121149173760,0
1791587533.5569706,0.03394799120724201,61583855616,0,61740154880,23278387200,61394685952,61394690560,534633984,0,174590476288,121149173760,0
1791587533.7548015,0.031707560643553734,61583855616,0,61740154880,23278387200,61394685952,61394690560,534633984,0,174590861312,121149173760,0
1791587533.964779,0.04156605154275894,61583855616,0,61740154880,23278387200,61394685952,61394690560,534633984,0,174590939136,121149173760,0
1791587534.1713831,0.04808265343308449,61583855616,0,61740154880,23278387200,61394685952,61394690560,534633984,0,174590754816,121149173760,0
1791587534.368515,0.04513133876025677,61583855616,0,61740154880,23278387200,61394685952,61394690560,534633984,0,174591062016,121149173760,0
1791587534.5740738,0.05060247890651226,61583855616,0,61740154880,23278387200,61394685952,61394690560,534633984,0,174590906368,121149173760,0
1791587534.7700875,0.04651925154030323,61583855616,0,61740154880,23278387200,61394685952,61394690560,534633984,0,174590939136,121149173760,0
1791587534.9696271,0.04596933536231518,61583855616,0,61740154880,23278387200,61394685952,61394690560,534633984,0,174590844928,121149173760,0
1791587535.170656,0.046908026561141014,61583855616,0,61740154880,23278387200,61394685952,61394690560,534633984,0,174590939136,121149173760,0
1791587535.370948,0.047108447179198265,61583855616,0,61740154880,23278387200,61394685952,61394690560,534633984,0,174590742528,121149173760,0
1791587535.5734997,0.04955977760255337,61583855616,0,61740154880,23278387200,61394685952,61394690560,534633984,0,174590812160,121149173760,0
1791587535.7693074,0.045276857912540436,61583855616,0,61740154880,23278387200,61394685952,61394690560,534633984,0,174590840832,121149173760,0
1791587535.9689684,0.044850122183561325,61583855616,0,61740154880,23278387200,61394685952,61394690560,534633984,0,174590779392,121149173760,0
1791587536.16877,0.04456637613475323,61583855616,0,61740154880,23278387200,61394685952,61394690560,534633984,0,174590787584,121149173760,0
1791587536.370274,0.045984914526343346,61583855616,0,61740154880,23278387200,61394685952,61394690560,534633984,0,174590881792,121149173760,0
1791587536.574837,0.0504622757434845,61583855616,0,61740154880,23278387200,61394685952,61394690560,534633984,0,174590971904,121149173760,0
1791587536.7720838,0.047610800713300705,61583855616,0,61740154880,23278387200,61394685952,61394690560,534633984,0,174591541248,121149173760,0
1791587536.9699185,0.04535498097538948,61583855616,0,61740154880,23278387200,61394685952,61394690560,534633984,0,174591369216,121149173760,0
1791587537.171738,0.047071222215890884,61595541504,0,61740154880,23278387200,61394685952,61394690560,546319872,0,174603517952,121149169664,0
1791587537.369989,0.045216137543320656,61585698816,0,62373494784,22645047296,61394685952,61394690560,1169817088,0,174592208896,121149169664,0
1791587537.575363,0.050489988178014755,61585969152,0,62396563456,22621978624,61394685952,61394690560,1193156096,0,174592827392,121149169664,0
1791587537.7744517,0.049494216218590736,61586210816,0,62417534976,22601007104,61394685952,61394690560,1214369280,0,174593044480,121149169664,0
1791587537.9742472,0.049196336418390274,61586210816,0,62417534976,22601007104,61394685952,61394690560,1214369280,0,174593617920,121149169664,0
1791587538.1804545,0.05529996380209923,61586210816,0,62417534976,22601007104,61394685952,61394690560,1214369280,0,174592995328,121149169664,0
1791587538.3809462,0.055700259283185005,61586210816,0,62417534976,22601007104,61394685952,61394690560,1214369280,0,174592847872,121149169664,0
1791587538.5765996,0.05126467905938625,61586210816,0,62417534976,22601007104,61394685952,61394690560,1214369280,0,174593204224,121149169664,0
1791587538.7764897,0.051068730652332306,61586210816,0,62417534976,22601007104,61394685952,61394690560,1214369280,0,174593449984,121149169664,0
1791587538.9752758,0.04974862188100815,61586210816,0,62417534976,22601007104,61394685952,61394690560,1214369280,0,174592557056,121149169664,0
1791587539.1735644,0.04794950783252716,61586210816,0,62417534976,22601007104,61394685952,61394690560,1214369280,0,174592901120,121149169664,0
1791587539.370984,0.04524606093764305,61586210816,0,62417534976,22601007104,61394685952,61394690560,1214369280,0,174592520192,121149169664,0
1791587539.5849123,0.0590394102036953,61586210816,0,62417534976,22601007104,61394685952,61394690560,1214369280,0,174592393216,121149169664,0
1791587539.7645237,0.038574427366256714,61586210816,0,62417534976,22601007104,61394685952,61394690560,1214369280,0,174592454656,121149169664,0
1791587539.9757416,0.049684515222907066,61586210816,0,62417534976,22601007104,61394685952,61394690560,1214369280,0,174592626688,121149169664,0
1791587540.1759353,0.049775999039411545,61586210816,0,62417534976,22601007104,61394685952,61394690560,1214369280,0,174592712704,121149169664,0
1791587540.3739574,0.04771178402006626,61586210816,0,62417534976,22601007104,61394685952,61394690560,1214369280,0,174592729088,121149169664,0
1791587540.5741653,0.04781271703541279,61586210816,0,62417534976,22601007104,61394685952,61394690560,1214369280,0,174592561152,121149169664,0
1791587540.774262,0.04782437905669212,61586210816,0,62417534976,22601007104,61394685952,61394690560,1214369280,0,174592610304,121149169664,0
1791587540.97693,0.05040704645216465,61586210816,0,62417534976,22601007104,61394685952,61394690560,1214369280,0,174592593920,121149169664,0
1791587541.172286,0.04567604698240757,61586210816,0,62417534976,22601007104,61394685952,61394690560,1214369280,0,174592942080,121149169664,0
1791587541.3754957,0.048800572752952576,61586210816,0,62417534976,22601007104,61394685952,61394690560,1214369280,0,174592864256,121149169664,0
1791587541.5754519,0.04866489954292774,61586210816,0,62417534976,22601007104,61394685952,61394690560,1214369280,0,174592700416,121149169664,0
1791587541.7775066,0.050639279186725616,61586210816,0,62417534976,22601007104,61394685952,61394690560,1214369280,0,174592659456,121149169664,0
1791587541.9736202,0.04666551202535629,61586210816,0,62417534976,22601007104,61394685952,61394690560,1214369280,0,174592667648,121149169664,0
1791587542.174329,0.047284578904509544,61586210816,0,62417534976,22601007104,61394685952,61394690560,1214369280,0,174592610304,121149169664,0
1791587542.3757336,0.04859582707285881,61586210816,0,62417534976,22601007104,61394685952,61394690560,1214369280,0,174592610304,121149169664,0
1791587542.5757108,0.04848162643611431,61586210816,0,62417534976,22601007104,61394685952,61394690560,1214369280,0,174592811008,121149169664,0
1791587542.76512,0.03781934268772602,61586210816,0,62417534976,22601007104,61394685952,61394690560,1214369280,0,174592679936,121149169664,0
1791587542.9733608,0.045961519703269005,61586210816,0,62417534976,22601007104,61394685952,61394690560,1214369280,0,174593015808,121149169664,0
1791587543.1769288,0.04943766072392464,61586210816,0,62417534976,22601007104,61394685952,61394690560,1214369280,0,174593368064,121149169664,0
1791587543.3742912,0.04671624302864075,61586210816,0,62417534976,22601007104,61394685952,61394690560,1214369280,0,174593159168,121149169664,0
1791587543.573634,0.045960597693920135,61586210816,0,62417534976,22601007104,61394685952,61394690560,1214369280,0,174593105920,121149169664,0
1791587543.7743824,0.04663510620594025,61586210816,0,62417534976,22601007104,61394685952,61394690560,1214369280,0,174593204224,121149165568,0
1791587543.9774325,0.04958996921777725,61586210816,0,62417534976,22601007104,61394685952,61394690560,1214369280,0,174593003520,121149165568,0
1791587544.1858304,0.05790042132139206,61586210816,0,62417534976,22601007104,61394685952,61394690560,1214369280,0,174593097728,121149165568,0
1791587544.3750482,0.04703126475214958,61586210816,0,62417534976,22601007104,61394685952,61394690560,1214369280,0,174593191936,121149165568,0
1791587544.5784686,0.05036132223904133,61586210816,0,62417534976,22601007104,61394685952,61394690560,1214369280,0,174593282048,121149165568,0
1791587544.7771494,0.048934731632471085,61586210816,0,62417534976,22601007104,61394685952,61394690560,1214369280,0,174594080768,121149165568,0
1791587544.9751909,0.04687730595469475,61586210816,0,62417534976,22601007104,61394685952,61394690560,1214369280,0,174593654784,121149165568,0
1791587545.176012,0.047605933621525764,61586210816,0,62417534976,22601007104,61394685952,61394690560,1214369280,0,174593921024,121149165568,0
1791587545.3781736,0.04968166910111904,61586210816,0,62417534976,22601007104,61394685952,61394690560,1214369280,0,174593249280,121149165568,0
1791587545.5770535,0.04845838621258736,61586210816,0,62417534976,22601007104,61394685952,61394690560,1214369280,0,174593499136,121149165568,0
1791587545.7782373,0.04954616166651249,61586210816,0,62417534976,22601007104,61394685952,61394690560,1214369280,0,174593437696,121149165568,0
1791587545.9763887,0.04761121608316898,61586210816,0,62417534976,22601007104,61394685952,61394690560,1214369280,0,174593527808,121149165568,0
1791587546.176823,0.04795899987220764,61586210816,0,62417534976,22601007104,61394685952,61394690560,1214369280,0,174593318912,121149165568,0
1791587546.3772252,0.04827322065830231,61586210816,0,62417534976,22601007104,61394685952,61394690560,1214369280,0,174593417216,121149165568,0
1791587546.5792685,0.05023407191038132,61586210816,0,62417534976,22601007104,61394685952,61394690560,1214369280,0,174593732608,121149165568,0
1791587546.778089,0.04895595461130142,61586210816,0,62417534976,22601007104,61394685952,61394690560,1214369280,0,174593601536,121149165568,0
1791587546.9772122,0.0480012521147728,61586210816,0,62417534976,22601007104,61394685952,61394690560,1214369280,0,174593339392,121149165568,0
1791587547.175083,0.045788947492837906,61586210816,0,62417534976,22601007104,61394685952,61394690560,1214369280,0,174593040384,121149165568,0
1791587547.3774564,0.04807927645742893,61586210816,0,62417534976,22601007104,61394685952,61394690560,1214369280,0,174593085440,121149165568,0
1791587547.5783184,0.048853861168026924,61586210816,0,62417534976,22601007104,61394685952,61394690560,1214369280,0,174592831488,121149165568,0
1791587547.7789073,0.04935629665851593,61586210816,0,62417534976,22601007104,61394685952,61394690560,1214369280,0,174593171456,121149165568,0
1791587547.9772294,0.04759203642606735,61586210816,0,62417534976,22601007104,61394685952,61394690560,1214369280,0,174593302528,121149165568,0
1791587548.1798494,0.05012895539402962,61586214912,0,62417534976,22601007104,61394685952,61394690560,1214373376,0,174593388544,121149165568,0
1791587548.3764884,0.04668295010924339,61586214912,0,62417534976,22601007104,61394685952,61394690560,1214373376,0,174593740800,121149165568,0
1791587548.5789466,0.04905243031680584,61586214912,0,62417534976,22601007104,61394685952,61394690560,1214373376,0,174593224704,121149165568,0
1791587548.779154,0.04914851672947407,61586214912,0,62417534976,22601007104,61394685952,61394690560,1214373376,0,174593581056,121149165568,0
1791587548.9773445,0.047252750024199486,61586214912,0,62417534976,22601007104,61394685952,61394690560,1214373376,0,174593036288,121149165568,0
1791587549.1780012,0.04780779220163822,61586227200,0,62417534976,22601007104,61394685952,61394690560,1214385664,0,174593105920,121149165568,0
1791587549.3780568,0.04777790233492851,61586227200,0,62417534976,22601007104,61394685952,61394690560,1214385664,0,174593196032,121149165568,0
1791587549.580406,0.05003882758319378,61586227200,0,62417534976,22601007104,61394685952,61394690560,1214385664,0,174593171456,121149165568,0
1791587549.7776659,0.04721200466156006,61586227200,0,62417534976,22601007104,61394685952,61394690560,1214385664,0,174593224704,121149165568,0
1791587549.980736,0.05019434355199337,61586227200,0,62417534976,22601007104,61394685952,61394690560,1214385664,0,174593236992,121149165568,0
1791587550.1802738,0.049649471417069435,61586227200,0,62417534976,22601007104,61394685952,61394690560,1214385664,0,174593331200,121149165568,0
1791587550.3814034,0.05069670081138611,61586227200,0,62417534976,22601007104,61394685952,61394690560,1214385664,0,174593142784,121149165568,0
1791587550.5784123,0.0476200170814991,61586227200,0,62417534976,22601007104,61394685952,61394690560,1214385664,0,174593224704,121149165568,0
1791587550.7784176,0.04753372073173523,61586227200,0,62417534976,22601007104,61394685952,61394690560,1214385664,0,174593314816,121149165568,0
1791587550.978345,0.0473710261285305,61586227200,0,62417534976,22601007104,61394685952,61394690560,1214385664,0,174593495040,121149165568,0
1791587551.1762536,0.04519573040306568,61586227200,0,62417534976,22601007104,61394685952,61394690560,1214385664,0,174593847296,121149165568,0
1791587551.3659098,0.03478320874273777,61586227200,0,62417534976,22601007104,61394685952,61394690560,1214385664,0,174593552384,121149165568,0
1791587551.5769105,0.04571552202105522,61586227200,0,62417534976,22601007104,61394685952,61394690560,1214385664,0,174593499136,121149165568,0
1791587551.7763453,0.045068301260471344,61586227200,0,62417534976,22601007104,61394685952,61394690560,1214385664,0,174593454080,121149165568,0
1791587551.974811,0.04345350153744221,61586227200,0,62417534976,22601007104,61394685952,61394690560,1214385664,0,174593351680,121149165568,0
1791587552.1737416,0.042305417358875275,61586227200,0,62417534976,22601007104,61394685952,61394690560,1214385664,0,174593327104,121149165568,0
1791587552.3748965,0.043378252536058426,61586227200,0,62417534976,22601007104,61394685952,61394690560,1214385664,0,174593421312,121149165568,0
1791587552.5799978,0.0484056081622839,61586227200,0,62417534976,22601007104,61394685952,61394690560,1214385664,0,174593400832,121149165568,0
1791587552.7802944,0.04861302673816681,61586227200,0,62417534976,22601007104,61394685952,61394690560,1214385664,0,174593486848,121149165568,0
1791587552.9782484,0.04648018814623356,61586227200,0,62417534976,22601007104,61394685952,61394690560,1214385664,0,174593183744,121149165568,0
1791587553.1773832,0.04553074762225151,61586227200,0,62417534976,22601007104,61394685952,61394690560,1214385664,0,174593454080,121149165568,0
1791587553.376645,0.044708359986543655,61586227200,0,62417534976,22601007104,61394685952,61394690560,1214385664,0,174593122304,121149165568,0
1791587553.577434,0.04541017860174179,61586227200,0,62417534976,22601007104,61394685952,61394690560,1214385664,0,174593142784,121149165568,0
1791587553.7697868,0.037674419581890106,61586227200,0,62417534976,22601007104,61394685952,61394690560,1214385664,0,174592868352,121149165568,0
1791587553.9783568,0.046152859926223755,61586227200,0,62417534976,22601007104,61394685952,61394690560,1214385664,0,174592925696,121149165568,0
1791587554.1798701,0.047580596059560776,61586227200,0,62417534976,22601007104,61394685952,61394690560,1214385664,0,174593200128,121149165568,0
1791587554.378943,0.04656596854329109,61586227200,0,62417534976,22601007104,61394685952,61394690560,1214385664,0,174593282048,121149165568,0
1791587554.5806136,0.04814909026026726,61586227200,0,62417534976,22601007104,61394685952,61394690560,1214385664,0,174593286144,121149165568,0
1791587554.7803926,0.04784562811255455,61586227200,0,62417534976,22601007104,61394685952,61394690560,1214385664,0,174593908736,121149165568,0
1791587554.9786777,0.046041473746299744,61586227200,0,62417534976,22601007104,61394685952,61394690560,1214385664,0,174593941504,121149165568,0
1791587555.1791272,0.04640175588428974,61586227200,0,62417534976,22601007104,61394685952,61394690560,1214385664,0,174593916928,121149165568,0
1791587555.3777013,0.044889651238918304,61586227200,0,62417534976,22601007104,61394685952,61394690560,1214385664,0,174593146880,121149165568,0
1791587555.5780604,0.045163318514823914,61586227200,0,62417534976,22601007104,61394685952,61394690560,1214385664,0,174593159168,121149165568,0
1791587555.7815871,0.04859971068799496,61586227200,0,62417534976,22601007104,61394685952,61394690560,1214385664,0,174593437696,121149165568,0
1791587555.9795818,0.04650892876088619,61586227200,0,62417534976,22601007104,61394685952,61394690560,1214385664,0,174593531904,121149165568,0
1791587556.182473,0.04931528493762016,61586227200,0,62417534976,22601007104,61394685952,61394690560,1214385664,0,174593626112,121149165568,0
1791587556.3799322,0.04672623425722122,61586227200,0,62417534976,22601007104,61394685952,61394690560,1214385664,0,174593449984,121149165568,0
1791587556.5815494,0.04826004058122635,61586227200,0,62417534976,22601007104,61394685952,61394690560,1214385664,0,174592946176,121149165568,0
1791587556.7689834,0.03561916947364807,61586227200,0,62417534976,22601007104,61394685952,61394690560,1214385664,0,174593032192,121149165568,0
1791587556.9802513,0.046810735017061234,61586227200,0,62417534976,22601007104,61394685952,61394690560,1214385664,0,174593126400,121149165568,0
1791587557.1827183,0.04919721931219101,61586227200,0,62417534976,22601007104,61394685952,61394690560,1214385664,0,174593196032,121149165568,0
1791587557.3810847,0.047474393621087074,61586227200,0,62417534976,22601007104,61394685952,61394690560,1214385664,0,174593216512,121149165568,0
1791587557.579089,0.0453928429633379,61586227200,0,62417534976,22601007104,61394685952,61394690560,1214385664,0,174593208320,121149165568,0
1791587557.779752,0.045969368889927864,61586227200,0,62417534976,22601007104,61394685952,61394690560,1214385664,0,174593282048,121149165568,0
1791587557.9800048,0.04613821767270565,61586227200,0,62417534976,22601007104,61394685952,61394690560,1214385664,0,174593372160,121149165568,0
1791587558.1798658,0.045915527269244194,61586227200,0,62417534976,22601007104,61394685952,61394690560,1214385664,0,174592962560,121149165568,0
1791587558.3787215,0.04468723013997078,61586227200,0,62417534976,22601007104,61394685952,61394690560,1214385664,0,174592962560,121149165568,0
1791587558.5786881,0.04457320645451546,61586227200,0,62417534976,22601007104,61394685952,61394690560,1214385664,0,174592991232,121149165568,0
1791587558.780979,0.04676409251987934,61586227200,0,62417534976,22601007104,61394685952,61394690560,1214385664,0,174593433600,121149165568,0
1791587558.9791465,0.044841108843684196,61586227200,0,62417534976,22601007104,61394685952,61394690560,1214385664,0,174593228800,121149165568,0
1791587559.1808877,0.04648858867585659,61586227200,0,62417534976,22601007104,61394685952,61394690560,1214385664,0,174593052672,121149165568,0
1791587559.380754,0.04626639746129513,61586227200,0,62417534976,22601007104,61394685952,61394690560,1214385664,0,174592929792,121149165568,0
1791587559.5812378,0.04666411690413952,61586227200,0,62417534976,22601007104,61394685952,61394690560,1214385664,0,174592905216,121149165568,0
1791587559.7846758,0.050015298649668694,61586227200,0,62417534976,22601007104,61394685952,61394690560,1214385664,0,174593724416,121149165568,0
1791587559.9817202,0.046972574666142464,61586227200,0,62417534976,22601007104,61394685952,61394690560,1214385664,0,174593572864,121149202432,0
1791587560.1826153,0.0477847084403038,61586227200,0,62417534976,22601007104,61394685952,61394690560,1214385664,0,174593667072,121149202432,0
1791587560.381671,0.04675139673054218,61586227200,0,62417534976,22601007104,61394685952,61394690560,1214385664,0,174593757184,121149202432,0
1791587560.58238,0.04737590625882149,61586227200,0,62417534976,22601007104,61394685952,61394690560,1214385664,0,174593212416,121149202432,0
1791587560.7844782,0.04938602261245251,61586227200,0,62417534976,22601007104,61394685952,61394690560,1214385664,0,174593167360,121149202432,0
1791587560.9840968,0.04886482283473015,61586227200,0,62417534976,22601007104,61394685952,61394690560,1214385664,0,174593232896,121149202432,0
1791587561.1821153,0.046800173819065094,61586227200,0,62417534976,22601007104,61394685952,61394690560,1214385664,0,174593490944,121149202432,0
1791587561.3825686,0.04716706834733486,61586227200,0,62417534976,22601007104,61394685952,61394690560,1214385664,0,174593581056,121149202432,0
1791587561.581362,0.04587433114647865,61586227200,0,62417534976,22601007104,61394685952,61394690560,1214385664,0,174593200128,121149202432,0
1791587561.7856905,0.0500935148447752,61586227200,0,62417534976,22601007104,61394685952,61394690560,1214385664,0,174593204224,121149202432,0
1791587561.9834394,0.04774210974574089,61586227200,0,62417534976,22601007104,61394685952,61394690560,1214385664,0,174593294336,121149165568,0
1791587562.1830382,0.04724014922976494,61586227200,0,62417534976,22601007104,61394685952,61394690560,1214385664,0,174593290240,121149165568,0
1791587562.3874745,0.051575491204857826,61586227200,0,62417534976,22601007104,61394685952,61394690560,1214385664,0,174593368064,121149165568,0
1791587562.5838013,0.047811051830649376,61586227200,0,62417534976,22601007104,61394685952,61394690560,1214385664,0,174593032192,121149165568,0
1791587562.783792,0.04771050810813904,61586227200,0,62417534976,22601007104,61394685952,61394690560,1214385664,0,174592978944,121149165568,0
1791587562.981793,0.04562261141836643,61586227200,0,62417534976,22601007104,61394685952,61394690560,1214385664,0,174593073152,121149165568,0
1791587563.1842682,0.04800968058407307,61586227200,0,62417534976,22601007104,61394685952,61394690560,1214385664,0,174592864256,121149165568,0
1791587563.380951,0.04460335709154606,61586227200,0,62417534976,22601007104,61394685952,61394690560,1214385664,0,174593216512,121149165568,0
1791587563.5727465,0.036322640255093575,61586227200,0,62417534976,22601007104,61394685952,61394690560,1214385664,0,174593044480,121149165568,0
1791587563.7862191,0.049692945554852486,61586227200,0,62417534976,22601007104,61394685952,61394690560,1214385664,0,174592991232,121149165568,0
1791587563.9832537,0.04664304666221142,61586227200,0,62417534976,22601007104,61394685952,61394690560,1214385664,0,174593028096,121149165568,0
1791587564.184008,0.04730859771370888,61586227200,0,62417534976,22601007104,61394685952,61394690560,1214385664,0,174593032192,121149165568,0
1791587564.3842015,0.04741675592958927,61586227200,0,62417534976,22601007104,61394685952,61394690560,1214385664,0,174593122304,121149165568,0
1791587564.5860808,0.04920919984579086,61586227200,0,62417534976,22601007104,61394685952,61394690560,1214385664,0,174593069056,121149165568,0
1791587564.7732744,0.03633382357656956,61586227200,0,62417534976,22601007104,61394685952,61394690560,1214385664,0,174593142784,121149165568,0
1791587564.9842649,0.04721299186348915,61586227200,0,62417534976,22601007104,61394685952,61394690560,1214385664,0,174593036288,121149165568,0
1791587565.1851637,0.04800032451748848,61586227200,0,62417534976,22601007104,61394685952,61394690560,1214385664,0,174593388544,121149165568,0
1791587565.3818007,0.04457794688642025,61586227200,0,62417534976,22601007104,61394685952,61394690560,1214385664,0,174593220608,121149165568,0
1791587565.5857923,0.04847781918942928,61586227200,0,62417534976,22601007104,61394685952,61394690560,1214385664,0,174593286144,121149165568,0
1791587565.789218,0.05178726837038994,61586227200,0,62417534976,22601007104,61394685952,61394690560,1214385664,0,174593298432,121149165568,0
1791587565.984507,0.04698494076728821,61586227200,0,62417534976,22601007104,61394685952,61394690560,1214385664,0,174593388544,121149165568,0
1791587566.1846583,0.047039616852998734,61586227200,0,62417534976,22601007104,61394685952,61394690560,1214385664,0,174592618496,121149165568,0
1791587566.3838897,0.046183302998542786,61586227200,0,62417534976,22601007104,61394685952,61394690560,1214385664,0,174592708608,121149165568,0
1791587566.5884914,0.05069887079298496,61586227200,0,62417534976,22601007104,61394685952,61394690560,1214385664,0,174592802816,121149165568,0
1791587566.7848022,0.04689066857099533,61586227200,0,62417534976,22601007104,61394685952,61394690560,1214385664,0,174593093632,121149165568,0
1791587566.9838784,0.0458754226565361,61586227200,0,62417534976,22601007104,61394685952,61394690560,1214385664,0,174593187840,121149165568,0
1791587567.1834264,0.04532648250460625,61586227200,0,62417534976,22601007104,61394685952,61394690560,1214385664,0,174592954368,121149165568,0
1791587567.385328,0.04710555449128151,61586227200,0,62417534976,22601007104,61394685952,61394690560,1214385664,0,174593032192,121149165568,0
1791587567.5872211,0.04891373589634895,61586227200,0,62417534976,22601007104,61394685952,61394690560,1214385664,0,174592909312,121149165568,0
1791587567.7860944,0.04769916459918022,61586227200,0,62417534976,22601007104,61394685952,61394690560,1214385664,0,174592995328,121149165568,0
1791587567.9862194,0.04773909971117973,61586227200,0,62417534976,22601007104,61394685952,61394690560,1214385664,0,174593081344,121149165568,0
1791587568.1865318,0.04796323925256729,61586227200,0,62417534976,22601007104,61394685952,61394690560,1214385664,0,174592815104,121149165568,0
1791587568.3862588,0.04759581200778484,61586227200,0,62417534976,22601007104,61394685952,61394690560,1214385664,0,174592905216,121149165568,0
1791587568.5883682,0.049620626494288445,61586227200,0,62417534976,22601007104,61394685952,61394690560,1214385664,0,174593249280,121149165568,0
1791587568.7858088,0.04696422629058361,61586227200,0,62417534976,22601007104,61394685952,61394690560,1214385664,0,174593814528,121149161472,0
1791587568.98236,0.04341791942715645,61586227200,0,62417534976,22601007104,61394685952,61394690560,1214385664,0,174593761280,121149161472,0
1791587569.1859443,0.0469085406512022,61586227200,0,62417534976,22601007104,61394685952,61394690560,1214385664,0,174593527808,121149161472,0
1791587569.386751,0.0476103313267231,61586227200,0,62417534976,22601007104,61394685952,61394690560,1214385664,0,174593462272,121149161472,0
1791587569.5865612,0.047324445098638535,61586227200,0,62417534976,22601007104,61394685952,61394690560,1214385664,0,174593318912,121149161472,0
1791587569.7835073,0.04418651573359966,61586227200,0,62417534976,22601007104,61394685952,61394690560,1214385664,0,174593400832,121149161472,0
1791587569.981899,0.04249473474919796,61586227200,0,62417534976,22601007104,61394685952,61394690560,1214385664,0,174593495040,121149161472,0
1791587570.1841037,0.04461262188851833,61586227200,0,62417534976,22601007104,61394685952,61394690560,1214385664,0,174593257472,121149161472,0
1791587570.38491,0.04533609189093113,61586227200,0,62417534976,22601007104,61394685952,61394690560,1214385664,0,174593097728,121149161472,0
1791587570.585596,0.04593949019908905,61586227200,0,62417534976,22601007104,61394685952,61394690560,1214385664,0,174593155072,121149161472,0
1791587570.78786,0.048111679032444954,61586227200,0,62417534976,22601007104,61394685952,61394690560,1214385664,0,174593232896,121149161472,0
1791587570.9874055,0.047572359442710876,61586227200,0,62417534976,22601007104,61394685952,61394690560,1214385664,0,174593310720,121149161472,0
1791587571.1773272,0.03740452416241169,61586227200,0,62417534976,22601007104,61394685952,61394690560,1214385664,0,174593302528,121149161472,0
1791587571.3857021,0.045697860419750214,61586227200,0,62417534976,22601007104,61394685952,61394690560,1214385664,0,174593581056,121149161472,0
1791587571.5733032,0.03321879729628563,61586227200,0,62417534976,22601007104,61394685952,61394690560,1214385664,0,174592966656,121149161472,0
1791587571.7827108,0.04249377362430096,61586227200,0,62417534976,22601007104,61394685952,61394690560,1214385664,0,174593028096,121149161472,0
1791587571.9887073,0.04840211756527424,61586227200,0,62417534976,22601007104,61394685952,61394690560,1214385664,0,174593073152,121149161472,0
1791587572.1882126,0.047820331528782845,61586227200,0,62417534976,22601007104,61394685952,61394690560,1214385664,0,174592880640,121149161472,0
1791587572.3881366,0.04766000621020794,61586227200,0,62417534976,22601007104,61394685952,61394690560,1214385664,0,174592970752,121149161472,0
1791587572.590396,0.04983280412852764,61586227200,0,62417534976,22601007104,61394685952,61394690560,1214385664,0,174593327104,121149161472,0
1791587572.7893255,0.048655033111572266,61586227200,0,62417534976,22601007104,61394685952,61394690560,1214385664,0,174593392640,121149161472,0
1791587572.9880383,0.04727605916559696,61586227200,0,62417534976,22601007104,61394685952,61394690560,1214385664,0,174593306624,121149161472,0
1791587573.1892984,0.048451803624629974,61586227200,0,62417534976,22601007104,61394685952,61394690560,1214385664,0,174593331200,121149161472,0
1791587573.3891346,0.048204369843006134,61586227200,0,62417534976,22601007104,61394685952,61394690560,1214385664,0,174593433600,121149161472,0
1791587573.5884147,0.047381145879626274,61586231296,0,62417534976,22601007104,61394685952,61394690560,1214389760,0,174593458176,121149161472,0
1791587573.7907732,0.04965325817465782,61586231296,0,62417534976,22601007104,61394685952,61394690560,1214389760,0,174593060864,121149161472,0
1791587573.9916523,0.05044499598443508,61586231296,0,62417534976,22601007104,61394685952,61394690560,1214389760,0,174593138688,121149161472,0
1791587574.1908562,0.04956159181892872,61586231296,0,62417534976,22601007104,61394685952,61394690560,1214389760,0,174593220608,121149161472,0
1791587574.3898983,0.04852127842605114,61586231296,0,62417534976,22601007104,61394685952,61394690560,1214389760,0,174593314816,121149161472,0
1791587574.5912843,0.04982011206448078,61586243584,0,62417534976,22601007104,61394685952,61394690560,1214402048,0,174593400832,121149161472,0
1791587574.7884483,0.0468918327242136,61586243584,0,62417534976,22601007104,61394685952,61394690560,1214402048,0,174593581056,121149161472,0
1791587574.9885478,0.04690547101199627,61586243584,0,62417534976,22601007104,61394685952,61394690560,1214402048,0,174593671168,121149161472,0
1791587575.1879792,0.04625178873538971,61586243584,0,62417534976,22601007104,61394685952,61394690560,1214402048,0,174593597440,121149161472,0
1791587575.3885756,0.04675696790218353,61586243584,0,62417534976,22601007104,61394685952,61394690560,1214402048,0,174593454080,121149161472,0
1791587575.5921397,0.05023358203470707,61586243584,0,62417534976,22601007104,61394685952,61394690560,1214402048,0,174593331200,121149161472,0
1791587575.7894697,0.047473179176449776,61586243584,0,62417534976,22601007104,61394685952,61394690560,1214402048,0,174593126400,121149161472,0
1791587575.989879,0.04779919795691967,61586243584,0,62417534976,22601007104,61394685952,61394690560,1214402048,0,174593224704,121149161472,0
1791587576.1905937,0.048428600654006004,61586243584,0,62417534976,22601007104,61394685952,61394690560,1214402048,0,174593318912,121149161472,0
1791587576.3895738,0.04732431843876839,61586243584,0,62417534976,22601007104,61394685952,61394690560,1214402048,0,174593187840,121149161472,0
1791587576.5898862,0.04754728823900223,61586243584,0,62417534976,22601007104,61394685952,61394690560,1214402048,0,174593273856,121149161472,0
1791587576.7905147,0.04808672145009041,61586243584,0,62417534976,22601007104,61394685952,61394690560,1214402048,0,174593552384,121149161472,0
1791587576.9911356,0.04862128011882305,61586243584,0,62417534976,22601007104,61394685952,61394690560,1214402048,0,174593249280,121149161472,0
1791587577.1920044,0.04940646141767502,61586243584,0,62417534976,22601007104,61394685952,61394690560,1214402048,0,174593331200,121149161472,0
1791587577.3892999,0.046587128192186356,61586243584,0,62417534976,22601007104,61394685952,61394690560,1214402048,0,174592966656,121149161472,0
1791587577.5915468,0.048743944615125656,61586243584,0,62417534976,22601007104,61394685952,61394690560,1214402048,0,174592966656,121149161472,0
1791587577.790509,0.0476188063621521,61586243584,0,62417534976,22601007104,61394685952,61394690560,1214402048,0,174592790528,121149161472,0
1791587577.98951,0.04653461277484894,61586243584,0,62417534976,22601007104,61394685952,61394690560,1214402048,0,174592741376,121149161472,0
1791587578.1893535,0.04629625752568245,61586243584,0,62417534976,22601007104,61394685952,61394690560,1214402048,0,174592835584,121149161472,0
1791587578.3901517,0.04700732231140137,61586243584,0,62417534976,22601007104,61394685952,61394690560,1214402048,0,174592913408,121149161472,0
1791587578.591487,0.048247138038277626,61586243584,0,62417534976,22601007104,61394685952,61394690560,1214402048,0,174593445888,121149161472,0
1791587578.7877588,0.04443632997572422,61586243584,0,62417534976,22601007104,61394685952,61394690560,1214402048,0,174593069056,121149161472,0
1791587578.9888635,0.04545041546225548,61586243584,0,62417534976,22601007104,61394685952,61394690560,1214402048,0,174593097728,121149161472,0
1791587579.1902888,0.0467933751642704,61586243584,0,62417534976,22601007104,61394685952,61394690560,1214402048,0,174593183744,121149161472,0
1791587579.390943,0.04735471121966839,61586243584,0,62417534976,22601007104,61394685952,61394690560,1214402048,0,174593241088,121149161472,0
1791587579.58994,0.046259721741080284,61586243584,0,62417534976,22601007104,61394685952,61394690560,1214402048,0,174593273856,121149161472,0
1791587579.7933226,0.049544546753168106,61586243584,0,62417534976,22601007104,61394685952,61394690560,1214402048,0,174593630208,121149161472,0
1791587579.994837,0.050965690985322,61586243584,0,62417534976,22601007104,61394685952,61394690560,1214402048,0,174593622016,121149161472,0
1791587580.1944435,0.05047726444900036,61586243584,0,62417534976,22601007104,61394685952,61394690560,1214402048,0,174593630208,121149161472,0
1791587580.3903062,0.04625728353857994,61586243584,0,62417534976,22601007104,61394685952,61394690560,1214402048,0,174593630208,121149161472,0
1791587580.5884194,0.044277846813201904,61586243584,0,62417534976,22601007104,61394685952,61394690560,1214402048,0,174593511424,121149161472,0
1791587580.7917259,0.04746665619313717,61586243584,0,62417534976,22601007104,61394685952,61394690560,1214402048,0,174593384448,121149161472,0
1791587580.9892492,0.04487794265151024,61586243584,0,62417534976,22601007104,61394685952,61394690560,1214402048,0,174593081344,121149161472,0
1791587581.1892397,0.04478008486330509,61586243584,0,62417534976,22601007104,61394685952,61394690560,1214402048,0,174593175552,121149161472,0
1791587581.3886492,0.04409588500857353,61586243584,0,62417534976,22601007104,61394685952,61394690560,1214402048,0,174593269760,121149161472,0
1791587581.5900874,0.04544828087091446,61586243584,0,62417534976,22601007104,61394685952,61394690560,1214402048,0,174593011712,121149161472,0
1791587581.795709,0.050971465185284615,61586243584,0,62417534976,22601007104,61394685952,61394690560,1214402048,0,174593007616,121149161472,0
1791587581.9954996,0.05067654699087143,61586243584,0,62417534976,22601007104,61394685952,61394690560,1214402048,0,174600847360,121149161472,0
1791587582.1926754,0.047766612842679024,61586243584,0,62417534976,22601007104,61394685952,61394690560,1214402048,0,174600941568,121149161472,0
1791587582.3922896,0.047298556193709373,61586243584,0,62417534976,22601007104,61394685952,61394690560,1214402048,0,174600843264,121149161472,0
1791587582.5952952,0.05021514557301998,61586243584,0,62417534976,22601007104,61394685952,61394690560,1214402048,0,174600826880,121149161472,0
1791587582.780572,0.03534826263785362,61586243584,0,62417534976,22601007104,61394685952,61394690560,1214402048,0,174601003008,121149161472,0
1791587582.9930396,0.047722941264510155,61586243584,0,62417534976,22601007104,61394685952,61394690560,1214402048,0,174601080832,121149161472,0
1791587583.1964297,0.05102732591331005,61586243584,0,62417534976,22601007104,61394685952,61394690560,1214402048,0,174601703424,121149161472,0
1791587583.3952048,0.049722252413630486,61586243584,0,62417534976,22601007104,61394685952,61394690560,1214402048,0,174601273344,121149161472,0
1791587583.5796545,0.03407593443989754,61586243584,0,62417534976,22601007104,61394685952,61394690560,1214402048,0,174601183232,121149161472,0
1791587583.7927265,0.047063177451491356,61586243584,0,62417534976,22601007104,61394685952,61394690560,1214402048,0,174600826880,121149161472,0
1791587583.9957962,0.050046466290950775,61586243584,0,62417534976,22601007104,61394685952,61394690560,1214402048,0,174600859648,121149161472,0
1791587584.1938908,0.048053741455078125,61586243584,0,62417534976,22601007104,61394685952,61394690560,1214402048,0,174600953856,121149161472,0
1791587584.3943946,0.04846792295575142,61586243584,0,62417534976,22601007104,61394685952,61394690560,1214402048,0,174600785920,121149161472,0
1791587584.5942523,0.048237405717372894,61586243584,0,62417534976,22601007104,61394685952,61394690560,1214402048,0,174600867840,121149161472,0
1791587584.7944357,0.04832107573747635,61586243584,0,62417534976,22601007104,61394685952,61394690560,1214402048,0,174600716288,121149161472,0
1791587584.994013,0.04779817350208759,61586243584,0,62417534976,22601007104,61394685952,61394690560,1214402048,0,174600712192,121149161472,0
1791587585.1950285,0.048702945932745934,61586243584,0,62417534976,22601007104,61394685952,61394690560,1214402048,0,174600679424,121149161472,0
1791587585.3962986,0.049888595938682556,61586243584,0,62417534976,22601007104,61394685952,61394690560,1214402048,0,174600695808,121149161472,0
1791587585.595787,0.04929106496274471,61586243584,0,62417534976,22601007104,61394685952,61394690560,1214402048,0,174601256960,121149161472,0
1791587585.7915313,0.04495268128812313,61586243584,0,62417534976,22601007104,61394685952,61394690560,1214402048,0,174601027584,121149161472,0
1791587585.9953942,0.048699744045734406,61586243584,0,62417534976,22601007104,61394685952,61394690560,1214402048,0,174600798208,121149161472,0
1791587586.1973407,0.050551747903227806,61586243584,0,62417534976,22601007104,61394685952,61394690560,1214402048,0,174600691712,121149161472,0
1791587586.3963726,0.04948063753545284,61586243584,0,62417534976,22601007104,61394685952,61394690560,1214402048,0,174600716288,121149161472,0
1791587586.598093,0.05110946483910084,61586243584,0,62417534976,22601007104,61394685952,61394690560,1214402048,0,174600802304,121149161472,0
1791587586.796582,0.04948272369801998,61586243584,0,62417534976,22601007104,61394685952,61394690560,1214402048,0,174601064448,121149161472,0
1791587586.9960022,0.04876119643449783,61586243584,0,62417534976,22601007104,61394685952,61394690560,1214402048,0,174601154560,121149161472,0
1791587587.195799,0.04844851978123188,61586243584,0,62417534976,22601007104,61394685952,61394690560,1214402048,0,174600765440,121149161472,0
1791587587.3970437,0.04958575777709484,61586243584,0,62417534976,22601007104,61394685952,61394690560,1214402048,0,174600699904,121149161472,0
1791587587.5838394,0.03629462234675884,61586243584,0,62417534976,22601007104,61394685952,61394690560,1214402048,0,174600810496,121149161472,0
1791587587.7918503,0.04420888423919678,61586243584,0,62417534976,22601007104,61394685952,61394690560,1214402048,0,174600474624,121149161472,0
1791587587.9968388,0.04911292344331741,61586243584,0,62417534976,22601007104,61394685952,61394690560,1214402048,0,174600318976,121149161472,0
1791587588.1957471,0.04793609492480755,61586243584,0,62417534976,22601007104,61394685952,61394690560,1214402048,0,174600413184,121149161472,0
1791587588.395819,0.0479219276458025,61586243584,0,62417534976,22601007104,61394685952,61394690560,1214402048,0,174600482816,121149161472,0
1791587588.5972958,0.04931311868131161,61586243584,0,62417534976,22601007104,61394685952,61394690560,1214402048,0,174607896576,121149161472,0
1791587588.797788,0.04971914738416672,61586243584,0,62417534976,22601007104,61394685952,61394690560,1214402048,0,174600990720,121149161472,0
1791587588.99706,0.04888664558529854,61586243584,0,62417534976,22601007104,61394685952,61394690560,1214402048,0,174601404416,121149161472,0
1791587589.1934683,0.045209726318717,61586243584,0,62417534976,22601007104,61394685952,61394690560,1214402048,0,174600548352,121149161472,0
1791587589.3963802,0.048032063990831375,61586243584,0,62417534976,22601007104,61394685952,61394690560,1214402048,0,174600888320,121149161472,0
1791587589.5982044,0.04977089911699295,61586243584,0,62417534976,22601007104,61394685952,61394690560,1214402048,0,174600855552,121149161472,0
1791587589.7959561,0.047439442947506905,61586243584,0,62417534976,22601007104,61394685952,61394690560,1214402048,0,174600937472,121149161472,0
1791587589.9960177,0.047411270439624786,61586243584,0,62417534976,22601007104,61394685952,61394690560,1214402048,0,174601023488,121149161472,0
1791587590.198221,0.04952738806605339,61586243584,0,62417534976,22601007104,61394685952,61394690560,1214402048,0,174601056256,121149161472,0
1791587590.396451,0.04767032898962498,61586243584,0,62417534976,22601007104,61394685952,61394690560,1214402048,0,174600876032,121149161472,0
1791587590.5982122,0.04934762418270111,61586243584,0,62417534976,22601007104,61394685952,61394690560,1214402048,0,174600839168,121149161472,0
1791587590.7981927,0.049240387976169586,61586243584,0,62417534976,22601007104,61394685952,61394690560,1214402048,0,174600712192,121149161472,0
1791587590.9983795,0.04933417588472366,61586243584,0,62417534976,22601007104,61394685952,61394690560,1214402048,0,174600949760,121149161472,0
1791587591.196914,0.04775592312216759,61586243584,0,62417534976,22601007104,61394685952,61394690560,1214402048,0,174600933376,121149161472,0
1791587591.396012,0.04676893725991249,61586243584,0,62417534976,22601007104,61394685952,61394690560,1214402048,0,174601015296,121149161472,0
1791587591.596974,0.04764220863580704,61586243584,0,62417534976,22601007104,61394685952,61394690560,1214402048,0,174601048064,121149161472,0
1791587591.7946959,0.045283861458301544,61586243584,0,62417534976,22601007104,61394685952,61394690560,1214402048,0,174601019392,121149161472,0
1791587591.9990213,0.04951954446732998,61586243584,0,62417534976,22601007104,61394685952,61394690560,1214402048,0,174601302016,121149161472,0
1791587592.2003505,0.05073775164783001,61586243584,0,62417534976,22601007104,61394685952,61394690560,1214402048,0,174600986624,121149161472,0
1791587592.4001536,0.05045212432742119,61586243584,0,62417534976,22601007104,61394685952,61394690560,1214402048,0,174601273344,121149161472,0
1791587592.5985088,0.04871855489909649,61586243584,0,62417534976,22601007104,61394685952,61394690560,1214402048,0,174601367552,121149161472,0
1791587592.8007255,0.050850655883550644,61586243584,0,62417534976,22601007104,61394685952,61394690560,1214402048,0,174601502720,121149161472,0
1791587592.9978838,0.047925226390361786,61586243584,0,62417534976,22601007104,61394685952,61394690560,1214402048,0,174601551872,121149161472,0
1791587593.1978128,0.04776367358863354,61586259968,0,62419632128,22598909952,61394685952,61394690560,1216515584,0,174601621504,121149161472,0
1791587593.399602,0.04946540482342243,61586259968,0,62419632128,22598909952,61394685952,61394690560,1216515584,0,174601535488,121149161472,0
1791587593.59821,0.04798395000398159,61586259968,0,62419632128,22598909952,61394685952,61394690560,1216515584,0,174605971456,121149161472,0
1791587593.7999678,0.04965648427605629,61586259968,0,62419632128,22598909952,61394685952,61394690560,1216515584,0,174600658944,121149157376,0
1791587593.995136,0.04474209435284138,61586259968,0,62419632128,22598909952,61394685952,61394690560,1216515584,0,174600749056,121149157376,0
1791587594.1948686,0.044392768293619156,61586259968,0,62419632128,22598909952,61394685952,61394690560,1216515584,0,174601097216,121149157376,0
1791587594.3943372,0.04378054849803448,61586259968,0,62419632128,22598909952,61394685952,61394690560,1216515584,0,174600912896,121149157376,0
1791587594.5931015,0.04246589355170727,61586259968,0,62419632128,22598909952,61394685952,61394690560,1216515584,0,174601166848,121149157376,0
1791587594.8015645,0.05083996430039406,61586259968,0,62419632128,22598909952,61394685952,61394690560,1216515584,0,174601134080,121149157376,0
1791587594.9983435,0.04753662459552288,61586259968,0,62419632128,22598909952,61394685952,61394690560,1216515584,0,174601224192,121149157376,0
1791587595.1966069,0.0457132700830698,61586259968,0,62419632128,22598909952,61394685952,61394690560,1216515584,0,174601162752,121149157376,0
1791587595.3970928,0.046108292415738106,61586259968,0,62419632128,22598909952,61394685952,61394690560,1216515584,0,174601285632,121149157376,0
1791587595.5987346,0.04766499623656273,61586259968,0,62419632128,22598909952,61394685952,61394690560,1216515584,0,174601039872,121149157376,0
1791587595.79791,0.04675892926752567,61586259968,0,62419632128,22598909952,61394685952,61394690560,1216515584,0,174601113600,121149157376,0
1791587595.9941177,0.04288179613649845,61586259968,0,62419632128,22598909952,61394685952,61394690560,1216515584,0,174601142272,121149157376,0
1791587596.200482,0.04915682040154934,61586259968,0,62419632128,22598909952,61394685952,61394690560,1216515584,0,174601416704,121149157376,0
1791587596.401331,0.04992225021123886,61586259968,0,62419632128,22598909952,61394685952,61394690560,1216515584,0,174601519104,121149157376,0
1791587596.5989475,0.04744967073202133,61586259968,0,62419632128,22598909952,61394685952,61394690560,1216515584,0,174601457664,121149157376,0
1791587596.7989411,0.047360751777887344,61586259968,0,62419632128,22598909952,61394685952,61394690560,1216515584,0,174601314304,121149157376,0
1791587596.9986916,0.04702840931713581,61586259968,0,62419632128,22598909952,61394685952,61394690560,1216515584,0,174601404416,121149157376,0
1791587597.203607,0.05182562209665775,61586259968,0,62419632128,22598909952,61394685952,61394690560,1216515584,0,174600646656,121149157376,0
1791587597.3902493,0.03837398439645767,61586259968,0,62419632128,22598909952,61394685952,61394690560,1216515584,0,174600278016,121149157376,0
1791587597.6027958,0.05083165131509304,61586259968,0,62419632128,22598909952,61394685952,61394690560,1216515584,0,174600445952,121149157376,0
1791587597.801302,0.049244146794080734,61586259968,0,62419632128,22598909952,61394685952,61394690560,1216515584,0,174600224768,121149157376,0
1791587598.003094,0.050924623385071754,61586259968,0,62419632128,22598909952,61394685952,61394690560,1216515584,0,174600167424,121149157376,0
1791587598.2032897,0.05107804760336876,61586259968,0,62419632128,22598909952,61394685952,61394690560,1216515584,0,174600212480,121149157376,0
1791587598.427098,0.07478904165327549,61586259968,0,62419632128,22598909952,61394685952,61394690560,1216515584,0,174599872512,121149157376,0
1791587598.6368835,0.08448202908039093,61586259968,0,62419632128,22598909952,61394685952,61394690560,1216515584,0,174616166400,121149157376,0
1791587598.8038936,0.051390716806054115,61586259968,0,62419632128,22598909952,61394685952,61394690560,1216515584,0,174599827456,121149157376,0
1791587599.000315,0.0477164052426815,61586264064,0,62419632128,22598909952,61394685952,61394690560,1216519680,0,174600011776,121149157376,0
1791587599.211352,0.05867180414497852,61586264064,0,62419632128,22598909952,61394685952,61394690560,1216519680,0,174600282112,121149157376,0
1791587599.403302,0.05053473636507988,61586264064,0,62419632128,22598909952,61394685952,61394690560,1216519680,0,174600187904,121149157376,0
1791587599.6015213,0.04866928607225418,61586264064,0,62419632128,22598909952,61394685952,61394690560,1216519680,0,174600171520,121149157376,0
1791587599.8007922,0.04785320907831192,61586264064,0,62419632128,22598909952,61394685952,61394690560,1216519680,0,174600040448,121149157376,0
1791587599.997036,0.04398469626903534,61586276352,0,62419632128,22598909952,61394685952,61394690560,1216531968,0,174599860224,121149157376,0
1791587600.2022526,0.049128567799925804,61586276352,0,62419632128,22598909952,61394685952,61394690560,1216531968,0,174599716864,121149157376,0
1791587600.4015946,0.04838317073881626,61586276352,0,62419632128,22598909952,61394685952,61394690560,1216531968,0,174599933952,121149157376,0
1791587600.6008382,0.047538600862026215,61586276352,0,62419632128,22598909952,61394685952,61394690560,1216531968,0,174600007680,121149157376,0
1791587600.8041575,0.050774117931723595,61586276352,0,62419632128,22598909952,61394685952,61394690560,1216531968,0,174600359936,121149157376,0
1791587601.0020883,0.048612622544169426,61586276352,0,62419632128,22598909952,61394685952,61394690560,1216531968,0,174600339456,121149157376,0
1791587601.205422,0.05186152830719948,61586276352,0,62419632128,22598909952,61394685952,61394690560,1216531968,0,174600683520,121149157376,0
1791587601.4017832,0.048132969066500664,61586276352,0,62419632128,22598909952,61394685952,61394690560,1216531968,0,174600335360,121149157376,0
1791587601.60187,0.04813588224351406,61586276352,0,62419632128,22598909952,61394685952,61394690560,1216531968,0,174600376320,121149157376,0
1791587601.801061,0.047245483845472336,61586276352,0,62419632128,22598909952,61394685952,61394690560,1216531968,0,174600654848,121149157376,0
1791587602.0003388,0.04643435217440128,61586276352,0,62419632128,22598909952,61394685952,61394690560,1216531968,0,174600675328,121149157376,0
1791587602.199878,0.04588776454329491,61586276352,0,62419632128,22598909952,61394685952,61394690560,1216531968,0,174600761344,121149157376,0
1791587602.3959844,0.041916023939847946,61586276352,0,62419632128,22598909952,61394685952,61394690560,1216531968,0,174600536064,121149157376,0
1791587602.6031888,0.04903456009924412,61586276352,0,62419632128,22598909952,61394685952,61394690560,1216531968,0,174600462336,121149157376,0
1791587602.8047163,0.05051107704639435,61586276352,0,62419632128,22598909952,61394685952,61394690560,1216531968,0,174600732672,121149157376,0
1791587603.002611,0.048293206840753555,61586276352,0,62419632128,22598909952,61394685952,61394690560,1216531968,0,174601039872,121149157376,0
1791587603.2033243,0.048897720873355865,61586276352,0,62419632128,22598909952,61394685952,61394690560,1216531968,0,174600765440,121149157376,0
1791587603.4031997,0.048642002046108246,61586276352,0,62419632128,22598909952,61394685952,61394690560,1216531968,0,174600523776,121149157376,0
1791587603.6040194,0.049363406375050545,61586276352,0,62419632128,22598909952,61394685952,61394690560,1216531968,0,174616698880,121149157376,0
1791587603.801828,0.04706151783466339,61586276352,0,62419632128,22598909952,61394685952,61394690560,1216531968,0,174600880128,121149157376,0
1791587604.0002828,0.045431628823280334,61586276352,0,62419632128,22598909952,61394685952,61394690560,1216531968,0,174601089024,121149157376,0
1791587604.2063801,0.05144181102514267,61586276352,0,62419632128,22598909952,61394685952,61394690560,1216531968,0,174601031680,121149157376,0
1791587604.4048827,0.049857256934046745,61586276352,0,62419632128,22598909952,61394685952,61394690560,1216531968,0,174601117696,121149157376,0
1791587604.6047134,0.049601390957832336,61586276352,0,62419632128,22598909952,61394685952,61394690560,1216531968,0,174601187328,121149157376,0
1791587604.806981,0.05178236402571201,61586276352,0,62419632128,22598909952,61394685952,61394690560,1216531968,0,174601064448,121149157376,0
1791587605.0050035,0.04971419461071491,61586276352,0,62419632128,22598909952,61394685952,61394690560,1216531968,0,174601248768,121149157376,0
1791587605.2029245,0.04755077138543129,61586276352,0,62419632128,22598909952,61394685952,61394690560,1216531968,0,174601097216,121149157376,0
1791587605.4036386,0.04817261919379234,61586276352,0,62419632128,22598909952,61394685952,61394690560,1216531968,0,174601220096,121149157376,0
1791587605.6019151,0.04636634700000286,61586276352,0,62419632128,22598909952,61394685952,61394690560,1216531968,0,174601068544,121149157376,0
1791587605.8037288,0.04809590056538582,61586276352,0,62419632128,22598909952,61394685952,61394690560,1216531968,0,174601342976,121149157376,0
1791587606.00446,0.04874042794108391,61586276352,0,62419632128,22598909952,61394685952,61394690560,1216531968,0,174601347072,121149157376,0
1791587606.2054183,0.049610672518610954,61586276352,0,62419632128,22598909952,61394685952,61394690560,1216531968,0,174601175040,121149157376,0
1791587606.4052377,0.0493430569767952,61586276352,0,62419632128,22598909952,61394685952,61394690560,1216531968,0,174601265152,121149157376,0
1791587606.6056068,0.049617767333984375,61586276352,0,62419632128,22598909952,61394685952,61394690560,1216531968,0,174600589312,121149157376,0
1791587606.804649,0.048575013875961304,61586276352,0,62419632128,22598909952,61394685952,61394690560,1216531968,0,174600417280,121149157376,0
1791587607.0044734,0.048308080062270164,61586276352,0,62419632128,22598909952,61394685952,61394690560,1216531968,0,174600769536,121149157376,0
1791587607.204194,0.04798775911331177,61586276352,0,62419632128,22598909952,61394685952,61394690560,1216531968,0,174600531968,121149157376,0
1791587607.4076078,0.05131334066390991,61586276352,0,62419632128,22598909952,61394685952,61394690560,1216531968,0,174600249344,121149157376,0
1791587607.6050525,0.04867144487798214,61586276352,0,62419632128,22598909952,61394685952,61394690560,1216531968,0,174600871936,121149157376,0
1791587607.8059394,0.049467528238892555,61586276352,0,62419632128,22598909952,61394685952,61394690560,1216531968,0,174600962048,121149157376,0
1791587608.0054219,0.04886092431843281,61586276352,0,62419632128,22598909952,61394685952,61394690560,1216531968,0,174600794112,121149157376,0
1791587608.2069552,0.05031016655266285,61586276352,0,62419632128,22598909952,61394685952,61394690560,1216531968,0,174600876032,121149157376,0
1791587608.4055269,0.04879084229469299,61586276352,0,62419632128,22598909952,61394685952,61394690560,1216531968,0,174600937472,121149157376,0
1791587608.6066742,0.04985637590289116,61586276352,0,62419632128,22598909952,61394685952,61394690560,1216531968,0,174616997888,121149157376,0
1791587608.8052802,0.04838151857256889,61586276352,0,62419632128,22598909952,61394685952,61394690560,1216531968,0,174600953856,121149157376,0
1791587609.0044966,0.047487543895840645,61586276352,0,62419632128,22598909952,61394685952,61394690560,1216531968,0,174601183232,121149157376,0
1791587609.2055337,0.04843854904174805,61586276352,0,62419632128,22598909952,61394685952,61394690560,1216531968,0,174601269248,121149157376,0
1791587609.4050772,0.0478647667914629,61586276352,0,62419632128,22598909952,61394685952,61394690560,1216531968,0,174601056256,121149157376,0
1791587609.6031897,0.04589128866791725,61586276352,0,62419632128,22598909952,61394685952,61394690560,1216531968,0,174601150464,121149157376,0
1791587609.807217,0.04983600787818432,61586276352,0,62419632128,22598909952,61394685952,61394690560,1216531968,0,174600957952,121149157376,0
1791587610.0073273,0.04986155219376087,61586276352,0,62419632128,22598909952,61394685952,61394690560,1216531968,0,174600945664,121149157376,0
1791587610.2051663,0.047614531591534615,61586276352,0,62419632128,22598909952,61394685952,61394690560,1216531968,0,174600753152,121149157376,0
1791587610.406026,0.04839025251567364,61586276352,0,62419632128,22598909952,61394685952,61394690560,1216531968,0,174601109504,121149157376,0
1791587610.60737,0.04965195059776306,61586276352,0,62419632128,22598909952,61394685952,61394690560,1216531968,0,174601326592,121149157376,0
1791587610.807302,0.049499599263072014,61586276352,0,62419632128,22598909952,61394685952,61394690560,1216531968,0,174601392128,121149157376,0
1791587611.0063186,0.048426590859889984,61586276352,0,62419632128,22598909952,61394685952,61394690560,1216531968,0,174601646080,121149157376,0
1791587611.2059767,0.04799407348036766,61586276352,0,62419632128,22598909952,61394685952,61394690560,1216531968,0,174601596928,121149157376,0
1791587611.4074552,0.04938293434679508,61586276352,0,62419632128,22598909952,61394685952,61394690560,1216531968,0,174601367552,121149157376,0
1791587611.6068137,0.048651937395334244,61586276352,0,62419632128,22598909952,61394685952,61394690560,1216531968,0,174600957952,121149157376,0
1791587611.803037,0.04479140788316727,61586276352,0,62419632128,22598909952,61394685952,61394690560,1216531968,0,174601027584,121149157376,0
1791587612.0077937,0.049457939341664314,61586276352,0,62419632128,22598909952,61394685952,61394690560,1216531968,0,174600884224,121149157376,0
1791587612.2064674,0.04804574139416218,61586276352,0,62419632128,22598909952,61394685952,61394690560,1216531968,0,174600949760,121149157376,0
1791587612.4089592,0.050451669842004776,61586276352,0,62419632128,22598909952,61394685952,61394690560,1216531968,0,174600577024,121149157376,0
1791587612.6074405,0.04884713888168335,61586276352,0,62419632128,22598909952,61394685952,61394690560,1216531968,0,174600155136,121149157376,0
1791587612.8093235,0.05064970813691616,61586276352,0,62419632128,22598909952,61394685952,61394690560,1216531968,0,174600249344,121149157376,0
1791587613.0071974,0.04842737503349781,61586276352,0,62419632128,22598909952,61394685952,61394690560,1216531968,0,174600445952,121149157376,0
1791587613.2040179,0.0451546274125576,61586276352,0,62419632128,22598909952,61394685952,61394690560,1216531968,0,174600511488,121149157376,0
1791587613.404646,0.04569442570209503,61586276352,0,62419632128,22598909952,61394685952,61394690560,1216531968,0,174600605696,121149091840,0
1791587613.6078467,0.048802612349390984,61586276352,0,62419632128,22598909952,61394685952,61394690560,1216531968,0,174616641536,121149091840,0
1791587613.8095508,0.05041806027293205,61586276352,0,62419632128,22598909952,61394685952,61394690560,1216531968,0,174600826880,121149091840,0
1791587614.0047736,0.04556729644536972,61586276352,0,62419632128,22598909952,61394685952,61394690560,1216531968,0,174600904704,121149091840,0
1791587614.2070696,0.047775547951459885,61586276352,0,62419632128,22598909952,61394685952,61394690560,1216531968,0,174600974336,121149091840,0
1791587614.4075058,0.04812424257397652,61586276352,0,62419632128,22598909952,61394685952,61394690560,1216531968,0,174601003008,121149091840,0
1791587614.607396,0.04792897589504719,61586276352,0,62419632128,22598909952,61394685952,61394690560,1216531968,0,174600826880,121149091840,0
1791587614.8112233,0.05167306587100029,61586276352,0,62419632128,22598909952,61394685952,61394690560,1216531968,0,174600830976,121149091840,0
1791587615.0075796,0.04793999157845974,61586276352,0,62419632128,22598909952,61394685952,61394690560,1216531968,0,174600572928,121149091840,0
1791587615.211523,0.051786722615361214,61586276352,0,62419632128,22598909952,61394685952,61394690560,1216531968,0,174600318976,121149091840,0
1791587615.4085262,0.048689788207411766,61586276352,0,62419632128,22598909952,61394685952,61394690560,1216531968,0,174600491008,121149091840,0
1791587615.6080606,0.048137880861759186,61586276352,0,62419632128,22598909952,61394685952,61394690560,1216531968,0,174600605696,121149091840,0
1791587615.8100169,0.050005119293928146,61586276352,0,62419632128,22598909952,61394685952,61394690560,1216531968,0,174600364032,121149091840,0
1791587616.008591,0.04847689904272556,61586276352,0,62419632128,22598909952,61394685952,61394690560,1216531968,0,174600527872,121149091840,0
1791587616.20858,0.04836774058640003,61586276352,0,62419632128,22598909952,61394685952,61394690560,1216531968,0,174600646656,121149091840,0
1791587616.4083169,0.048019448295235634,61586276352,0,62419632128,22598909952,61394685952,61394690560,1216531968,0,174600429568,121149091840,0
1791587616.6087735,0.04839390330016613,61586276352,0,62419632128,22598909952,61394685952,61394690560,1216531968,0,174600519680,121149091840,0
1791587616.8119946,0.051530374214053154,61586276352,0,62419632128,22598909952,61394685952,61394690560,1216531968,0,174600617984,121149091840,0
1791587617.0099983,0.04943220503628254,61586276352,0,62419632128,22598909952,61394685952,61394690560,1216531968,0,174600970240,121149091840,0
1791587617.2068875,0.04621546156704426,61586276352,0,62419632128,22598909952,61394685952,61394690560,1216531968,0,174601015296,121149091840,0
1791587617.4079595,0.04719329997897148,61586276352,0,62419632128,22598909952,61394685952,61394690560,1216531968,0,174600818688,121149091840,0
1791587617.607531,0.046681031584739685,61586276352,0,62419632128,22598909952,61394685952,61394690560,1216531968,0,174600912896,121149091840,0
1791587617.8070912,0.04615499638020992,61586276352,0,62419632128,22598909952,61394685952,61394690560,1216531968,0,174600949760,121149091840,0
1791587618.0088303,0.047804854810237885,61586276352,0,62419632128,22598909952,61394685952,61394690560,1216531968,0,174600937472,121149091840,0
1791587618.2090402,0.04793122224509716,61586276352,0,62419632128,22598909952,61394685952,61394690560,1216531968,0,174601027584,121149091840,0
1791587618.4113019,0.05007173679769039,61586276352,0,62419632128,22598909952,61394685952,61394690560,1216531968,0,174600486912,121149091840,0
1791587618.6108325,0.049510737881064415,61586276352,0,62419632128,22598909952,61394685952,61394690560,1216531968,0,174616707072,121149091840,0
1791587618.8132257,0.051816198974847794,61586276352,0,62419632128,22598909952,61394685952,61394690560,1216531968,0,174600556544,121149087744,0
1791587619.0112815,0.04976675100624561,61586276352,0,62419632128,22598909952,61394685952,61394690560,1216531968,0,174600802304,121149087744,0
1791587619.2072763,0.045678840950131416,61586276352,0,62419632128,22598909952,61394685952,61394690560,1216531968,0,174600732672,121149087744,0
1791587619.4074154,0.045738156884908676,61586276352,0,62419632128,22598909952,61394685952,61394690560,1216531968,0,174600355840,121149087744,0
1791587619.6083815,0.04661562852561474,61586276352,0,62419632128,22598909952,61394685952,61394690560,1216531968,0,174600282112,121149087744,0
1791587619.8076494,0.0457980502396822,61586276352,0,62419632128,22598909952,61394685952,61394690560,1216531968,0,174600323072,121149087744,0
1791587620.01056,0.04861797206103802,61586276352,0,62419632128,22598909952,61394685952,61394690560,1216531968,0,174600396800,121149087744,0
1791587620.2088377,0.04681101255118847,61586276352,0,62419632128,22598909952,61394685952,61394690560,1216531968,0,174600462336,121149087744,0
1791587620.4089987,0.046891286969184875,61586276352,0,62419632128,22598909952,61394685952,61394690560,1216531968,0,174600253440,121149087744,0
1791587620.6093743,0.04714091494679451,61586276352,0,62419632128,22598909952,61394685952,61394690560,1216531968,0,174600151040,121149087744,0
1791587620.81442,0.05210285820066929,61586276352,0,62419632128,22598909952,61394685952,61394690560,1216531968,0,174599987200,121149087744,0
1791587621.0104206,0.048012567684054375,61586276352,0,62419632128,22598909952,61394685952,61394690560,1216531968,0,174600282112,121149087744,0
1791587621.2077005,0.04520463012158871,61586276352,0,62419632128,22598909952,61394685952,61394690560,1216531968,0,174600257536,121149087744,0
1791587621.4111953,0.04858682490885258,61586276352,0,62419632128,22598909952,61394685952,61394690560,1216531968,0,174600466432,121149087744,0
1791587621.6110873,0.04839718155562878,61586276352,0,62419632128,22598909952,61394685952,61394690560,1216531968,0,174600822784,121149046784,0
1791587621.794434,0.03165576606988907,41498218496,0,4194304,85014347776,0,0,,1,147062538240,121149075456,0
