{
  "S1_query_E_all_selected_extension_stages_modeled": true,
  "W_claims_and_proof_explicitly_released_before_A_in_clean_receipt": true,
  "additional_capacity_classes_requiring_complete_census": [
    "profile/layout/tile/source/Arc/lock/vector descriptors and public quantization tables beyond named payloads",
    "public query product construction/conversion/reverse/inverse-series/DFT cache during construction",
    "opened rows/salts/pruned paths/index arrays from previous batches; current regeneration is a separate lifetime",
    "AES PCG and fresh VOLE/correlations/masks/journals on both roles",
    "Writer/MatrixProof/codec/receive/send frame capacities and old+new reallocations",
    "GKR/RMS/EXP30/lookup/range and contractions outside the explicitly named replay envelope",
    "sourcewise EQ/adaptive PowerBlocks/denominators/numerator/inverse spectra and host contraction bands",
    "historical endpoint forms/targets/coefficient vectors and public linear marshalling descriptors",
    "common-owner metadata/reservations/flags and producer temporaries not included by the named component",
    "sourcewise last bounded <=128E read: consumed temporary three-plane buffer, EQ packet, flag, Rust result and CPU fresh base-case polynomials",
    "fresh base-case main/mask caches and their private randomness, adjacent to final selected extension query"
  ],
  "additional_explicit_component_caps": {
    "PCS_E_OOD_power_tables_remaining28_device": 786432,
    "PCS_E_bounded_final_Rust_output": 3072,
    "PCS_E_bounded_final_temporary_planes": 3072,
    "PCS_E_contraction_public_device_band_max": 100663296,
    "PCS_E_contraction_result_flag": 512,
    "PCS_E_round_covector_host_named_upper_excluding_PowerBlocks": 251658240,
    "PCS_E_singleton_device_result": 3072,
    "residual_dim35_EQ_packet_device": 25344,
    "residual_dim35_EQ_packet_host_upper": 49696
  },
  "allowance_physically_verified": false,
  "backend": "s1-prepared",
  "canonical_execution": false,
  "complete_joint_phase_peak": false,
  "component_record_sources": {
    "lifetime": "benchmarks/results/c71-crypto-retirement-local-2026-10-09-96b69ded52c1.json",
    "lifetime_source_sha": "96b69ded52c16a32962bf22c93352bd89f30c3c9",
    "linear": "benchmarks/results/c71-crypto-linear-local-2026-10-09-31280382f681.json",
    "linear_source_sha": "31280382f6814a929f7651cd2c31fdd73e668952",
    "query": "benchmarks/results/c71-crypto-query-local-2026-10-09-46d295ef4ea6.json",
    "query_source_sha": "46d295ef4ea69ea6130a64c411d982d8fc1cba9d"
  },
  "credit": false,
  "current_owner_host_byte_observations": [
    {
      "bytes": 42088,
      "marker": "C71_NATIVE_RESIDUAL_QUERY_FULL_WIRE"
    },
    {
      "bytes": 42088,
      "marker": "C71_NATIVE_RESIDUAL_QUERY_FULL_WIRE"
    },
    {
      "bytes": 42088,
      "marker": "C71_NATIVE_RESIDUAL_QUERY_FULL_WIRE"
    },
    {
      "bytes": 42088,
      "marker": "C71_NATIVE_RESIDUAL_QUERY_FULL_WIRE"
    },
    {
      "bytes": 42088,
      "marker": "C71_NATIVE_RESIDUAL_QUERY_A_CHAIN"
    },
    {
      "bytes": 42088,
      "marker": "C71_NATIVE_RESIDUAL_QUERY_W_CHAIN"
    }
  ],
  "empty_fixed_allowance_for_other_payload": false,
  "enforced_joint_allocation_limit_bytes": 5905580032,
  "gpu_execution": false,
  "joint_admitted": false,
  "legacy_shapes_are_not_native_allocation_evidence": true,
  "margin_bytes": 268435456,
  "named_phase_crosschecks": [
    {
      "is_complete_phase_peak": false,
      "lifetime": "Only W cache/pads; no future A caches or proof claim batches. Upload staging is a separate earlier lifetime.",
      "named_allocation_subtotal_bytes": 3935466196,
      "named_subtotal_exceeds_payload": false,
      "parts": {
        "W_cv": 1073741824,
        "W_frontier": 234881024,
        "W_high_powers": 65792,
        "W_low_powers": 268435456,
        "W_pads": 1572864,
        "W_ring": 2147483648,
        "W_salt_band": 2097152,
        "W_salt_metadata": 256,
        "W_salt_row_cursors": 8388608,
        "W_tiles": 126464,
        "W_twiddles": 8388608,
        "W_weight_and_hash_flags": 512,
        "full_calibration_table_serialization_difference_upper": 921596,
        "host_row_cursors": 8388608,
        "host_weight_tiles": 126240,
        "initial_W_and_A_root_offset_caches": 75497440,
        "native_common_owner_host": 42088,
        "original_W_tile_descriptors_host_upper": 252480,
        "public_padding_host_upper": 55574528,
        "retained_initial_private_host_pads": 1572864,
        "two_public_table_host_payloads": 47908144
      },
      "phase": "native_initial_W_install",
      "remaining_shared_payload_capacity_bytes": 1970113836
    },
    {
      "is_complete_phase_peak": false,
      "lifetime": "W plus A1..current cache/pads; one replay envelope including persistent; no original proof batches yet.",
      "named_allocation_subtotal_bytes": 5666236596,
      "named_subtotal_exceeds_payload": false,
      "parts": {
        "A_accumulation_additional": 33560864,
        "A_frontier": 301989888,
        "A_pads": 1572864,
        "A_salt_band": 2097152,
        "A_salt_metadata": 256,
        "A_salt_row_cursors": 8388608,
        "A_twiddles": 8388608,
        "A_values": 4294967296,
        "device_persistent_or_single_replay_envelope": 785789696,
        "full_calibration_table_serialization_difference_upper": 921596,
        "host_byte_histogram": 2048,
        "host_row_cursors": 8388608,
        "initial_W_and_A_root_offset_caches": 113246144,
        "native_common_owner_host": 42088,
        "original_W_tile_descriptors_host_upper": 252480,
        "public_padding_host_upper": 55574528,
        "retained_initial_private_host_pads": 3145728,
        "two_public_table_host_payloads": 47908144
      },
      "phase": "native_initial_A1_accumulate",
      "remaining_shared_payload_capacity_bytes": 239343436
    },
    {
      "is_complete_phase_peak": false,
      "lifetime": "Low/high powers retired before full hash output; values retire before first node output.",
      "named_allocation_subtotal_bytes": 5766893716,
      "named_subtotal_exceeds_payload": false,
      "parts": {
        "A_frontier": 301989888,
        "A_hash_additional": 134217984,
        "A_pads": 1572864,
        "A_salt_band": 2097152,
        "A_salt_metadata": 256,
        "A_salt_row_cursors": 8388608,
        "A_twiddles": 8388608,
        "A_values": 4294967296,
        "device_persistent_or_single_replay_envelope": 785789696,
        "full_calibration_table_serialization_difference_upper": 921596,
        "host_byte_histogram": 2048,
        "host_row_cursors": 8388608,
        "initial_W_and_A_root_offset_caches": 113246144,
        "native_common_owner_host": 42088,
        "original_W_tile_descriptors_host_upper": 252480,
        "public_padding_host_upper": 55574528,
        "retained_initial_private_host_pads": 3145728,
        "two_public_table_host_payloads": 47908144
      },
      "phase": "native_initial_A1_hash",
      "remaining_shared_payload_capacity_bytes": 138686316
    },
    {
      "is_complete_phase_peak": false,
      "lifetime": "Public construction/CPU DFT owner retired; device factors/work/window retire before current Tree regeneration. Previously opened batches and W proof/claims stay live. Initial S1 retention is still zero.",
      "named_allocation_subtotal_bytes": 3672427924,
      "named_subtotal_exceeds_payload": false,
      "parts": {
        "device_persistent_or_single_replay_envelope": 785789696,
        "full_calibration_table_serialization_difference_upper": 921596,
        "gather_flag": 256,
        "initial_W_and_A_root_offset_caches": 113246144,
        "native_common_owner_host": 42088,
        "original_W_tile_descriptors_host_upper": 252480,
        "original_claim_batch_codec_upper": 457768960,
        "public_padding_host_upper": 55574528,
        "query_device_aligned_forward_inverse_twiddles_all_levels": 67110400,
        "query_device_low_pad_remainders_work_scratch": 67108864,
        "query_device_optional_pad_shift": 16777216,
        "query_device_original_byte_window": 268435456,
        "query_device_original_field_pads": 1572864,
        "query_device_public_factor_spectra": 704643072,
        "retained_initial_private_host_pads": 3145728,
        "returned_column_host": 8388608,
        "returned_matrix_host": 1073741824,
        "two_public_table_host_payloads": 47908144
      },
      "phase": "native_initial_A1_query_evaluate",
      "remaining_shared_payload_capacity_bytes": 2233152108
    },
    {
      "is_complete_phase_peak": false,
      "lifetime": "Borrowed public descriptors/PREFIX EQ coexist with host packet; device packet not uploaded yet.",
      "named_allocation_subtotal_bytes": 2077114196,
      "named_subtotal_exceeds_payload": false,
      "parts": {
        "device_persistent_or_single_replay_envelope": 785789696,
        "full_calibration_table_serialization_difference_upper": 921596,
        "initial_W_and_A_root_offset_caches": 113246144,
        "linear_host_packet_and_marshalling_bound": 612464832,
        "native_common_owner_host": 42088,
        "original_W_tile_descriptors_host_upper": 252480,
        "original_claim_batch_codec_upper": 457768960,
        "public_padding_host_upper": 55574528,
        "retained_initial_private_host_pads": 3145728,
        "two_public_table_host_payloads": 47908144
      },
      "phase": "native_linear_A1_host_prepare",
      "remaining_shared_payload_capacity_bytes": 3828465836
    },
    {
      "is_complete_phase_peak": false,
      "lifetime": "Public marshalling temporaries returned/dropped; canonical host packet stays alive until begin fence.",
      "named_allocation_subtotal_bytes": 2387460268,
      "named_subtotal_exceeds_payload": false,
      "parts": {
        "device_persistent_or_single_replay_envelope": 785789696,
        "full_calibration_table_serialization_difference_upper": 921596,
        "initial_W_and_A_root_offset_caches": 113246144,
        "linear_device_packet_output_flag": 461405952,
        "linear_host_packet_payload": 461404952,
        "native_common_owner_host": 42088,
        "original_W_tile_descriptors_host_upper": 252480,
        "original_claim_batch_codec_upper": 457768960,
        "public_padding_host_upper": 55574528,
        "retained_initial_private_host_pads": 3145728,
        "two_public_table_host_payloads": 47908144
      },
      "phase": "native_linear_A1_upload",
      "remaining_shared_payload_capacity_bytes": 3518119764
    },
    {
      "is_complete_phase_peak": false,
      "lifetime": "Host packet retired before A producer scan; exactly one original scan per each of34 rounds. W35 uses the same phase geometry plus its once-per-proof sealed mapping.",
      "named_allocation_subtotal_bytes": 1926055316,
      "named_subtotal_exceeds_payload": false,
      "parts": {
        "device_persistent_or_single_replay_envelope": 785789696,
        "full_calibration_table_serialization_difference_upper": 921596,
        "initial_W_and_A_root_offset_caches": 113246144,
        "linear_device_packet_output_flag": 461405952,
        "native_common_owner_host": 42088,
        "original_W_tile_descriptors_host_upper": 252480,
        "original_claim_batch_codec_upper": 457768960,
        "public_padding_host_upper": 55574528,
        "retained_initial_private_host_pads": 3145728,
        "two_public_table_host_payloads": 47908144
      },
      "phase": "native_linear_A1_scan",
      "remaining_shared_payload_capacity_bytes": 3979524716
    },
    {
      "is_complete_phase_peak": false,
      "lifetime": "First closure: both original batches live. Mapping loads once per proof; public host preparation precedes upload.",
      "named_allocation_subtotal_bytes": 2547592532,
      "named_subtotal_exceeds_payload": false,
      "parts": {
        "device_persistent_or_single_replay_envelope": 785789696,
        "full_calibration_table_serialization_difference_upper": 921596,
        "initial_W_and_A_root_offset_caches": 113246144,
        "linear_host_packet_and_marshalling_bound": 612464832,
        "native_common_owner_host": 42088,
        "original_W_tile_descriptors_host_upper": 252480,
        "original_claim_batch_codec_upper": 928120832,
        "public_padding_host_upper": 55574528,
        "retained_initial_private_host_pads": 3145728,
        "sealed_W_mapping_device": 126464,
        "two_public_table_host_payloads": 47908144
      },
      "phase": "native_linear_W_with_A1_host_prepare",
      "remaining_shared_payload_capacity_bytes": 3357987500
    },
    {
      "is_complete_phase_peak": false,
      "lifetime": "Both batches; packet and device copy coexist until upload fence.",
      "named_allocation_subtotal_bytes": 2857938604,
      "named_subtotal_exceeds_payload": false,
      "parts": {
        "device_persistent_or_single_replay_envelope": 785789696,
        "full_calibration_table_serialization_difference_upper": 921596,
        "initial_W_and_A_root_offset_caches": 113246144,
        "linear_device_packet_output_flag": 461405952,
        "linear_host_packet_payload": 461404952,
        "native_common_owner_host": 42088,
        "original_W_tile_descriptors_host_upper": 252480,
        "original_claim_batch_codec_upper": 928120832,
        "public_padding_host_upper": 55574528,
        "retained_initial_private_host_pads": 3145728,
        "sealed_W_mapping_device": 126464,
        "two_public_table_host_payloads": 47908144
      },
      "phase": "native_linear_W_with_A1_upload",
      "remaining_shared_payload_capacity_bytes": 3047641428
    },
    {
      "is_complete_phase_peak": false,
      "lifetime": "Host packet retired before exactly35 W scans; both original batches remain live through closeW.",
      "named_allocation_subtotal_bytes": 2396533652,
      "named_subtotal_exceeds_payload": false,
      "parts": {
        "device_persistent_or_single_replay_envelope": 785789696,
        "full_calibration_table_serialization_difference_upper": 921596,
        "initial_W_and_A_root_offset_caches": 113246144,
        "linear_device_packet_output_flag": 461405952,
        "native_common_owner_host": 42088,
        "original_W_tile_descriptors_host_upper": 252480,
        "original_claim_batch_codec_upper": 928120832,
        "public_padding_host_upper": 55574528,
        "retained_initial_private_host_pads": 3145728,
        "sealed_W_mapping_device": 126464,
        "two_public_table_host_payloads": 47908144
      },
      "phase": "native_linear_W_with_A1_scan",
      "remaining_shared_payload_capacity_bytes": 3509046380
    },
    {
      "is_complete_phase_peak": false,
      "lifetime": "Prescan scratch/device offsets retire before ring/frontier allocation. Current cursor/meta stay for hashing. The current cache is conservatively charged before its top digests are constructed.",
      "named_allocation_subtotal_bytes": 2100885876,
      "named_subtotal_exceeds_payload": false,
      "parts": {
        "device_persistent_or_single_replay_envelope": 785789696,
        "extension_previous_and_current_host_pads": 49152,
        "extension_previous_and_current_root_offset_caches": 18874336,
        "full_calibration_table_serialization_difference_upper": 921596,
        "initial_W_and_A_root_offset_caches": 113246144,
        "native_common_owner_host": 42088,
        "original_W_tile_descriptors_host_upper": 252480,
        "original_claim_batch_codec_upper": 928120832,
        "public_padding_host_upper": 55574528,
        "retained_initial_private_host_pads": 3145728,
        "retained_predecessor": 0,
        "salt_current_device": 67108864,
        "salt_current_host": 67108864,
        "salt_meta": 256,
        "salt_prescan_scratch": 10519552,
        "salt_subtree_offsets_device": 2097152,
        "sealed_W_mapping_device": 126464,
        "two_public_table_host_payloads": 47908144
      },
      "phase": "native_E_D35_A1_S1_salt_prescan",
      "remaining_shared_payload_capacity_bytes": 3804694156
    },
    {
      "is_complete_phase_peak": false,
      "lifetime": "All stages use R=min(CPU R,H/2), paired cosets. One scratch/twiddle for24 serial base columns. A S1 remains original; later stages read retained planes. No extra A reconstruction.",
      "named_allocation_subtotal_bytes": 5580185044,
      "named_subtotal_exceeds_payload": false,
      "parts": {
        "E_EQ_packet_host_upper": 6240,
        "E_EQ_shape_chunks_tables_pads": 52736,
        "E_forward_twiddles": 67108864,
        "E_frontier_group2": 1610612736,
        "E_high_powers": 256,
        "E_low_powers": 134217728,
        "E_original_to_C_pad_marshalling_host_upper": 98304,
        "E_reused_salt_band": 2097152,
        "E_ring24R": 1610612736,
        "E_salt_current_device": 67108864,
        "E_salt_current_host": 67108864,
        "E_salt_meta": 256,
        "E_sticky_flag": 256,
        "E_transpose_scratch": 67108864,
        "device_persistent_or_single_replay_envelope": 785789696,
        "extension_previous_and_current_host_pads": 49152,
        "extension_previous_and_current_root_offset_caches": 18874336,
        "full_calibration_table_serialization_difference_upper": 921596,
        "initial_W_and_A_root_offset_caches": 113246144,
        "native_common_owner_host": 42088,
        "original_W_tile_descriptors_host_upper": 252480,
        "original_claim_batch_codec_upper": 928120832,
        "public_padding_host_upper": 55574528,
        "retained_initial_private_host_pads": 3145728,
        "retained_predecessor": 0,
        "sealed_W_mapping_device": 126464,
        "two_public_table_host_payloads": 47908144
      },
      "phase": "native_E_D35_A1_S1_FFT",
      "remaining_shared_payload_capacity_bytes": 325394988
    },
    {
      "is_complete_phase_peak": false,
      "lifetime": "EQ/pad device packet and powers/FFT auxiliaries retire before hash. Two lanes publish R paired roots; the ring retires before further node outputs, preserving original salts and order.",
      "named_allocation_subtotal_bytes": 5580125812,
      "named_subtotal_exceeds_payload": false,
      "parts": {
        "E_frontier_group2": 1610612736,
        "E_hash_flag": 256,
        "E_original_to_C_pad_marshalling_host_upper": 98304,
        "E_paired_hash_states_R": 268435456,
        "E_ring24R": 1610612736,
        "E_salt_band": 2097152,
        "E_salt_current_device": 67108864,
        "E_salt_current_host": 67108864,
        "E_salt_meta": 256,
        "device_persistent_or_single_replay_envelope": 785789696,
        "extension_previous_and_current_host_pads": 49152,
        "extension_previous_and_current_root_offset_caches": 18874336,
        "full_calibration_table_serialization_difference_upper": 921596,
        "initial_W_and_A_root_offset_caches": 113246144,
        "native_common_owner_host": 42088,
        "original_W_tile_descriptors_host_upper": 252480,
        "original_claim_batch_codec_upper": 928120832,
        "public_padding_host_upper": 55574528,
        "retained_initial_private_host_pads": 3145728,
        "retained_predecessor": 0,
        "sealed_W_mapping_device": 126464,
        "two_public_table_host_payloads": 47908144
      },
      "phase": "native_E_D35_A1_S1_hash",
      "remaining_shared_payload_capacity_bytes": 325454220
    },
    {
      "is_complete_phase_peak": false,
      "lifetime": "Upper of final reductions after ring/salt retirement; top cache is already conservatively charged.",
      "named_allocation_subtotal_bytes": 4034524276,
      "named_subtotal_exceeds_payload": false,
      "parts": {
        "E_frontier_group2": 1610612736,
        "E_pad_marshalling_host_upper": 98304,
        "E_roots_and_next_node_output": 402653184,
        "E_salt_current_host": 67108864,
        "device_persistent_or_single_replay_envelope": 785789696,
        "extension_previous_and_current_host_pads": 49152,
        "extension_previous_and_current_root_offset_caches": 18874336,
        "full_calibration_table_serialization_difference_upper": 921596,
        "initial_W_and_A_root_offset_caches": 113246144,
        "native_common_owner_host": 42088,
        "original_W_tile_descriptors_host_upper": 252480,
        "original_claim_batch_codec_upper": 928120832,
        "public_padding_host_upper": 55574528,
        "retained_initial_private_host_pads": 3145728,
        "retained_predecessor": 0,
        "sealed_W_mapping_device": 126464,
        "two_public_table_host_payloads": 47908144
      },
      "phase": "native_E_D35_A1_S1_nodes",
      "remaining_shared_payload_capacity_bytes": 1871055756
    },
    {
      "is_complete_phase_peak": false,
      "lifetime": "Original W query stays CPU. This is an explicit unaccelerated path, with no new W retention.",
      "named_allocation_subtotal_bytes": 4000871540,
      "named_subtotal_exceeds_payload": false,
      "parts": {
        "device_persistent_or_single_replay_envelope": 785789696,
        "extension_previous_and_current_host_pads": 49152,
        "extension_previous_and_current_root_offset_caches": 18874336,
        "full_calibration_table_serialization_difference_upper": 921596,
        "initial_W_and_A_root_offset_caches": 113246144,
        "native_common_owner_host": 42088,
        "original_W_tile_descriptors_host_upper": 252480,
        "original_claim_batch_codec_upper": 928120832,
        "public_padding_host_upper": 55574528,
        "query_factors": 704643072,
        "query_matrix": 1073741824,
        "query_transients_and_twiddles_upper": 268435456,
        "retained_initial_private_host_pads": 3145728,
        "retained_predecessor": 0,
        "sealed_W_mapping_device": 126464,
        "two_public_table_host_payloads": 47908144
      },
      "phase": "native_E_D35_A1_S1_initial_W_CPU_query_gap",
      "remaining_shared_payload_capacity_bytes": 1904708492
    },
    {
      "is_complete_phase_peak": false,
      "lifetime": "Prescan scratch/device offsets retire before ring/frontier allocation. Current cursor/meta stay for hashing. The current cache is conservatively charged before its top digests are constructed.",
      "named_allocation_subtotal_bytes": 2003417428,
      "named_subtotal_exceeds_payload": false,
      "parts": {
        "device_persistent_or_single_replay_envelope": 785789696,
        "extension_previous_and_current_host_pads": 98304,
        "extension_previous_and_current_root_offset_caches": 23592896,
        "full_calibration_table_serialization_difference_upper": 921596,
        "initial_W_and_A_root_offset_caches": 113246144,
        "native_common_owner_host": 42088,
        "original_W_tile_descriptors_host_upper": 252480,
        "original_claim_batch_codec_upper": 928120832,
        "public_padding_host_upper": 55574528,
        "retained_initial_private_host_pads": 3145728,
        "retained_predecessor": 0,
        "salt_current_device": 16777216,
        "salt_current_host": 16777216,
        "salt_meta": 256,
        "salt_prescan_scratch": 10519552,
        "salt_subtree_offsets_device": 524288,
        "sealed_W_mapping_device": 126464,
        "two_public_table_host_payloads": 47908144
      },
      "phase": "native_E_D35_A1_S2_salt_prescan",
      "remaining_shared_payload_capacity_bytes": 3902162604
    },
    {
      "is_complete_phase_peak": false,
      "lifetime": "All stages use R=min(CPU R,H/2), paired cosets. One scratch/twiddle for24 serial base columns. A S1 remains original; later stages read retained planes. No extra A reconstruction.",
      "named_allocation_subtotal_bytes": 2867053348,
      "named_subtotal_exceeds_payload": false,
      "parts": {
        "E_EQ_packet_host_upper": 12496,
        "E_EQ_shape_chunks_tables_pads": 56064,
        "E_forward_twiddles": 16777216,
        "E_frontier_group2": 402653184,
        "E_high_powers": 256,
        "E_low_powers": 33554432,
        "E_original_to_C_pad_marshalling_host_upper": 98304,
        "E_reused_salt_band": 2097152,
        "E_ring24R": 402653184,
        "E_salt_current_device": 16777216,
        "E_salt_current_host": 16777216,
        "E_salt_meta": 256,
        "E_sticky_flag": 256,
        "E_transpose_scratch": 16777216,
        "device_persistent_or_single_replay_envelope": 785789696,
        "extension_previous_and_current_host_pads": 98304,
        "extension_previous_and_current_root_offset_caches": 23592896,
        "full_calibration_table_serialization_difference_upper": 921596,
        "initial_W_and_A_root_offset_caches": 113246144,
        "native_common_owner_host": 42088,
        "original_W_tile_descriptors_host_upper": 252480,
        "original_claim_batch_codec_upper": 928120832,
        "public_padding_host_upper": 55574528,
        "retained_initial_private_host_pads": 3145728,
        "retained_predecessor": 0,
        "sealed_W_mapping_device": 126464,
        "two_public_table_host_payloads": 47908144
      },
      "phase": "native_E_D35_A1_S2_FFT",
      "remaining_shared_payload_capacity_bytes": 3038526684
    },
    {
      "is_complete_phase_peak": false,
      "lifetime": "EQ/pad device packet and powers/FFT auxiliaries retire before hash. Two lanes publish R paired roots; the ring retires before further node outputs, preserving original salts and order.",
      "named_allocation_subtotal_bytes": 2866984532,
      "named_subtotal_exceeds_payload": false,
      "parts": {
        "E_frontier_group2": 402653184,
        "E_hash_flag": 256,
        "E_original_to_C_pad_marshalling_host_upper": 98304,
        "E_paired_hash_states_R": 67108864,
        "E_ring24R": 402653184,
        "E_salt_band": 2097152,
        "E_salt_current_device": 16777216,
        "E_salt_current_host": 16777216,
        "E_salt_meta": 256,
        "device_persistent_or_single_replay_envelope": 785789696,
        "extension_previous_and_current_host_pads": 98304,
        "extension_previous_and_current_root_offset_caches": 23592896,
        "full_calibration_table_serialization_difference_upper": 921596,
        "initial_W_and_A_root_offset_caches": 113246144,
        "native_common_owner_host": 42088,
        "original_W_tile_descriptors_host_upper": 252480,
        "original_claim_batch_codec_upper": 928120832,
        "public_padding_host_upper": 55574528,
        "retained_initial_private_host_pads": 3145728,
        "retained_predecessor": 0,
        "sealed_W_mapping_device": 126464,
        "two_public_table_host_payloads": 47908144
      },
      "phase": "native_E_D35_A1_S2_hash",
      "remaining_shared_payload_capacity_bytes": 3038595500
    },
    {
      "is_complete_phase_peak": false,
      "lifetime": "Upper of final reductions after ring/salt retirement; top cache is already conservatively charged.",
      "named_allocation_subtotal_bytes": 2479010900,
      "named_subtotal_exceeds_payload": false,
      "parts": {
        "E_frontier_group2": 402653184,
        "E_pad_marshalling_host_upper": 98304,
        "E_roots_and_next_node_output": 100663296,
        "E_salt_current_host": 16777216,
        "device_persistent_or_single_replay_envelope": 785789696,
        "extension_previous_and_current_host_pads": 98304,
        "extension_previous_and_current_root_offset_caches": 23592896,
        "full_calibration_table_serialization_difference_upper": 921596,
        "initial_W_and_A_root_offset_caches": 113246144,
        "native_common_owner_host": 42088,
        "original_W_tile_descriptors_host_upper": 252480,
        "original_claim_batch_codec_upper": 928120832,
        "public_padding_host_upper": 55574528,
        "retained_initial_private_host_pads": 3145728,
        "retained_predecessor": 0,
        "sealed_W_mapping_device": 126464,
        "two_public_table_host_payloads": 47908144
      },
      "phase": "native_E_D35_A1_S2_nodes",
      "remaining_shared_payload_capacity_bytes": 3426569132
    },
    {
      "is_complete_phase_peak": false,
      "lifetime": "One source loader for all3 limbs;4 remainder buffers, no original getter/D2H. 96q matrix+24q Rust column+24q C staging overlap until canonical check/free/publication. Both adjacent caches and predecessor planes stay alive through opening/release.",
      "named_allocation_subtotal_bytes": 2973999540,
      "named_subtotal_exceeds_payload": false,
      "parts": {
        "E_C_staged_column_host": 25165824,
        "E_Rust_EQ_packet_host_upper": 6240,
        "E_Rust_column_host": 25165824,
        "E_Rust_pad_marshalling_host_upper": 98304,
        "E_forward_inverse_twiddles": 67110400,
        "E_four_remainders": 33554432,
        "E_private_shape_EQ_and_pads": 52736,
        "E_private_sticky_flag": 256,
        "E_private_three_limb_low": 25165824,
        "E_public_factor_spectra": 704643072,
        "E_returned_matrix_host": 100663296,
        "E_work_and_scratch": 33554432,
        "device_persistent_or_single_replay_envelope": 785789696,
        "extension_previous_and_current_host_pads": 98304,
        "extension_previous_and_current_root_offset_caches": 23592896,
        "full_calibration_table_serialization_difference_upper": 921596,
        "initial_W_and_A_root_offset_caches": 113246144,
        "native_common_owner_host": 42088,
        "original_W_tile_descriptors_host_upper": 252480,
        "original_claim_batch_codec_upper": 928120832,
        "public_padding_host_upper": 55574528,
        "retained_initial_private_host_pads": 3145728,
        "retained_predecessor": 0,
        "sealed_W_mapping_device": 126464,
        "two_public_table_host_payloads": 47908144
      },
      "phase": "native_E_D35_A1_S2_predecessor_E_query_publication",
      "remaining_shared_payload_capacity_bytes": 2931580492
    },
    {
      "is_complete_phase_peak": false,
      "lifetime": "CPU query_tree_with/DFT construction is a preceding lifetime; matrix/private low/work not allocated yet. Reverse/inverse-series/multiply/DFT caches and Vec growth remain explicitly unquantified additional classes.",
      "named_allocation_subtotal_bytes": 2806069844,
      "named_subtotal_exceeds_payload": false,
      "parts": {
        "E_forward_inverse_twiddles": 67110400,
        "E_public_factor_spectra": 704643072,
        "current_inverse_modulus_spectra": 33554432,
        "current_polynomial_level_upper": 16777216,
        "device_persistent_or_single_replay_envelope": 785789696,
        "extension_previous_and_current_host_pads": 98304,
        "extension_previous_and_current_root_offset_caches": 23592896,
        "full_calibration_table_serialization_difference_upper": 921596,
        "initial_W_and_A_root_offset_caches": 113246144,
        "native_common_owner_host": 42088,
        "one_upload_conversion": 16777216,
        "original_W_tile_descriptors_host_upper": 252480,
        "original_claim_batch_codec_upper": 928120832,
        "public_padding_host_upper": 55574528,
        "public_points": 8388608,
        "retained_initial_private_host_pads": 3145728,
        "retained_predecessor": 0,
        "sealed_W_mapping_device": 126464,
        "two_public_table_host_payloads": 47908144
      },
      "phase": "native_E_D35_A1_S2_predecessor_E_public_factor_construction",
      "remaining_shared_payload_capacity_bytes": 3099510188
    },
    {
      "is_complete_phase_peak": false,
      "lifetime": "Prescan scratch/device offsets retire before ring/frontier allocation. Current cursor/meta stay for hashing. The current cache is conservatively charged before its top digests are constructed.",
      "named_allocation_subtotal_bytes": 2085992788,
      "named_subtotal_exceeds_payload": false,
      "parts": {
        "device_persistent_or_single_replay_envelope": 785789696,
        "extension_previous_and_current_host_pads": 98304,
        "extension_previous_and_current_root_offset_caches": 5898176,
        "full_calibration_table_serialization_difference_upper": 921596,
        "initial_W_and_A_root_offset_caches": 113246144,
        "native_common_owner_host": 42088,
        "original_W_tile_descriptors_host_upper": 252480,
        "original_claim_batch_codec_upper": 928120832,
        "public_padding_host_upper": 55574528,
        "retained_initial_private_host_pads": 3145728,
        "retained_predecessor": 0,
        "salt_current_device": 67108864,
        "salt_current_host": 67108864,
        "salt_meta": 256,
        "salt_prescan_scratch": 10519552,
        "salt_subtree_offsets_device": 131072,
        "sealed_W_mapping_device": 126464,
        "two_public_table_host_payloads": 47908144
      },
      "phase": "native_E_D35_A1_S3_salt_prescan",
      "remaining_shared_payload_capacity_bytes": 3819587244
    },
    {
      "is_complete_phase_peak": false,
      "lifetime": "All stages use R=min(CPU R,H/2), paired cosets. One scratch/twiddle for24 serial base columns. A S1 remains original; later stages read retained planes. No extra A reconstruction.",
      "named_allocation_subtotal_bytes": 4493526084,
      "named_subtotal_exceeds_payload": false,
      "parts": {
        "E_EQ_packet_host_upper": 12784,
        "E_EQ_shape_chunks_tables_pads": 56064,
        "E_forward_twiddles": 67108864,
        "E_frontier_group2": 536870912,
        "E_high_powers": 256,
        "E_low_powers": 134217728,
        "E_original_to_C_pad_marshalling_host_upper": 98304,
        "E_reused_salt_band": 2097152,
        "E_ring24R": 1610612736,
        "E_salt_current_device": 67108864,
        "E_salt_current_host": 67108864,
        "E_salt_meta": 256,
        "E_sticky_flag": 256,
        "E_transpose_scratch": 67108864,
        "device_persistent_or_single_replay_envelope": 785789696,
        "extension_previous_and_current_host_pads": 98304,
        "extension_previous_and_current_root_offset_caches": 5898176,
        "full_calibration_table_serialization_difference_upper": 921596,
        "initial_W_and_A_root_offset_caches": 113246144,
        "native_common_owner_host": 42088,
        "original_W_tile_descriptors_host_upper": 252480,
        "original_claim_batch_codec_upper": 928120832,
        "public_padding_host_upper": 55574528,
        "retained_initial_private_host_pads": 3145728,
        "retained_predecessor": 0,
        "sealed_W_mapping_device": 126464,
        "two_public_table_host_payloads": 47908144
      },
      "phase": "native_E_D35_A1_S3_FFT",
      "remaining_shared_payload_capacity_bytes": 1412053948
    },
    {
      "is_complete_phase_peak": false,
      "lifetime": "EQ/pad device packet and powers/FFT auxiliaries retire before hash. Two lanes publish R paired roots; the ring retires before further node outputs, preserving original salts and order.",
      "named_allocation_subtotal_bytes": 4493456980,
      "named_subtotal_exceeds_payload": false,
      "parts": {
        "E_frontier_group2": 536870912,
        "E_hash_flag": 256,
        "E_original_to_C_pad_marshalling_host_upper": 98304,
        "E_paired_hash_states_R": 268435456,
        "E_ring24R": 1610612736,
        "E_salt_band": 2097152,
        "E_salt_current_device": 67108864,
        "E_salt_current_host": 67108864,
        "E_salt_meta": 256,
        "device_persistent_or_single_replay_envelope": 785789696,
        "extension_previous_and_current_host_pads": 98304,
        "extension_previous_and_current_root_offset_caches": 5898176,
        "full_calibration_table_serialization_difference_upper": 921596,
        "initial_W_and_A_root_offset_caches": 113246144,
        "native_common_owner_host": 42088,
        "original_W_tile_descriptors_host_upper": 252480,
        "original_claim_batch_codec_upper": 928120832,
        "public_padding_host_upper": 55574528,
        "retained_initial_private_host_pads": 3145728,
        "retained_predecessor": 0,
        "sealed_W_mapping_device": 126464,
        "two_public_table_host_payloads": 47908144
      },
      "phase": "native_E_D35_A1_S3_hash",
      "remaining_shared_payload_capacity_bytes": 1412123052
    },
    {
      "is_complete_phase_peak": false,
      "lifetime": "Upper of final reductions after ring/salt retirement; top cache is already conservatively charged.",
      "named_allocation_subtotal_bytes": 2947855444,
      "named_subtotal_exceeds_payload": false,
      "parts": {
        "E_frontier_group2": 536870912,
        "E_pad_marshalling_host_upper": 98304,
        "E_roots_and_next_node_output": 402653184,
        "E_salt_current_host": 67108864,
        "device_persistent_or_single_replay_envelope": 785789696,
        "extension_previous_and_current_host_pads": 98304,
        "extension_previous_and_current_root_offset_caches": 5898176,
        "full_calibration_table_serialization_difference_upper": 921596,
        "initial_W_and_A_root_offset_caches": 113246144,
        "native_common_owner_host": 42088,
        "original_W_tile_descriptors_host_upper": 252480,
        "original_claim_batch_codec_upper": 928120832,
        "public_padding_host_upper": 55574528,
        "retained_initial_private_host_pads": 3145728,
        "retained_predecessor": 0,
        "sealed_W_mapping_device": 126464,
        "two_public_table_host_payloads": 47908144
      },
      "phase": "native_E_D35_A1_S3_nodes",
      "remaining_shared_payload_capacity_bytes": 2957724588
    },
    {
      "is_complete_phase_peak": false,
      "lifetime": "One source loader for all3 limbs;4 remainder buffers, no original getter/D2H. 96q matrix+24q Rust column+24q C staging overlap until canonical check/free/publication. Both adjacent caches and predecessor planes stay alive through opening/release.",
      "named_allocation_subtotal_bytes": 2956314404,
      "named_subtotal_exceeds_payload": false,
      "parts": {
        "E_C_staged_column_host": 25165824,
        "E_Rust_EQ_packet_host_upper": 12496,
        "E_Rust_column_host": 25165824,
        "E_Rust_pad_marshalling_host_upper": 98304,
        "E_forward_inverse_twiddles": 67110400,
        "E_four_remainders": 33554432,
        "E_private_shape_EQ_and_pads": 56064,
        "E_private_sticky_flag": 256,
        "E_private_three_limb_low": 25165824,
        "E_public_factor_spectra": 704643072,
        "E_returned_matrix_host": 100663296,
        "E_work_and_scratch": 33554432,
        "device_persistent_or_single_replay_envelope": 785789696,
        "extension_previous_and_current_host_pads": 98304,
        "extension_previous_and_current_root_offset_caches": 5898176,
        "full_calibration_table_serialization_difference_upper": 921596,
        "initial_W_and_A_root_offset_caches": 113246144,
        "native_common_owner_host": 42088,
        "original_W_tile_descriptors_host_upper": 252480,
        "original_claim_batch_codec_upper": 928120832,
        "public_padding_host_upper": 55574528,
        "retained_initial_private_host_pads": 3145728,
        "retained_predecessor": 0,
        "sealed_W_mapping_device": 126464,
        "two_public_table_host_payloads": 47908144
      },
      "phase": "native_E_D35_A1_S3_predecessor_E_query_publication",
      "remaining_shared_payload_capacity_bytes": 2949265628
    },
    {
      "is_complete_phase_peak": false,
      "lifetime": "CPU query_tree_with/DFT construction is a preceding lifetime; matrix/private low/work not allocated yet. Reverse/inverse-series/multiply/DFT caches and Vec growth remain explicitly unquantified additional classes.",
      "named_allocation_subtotal_bytes": 2788375124,
      "named_subtotal_exceeds_payload": false,
      "parts": {
        "E_forward_inverse_twiddles": 67110400,
        "E_public_factor_spectra": 704643072,
        "current_inverse_modulus_spectra": 33554432,
        "current_polynomial_level_upper": 16777216,
        "device_persistent_or_single_replay_envelope": 785789696,
        "extension_previous_and_current_host_pads": 98304,
        "extension_previous_and_current_root_offset_caches": 5898176,
        "full_calibration_table_serialization_difference_upper": 921596,
        "initial_W_and_A_root_offset_caches": 113246144,
        "native_common_owner_host": 42088,
        "one_upload_conversion": 16777216,
        "original_W_tile_descriptors_host_upper": 252480,
        "original_claim_batch_codec_upper": 928120832,
        "public_padding_host_upper": 55574528,
        "public_points": 8388608,
        "retained_initial_private_host_pads": 3145728,
        "retained_predecessor": 0,
        "sealed_W_mapping_device": 126464,
        "two_public_table_host_payloads": 47908144
      },
      "phase": "native_E_D35_A1_S3_predecessor_E_public_factor_construction",
      "remaining_shared_payload_capacity_bytes": 3117204908
    },
    {
      "is_complete_phase_peak": false,
      "lifetime": "Prescan scratch/device offsets retire before ring/frontier allocation. Current cursor/meta stay for hashing. The current cache is conservatively charged before its top digests are constructed.",
      "named_allocation_subtotal_bytes": 2081470804,
      "named_subtotal_exceeds_payload": false,
      "parts": {
        "device_persistent_or_single_replay_envelope": 785789696,
        "extension_previous_and_current_host_pads": 98304,
        "extension_previous_and_current_root_offset_caches": 1474496,
        "full_calibration_table_serialization_difference_upper": 921596,
        "initial_W_and_A_root_offset_caches": 113246144,
        "native_common_owner_host": 42088,
        "original_W_tile_descriptors_host_upper": 252480,
        "original_claim_batch_codec_upper": 928120832,
        "public_padding_host_upper": 55574528,
        "retained_initial_private_host_pads": 3145728,
        "retained_predecessor": 0,
        "salt_current_device": 67108864,
        "salt_current_host": 67108864,
        "salt_meta": 256,
        "salt_prescan_scratch": 10519552,
        "salt_subtree_offsets_device": 32768,
        "sealed_W_mapping_device": 126464,
        "two_public_table_host_payloads": 47908144
      },
      "phase": "native_E_D35_A1_S4_salt_prescan",
      "remaining_shared_payload_capacity_bytes": 3824109228
    },
    {
      "is_complete_phase_peak": false,
      "lifetime": "All stages use R=min(CPU R,H/2), paired cosets. One scratch/twiddle for24 serial base columns. A S1 remains original; later stages read retained planes. No extra A reconstruction.",
      "named_allocation_subtotal_bytes": 3950136004,
      "named_subtotal_exceeds_payload": false,
      "parts": {
        "E_EQ_packet_host_upper": 13936,
        "E_EQ_shape_chunks_tables_pads": 56576,
        "E_forward_twiddles": 67108864,
        "E_frontier_group2": 0,
        "E_high_powers": 256,
        "E_low_powers": 134217728,
        "E_original_to_C_pad_marshalling_host_upper": 98304,
        "E_reused_salt_band": 0,
        "E_ring24R": 1610612736,
        "E_salt_current_device": 67108864,
        "E_salt_current_host": 67108864,
        "E_salt_meta": 256,
        "E_sticky_flag": 256,
        "E_transpose_scratch": 67108864,
        "device_persistent_or_single_replay_envelope": 785789696,
        "extension_previous_and_current_host_pads": 98304,
        "extension_previous_and_current_root_offset_caches": 1474496,
        "full_calibration_table_serialization_difference_upper": 921596,
        "initial_W_and_A_root_offset_caches": 113246144,
        "native_common_owner_host": 42088,
        "original_W_tile_descriptors_host_upper": 252480,
        "original_claim_batch_codec_upper": 928120832,
        "public_padding_host_upper": 55574528,
        "retained_initial_private_host_pads": 3145728,
        "retained_predecessor": 0,
        "sealed_W_mapping_device": 126464,
        "two_public_table_host_payloads": 47908144
      },
      "phase": "native_E_D35_A1_S4_FFT",
      "remaining_shared_payload_capacity_bytes": 1955444028
    },
    {
      "is_complete_phase_peak": false,
      "lifetime": "EQ/pad device packet and powers/FFT auxiliaries retire before hash. Two lanes publish R paired roots; the ring retires before further node outputs, preserving original salts and order.",
      "named_allocation_subtotal_bytes": 3952162388,
      "named_subtotal_exceeds_payload": false,
      "parts": {
        "E_frontier_group2": 0,
        "E_hash_flag": 256,
        "E_original_to_C_pad_marshalling_host_upper": 98304,
        "E_paired_hash_states_R": 268435456,
        "E_ring24R": 1610612736,
        "E_salt_band": 2097152,
        "E_salt_current_device": 67108864,
        "E_salt_current_host": 67108864,
        "E_salt_meta": 256,
        "device_persistent_or_single_replay_envelope": 785789696,
        "extension_previous_and_current_host_pads": 98304,
        "extension_previous_and_current_root_offset_caches": 1474496,
        "full_calibration_table_serialization_difference_upper": 921596,
        "initial_W_and_A_root_offset_caches": 113246144,
        "native_common_owner_host": 42088,
        "original_W_tile_descriptors_host_upper": 252480,
        "original_claim_batch_codec_upper": 928120832,
        "public_padding_host_upper": 55574528,
        "retained_initial_private_host_pads": 3145728,
        "retained_predecessor": 0,
        "sealed_W_mapping_device": 126464,
        "two_public_table_host_payloads": 47908144
      },
      "phase": "native_E_D35_A1_S4_hash",
      "remaining_shared_payload_capacity_bytes": 1953417644
    },
    {
      "is_complete_phase_peak": false,
      "lifetime": "Upper of final reductions after ring/salt retirement; top cache is already conservatively charged.",
      "named_allocation_subtotal_bytes": 2406560852,
      "named_subtotal_exceeds_payload": false,
      "parts": {
        "E_frontier_group2": 0,
        "E_pad_marshalling_host_upper": 98304,
        "E_roots_and_next_node_output": 402653184,
        "E_salt_current_host": 67108864,
        "device_persistent_or_single_replay_envelope": 785789696,
        "extension_previous_and_current_host_pads": 98304,
        "extension_previous_and_current_root_offset_caches": 1474496,
        "full_calibration_table_serialization_difference_upper": 921596,
        "initial_W_and_A_root_offset_caches": 113246144,
        "native_common_owner_host": 42088,
        "original_W_tile_descriptors_host_upper": 252480,
        "original_claim_batch_codec_upper": 928120832,
        "public_padding_host_upper": 55574528,
        "retained_initial_private_host_pads": 3145728,
        "retained_predecessor": 0,
        "sealed_W_mapping_device": 126464,
        "two_public_table_host_payloads": 47908144
      },
      "phase": "native_E_D35_A1_S4_nodes",
      "remaining_shared_payload_capacity_bytes": 3499019180
    },
    {
      "is_complete_phase_peak": false,
      "lifetime": "One source loader for all3 limbs;4 remainder buffers, no original getter/D2H. 96q matrix+24q Rust column+24q C staging overlap until canonical check/free/publication. Both adjacent caches and predecessor planes stay alive through opening/release.",
      "named_allocation_subtotal_bytes": 2951891012,
      "named_subtotal_exceeds_payload": false,
      "parts": {
        "E_C_staged_column_host": 25165824,
        "E_Rust_EQ_packet_host_upper": 12784,
        "E_Rust_column_host": 25165824,
        "E_Rust_pad_marshalling_host_upper": 98304,
        "E_forward_inverse_twiddles": 67110400,
        "E_four_remainders": 33554432,
        "E_private_shape_EQ_and_pads": 56064,
        "E_private_sticky_flag": 256,
        "E_private_three_limb_low": 25165824,
        "E_public_factor_spectra": 704643072,
        "E_returned_matrix_host": 100663296,
        "E_work_and_scratch": 33554432,
        "device_persistent_or_single_replay_envelope": 785789696,
        "extension_previous_and_current_host_pads": 98304,
        "extension_previous_and_current_root_offset_caches": 1474496,
        "full_calibration_table_serialization_difference_upper": 921596,
        "initial_W_and_A_root_offset_caches": 113246144,
        "native_common_owner_host": 42088,
        "original_W_tile_descriptors_host_upper": 252480,
        "original_claim_batch_codec_upper": 928120832,
        "public_padding_host_upper": 55574528,
        "retained_initial_private_host_pads": 3145728,
        "retained_predecessor": 0,
        "sealed_W_mapping_device": 126464,
        "two_public_table_host_payloads": 47908144
      },
      "phase": "native_E_D35_A1_S4_predecessor_E_query_publication",
      "remaining_shared_payload_capacity_bytes": 2953689020
    },
    {
      "is_complete_phase_peak": false,
      "lifetime": "CPU query_tree_with/DFT construction is a preceding lifetime; matrix/private low/work not allocated yet. Reverse/inverse-series/multiply/DFT caches and Vec growth remain explicitly unquantified additional classes.",
      "named_allocation_subtotal_bytes": 2783951444,
      "named_subtotal_exceeds_payload": false,
      "parts": {
        "E_forward_inverse_twiddles": 67110400,
        "E_public_factor_spectra": 704643072,
        "current_inverse_modulus_spectra": 33554432,
        "current_polynomial_level_upper": 16777216,
        "device_persistent_or_single_replay_envelope": 785789696,
        "extension_previous_and_current_host_pads": 98304,
        "extension_previous_and_current_root_offset_caches": 1474496,
        "full_calibration_table_serialization_difference_upper": 921596,
        "initial_W_and_A_root_offset_caches": 113246144,
        "native_common_owner_host": 42088,
        "one_upload_conversion": 16777216,
        "original_W_tile_descriptors_host_upper": 252480,
        "original_claim_batch_codec_upper": 928120832,
        "public_padding_host_upper": 55574528,
        "public_points": 8388608,
        "retained_initial_private_host_pads": 3145728,
        "retained_predecessor": 0,
        "sealed_W_mapping_device": 126464,
        "two_public_table_host_payloads": 47908144
      },
      "phase": "native_E_D35_A1_S4_predecessor_E_public_factor_construction",
      "remaining_shared_payload_capacity_bytes": 3121628588
    },
    {
      "is_complete_phase_peak": false,
      "lifetime": "Prescan scratch/device offsets retire before ring/frontier allocation. Current cursor/meta stay for hashing. The current cache is conservatively charged before its top digests are constructed.",
      "named_allocation_subtotal_bytes": 1979677012,
      "named_subtotal_exceeds_payload": false,
      "parts": {
        "device_persistent_or_single_replay_envelope": 785789696,
        "extension_previous_and_current_host_pads": 98304,
        "extension_previous_and_current_root_offset_caches": 368576,
        "full_calibration_table_serialization_difference_upper": 921596,
        "initial_W_and_A_root_offset_caches": 113246144,
        "native_common_owner_host": 42088,
        "original_W_tile_descriptors_host_upper": 252480,
        "original_claim_batch_codec_upper": 928120832,
        "public_padding_host_upper": 55574528,
        "retained_initial_private_host_pads": 3145728,
        "retained_predecessor": 0,
        "salt_current_device": 16777216,
        "salt_current_host": 16777216,
        "salt_meta": 256,
        "salt_prescan_scratch": 10519552,
        "salt_subtree_offsets_device": 8192,
        "sealed_W_mapping_device": 126464,
        "two_public_table_host_payloads": 47908144
      },
      "phase": "native_E_D35_A1_S5_salt_prescan",
      "remaining_shared_payload_capacity_bytes": 3925903020
    },
    {
      "is_complete_phase_peak": false,
      "lifetime": "All stages use R=min(CPU R,H/2), paired cosets. One scratch/twiddle for24 serial base columns. A S1 remains original; later stages read retained planes. No extra A reconstruction.",
      "named_allocation_subtotal_bytes": 2439087556,
      "named_subtotal_exceeds_payload": false,
      "parts": {
        "E_EQ_packet_host_upper": 18544,
        "E_EQ_shape_chunks_tables_pads": 58880,
        "E_forward_twiddles": 16777216,
        "E_frontier_group2": 0,
        "E_high_powers": 256,
        "E_low_powers": 33554432,
        "E_original_to_C_pad_marshalling_host_upper": 98304,
        "E_reused_salt_band": 0,
        "E_ring24R": 402653184,
        "E_salt_current_device": 16777216,
        "E_salt_current_host": 16777216,
        "E_salt_meta": 256,
        "E_sticky_flag": 256,
        "E_transpose_scratch": 16777216,
        "device_persistent_or_single_replay_envelope": 785789696,
        "extension_previous_and_current_host_pads": 98304,
        "extension_previous_and_current_root_offset_caches": 368576,
        "full_calibration_table_serialization_difference_upper": 921596,
        "initial_W_and_A_root_offset_caches": 113246144,
        "native_common_owner_host": 42088,
        "original_W_tile_descriptors_host_upper": 252480,
        "original_claim_batch_codec_upper": 928120832,
        "public_padding_host_upper": 55574528,
        "retained_initial_private_host_pads": 3145728,
        "retained_predecessor": 0,
        "sealed_W_mapping_device": 126464,
        "two_public_table_host_payloads": 47908144
      },
      "phase": "native_E_D35_A1_S5_FFT",
      "remaining_shared_payload_capacity_bytes": 3466492476
    },
    {
      "is_complete_phase_peak": false,
      "lifetime": "EQ/pad device packet and powers/FFT auxiliaries retire before hash. Two lanes publish R paired roots; the ring retires before further node outputs, preserving original salts and order.",
      "named_allocation_subtotal_bytes": 2441107028,
      "named_subtotal_exceeds_payload": false,
      "parts": {
        "E_frontier_group2": 0,
        "E_hash_flag": 256,
        "E_original_to_C_pad_marshalling_host_upper": 98304,
        "E_paired_hash_states_R": 67108864,
        "E_ring24R": 402653184,
        "E_salt_band": 2097152,
        "E_salt_current_device": 16777216,
        "E_salt_current_host": 16777216,
        "E_salt_meta": 256,
        "device_persistent_or_single_replay_envelope": 785789696,
        "extension_previous_and_current_host_pads": 98304,
        "extension_previous_and_current_root_offset_caches": 368576,
        "full_calibration_table_serialization_difference_upper": 921596,
        "initial_W_and_A_root_offset_caches": 113246144,
        "native_common_owner_host": 42088,
        "original_W_tile_descriptors_host_upper": 252480,
        "original_claim_batch_codec_upper": 928120832,
        "public_padding_host_upper": 55574528,
        "retained_initial_private_host_pads": 3145728,
        "retained_predecessor": 0,
        "sealed_W_mapping_device": 126464,
        "two_public_table_host_payloads": 47908144
      },
      "phase": "native_E_D35_A1_S5_hash",
      "remaining_shared_payload_capacity_bytes": 3464473004
    },
    {
      "is_complete_phase_peak": false,
      "lifetime": "Upper of final reductions after ring/salt retirement; top cache is already conservatively charged.",
      "named_allocation_subtotal_bytes": 2053133396,
      "named_subtotal_exceeds_payload": false,
      "parts": {
        "E_frontier_group2": 0,
        "E_pad_marshalling_host_upper": 98304,
        "E_roots_and_next_node_output": 100663296,
        "E_salt_current_host": 16777216,
        "device_persistent_or_single_replay_envelope": 785789696,
        "extension_previous_and_current_host_pads": 98304,
        "extension_previous_and_current_root_offset_caches": 368576,
        "full_calibration_table_serialization_difference_upper": 921596,
        "initial_W_and_A_root_offset_caches": 113246144,
        "native_common_owner_host": 42088,
        "original_W_tile_descriptors_host_upper": 252480,
        "original_claim_batch_codec_upper": 928120832,
        "public_padding_host_upper": 55574528,
        "retained_initial_private_host_pads": 3145728,
        "retained_predecessor": 0,
        "sealed_W_mapping_device": 126464,
        "two_public_table_host_payloads": 47908144
      },
      "phase": "native_E_D35_A1_S5_nodes",
      "remaining_shared_payload_capacity_bytes": 3852446636
    },
    {
      "is_complete_phase_peak": false,
      "lifetime": "One source loader for all3 limbs;4 remainder buffers, no original getter/D2H. 96q matrix+24q Rust column+24q C staging overlap until canonical check/free/publication. Both adjacent caches and predecessor planes stay alive through opening/release.",
      "named_allocation_subtotal_bytes": 2950786756,
      "named_subtotal_exceeds_payload": false,
      "parts": {
        "E_C_staged_column_host": 25165824,
        "E_Rust_EQ_packet_host_upper": 13936,
        "E_Rust_column_host": 25165824,
        "E_Rust_pad_marshalling_host_upper": 98304,
        "E_forward_inverse_twiddles": 67110400,
        "E_four_remainders": 33554432,
        "E_private_shape_EQ_and_pads": 56576,
        "E_private_sticky_flag": 256,
        "E_private_three_limb_low": 25165824,
        "E_public_factor_spectra": 704643072,
        "E_returned_matrix_host": 100663296,
        "E_work_and_scratch": 33554432,
        "device_persistent_or_single_replay_envelope": 785789696,
        "extension_previous_and_current_host_pads": 98304,
        "extension_previous_and_current_root_offset_caches": 368576,
        "full_calibration_table_serialization_difference_upper": 921596,
        "initial_W_and_A_root_offset_caches": 113246144,
        "native_common_owner_host": 42088,
        "original_W_tile_descriptors_host_upper": 252480,
        "original_claim_batch_codec_upper": 928120832,
        "public_padding_host_upper": 55574528,
        "retained_initial_private_host_pads": 3145728,
        "retained_predecessor": 0,
        "sealed_W_mapping_device": 126464,
        "two_public_table_host_payloads": 47908144
      },
      "phase": "native_E_D35_A1_S5_predecessor_E_query_publication",
      "remaining_shared_payload_capacity_bytes": 2954793276
    },
    {
      "is_complete_phase_peak": false,
      "lifetime": "CPU query_tree_with/DFT construction is a preceding lifetime; matrix/private low/work not allocated yet. Reverse/inverse-series/multiply/DFT caches and Vec growth remain explicitly unquantified additional classes.",
      "named_allocation_subtotal_bytes": 2782845524,
      "named_subtotal_exceeds_payload": false,
      "parts": {
        "E_forward_inverse_twiddles": 67110400,
        "E_public_factor_spectra": 704643072,
        "current_inverse_modulus_spectra": 33554432,
        "current_polynomial_level_upper": 16777216,
        "device_persistent_or_single_replay_envelope": 785789696,
        "extension_previous_and_current_host_pads": 98304,
        "extension_previous_and_current_root_offset_caches": 368576,
        "full_calibration_table_serialization_difference_upper": 921596,
        "initial_W_and_A_root_offset_caches": 113246144,
        "native_common_owner_host": 42088,
        "one_upload_conversion": 16777216,
        "original_W_tile_descriptors_host_upper": 252480,
        "original_claim_batch_codec_upper": 928120832,
        "public_padding_host_upper": 55574528,
        "public_points": 8388608,
        "retained_initial_private_host_pads": 3145728,
        "retained_predecessor": 0,
        "sealed_W_mapping_device": 126464,
        "two_public_table_host_payloads": 47908144
      },
      "phase": "native_E_D35_A1_S5_predecessor_E_public_factor_construction",
      "remaining_shared_payload_capacity_bytes": 3122734508
    },
    {
      "is_complete_phase_peak": false,
      "lifetime": "Prescan scratch/device offsets retire before ring/frontier allocation. Current cursor/meta stay for hashing. The current cache is conservatively charged before its top digests are constructed.",
      "named_allocation_subtotal_bytes": 1946339668,
      "named_subtotal_exceeds_payload": false,
      "parts": {
        "device_persistent_or_single_replay_envelope": 785789696,
        "extension_previous_and_current_host_pads": 98304,
        "extension_previous_and_current_root_offset_caches": 92096,
        "full_calibration_table_serialization_difference_upper": 921596,
        "initial_W_and_A_root_offset_caches": 113246144,
        "native_common_owner_host": 42088,
        "original_W_tile_descriptors_host_upper": 252480,
        "original_claim_batch_codec_upper": 928120832,
        "public_padding_host_upper": 55574528,
        "retained_initial_private_host_pads": 3145728,
        "retained_predecessor": 0,
        "salt_current_device": 4194304,
        "salt_current_host": 4194304,
        "salt_meta": 256,
        "salt_prescan_scratch": 2630656,
        "salt_subtree_offsets_device": 2048,
        "sealed_W_mapping_device": 126464,
        "two_public_table_host_payloads": 47908144
      },
      "phase": "native_E_D35_A1_S6_salt_prescan",
      "remaining_shared_payload_capacity_bytes": 3959240364
    },
    {
      "is_complete_phase_peak": false,
      "lifetime": "All stages use R=min(CPU R,H/2), paired cosets. One scratch/twiddle for24 serial base columns. A S1 remains original; later stages read retained planes. No extra A reconstruction.",
      "named_allocation_subtotal_bytes": 2061333300,
      "named_subtotal_exceeds_payload": false,
      "parts": {
        "E_EQ_packet_host_upper": 24800,
        "E_EQ_shape_chunks_tables_pads": 62208,
        "E_forward_twiddles": 4194304,
        "E_frontier_group2": 0,
        "E_high_powers": 256,
        "E_low_powers": 8388608,
        "E_original_to_C_pad_marshalling_host_upper": 98304,
        "E_reused_salt_band": 0,
        "E_ring24R": 100663296,
        "E_salt_current_device": 4194304,
        "E_salt_current_host": 4194304,
        "E_salt_meta": 256,
        "E_sticky_flag": 256,
        "E_transpose_scratch": 4194304,
        "device_persistent_or_single_replay_envelope": 785789696,
        "extension_previous_and_current_host_pads": 98304,
        "extension_previous_and_current_root_offset_caches": 92096,
        "full_calibration_table_serialization_difference_upper": 921596,
        "initial_W_and_A_root_offset_caches": 113246144,
        "native_common_owner_host": 42088,
        "original_W_tile_descriptors_host_upper": 252480,
        "original_claim_batch_codec_upper": 928120832,
        "public_padding_host_upper": 55574528,
        "retained_initial_private_host_pads": 3145728,
        "retained_predecessor": 0,
        "sealed_W_mapping_device": 126464,
        "two_public_table_host_payloads": 47908144
      },
      "phase": "native_E_D35_A1_S6_FFT",
      "remaining_shared_payload_capacity_bytes": 3844246732
    },
    {
      "is_complete_phase_peak": false,
      "lifetime": "EQ/pad device packet and powers/FFT auxiliaries retire before hash. Two lanes publish R paired roots; the ring retires before further node outputs, preserving original salts and order.",
      "named_allocation_subtotal_bytes": 2063343188,
      "named_subtotal_exceeds_payload": false,
      "parts": {
        "E_frontier_group2": 0,
        "E_hash_flag": 256,
        "E_original_to_C_pad_marshalling_host_upper": 98304,
        "E_paired_hash_states_R": 16777216,
        "E_ring24R": 100663296,
        "E_salt_band": 2097152,
        "E_salt_current_device": 4194304,
        "E_salt_current_host": 4194304,
        "E_salt_meta": 256,
        "device_persistent_or_single_replay_envelope": 785789696,
        "extension_previous_and_current_host_pads": 98304,
        "extension_previous_and_current_root_offset_caches": 92096,
        "full_calibration_table_serialization_difference_upper": 921596,
        "initial_W_and_A_root_offset_caches": 113246144,
        "native_common_owner_host": 42088,
        "original_W_tile_descriptors_host_upper": 252480,
        "original_claim_batch_codec_upper": 928120832,
        "public_padding_host_upper": 55574528,
        "retained_initial_private_host_pads": 3145728,
        "retained_predecessor": 0,
        "sealed_W_mapping_device": 126464,
        "two_public_table_host_payloads": 47908144
      },
      "phase": "native_E_D35_A1_S6_hash",
      "remaining_shared_payload_capacity_bytes": 3842236844
    },
    {
      "is_complete_phase_peak": false,
      "lifetime": "Upper of final reductions after ring/salt retirement; top cache is already conservatively charged.",
      "named_allocation_subtotal_bytes": 1964776532,
      "named_subtotal_exceeds_payload": false,
      "parts": {
        "E_frontier_group2": 0,
        "E_pad_marshalling_host_upper": 98304,
        "E_roots_and_next_node_output": 25165824,
        "E_salt_current_host": 4194304,
        "device_persistent_or_single_replay_envelope": 785789696,
        "extension_previous_and_current_host_pads": 98304,
        "extension_previous_and_current_root_offset_caches": 92096,
        "full_calibration_table_serialization_difference_upper": 921596,
        "initial_W_and_A_root_offset_caches": 113246144,
        "native_common_owner_host": 42088,
        "original_W_tile_descriptors_host_upper": 252480,
        "original_claim_batch_codec_upper": 928120832,
        "public_padding_host_upper": 55574528,
        "retained_initial_private_host_pads": 3145728,
        "retained_predecessor": 0,
        "sealed_W_mapping_device": 126464,
        "two_public_table_host_payloads": 47908144
      },
      "phase": "native_E_D35_A1_S6_nodes",
      "remaining_shared_payload_capacity_bytes": 3940803500
    },
    {
      "is_complete_phase_peak": false,
      "lifetime": "One source loader for all3 limbs;4 remainder buffers, no original getter/D2H. 96q matrix+24q Rust column+24q C staging overlap until canonical check/free/publication. Both adjacent caches and predecessor planes stay alive through opening/release.",
      "named_allocation_subtotal_bytes": 2950517188,
      "named_subtotal_exceeds_payload": false,
      "parts": {
        "E_C_staged_column_host": 25165824,
        "E_Rust_EQ_packet_host_upper": 18544,
        "E_Rust_column_host": 25165824,
        "E_Rust_pad_marshalling_host_upper": 98304,
        "E_forward_inverse_twiddles": 67110400,
        "E_four_remainders": 33554432,
        "E_private_shape_EQ_and_pads": 58880,
        "E_private_sticky_flag": 256,
        "E_private_three_limb_low": 25165824,
        "E_public_factor_spectra": 704643072,
        "E_returned_matrix_host": 100663296,
        "E_work_and_scratch": 33554432,
        "device_persistent_or_single_replay_envelope": 785789696,
        "extension_previous_and_current_host_pads": 98304,
        "extension_previous_and_current_root_offset_caches": 92096,
        "full_calibration_table_serialization_difference_upper": 921596,
        "initial_W_and_A_root_offset_caches": 113246144,
        "native_common_owner_host": 42088,
        "original_W_tile_descriptors_host_upper": 252480,
        "original_claim_batch_codec_upper": 928120832,
        "public_padding_host_upper": 55574528,
        "retained_initial_private_host_pads": 3145728,
        "retained_predecessor": 0,
        "sealed_W_mapping_device": 126464,
        "two_public_table_host_payloads": 47908144
      },
      "phase": "native_E_D35_A1_S6_predecessor_E_query_publication",
      "remaining_shared_payload_capacity_bytes": 2955062844
    },
    {
      "is_complete_phase_peak": false,
      "lifetime": "CPU query_tree_with/DFT construction is a preceding lifetime; matrix/private low/work not allocated yet. Reverse/inverse-series/multiply/DFT caches and Vec growth remain explicitly unquantified additional classes.",
      "named_allocation_subtotal_bytes": 2782569044,
      "named_subtotal_exceeds_payload": false,
      "parts": {
        "E_forward_inverse_twiddles": 67110400,
        "E_public_factor_spectra": 704643072,
        "current_inverse_modulus_spectra": 33554432,
        "current_polynomial_level_upper": 16777216,
        "device_persistent_or_single_replay_envelope": 785789696,
        "extension_previous_and_current_host_pads": 98304,
        "extension_previous_and_current_root_offset_caches": 92096,
        "full_calibration_table_serialization_difference_upper": 921596,
        "initial_W_and_A_root_offset_caches": 113246144,
        "native_common_owner_host": 42088,
        "one_upload_conversion": 16777216,
        "original_W_tile_descriptors_host_upper": 252480,
        "original_claim_batch_codec_upper": 928120832,
        "public_padding_host_upper": 55574528,
        "public_points": 8388608,
        "retained_initial_private_host_pads": 3145728,
        "retained_predecessor": 0,
        "sealed_W_mapping_device": 126464,
        "two_public_table_host_payloads": 47908144
      },
      "phase": "native_E_D35_A1_S6_predecessor_E_public_factor_construction",
      "remaining_shared_payload_capacity_bytes": 3123010988
    },
    {
      "is_complete_phase_peak": false,
      "lifetime": "Prescan scratch/device offsets retire before ring/frontier allocation. Current cursor/meta stay for hashing. The current cache is conservatively charged before its top digests are constructed.",
      "named_allocation_subtotal_bytes": 1935927636,
      "named_subtotal_exceeds_payload": false,
      "parts": {
        "device_persistent_or_single_replay_envelope": 785789696,
        "extension_previous_and_current_host_pads": 98304,
        "extension_previous_and_current_root_offset_caches": 36800,
        "full_calibration_table_serialization_difference_upper": 921596,
        "initial_W_and_A_root_offset_caches": 113246144,
        "native_common_owner_host": 42088,
        "original_W_tile_descriptors_host_upper": 252480,
        "original_claim_batch_codec_upper": 928120832,
        "public_padding_host_upper": 55574528,
        "retained_initial_private_host_pads": 3145728,
        "retained_predecessor": 0,
        "salt_current_device": 2048,
        "salt_current_host": 2048,
        "salt_meta": 256,
        "salt_prescan_scratch": 658432,
        "salt_subtree_offsets_device": 2048,
        "sealed_W_mapping_device": 126464,
        "two_public_table_host_payloads": 47908144
      },
      "phase": "native_E_D35_A1_S7_salt_prescan",
      "remaining_shared_payload_capacity_bytes": 3969652396
    },
    {
      "is_complete_phase_peak": false,
      "lifetime": "All stages use R=min(CPU R,H/2), paired cosets. One scratch/twiddle for24 serial base columns. A S1 remains original; later stages read retained planes. No extra A reconstruction.",
      "named_allocation_subtotal_bytes": 1935593556,
      "named_subtotal_exceeds_payload": false,
      "parts": {
        "E_EQ_packet_host_upper": 25088,
        "E_EQ_shape_chunks_tables_pads": 62208,
        "E_forward_twiddles": 2048,
        "E_frontier_group2": 73728,
        "E_high_powers": 1280,
        "E_low_powers": 4096,
        "E_original_to_C_pad_marshalling_host_upper": 98304,
        "E_reused_salt_band": 8192,
        "E_ring24R": 49152,
        "E_salt_current_device": 2048,
        "E_salt_current_host": 2048,
        "E_salt_meta": 256,
        "E_sticky_flag": 256,
        "E_transpose_scratch": 2048,
        "device_persistent_or_single_replay_envelope": 785789696,
        "extension_previous_and_current_host_pads": 98304,
        "extension_previous_and_current_root_offset_caches": 36800,
        "full_calibration_table_serialization_difference_upper": 921596,
        "initial_W_and_A_root_offset_caches": 113246144,
        "native_common_owner_host": 42088,
        "original_W_tile_descriptors_host_upper": 252480,
        "original_claim_batch_codec_upper": 928120832,
        "public_padding_host_upper": 55574528,
        "retained_initial_private_host_pads": 3145728,
        "retained_predecessor": 0,
        "sealed_W_mapping_device": 126464,
        "two_public_table_host_payloads": 47908144
      },
      "phase": "native_E_D35_A1_S7_FFT",
      "remaining_shared_payload_capacity_bytes": 3969986476
    },
    {
      "is_complete_phase_peak": false,
      "lifetime": "EQ/pad device packet and powers/FFT auxiliaries retire before hash. Two lanes publish R paired roots; the ring retires before further node outputs, preserving original salts and order.",
      "named_allocation_subtotal_bytes": 1935504980,
      "named_subtotal_exceeds_payload": false,
      "parts": {
        "E_frontier_group2": 73728,
        "E_hash_flag": 256,
        "E_original_to_C_pad_marshalling_host_upper": 98304,
        "E_paired_hash_states_R": 8192,
        "E_ring24R": 49152,
        "E_salt_band": 8192,
        "E_salt_current_device": 2048,
        "E_salt_current_host": 2048,
        "E_salt_meta": 256,
        "device_persistent_or_single_replay_envelope": 785789696,
        "extension_previous_and_current_host_pads": 98304,
        "extension_previous_and_current_root_offset_caches": 36800,
        "full_calibration_table_serialization_difference_upper": 921596,
        "initial_W_and_A_root_offset_caches": 113246144,
        "native_common_owner_host": 42088,
        "original_W_tile_descriptors_host_upper": 252480,
        "original_claim_batch_codec_upper": 928120832,
        "public_padding_host_upper": 55574528,
        "retained_initial_private_host_pads": 3145728,
        "retained_predecessor": 0,
        "sealed_W_mapping_device": 126464,
        "two_public_table_host_payloads": 47908144
      },
      "phase": "native_E_D35_A1_S7_hash",
      "remaining_shared_payload_capacity_bytes": 3970075052
    },
    {
      "is_complete_phase_peak": false,
      "lifetime": "Upper of final reductions after ring/salt retirement; top cache is already conservatively charged.",
      "named_allocation_subtotal_bytes": 1935449172,
      "named_subtotal_exceeds_payload": false,
      "parts": {
        "E_frontier_group2": 73728,
        "E_pad_marshalling_host_upper": 98304,
        "E_roots_and_next_node_output": 12288,
        "E_salt_current_host": 2048,
        "device_persistent_or_single_replay_envelope": 785789696,
        "extension_previous_and_current_host_pads": 98304,
        "extension_previous_and_current_root_offset_caches": 36800,
        "full_calibration_table_serialization_difference_upper": 921596,
        "initial_W_and_A_root_offset_caches": 113246144,
        "native_common_owner_host": 42088,
        "original_W_tile_descriptors_host_upper": 252480,
        "original_claim_batch_codec_upper": 928120832,
        "public_padding_host_upper": 55574528,
        "retained_initial_private_host_pads": 3145728,
        "retained_predecessor": 0,
        "sealed_W_mapping_device": 126464,
        "two_public_table_host_payloads": 47908144
      },
      "phase": "native_E_D35_A1_S7_nodes",
      "remaining_shared_payload_capacity_bytes": 3970130860
    },
    {
      "is_complete_phase_peak": false,
      "lifetime": "One source loader for all3 limbs;4 remainder buffers, no original getter/D2H. 96q matrix+24q Rust column+24q C staging overlap until canonical check/free/publication. Both adjacent caches and predecessor planes stay alive through opening/release.",
      "named_allocation_subtotal_bytes": 2950471476,
      "named_subtotal_exceeds_payload": false,
      "parts": {
        "E_C_staged_column_host": 25165824,
        "E_Rust_EQ_packet_host_upper": 24800,
        "E_Rust_column_host": 25165824,
        "E_Rust_pad_marshalling_host_upper": 98304,
        "E_forward_inverse_twiddles": 67110400,
        "E_four_remainders": 33554432,
        "E_private_shape_EQ_and_pads": 62208,
        "E_private_sticky_flag": 256,
        "E_private_three_limb_low": 25165824,
        "E_public_factor_spectra": 704643072,
        "E_returned_matrix_host": 100663296,
        "E_work_and_scratch": 33554432,
        "device_persistent_or_single_replay_envelope": 785789696,
        "extension_previous_and_current_host_pads": 98304,
        "extension_previous_and_current_root_offset_caches": 36800,
        "full_calibration_table_serialization_difference_upper": 921596,
        "initial_W_and_A_root_offset_caches": 113246144,
        "native_common_owner_host": 42088,
        "original_W_tile_descriptors_host_upper": 252480,
        "original_claim_batch_codec_upper": 928120832,
        "public_padding_host_upper": 55574528,
        "retained_initial_private_host_pads": 3145728,
        "retained_predecessor": 0,
        "sealed_W_mapping_device": 126464,
        "two_public_table_host_payloads": 47908144
      },
      "phase": "native_E_D35_A1_S7_predecessor_E_query_publication",
      "remaining_shared_payload_capacity_bytes": 2955108556
    },
    {
      "is_complete_phase_peak": false,
      "lifetime": "CPU query_tree_with/DFT construction is a preceding lifetime; matrix/private low/work not allocated yet. Reverse/inverse-series/multiply/DFT caches and Vec growth remain explicitly unquantified additional classes.",
      "named_allocation_subtotal_bytes": 2782513748,
      "named_subtotal_exceeds_payload": false,
      "parts": {
        "E_forward_inverse_twiddles": 67110400,
        "E_public_factor_spectra": 704643072,
        "current_inverse_modulus_spectra": 33554432,
        "current_polynomial_level_upper": 16777216,
        "device_persistent_or_single_replay_envelope": 785789696,
        "extension_previous_and_current_host_pads": 98304,
        "extension_previous_and_current_root_offset_caches": 36800,
        "full_calibration_table_serialization_difference_upper": 921596,
        "initial_W_and_A_root_offset_caches": 113246144,
        "native_common_owner_host": 42088,
        "one_upload_conversion": 16777216,
        "original_W_tile_descriptors_host_upper": 252480,
        "original_claim_batch_codec_upper": 928120832,
        "public_padding_host_upper": 55574528,
        "public_points": 8388608,
        "retained_initial_private_host_pads": 3145728,
        "retained_predecessor": 0,
        "sealed_W_mapping_device": 126464,
        "two_public_table_host_payloads": 47908144
      },
      "phase": "native_E_D35_A1_S7_predecessor_E_public_factor_construction",
      "remaining_shared_payload_capacity_bytes": 3123066284
    },
    {
      "is_complete_phase_peak": false,
      "lifetime": "Prescan scratch/device offsets retire before ring/frontier allocation. Current cursor/meta stay for hashing. The current cache is conservatively charged before its top digests are constructed.",
      "named_allocation_subtotal_bytes": 1935434580,
      "named_subtotal_exceeds_payload": false,
      "parts": {
        "device_persistent_or_single_replay_envelope": 785789696,
        "extension_previous_and_current_host_pads": 98304,
        "extension_previous_and_current_root_offset_caches": 36800,
        "full_calibration_table_serialization_difference_upper": 921596,
        "initial_W_and_A_root_offset_caches": 113246144,
        "native_common_owner_host": 42088,
        "original_W_tile_descriptors_host_upper": 252480,
        "original_claim_batch_codec_upper": 928120832,
        "public_padding_host_upper": 55574528,
        "retained_initial_private_host_pads": 3145728,
        "retained_predecessor": 0,
        "salt_current_device": 2048,
        "salt_current_host": 2048,
        "salt_meta": 256,
        "salt_prescan_scratch": 165376,
        "salt_subtree_offsets_device": 2048,
        "sealed_W_mapping_device": 126464,
        "two_public_table_host_payloads": 47908144
      },
      "phase": "native_E_D35_A1_S8_salt_prescan",
      "remaining_shared_payload_capacity_bytes": 3970145452
    },
    {
      "is_complete_phase_peak": false,
      "lifetime": "All stages use R=min(CPU R,H/2), paired cosets. One scratch/twiddle for24 serial base columns. A S1 remains original; later stages read retained planes. No extra A reconstruction.",
      "named_allocation_subtotal_bytes": 1935578068,
      "named_subtotal_exceeds_payload": false,
      "parts": {
        "E_EQ_packet_host_upper": 26240,
        "E_EQ_shape_chunks_tables_pads": 62720,
        "E_forward_twiddles": 2048,
        "E_frontier_group2": 57344,
        "E_high_powers": 512,
        "E_low_powers": 4096,
        "E_original_to_C_pad_marshalling_host_upper": 98304,
        "E_reused_salt_band": 8192,
        "E_ring24R": 49152,
        "E_salt_current_device": 2048,
        "E_salt_current_host": 2048,
        "E_salt_meta": 256,
        "E_sticky_flag": 256,
        "E_transpose_scratch": 2048,
        "device_persistent_or_single_replay_envelope": 785789696,
        "extension_previous_and_current_host_pads": 98304,
        "extension_previous_and_current_root_offset_caches": 36800,
        "full_calibration_table_serialization_difference_upper": 921596,
        "initial_W_and_A_root_offset_caches": 113246144,
        "native_common_owner_host": 42088,
        "original_W_tile_descriptors_host_upper": 252480,
        "original_claim_batch_codec_upper": 928120832,
        "public_padding_host_upper": 55574528,
        "retained_initial_private_host_pads": 3145728,
        "retained_predecessor": 0,
        "sealed_W_mapping_device": 126464,
        "two_public_table_host_payloads": 47908144
      },
      "phase": "native_E_D35_A1_S8_FFT",
      "remaining_shared_payload_capacity_bytes": 3970001964
    },
    {
      "is_complete_phase_peak": false,
      "lifetime": "EQ/pad device packet and powers/FFT auxiliaries retire before hash. Two lanes publish R paired roots; the ring retires before further node outputs, preserving original salts and order.",
      "named_allocation_subtotal_bytes": 1935488596,
      "named_subtotal_exceeds_payload": false,
      "parts": {
        "E_frontier_group2": 57344,
        "E_hash_flag": 256,
        "E_original_to_C_pad_marshalling_host_upper": 98304,
        "E_paired_hash_states_R": 8192,
        "E_ring24R": 49152,
        "E_salt_band": 8192,
        "E_salt_current_device": 2048,
        "E_salt_current_host": 2048,
        "E_salt_meta": 256,
        "device_persistent_or_single_replay_envelope": 785789696,
        "extension_previous_and_current_host_pads": 98304,
        "extension_previous_and_current_root_offset_caches": 36800,
        "full_calibration_table_serialization_difference_upper": 921596,
        "initial_W_and_A_root_offset_caches": 113246144,
        "native_common_owner_host": 42088,
        "original_W_tile_descriptors_host_upper": 252480,
        "original_claim_batch_codec_upper": 928120832,
        "public_padding_host_upper": 55574528,
        "retained_initial_private_host_pads": 3145728,
        "retained_predecessor": 0,
        "sealed_W_mapping_device": 126464,
        "two_public_table_host_payloads": 47908144
      },
      "phase": "native_E_D35_A1_S8_hash",
      "remaining_shared_payload_capacity_bytes": 3970091436
    },
    {
      "is_complete_phase_peak": false,
      "lifetime": "Upper of final reductions after ring/salt retirement; top cache is already conservatively charged.",
      "named_allocation_subtotal_bytes": 1935432788,
      "named_subtotal_exceeds_payload": false,
      "parts": {
        "E_frontier_group2": 57344,
        "E_pad_marshalling_host_upper": 98304,
        "E_roots_and_next_node_output": 12288,
        "E_salt_current_host": 2048,
        "device_persistent_or_single_replay_envelope": 785789696,
        "extension_previous_and_current_host_pads": 98304,
        "extension_previous_and_current_root_offset_caches": 36800,
        "full_calibration_table_serialization_difference_upper": 921596,
        "initial_W_and_A_root_offset_caches": 113246144,
        "native_common_owner_host": 42088,
        "original_W_tile_descriptors_host_upper": 252480,
        "original_claim_batch_codec_upper": 928120832,
        "public_padding_host_upper": 55574528,
        "retained_initial_private_host_pads": 3145728,
        "retained_predecessor": 0,
        "sealed_W_mapping_device": 126464,
        "two_public_table_host_payloads": 47908144
      },
      "phase": "native_E_D35_A1_S8_nodes",
      "remaining_shared_payload_capacity_bytes": 3970147244
    },
    {
      "is_complete_phase_peak": false,
      "lifetime": "One source loader for all3 limbs;4 remainder buffers, no original getter/D2H. 96q matrix+24q Rust column+24q C staging overlap until canonical check/free/publication. Both adjacent caches and predecessor planes stay alive through opening/release.",
      "named_allocation_subtotal_bytes": 1936113748,
      "named_subtotal_exceeds_payload": false,
      "parts": {
        "E_C_staged_column_host": 24576,
        "E_Rust_EQ_packet_host_upper": 25088,
        "E_Rust_column_host": 24576,
        "E_Rust_pad_marshalling_host_upper": 98304,
        "E_forward_inverse_twiddles": 67072,
        "E_four_remainders": 32768,
        "E_private_shape_EQ_and_pads": 62208,
        "E_private_sticky_flag": 256,
        "E_private_three_limb_low": 24576,
        "E_public_factor_spectra": 360448,
        "E_returned_matrix_host": 98304,
        "E_work_and_scratch": 32768,
        "device_persistent_or_single_replay_envelope": 785789696,
        "extension_previous_and_current_host_pads": 98304,
        "extension_previous_and_current_root_offset_caches": 36800,
        "full_calibration_table_serialization_difference_upper": 921596,
        "initial_W_and_A_root_offset_caches": 113246144,
        "native_common_owner_host": 42088,
        "original_W_tile_descriptors_host_upper": 252480,
        "original_claim_batch_codec_upper": 928120832,
        "public_padding_host_upper": 55574528,
        "retained_initial_private_host_pads": 3145728,
        "retained_predecessor": 0,
        "sealed_W_mapping_device": 126464,
        "two_public_table_host_payloads": 47908144
      },
      "phase": "native_E_D35_A1_S8_predecessor_E_query_publication",
      "remaining_shared_payload_capacity_bytes": 3969466284
    },
    {
      "is_complete_phase_peak": false,
      "lifetime": "CPU query_tree_with/DFT construction is a preceding lifetime; matrix/private low/work not allocated yet. Reverse/inverse-series/multiply/DFT caches and Vec growth remain explicitly unquantified additional classes.",
      "named_allocation_subtotal_bytes": 1935764052,
      "named_subtotal_exceeds_payload": false,
      "parts": {
        "E_forward_inverse_twiddles": 67072,
        "E_public_factor_spectra": 360448,
        "current_inverse_modulus_spectra": 32768,
        "current_polynomial_level_upper": 16384,
        "device_persistent_or_single_replay_envelope": 785789696,
        "extension_previous_and_current_host_pads": 98304,
        "extension_previous_and_current_root_offset_caches": 36800,
        "full_calibration_table_serialization_difference_upper": 921596,
        "initial_W_and_A_root_offset_caches": 113246144,
        "native_common_owner_host": 42088,
        "one_upload_conversion": 16384,
        "original_W_tile_descriptors_host_upper": 252480,
        "original_claim_batch_codec_upper": 928120832,
        "public_padding_host_upper": 55574528,
        "public_points": 8192,
        "retained_initial_private_host_pads": 3145728,
        "retained_predecessor": 0,
        "sealed_W_mapping_device": 126464,
        "two_public_table_host_payloads": 47908144
      },
      "phase": "native_E_D35_A1_S8_predecessor_E_public_factor_construction",
      "remaining_shared_payload_capacity_bytes": 3969815980
    },
    {
      "is_complete_phase_peak": false,
      "lifetime": "Prescan scratch/device offsets retire before ring/frontier allocation. Current cursor/meta stay for hashing. The current cache is conservatively charged before its top digests are constructed.",
      "named_allocation_subtotal_bytes": 1935311188,
      "named_subtotal_exceeds_payload": false,
      "parts": {
        "device_persistent_or_single_replay_envelope": 785789696,
        "extension_previous_and_current_host_pads": 98304,
        "extension_previous_and_current_root_offset_caches": 36800,
        "full_calibration_table_serialization_difference_upper": 921596,
        "initial_W_and_A_root_offset_caches": 113246144,
        "native_common_owner_host": 42088,
        "original_W_tile_descriptors_host_upper": 252480,
        "original_claim_batch_codec_upper": 928120832,
        "public_padding_host_upper": 55574528,
        "retained_initial_private_host_pads": 3145728,
        "retained_predecessor": 0,
        "salt_current_device": 2048,
        "salt_current_host": 2048,
        "salt_meta": 256,
        "salt_prescan_scratch": 41984,
        "salt_subtree_offsets_device": 2048,
        "sealed_W_mapping_device": 126464,
        "two_public_table_host_payloads": 47908144
      },
      "phase": "native_E_D35_A1_S9_salt_prescan",
      "remaining_shared_payload_capacity_bytes": 3970268844
    },
    {
      "is_complete_phase_peak": false,
      "lifetime": "All stages use R=min(CPU R,H/2), paired cosets. One scratch/twiddle for24 serial base columns. A S1 remains original; later stages read retained planes. No extra A reconstruction.",
      "named_allocation_subtotal_bytes": 1935568340,
      "named_subtotal_exceeds_payload": false,
      "parts": {
        "E_EQ_packet_host_upper": 30848,
        "E_EQ_shape_chunks_tables_pads": 65024,
        "E_forward_twiddles": 2048,
        "E_frontier_group2": 40960,
        "E_high_powers": 256,
        "E_low_powers": 4096,
        "E_original_to_C_pad_marshalling_host_upper": 98304,
        "E_reused_salt_band": 8192,
        "E_ring24R": 49152,
        "E_salt_current_device": 2048,
        "E_salt_current_host": 2048,
        "E_salt_meta": 256,
        "E_sticky_flag": 256,
        "E_transpose_scratch": 2048,
        "device_persistent_or_single_replay_envelope": 785789696,
        "extension_previous_and_current_host_pads": 98304,
        "extension_previous_and_current_root_offset_caches": 36800,
        "full_calibration_table_serialization_difference_upper": 921596,
        "initial_W_and_A_root_offset_caches": 113246144,
        "native_common_owner_host": 42088,
        "original_W_tile_descriptors_host_upper": 252480,
        "original_claim_batch_codec_upper": 928120832,
        "public_padding_host_upper": 55574528,
        "retained_initial_private_host_pads": 3145728,
        "retained_predecessor": 0,
        "sealed_W_mapping_device": 126464,
        "two_public_table_host_payloads": 47908144
      },
      "phase": "native_E_D35_A1_S9_FFT",
      "remaining_shared_payload_capacity_bytes": 3970011692
    },
    {
      "is_complete_phase_peak": false,
      "lifetime": "EQ/pad device packet and powers/FFT auxiliaries retire before hash. Two lanes publish R paired roots; the ring retires before further node outputs, preserving original salts and order.",
      "named_allocation_subtotal_bytes": 1935472212,
      "named_subtotal_exceeds_payload": false,
      "parts": {
        "E_frontier_group2": 40960,
        "E_hash_flag": 256,
        "E_original_to_C_pad_marshalling_host_upper": 98304,
        "E_paired_hash_states_R": 8192,
        "E_ring24R": 49152,
        "E_salt_band": 8192,
        "E_salt_current_device": 2048,
        "E_salt_current_host": 2048,
        "E_salt_meta": 256,
        "device_persistent_or_single_replay_envelope": 785789696,
        "extension_previous_and_current_host_pads": 98304,
        "extension_previous_and_current_root_offset_caches": 36800,
        "full_calibration_table_serialization_difference_upper": 921596,
        "initial_W_and_A_root_offset_caches": 113246144,
        "native_common_owner_host": 42088,
        "original_W_tile_descriptors_host_upper": 252480,
        "original_claim_batch_codec_upper": 928120832,
        "public_padding_host_upper": 55574528,
        "retained_initial_private_host_pads": 3145728,
        "retained_predecessor": 0,
        "sealed_W_mapping_device": 126464,
        "two_public_table_host_payloads": 47908144
      },
      "phase": "native_E_D35_A1_S9_hash",
      "remaining_shared_payload_capacity_bytes": 3970107820
    },
    {
      "is_complete_phase_peak": false,
      "lifetime": "Upper of final reductions after ring/salt retirement; top cache is already conservatively charged.",
      "named_allocation_subtotal_bytes": 1935416404,
      "named_subtotal_exceeds_payload": false,
      "parts": {
        "E_frontier_group2": 40960,
        "E_pad_marshalling_host_upper": 98304,
        "E_roots_and_next_node_output": 12288,
        "E_salt_current_host": 2048,
        "device_persistent_or_single_replay_envelope": 785789696,
        "extension_previous_and_current_host_pads": 98304,
        "extension_previous_and_current_root_offset_caches": 36800,
        "full_calibration_table_serialization_difference_upper": 921596,
        "initial_W_and_A_root_offset_caches": 113246144,
        "native_common_owner_host": 42088,
        "original_W_tile_descriptors_host_upper": 252480,
        "original_claim_batch_codec_upper": 928120832,
        "public_padding_host_upper": 55574528,
        "retained_initial_private_host_pads": 3145728,
        "retained_predecessor": 0,
        "sealed_W_mapping_device": 126464,
        "two_public_table_host_payloads": 47908144
      },
      "phase": "native_E_D35_A1_S9_nodes",
      "remaining_shared_payload_capacity_bytes": 3970163628
    },
    {
      "is_complete_phase_peak": false,
      "lifetime": "One source loader for all3 limbs;4 remainder buffers, no original getter/D2H. 96q matrix+24q Rust column+24q C staging overlap until canonical check/free/publication. Both adjacent caches and predecessor planes stay alive through opening/release.",
      "named_allocation_subtotal_bytes": 1936115412,
      "named_subtotal_exceeds_payload": false,
      "parts": {
        "E_C_staged_column_host": 24576,
        "E_Rust_EQ_packet_host_upper": 26240,
        "E_Rust_column_host": 24576,
        "E_Rust_pad_marshalling_host_upper": 98304,
        "E_forward_inverse_twiddles": 67072,
        "E_four_remainders": 32768,
        "E_private_shape_EQ_and_pads": 62720,
        "E_private_sticky_flag": 256,
        "E_private_three_limb_low": 24576,
        "E_public_factor_spectra": 360448,
        "E_returned_matrix_host": 98304,
        "E_work_and_scratch": 32768,
        "device_persistent_or_single_replay_envelope": 785789696,
        "extension_previous_and_current_host_pads": 98304,
        "extension_previous_and_current_root_offset_caches": 36800,
        "full_calibration_table_serialization_difference_upper": 921596,
        "initial_W_and_A_root_offset_caches": 113246144,
        "native_common_owner_host": 42088,
        "original_W_tile_descriptors_host_upper": 252480,
        "original_claim_batch_codec_upper": 928120832,
        "public_padding_host_upper": 55574528,
        "retained_initial_private_host_pads": 3145728,
        "retained_predecessor": 0,
        "sealed_W_mapping_device": 126464,
        "two_public_table_host_payloads": 47908144
      },
      "phase": "native_E_D35_A1_S9_predecessor_E_query_publication",
      "remaining_shared_payload_capacity_bytes": 3969464620
    },
    {
      "is_complete_phase_peak": false,
      "lifetime": "CPU query_tree_with/DFT construction is a preceding lifetime; matrix/private low/work not allocated yet. Reverse/inverse-series/multiply/DFT caches and Vec growth remain explicitly unquantified additional classes.",
      "named_allocation_subtotal_bytes": 1935764052,
      "named_subtotal_exceeds_payload": false,
      "parts": {
        "E_forward_inverse_twiddles": 67072,
        "E_public_factor_spectra": 360448,
        "current_inverse_modulus_spectra": 32768,
        "current_polynomial_level_upper": 16384,
        "device_persistent_or_single_replay_envelope": 785789696,
        "extension_previous_and_current_host_pads": 98304,
        "extension_previous_and_current_root_offset_caches": 36800,
        "full_calibration_table_serialization_difference_upper": 921596,
        "initial_W_and_A_root_offset_caches": 113246144,
        "native_common_owner_host": 42088,
        "one_upload_conversion": 16384,
        "original_W_tile_descriptors_host_upper": 252480,
        "original_claim_batch_codec_upper": 928120832,
        "public_padding_host_upper": 55574528,
        "public_points": 8192,
        "retained_initial_private_host_pads": 3145728,
        "retained_predecessor": 0,
        "sealed_W_mapping_device": 126464,
        "two_public_table_host_payloads": 47908144
      },
      "phase": "native_E_D35_A1_S9_predecessor_E_public_factor_construction",
      "remaining_shared_payload_capacity_bytes": 3969815980
    },
    {
      "is_complete_phase_peak": false,
      "lifetime": "Prescan scratch/device offsets retire before ring/frontier allocation. Current cursor/meta stay for hashing. The current cache is conservatively charged before its top digests are constructed.",
      "named_allocation_subtotal_bytes": 1935290708,
      "named_subtotal_exceeds_payload": false,
      "parts": {
        "device_persistent_or_single_replay_envelope": 785789696,
        "extension_previous_and_current_host_pads": 98304,
        "extension_previous_and_current_root_offset_caches": 36800,
        "full_calibration_table_serialization_difference_upper": 921596,
        "initial_W_and_A_root_offset_caches": 113246144,
        "native_common_owner_host": 42088,
        "original_W_tile_descriptors_host_upper": 252480,
        "original_claim_batch_codec_upper": 928120832,
        "public_padding_host_upper": 55574528,
        "retained_initial_private_host_pads": 3145728,
        "retained_predecessor": 0,
        "salt_current_device": 2048,
        "salt_current_host": 2048,
        "salt_meta": 256,
        "salt_prescan_scratch": 21504,
        "salt_subtree_offsets_device": 2048,
        "sealed_W_mapping_device": 126464,
        "two_public_table_host_payloads": 47908144
      },
      "phase": "native_E_D35_A1_S10_salt_prescan",
      "remaining_shared_payload_capacity_bytes": 3970289324
    },
    {
      "is_complete_phase_peak": false,
      "lifetime": "All stages use R=min(CPU R,H/2), paired cosets. One scratch/twiddle for24 serial base columns. A S1 remains original; later stages read retained planes. No extra A reconstruction.",
      "named_allocation_subtotal_bytes": 1935569732,
      "named_subtotal_exceeds_payload": false,
      "parts": {
        "E_EQ_packet_host_upper": 37104,
        "E_EQ_shape_chunks_tables_pads": 68352,
        "E_forward_twiddles": 2048,
        "E_frontier_group2": 32768,
        "E_high_powers": 256,
        "E_low_powers": 4096,
        "E_original_to_C_pad_marshalling_host_upper": 98304,
        "E_reused_salt_band": 8192,
        "E_ring24R": 49152,
        "E_salt_current_device": 2048,
        "E_salt_current_host": 2048,
        "E_salt_meta": 256,
        "E_sticky_flag": 256,
        "E_transpose_scratch": 2048,
        "device_persistent_or_single_replay_envelope": 785789696,
        "extension_previous_and_current_host_pads": 98304,
        "extension_previous_and_current_root_offset_caches": 36800,
        "full_calibration_table_serialization_difference_upper": 921596,
        "initial_W_and_A_root_offset_caches": 113246144,
        "native_common_owner_host": 42088,
        "original_W_tile_descriptors_host_upper": 252480,
        "original_claim_batch_codec_upper": 928120832,
        "public_padding_host_upper": 55574528,
        "retained_initial_private_host_pads": 3145728,
        "retained_predecessor": 0,
        "sealed_W_mapping_device": 126464,
        "two_public_table_host_payloads": 47908144
      },
      "phase": "native_E_D35_A1_S10_FFT",
      "remaining_shared_payload_capacity_bytes": 3970010300
    },
    {
      "is_complete_phase_peak": false,
      "lifetime": "EQ/pad device packet and powers/FFT auxiliaries retire before hash. Two lanes publish R paired roots; the ring retires before further node outputs, preserving original salts and order.",
      "named_allocation_subtotal_bytes": 1935464020,
      "named_subtotal_exceeds_payload": false,
      "parts": {
        "E_frontier_group2": 32768,
        "E_hash_flag": 256,
        "E_original_to_C_pad_marshalling_host_upper": 98304,
        "E_paired_hash_states_R": 8192,
        "E_ring24R": 49152,
        "E_salt_band": 8192,
        "E_salt_current_device": 2048,
        "E_salt_current_host": 2048,
        "E_salt_meta": 256,
        "device_persistent_or_single_replay_envelope": 785789696,
        "extension_previous_and_current_host_pads": 98304,
        "extension_previous_and_current_root_offset_caches": 36800,
        "full_calibration_table_serialization_difference_upper": 921596,
        "initial_W_and_A_root_offset_caches": 113246144,
        "native_common_owner_host": 42088,
        "original_W_tile_descriptors_host_upper": 252480,
        "original_claim_batch_codec_upper": 928120832,
        "public_padding_host_upper": 55574528,
        "retained_initial_private_host_pads": 3145728,
        "retained_predecessor": 0,
        "sealed_W_mapping_device": 126464,
        "two_public_table_host_payloads": 47908144
      },
      "phase": "native_E_D35_A1_S10_hash",
      "remaining_shared_payload_capacity_bytes": 3970116012
    },
    {
      "is_complete_phase_peak": false,
      "lifetime": "Upper of final reductions after ring/salt retirement; top cache is already conservatively charged.",
      "named_allocation_subtotal_bytes": 1935408212,
      "named_subtotal_exceeds_payload": false,
      "parts": {
        "E_frontier_group2": 32768,
        "E_pad_marshalling_host_upper": 98304,
        "E_roots_and_next_node_output": 12288,
        "E_salt_current_host": 2048,
        "device_persistent_or_single_replay_envelope": 785789696,
        "extension_previous_and_current_host_pads": 98304,
        "extension_previous_and_current_root_offset_caches": 36800,
        "full_calibration_table_serialization_difference_upper": 921596,
        "initial_W_and_A_root_offset_caches": 113246144,
        "native_common_owner_host": 42088,
        "original_W_tile_descriptors_host_upper": 252480,
        "original_claim_batch_codec_upper": 928120832,
        "public_padding_host_upper": 55574528,
        "retained_initial_private_host_pads": 3145728,
        "retained_predecessor": 0,
        "sealed_W_mapping_device": 126464,
        "two_public_table_host_payloads": 47908144
      },
      "phase": "native_E_D35_A1_S10_nodes",
      "remaining_shared_payload_capacity_bytes": 3970171820
    },
    {
      "is_complete_phase_peak": false,
      "lifetime": "One source loader for all3 limbs;4 remainder buffers, no original getter/D2H. 96q matrix+24q Rust column+24q C staging overlap until canonical check/free/publication. Both adjacent caches and predecessor planes stay alive through opening/release.",
      "named_allocation_subtotal_bytes": 1936122324,
      "named_subtotal_exceeds_payload": false,
      "parts": {
        "E_C_staged_column_host": 24576,
        "E_Rust_EQ_packet_host_upper": 30848,
        "E_Rust_column_host": 24576,
        "E_Rust_pad_marshalling_host_upper": 98304,
        "E_forward_inverse_twiddles": 67072,
        "E_four_remainders": 32768,
        "E_private_shape_EQ_and_pads": 65024,
        "E_private_sticky_flag": 256,
        "E_private_three_limb_low": 24576,
        "E_public_factor_spectra": 360448,
        "E_returned_matrix_host": 98304,
        "E_work_and_scratch": 32768,
        "device_persistent_or_single_replay_envelope": 785789696,
        "extension_previous_and_current_host_pads": 98304,
        "extension_previous_and_current_root_offset_caches": 36800,
        "full_calibration_table_serialization_difference_upper": 921596,
        "initial_W_and_A_root_offset_caches": 113246144,
        "native_common_owner_host": 42088,
        "original_W_tile_descriptors_host_upper": 252480,
        "original_claim_batch_codec_upper": 928120832,
        "public_padding_host_upper": 55574528,
        "retained_initial_private_host_pads": 3145728,
        "retained_predecessor": 0,
        "sealed_W_mapping_device": 126464,
        "two_public_table_host_payloads": 47908144
      },
      "phase": "native_E_D35_A1_S10_predecessor_E_query_publication",
      "remaining_shared_payload_capacity_bytes": 3969457708
    },
    {
      "is_complete_phase_peak": false,
      "lifetime": "CPU query_tree_with/DFT construction is a preceding lifetime; matrix/private low/work not allocated yet. Reverse/inverse-series/multiply/DFT caches and Vec growth remain explicitly unquantified additional classes.",
      "named_allocation_subtotal_bytes": 1935764052,
      "named_subtotal_exceeds_payload": false,
      "parts": {
        "E_forward_inverse_twiddles": 67072,
        "E_public_factor_spectra": 360448,
        "current_inverse_modulus_spectra": 32768,
        "current_polynomial_level_upper": 16384,
        "device_persistent_or_single_replay_envelope": 785789696,
        "extension_previous_and_current_host_pads": 98304,
        "extension_previous_and_current_root_offset_caches": 36800,
        "full_calibration_table_serialization_difference_upper": 921596,
        "initial_W_and_A_root_offset_caches": 113246144,
        "native_common_owner_host": 42088,
        "one_upload_conversion": 16384,
        "original_W_tile_descriptors_host_upper": 252480,
        "original_claim_batch_codec_upper": 928120832,
        "public_padding_host_upper": 55574528,
        "public_points": 8192,
        "retained_initial_private_host_pads": 3145728,
        "retained_predecessor": 0,
        "sealed_W_mapping_device": 126464,
        "two_public_table_host_payloads": 47908144
      },
      "phase": "native_E_D35_A1_S10_predecessor_E_public_factor_construction",
      "remaining_shared_payload_capacity_bytes": 3969815980
    },
    {
      "is_complete_phase_peak": false,
      "lifetime": "Prescan scratch/device offsets retire before ring/frontier allocation. Current cursor/meta stay for hashing. The current cache is conservatively charged before its top digests are constructed.",
      "named_allocation_subtotal_bytes": 1935290708,
      "named_subtotal_exceeds_payload": false,
      "parts": {
        "device_persistent_or_single_replay_envelope": 785789696,
        "extension_previous_and_current_host_pads": 98304,
        "extension_previous_and_current_root_offset_caches": 36800,
        "full_calibration_table_serialization_difference_upper": 921596,
        "initial_W_and_A_root_offset_caches": 113246144,
        "native_common_owner_host": 42088,
        "original_W_tile_descriptors_host_upper": 252480,
        "original_claim_batch_codec_upper": 928120832,
        "public_padding_host_upper": 55574528,
        "retained_initial_private_host_pads": 3145728,
        "retained_predecessor": 0,
        "salt_current_device": 2048,
        "salt_current_host": 2048,
        "salt_meta": 256,
        "salt_prescan_scratch": 21504,
        "salt_subtree_offsets_device": 2048,
        "sealed_W_mapping_device": 126464,
        "two_public_table_host_payloads": 47908144
      },
      "phase": "native_E_D35_A1_S11_salt_prescan",
      "remaining_shared_payload_capacity_bytes": 3970289324
    },
    {
      "is_complete_phase_peak": false,
      "lifetime": "All stages use R=min(CPU R,H/2), paired cosets. One scratch/twiddle for24 serial base columns. A S1 remains original; later stages read retained planes. No extra A reconstruction.",
      "named_allocation_subtotal_bytes": 1935570020,
      "named_subtotal_exceeds_payload": false,
      "parts": {
        "E_EQ_packet_host_upper": 37392,
        "E_EQ_shape_chunks_tables_pads": 68352,
        "E_forward_twiddles": 2048,
        "E_frontier_group2": 32768,
        "E_high_powers": 256,
        "E_low_powers": 4096,
        "E_original_to_C_pad_marshalling_host_upper": 98304,
        "E_reused_salt_band": 8192,
        "E_ring24R": 49152,
        "E_salt_current_device": 2048,
        "E_salt_current_host": 2048,
        "E_salt_meta": 256,
        "E_sticky_flag": 256,
        "E_transpose_scratch": 2048,
        "device_persistent_or_single_replay_envelope": 785789696,
        "extension_previous_and_current_host_pads": 98304,
        "extension_previous_and_current_root_offset_caches": 36800,
        "full_calibration_table_serialization_difference_upper": 921596,
        "initial_W_and_A_root_offset_caches": 113246144,
        "native_common_owner_host": 42088,
        "original_W_tile_descriptors_host_upper": 252480,
        "original_claim_batch_codec_upper": 928120832,
        "public_padding_host_upper": 55574528,
        "retained_initial_private_host_pads": 3145728,
        "retained_predecessor": 0,
        "sealed_W_mapping_device": 126464,
        "two_public_table_host_payloads": 47908144
      },
      "phase": "native_E_D35_A1_S11_FFT",
      "remaining_shared_payload_capacity_bytes": 3970010012
    },
    {
      "is_complete_phase_peak": false,
      "lifetime": "EQ/pad device packet and powers/FFT auxiliaries retire before hash. Two lanes publish R paired roots; the ring retires before further node outputs, preserving original salts and order.",
      "named_allocation_subtotal_bytes": 1935464020,
      "named_subtotal_exceeds_payload": false,
      "parts": {
        "E_frontier_group2": 32768,
        "E_hash_flag": 256,
        "E_original_to_C_pad_marshalling_host_upper": 98304,
        "E_paired_hash_states_R": 8192,
        "E_ring24R": 49152,
        "E_salt_band": 8192,
        "E_salt_current_device": 2048,
        "E_salt_current_host": 2048,
        "E_salt_meta": 256,
        "device_persistent_or_single_replay_envelope": 785789696,
        "extension_previous_and_current_host_pads": 98304,
        "extension_previous_and_current_root_offset_caches": 36800,
        "full_calibration_table_serialization_difference_upper": 921596,
        "initial_W_and_A_root_offset_caches": 113246144,
        "native_common_owner_host": 42088,
        "original_W_tile_descriptors_host_upper": 252480,
        "original_claim_batch_codec_upper": 928120832,
        "public_padding_host_upper": 55574528,
        "retained_initial_private_host_pads": 3145728,
        "retained_predecessor": 0,
        "sealed_W_mapping_device": 126464,
        "two_public_table_host_payloads": 47908144
      },
      "phase": "native_E_D35_A1_S11_hash",
      "remaining_shared_payload_capacity_bytes": 3970116012
    },
    {
      "is_complete_phase_peak": false,
      "lifetime": "Upper of final reductions after ring/salt retirement; top cache is already conservatively charged.",
      "named_allocation_subtotal_bytes": 1935408212,
      "named_subtotal_exceeds_payload": false,
      "parts": {
        "E_frontier_group2": 32768,
        "E_pad_marshalling_host_upper": 98304,
        "E_roots_and_next_node_output": 12288,
        "E_salt_current_host": 2048,
        "device_persistent_or_single_replay_envelope": 785789696,
        "extension_previous_and_current_host_pads": 98304,
        "extension_previous_and_current_root_offset_caches": 36800,
        "full_calibration_table_serialization_difference_upper": 921596,
        "initial_W_and_A_root_offset_caches": 113246144,
        "native_common_owner_host": 42088,
        "original_W_tile_descriptors_host_upper": 252480,
        "original_claim_batch_codec_upper": 928120832,
        "public_padding_host_upper": 55574528,
        "retained_initial_private_host_pads": 3145728,
        "retained_predecessor": 0,
        "sealed_W_mapping_device": 126464,
        "two_public_table_host_payloads": 47908144
      },
      "phase": "native_E_D35_A1_S11_nodes",
      "remaining_shared_payload_capacity_bytes": 3970171820
    },
    {
      "is_complete_phase_peak": false,
      "lifetime": "One source loader for all3 limbs;4 remainder buffers, no original getter/D2H. 96q matrix+24q Rust column+24q C staging overlap until canonical check/free/publication. Both adjacent caches and predecessor planes stay alive through opening/release.",
      "named_allocation_subtotal_bytes": 1936131908,
      "named_subtotal_exceeds_payload": false,
      "parts": {
        "E_C_staged_column_host": 24576,
        "E_Rust_EQ_packet_host_upper": 37104,
        "E_Rust_column_host": 24576,
        "E_Rust_pad_marshalling_host_upper": 98304,
        "E_forward_inverse_twiddles": 67072,
        "E_four_remainders": 32768,
        "E_private_shape_EQ_and_pads": 68352,
        "E_private_sticky_flag": 256,
        "E_private_three_limb_low": 24576,
        "E_public_factor_spectra": 360448,
        "E_returned_matrix_host": 98304,
        "E_work_and_scratch": 32768,
        "device_persistent_or_single_replay_envelope": 785789696,
        "extension_previous_and_current_host_pads": 98304,
        "extension_previous_and_current_root_offset_caches": 36800,
        "full_calibration_table_serialization_difference_upper": 921596,
        "initial_W_and_A_root_offset_caches": 113246144,
        "native_common_owner_host": 42088,
        "original_W_tile_descriptors_host_upper": 252480,
        "original_claim_batch_codec_upper": 928120832,
        "public_padding_host_upper": 55574528,
        "retained_initial_private_host_pads": 3145728,
        "retained_predecessor": 0,
        "sealed_W_mapping_device": 126464,
        "two_public_table_host_payloads": 47908144
      },
      "phase": "native_E_D35_A1_S11_predecessor_E_query_publication",
      "remaining_shared_payload_capacity_bytes": 3969448124
    },
    {
      "is_complete_phase_peak": false,
      "lifetime": "CPU query_tree_with/DFT construction is a preceding lifetime; matrix/private low/work not allocated yet. Reverse/inverse-series/multiply/DFT caches and Vec growth remain explicitly unquantified additional classes.",
      "named_allocation_subtotal_bytes": 1935764052,
      "named_subtotal_exceeds_payload": false,
      "parts": {
        "E_forward_inverse_twiddles": 67072,
        "E_public_factor_spectra": 360448,
        "current_inverse_modulus_spectra": 32768,
        "current_polynomial_level_upper": 16384,
        "device_persistent_or_single_replay_envelope": 785789696,
        "extension_previous_and_current_host_pads": 98304,
        "extension_previous_and_current_root_offset_caches": 36800,
        "full_calibration_table_serialization_difference_upper": 921596,
        "initial_W_and_A_root_offset_caches": 113246144,
        "native_common_owner_host": 42088,
        "one_upload_conversion": 16384,
        "original_W_tile_descriptors_host_upper": 252480,
        "original_claim_batch_codec_upper": 928120832,
        "public_padding_host_upper": 55574528,
        "public_points": 8192,
        "retained_initial_private_host_pads": 3145728,
        "retained_predecessor": 0,
        "sealed_W_mapping_device": 126464,
        "two_public_table_host_payloads": 47908144
      },
      "phase": "native_E_D35_A1_S11_predecessor_E_public_factor_construction",
      "remaining_shared_payload_capacity_bytes": 3969815980
    },
    {
      "is_complete_phase_peak": false,
      "lifetime": "Last selected extension also uses native E query; fresh base-case mask/main caches, CPU proof vectors and already opened paths remain separate additional classes, never silently treated as absent.",
      "named_allocation_subtotal_bytes": 1936064644,
      "named_subtotal_exceeds_payload": false,
      "parts": {
        "E_C_staged_column_host": 24576,
        "E_Rust_EQ_packet_host_upper": 37392,
        "E_Rust_column_host": 24576,
        "E_Rust_pad_marshalling_host_upper": 98304,
        "E_forward_inverse_twiddles": 67072,
        "E_four_remainders": 32768,
        "E_private_shape_EQ_and_pads": 68352,
        "E_private_sticky_flag": 256,
        "E_private_three_limb_low": 24576,
        "E_public_factor_spectra": 360448,
        "E_returned_matrix_host": 98304,
        "E_work_and_scratch": 32768,
        "current_extension_cache": 18400,
        "current_extension_host_pads": 49152,
        "device_persistent_or_single_replay_envelope": 785789696,
        "full_calibration_table_serialization_difference_upper": 921596,
        "initial_W_and_A_root_offset_caches": 113246144,
        "native_common_owner_host": 42088,
        "original_W_tile_descriptors_host_upper": 252480,
        "original_claim_batch_codec_upper": 928120832,
        "public_padding_host_upper": 55574528,
        "retained_initial_private_host_pads": 3145728,
        "retained_three_planes": 0,
        "sealed_W_mapping_device": 126464,
        "two_public_table_host_payloads": 47908144
      },
      "phase": "native_E_D35_A1_final_source_open",
      "remaining_shared_payload_capacity_bytes": 3969515388
    },
    {
      "is_complete_phase_peak": false,
      "lifetime": "Final query construction has the same preceding lifetime and explicit additional CPU temporaries.",
      "named_allocation_subtotal_bytes": 1935696500,
      "named_subtotal_exceeds_payload": false,
      "parts": {
        "E_forward_inverse_twiddles": 67072,
        "E_public_factor_spectra": 360448,
        "current_extension_cache": 18400,
        "current_extension_host_pads": 49152,
        "current_inverse_modulus_spectra": 32768,
        "current_polynomial_level_upper": 16384,
        "device_persistent_or_single_replay_envelope": 785789696,
        "full_calibration_table_serialization_difference_upper": 921596,
        "initial_W_and_A_root_offset_caches": 113246144,
        "native_common_owner_host": 42088,
        "one_upload_conversion": 16384,
        "original_W_tile_descriptors_host_upper": 252480,
        "original_claim_batch_codec_upper": 928120832,
        "public_padding_host_upper": 55574528,
        "public_points": 8192,
        "retained_initial_private_host_pads": 3145728,
        "retained_three_planes": 0,
        "sealed_W_mapping_device": 126464,
        "two_public_table_host_payloads": 47908144
      },
      "phase": "native_E_D35_A1_final_public_factor_construction",
      "remaining_shared_payload_capacity_bytes": 3969883532
    },
    {
      "is_complete_phase_peak": false,
      "lifetime": "Prescan scratch/device offsets retire before ring/frontier allocation. Current cursor/meta stay for hashing. The current cache is conservatively charged before its top digests are constructed.",
      "named_allocation_subtotal_bytes": 1619921780,
      "named_subtotal_exceeds_payload": false,
      "parts": {
        "device_persistent_or_single_replay_envelope": 785789696,
        "extension_previous_and_current_host_pads": 49152,
        "extension_previous_and_current_root_offset_caches": 9437152,
        "full_calibration_table_serialization_difference_upper": 921596,
        "initial_W_and_A_root_offset_caches": 113246144,
        "native_common_owner_host": 42088,
        "original_W_tile_descriptors_host_upper": 252480,
        "original_claim_batch_codec_upper": 457768960,
        "public_padding_host_upper": 55574528,
        "retained_initial_private_host_pads": 3145728,
        "retained_predecessor": 0,
        "salt_current_device": 67108864,
        "salt_current_host": 67108864,
        "salt_meta": 256,
        "salt_prescan_scratch": 10519552,
        "salt_subtree_offsets_device": 1048576,
        "two_public_table_host_payloads": 47908144
      },
      "phase": "native_E_D34_A1_S1_salt_prescan",
      "remaining_shared_payload_capacity_bytes": 4285658252
    },
    {
      "is_complete_phase_peak": false,
      "lifetime": "All stages use R=min(CPU R,H/2), paired cosets. One scratch/twiddle for24 serial base columns. A S1 remains original; later stages read retained planes. No extra A reconstruction.",
      "named_allocation_subtotal_bytes": 4831834068,
      "named_subtotal_exceeds_payload": false,
      "parts": {
        "E_EQ_packet_host_upper": 6240,
        "E_EQ_shape_chunks_tables_pads": 52736,
        "E_forward_twiddles": 67108864,
        "E_frontier_group2": 1342177280,
        "E_high_powers": 256,
        "E_low_powers": 134217728,
        "E_original_to_C_pad_marshalling_host_upper": 98304,
        "E_reused_salt_band": 2097152,
        "E_ring24R": 1610612736,
        "E_salt_current_device": 67108864,
        "E_salt_current_host": 67108864,
        "E_salt_meta": 256,
        "E_sticky_flag": 256,
        "E_transpose_scratch": 67108864,
        "device_persistent_or_single_replay_envelope": 785789696,
        "extension_previous_and_current_host_pads": 49152,
        "extension_previous_and_current_root_offset_caches": 9437152,
        "full_calibration_table_serialization_difference_upper": 921596,
        "initial_W_and_A_root_offset_caches": 113246144,
        "native_common_owner_host": 42088,
        "original_W_tile_descriptors_host_upper": 252480,
        "original_claim_batch_codec_upper": 457768960,
        "public_padding_host_upper": 55574528,
        "retained_initial_private_host_pads": 3145728,
        "retained_predecessor": 0,
        "two_public_table_host_payloads": 47908144
      },
      "phase": "native_E_D34_A1_S1_FFT",
      "remaining_shared_payload_capacity_bytes": 1073745964
    },
    {
      "is_complete_phase_peak": false,
      "lifetime": "EQ/pad device packet and powers/FFT auxiliaries retire before hash. Two lanes publish R paired roots; the ring retires before further node outputs, preserving original salts and order.",
      "named_allocation_subtotal_bytes": 4831774836,
      "named_subtotal_exceeds_payload": false,
      "parts": {
        "E_frontier_group2": 1342177280,
        "E_hash_flag": 256,
        "E_original_to_C_pad_marshalling_host_upper": 98304,
        "E_paired_hash_states_R": 268435456,
        "E_ring24R": 1610612736,
        "E_salt_band": 2097152,
        "E_salt_current_device": 67108864,
        "E_salt_current_host": 67108864,
        "E_salt_meta": 256,
        "device_persistent_or_single_replay_envelope": 785789696,
        "extension_previous_and_current_host_pads": 49152,
        "extension_previous_and_current_root_offset_caches": 9437152,
        "full_calibration_table_serialization_difference_upper": 921596,
        "initial_W_and_A_root_offset_caches": 113246144,
        "native_common_owner_host": 42088,
        "original_W_tile_descriptors_host_upper": 252480,
        "original_claim_batch_codec_upper": 457768960,
        "public_padding_host_upper": 55574528,
        "retained_initial_private_host_pads": 3145728,
        "retained_predecessor": 0,
        "two_public_table_host_payloads": 47908144
      },
      "phase": "native_E_D34_A1_S1_hash",
      "remaining_shared_payload_capacity_bytes": 1073805196
    },
    {
      "is_complete_phase_peak": false,
      "lifetime": "Upper of final reductions after ring/salt retirement; top cache is already conservatively charged.",
      "named_allocation_subtotal_bytes": 3286173300,
      "named_subtotal_exceeds_payload": false,
      "parts": {
        "E_frontier_group2": 1342177280,
        "E_pad_marshalling_host_upper": 98304,
        "E_roots_and_next_node_output": 402653184,
        "E_salt_current_host": 67108864,
        "device_persistent_or_single_replay_envelope": 785789696,
        "extension_previous_and_current_host_pads": 49152,
        "extension_previous_and_current_root_offset_caches": 9437152,
        "full_calibration_table_serialization_difference_upper": 921596,
        "initial_W_and_A_root_offset_caches": 113246144,
        "native_common_owner_host": 42088,
        "original_W_tile_descriptors_host_upper": 252480,
        "original_claim_batch_codec_upper": 457768960,
        "public_padding_host_upper": 55574528,
        "retained_initial_private_host_pads": 3145728,
        "retained_predecessor": 0,
        "two_public_table_host_payloads": 47908144
      },
      "phase": "native_E_D34_A1_S1_nodes",
      "remaining_shared_payload_capacity_bytes": 2619406732
    },
    {
      "is_complete_phase_peak": false,
      "lifetime": "Exactly once after original A query/lease release; original query scratch is retired. No host duplicate S1.",
      "named_allocation_subtotal_bytes": 4695371220,
      "named_subtotal_exceeds_payload": false,
      "parts": {
        "current_extension_cache": 9437152,
        "current_extension_host_pads": 49152,
        "device_persistent_or_single_replay_envelope": 785789696,
        "full_calibration_table_serialization_difference_upper": 921596,
        "initial_W_and_A_root_offset_caches": 113246144,
        "native_common_owner_host": 42088,
        "original_W_tile_descriptors_host_upper": 252480,
        "original_claim_batch_codec_upper": 457768960,
        "public_padding_host_upper": 55574528,
        "retained_initial_private_host_pads": 3145728,
        "retained_three_planes": 3221225472,
        "retention_EQ_host_upper": 6240,
        "retention_EQ_packet": 3584,
        "retention_flag": 256,
        "two_public_table_host_payloads": 47908144
      },
      "phase": "native_E_D34_A1_S1_late_retention",
      "remaining_shared_payload_capacity_bytes": 1210208812
    },
    {
      "is_complete_phase_peak": false,
      "lifetime": "Prescan scratch/device offsets retire before ring/frontier allocation. Current cursor/meta stay for hashing. The current cache is conservatively charged before its top digests are constructed.",
      "named_allocation_subtotal_bytes": 4742105940,
      "named_subtotal_exceeds_payload": false,
      "parts": {
        "device_persistent_or_single_replay_envelope": 785789696,
        "extension_previous_and_current_host_pads": 98304,
        "extension_previous_and_current_root_offset_caches": 11796416,
        "full_calibration_table_serialization_difference_upper": 921596,
        "initial_W_and_A_root_offset_caches": 113246144,
        "native_common_owner_host": 42088,
        "original_W_tile_descriptors_host_upper": 252480,
        "original_claim_batch_codec_upper": 457768960,
        "public_padding_host_upper": 55574528,
        "retained_initial_private_host_pads": 3145728,
        "retained_predecessor": 3221225472,
        "salt_current_device": 16777216,
        "salt_current_host": 16777216,
        "salt_meta": 256,
        "salt_prescan_scratch": 10519552,
        "salt_subtree_offsets_device": 262144,
        "two_public_table_host_payloads": 47908144
      },
      "phase": "native_E_D34_A1_S2_salt_prescan",
      "remaining_shared_payload_capacity_bytes": 1163474092
    },
    {
      "is_complete_phase_peak": false,
      "lifetime": "All stages use R=min(CPU R,H/2), paired cosets. One scratch/twiddle for24 serial base columns. A S1 remains original; later stages read retained planes. No extra A reconstruction.",
      "named_allocation_subtotal_bytes": 5538876788,
      "named_subtotal_exceeds_payload": false,
      "parts": {
        "E_EQ_packet_host_upper": 288,
        "E_EQ_shape_chunks_tables_pads": 49920,
        "E_forward_twiddles": 16777216,
        "E_frontier_group2": 335544320,
        "E_high_powers": 256,
        "E_low_powers": 33554432,
        "E_original_to_C_pad_marshalling_host_upper": 98304,
        "E_reused_salt_band": 2097152,
        "E_ring24R": 402653184,
        "E_salt_current_device": 16777216,
        "E_salt_current_host": 16777216,
        "E_salt_meta": 256,
        "E_sticky_flag": 256,
        "E_transpose_scratch": 16777216,
        "device_persistent_or_single_replay_envelope": 785789696,
        "extension_previous_and_current_host_pads": 98304,
        "extension_previous_and_current_root_offset_caches": 11796416,
        "full_calibration_table_serialization_difference_upper": 921596,
        "initial_W_and_A_root_offset_caches": 113246144,
        "native_common_owner_host": 42088,
        "original_W_tile_descriptors_host_upper": 252480,
        "original_claim_batch_codec_upper": 457768960,
        "public_padding_host_upper": 55574528,
        "retained_initial_private_host_pads": 3145728,
        "retained_predecessor": 3221225472,
        "two_public_table_host_payloads": 47908144
      },
      "phase": "native_E_D34_A1_S2_FFT",
      "remaining_shared_payload_capacity_bytes": 366703244
    },
    {
      "is_complete_phase_peak": false,
      "lifetime": "EQ/pad device packet and powers/FFT auxiliaries retire before hash. Two lanes publish R paired roots; the ring retires before further node outputs, preserving original salts and order.",
      "named_allocation_subtotal_bytes": 5538826324,
      "named_subtotal_exceeds_payload": false,
      "parts": {
        "E_frontier_group2": 335544320,
        "E_hash_flag": 256,
        "E_original_to_C_pad_marshalling_host_upper": 98304,
        "E_paired_hash_states_R": 67108864,
        "E_ring24R": 402653184,
        "E_salt_band": 2097152,
        "E_salt_current_device": 16777216,
        "E_salt_current_host": 16777216,
        "E_salt_meta": 256,
        "device_persistent_or_single_replay_envelope": 785789696,
        "extension_previous_and_current_host_pads": 98304,
        "extension_previous_and_current_root_offset_caches": 11796416,
        "full_calibration_table_serialization_difference_upper": 921596,
        "initial_W_and_A_root_offset_caches": 113246144,
        "native_common_owner_host": 42088,
        "original_W_tile_descriptors_host_upper": 252480,
        "original_claim_batch_codec_upper": 457768960,
        "public_padding_host_upper": 55574528,
        "retained_initial_private_host_pads": 3145728,
        "retained_predecessor": 3221225472,
        "two_public_table_host_payloads": 47908144
      },
      "phase": "native_E_D34_A1_S2_hash",
      "remaining_shared_payload_capacity_bytes": 366753708
    },
    {
      "is_complete_phase_peak": false,
      "lifetime": "Upper of final reductions after ring/salt retirement; top cache is already conservatively charged.",
      "named_allocation_subtotal_bytes": 5150852692,
      "named_subtotal_exceeds_payload": false,
      "parts": {
        "E_frontier_group2": 335544320,
        "E_pad_marshalling_host_upper": 98304,
        "E_roots_and_next_node_output": 100663296,
        "E_salt_current_host": 16777216,
        "device_persistent_or_single_replay_envelope": 785789696,
        "extension_previous_and_current_host_pads": 98304,
        "extension_previous_and_current_root_offset_caches": 11796416,
        "full_calibration_table_serialization_difference_upper": 921596,
        "initial_W_and_A_root_offset_caches": 113246144,
        "native_common_owner_host": 42088,
        "original_W_tile_descriptors_host_upper": 252480,
        "original_claim_batch_codec_upper": 457768960,
        "public_padding_host_upper": 55574528,
        "retained_initial_private_host_pads": 3145728,
        "retained_predecessor": 3221225472,
        "two_public_table_host_payloads": 47908144
      },
      "phase": "native_E_D34_A1_S2_nodes",
      "remaining_shared_payload_capacity_bytes": 754727340
    },
    {
      "is_complete_phase_peak": false,
      "lifetime": "One source loader for all3 limbs;4 remainder buffers, no original getter/D2H. 96q matrix+24q Rust column+24q C staging overlap until canonical check/free/publication. Both adjacent caches and predecessor planes stay alive through opening/release.",
      "named_allocation_subtotal_bytes": 5712941428,
      "named_subtotal_exceeds_payload": false,
      "parts": {
        "E_C_staged_column_host": 25165824,
        "E_Rust_EQ_packet_host_upper": 288,
        "E_Rust_column_host": 25165824,
        "E_Rust_pad_marshalling_host_upper": 98304,
        "E_forward_inverse_twiddles": 67110400,
        "E_four_remainders": 33554432,
        "E_private_shape_EQ_and_pads": 49920,
        "E_private_sticky_flag": 256,
        "E_private_three_limb_low": 25165824,
        "E_public_factor_spectra": 704643072,
        "E_returned_matrix_host": 100663296,
        "E_work_and_scratch": 33554432,
        "device_persistent_or_single_replay_envelope": 785789696,
        "extension_previous_and_current_host_pads": 98304,
        "extension_previous_and_current_root_offset_caches": 11796416,
        "full_calibration_table_serialization_difference_upper": 921596,
        "initial_W_and_A_root_offset_caches": 113246144,
        "native_common_owner_host": 42088,
        "original_W_tile_descriptors_host_upper": 252480,
        "original_claim_batch_codec_upper": 457768960,
        "public_padding_host_upper": 55574528,
        "retained_initial_private_host_pads": 3145728,
        "retained_predecessor": 3221225472,
        "two_public_table_host_payloads": 47908144
      },
      "phase": "native_E_D34_A1_S2_predecessor_E_query_publication",
      "remaining_shared_payload_capacity_bytes": 192638604
    },
    {
      "is_complete_phase_peak": false,
      "lifetime": "CPU query_tree_with/DFT construction is a preceding lifetime; matrix/private low/work not allocated yet. Reverse/inverse-series/multiply/DFT caches and Vec growth remain explicitly unquantified additional classes.",
      "named_allocation_subtotal_bytes": 5545020500,
      "named_subtotal_exceeds_payload": false,
      "parts": {
        "E_forward_inverse_twiddles": 67110400,
        "E_public_factor_spectra": 704643072,
        "current_inverse_modulus_spectra": 33554432,
        "current_polynomial_level_upper": 16777216,
        "device_persistent_or_single_replay_envelope": 785789696,
        "extension_previous_and_current_host_pads": 98304,
        "extension_previous_and_current_root_offset_caches": 11796416,
        "full_calibration_table_serialization_difference_upper": 921596,
        "initial_W_and_A_root_offset_caches": 113246144,
        "native_common_owner_host": 42088,
        "one_upload_conversion": 16777216,
        "original_W_tile_descriptors_host_upper": 252480,
        "original_claim_batch_codec_upper": 457768960,
        "public_padding_host_upper": 55574528,
        "public_points": 8388608,
        "retained_initial_private_host_pads": 3145728,
        "retained_predecessor": 3221225472,
        "two_public_table_host_payloads": 47908144
      },
      "phase": "native_E_D34_A1_S2_predecessor_E_public_factor_construction",
      "remaining_shared_payload_capacity_bytes": 360559532
    },
    {
      "is_complete_phase_peak": false,
      "lifetime": "Old+new planes coexist through successful fold/fence/typed retirement; previous cache already released.",
      "named_allocation_subtotal_bytes": 5493589876,
      "named_subtotal_exceeds_payload": false,
      "parts": {
        "current_extension_cache": 2359264,
        "current_extension_host_pads": 49152,
        "device_persistent_or_single_replay_envelope": 785789696,
        "fold_flag": 256,
        "full_calibration_table_serialization_difference_upper": 921596,
        "initial_W_and_A_root_offset_caches": 113246144,
        "native_common_owner_host": 42088,
        "original_W_tile_descriptors_host_upper": 252480,
        "original_claim_batch_codec_upper": 457768960,
        "predecessor_three_planes": 3221225472,
        "public_padding_host_upper": 55574528,
        "retained_initial_private_host_pads": 3145728,
        "successor_three_planes": 805306368,
        "two_public_table_host_payloads": 47908144
      },
      "phase": "native_E_D34_A1_S2_promotion",
      "remaining_shared_payload_capacity_bytes": 411990156
    },
    {
      "is_complete_phase_peak": false,
      "lifetime": "Prescan scratch/device offsets retire before ring/frontier allocation. Current cursor/meta stay for hashing. The current cache is conservatively charged before its top digests are constructed.",
      "named_allocation_subtotal_bytes": 2417806164,
      "named_subtotal_exceeds_payload": false,
      "parts": {
        "device_persistent_or_single_replay_envelope": 785789696,
        "extension_previous_and_current_host_pads": 98304,
        "extension_previous_and_current_root_offset_caches": 2949056,
        "full_calibration_table_serialization_difference_upper": 921596,
        "initial_W_and_A_root_offset_caches": 113246144,
        "native_common_owner_host": 42088,
        "original_W_tile_descriptors_host_upper": 252480,
        "original_claim_batch_codec_upper": 457768960,
        "public_padding_host_upper": 55574528,
        "retained_initial_private_host_pads": 3145728,
        "retained_predecessor": 805306368,
        "salt_current_device": 67108864,
        "salt_current_host": 67108864,
        "salt_meta": 256,
        "salt_prescan_scratch": 10519552,
        "salt_subtree_offsets_device": 65536,
        "two_public_table_host_payloads": 47908144
      },
      "phase": "native_E_D34_A1_S3_salt_prescan",
      "remaining_shared_payload_capacity_bytes": 3487773868
    },
    {
      "is_complete_phase_peak": false,
      "lifetime": "All stages use R=min(CPU R,H/2), paired cosets. One scratch/twiddle for24 serial base columns. A S1 remains original; later stages read retained planes. No extra A reconstruction.",
      "named_allocation_subtotal_bytes": 4556950900,
      "named_subtotal_exceeds_payload": false,
      "parts": {
        "E_EQ_packet_host_upper": 288,
        "E_EQ_shape_chunks_tables_pads": 49920,
        "E_forward_twiddles": 67108864,
        "E_frontier_group2": 268435456,
        "E_high_powers": 256,
        "E_low_powers": 134217728,
        "E_original_to_C_pad_marshalling_host_upper": 98304,
        "E_reused_salt_band": 2097152,
        "E_ring24R": 1610612736,
        "E_salt_current_device": 67108864,
        "E_salt_current_host": 67108864,
        "E_salt_meta": 256,
        "E_sticky_flag": 256,
        "E_transpose_scratch": 67108864,
        "device_persistent_or_single_replay_envelope": 785789696,
        "extension_previous_and_current_host_pads": 98304,
        "extension_previous_and_current_root_offset_caches": 2949056,
        "full_calibration_table_serialization_difference_upper": 921596,
        "initial_W_and_A_root_offset_caches": 113246144,
        "native_common_owner_host": 42088,
        "original_W_tile_descriptors_host_upper": 252480,
        "original_claim_batch_codec_upper": 457768960,
        "public_padding_host_upper": 55574528,
        "retained_initial_private_host_pads": 3145728,
        "retained_predecessor": 805306368,
        "two_public_table_host_payloads": 47908144
      },
      "phase": "native_E_D34_A1_S3_FFT",
      "remaining_shared_payload_capacity_bytes": 1348629132
    },
    {
      "is_complete_phase_peak": false,
      "lifetime": "EQ/pad device packet and powers/FFT auxiliaries retire before hash. Two lanes publish R paired roots; the ring retires before further node outputs, preserving original salts and order.",
      "named_allocation_subtotal_bytes": 4556900436,
      "named_subtotal_exceeds_payload": false,
      "parts": {
        "E_frontier_group2": 268435456,
        "E_hash_flag": 256,
        "E_original_to_C_pad_marshalling_host_upper": 98304,
        "E_paired_hash_states_R": 268435456,
        "E_ring24R": 1610612736,
        "E_salt_band": 2097152,
        "E_salt_current_device": 67108864,
        "E_salt_current_host": 67108864,
        "E_salt_meta": 256,
        "device_persistent_or_single_replay_envelope": 785789696,
        "extension_previous_and_current_host_pads": 98304,
        "extension_previous_and_current_root_offset_caches": 2949056,
        "full_calibration_table_serialization_difference_upper": 921596,
        "initial_W_and_A_root_offset_caches": 113246144,
        "native_common_owner_host": 42088,
        "original_W_tile_descriptors_host_upper": 252480,
        "original_claim_batch_codec_upper": 457768960,
        "public_padding_host_upper": 55574528,
        "retained_initial_private_host_pads": 3145728,
        "retained_predecessor": 805306368,
        "two_public_table_host_payloads": 47908144
      },
      "phase": "native_E_D34_A1_S3_hash",
      "remaining_shared_payload_capacity_bytes": 1348679596
    },
    {
      "is_complete_phase_peak": false,
      "lifetime": "Upper of final reductions after ring/salt retirement; top cache is already conservatively charged.",
      "named_allocation_subtotal_bytes": 3011298900,
      "named_subtotal_exceeds_payload": false,
      "parts": {
        "E_frontier_group2": 268435456,
        "E_pad_marshalling_host_upper": 98304,
        "E_roots_and_next_node_output": 402653184,
        "E_salt_current_host": 67108864,
        "device_persistent_or_single_replay_envelope": 785789696,
        "extension_previous_and_current_host_pads": 98304,
        "extension_previous_and_current_root_offset_caches": 2949056,
        "full_calibration_table_serialization_difference_upper": 921596,
        "initial_W_and_A_root_offset_caches": 113246144,
        "native_common_owner_host": 42088,
        "original_W_tile_descriptors_host_upper": 252480,
        "original_claim_batch_codec_upper": 457768960,
        "public_padding_host_upper": 55574528,
        "retained_initial_private_host_pads": 3145728,
        "retained_predecessor": 805306368,
        "two_public_table_host_payloads": 47908144
      },
      "phase": "native_E_D34_A1_S3_nodes",
      "remaining_shared_payload_capacity_bytes": 2894281132
    },
    {
      "is_complete_phase_peak": false,
      "lifetime": "One source loader for all3 limbs;4 remainder buffers, no original getter/D2H. 96q matrix+24q Rust column+24q C staging overlap until canonical check/free/publication. Both adjacent caches and predecessor planes stay alive through opening/release.",
      "named_allocation_subtotal_bytes": 3288174964,
      "named_subtotal_exceeds_payload": false,
      "parts": {
        "E_C_staged_column_host": 25165824,
        "E_Rust_EQ_packet_host_upper": 288,
        "E_Rust_column_host": 25165824,
        "E_Rust_pad_marshalling_host_upper": 98304,
        "E_forward_inverse_twiddles": 67110400,
        "E_four_remainders": 33554432,
        "E_private_shape_EQ_and_pads": 49920,
        "E_private_sticky_flag": 256,
        "E_private_three_limb_low": 25165824,
        "E_public_factor_spectra": 704643072,
        "E_returned_matrix_host": 100663296,
        "E_work_and_scratch": 33554432,
        "device_persistent_or_single_replay_envelope": 785789696,
        "extension_previous_and_current_host_pads": 98304,
        "extension_previous_and_current_root_offset_caches": 2949056,
        "full_calibration_table_serialization_difference_upper": 921596,
        "initial_W_and_A_root_offset_caches": 113246144,
        "native_common_owner_host": 42088,
        "original_W_tile_descriptors_host_upper": 252480,
        "original_claim_batch_codec_upper": 457768960,
        "public_padding_host_upper": 55574528,
        "retained_initial_private_host_pads": 3145728,
        "retained_predecessor": 805306368,
        "two_public_table_host_payloads": 47908144
      },
      "phase": "native_E_D34_A1_S3_predecessor_E_query_publication",
      "remaining_shared_payload_capacity_bytes": 2617405068
    },
    {
      "is_complete_phase_peak": false,
      "lifetime": "CPU query_tree_with/DFT construction is a preceding lifetime; matrix/private low/work not allocated yet. Reverse/inverse-series/multiply/DFT caches and Vec growth remain explicitly unquantified additional classes.",
      "named_allocation_subtotal_bytes": 3120254036,
      "named_subtotal_exceeds_payload": false,
      "parts": {
        "E_forward_inverse_twiddles": 67110400,
        "E_public_factor_spectra": 704643072,
        "current_inverse_modulus_spectra": 33554432,
        "current_polynomial_level_upper": 16777216,
        "device_persistent_or_single_replay_envelope": 785789696,
        "extension_previous_and_current_host_pads": 98304,
        "extension_previous_and_current_root_offset_caches": 2949056,
        "full_calibration_table_serialization_difference_upper": 921596,
        "initial_W_and_A_root_offset_caches": 113246144,
        "native_common_owner_host": 42088,
        "one_upload_conversion": 16777216,
        "original_W_tile_descriptors_host_upper": 252480,
        "original_claim_batch_codec_upper": 457768960,
        "public_padding_host_upper": 55574528,
        "public_points": 8388608,
        "retained_initial_private_host_pads": 3145728,
        "retained_predecessor": 805306368,
        "two_public_table_host_payloads": 47908144
      },
      "phase": "native_E_D34_A1_S3_predecessor_E_public_factor_construction",
      "remaining_shared_payload_capacity_bytes": 2785325996
    },
    {
      "is_complete_phase_peak": false,
      "lifetime": "Old+new planes coexist through successful fold/fence/typed retirement; previous cache already released.",
      "named_allocation_subtotal_bytes": 2471921524,
      "named_subtotal_exceeds_payload": false,
      "parts": {
        "current_extension_cache": 589792,
        "current_extension_host_pads": 49152,
        "device_persistent_or_single_replay_envelope": 785789696,
        "fold_flag": 256,
        "full_calibration_table_serialization_difference_upper": 921596,
        "initial_W_and_A_root_offset_caches": 113246144,
        "native_common_owner_host": 42088,
        "original_W_tile_descriptors_host_upper": 252480,
        "original_claim_batch_codec_upper": 457768960,
        "predecessor_three_planes": 805306368,
        "public_padding_host_upper": 55574528,
        "retained_initial_private_host_pads": 3145728,
        "successor_three_planes": 201326592,
        "two_public_table_host_payloads": 47908144
      },
      "phase": "native_E_D34_A1_S3_promotion",
      "remaining_shared_payload_capacity_bytes": 3433658508
    },
    {
      "is_complete_phase_peak": false,
      "lifetime": "Prescan scratch/device offsets retire before ring/frontier allocation. Current cursor/meta stay for hashing. The current cache is conservatively charged before its top digests are constructed.",
      "named_allocation_subtotal_bytes": 1744456532,
      "named_subtotal_exceeds_payload": false,
      "parts": {
        "device_persistent_or_single_replay_envelope": 785789696,
        "extension_previous_and_current_host_pads": 98304,
        "extension_previous_and_current_root_offset_caches": 737216,
        "full_calibration_table_serialization_difference_upper": 921596,
        "initial_W_and_A_root_offset_caches": 113246144,
        "native_common_owner_host": 42088,
        "original_W_tile_descriptors_host_upper": 252480,
        "original_claim_batch_codec_upper": 457768960,
        "public_padding_host_upper": 55574528,
        "retained_initial_private_host_pads": 3145728,
        "retained_predecessor": 201326592,
        "salt_current_device": 33554432,
        "salt_current_host": 33554432,
        "salt_meta": 256,
        "salt_prescan_scratch": 10519552,
        "salt_subtree_offsets_device": 16384,
        "two_public_table_host_payloads": 47908144
      },
      "phase": "native_E_D34_A1_S4_salt_prescan",
      "remaining_shared_payload_capacity_bytes": 4161123500
    },
    {
      "is_complete_phase_peak": false,
      "lifetime": "All stages use R=min(CPU R,H/2), paired cosets. One scratch/twiddle for24 serial base columns. A S1 remains original; later stages read retained planes. No extra A reconstruction.",
      "named_allocation_subtotal_bytes": 2673593716,
      "named_subtotal_exceeds_payload": false,
      "parts": {
        "E_EQ_packet_host_upper": 288,
        "E_EQ_shape_chunks_tables_pads": 49920,
        "E_forward_twiddles": 33554432,
        "E_frontier_group2": 0,
        "E_high_powers": 256,
        "E_low_powers": 67108864,
        "E_original_to_C_pad_marshalling_host_upper": 98304,
        "E_reused_salt_band": 0,
        "E_ring24R": 805306368,
        "E_salt_current_device": 33554432,
        "E_salt_current_host": 33554432,
        "E_salt_meta": 256,
        "E_sticky_flag": 256,
        "E_transpose_scratch": 33554432,
        "device_persistent_or_single_replay_envelope": 785789696,
        "extension_previous_and_current_host_pads": 98304,
        "extension_previous_and_current_root_offset_caches": 737216,
        "full_calibration_table_serialization_difference_upper": 921596,
        "initial_W_and_A_root_offset_caches": 113246144,
        "native_common_owner_host": 42088,
        "original_W_tile_descriptors_host_upper": 252480,
        "original_claim_batch_codec_upper": 457768960,
        "public_padding_host_upper": 55574528,
        "retained_initial_private_host_pads": 3145728,
        "retained_predecessor": 201326592,
        "two_public_table_host_payloads": 47908144
      },
      "phase": "native_E_D34_A1_S4_FFT",
      "remaining_shared_payload_capacity_bytes": 3231986316
    },
    {
      "is_complete_phase_peak": false,
      "lifetime": "EQ/pad device packet and powers/FFT auxiliaries retire before hash. Two lanes publish R paired roots; the ring retires before further node outputs, preserving original salts and order.",
      "named_allocation_subtotal_bytes": 2675640404,
      "named_subtotal_exceeds_payload": false,
      "parts": {
        "E_frontier_group2": 0,
        "E_hash_flag": 256,
        "E_original_to_C_pad_marshalling_host_upper": 98304,
        "E_paired_hash_states_R": 134217728,
        "E_ring24R": 805306368,
        "E_salt_band": 2097152,
        "E_salt_current_device": 33554432,
        "E_salt_current_host": 33554432,
        "E_salt_meta": 256,
        "device_persistent_or_single_replay_envelope": 785789696,
        "extension_previous_and_current_host_pads": 98304,
        "extension_previous_and_current_root_offset_caches": 737216,
        "full_calibration_table_serialization_difference_upper": 921596,
        "initial_W_and_A_root_offset_caches": 113246144,
        "native_common_owner_host": 42088,
        "original_W_tile_descriptors_host_upper": 252480,
        "original_claim_batch_codec_upper": 457768960,
        "public_padding_host_upper": 55574528,
        "retained_initial_private_host_pads": 3145728,
        "retained_predecessor": 201326592,
        "two_public_table_host_payloads": 47908144
      },
      "phase": "native_E_D34_A1_S4_hash",
      "remaining_shared_payload_capacity_bytes": 3229939628
    },
    {
      "is_complete_phase_peak": false,
      "lifetime": "Upper of final reductions after ring/salt retirement; top cache is already conservatively charged.",
      "named_allocation_subtotal_bytes": 1901790804,
      "named_subtotal_exceeds_payload": false,
      "parts": {
        "E_frontier_group2": 0,
        "E_pad_marshalling_host_upper": 98304,
        "E_roots_and_next_node_output": 201326592,
        "E_salt_current_host": 33554432,
        "device_persistent_or_single_replay_envelope": 785789696,
        "extension_previous_and_current_host_pads": 98304,
        "extension_previous_and_current_root_offset_caches": 737216,
        "full_calibration_table_serialization_difference_upper": 921596,
        "initial_W_and_A_root_offset_caches": 113246144,
        "native_common_owner_host": 42088,
        "original_W_tile_descriptors_host_upper": 252480,
        "original_claim_batch_codec_upper": 457768960,
        "public_padding_host_upper": 55574528,
        "retained_initial_private_host_pads": 3145728,
        "retained_predecessor": 201326592,
        "two_public_table_host_payloads": 47908144
      },
      "phase": "native_E_D34_A1_S4_nodes",
      "remaining_shared_payload_capacity_bytes": 4003789228
    },
    {
      "is_complete_phase_peak": false,
      "lifetime": "One source loader for all3 limbs;4 remainder buffers, no original getter/D2H. 96q matrix+24q Rust column+24q C staging overlap until canonical check/free/publication. Both adjacent caches and predecessor planes stay alive through opening/release.",
      "named_allocation_subtotal_bytes": 2681983348,
      "named_subtotal_exceeds_payload": false,
      "parts": {
        "E_C_staged_column_host": 25165824,
        "E_Rust_EQ_packet_host_upper": 288,
        "E_Rust_column_host": 25165824,
        "E_Rust_pad_marshalling_host_upper": 98304,
        "E_forward_inverse_twiddles": 67110400,
        "E_four_remainders": 33554432,
        "E_private_shape_EQ_and_pads": 49920,
        "E_private_sticky_flag": 256,
        "E_private_three_limb_low": 25165824,
        "E_public_factor_spectra": 704643072,
        "E_returned_matrix_host": 100663296,
        "E_work_and_scratch": 33554432,
        "device_persistent_or_single_replay_envelope": 785789696,
        "extension_previous_and_current_host_pads": 98304,
        "extension_previous_and_current_root_offset_caches": 737216,
        "full_calibration_table_serialization_difference_upper": 921596,
        "initial_W_and_A_root_offset_caches": 113246144,
        "native_common_owner_host": 42088,
        "original_W_tile_descriptors_host_upper": 252480,
        "original_claim_batch_codec_upper": 457768960,
        "public_padding_host_upper": 55574528,
        "retained_initial_private_host_pads": 3145728,
        "retained_predecessor": 201326592,
        "two_public_table_host_payloads": 47908144
      },
      "phase": "native_E_D34_A1_S4_predecessor_E_query_publication",
      "remaining_shared_payload_capacity_bytes": 3223596684
    },
    {
      "is_complete_phase_peak": false,
      "lifetime": "CPU query_tree_with/DFT construction is a preceding lifetime; matrix/private low/work not allocated yet. Reverse/inverse-series/multiply/DFT caches and Vec growth remain explicitly unquantified additional classes.",
      "named_allocation_subtotal_bytes": 2514062420,
      "named_subtotal_exceeds_payload": false,
      "parts": {
        "E_forward_inverse_twiddles": 67110400,
        "E_public_factor_spectra": 704643072,
        "current_inverse_modulus_spectra": 33554432,
        "current_polynomial_level_upper": 16777216,
        "device_persistent_or_single_replay_envelope": 785789696,
        "extension_previous_and_current_host_pads": 98304,
        "extension_previous_and_current_root_offset_caches": 737216,
        "full_calibration_table_serialization_difference_upper": 921596,
        "initial_W_and_A_root_offset_caches": 113246144,
        "native_common_owner_host": 42088,
        "one_upload_conversion": 16777216,
        "original_W_tile_descriptors_host_upper": 252480,
        "original_claim_batch_codec_upper": 457768960,
        "public_padding_host_upper": 55574528,
        "public_points": 8388608,
        "retained_initial_private_host_pads": 3145728,
        "retained_predecessor": 201326592,
        "two_public_table_host_payloads": 47908144
      },
      "phase": "native_E_D34_A1_S4_predecessor_E_public_factor_construction",
      "remaining_shared_payload_capacity_bytes": 3391517612
    },
    {
      "is_complete_phase_peak": false,
      "lifetime": "Old+new planes coexist through successful fold/fence/typed retirement; previous cache already released.",
      "named_allocation_subtotal_bytes": 1716504436,
      "named_subtotal_exceeds_payload": false,
      "parts": {
        "current_extension_cache": 147424,
        "current_extension_host_pads": 49152,
        "device_persistent_or_single_replay_envelope": 785789696,
        "fold_flag": 256,
        "full_calibration_table_serialization_difference_upper": 921596,
        "initial_W_and_A_root_offset_caches": 113246144,
        "native_common_owner_host": 42088,
        "original_W_tile_descriptors_host_upper": 252480,
        "original_claim_batch_codec_upper": 457768960,
        "predecessor_three_planes": 201326592,
        "public_padding_host_upper": 55574528,
        "retained_initial_private_host_pads": 3145728,
        "successor_three_planes": 50331648,
        "two_public_table_host_payloads": 47908144
      },
      "phase": "native_E_D34_A1_S4_promotion",
      "remaining_shared_payload_capacity_bytes": 4189075596
    },
    {
      "is_complete_phase_peak": false,
      "lifetime": "Prescan scratch/device offsets retire before ring/frontier allocation. Current cursor/meta stay for hashing. The current cache is conservatively charged before its top digests are constructed.",
      "named_allocation_subtotal_bytes": 1537305428,
      "named_subtotal_exceeds_payload": false,
      "parts": {
        "device_persistent_or_single_replay_envelope": 785789696,
        "extension_previous_and_current_host_pads": 98304,
        "extension_previous_and_current_root_offset_caches": 184256,
        "full_calibration_table_serialization_difference_upper": 921596,
        "initial_W_and_A_root_offset_caches": 113246144,
        "native_common_owner_host": 42088,
        "original_W_tile_descriptors_host_upper": 252480,
        "original_claim_batch_codec_upper": 457768960,
        "public_padding_host_upper": 55574528,
        "retained_initial_private_host_pads": 3145728,
        "retained_predecessor": 50331648,
        "salt_current_device": 8388608,
        "salt_current_host": 8388608,
        "salt_meta": 256,
        "salt_prescan_scratch": 5260288,
        "salt_subtree_offsets_device": 4096,
        "two_public_table_host_payloads": 47908144
      },
      "phase": "native_E_D34_A1_S5_salt_prescan",
      "remaining_shared_payload_capacity_bytes": 4368274604
    },
    {
      "is_complete_phase_peak": false,
      "lifetime": "All stages use R=min(CPU R,H/2), paired cosets. One scratch/twiddle for24 serial base columns. A S1 remains original; later stages read retained planes. No extra A reconstruction.",
      "named_allocation_subtotal_bytes": 1767071092,
      "named_subtotal_exceeds_payload": false,
      "parts": {
        "E_EQ_packet_host_upper": 288,
        "E_EQ_shape_chunks_tables_pads": 49920,
        "E_forward_twiddles": 8388608,
        "E_frontier_group2": 0,
        "E_high_powers": 256,
        "E_low_powers": 16777216,
        "E_original_to_C_pad_marshalling_host_upper": 98304,
        "E_reused_salt_band": 0,
        "E_ring24R": 201326592,
        "E_salt_current_device": 8388608,
        "E_salt_current_host": 8388608,
        "E_salt_meta": 256,
        "E_sticky_flag": 256,
        "E_transpose_scratch": 8388608,
        "device_persistent_or_single_replay_envelope": 785789696,
        "extension_previous_and_current_host_pads": 98304,
        "extension_previous_and_current_root_offset_caches": 184256,
        "full_calibration_table_serialization_difference_upper": 921596,
        "initial_W_and_A_root_offset_caches": 113246144,
        "native_common_owner_host": 42088,
        "original_W_tile_descriptors_host_upper": 252480,
        "original_claim_batch_codec_upper": 457768960,
        "public_padding_host_upper": 55574528,
        "retained_initial_private_host_pads": 3145728,
        "retained_predecessor": 50331648,
        "two_public_table_host_payloads": 47908144
      },
      "phase": "native_E_D34_A1_S5_FFT",
      "remaining_shared_payload_capacity_bytes": 4138508940
    },
    {
      "is_complete_phase_peak": false,
      "lifetime": "EQ/pad device packet and powers/FFT auxiliaries retire before hash. Two lanes publish R paired roots; the ring retires before further node outputs, preserving original salts and order.",
      "named_allocation_subtotal_bytes": 1769117780,
      "named_subtotal_exceeds_payload": false,
      "parts": {
        "E_frontier_group2": 0,
        "E_hash_flag": 256,
        "E_original_to_C_pad_marshalling_host_upper": 98304,
        "E_paired_hash_states_R": 33554432,
        "E_ring24R": 201326592,
        "E_salt_band": 2097152,
        "E_salt_current_device": 8388608,
        "E_salt_current_host": 8388608,
        "E_salt_meta": 256,
        "device_persistent_or_single_replay_envelope": 785789696,
        "extension_previous_and_current_host_pads": 98304,
        "extension_previous_and_current_root_offset_caches": 184256,
        "full_calibration_table_serialization_difference_upper": 921596,
        "initial_W_and_A_root_offset_caches": 113246144,
        "native_common_owner_host": 42088,
        "original_W_tile_descriptors_host_upper": 252480,
        "original_claim_batch_codec_upper": 457768960,
        "public_padding_host_upper": 55574528,
        "retained_initial_private_host_pads": 3145728,
        "retained_predecessor": 50331648,
        "two_public_table_host_payloads": 47908144
      },
      "phase": "native_E_D34_A1_S5_hash",
      "remaining_shared_payload_capacity_bytes": 4136462252
    },
    {
      "is_complete_phase_peak": false,
      "lifetime": "Upper of final reductions after ring/salt retirement; top cache is already conservatively charged.",
      "named_allocation_subtotal_bytes": 1574082132,
      "named_subtotal_exceeds_payload": false,
      "parts": {
        "E_frontier_group2": 0,
        "E_pad_marshalling_host_upper": 98304,
        "E_roots_and_next_node_output": 50331648,
        "E_salt_current_host": 8388608,
        "device_persistent_or_single_replay_envelope": 785789696,
        "extension_previous_and_current_host_pads": 98304,
        "extension_previous_and_current_root_offset_caches": 184256,
        "full_calibration_table_serialization_difference_upper": 921596,
        "initial_W_and_A_root_offset_caches": 113246144,
        "native_common_owner_host": 42088,
        "original_W_tile_descriptors_host_upper": 252480,
        "original_claim_batch_codec_upper": 457768960,
        "public_padding_host_upper": 55574528,
        "retained_initial_private_host_pads": 3145728,
        "retained_predecessor": 50331648,
        "two_public_table_host_payloads": 47908144
      },
      "phase": "native_E_D34_A1_S5_nodes",
      "remaining_shared_payload_capacity_bytes": 4331497900
    },
    {
      "is_complete_phase_peak": false,
      "lifetime": "One source loader for all3 limbs;4 remainder buffers, no original getter/D2H. 96q matrix+24q Rust column+24q C staging overlap until canonical check/free/publication. Both adjacent caches and predecessor planes stay alive through opening/release.",
      "named_allocation_subtotal_bytes": 2530435444,
      "named_subtotal_exceeds_payload": false,
      "parts": {
        "E_C_staged_column_host": 25165824,
        "E_Rust_EQ_packet_host_upper": 288,
        "E_Rust_column_host": 25165824,
        "E_Rust_pad_marshalling_host_upper": 98304,
        "E_forward_inverse_twiddles": 67110400,
        "E_four_remainders": 33554432,
        "E_private_shape_EQ_and_pads": 49920,
        "E_private_sticky_flag": 256,
        "E_private_three_limb_low": 25165824,
        "E_public_factor_spectra": 704643072,
        "E_returned_matrix_host": 100663296,
        "E_work_and_scratch": 33554432,
        "device_persistent_or_single_replay_envelope": 785789696,
        "extension_previous_and_current_host_pads": 98304,
        "extension_previous_and_current_root_offset_caches": 184256,
        "full_calibration_table_serialization_difference_upper": 921596,
        "initial_W_and_A_root_offset_caches": 113246144,
        "native_common_owner_host": 42088,
        "original_W_tile_descriptors_host_upper": 252480,
        "original_claim_batch_codec_upper": 457768960,
        "public_padding_host_upper": 55574528,
        "retained_initial_private_host_pads": 3145728,
        "retained_predecessor": 50331648,
        "two_public_table_host_payloads": 47908144
      },
      "phase": "native_E_D34_A1_S5_predecessor_E_query_publication",
      "remaining_shared_payload_capacity_bytes": 3375144588
    },
    {
      "is_complete_phase_peak": false,
      "lifetime": "CPU query_tree_with/DFT construction is a preceding lifetime; matrix/private low/work not allocated yet. Reverse/inverse-series/multiply/DFT caches and Vec growth remain explicitly unquantified additional classes.",
      "named_allocation_subtotal_bytes": 2362514516,
      "named_subtotal_exceeds_payload": false,
      "parts": {
        "E_forward_inverse_twiddles": 67110400,
        "E_public_factor_spectra": 704643072,
        "current_inverse_modulus_spectra": 33554432,
        "current_polynomial_level_upper": 16777216,
        "device_persistent_or_single_replay_envelope": 785789696,
        "extension_previous_and_current_host_pads": 98304,
        "extension_previous_and_current_root_offset_caches": 184256,
        "full_calibration_table_serialization_difference_upper": 921596,
        "initial_W_and_A_root_offset_caches": 113246144,
        "native_common_owner_host": 42088,
        "one_upload_conversion": 16777216,
        "original_W_tile_descriptors_host_upper": 252480,
        "original_claim_batch_codec_upper": 457768960,
        "public_padding_host_upper": 55574528,
        "public_points": 8388608,
        "retained_initial_private_host_pads": 3145728,
        "retained_predecessor": 50331648,
        "two_public_table_host_payloads": 47908144
      },
      "phase": "native_E_D34_A1_S5_predecessor_E_public_factor_construction",
      "remaining_shared_payload_capacity_bytes": 3543065516
    },
    {
      "is_complete_phase_peak": false,
      "lifetime": "Old+new planes coexist through successful fold/fence/typed retirement; previous cache already released.",
      "named_allocation_subtotal_bytes": 1527650164,
      "named_subtotal_exceeds_payload": false,
      "parts": {
        "current_extension_cache": 36832,
        "current_extension_host_pads": 49152,
        "device_persistent_or_single_replay_envelope": 785789696,
        "fold_flag": 256,
        "full_calibration_table_serialization_difference_upper": 921596,
        "initial_W_and_A_root_offset_caches": 113246144,
        "native_common_owner_host": 42088,
        "original_W_tile_descriptors_host_upper": 252480,
        "original_claim_batch_codec_upper": 457768960,
        "predecessor_three_planes": 50331648,
        "public_padding_host_upper": 55574528,
        "retained_initial_private_host_pads": 3145728,
        "successor_three_planes": 12582912,
        "two_public_table_host_payloads": 47908144
      },
      "phase": "native_E_D34_A1_S5_promotion",
      "remaining_shared_payload_capacity_bytes": 4377929868
    },
    {
      "is_complete_phase_peak": false,
      "lifetime": "Prescan scratch/device offsets retire before ring/frontier allocation. Current cursor/meta stay for hashing. The current cache is conservatively charged before its top digests are constructed.",
      "named_allocation_subtotal_bytes": 1482888020,
      "named_subtotal_exceeds_payload": false,
      "parts": {
        "device_persistent_or_single_replay_envelope": 785789696,
        "extension_previous_and_current_host_pads": 98304,
        "extension_previous_and_current_root_offset_caches": 46016,
        "full_calibration_table_serialization_difference_upper": 921596,
        "initial_W_and_A_root_offset_caches": 113246144,
        "native_common_owner_host": 42088,
        "original_W_tile_descriptors_host_upper": 252480,
        "original_claim_batch_codec_upper": 457768960,
        "public_padding_host_upper": 55574528,
        "retained_initial_private_host_pads": 3145728,
        "retained_predecessor": 12582912,
        "salt_current_device": 2097152,
        "salt_current_host": 2097152,
        "salt_meta": 256,
        "salt_prescan_scratch": 1315840,
        "salt_subtree_offsets_device": 1024,
        "two_public_table_host_payloads": 47908144
      },
      "phase": "native_E_D34_A1_S6_salt_prescan",
      "remaining_shared_payload_capacity_bytes": 4422692012
    },
    {
      "is_complete_phase_peak": false,
      "lifetime": "All stages use R=min(CPU R,H/2), paired cosets. One scratch/twiddle for24 serial base columns. A S1 remains original; later stages read retained planes. No extra A reconstruction.",
      "named_allocation_subtotal_bytes": 1540440436,
      "named_subtotal_exceeds_payload": false,
      "parts": {
        "E_EQ_packet_host_upper": 288,
        "E_EQ_shape_chunks_tables_pads": 49920,
        "E_forward_twiddles": 2097152,
        "E_frontier_group2": 0,
        "E_high_powers": 256,
        "E_low_powers": 4194304,
        "E_original_to_C_pad_marshalling_host_upper": 98304,
        "E_reused_salt_band": 0,
        "E_ring24R": 50331648,
        "E_salt_current_device": 2097152,
        "E_salt_current_host": 2097152,
        "E_salt_meta": 256,
        "E_sticky_flag": 256,
        "E_transpose_scratch": 2097152,
        "device_persistent_or_single_replay_envelope": 785789696,
        "extension_previous_and_current_host_pads": 98304,
        "extension_previous_and_current_root_offset_caches": 46016,
        "full_calibration_table_serialization_difference_upper": 921596,
        "initial_W_and_A_root_offset_caches": 113246144,
        "native_common_owner_host": 42088,
        "original_W_tile_descriptors_host_upper": 252480,
        "original_claim_batch_codec_upper": 457768960,
        "public_padding_host_upper": 55574528,
        "retained_initial_private_host_pads": 3145728,
        "retained_predecessor": 12582912,
        "two_public_table_host_payloads": 47908144
      },
      "phase": "native_E_D34_A1_S6_FFT",
      "remaining_shared_payload_capacity_bytes": 4365139596
    },
    {
      "is_complete_phase_peak": false,
      "lifetime": "EQ/pad device packet and powers/FFT auxiliaries retire before hash. Two lanes publish R paired roots; the ring retires before further node outputs, preserving original salts and order.",
      "named_allocation_subtotal_bytes": 1542487124,
      "named_subtotal_exceeds_payload": false,
      "parts": {
        "E_frontier_group2": 0,
        "E_hash_flag": 256,
        "E_original_to_C_pad_marshalling_host_upper": 98304,
        "E_paired_hash_states_R": 8388608,
        "E_ring24R": 50331648,
        "E_salt_band": 2097152,
        "E_salt_current_device": 2097152,
        "E_salt_current_host": 2097152,
        "E_salt_meta": 256,
        "device_persistent_or_single_replay_envelope": 785789696,
        "extension_previous_and_current_host_pads": 98304,
        "extension_previous_and_current_root_offset_caches": 46016,
        "full_calibration_table_serialization_difference_upper": 921596,
        "initial_W_and_A_root_offset_caches": 113246144,
        "native_common_owner_host": 42088,
        "original_W_tile_descriptors_host_upper": 252480,
        "original_claim_batch_codec_upper": 457768960,
        "public_padding_host_upper": 55574528,
        "retained_initial_private_host_pads": 3145728,
        "retained_predecessor": 12582912,
        "two_public_table_host_payloads": 47908144
      },
      "phase": "native_E_D34_A1_S6_hash",
      "remaining_shared_payload_capacity_bytes": 4363092908
    },
    {
      "is_complete_phase_peak": false,
      "lifetime": "Upper of final reductions after ring/salt retirement; top cache is already conservatively charged.",
      "named_allocation_subtotal_bytes": 1492154964,
      "named_subtotal_exceeds_payload": false,
      "parts": {
        "E_frontier_group2": 0,
        "E_pad_marshalling_host_upper": 98304,
        "E_roots_and_next_node_output": 12582912,
        "E_salt_current_host": 2097152,
        "device_persistent_or_single_replay_envelope": 785789696,
        "extension_previous_and_current_host_pads": 98304,
        "extension_previous_and_current_root_offset_caches": 46016,
        "full_calibration_table_serialization_difference_upper": 921596,
        "initial_W_and_A_root_offset_caches": 113246144,
        "native_common_owner_host": 42088,
        "original_W_tile_descriptors_host_upper": 252480,
        "original_claim_batch_codec_upper": 457768960,
        "public_padding_host_upper": 55574528,
        "retained_initial_private_host_pads": 3145728,
        "retained_predecessor": 12582912,
        "two_public_table_host_payloads": 47908144
      },
      "phase": "native_E_D34_A1_S6_nodes",
      "remaining_shared_payload_capacity_bytes": 4413425068
    },
    {
      "is_complete_phase_peak": false,
      "lifetime": "One source loader for all3 limbs;4 remainder buffers, no original getter/D2H. 96q matrix+24q Rust column+24q C staging overlap until canonical check/free/publication. Both adjacent caches and predecessor planes stay alive through opening/release.",
      "named_allocation_subtotal_bytes": 2492548468,
      "named_subtotal_exceeds_payload": false,
      "parts": {
        "E_C_staged_column_host": 25165824,
        "E_Rust_EQ_packet_host_upper": 288,
        "E_Rust_column_host": 25165824,
        "E_Rust_pad_marshalling_host_upper": 98304,
        "E_forward_inverse_twiddles": 67110400,
        "E_four_remainders": 33554432,
        "E_private_shape_EQ_and_pads": 49920,
        "E_private_sticky_flag": 256,
        "E_private_three_limb_low": 25165824,
        "E_public_factor_spectra": 704643072,
        "E_returned_matrix_host": 100663296,
        "E_work_and_scratch": 33554432,
        "device_persistent_or_single_replay_envelope": 785789696,
        "extension_previous_and_current_host_pads": 98304,
        "extension_previous_and_current_root_offset_caches": 46016,
        "full_calibration_table_serialization_difference_upper": 921596,
        "initial_W_and_A_root_offset_caches": 113246144,
        "native_common_owner_host": 42088,
        "original_W_tile_descriptors_host_upper": 252480,
        "original_claim_batch_codec_upper": 457768960,
        "public_padding_host_upper": 55574528,
        "retained_initial_private_host_pads": 3145728,
        "retained_predecessor": 12582912,
        "two_public_table_host_payloads": 47908144
      },
      "phase": "native_E_D34_A1_S6_predecessor_E_query_publication",
      "remaining_shared_payload_capacity_bytes": 3413031564
    },
    {
      "is_complete_phase_peak": false,
      "lifetime": "CPU query_tree_with/DFT construction is a preceding lifetime; matrix/private low/work not allocated yet. Reverse/inverse-series/multiply/DFT caches and Vec growth remain explicitly unquantified additional classes.",
      "named_allocation_subtotal_bytes": 2324627540,
      "named_subtotal_exceeds_payload": false,
      "parts": {
        "E_forward_inverse_twiddles": 67110400,
        "E_public_factor_spectra": 704643072,
        "current_inverse_modulus_spectra": 33554432,
        "current_polynomial_level_upper": 16777216,
        "device_persistent_or_single_replay_envelope": 785789696,
        "extension_previous_and_current_host_pads": 98304,
        "extension_previous_and_current_root_offset_caches": 46016,
        "full_calibration_table_serialization_difference_upper": 921596,
        "initial_W_and_A_root_offset_caches": 113246144,
        "native_common_owner_host": 42088,
        "one_upload_conversion": 16777216,
        "original_W_tile_descriptors_host_upper": 252480,
        "original_claim_batch_codec_upper": 457768960,
        "public_padding_host_upper": 55574528,
        "public_points": 8388608,
        "retained_initial_private_host_pads": 3145728,
        "retained_predecessor": 12582912,
        "two_public_table_host_payloads": 47908144
      },
      "phase": "native_E_D34_A1_S6_predecessor_E_public_factor_construction",
      "remaining_shared_payload_capacity_bytes": 3580952492
    },
    {
      "is_complete_phase_peak": false,
      "lifetime": "Old+new planes coexist through successful fold/fence/typed retirement; previous cache already released.",
      "named_allocation_subtotal_bytes": 1480436596,
      "named_subtotal_exceeds_payload": false,
      "parts": {
        "current_extension_cache": 9184,
        "current_extension_host_pads": 49152,
        "device_persistent_or_single_replay_envelope": 785789696,
        "fold_flag": 256,
        "full_calibration_table_serialization_difference_upper": 921596,
        "initial_W_and_A_root_offset_caches": 113246144,
        "native_common_owner_host": 42088,
        "original_W_tile_descriptors_host_upper": 252480,
        "original_claim_batch_codec_upper": 457768960,
        "predecessor_three_planes": 12582912,
        "public_padding_host_upper": 55574528,
        "retained_initial_private_host_pads": 3145728,
        "successor_three_planes": 3145728,
        "two_public_table_host_payloads": 47908144
      },
      "phase": "native_E_D34_A1_S6_promotion",
      "remaining_shared_payload_capacity_bytes": 4425143436
    },
    {
      "is_complete_phase_peak": false,
      "lifetime": "Prescan scratch/device offsets retire before ring/frontier allocation. Current cursor/meta stay for hashing. The current cache is conservatively charged before its top digests are constructed.",
      "named_allocation_subtotal_bytes": 1468257108,
      "named_subtotal_exceeds_payload": false,
      "parts": {
        "device_persistent_or_single_replay_envelope": 785789696,
        "extension_previous_and_current_host_pads": 98304,
        "extension_previous_and_current_root_offset_caches": 27584,
        "full_calibration_table_serialization_difference_upper": 921596,
        "initial_W_and_A_root_offset_caches": 113246144,
        "native_common_owner_host": 42088,
        "original_W_tile_descriptors_host_upper": 252480,
        "original_claim_batch_codec_upper": 457768960,
        "public_padding_host_upper": 55574528,
        "retained_initial_private_host_pads": 3145728,
        "retained_predecessor": 3145728,
        "salt_current_device": 2048,
        "salt_current_host": 2048,
        "salt_meta": 256,
        "salt_prescan_scratch": 329728,
        "salt_subtree_offsets_device": 2048,
        "two_public_table_host_payloads": 47908144
      },
      "phase": "native_E_D34_A1_S7_salt_prescan",
      "remaining_shared_payload_capacity_bytes": 4437322924
    },
    {
      "is_complete_phase_peak": false,
      "lifetime": "All stages use R=min(CPU R,H/2), paired cosets. One scratch/twiddle for24 serial base columns. A S1 remains original; later stages read retained planes. No extra A reconstruction.",
      "named_allocation_subtotal_bytes": 1468205940,
      "named_subtotal_exceeds_payload": false,
      "parts": {
        "E_EQ_packet_host_upper": 288,
        "E_EQ_shape_chunks_tables_pads": 49920,
        "E_forward_twiddles": 2048,
        "E_frontier_group2": 65536,
        "E_high_powers": 768,
        "E_low_powers": 4096,
        "E_original_to_C_pad_marshalling_host_upper": 98304,
        "E_reused_salt_band": 8192,
        "E_ring24R": 49152,
        "E_salt_current_device": 2048,
        "E_salt_current_host": 2048,
        "E_salt_meta": 256,
        "E_sticky_flag": 256,
        "E_transpose_scratch": 2048,
        "device_persistent_or_single_replay_envelope": 785789696,
        "extension_previous_and_current_host_pads": 98304,
        "extension_previous_and_current_root_offset_caches": 27584,
        "full_calibration_table_serialization_difference_upper": 921596,
        "initial_W_and_A_root_offset_caches": 113246144,
        "native_common_owner_host": 42088,
        "original_W_tile_descriptors_host_upper": 252480,
        "original_claim_batch_codec_upper": 457768960,
        "public_padding_host_upper": 55574528,
        "retained_initial_private_host_pads": 3145728,
        "retained_predecessor": 3145728,
        "two_public_table_host_payloads": 47908144
      },
      "phase": "native_E_D34_A1_S7_FFT",
      "remaining_shared_payload_capacity_bytes": 4437374092
    },
    {
      "is_complete_phase_peak": false,
      "lifetime": "EQ/pad device packet and powers/FFT auxiliaries retire before hash. Two lanes publish R paired roots; the ring retires before further node outputs, preserving original salts and order.",
      "named_allocation_subtotal_bytes": 1468154964,
      "named_subtotal_exceeds_payload": false,
      "parts": {
        "E_frontier_group2": 65536,
        "E_hash_flag": 256,
        "E_original_to_C_pad_marshalling_host_upper": 98304,
        "E_paired_hash_states_R": 8192,
        "E_ring24R": 49152,
        "E_salt_band": 8192,
        "E_salt_current_device": 2048,
        "E_salt_current_host": 2048,
        "E_salt_meta": 256,
        "device_persistent_or_single_replay_envelope": 785789696,
        "extension_previous_and_current_host_pads": 98304,
        "extension_previous_and_current_root_offset_caches": 27584,
        "full_calibration_table_serialization_difference_upper": 921596,
        "initial_W_and_A_root_offset_caches": 113246144,
        "native_common_owner_host": 42088,
        "original_W_tile_descriptors_host_upper": 252480,
        "original_claim_batch_codec_upper": 457768960,
        "public_padding_host_upper": 55574528,
        "retained_initial_private_host_pads": 3145728,
        "retained_predecessor": 3145728,
        "two_public_table_host_payloads": 47908144
      },
      "phase": "native_E_D34_A1_S7_hash",
      "remaining_shared_payload_capacity_bytes": 4437425068
    },
    {
      "is_complete_phase_peak": false,
      "lifetime": "Upper of final reductions after ring/salt retirement; top cache is already conservatively charged.",
      "named_allocation_subtotal_bytes": 1468099156,
      "named_subtotal_exceeds_payload": false,
      "parts": {
        "E_frontier_group2": 65536,
        "E_pad_marshalling_host_upper": 98304,
        "E_roots_and_next_node_output": 12288,
        "E_salt_current_host": 2048,
        "device_persistent_or_single_replay_envelope": 785789696,
        "extension_previous_and_current_host_pads": 98304,
        "extension_previous_and_current_root_offset_caches": 27584,
        "full_calibration_table_serialization_difference_upper": 921596,
        "initial_W_and_A_root_offset_caches": 113246144,
        "native_common_owner_host": 42088,
        "original_W_tile_descriptors_host_upper": 252480,
        "original_claim_batch_codec_upper": 457768960,
        "public_padding_host_upper": 55574528,
        "retained_initial_private_host_pads": 3145728,
        "retained_predecessor": 3145728,
        "two_public_table_host_payloads": 47908144
      },
      "phase": "native_E_D34_A1_S7_nodes",
      "remaining_shared_payload_capacity_bytes": 4437480876
    },
    {
      "is_complete_phase_peak": false,
      "lifetime": "One source loader for all3 limbs;4 remainder buffers, no original getter/D2H. 96q matrix+24q Rust column+24q C staging overlap until canonical check/free/publication. Both adjacent caches and predecessor planes stay alive through opening/release.",
      "named_allocation_subtotal_bytes": 2483092852,
      "named_subtotal_exceeds_payload": false,
      "parts": {
        "E_C_staged_column_host": 25165824,
        "E_Rust_EQ_packet_host_upper": 288,
        "E_Rust_column_host": 25165824,
        "E_Rust_pad_marshalling_host_upper": 98304,
        "E_forward_inverse_twiddles": 67110400,
        "E_four_remainders": 33554432,
        "E_private_shape_EQ_and_pads": 49920,
        "E_private_sticky_flag": 256,
        "E_private_three_limb_low": 25165824,
        "E_public_factor_spectra": 704643072,
        "E_returned_matrix_host": 100663296,
        "E_work_and_scratch": 33554432,
        "device_persistent_or_single_replay_envelope": 785789696,
        "extension_previous_and_current_host_pads": 98304,
        "extension_previous_and_current_root_offset_caches": 27584,
        "full_calibration_table_serialization_difference_upper": 921596,
        "initial_W_and_A_root_offset_caches": 113246144,
        "native_common_owner_host": 42088,
        "original_W_tile_descriptors_host_upper": 252480,
        "original_claim_batch_codec_upper": 457768960,
        "public_padding_host_upper": 55574528,
        "retained_initial_private_host_pads": 3145728,
        "retained_predecessor": 3145728,
        "two_public_table_host_payloads": 47908144
      },
      "phase": "native_E_D34_A1_S7_predecessor_E_query_publication",
      "remaining_shared_payload_capacity_bytes": 3422487180
    },
    {
      "is_complete_phase_peak": false,
      "lifetime": "CPU query_tree_with/DFT construction is a preceding lifetime; matrix/private low/work not allocated yet. Reverse/inverse-series/multiply/DFT caches and Vec growth remain explicitly unquantified additional classes.",
      "named_allocation_subtotal_bytes": 2315171924,
      "named_subtotal_exceeds_payload": false,
      "parts": {
        "E_forward_inverse_twiddles": 67110400,
        "E_public_factor_spectra": 704643072,
        "current_inverse_modulus_spectra": 33554432,
        "current_polynomial_level_upper": 16777216,
        "device_persistent_or_single_replay_envelope": 785789696,
        "extension_previous_and_current_host_pads": 98304,
        "extension_previous_and_current_root_offset_caches": 27584,
        "full_calibration_table_serialization_difference_upper": 921596,
        "initial_W_and_A_root_offset_caches": 113246144,
        "native_common_owner_host": 42088,
        "one_upload_conversion": 16777216,
        "original_W_tile_descriptors_host_upper": 252480,
        "original_claim_batch_codec_upper": 457768960,
        "public_padding_host_upper": 55574528,
        "public_points": 8388608,
        "retained_initial_private_host_pads": 3145728,
        "retained_predecessor": 3145728,
        "two_public_table_host_payloads": 47908144
      },
      "phase": "native_E_D34_A1_S7_predecessor_E_public_factor_construction",
      "remaining_shared_payload_capacity_bytes": 3590408108
    },
    {
      "is_complete_phase_peak": false,
      "lifetime": "Old+new planes coexist through successful fold/fence/typed retirement; previous cache already released.",
      "named_allocation_subtotal_bytes": 1468649332,
      "named_subtotal_exceeds_payload": false,
      "parts": {
        "current_extension_cache": 18400,
        "current_extension_host_pads": 49152,
        "device_persistent_or_single_replay_envelope": 785789696,
        "fold_flag": 256,
        "full_calibration_table_serialization_difference_upper": 921596,
        "initial_W_and_A_root_offset_caches": 113246144,
        "native_common_owner_host": 42088,
        "original_W_tile_descriptors_host_upper": 252480,
        "original_claim_batch_codec_upper": 457768960,
        "predecessor_three_planes": 3145728,
        "public_padding_host_upper": 55574528,
        "retained_initial_private_host_pads": 3145728,
        "successor_three_planes": 786432,
        "two_public_table_host_payloads": 47908144
      },
      "phase": "native_E_D34_A1_S7_promotion",
      "remaining_shared_payload_capacity_bytes": 4436930700
    },
    {
      "is_complete_phase_peak": false,
      "lifetime": "Prescan scratch/device offsets retire before ring/frontier allocation. Current cursor/meta stay for hashing. The current cache is conservatively charged before its top digests are constructed.",
      "named_allocation_subtotal_bytes": 1465660500,
      "named_subtotal_exceeds_payload": false,
      "parts": {
        "device_persistent_or_single_replay_envelope": 785789696,
        "extension_previous_and_current_host_pads": 98304,
        "extension_previous_and_current_root_offset_caches": 36800,
        "full_calibration_table_serialization_difference_upper": 921596,
        "initial_W_and_A_root_offset_caches": 113246144,
        "native_common_owner_host": 42088,
        "original_W_tile_descriptors_host_upper": 252480,
        "original_claim_batch_codec_upper": 457768960,
        "public_padding_host_upper": 55574528,
        "retained_initial_private_host_pads": 3145728,
        "retained_predecessor": 786432,
        "salt_current_device": 2048,
        "salt_current_host": 2048,
        "salt_meta": 256,
        "salt_prescan_scratch": 83200,
        "salt_subtree_offsets_device": 2048,
        "two_public_table_host_payloads": 47908144
      },
      "phase": "native_E_D34_A1_S8_salt_prescan",
      "remaining_shared_payload_capacity_bytes": 4439919532
    },
    {
      "is_complete_phase_peak": false,
      "lifetime": "All stages use R=min(CPU R,H/2), paired cosets. One scratch/twiddle for24 serial base columns. A S1 remains original; later stages read retained planes. No extra A reconstruction.",
      "named_allocation_subtotal_bytes": 1465838964,
      "named_subtotal_exceeds_payload": false,
      "parts": {
        "E_EQ_packet_host_upper": 288,
        "E_EQ_shape_chunks_tables_pads": 49920,
        "E_forward_twiddles": 2048,
        "E_frontier_group2": 49152,
        "E_high_powers": 256,
        "E_low_powers": 4096,
        "E_original_to_C_pad_marshalling_host_upper": 98304,
        "E_reused_salt_band": 8192,
        "E_ring24R": 49152,
        "E_salt_current_device": 2048,
        "E_salt_current_host": 2048,
        "E_salt_meta": 256,
        "E_sticky_flag": 256,
        "E_transpose_scratch": 2048,
        "device_persistent_or_single_replay_envelope": 785789696,
        "extension_previous_and_current_host_pads": 98304,
        "extension_previous_and_current_root_offset_caches": 36800,
        "full_calibration_table_serialization_difference_upper": 921596,
        "initial_W_and_A_root_offset_caches": 113246144,
        "native_common_owner_host": 42088,
        "original_W_tile_descriptors_host_upper": 252480,
        "original_claim_batch_codec_upper": 457768960,
        "public_padding_host_upper": 55574528,
        "retained_initial_private_host_pads": 3145728,
        "retained_predecessor": 786432,
        "two_public_table_host_payloads": 47908144
      },
      "phase": "native_E_D34_A1_S8_FFT",
      "remaining_shared_payload_capacity_bytes": 4439741068
    },
    {
      "is_complete_phase_peak": false,
      "lifetime": "EQ/pad device packet and powers/FFT auxiliaries retire before hash. Two lanes publish R paired roots; the ring retires before further node outputs, preserving original salts and order.",
      "named_allocation_subtotal_bytes": 1465788500,
      "named_subtotal_exceeds_payload": false,
      "parts": {
        "E_frontier_group2": 49152,
        "E_hash_flag": 256,
        "E_original_to_C_pad_marshalling_host_upper": 98304,
        "E_paired_hash_states_R": 8192,
        "E_ring24R": 49152,
        "E_salt_band": 8192,
        "E_salt_current_device": 2048,
        "E_salt_current_host": 2048,
        "E_salt_meta": 256,
        "device_persistent_or_single_replay_envelope": 785789696,
        "extension_previous_and_current_host_pads": 98304,
        "extension_previous_and_current_root_offset_caches": 36800,
        "full_calibration_table_serialization_difference_upper": 921596,
        "initial_W_and_A_root_offset_caches": 113246144,
        "native_common_owner_host": 42088,
        "original_W_tile_descriptors_host_upper": 252480,
        "original_claim_batch_codec_upper": 457768960,
        "public_padding_host_upper": 55574528,
        "retained_initial_private_host_pads": 3145728,
        "retained_predecessor": 786432,
        "two_public_table_host_payloads": 47908144
      },
      "phase": "native_E_D34_A1_S8_hash",
      "remaining_shared_payload_capacity_bytes": 4439791532
    },
    {
      "is_complete_phase_peak": false,
      "lifetime": "Upper of final reductions after ring/salt retirement; top cache is already conservatively charged.",
      "named_allocation_subtotal_bytes": 1465732692,
      "named_subtotal_exceeds_payload": false,
      "parts": {
        "E_frontier_group2": 49152,
        "E_pad_marshalling_host_upper": 98304,
        "E_roots_and_next_node_output": 12288,
        "E_salt_current_host": 2048,
        "device_persistent_or_single_replay_envelope": 785789696,
        "extension_previous_and_current_host_pads": 98304,
        "extension_previous_and_current_root_offset_caches": 36800,
        "full_calibration_table_serialization_difference_upper": 921596,
        "initial_W_and_A_root_offset_caches": 113246144,
        "native_common_owner_host": 42088,
        "original_W_tile_descriptors_host_upper": 252480,
        "original_claim_batch_codec_upper": 457768960,
        "public_padding_host_upper": 55574528,
        "retained_initial_private_host_pads": 3145728,
        "retained_predecessor": 786432,
        "two_public_table_host_payloads": 47908144
      },
      "phase": "native_E_D34_A1_S8_nodes",
      "remaining_shared_payload_capacity_bytes": 4439847340
    },
    {
      "is_complete_phase_peak": false,
      "lifetime": "One source loader for all3 limbs;4 remainder buffers, no original getter/D2H. 96q matrix+24q Rust column+24q C staging overlap until canonical check/free/publication. Both adjacent caches and predecessor planes stay alive through opening/release.",
      "named_allocation_subtotal_bytes": 1466384756,
      "named_subtotal_exceeds_payload": false,
      "parts": {
        "E_C_staged_column_host": 24576,
        "E_Rust_EQ_packet_host_upper": 288,
        "E_Rust_column_host": 24576,
        "E_Rust_pad_marshalling_host_upper": 98304,
        "E_forward_inverse_twiddles": 67072,
        "E_four_remainders": 32768,
        "E_private_shape_EQ_and_pads": 49920,
        "E_private_sticky_flag": 256,
        "E_private_three_limb_low": 24576,
        "E_public_factor_spectra": 360448,
        "E_returned_matrix_host": 98304,
        "E_work_and_scratch": 32768,
        "device_persistent_or_single_replay_envelope": 785789696,
        "extension_previous_and_current_host_pads": 98304,
        "extension_previous_and_current_root_offset_caches": 36800,
        "full_calibration_table_serialization_difference_upper": 921596,
        "initial_W_and_A_root_offset_caches": 113246144,
        "native_common_owner_host": 42088,
        "original_W_tile_descriptors_host_upper": 252480,
        "original_claim_batch_codec_upper": 457768960,
        "public_padding_host_upper": 55574528,
        "retained_initial_private_host_pads": 3145728,
        "retained_predecessor": 786432,
        "two_public_table_host_payloads": 47908144
      },
      "phase": "native_E_D34_A1_S8_predecessor_E_query_publication",
      "remaining_shared_payload_capacity_bytes": 4439195276
    },
    {
      "is_complete_phase_peak": false,
      "lifetime": "CPU query_tree_with/DFT construction is a preceding lifetime; matrix/private low/work not allocated yet. Reverse/inverse-series/multiply/DFT caches and Vec growth remain explicitly unquantified additional classes.",
      "named_allocation_subtotal_bytes": 1466072148,
      "named_subtotal_exceeds_payload": false,
      "parts": {
        "E_forward_inverse_twiddles": 67072,
        "E_public_factor_spectra": 360448,
        "current_inverse_modulus_spectra": 32768,
        "current_polynomial_level_upper": 16384,
        "device_persistent_or_single_replay_envelope": 785789696,
        "extension_previous_and_current_host_pads": 98304,
        "extension_previous_and_current_root_offset_caches": 36800,
        "full_calibration_table_serialization_difference_upper": 921596,
        "initial_W_and_A_root_offset_caches": 113246144,
        "native_common_owner_host": 42088,
        "one_upload_conversion": 16384,
        "original_W_tile_descriptors_host_upper": 252480,
        "original_claim_batch_codec_upper": 457768960,
        "public_padding_host_upper": 55574528,
        "public_points": 8192,
        "retained_initial_private_host_pads": 3145728,
        "retained_predecessor": 786432,
        "two_public_table_host_payloads": 47908144
      },
      "phase": "native_E_D34_A1_S8_predecessor_E_public_factor_construction",
      "remaining_shared_payload_capacity_bytes": 4439507884
    },
    {
      "is_complete_phase_peak": false,
      "lifetime": "Old+new planes coexist through successful fold/fence/typed retirement; previous cache already released.",
      "named_allocation_subtotal_bytes": 1465700212,
      "named_subtotal_exceeds_payload": false,
      "parts": {
        "current_extension_cache": 18400,
        "current_extension_host_pads": 49152,
        "device_persistent_or_single_replay_envelope": 785789696,
        "fold_flag": 256,
        "full_calibration_table_serialization_difference_upper": 921596,
        "initial_W_and_A_root_offset_caches": 113246144,
        "native_common_owner_host": 42088,
        "original_W_tile_descriptors_host_upper": 252480,
        "original_claim_batch_codec_upper": 457768960,
        "predecessor_three_planes": 786432,
        "public_padding_host_upper": 55574528,
        "retained_initial_private_host_pads": 3145728,
        "successor_three_planes": 196608,
        "two_public_table_host_payloads": 47908144
      },
      "phase": "native_E_D34_A1_S8_promotion",
      "remaining_shared_payload_capacity_bytes": 4439879820
    },
    {
      "is_complete_phase_peak": false,
      "lifetime": "Prescan scratch/device offsets retire before ring/frontier allocation. Current cursor/meta stay for hashing. The current cache is conservatively charged before its top digests are constructed.",
      "named_allocation_subtotal_bytes": 1465008980,
      "named_subtotal_exceeds_payload": false,
      "parts": {
        "device_persistent_or_single_replay_envelope": 785789696,
        "extension_previous_and_current_host_pads": 98304,
        "extension_previous_and_current_root_offset_caches": 36800,
        "full_calibration_table_serialization_difference_upper": 921596,
        "initial_W_and_A_root_offset_caches": 113246144,
        "native_common_owner_host": 42088,
        "original_W_tile_descriptors_host_upper": 252480,
        "original_claim_batch_codec_upper": 457768960,
        "public_padding_host_upper": 55574528,
        "retained_initial_private_host_pads": 3145728,
        "retained_predecessor": 196608,
        "salt_current_device": 2048,
        "salt_current_host": 2048,
        "salt_meta": 256,
        "salt_prescan_scratch": 21504,
        "salt_subtree_offsets_device": 2048,
        "two_public_table_host_payloads": 47908144
      },
      "phase": "native_E_D34_A1_S9_salt_prescan",
      "remaining_shared_payload_capacity_bytes": 4440571052
    },
    {
      "is_complete_phase_peak": false,
      "lifetime": "All stages use R=min(CPU R,H/2), paired cosets. One scratch/twiddle for24 serial base columns. A S1 remains original; later stages read retained planes. No extra A reconstruction.",
      "named_allocation_subtotal_bytes": 1465232756,
      "named_subtotal_exceeds_payload": false,
      "parts": {
        "E_EQ_packet_host_upper": 288,
        "E_EQ_shape_chunks_tables_pads": 49920,
        "E_forward_twiddles": 2048,
        "E_frontier_group2": 32768,
        "E_high_powers": 256,
        "E_low_powers": 4096,
        "E_original_to_C_pad_marshalling_host_upper": 98304,
        "E_reused_salt_band": 8192,
        "E_ring24R": 49152,
        "E_salt_current_device": 2048,
        "E_salt_current_host": 2048,
        "E_salt_meta": 256,
        "E_sticky_flag": 256,
        "E_transpose_scratch": 2048,
        "device_persistent_or_single_replay_envelope": 785789696,
        "extension_previous_and_current_host_pads": 98304,
        "extension_previous_and_current_root_offset_caches": 36800,
        "full_calibration_table_serialization_difference_upper": 921596,
        "initial_W_and_A_root_offset_caches": 113246144,
        "native_common_owner_host": 42088,
        "original_W_tile_descriptors_host_upper": 252480,
        "original_claim_batch_codec_upper": 457768960,
        "public_padding_host_upper": 55574528,
        "retained_initial_private_host_pads": 3145728,
        "retained_predecessor": 196608,
        "two_public_table_host_payloads": 47908144
      },
      "phase": "native_E_D34_A1_S9_FFT",
      "remaining_shared_payload_capacity_bytes": 4440347276
    },
    {
      "is_complete_phase_peak": false,
      "lifetime": "EQ/pad device packet and powers/FFT auxiliaries retire before hash. Two lanes publish R paired roots; the ring retires before further node outputs, preserving original salts and order.",
      "named_allocation_subtotal_bytes": 1465182292,
      "named_subtotal_exceeds_payload": false,
      "parts": {
        "E_frontier_group2": 32768,
        "E_hash_flag": 256,
        "E_original_to_C_pad_marshalling_host_upper": 98304,
        "E_paired_hash_states_R": 8192,
        "E_ring24R": 49152,
        "E_salt_band": 8192,
        "E_salt_current_device": 2048,
        "E_salt_current_host": 2048,
        "E_salt_meta": 256,
        "device_persistent_or_single_replay_envelope": 785789696,
        "extension_previous_and_current_host_pads": 98304,
        "extension_previous_and_current_root_offset_caches": 36800,
        "full_calibration_table_serialization_difference_upper": 921596,
        "initial_W_and_A_root_offset_caches": 113246144,
        "native_common_owner_host": 42088,
        "original_W_tile_descriptors_host_upper": 252480,
        "original_claim_batch_codec_upper": 457768960,
        "public_padding_host_upper": 55574528,
        "retained_initial_private_host_pads": 3145728,
        "retained_predecessor": 196608,
        "two_public_table_host_payloads": 47908144
      },
      "phase": "native_E_D34_A1_S9_hash",
      "remaining_shared_payload_capacity_bytes": 4440397740
    },
    {
      "is_complete_phase_peak": false,
      "lifetime": "Upper of final reductions after ring/salt retirement; top cache is already conservatively charged.",
      "named_allocation_subtotal_bytes": 1465126484,
      "named_subtotal_exceeds_payload": false,
      "parts": {
        "E_frontier_group2": 32768,
        "E_pad_marshalling_host_upper": 98304,
        "E_roots_and_next_node_output": 12288,
        "E_salt_current_host": 2048,
        "device_persistent_or_single_replay_envelope": 785789696,
        "extension_previous_and_current_host_pads": 98304,
        "extension_previous_and_current_root_offset_caches": 36800,
        "full_calibration_table_serialization_difference_upper": 921596,
        "initial_W_and_A_root_offset_caches": 113246144,
        "native_common_owner_host": 42088,
        "original_W_tile_descriptors_host_upper": 252480,
        "original_claim_batch_codec_upper": 457768960,
        "public_padding_host_upper": 55574528,
        "retained_initial_private_host_pads": 3145728,
        "retained_predecessor": 196608,
        "two_public_table_host_payloads": 47908144
      },
      "phase": "native_E_D34_A1_S9_nodes",
      "remaining_shared_payload_capacity_bytes": 4440453548
    },
    {
      "is_complete_phase_peak": false,
      "lifetime": "One source loader for all3 limbs;4 remainder buffers, no original getter/D2H. 96q matrix+24q Rust column+24q C staging overlap until canonical check/free/publication. Both adjacent caches and predecessor planes stay alive through opening/release.",
      "named_allocation_subtotal_bytes": 1465794932,
      "named_subtotal_exceeds_payload": false,
      "parts": {
        "E_C_staged_column_host": 24576,
        "E_Rust_EQ_packet_host_upper": 288,
        "E_Rust_column_host": 24576,
        "E_Rust_pad_marshalling_host_upper": 98304,
        "E_forward_inverse_twiddles": 67072,
        "E_four_remainders": 32768,
        "E_private_shape_EQ_and_pads": 49920,
        "E_private_sticky_flag": 256,
        "E_private_three_limb_low": 24576,
        "E_public_factor_spectra": 360448,
        "E_returned_matrix_host": 98304,
        "E_work_and_scratch": 32768,
        "device_persistent_or_single_replay_envelope": 785789696,
        "extension_previous_and_current_host_pads": 98304,
        "extension_previous_and_current_root_offset_caches": 36800,
        "full_calibration_table_serialization_difference_upper": 921596,
        "initial_W_and_A_root_offset_caches": 113246144,
        "native_common_owner_host": 42088,
        "original_W_tile_descriptors_host_upper": 252480,
        "original_claim_batch_codec_upper": 457768960,
        "public_padding_host_upper": 55574528,
        "retained_initial_private_host_pads": 3145728,
        "retained_predecessor": 196608,
        "two_public_table_host_payloads": 47908144
      },
      "phase": "native_E_D34_A1_S9_predecessor_E_query_publication",
      "remaining_shared_payload_capacity_bytes": 4439785100
    },
    {
      "is_complete_phase_peak": false,
      "lifetime": "CPU query_tree_with/DFT construction is a preceding lifetime; matrix/private low/work not allocated yet. Reverse/inverse-series/multiply/DFT caches and Vec growth remain explicitly unquantified additional classes.",
      "named_allocation_subtotal_bytes": 1465482324,
      "named_subtotal_exceeds_payload": false,
      "parts": {
        "E_forward_inverse_twiddles": 67072,
        "E_public_factor_spectra": 360448,
        "current_inverse_modulus_spectra": 32768,
        "current_polynomial_level_upper": 16384,
        "device_persistent_or_single_replay_envelope": 785789696,
        "extension_previous_and_current_host_pads": 98304,
        "extension_previous_and_current_root_offset_caches": 36800,
        "full_calibration_table_serialization_difference_upper": 921596,
        "initial_W_and_A_root_offset_caches": 113246144,
        "native_common_owner_host": 42088,
        "one_upload_conversion": 16384,
        "original_W_tile_descriptors_host_upper": 252480,
        "original_claim_batch_codec_upper": 457768960,
        "public_padding_host_upper": 55574528,
        "public_points": 8192,
        "retained_initial_private_host_pads": 3145728,
        "retained_predecessor": 196608,
        "two_public_table_host_payloads": 47908144
      },
      "phase": "native_E_D34_A1_S9_predecessor_E_public_factor_construction",
      "remaining_shared_payload_capacity_bytes": 4440097708
    },
    {
      "is_complete_phase_peak": false,
      "lifetime": "Old+new planes coexist through successful fold/fence/typed retirement; previous cache already released.",
      "named_allocation_subtotal_bytes": 1464962932,
      "named_subtotal_exceeds_payload": false,
      "parts": {
        "current_extension_cache": 18400,
        "current_extension_host_pads": 49152,
        "device_persistent_or_single_replay_envelope": 785789696,
        "fold_flag": 256,
        "full_calibration_table_serialization_difference_upper": 921596,
        "initial_W_and_A_root_offset_caches": 113246144,
        "native_common_owner_host": 42088,
        "original_W_tile_descriptors_host_upper": 252480,
        "original_claim_batch_codec_upper": 457768960,
        "predecessor_three_planes": 196608,
        "public_padding_host_upper": 55574528,
        "retained_initial_private_host_pads": 3145728,
        "successor_three_planes": 49152,
        "two_public_table_host_payloads": 47908144
      },
      "phase": "native_E_D34_A1_S9_promotion",
      "remaining_shared_payload_capacity_bytes": 4440617100
    },
    {
      "is_complete_phase_peak": false,
      "lifetime": "Prescan scratch/device offsets retire before ring/frontier allocation. Current cursor/meta stay for hashing. The current cache is conservatively charged before its top digests are constructed.",
      "named_allocation_subtotal_bytes": 1464861524,
      "named_subtotal_exceeds_payload": false,
      "parts": {
        "device_persistent_or_single_replay_envelope": 785789696,
        "extension_previous_and_current_host_pads": 98304,
        "extension_previous_and_current_root_offset_caches": 36800,
        "full_calibration_table_serialization_difference_upper": 921596,
        "initial_W_and_A_root_offset_caches": 113246144,
        "native_common_owner_host": 42088,
        "original_W_tile_descriptors_host_upper": 252480,
        "original_claim_batch_codec_upper": 457768960,
        "public_padding_host_upper": 55574528,
        "retained_initial_private_host_pads": 3145728,
        "retained_predecessor": 49152,
        "salt_current_device": 2048,
        "salt_current_host": 2048,
        "salt_meta": 256,
        "salt_prescan_scratch": 21504,
        "salt_subtree_offsets_device": 2048,
        "two_public_table_host_payloads": 47908144
      },
      "phase": "native_E_D34_A1_S10_salt_prescan",
      "remaining_shared_payload_capacity_bytes": 4440718508
    },
    {
      "is_complete_phase_peak": false,
      "lifetime": "All stages use R=min(CPU R,H/2), paired cosets. One scratch/twiddle for24 serial base columns. A S1 remains original; later stages read retained planes. No extra A reconstruction.",
      "named_allocation_subtotal_bytes": 1465085300,
      "named_subtotal_exceeds_payload": false,
      "parts": {
        "E_EQ_packet_host_upper": 288,
        "E_EQ_shape_chunks_tables_pads": 49920,
        "E_forward_twiddles": 2048,
        "E_frontier_group2": 32768,
        "E_high_powers": 256,
        "E_low_powers": 4096,
        "E_original_to_C_pad_marshalling_host_upper": 98304,
        "E_reused_salt_band": 8192,
        "E_ring24R": 49152,
        "E_salt_current_device": 2048,
        "E_salt_current_host": 2048,
        "E_salt_meta": 256,
        "E_sticky_flag": 256,
        "E_transpose_scratch": 2048,
        "device_persistent_or_single_replay_envelope": 785789696,
        "extension_previous_and_current_host_pads": 98304,
        "extension_previous_and_current_root_offset_caches": 36800,
        "full_calibration_table_serialization_difference_upper": 921596,
        "initial_W_and_A_root_offset_caches": 113246144,
        "native_common_owner_host": 42088,
        "original_W_tile_descriptors_host_upper": 252480,
        "original_claim_batch_codec_upper": 457768960,
        "public_padding_host_upper": 55574528,
        "retained_initial_private_host_pads": 3145728,
        "retained_predecessor": 49152,
        "two_public_table_host_payloads": 47908144
      },
      "phase": "native_E_D34_A1_S10_FFT",
      "remaining_shared_payload_capacity_bytes": 4440494732
    },
    {
      "is_complete_phase_peak": false,
      "lifetime": "EQ/pad device packet and powers/FFT auxiliaries retire before hash. Two lanes publish R paired roots; the ring retires before further node outputs, preserving original salts and order.",
      "named_allocation_subtotal_bytes": 1465034836,
      "named_subtotal_exceeds_payload": false,
      "parts": {
        "E_frontier_group2": 32768,
        "E_hash_flag": 256,
        "E_original_to_C_pad_marshalling_host_upper": 98304,
        "E_paired_hash_states_R": 8192,
        "E_ring24R": 49152,
        "E_salt_band": 8192,
        "E_salt_current_device": 2048,
        "E_salt_current_host": 2048,
        "E_salt_meta": 256,
        "device_persistent_or_single_replay_envelope": 785789696,
        "extension_previous_and_current_host_pads": 98304,
        "extension_previous_and_current_root_offset_caches": 36800,
        "full_calibration_table_serialization_difference_upper": 921596,
        "initial_W_and_A_root_offset_caches": 113246144,
        "native_common_owner_host": 42088,
        "original_W_tile_descriptors_host_upper": 252480,
        "original_claim_batch_codec_upper": 457768960,
        "public_padding_host_upper": 55574528,
        "retained_initial_private_host_pads": 3145728,
        "retained_predecessor": 49152,
        "two_public_table_host_payloads": 47908144
      },
      "phase": "native_E_D34_A1_S10_hash",
      "remaining_shared_payload_capacity_bytes": 4440545196
    },
    {
      "is_complete_phase_peak": false,
      "lifetime": "Upper of final reductions after ring/salt retirement; top cache is already conservatively charged.",
      "named_allocation_subtotal_bytes": 1464979028,
      "named_subtotal_exceeds_payload": false,
      "parts": {
        "E_frontier_group2": 32768,
        "E_pad_marshalling_host_upper": 98304,
        "E_roots_and_next_node_output": 12288,
        "E_salt_current_host": 2048,
        "device_persistent_or_single_replay_envelope": 785789696,
        "extension_previous_and_current_host_pads": 98304,
        "extension_previous_and_current_root_offset_caches": 36800,
        "full_calibration_table_serialization_difference_upper": 921596,
        "initial_W_and_A_root_offset_caches": 113246144,
        "native_common_owner_host": 42088,
        "original_W_tile_descriptors_host_upper": 252480,
        "original_claim_batch_codec_upper": 457768960,
        "public_padding_host_upper": 55574528,
        "retained_initial_private_host_pads": 3145728,
        "retained_predecessor": 49152,
        "two_public_table_host_payloads": 47908144
      },
      "phase": "native_E_D34_A1_S10_nodes",
      "remaining_shared_payload_capacity_bytes": 4440601004
    },
    {
      "is_complete_phase_peak": false,
      "lifetime": "One source loader for all3 limbs;4 remainder buffers, no original getter/D2H. 96q matrix+24q Rust column+24q C staging overlap until canonical check/free/publication. Both adjacent caches and predecessor planes stay alive through opening/release.",
      "named_allocation_subtotal_bytes": 1465647476,
      "named_subtotal_exceeds_payload": false,
      "parts": {
        "E_C_staged_column_host": 24576,
        "E_Rust_EQ_packet_host_upper": 288,
        "E_Rust_column_host": 24576,
        "E_Rust_pad_marshalling_host_upper": 98304,
        "E_forward_inverse_twiddles": 67072,
        "E_four_remainders": 32768,
        "E_private_shape_EQ_and_pads": 49920,
        "E_private_sticky_flag": 256,
        "E_private_three_limb_low": 24576,
        "E_public_factor_spectra": 360448,
        "E_returned_matrix_host": 98304,
        "E_work_and_scratch": 32768,
        "device_persistent_or_single_replay_envelope": 785789696,
        "extension_previous_and_current_host_pads": 98304,
        "extension_previous_and_current_root_offset_caches": 36800,
        "full_calibration_table_serialization_difference_upper": 921596,
        "initial_W_and_A_root_offset_caches": 113246144,
        "native_common_owner_host": 42088,
        "original_W_tile_descriptors_host_upper": 252480,
        "original_claim_batch_codec_upper": 457768960,
        "public_padding_host_upper": 55574528,
        "retained_initial_private_host_pads": 3145728,
        "retained_predecessor": 49152,
        "two_public_table_host_payloads": 47908144
      },
      "phase": "native_E_D34_A1_S10_predecessor_E_query_publication",
      "remaining_shared_payload_capacity_bytes": 4439932556
    },
    {
      "is_complete_phase_peak": false,
      "lifetime": "CPU query_tree_with/DFT construction is a preceding lifetime; matrix/private low/work not allocated yet. Reverse/inverse-series/multiply/DFT caches and Vec growth remain explicitly unquantified additional classes.",
      "named_allocation_subtotal_bytes": 1465334868,
      "named_subtotal_exceeds_payload": false,
      "parts": {
        "E_forward_inverse_twiddles": 67072,
        "E_public_factor_spectra": 360448,
        "current_inverse_modulus_spectra": 32768,
        "current_polynomial_level_upper": 16384,
        "device_persistent_or_single_replay_envelope": 785789696,
        "extension_previous_and_current_host_pads": 98304,
        "extension_previous_and_current_root_offset_caches": 36800,
        "full_calibration_table_serialization_difference_upper": 921596,
        "initial_W_and_A_root_offset_caches": 113246144,
        "native_common_owner_host": 42088,
        "one_upload_conversion": 16384,
        "original_W_tile_descriptors_host_upper": 252480,
        "original_claim_batch_codec_upper": 457768960,
        "public_padding_host_upper": 55574528,
        "public_points": 8192,
        "retained_initial_private_host_pads": 3145728,
        "retained_predecessor": 49152,
        "two_public_table_host_payloads": 47908144
      },
      "phase": "native_E_D34_A1_S10_predecessor_E_public_factor_construction",
      "remaining_shared_payload_capacity_bytes": 4440245164
    },
    {
      "is_complete_phase_peak": false,
      "lifetime": "Old+new planes coexist through successful fold/fence/typed retirement; previous cache already released.",
      "named_allocation_subtotal_bytes": 1464778612,
      "named_subtotal_exceeds_payload": false,
      "parts": {
        "current_extension_cache": 18400,
        "current_extension_host_pads": 49152,
        "device_persistent_or_single_replay_envelope": 785789696,
        "fold_flag": 256,
        "full_calibration_table_serialization_difference_upper": 921596,
        "initial_W_and_A_root_offset_caches": 113246144,
        "native_common_owner_host": 42088,
        "original_W_tile_descriptors_host_upper": 252480,
        "original_claim_batch_codec_upper": 457768960,
        "predecessor_three_planes": 49152,
        "public_padding_host_upper": 55574528,
        "retained_initial_private_host_pads": 3145728,
        "successor_three_planes": 12288,
        "two_public_table_host_payloads": 47908144
      },
      "phase": "native_E_D34_A1_S10_promotion",
      "remaining_shared_payload_capacity_bytes": 4440801420
    },
    {
      "is_complete_phase_peak": false,
      "lifetime": "Prescan scratch/device offsets retire before ring/frontier allocation. Current cursor/meta stay for hashing. The current cache is conservatively charged before its top digests are constructed.",
      "named_allocation_subtotal_bytes": 1464824660,
      "named_subtotal_exceeds_payload": false,
      "parts": {
        "device_persistent_or_single_replay_envelope": 785789696,
        "extension_previous_and_current_host_pads": 98304,
        "extension_previous_and_current_root_offset_caches": 36800,
        "full_calibration_table_serialization_difference_upper": 921596,
        "initial_W_and_A_root_offset_caches": 113246144,
        "native_common_owner_host": 42088,
        "original_W_tile_descriptors_host_upper": 252480,
        "original_claim_batch_codec_upper": 457768960,
        "public_padding_host_upper": 55574528,
        "retained_initial_private_host_pads": 3145728,
        "retained_predecessor": 12288,
        "salt_current_device": 2048,
        "salt_current_host": 2048,
        "salt_meta": 256,
        "salt_prescan_scratch": 21504,
        "salt_subtree_offsets_device": 2048,
        "two_public_table_host_payloads": 47908144
      },
      "phase": "native_E_D34_A1_S11_salt_prescan",
      "remaining_shared_payload_capacity_bytes": 4440755372
    },
    {
      "is_complete_phase_peak": false,
      "lifetime": "All stages use R=min(CPU R,H/2), paired cosets. One scratch/twiddle for24 serial base columns. A S1 remains original; later stages read retained planes. No extra A reconstruction.",
      "named_allocation_subtotal_bytes": 1465048436,
      "named_subtotal_exceeds_payload": false,
      "parts": {
        "E_EQ_packet_host_upper": 288,
        "E_EQ_shape_chunks_tables_pads": 49920,
        "E_forward_twiddles": 2048,
        "E_frontier_group2": 32768,
        "E_high_powers": 256,
        "E_low_powers": 4096,
        "E_original_to_C_pad_marshalling_host_upper": 98304,
        "E_reused_salt_band": 8192,
        "E_ring24R": 49152,
        "E_salt_current_device": 2048,
        "E_salt_current_host": 2048,
        "E_salt_meta": 256,
        "E_sticky_flag": 256,
        "E_transpose_scratch": 2048,
        "device_persistent_or_single_replay_envelope": 785789696,
        "extension_previous_and_current_host_pads": 98304,
        "extension_previous_and_current_root_offset_caches": 36800,
        "full_calibration_table_serialization_difference_upper": 921596,
        "initial_W_and_A_root_offset_caches": 113246144,
        "native_common_owner_host": 42088,
        "original_W_tile_descriptors_host_upper": 252480,
        "original_claim_batch_codec_upper": 457768960,
        "public_padding_host_upper": 55574528,
        "retained_initial_private_host_pads": 3145728,
        "retained_predecessor": 12288,
        "two_public_table_host_payloads": 47908144
      },
      "phase": "native_E_D34_A1_S11_FFT",
      "remaining_shared_payload_capacity_bytes": 4440531596
    },
    {
      "is_complete_phase_peak": false,
      "lifetime": "EQ/pad device packet and powers/FFT auxiliaries retire before hash. Two lanes publish R paired roots; the ring retires before further node outputs, preserving original salts and order.",
      "named_allocation_subtotal_bytes": 1464997972,
      "named_subtotal_exceeds_payload": false,
      "parts": {
        "E_frontier_group2": 32768,
        "E_hash_flag": 256,
        "E_original_to_C_pad_marshalling_host_upper": 98304,
        "E_paired_hash_states_R": 8192,
        "E_ring24R": 49152,
        "E_salt_band": 8192,
        "E_salt_current_device": 2048,
        "E_salt_current_host": 2048,
        "E_salt_meta": 256,
        "device_persistent_or_single_replay_envelope": 785789696,
        "extension_previous_and_current_host_pads": 98304,
        "extension_previous_and_current_root_offset_caches": 36800,
        "full_calibration_table_serialization_difference_upper": 921596,
        "initial_W_and_A_root_offset_caches": 113246144,
        "native_common_owner_host": 42088,
        "original_W_tile_descriptors_host_upper": 252480,
        "original_claim_batch_codec_upper": 457768960,
        "public_padding_host_upper": 55574528,
        "retained_initial_private_host_pads": 3145728,
        "retained_predecessor": 12288,
        "two_public_table_host_payloads": 47908144
      },
      "phase": "native_E_D34_A1_S11_hash",
      "remaining_shared_payload_capacity_bytes": 4440582060
    },
    {
      "is_complete_phase_peak": false,
      "lifetime": "Upper of final reductions after ring/salt retirement; top cache is already conservatively charged.",
      "named_allocation_subtotal_bytes": 1464942164,
      "named_subtotal_exceeds_payload": false,
      "parts": {
        "E_frontier_group2": 32768,
        "E_pad_marshalling_host_upper": 98304,
        "E_roots_and_next_node_output": 12288,
        "E_salt_current_host": 2048,
        "device_persistent_or_single_replay_envelope": 785789696,
        "extension_previous_and_current_host_pads": 98304,
        "extension_previous_and_current_root_offset_caches": 36800,
        "full_calibration_table_serialization_difference_upper": 921596,
        "initial_W_and_A_root_offset_caches": 113246144,
        "native_common_owner_host": 42088,
        "original_W_tile_descriptors_host_upper": 252480,
        "original_claim_batch_codec_upper": 457768960,
        "public_padding_host_upper": 55574528,
        "retained_initial_private_host_pads": 3145728,
        "retained_predecessor": 12288,
        "two_public_table_host_payloads": 47908144
      },
      "phase": "native_E_D34_A1_S11_nodes",
      "remaining_shared_payload_capacity_bytes": 4440637868
    },
    {
      "is_complete_phase_peak": false,
      "lifetime": "One source loader for all3 limbs;4 remainder buffers, no original getter/D2H. 96q matrix+24q Rust column+24q C staging overlap until canonical check/free/publication. Both adjacent caches and predecessor planes stay alive through opening/release.",
      "named_allocation_subtotal_bytes": 1465610612,
      "named_subtotal_exceeds_payload": false,
      "parts": {
        "E_C_staged_column_host": 24576,
        "E_Rust_EQ_packet_host_upper": 288,
        "E_Rust_column_host": 24576,
        "E_Rust_pad_marshalling_host_upper": 98304,
        "E_forward_inverse_twiddles": 67072,
        "E_four_remainders": 32768,
        "E_private_shape_EQ_and_pads": 49920,
        "E_private_sticky_flag": 256,
        "E_private_three_limb_low": 24576,
        "E_public_factor_spectra": 360448,
        "E_returned_matrix_host": 98304,
        "E_work_and_scratch": 32768,
        "device_persistent_or_single_replay_envelope": 785789696,
        "extension_previous_and_current_host_pads": 98304,
        "extension_previous_and_current_root_offset_caches": 36800,
        "full_calibration_table_serialization_difference_upper": 921596,
        "initial_W_and_A_root_offset_caches": 113246144,
        "native_common_owner_host": 42088,
        "original_W_tile_descriptors_host_upper": 252480,
        "original_claim_batch_codec_upper": 457768960,
        "public_padding_host_upper": 55574528,
        "retained_initial_private_host_pads": 3145728,
        "retained_predecessor": 12288,
        "two_public_table_host_payloads": 47908144
      },
      "phase": "native_E_D34_A1_S11_predecessor_E_query_publication",
      "remaining_shared_payload_capacity_bytes": 4439969420
    },
    {
      "is_complete_phase_peak": false,
      "lifetime": "CPU query_tree_with/DFT construction is a preceding lifetime; matrix/private low/work not allocated yet. Reverse/inverse-series/multiply/DFT caches and Vec growth remain explicitly unquantified additional classes.",
      "named_allocation_subtotal_bytes": 1465298004,
      "named_subtotal_exceeds_payload": false,
      "parts": {
        "E_forward_inverse_twiddles": 67072,
        "E_public_factor_spectra": 360448,
        "current_inverse_modulus_spectra": 32768,
        "current_polynomial_level_upper": 16384,
        "device_persistent_or_single_replay_envelope": 785789696,
        "extension_previous_and_current_host_pads": 98304,
        "extension_previous_and_current_root_offset_caches": 36800,
        "full_calibration_table_serialization_difference_upper": 921596,
        "initial_W_and_A_root_offset_caches": 113246144,
        "native_common_owner_host": 42088,
        "one_upload_conversion": 16384,
        "original_W_tile_descriptors_host_upper": 252480,
        "original_claim_batch_codec_upper": 457768960,
        "public_padding_host_upper": 55574528,
        "public_points": 8192,
        "retained_initial_private_host_pads": 3145728,
        "retained_predecessor": 12288,
        "two_public_table_host_payloads": 47908144
      },
      "phase": "native_E_D34_A1_S11_predecessor_E_public_factor_construction",
      "remaining_shared_payload_capacity_bytes": 4440282028
    },
    {
      "is_complete_phase_peak": false,
      "lifetime": "Old+new planes coexist through successful fold/fence/typed retirement; previous cache already released.",
      "named_allocation_subtotal_bytes": 1464732532,
      "named_subtotal_exceeds_payload": false,
      "parts": {
        "current_extension_cache": 18400,
        "current_extension_host_pads": 49152,
        "device_persistent_or_single_replay_envelope": 785789696,
        "fold_flag": 256,
        "full_calibration_table_serialization_difference_upper": 921596,
        "initial_W_and_A_root_offset_caches": 113246144,
        "native_common_owner_host": 42088,
        "original_W_tile_descriptors_host_upper": 252480,
        "original_claim_batch_codec_upper": 457768960,
        "predecessor_three_planes": 12288,
        "public_padding_host_upper": 55574528,
        "retained_initial_private_host_pads": 3145728,
        "successor_three_planes": 3072,
        "two_public_table_host_payloads": 47908144
      },
      "phase": "native_E_D34_A1_S11_promotion",
      "remaining_shared_payload_capacity_bytes": 4440847500
    },
    {
      "is_complete_phase_peak": false,
      "lifetime": "Last selected extension also uses native E query; fresh base-case mask/main caches, CPU proof vectors and already opened paths remain separate additional classes, never silently treated as absent.",
      "named_allocation_subtotal_bytes": 1465533844,
      "named_subtotal_exceeds_payload": false,
      "parts": {
        "E_C_staged_column_host": 24576,
        "E_Rust_EQ_packet_host_upper": 288,
        "E_Rust_column_host": 24576,
        "E_Rust_pad_marshalling_host_upper": 98304,
        "E_forward_inverse_twiddles": 67072,
        "E_four_remainders": 32768,
        "E_private_shape_EQ_and_pads": 49920,
        "E_private_sticky_flag": 256,
        "E_private_three_limb_low": 24576,
        "E_public_factor_spectra": 360448,
        "E_returned_matrix_host": 98304,
        "E_work_and_scratch": 32768,
        "current_extension_cache": 18400,
        "current_extension_host_pads": 49152,
        "device_persistent_or_single_replay_envelope": 785789696,
        "full_calibration_table_serialization_difference_upper": 921596,
        "initial_W_and_A_root_offset_caches": 113246144,
        "native_common_owner_host": 42088,
        "original_W_tile_descriptors_host_upper": 252480,
        "original_claim_batch_codec_upper": 457768960,
        "public_padding_host_upper": 55574528,
        "retained_initial_private_host_pads": 3145728,
        "retained_three_planes": 3072,
        "two_public_table_host_payloads": 47908144
      },
      "phase": "native_E_D34_A1_final_source_open",
      "remaining_shared_payload_capacity_bytes": 4440046188
    },
    {
      "is_complete_phase_peak": false,
      "lifetime": "Final query construction has the same preceding lifetime and explicit additional CPU temporaries.",
      "named_allocation_subtotal_bytes": 1465221236,
      "named_subtotal_exceeds_payload": false,
      "parts": {
        "E_forward_inverse_twiddles": 67072,
        "E_public_factor_spectra": 360448,
        "current_extension_cache": 18400,
        "current_extension_host_pads": 49152,
        "current_inverse_modulus_spectra": 32768,
        "current_polynomial_level_upper": 16384,
        "device_persistent_or_single_replay_envelope": 785789696,
        "full_calibration_table_serialization_difference_upper": 921596,
        "initial_W_and_A_root_offset_caches": 113246144,
        "native_common_owner_host": 42088,
        "one_upload_conversion": 16384,
        "original_W_tile_descriptors_host_upper": 252480,
        "original_claim_batch_codec_upper": 457768960,
        "public_padding_host_upper": 55574528,
        "public_points": 8192,
        "retained_initial_private_host_pads": 3145728,
        "retained_three_planes": 3072,
        "two_public_table_host_payloads": 47908144
      },
      "phase": "native_E_D34_A1_final_public_factor_construction",
      "remaining_shared_payload_capacity_bytes": 4440358796
    },
    {
      "is_complete_phase_peak": false,
      "lifetime": "W plus A1..current cache/pads; one replay envelope including persistent; no original proof batches yet.",
      "named_allocation_subtotal_bytes": 5705558164,
      "named_subtotal_exceeds_payload": false,
      "parts": {
        "A_accumulation_additional": 33560864,
        "A_frontier": 301989888,
        "A_pads": 1572864,
        "A_salt_band": 2097152,
        "A_salt_metadata": 256,
        "A_salt_row_cursors": 8388608,
        "A_twiddles": 8388608,
        "A_values": 4294967296,
        "device_persistent_or_single_replay_envelope": 785789696,
        "full_calibration_table_serialization_difference_upper": 921596,
        "host_byte_histogram": 2048,
        "host_row_cursors": 8388608,
        "initial_W_and_A_root_offset_caches": 150994848,
        "native_common_owner_host": 42088,
        "original_W_tile_descriptors_host_upper": 252480,
        "public_padding_host_upper": 55574528,
        "retained_initial_private_host_pads": 4718592,
        "two_public_table_host_payloads": 47908144
      },
      "phase": "native_initial_A2_accumulate",
      "remaining_shared_payload_capacity_bytes": 200021868
    },
    {
      "is_complete_phase_peak": false,
      "lifetime": "Low/high powers retired before full hash output; values retire before first node output.",
      "named_allocation_subtotal_bytes": 5806215284,
      "named_subtotal_exceeds_payload": false,
      "parts": {
        "A_frontier": 301989888,
        "A_hash_additional": 134217984,
        "A_pads": 1572864,
        "A_salt_band": 2097152,
        "A_salt_metadata": 256,
        "A_salt_row_cursors": 8388608,
        "A_twiddles": 8388608,
        "A_values": 4294967296,
        "device_persistent_or_single_replay_envelope": 785789696,
        "full_calibration_table_serialization_difference_upper": 921596,
        "host_byte_histogram": 2048,
        "host_row_cursors": 8388608,
        "initial_W_and_A_root_offset_caches": 150994848,
        "native_common_owner_host": 42088,
        "original_W_tile_descriptors_host_upper": 252480,
        "public_padding_host_upper": 55574528,
        "retained_initial_private_host_pads": 4718592,
        "two_public_table_host_payloads": 47908144
      },
      "phase": "native_initial_A2_hash",
      "remaining_shared_payload_capacity_bytes": 99364748
    },
    {
      "is_complete_phase_peak": false,
      "lifetime": "Public construction/CPU DFT owner retired; device factors/work/window retire before current Tree regeneration. Previously opened batches and W proof/claims stay live. Initial S1 retention is still zero.",
      "named_allocation_subtotal_bytes": 3711749492,
      "named_subtotal_exceeds_payload": false,
      "parts": {
        "device_persistent_or_single_replay_envelope": 785789696,
        "full_calibration_table_serialization_difference_upper": 921596,
        "gather_flag": 256,
        "initial_W_and_A_root_offset_caches": 150994848,
        "native_common_owner_host": 42088,
        "original_W_tile_descriptors_host_upper": 252480,
        "original_claim_batch_codec_upper": 457768960,
        "public_padding_host_upper": 55574528,
        "query_device_aligned_forward_inverse_twiddles_all_levels": 67110400,
        "query_device_low_pad_remainders_work_scratch": 67108864,
        "query_device_optional_pad_shift": 16777216,
        "query_device_original_byte_window": 268435456,
        "query_device_original_field_pads": 1572864,
        "query_device_public_factor_spectra": 704643072,
        "retained_initial_private_host_pads": 4718592,
        "returned_column_host": 8388608,
        "returned_matrix_host": 1073741824,
        "two_public_table_host_payloads": 47908144
      },
      "phase": "native_initial_A2_query_evaluate",
      "remaining_shared_payload_capacity_bytes": 2193830540
    },
    {
      "is_complete_phase_peak": false,
      "lifetime": "Borrowed public descriptors/PREFIX EQ coexist with host packet; device packet not uploaded yet.",
      "named_allocation_subtotal_bytes": 2116435764,
      "named_subtotal_exceeds_payload": false,
      "parts": {
        "device_persistent_or_single_replay_envelope": 785789696,
        "full_calibration_table_serialization_difference_upper": 921596,
        "initial_W_and_A_root_offset_caches": 150994848,
        "linear_host_packet_and_marshalling_bound": 612464832,
        "native_common_owner_host": 42088,
        "original_W_tile_descriptors_host_upper": 252480,
        "original_claim_batch_codec_upper": 457768960,
        "public_padding_host_upper": 55574528,
        "retained_initial_private_host_pads": 4718592,
        "two_public_table_host_payloads": 47908144
      },
      "phase": "native_linear_A2_host_prepare",
      "remaining_shared_payload_capacity_bytes": 3789144268
    },
    {
      "is_complete_phase_peak": false,
      "lifetime": "Public marshalling temporaries returned/dropped; canonical host packet stays alive until begin fence.",
      "named_allocation_subtotal_bytes": 2426781836,
      "named_subtotal_exceeds_payload": false,
      "parts": {
        "device_persistent_or_single_replay_envelope": 785789696,
        "full_calibration_table_serialization_difference_upper": 921596,
        "initial_W_and_A_root_offset_caches": 150994848,
        "linear_device_packet_output_flag": 461405952,
        "linear_host_packet_payload": 461404952,
        "native_common_owner_host": 42088,
        "original_W_tile_descriptors_host_upper": 252480,
        "original_claim_batch_codec_upper": 457768960,
        "public_padding_host_upper": 55574528,
        "retained_initial_private_host_pads": 4718592,
        "two_public_table_host_payloads": 47908144
      },
      "phase": "native_linear_A2_upload",
      "remaining_shared_payload_capacity_bytes": 3478798196
    },
    {
      "is_complete_phase_peak": false,
      "lifetime": "Host packet retired before A producer scan; exactly one original scan per each of34 rounds. W35 uses the same phase geometry plus its once-per-proof sealed mapping.",
      "named_allocation_subtotal_bytes": 1965376884,
      "named_subtotal_exceeds_payload": false,
      "parts": {
        "device_persistent_or_single_replay_envelope": 785789696,
        "full_calibration_table_serialization_difference_upper": 921596,
        "initial_W_and_A_root_offset_caches": 150994848,
        "linear_device_packet_output_flag": 461405952,
        "native_common_owner_host": 42088,
        "original_W_tile_descriptors_host_upper": 252480,
        "original_claim_batch_codec_upper": 457768960,
        "public_padding_host_upper": 55574528,
        "retained_initial_private_host_pads": 4718592,
        "two_public_table_host_payloads": 47908144
      },
      "phase": "native_linear_A2_scan",
      "remaining_shared_payload_capacity_bytes": 3940203148
    },
    {
      "is_complete_phase_peak": false,
      "lifetime": "First closure: both original batches live. Mapping loads once per proof; public host preparation precedes upload.",
      "named_allocation_subtotal_bytes": 2586914100,
      "named_subtotal_exceeds_payload": false,
      "parts": {
        "device_persistent_or_single_replay_envelope": 785789696,
        "full_calibration_table_serialization_difference_upper": 921596,
        "initial_W_and_A_root_offset_caches": 150994848,
        "linear_host_packet_and_marshalling_bound": 612464832,
        "native_common_owner_host": 42088,
        "original_W_tile_descriptors_host_upper": 252480,
        "original_claim_batch_codec_upper": 928120832,
        "public_padding_host_upper": 55574528,
        "retained_initial_private_host_pads": 4718592,
        "sealed_W_mapping_device": 126464,
        "two_public_table_host_payloads": 47908144
      },
      "phase": "native_linear_W_with_A2_host_prepare",
      "remaining_shared_payload_capacity_bytes": 3318665932
    },
    {
      "is_complete_phase_peak": false,
      "lifetime": "Both batches; packet and device copy coexist until upload fence.",
      "named_allocation_subtotal_bytes": 2897260172,
      "named_subtotal_exceeds_payload": false,
      "parts": {
        "device_persistent_or_single_replay_envelope": 785789696,
        "full_calibration_table_serialization_difference_upper": 921596,
        "initial_W_and_A_root_offset_caches": 150994848,
        "linear_device_packet_output_flag": 461405952,
        "linear_host_packet_payload": 461404952,
        "native_common_owner_host": 42088,
        "original_W_tile_descriptors_host_upper": 252480,
        "original_claim_batch_codec_upper": 928120832,
        "public_padding_host_upper": 55574528,
        "retained_initial_private_host_pads": 4718592,
        "sealed_W_mapping_device": 126464,
        "two_public_table_host_payloads": 47908144
      },
      "phase": "native_linear_W_with_A2_upload",
      "remaining_shared_payload_capacity_bytes": 3008319860
    },
    {
      "is_complete_phase_peak": false,
      "lifetime": "Host packet retired before exactly35 W scans; both original batches remain live through closeW.",
      "named_allocation_subtotal_bytes": 2435855220,
      "named_subtotal_exceeds_payload": false,
      "parts": {
        "device_persistent_or_single_replay_envelope": 785789696,
        "full_calibration_table_serialization_difference_upper": 921596,
        "initial_W_and_A_root_offset_caches": 150994848,
        "linear_device_packet_output_flag": 461405952,
        "native_common_owner_host": 42088,
        "original_W_tile_descriptors_host_upper": 252480,
        "original_claim_batch_codec_upper": 928120832,
        "public_padding_host_upper": 55574528,
        "retained_initial_private_host_pads": 4718592,
        "sealed_W_mapping_device": 126464,
        "two_public_table_host_payloads": 47908144
      },
      "phase": "native_linear_W_with_A2_scan",
      "remaining_shared_payload_capacity_bytes": 3469724812
    },
    {
      "is_complete_phase_peak": false,
      "lifetime": "Prescan scratch/device offsets retire before ring/frontier allocation. Current cursor/meta stay for hashing. The current cache is conservatively charged before its top digests are constructed.",
      "named_allocation_subtotal_bytes": 2140207444,
      "named_subtotal_exceeds_payload": false,
      "parts": {
        "device_persistent_or_single_replay_envelope": 785789696,
        "extension_previous_and_current_host_pads": 49152,
        "extension_previous_and_current_root_offset_caches": 18874336,
        "full_calibration_table_serialization_difference_upper": 921596,
        "initial_W_and_A_root_offset_caches": 150994848,
        "native_common_owner_host": 42088,
        "original_W_tile_descriptors_host_upper": 252480,
        "original_claim_batch_codec_upper": 928120832,
        "public_padding_host_upper": 55574528,
        "retained_initial_private_host_pads": 4718592,
        "retained_predecessor": 0,
        "salt_current_device": 67108864,
        "salt_current_host": 67108864,
        "salt_meta": 256,
        "salt_prescan_scratch": 10519552,
        "salt_subtree_offsets_device": 2097152,
        "sealed_W_mapping_device": 126464,
        "two_public_table_host_payloads": 47908144
      },
      "phase": "native_E_D35_A2_S1_salt_prescan",
      "remaining_shared_payload_capacity_bytes": 3765372588
    },
    {
      "is_complete_phase_peak": false,
      "lifetime": "All stages use R=min(CPU R,H/2), paired cosets. One scratch/twiddle for24 serial base columns. A S1 remains original; later stages read retained planes. No extra A reconstruction.",
      "named_allocation_subtotal_bytes": 5619506612,
      "named_subtotal_exceeds_payload": false,
      "parts": {
        "E_EQ_packet_host_upper": 6240,
        "E_EQ_shape_chunks_tables_pads": 52736,
        "E_forward_twiddles": 67108864,
        "E_frontier_group2": 1610612736,
        "E_high_powers": 256,
        "E_low_powers": 134217728,
        "E_original_to_C_pad_marshalling_host_upper": 98304,
        "E_reused_salt_band": 2097152,
        "E_ring24R": 1610612736,
        "E_salt_current_device": 67108864,
        "E_salt_current_host": 67108864,
        "E_salt_meta": 256,
        "E_sticky_flag": 256,
        "E_transpose_scratch": 67108864,
        "device_persistent_or_single_replay_envelope": 785789696,
        "extension_previous_and_current_host_pads": 49152,
        "extension_previous_and_current_root_offset_caches": 18874336,
        "full_calibration_table_serialization_difference_upper": 921596,
        "initial_W_and_A_root_offset_caches": 150994848,
        "native_common_owner_host": 42088,
        "original_W_tile_descriptors_host_upper": 252480,
        "original_claim_batch_codec_upper": 928120832,
        "public_padding_host_upper": 55574528,
        "retained_initial_private_host_pads": 4718592,
        "retained_predecessor": 0,
        "sealed_W_mapping_device": 126464,
        "two_public_table_host_payloads": 47908144
      },
      "phase": "native_E_D35_A2_S1_FFT",
      "remaining_shared_payload_capacity_bytes": 286073420
    },
    {
      "is_complete_phase_peak": false,
      "lifetime": "EQ/pad device packet and powers/FFT auxiliaries retire before hash. Two lanes publish R paired roots; the ring retires before further node outputs, preserving original salts and order.",
      "named_allocation_subtotal_bytes": 5619447380,
      "named_subtotal_exceeds_payload": false,
      "parts": {
        "E_frontier_group2": 1610612736,
        "E_hash_flag": 256,
        "E_original_to_C_pad_marshalling_host_upper": 98304,
        "E_paired_hash_states_R": 268435456,
        "E_ring24R": 1610612736,
        "E_salt_band": 2097152,
        "E_salt_current_device": 67108864,
        "E_salt_current_host": 67108864,
        "E_salt_meta": 256,
        "device_persistent_or_single_replay_envelope": 785789696,
        "extension_previous_and_current_host_pads": 49152,
        "extension_previous_and_current_root_offset_caches": 18874336,
        "full_calibration_table_serialization_difference_upper": 921596,
        "initial_W_and_A_root_offset_caches": 150994848,
        "native_common_owner_host": 42088,
        "original_W_tile_descriptors_host_upper": 252480,
        "original_claim_batch_codec_upper": 928120832,
        "public_padding_host_upper": 55574528,
        "retained_initial_private_host_pads": 4718592,
        "retained_predecessor": 0,
        "sealed_W_mapping_device": 126464,
        "two_public_table_host_payloads": 47908144
      },
      "phase": "native_E_D35_A2_S1_hash",
      "remaining_shared_payload_capacity_bytes": 286132652
    },
    {
      "is_complete_phase_peak": false,
      "lifetime": "Upper of final reductions after ring/salt retirement; top cache is already conservatively charged.",
      "named_allocation_subtotal_bytes": 4073845844,
      "named_subtotal_exceeds_payload": false,
      "parts": {
        "E_frontier_group2": 1610612736,
        "E_pad_marshalling_host_upper": 98304,
        "E_roots_and_next_node_output": 402653184,
        "E_salt_current_host": 67108864,
        "device_persistent_or_single_replay_envelope": 785789696,
        "extension_previous_and_current_host_pads": 49152,
        "extension_previous_and_current_root_offset_caches": 18874336,
        "full_calibration_table_serialization_difference_upper": 921596,
        "initial_W_and_A_root_offset_caches": 150994848,
        "native_common_owner_host": 42088,
        "original_W_tile_descriptors_host_upper": 252480,
        "original_claim_batch_codec_upper": 928120832,
        "public_padding_host_upper": 55574528,
        "retained_initial_private_host_pads": 4718592,
        "retained_predecessor": 0,
        "sealed_W_mapping_device": 126464,
        "two_public_table_host_payloads": 47908144
      },
      "phase": "native_E_D35_A2_S1_nodes",
      "remaining_shared_payload_capacity_bytes": 1831734188
    },
    {
      "is_complete_phase_peak": false,
      "lifetime": "Original W query stays CPU. This is an explicit unaccelerated path, with no new W retention.",
      "named_allocation_subtotal_bytes": 4040193108,
      "named_subtotal_exceeds_payload": false,
      "parts": {
        "device_persistent_or_single_replay_envelope": 785789696,
        "extension_previous_and_current_host_pads": 49152,
        "extension_previous_and_current_root_offset_caches": 18874336,
        "full_calibration_table_serialization_difference_upper": 921596,
        "initial_W_and_A_root_offset_caches": 150994848,
        "native_common_owner_host": 42088,
        "original_W_tile_descriptors_host_upper": 252480,
        "original_claim_batch_codec_upper": 928120832,
        "public_padding_host_upper": 55574528,
        "query_factors": 704643072,
        "query_matrix": 1073741824,
        "query_transients_and_twiddles_upper": 268435456,
        "retained_initial_private_host_pads": 4718592,
        "retained_predecessor": 0,
        "sealed_W_mapping_device": 126464,
        "two_public_table_host_payloads": 47908144
      },
      "phase": "native_E_D35_A2_S1_initial_W_CPU_query_gap",
      "remaining_shared_payload_capacity_bytes": 1865386924
    },
    {
      "is_complete_phase_peak": false,
      "lifetime": "Prescan scratch/device offsets retire before ring/frontier allocation. Current cursor/meta stay for hashing. The current cache is conservatively charged before its top digests are constructed.",
      "named_allocation_subtotal_bytes": 2042738996,
      "named_subtotal_exceeds_payload": false,
      "parts": {
        "device_persistent_or_single_replay_envelope": 785789696,
        "extension_previous_and_current_host_pads": 98304,
        "extension_previous_and_current_root_offset_caches": 23592896,
        "full_calibration_table_serialization_difference_upper": 921596,
        "initial_W_and_A_root_offset_caches": 150994848,
        "native_common_owner_host": 42088,
        "original_W_tile_descriptors_host_upper": 252480,
        "original_claim_batch_codec_upper": 928120832,
        "public_padding_host_upper": 55574528,
        "retained_initial_private_host_pads": 4718592,
        "retained_predecessor": 0,
        "salt_current_device": 16777216,
        "salt_current_host": 16777216,
        "salt_meta": 256,
        "salt_prescan_scratch": 10519552,
        "salt_subtree_offsets_device": 524288,
        "sealed_W_mapping_device": 126464,
        "two_public_table_host_payloads": 47908144
      },
      "phase": "native_E_D35_A2_S2_salt_prescan",
      "remaining_shared_payload_capacity_bytes": 3862841036
    },
    {
      "is_complete_phase_peak": false,
      "lifetime": "All stages use R=min(CPU R,H/2), paired cosets. One scratch/twiddle for24 serial base columns. A S1 remains original; later stages read retained planes. No extra A reconstruction.",
      "named_allocation_subtotal_bytes": 2906374916,
      "named_subtotal_exceeds_payload": false,
      "parts": {
        "E_EQ_packet_host_upper": 12496,
        "E_EQ_shape_chunks_tables_pads": 56064,
        "E_forward_twiddles": 16777216,
        "E_frontier_group2": 402653184,
        "E_high_powers": 256,
        "E_low_powers": 33554432,
        "E_original_to_C_pad_marshalling_host_upper": 98304,
        "E_reused_salt_band": 2097152,
        "E_ring24R": 402653184,
        "E_salt_current_device": 16777216,
        "E_salt_current_host": 16777216,
        "E_salt_meta": 256,
        "E_sticky_flag": 256,
        "E_transpose_scratch": 16777216,
        "device_persistent_or_single_replay_envelope": 785789696,
        "extension_previous_and_current_host_pads": 98304,
        "extension_previous_and_current_root_offset_caches": 23592896,
        "full_calibration_table_serialization_difference_upper": 921596,
        "initial_W_and_A_root_offset_caches": 150994848,
        "native_common_owner_host": 42088,
        "original_W_tile_descriptors_host_upper": 252480,
        "original_claim_batch_codec_upper": 928120832,
        "public_padding_host_upper": 55574528,
        "retained_initial_private_host_pads": 4718592,
        "retained_predecessor": 0,
        "sealed_W_mapping_device": 126464,
        "two_public_table_host_payloads": 47908144
      },
      "phase": "native_E_D35_A2_S2_FFT",
      "remaining_shared_payload_capacity_bytes": 2999205116
    },
    {
      "is_complete_phase_peak": false,
      "lifetime": "EQ/pad device packet and powers/FFT auxiliaries retire before hash. Two lanes publish R paired roots; the ring retires before further node outputs, preserving original salts and order.",
      "named_allocation_subtotal_bytes": 2906306100,
      "named_subtotal_exceeds_payload": false,
      "parts": {
        "E_frontier_group2": 402653184,
        "E_hash_flag": 256,
        "E_original_to_C_pad_marshalling_host_upper": 98304,
        "E_paired_hash_states_R": 67108864,
        "E_ring24R": 402653184,
        "E_salt_band": 2097152,
        "E_salt_current_device": 16777216,
        "E_salt_current_host": 16777216,
        "E_salt_meta": 256,
        "device_persistent_or_single_replay_envelope": 785789696,
        "extension_previous_and_current_host_pads": 98304,
        "extension_previous_and_current_root_offset_caches": 23592896,
        "full_calibration_table_serialization_difference_upper": 921596,
        "initial_W_and_A_root_offset_caches": 150994848,
        "native_common_owner_host": 42088,
        "original_W_tile_descriptors_host_upper": 252480,
        "original_claim_batch_codec_upper": 928120832,
        "public_padding_host_upper": 55574528,
        "retained_initial_private_host_pads": 4718592,
        "retained_predecessor": 0,
        "sealed_W_mapping_device": 126464,
        "two_public_table_host_payloads": 47908144
      },
      "phase": "native_E_D35_A2_S2_hash",
      "remaining_shared_payload_capacity_bytes": 2999273932
    },
    {
      "is_complete_phase_peak": false,
      "lifetime": "Upper of final reductions after ring/salt retirement; top cache is already conservatively charged.",
      "named_allocation_subtotal_bytes": 2518332468,
      "named_subtotal_exceeds_payload": false,
      "parts": {
        "E_frontier_group2": 402653184,
        "E_pad_marshalling_host_upper": 98304,
        "E_roots_and_next_node_output": 100663296,
        "E_salt_current_host": 16777216,
        "device_persistent_or_single_replay_envelope": 785789696,
        "extension_previous_and_current_host_pads": 98304,
        "extension_previous_and_current_root_offset_caches": 23592896,
        "full_calibration_table_serialization_difference_upper": 921596,
        "initial_W_and_A_root_offset_caches": 150994848,
        "native_common_owner_host": 42088,
        "original_W_tile_descriptors_host_upper": 252480,
        "original_claim_batch_codec_upper": 928120832,
        "public_padding_host_upper": 55574528,
        "retained_initial_private_host_pads": 4718592,
        "retained_predecessor": 0,
        "sealed_W_mapping_device": 126464,
        "two_public_table_host_payloads": 47908144
      },
      "phase": "native_E_D35_A2_S2_nodes",
      "remaining_shared_payload_capacity_bytes": 3387247564
    },
    {
      "is_complete_phase_peak": false,
      "lifetime": "One source loader for all3 limbs;4 remainder buffers, no original getter/D2H. 96q matrix+24q Rust column+24q C staging overlap until canonical check/free/publication. Both adjacent caches and predecessor planes stay alive through opening/release.",
      "named_allocation_subtotal_bytes": 3013321108,
      "named_subtotal_exceeds_payload": false,
      "parts": {
        "E_C_staged_column_host": 25165824,
        "E_Rust_EQ_packet_host_upper": 6240,
        "E_Rust_column_host": 25165824,
        "E_Rust_pad_marshalling_host_upper": 98304,
        "E_forward_inverse_twiddles": 67110400,
        "E_four_remainders": 33554432,
        "E_private_shape_EQ_and_pads": 52736,
        "E_private_sticky_flag": 256,
        "E_private_three_limb_low": 25165824,
        "E_public_factor_spectra": 704643072,
        "E_returned_matrix_host": 100663296,
        "E_work_and_scratch": 33554432,
        "device_persistent_or_single_replay_envelope": 785789696,
        "extension_previous_and_current_host_pads": 98304,
        "extension_previous_and_current_root_offset_caches": 23592896,
        "full_calibration_table_serialization_difference_upper": 921596,
        "initial_W_and_A_root_offset_caches": 150994848,
        "native_common_owner_host": 42088,
        "original_W_tile_descriptors_host_upper": 252480,
        "original_claim_batch_codec_upper": 928120832,
        "public_padding_host_upper": 55574528,
        "retained_initial_private_host_pads": 4718592,
        "retained_predecessor": 0,
        "sealed_W_mapping_device": 126464,
        "two_public_table_host_payloads": 47908144
      },
      "phase": "native_E_D35_A2_S2_predecessor_E_query_publication",
      "remaining_shared_payload_capacity_bytes": 2892258924
    },
    {
      "is_complete_phase_peak": false,
      "lifetime": "CPU query_tree_with/DFT construction is a preceding lifetime; matrix/private low/work not allocated yet. Reverse/inverse-series/multiply/DFT caches and Vec growth remain explicitly unquantified additional classes.",
      "named_allocation_subtotal_bytes": 2845391412,
      "named_subtotal_exceeds_payload": false,
      "parts": {
        "E_forward_inverse_twiddles": 67110400,
        "E_public_factor_spectra": 704643072,
        "current_inverse_modulus_spectra": 33554432,
        "current_polynomial_level_upper": 16777216,
        "device_persistent_or_single_replay_envelope": 785789696,
        "extension_previous_and_current_host_pads": 98304,
        "extension_previous_and_current_root_offset_caches": 23592896,
        "full_calibration_table_serialization_difference_upper": 921596,
        "initial_W_and_A_root_offset_caches": 150994848,
        "native_common_owner_host": 42088,
        "one_upload_conversion": 16777216,
        "original_W_tile_descriptors_host_upper": 252480,
        "original_claim_batch_codec_upper": 928120832,
        "public_padding_host_upper": 55574528,
        "public_points": 8388608,
        "retained_initial_private_host_pads": 4718592,
        "retained_predecessor": 0,
        "sealed_W_mapping_device": 126464,
        "two_public_table_host_payloads": 47908144
      },
      "phase": "native_E_D35_A2_S2_predecessor_E_public_factor_construction",
      "remaining_shared_payload_capacity_bytes": 3060188620
    },
    {
      "is_complete_phase_peak": false,
      "lifetime": "Prescan scratch/device offsets retire before ring/frontier allocation. Current cursor/meta stay for hashing. The current cache is conservatively charged before its top digests are constructed.",
      "named_allocation_subtotal_bytes": 2125314356,
      "named_subtotal_exceeds_payload": false,
      "parts": {
        "device_persistent_or_single_replay_envelope": 785789696,
        "extension_previous_and_current_host_pads": 98304,
        "extension_previous_and_current_root_offset_caches": 5898176,
        "full_calibration_table_serialization_difference_upper": 921596,
        "initial_W_and_A_root_offset_caches": 150994848,
        "native_common_owner_host": 42088,
        "original_W_tile_descriptors_host_upper": 252480,
        "original_claim_batch_codec_upper": 928120832,
        "public_padding_host_upper": 55574528,
        "retained_initial_private_host_pads": 4718592,
        "retained_predecessor": 0,
        "salt_current_device": 67108864,
        "salt_current_host": 67108864,
        "salt_meta": 256,
        "salt_prescan_scratch": 10519552,
        "salt_subtree_offsets_device": 131072,
        "sealed_W_mapping_device": 126464,
        "two_public_table_host_payloads": 47908144
      },
      "phase": "native_E_D35_A2_S3_salt_prescan",
      "remaining_shared_payload_capacity_bytes": 3780265676
    },
    {
      "is_complete_phase_peak": false,
      "lifetime": "All stages use R=min(CPU R,H/2), paired cosets. One scratch/twiddle for24 serial base columns. A S1 remains original; later stages read retained planes. No extra A reconstruction.",
      "named_allocation_subtotal_bytes": 4532847652,
      "named_subtotal_exceeds_payload": false,
      "parts": {
        "E_EQ_packet_host_upper": 12784,
        "E_EQ_shape_chunks_tables_pads": 56064,
        "E_forward_twiddles": 67108864,
        "E_frontier_group2": 536870912,
        "E_high_powers": 256,
        "E_low_powers": 134217728,
        "E_original_to_C_pad_marshalling_host_upper": 98304,
        "E_reused_salt_band": 2097152,
        "E_ring24R": 1610612736,
        "E_salt_current_device": 67108864,
        "E_salt_current_host": 67108864,
        "E_salt_meta": 256,
        "E_sticky_flag": 256,
        "E_transpose_scratch": 67108864,
        "device_persistent_or_single_replay_envelope": 785789696,
        "extension_previous_and_current_host_pads": 98304,
        "extension_previous_and_current_root_offset_caches": 5898176,
        "full_calibration_table_serialization_difference_upper": 921596,
        "initial_W_and_A_root_offset_caches": 150994848,
        "native_common_owner_host": 42088,
        "original_W_tile_descriptors_host_upper": 252480,
        "original_claim_batch_codec_upper": 928120832,
        "public_padding_host_upper": 55574528,
        "retained_initial_private_host_pads": 4718592,
        "retained_predecessor": 0,
        "sealed_W_mapping_device": 126464,
        "two_public_table_host_payloads": 47908144
      },
      "phase": "native_E_D35_A2_S3_FFT",
      "remaining_shared_payload_capacity_bytes": 1372732380
    },
    {
      "is_complete_phase_peak": false,
      "lifetime": "EQ/pad device packet and powers/FFT auxiliaries retire before hash. Two lanes publish R paired roots; the ring retires before further node outputs, preserving original salts and order.",
      "named_allocation_subtotal_bytes": 4532778548,
      "named_subtotal_exceeds_payload": false,
      "parts": {
        "E_frontier_group2": 536870912,
        "E_hash_flag": 256,
        "E_original_to_C_pad_marshalling_host_upper": 98304,
        "E_paired_hash_states_R": 268435456,
        "E_ring24R": 1610612736,
        "E_salt_band": 2097152,
        "E_salt_current_device": 67108864,
        "E_salt_current_host": 67108864,
        "E_salt_meta": 256,
        "device_persistent_or_single_replay_envelope": 785789696,
        "extension_previous_and_current_host_pads": 98304,
        "extension_previous_and_current_root_offset_caches": 5898176,
        "full_calibration_table_serialization_difference_upper": 921596,
        "initial_W_and_A_root_offset_caches": 150994848,
        "native_common_owner_host": 42088,
        "original_W_tile_descriptors_host_upper": 252480,
        "original_claim_batch_codec_upper": 928120832,
        "public_padding_host_upper": 55574528,
        "retained_initial_private_host_pads": 4718592,
        "retained_predecessor": 0,
        "sealed_W_mapping_device": 126464,
        "two_public_table_host_payloads": 47908144
      },
      "phase": "native_E_D35_A2_S3_hash",
      "remaining_shared_payload_capacity_bytes": 1372801484
    },
    {
      "is_complete_phase_peak": false,
      "lifetime": "Upper of final reductions after ring/salt retirement; top cache is already conservatively charged.",
      "named_allocation_subtotal_bytes": 2987177012,
      "named_subtotal_exceeds_payload": false,
      "parts": {
        "E_frontier_group2": 536870912,
        "E_pad_marshalling_host_upper": 98304,
        "E_roots_and_next_node_output": 402653184,
        "E_salt_current_host": 67108864,
        "device_persistent_or_single_replay_envelope": 785789696,
        "extension_previous_and_current_host_pads": 98304,
        "extension_previous_and_current_root_offset_caches": 5898176,
        "full_calibration_table_serialization_difference_upper": 921596,
        "initial_W_and_A_root_offset_caches": 150994848,
        "native_common_owner_host": 42088,
        "original_W_tile_descriptors_host_upper": 252480,
        "original_claim_batch_codec_upper": 928120832,
        "public_padding_host_upper": 55574528,
        "retained_initial_private_host_pads": 4718592,
        "retained_predecessor": 0,
        "sealed_W_mapping_device": 126464,
        "two_public_table_host_payloads": 47908144
      },
      "phase": "native_E_D35_A2_S3_nodes",
      "remaining_shared_payload_capacity_bytes": 2918403020
    },
    {
      "is_complete_phase_peak": false,
      "lifetime": "One source loader for all3 limbs;4 remainder buffers, no original getter/D2H. 96q matrix+24q Rust column+24q C staging overlap until canonical check/free/publication. Both adjacent caches and predecessor planes stay alive through opening/release.",
      "named_allocation_subtotal_bytes": 2995635972,
      "named_subtotal_exceeds_payload": false,
      "parts": {
        "E_C_staged_column_host": 25165824,
        "E_Rust_EQ_packet_host_upper": 12496,
        "E_Rust_column_host": 25165824,
        "E_Rust_pad_marshalling_host_upper": 98304,
        "E_forward_inverse_twiddles": 67110400,
        "E_four_remainders": 33554432,
        "E_private_shape_EQ_and_pads": 56064,
        "E_private_sticky_flag": 256,
        "E_private_three_limb_low": 25165824,
        "E_public_factor_spectra": 704643072,
        "E_returned_matrix_host": 100663296,
        "E_work_and_scratch": 33554432,
        "device_persistent_or_single_replay_envelope": 785789696,
        "extension_previous_and_current_host_pads": 98304,
        "extension_previous_and_current_root_offset_caches": 5898176,
        "full_calibration_table_serialization_difference_upper": 921596,
        "initial_W_and_A_root_offset_caches": 150994848,
        "native_common_owner_host": 42088,
        "original_W_tile_descriptors_host_upper": 252480,
        "original_claim_batch_codec_upper": 928120832,
        "public_padding_host_upper": 55574528,
        "retained_initial_private_host_pads": 4718592,
        "retained_predecessor": 0,
        "sealed_W_mapping_device": 126464,
        "two_public_table_host_payloads": 47908144
      },
      "phase": "native_E_D35_A2_S3_predecessor_E_query_publication",
      "remaining_shared_payload_capacity_bytes": 2909944060
    },
    {
      "is_complete_phase_peak": false,
      "lifetime": "CPU query_tree_with/DFT construction is a preceding lifetime; matrix/private low/work not allocated yet. Reverse/inverse-series/multiply/DFT caches and Vec growth remain explicitly unquantified additional classes.",
      "named_allocation_subtotal_bytes": 2827696692,
      "named_subtotal_exceeds_payload": false,
      "parts": {
        "E_forward_inverse_twiddles": 67110400,
        "E_public_factor_spectra": 704643072,
        "current_inverse_modulus_spectra": 33554432,
        "current_polynomial_level_upper": 16777216,
        "device_persistent_or_single_replay_envelope": 785789696,
        "extension_previous_and_current_host_pads": 98304,
        "extension_previous_and_current_root_offset_caches": 5898176,
        "full_calibration_table_serialization_difference_upper": 921596,
        "initial_W_and_A_root_offset_caches": 150994848,
        "native_common_owner_host": 42088,
        "one_upload_conversion": 16777216,
        "original_W_tile_descriptors_host_upper": 252480,
        "original_claim_batch_codec_upper": 928120832,
        "public_padding_host_upper": 55574528,
        "public_points": 8388608,
        "retained_initial_private_host_pads": 4718592,
        "retained_predecessor": 0,
        "sealed_W_mapping_device": 126464,
        "two_public_table_host_payloads": 47908144
      },
      "phase": "native_E_D35_A2_S3_predecessor_E_public_factor_construction",
      "remaining_shared_payload_capacity_bytes": 3077883340
    },
    {
      "is_complete_phase_peak": false,
      "lifetime": "Prescan scratch/device offsets retire before ring/frontier allocation. Current cursor/meta stay for hashing. The current cache is conservatively charged before its top digests are constructed.",
      "named_allocation_subtotal_bytes": 2120792372,
      "named_subtotal_exceeds_payload": false,
      "parts": {
        "device_persistent_or_single_replay_envelope": 785789696,
        "extension_previous_and_current_host_pads": 98304,
        "extension_previous_and_current_root_offset_caches": 1474496,
        "full_calibration_table_serialization_difference_upper": 921596,
        "initial_W_and_A_root_offset_caches": 150994848,
        "native_common_owner_host": 42088,
        "original_W_tile_descriptors_host_upper": 252480,
        "original_claim_batch_codec_upper": 928120832,
        "public_padding_host_upper": 55574528,
        "retained_initial_private_host_pads": 4718592,
        "retained_predecessor": 0,
        "salt_current_device": 67108864,
        "salt_current_host": 67108864,
        "salt_meta": 256,
        "salt_prescan_scratch": 10519552,
        "salt_subtree_offsets_device": 32768,
        "sealed_W_mapping_device": 126464,
        "two_public_table_host_payloads": 47908144
      },
      "phase": "native_E_D35_A2_S4_salt_prescan",
      "remaining_shared_payload_capacity_bytes": 3784787660
    },
    {
      "is_complete_phase_peak": false,
      "lifetime": "All stages use R=min(CPU R,H/2), paired cosets. One scratch/twiddle for24 serial base columns. A S1 remains original; later stages read retained planes. No extra A reconstruction.",
      "named_allocation_subtotal_bytes": 3989457572,
      "named_subtotal_exceeds_payload": false,
      "parts": {
        "E_EQ_packet_host_upper": 13936,
        "E_EQ_shape_chunks_tables_pads": 56576,
        "E_forward_twiddles": 67108864,
        "E_frontier_group2": 0,
        "E_high_powers": 256,
        "E_low_powers": 134217728,
        "E_original_to_C_pad_marshalling_host_upper": 98304,
        "E_reused_salt_band": 0,
        "E_ring24R": 1610612736,
        "E_salt_current_device": 67108864,
        "E_salt_current_host": 67108864,
        "E_salt_meta": 256,
        "E_sticky_flag": 256,
        "E_transpose_scratch": 67108864,
        "device_persistent_or_single_replay_envelope": 785789696,
        "extension_previous_and_current_host_pads": 98304,
        "extension_previous_and_current_root_offset_caches": 1474496,
        "full_calibration_table_serialization_difference_upper": 921596,
        "initial_W_and_A_root_offset_caches": 150994848,
        "native_common_owner_host": 42088,
        "original_W_tile_descriptors_host_upper": 252480,
        "original_claim_batch_codec_upper": 928120832,
        "public_padding_host_upper": 55574528,
        "retained_initial_private_host_pads": 4718592,
        "retained_predecessor": 0,
        "sealed_W_mapping_device": 126464,
        "two_public_table_host_payloads": 47908144
      },
      "phase": "native_E_D35_A2_S4_FFT",
      "remaining_shared_payload_capacity_bytes": 1916122460
    },
    {
      "is_complete_phase_peak": false,
      "lifetime": "EQ/pad device packet and powers/FFT auxiliaries retire before hash. Two lanes publish R paired roots; the ring retires before further node outputs, preserving original salts and order.",
      "named_allocation_subtotal_bytes": 3991483956,
      "named_subtotal_exceeds_payload": false,
      "parts": {
        "E_frontier_group2": 0,
        "E_hash_flag": 256,
        "E_original_to_C_pad_marshalling_host_upper": 98304,
        "E_paired_hash_states_R": 268435456,
        "E_ring24R": 1610612736,
        "E_salt_band": 2097152,
        "E_salt_current_device": 67108864,
        "E_salt_current_host": 67108864,
        "E_salt_meta": 256,
        "device_persistent_or_single_replay_envelope": 785789696,
        "extension_previous_and_current_host_pads": 98304,
        "extension_previous_and_current_root_offset_caches": 1474496,
        "full_calibration_table_serialization_difference_upper": 921596,
        "initial_W_and_A_root_offset_caches": 150994848,
        "native_common_owner_host": 42088,
        "original_W_tile_descriptors_host_upper": 252480,
        "original_claim_batch_codec_upper": 928120832,
        "public_padding_host_upper": 55574528,
        "retained_initial_private_host_pads": 4718592,
        "retained_predecessor": 0,
        "sealed_W_mapping_device": 126464,
        "two_public_table_host_payloads": 47908144
      },
      "phase": "native_E_D35_A2_S4_hash",
      "remaining_shared_payload_capacity_bytes": 1914096076
    },
    {
      "is_complete_phase_peak": false,
      "lifetime": "Upper of final reductions after ring/salt retirement; top cache is already conservatively charged.",
      "named_allocation_subtotal_bytes": 2445882420,
      "named_subtotal_exceeds_payload": false,
      "parts": {
        "E_frontier_group2": 0,
        "E_pad_marshalling_host_upper": 98304,
        "E_roots_and_next_node_output": 402653184,
        "E_salt_current_host": 67108864,
        "device_persistent_or_single_replay_envelope": 785789696,
        "extension_previous_and_current_host_pads": 98304,
        "extension_previous_and_current_root_offset_caches": 1474496,
        "full_calibration_table_serialization_difference_upper": 921596,
        "initial_W_and_A_root_offset_caches": 150994848,
        "native_common_owner_host": 42088,
        "original_W_tile_descriptors_host_upper": 252480,
        "original_claim_batch_codec_upper": 928120832,
        "public_padding_host_upper": 55574528,
        "retained_initial_private_host_pads": 4718592,
        "retained_predecessor": 0,
        "sealed_W_mapping_device": 126464,
        "two_public_table_host_payloads": 47908144
      },
      "phase": "native_E_D35_A2_S4_nodes",
      "remaining_shared_payload_capacity_bytes": 3459697612
    },
    {
      "is_complete_phase_peak": false,
      "lifetime": "One source loader for all3 limbs;4 remainder buffers, no original getter/D2H. 96q matrix+24q Rust column+24q C staging overlap until canonical check/free/publication. Both adjacent caches and predecessor planes stay alive through opening/release.",
      "named_allocation_subtotal_bytes": 2991212580,
      "named_subtotal_exceeds_payload": false,
      "parts": {
        "E_C_staged_column_host": 25165824,
        "E_Rust_EQ_packet_host_upper": 12784,
        "E_Rust_column_host": 25165824,
        "E_Rust_pad_marshalling_host_upper": 98304,
        "E_forward_inverse_twiddles": 67110400,
        "E_four_remainders": 33554432,
        "E_private_shape_EQ_and_pads": 56064,
        "E_private_sticky_flag": 256,
        "E_private_three_limb_low": 25165824,
        "E_public_factor_spectra": 704643072,
        "E_returned_matrix_host": 100663296,
        "E_work_and_scratch": 33554432,
        "device_persistent_or_single_replay_envelope": 785789696,
        "extension_previous_and_current_host_pads": 98304,
        "extension_previous_and_current_root_offset_caches": 1474496,
        "full_calibration_table_serialization_difference_upper": 921596,
        "initial_W_and_A_root_offset_caches": 150994848,
        "native_common_owner_host": 42088,
        "original_W_tile_descriptors_host_upper": 252480,
        "original_claim_batch_codec_upper": 928120832,
        "public_padding_host_upper": 55574528,
        "retained_initial_private_host_pads": 4718592,
        "retained_predecessor": 0,
        "sealed_W_mapping_device": 126464,
        "two_public_table_host_payloads": 47908144
      },
      "phase": "native_E_D35_A2_S4_predecessor_E_query_publication",
      "remaining_shared_payload_capacity_bytes": 2914367452
    },
    {
      "is_complete_phase_peak": false,
      "lifetime": "CPU query_tree_with/DFT construction is a preceding lifetime; matrix/private low/work not allocated yet. Reverse/inverse-series/multiply/DFT caches and Vec growth remain explicitly unquantified additional classes.",
      "named_allocation_subtotal_bytes": 2823273012,
      "named_subtotal_exceeds_payload": false,
      "parts": {
        "E_forward_inverse_twiddles": 67110400,
        "E_public_factor_spectra": 704643072,
        "current_inverse_modulus_spectra": 33554432,
        "current_polynomial_level_upper": 16777216,
        "device_persistent_or_single_replay_envelope": 785789696,
        "extension_previous_and_current_host_pads": 98304,
        "extension_previous_and_current_root_offset_caches": 1474496,
        "full_calibration_table_serialization_difference_upper": 921596,
        "initial_W_and_A_root_offset_caches": 150994848,
        "native_common_owner_host": 42088,
        "one_upload_conversion": 16777216,
        "original_W_tile_descriptors_host_upper": 252480,
        "original_claim_batch_codec_upper": 928120832,
        "public_padding_host_upper": 55574528,
        "public_points": 8388608,
        "retained_initial_private_host_pads": 4718592,
        "retained_predecessor": 0,
        "sealed_W_mapping_device": 126464,
        "two_public_table_host_payloads": 47908144
      },
      "phase": "native_E_D35_A2_S4_predecessor_E_public_factor_construction",
      "remaining_shared_payload_capacity_bytes": 3082307020
    },
    {
      "is_complete_phase_peak": false,
      "lifetime": "Prescan scratch/device offsets retire before ring/frontier allocation. Current cursor/meta stay for hashing. The current cache is conservatively charged before its top digests are constructed.",
      "named_allocation_subtotal_bytes": 2018998580,
      "named_subtotal_exceeds_payload": false,
      "parts": {
        "device_persistent_or_single_replay_envelope": 785789696,
        "extension_previous_and_current_host_pads": 98304,
        "extension_previous_and_current_root_offset_caches": 368576,
        "full_calibration_table_serialization_difference_upper": 921596,
        "initial_W_and_A_root_offset_caches": 150994848,
        "native_common_owner_host": 42088,
        "original_W_tile_descriptors_host_upper": 252480,
        "original_claim_batch_codec_upper": 928120832,
        "public_padding_host_upper": 55574528,
        "retained_initial_private_host_pads": 4718592,
        "retained_predecessor": 0,
        "salt_current_device": 16777216,
        "salt_current_host": 16777216,
        "salt_meta": 256,
        "salt_prescan_scratch": 10519552,
        "salt_subtree_offsets_device": 8192,
        "sealed_W_mapping_device": 126464,
        "two_public_table_host_payloads": 47908144
      },
      "phase": "native_E_D35_A2_S5_salt_prescan",
      "remaining_shared_payload_capacity_bytes": 3886581452
    },
    {
      "is_complete_phase_peak": false,
      "lifetime": "All stages use R=min(CPU R,H/2), paired cosets. One scratch/twiddle for24 serial base columns. A S1 remains original; later stages read retained planes. No extra A reconstruction.",
      "named_allocation_subtotal_bytes": 2478409124,
      "named_subtotal_exceeds_payload": false,
      "parts": {
        "E_EQ_packet_host_upper": 18544,
        "E_EQ_shape_chunks_tables_pads": 58880,
        "E_forward_twiddles": 16777216,
        "E_frontier_group2": 0,
        "E_high_powers": 256,
        "E_low_powers": 33554432,
        "E_original_to_C_pad_marshalling_host_upper": 98304,
        "E_reused_salt_band": 0,
        "E_ring24R": 402653184,
        "E_salt_current_device": 16777216,
        "E_salt_current_host": 16777216,
        "E_salt_meta": 256,
        "E_sticky_flag": 256,
        "E_transpose_scratch": 16777216,
        "device_persistent_or_single_replay_envelope": 785789696,
        "extension_previous_and_current_host_pads": 98304,
        "extension_previous_and_current_root_offset_caches": 368576,
        "full_calibration_table_serialization_difference_upper": 921596,
        "initial_W_and_A_root_offset_caches": 150994848,
        "native_common_owner_host": 42088,
        "original_W_tile_descriptors_host_upper": 252480,
        "original_claim_batch_codec_upper": 928120832,
        "public_padding_host_upper": 55574528,
        "retained_initial_private_host_pads": 4718592,
        "retained_predecessor": 0,
        "sealed_W_mapping_device": 126464,
        "two_public_table_host_payloads": 47908144
      },
      "phase": "native_E_D35_A2_S5_FFT",
      "remaining_shared_payload_capacity_bytes": 3427170908
    },
    {
      "is_complete_phase_peak": false,
      "lifetime": "EQ/pad device packet and powers/FFT auxiliaries retire before hash. Two lanes publish R paired roots; the ring retires before further node outputs, preserving original salts and order.",
      "named_allocation_subtotal_bytes": 2480428596,
      "named_subtotal_exceeds_payload": false,
      "parts": {
        "E_frontier_group2": 0,
        "E_hash_flag": 256,
        "E_original_to_C_pad_marshalling_host_upper": 98304,
        "E_paired_hash_states_R": 67108864,
        "E_ring24R": 402653184,
        "E_salt_band": 2097152,
        "E_salt_current_device": 16777216,
        "E_salt_current_host": 16777216,
        "E_salt_meta": 256,
        "device_persistent_or_single_replay_envelope": 785789696,
        "extension_previous_and_current_host_pads": 98304,
        "extension_previous_and_current_root_offset_caches": 368576,
        "full_calibration_table_serialization_difference_upper": 921596,
        "initial_W_and_A_root_offset_caches": 150994848,
        "native_common_owner_host": 42088,
        "original_W_tile_descriptors_host_upper": 252480,
        "original_claim_batch_codec_upper": 928120832,
        "public_padding_host_upper": 55574528,
        "retained_initial_private_host_pads": 4718592,
        "retained_predecessor": 0,
        "sealed_W_mapping_device": 126464,
        "two_public_table_host_payloads": 47908144
      },
      "phase": "native_E_D35_A2_S5_hash",
      "remaining_shared_payload_capacity_bytes": 3425151436
    },
    {
      "is_complete_phase_peak": false,
      "lifetime": "Upper of final reductions after ring/salt retirement; top cache is already conservatively charged.",
      "named_allocation_subtotal_bytes": 2092454964,
      "named_subtotal_exceeds_payload": false,
      "parts": {
        "E_frontier_group2": 0,
        "E_pad_marshalling_host_upper": 98304,
        "E_roots_and_next_node_output": 100663296,
        "E_salt_current_host": 16777216,
        "device_persistent_or_single_replay_envelope": 785789696,
        "extension_previous_and_current_host_pads": 98304,
        "extension_previous_and_current_root_offset_caches": 368576,
        "full_calibration_table_serialization_difference_upper": 921596,
        "initial_W_and_A_root_offset_caches": 150994848,
        "native_common_owner_host": 42088,
        "original_W_tile_descriptors_host_upper": 252480,
        "original_claim_batch_codec_upper": 928120832,
        "public_padding_host_upper": 55574528,
        "retained_initial_private_host_pads": 4718592,
        "retained_predecessor": 0,
        "sealed_W_mapping_device": 126464,
        "two_public_table_host_payloads": 47908144
      },
      "phase": "native_E_D35_A2_S5_nodes",
      "remaining_shared_payload_capacity_bytes": 3813125068
    },
    {
      "is_complete_phase_peak": false,
      "lifetime": "One source loader for all3 limbs;4 remainder buffers, no original getter/D2H. 96q matrix+24q Rust column+24q C staging overlap until canonical check/free/publication. Both adjacent caches and predecessor planes stay alive through opening/release.",
      "named_allocation_subtotal_bytes": 2990108324,
      "named_subtotal_exceeds_payload": false,
      "parts": {
        "E_C_staged_column_host": 25165824,
        "E_Rust_EQ_packet_host_upper": 13936,
        "E_Rust_column_host": 25165824,
        "E_Rust_pad_marshalling_host_upper": 98304,
        "E_forward_inverse_twiddles": 67110400,
        "E_four_remainders": 33554432,
        "E_private_shape_EQ_and_pads": 56576,
        "E_private_sticky_flag": 256,
        "E_private_three_limb_low": 25165824,
        "E_public_factor_spectra": 704643072,
        "E_returned_matrix_host": 100663296,
        "E_work_and_scratch": 33554432,
        "device_persistent_or_single_replay_envelope": 785789696,
        "extension_previous_and_current_host_pads": 98304,
        "extension_previous_and_current_root_offset_caches": 368576,
        "full_calibration_table_serialization_difference_upper": 921596,
        "initial_W_and_A_root_offset_caches": 150994848,
        "native_common_owner_host": 42088,
        "original_W_tile_descriptors_host_upper": 252480,
        "original_claim_batch_codec_upper": 928120832,
        "public_padding_host_upper": 55574528,
        "retained_initial_private_host_pads": 4718592,
        "retained_predecessor": 0,
        "sealed_W_mapping_device": 126464,
        "two_public_table_host_payloads": 47908144
      },
      "phase": "native_E_D35_A2_S5_predecessor_E_query_publication",
      "remaining_shared_payload_capacity_bytes": 2915471708
    },
    {
      "is_complete_phase_peak": false,
      "lifetime": "CPU query_tree_with/DFT construction is a preceding lifetime; matrix/private low/work not allocated yet. Reverse/inverse-series/multiply/DFT caches and Vec growth remain explicitly unquantified additional classes.",
      "named_allocation_subtotal_bytes": 2822167092,
      "named_subtotal_exceeds_payload": false,
      "parts": {
        "E_forward_inverse_twiddles": 67110400,
        "E_public_factor_spectra": 704643072,
        "current_inverse_modulus_spectra": 33554432,
        "current_polynomial_level_upper": 16777216,
        "device_persistent_or_single_replay_envelope": 785789696,
        "extension_previous_and_current_host_pads": 98304,
        "extension_previous_and_current_root_offset_caches": 368576,
        "full_calibration_table_serialization_difference_upper": 921596,
        "initial_W_and_A_root_offset_caches": 150994848,
        "native_common_owner_host": 42088,
        "one_upload_conversion": 16777216,
        "original_W_tile_descriptors_host_upper": 252480,
        "original_claim_batch_codec_upper": 928120832,
        "public_padding_host_upper": 55574528,
        "public_points": 8388608,
        "retained_initial_private_host_pads": 4718592,
        "retained_predecessor": 0,
        "sealed_W_mapping_device": 126464,
        "two_public_table_host_payloads": 47908144
      },
      "phase": "native_E_D35_A2_S5_predecessor_E_public_factor_construction",
      "remaining_shared_payload_capacity_bytes": 3083412940
    },
    {
      "is_complete_phase_peak": false,
      "lifetime": "Prescan scratch/device offsets retire before ring/frontier allocation. Current cursor/meta stay for hashing. The current cache is conservatively charged before its top digests are constructed.",
      "named_allocation_subtotal_bytes": 1985661236,
      "named_subtotal_exceeds_payload": false,
      "parts": {
        "device_persistent_or_single_replay_envelope": 785789696,
        "extension_previous_and_current_host_pads": 98304,
        "extension_previous_and_current_root_offset_caches": 92096,
        "full_calibration_table_serialization_difference_upper": 921596,
        "initial_W_and_A_root_offset_caches": 150994848,
        "native_common_owner_host": 42088,
        "original_W_tile_descriptors_host_upper": 252480,
        "original_claim_batch_codec_upper": 928120832,
        "public_padding_host_upper": 55574528,
        "retained_initial_private_host_pads": 4718592,
        "retained_predecessor": 0,
        "salt_current_device": 4194304,
        "salt_current_host": 4194304,
        "salt_meta": 256,
        "salt_prescan_scratch": 2630656,
        "salt_subtree_offsets_device": 2048,
        "sealed_W_mapping_device": 126464,
        "two_public_table_host_payloads": 47908144
      },
      "phase": "native_E_D35_A2_S6_salt_prescan",
      "remaining_shared_payload_capacity_bytes": 3919918796
    },
    {
      "is_complete_phase_peak": false,
      "lifetime": "All stages use R=min(CPU R,H/2), paired cosets. One scratch/twiddle for24 serial base columns. A S1 remains original; later stages read retained planes. No extra A reconstruction.",
      "named_allocation_subtotal_bytes": 2100654868,
      "named_subtotal_exceeds_payload": false,
      "parts": {
        "E_EQ_packet_host_upper": 24800,
        "E_EQ_shape_chunks_tables_pads": 62208,
        "E_forward_twiddles": 4194304,
        "E_frontier_group2": 0,
        "E_high_powers": 256,
        "E_low_powers": 8388608,
        "E_original_to_C_pad_marshalling_host_upper": 98304,
        "E_reused_salt_band": 0,
        "E_ring24R": 100663296,
        "E_salt_current_device": 4194304,
        "E_salt_current_host": 4194304,
        "E_salt_meta": 256,
        "E_sticky_flag": 256,
        "E_transpose_scratch": 4194304,
        "device_persistent_or_single_replay_envelope": 785789696,
        "extension_previous_and_current_host_pads": 98304,
        "extension_previous_and_current_root_offset_caches": 92096,
        "full_calibration_table_serialization_difference_upper": 921596,
        "initial_W_and_A_root_offset_caches": 150994848,
        "native_common_owner_host": 42088,
        "original_W_tile_descriptors_host_upper": 252480,
        "original_claim_batch_codec_upper": 928120832,
        "public_padding_host_upper": 55574528,
        "retained_initial_private_host_pads": 4718592,
        "retained_predecessor": 0,
        "sealed_W_mapping_device": 126464,
        "two_public_table_host_payloads": 47908144
      },
      "phase": "native_E_D35_A2_S6_FFT",
      "remaining_shared_payload_capacity_bytes": 3804925164
    },
    {
      "is_complete_phase_peak": false,
      "lifetime": "EQ/pad device packet and powers/FFT auxiliaries retire before hash. Two lanes publish R paired roots; the ring retires before further node outputs, preserving original salts and order.",
      "named_allocation_subtotal_bytes": 2102664756,
      "named_subtotal_exceeds_payload": false,
      "parts": {
        "E_frontier_group2": 0,
        "E_hash_flag": 256,
        "E_original_to_C_pad_marshalling_host_upper": 98304,
        "E_paired_hash_states_R": 16777216,
        "E_ring24R": 100663296,
        "E_salt_band": 2097152,
        "E_salt_current_device": 4194304,
        "E_salt_current_host": 4194304,
        "E_salt_meta": 256,
        "device_persistent_or_single_replay_envelope": 785789696,
        "extension_previous_and_current_host_pads": 98304,
        "extension_previous_and_current_root_offset_caches": 92096,
        "full_calibration_table_serialization_difference_upper": 921596,
        "initial_W_and_A_root_offset_caches": 150994848,
        "native_common_owner_host": 42088,
        "original_W_tile_descriptors_host_upper": 252480,
        "original_claim_batch_codec_upper": 928120832,
        "public_padding_host_upper": 55574528,
        "retained_initial_private_host_pads": 4718592,
        "retained_predecessor": 0,
        "sealed_W_mapping_device": 126464,
        "two_public_table_host_payloads": 47908144
      },
      "phase": "native_E_D35_A2_S6_hash",
      "remaining_shared_payload_capacity_bytes": 3802915276
    },
    {
      "is_complete_phase_peak": false,
      "lifetime": "Upper of final reductions after ring/salt retirement; top cache is already conservatively charged.",
      "named_allocation_subtotal_bytes": 2004098100,
      "named_subtotal_exceeds_payload": false,
      "parts": {
        "E_frontier_group2": 0,
        "E_pad_marshalling_host_upper": 98304,
        "E_roots_and_next_node_output": 25165824,
        "E_salt_current_host": 4194304,
        "device_persistent_or_single_replay_envelope": 785789696,
        "extension_previous_and_current_host_pads": 98304,
        "extension_previous_and_current_root_offset_caches": 92096,
        "full_calibration_table_serialization_difference_upper": 921596,
        "initial_W_and_A_root_offset_caches": 150994848,
        "native_common_owner_host": 42088,
        "original_W_tile_descriptors_host_upper": 252480,
        "original_claim_batch_codec_upper": 928120832,
        "public_padding_host_upper": 55574528,
        "retained_initial_private_host_pads": 4718592,
        "retained_predecessor": 0,
        "sealed_W_mapping_device": 126464,
        "two_public_table_host_payloads": 47908144
      },
      "phase": "native_E_D35_A2_S6_nodes",
      "remaining_shared_payload_capacity_bytes": 3901481932
    },
    {
      "is_complete_phase_peak": false,
      "lifetime": "One source loader for all3 limbs;4 remainder buffers, no original getter/D2H. 96q matrix+24q Rust column+24q C staging overlap until canonical check/free/publication. Both adjacent caches and predecessor planes stay alive through opening/release.",
      "named_allocation_subtotal_bytes": 2989838756,
      "named_subtotal_exceeds_payload": false,
      "parts": {
        "E_C_staged_column_host": 25165824,
        "E_Rust_EQ_packet_host_upper": 18544,
        "E_Rust_column_host": 25165824,
        "E_Rust_pad_marshalling_host_upper": 98304,
        "E_forward_inverse_twiddles": 67110400,
        "E_four_remainders": 33554432,
        "E_private_shape_EQ_and_pads": 58880,
        "E_private_sticky_flag": 256,
        "E_private_three_limb_low": 25165824,
        "E_public_factor_spectra": 704643072,
        "E_returned_matrix_host": 100663296,
        "E_work_and_scratch": 33554432,
        "device_persistent_or_single_replay_envelope": 785789696,
        "extension_previous_and_current_host_pads": 98304,
        "extension_previous_and_current_root_offset_caches": 92096,
        "full_calibration_table_serialization_difference_upper": 921596,
        "initial_W_and_A_root_offset_caches": 150994848,
        "native_common_owner_host": 42088,
        "original_W_tile_descriptors_host_upper": 252480,
        "original_claim_batch_codec_upper": 928120832,
        "public_padding_host_upper": 55574528,
        "retained_initial_private_host_pads": 4718592,
        "retained_predecessor": 0,
        "sealed_W_mapping_device": 126464,
        "two_public_table_host_payloads": 47908144
      },
      "phase": "native_E_D35_A2_S6_predecessor_E_query_publication",
      "remaining_shared_payload_capacity_bytes": 2915741276
    },
    {
      "is_complete_phase_peak": false,
      "lifetime": "CPU query_tree_with/DFT construction is a preceding lifetime; matrix/private low/work not allocated yet. Reverse/inverse-series/multiply/DFT caches and Vec growth remain explicitly unquantified additional classes.",
      "named_allocation_subtotal_bytes": 2821890612,
      "named_subtotal_exceeds_payload": false,
      "parts": {
        "E_forward_inverse_twiddles": 67110400,
        "E_public_factor_spectra": 704643072,
        "current_inverse_modulus_spectra": 33554432,
        "current_polynomial_level_upper": 16777216,
        "device_persistent_or_single_replay_envelope": 785789696,
        "extension_previous_and_current_host_pads": 98304,
        "extension_previous_and_current_root_offset_caches": 92096,
        "full_calibration_table_serialization_difference_upper": 921596,
        "initial_W_and_A_root_offset_caches": 150994848,
        "native_common_owner_host": 42088,
        "one_upload_conversion": 16777216,
        "original_W_tile_descriptors_host_upper": 252480,
        "original_claim_batch_codec_upper": 928120832,
        "public_padding_host_upper": 55574528,
        "public_points": 8388608,
        "retained_initial_private_host_pads": 4718592,
        "retained_predecessor": 0,
        "sealed_W_mapping_device": 126464,
        "two_public_table_host_payloads": 47908144
      },
      "phase": "native_E_D35_A2_S6_predecessor_E_public_factor_construction",
      "remaining_shared_payload_capacity_bytes": 3083689420
    },
    {
      "is_complete_phase_peak": false,
      "lifetime": "Prescan scratch/device offsets retire before ring/frontier allocation. Current cursor/meta stay for hashing. The current cache is conservatively charged before its top digests are constructed.",
      "named_allocation_subtotal_bytes": 1975249204,
      "named_subtotal_exceeds_payload": false,
      "parts": {
        "device_persistent_or_single_replay_envelope": 785789696,
        "extension_previous_and_current_host_pads": 98304,
        "extension_previous_and_current_root_offset_caches": 36800,
        "full_calibration_table_serialization_difference_upper": 921596,
        "initial_W_and_A_root_offset_caches": 150994848,
        "native_common_owner_host": 42088,
        "original_W_tile_descriptors_host_upper": 252480,
        "original_claim_batch_codec_upper": 928120832,
        "public_padding_host_upper": 55574528,
        "retained_initial_private_host_pads": 4718592,
        "retained_predecessor": 0,
        "salt_current_device": 2048,
        "salt_current_host": 2048,
        "salt_meta": 256,
        "salt_prescan_scratch": 658432,
        "salt_subtree_offsets_device": 2048,
        "sealed_W_mapping_device": 126464,
        "two_public_table_host_payloads": 47908144
      },
      "phase": "native_E_D35_A2_S7_salt_prescan",
      "remaining_shared_payload_capacity_bytes": 3930330828
    },
    {
      "is_complete_phase_peak": false,
      "lifetime": "All stages use R=min(CPU R,H/2), paired cosets. One scratch/twiddle for24 serial base columns. A S1 remains original; later stages read retained planes. No extra A reconstruction.",
      "named_allocation_subtotal_bytes": 1974915124,
      "named_subtotal_exceeds_payload": false,
      "parts": {
        "E_EQ_packet_host_upper": 25088,
        "E_EQ_shape_chunks_tables_pads": 62208,
        "E_forward_twiddles": 2048,
        "E_frontier_group2": 73728,
        "E_high_powers": 1280,
        "E_low_powers": 4096,
        "E_original_to_C_pad_marshalling_host_upper": 98304,
        "E_reused_salt_band": 8192,
        "E_ring24R": 49152,
        "E_salt_current_device": 2048,
        "E_salt_current_host": 2048,
        "E_salt_meta": 256,
        "E_sticky_flag": 256,
        "E_transpose_scratch": 2048,
        "device_persistent_or_single_replay_envelope": 785789696,
        "extension_previous_and_current_host_pads": 98304,
        "extension_previous_and_current_root_offset_caches": 36800,
        "full_calibration_table_serialization_difference_upper": 921596,
        "initial_W_and_A_root_offset_caches": 150994848,
        "native_common_owner_host": 42088,
        "original_W_tile_descriptors_host_upper": 252480,
        "original_claim_batch_codec_upper": 928120832,
        "public_padding_host_upper": 55574528,
        "retained_initial_private_host_pads": 4718592,
        "retained_predecessor": 0,
        "sealed_W_mapping_device": 126464,
        "two_public_table_host_payloads": 47908144
      },
      "phase": "native_E_D35_A2_S7_FFT",
      "remaining_shared_payload_capacity_bytes": 3930664908
    },
    {
      "is_complete_phase_peak": false,
      "lifetime": "EQ/pad device packet and powers/FFT auxiliaries retire before hash. Two lanes publish R paired roots; the ring retires before further node outputs, preserving original salts and order.",
      "named_allocation_subtotal_bytes": 1974826548,
      "named_subtotal_exceeds_payload": false,
      "parts": {
        "E_frontier_group2": 73728,
        "E_hash_flag": 256,
        "E_original_to_C_pad_marshalling_host_upper": 98304,
        "E_paired_hash_states_R": 8192,
        "E_ring24R": 49152,
        "E_salt_band": 8192,
        "E_salt_current_device": 2048,
        "E_salt_current_host": 2048,
        "E_salt_meta": 256,
        "device_persistent_or_single_replay_envelope": 785789696,
        "extension_previous_and_current_host_pads": 98304,
        "extension_previous_and_current_root_offset_caches": 36800,
        "full_calibration_table_serialization_difference_upper": 921596,
        "initial_W_and_A_root_offset_caches": 150994848,
        "native_common_owner_host": 42088,
        "original_W_tile_descriptors_host_upper": 252480,
        "original_claim_batch_codec_upper": 928120832,
        "public_padding_host_upper": 55574528,
        "retained_initial_private_host_pads": 4718592,
        "retained_predecessor": 0,
        "sealed_W_mapping_device": 126464,
        "two_public_table_host_payloads": 47908144
      },
      "phase": "native_E_D35_A2_S7_hash",
      "remaining_shared_payload_capacity_bytes": 3930753484
    },
    {
      "is_complete_phase_peak": false,
      "lifetime": "Upper of final reductions after ring/salt retirement; top cache is already conservatively charged.",
      "named_allocation_subtotal_bytes": 1974770740,
      "named_subtotal_exceeds_payload": false,
      "parts": {
        "E_frontier_group2": 73728,
        "E_pad_marshalling_host_upper": 98304,
        "E_roots_and_next_node_output": 12288,
        "E_salt_current_host": 2048,
        "device_persistent_or_single_replay_envelope": 785789696,
        "extension_previous_and_current_host_pads": 98304,
        "extension_previous_and_current_root_offset_caches": 36800,
        "full_calibration_table_serialization_difference_upper": 921596,
        "initial_W_and_A_root_offset_caches": 150994848,
        "native_common_owner_host": 42088,
        "original_W_tile_descriptors_host_upper": 252480,
        "original_claim_batch_codec_upper": 928120832,
        "public_padding_host_upper": 55574528,
        "retained_initial_private_host_pads": 4718592,
        "retained_predecessor": 0,
        "sealed_W_mapping_device": 126464,
        "two_public_table_host_payloads": 47908144
      },
      "phase": "native_E_D35_A2_S7_nodes",
      "remaining_shared_payload_capacity_bytes": 3930809292
    },
    {
      "is_complete_phase_peak": false,
      "lifetime": "One source loader for all3 limbs;4 remainder buffers, no original getter/D2H. 96q matrix+24q Rust column+24q C staging overlap until canonical check/free/publication. Both adjacent caches and predecessor planes stay alive through opening/release.",
      "named_allocation_subtotal_bytes": 2989793044,
      "named_subtotal_exceeds_payload": false,
      "parts": {
        "E_C_staged_column_host": 25165824,
        "E_Rust_EQ_packet_host_upper": 24800,
        "E_Rust_column_host": 25165824,
        "E_Rust_pad_marshalling_host_upper": 98304,
        "E_forward_inverse_twiddles": 67110400,
        "E_four_remainders": 33554432,
        "E_private_shape_EQ_and_pads": 62208,
        "E_private_sticky_flag": 256,
        "E_private_three_limb_low": 25165824,
        "E_public_factor_spectra": 704643072,
        "E_returned_matrix_host": 100663296,
        "E_work_and_scratch": 33554432,
        "device_persistent_or_single_replay_envelope": 785789696,
        "extension_previous_and_current_host_pads": 98304,
        "extension_previous_and_current_root_offset_caches": 36800,
        "full_calibration_table_serialization_difference_upper": 921596,
        "initial_W_and_A_root_offset_caches": 150994848,
        "native_common_owner_host": 42088,
        "original_W_tile_descriptors_host_upper": 252480,
        "original_claim_batch_codec_upper": 928120832,
        "public_padding_host_upper": 55574528,
        "retained_initial_private_host_pads": 4718592,
        "retained_predecessor": 0,
        "sealed_W_mapping_device": 126464,
        "two_public_table_host_payloads": 47908144
      },
      "phase": "native_E_D35_A2_S7_predecessor_E_query_publication",
      "remaining_shared_payload_capacity_bytes": 2915786988
    },
    {
      "is_complete_phase_peak": false,
      "lifetime": "CPU query_tree_with/DFT construction is a preceding lifetime; matrix/private low/work not allocated yet. Reverse/inverse-series/multiply/DFT caches and Vec growth remain explicitly unquantified additional classes.",
      "named_allocation_subtotal_bytes": 2821835316,
      "named_subtotal_exceeds_payload": false,
      "parts": {
        "E_forward_inverse_twiddles": 67110400,
        "E_public_factor_spectra": 704643072,
        "current_inverse_modulus_spectra": 33554432,
        "current_polynomial_level_upper": 16777216,
        "device_persistent_or_single_replay_envelope": 785789696,
        "extension_previous_and_current_host_pads": 98304,
        "extension_previous_and_current_root_offset_caches": 36800,
        "full_calibration_table_serialization_difference_upper": 921596,
        "initial_W_and_A_root_offset_caches": 150994848,
        "native_common_owner_host": 42088,
        "one_upload_conversion": 16777216,
        "original_W_tile_descriptors_host_upper": 252480,
        "original_claim_batch_codec_upper": 928120832,
        "public_padding_host_upper": 55574528,
        "public_points": 8388608,
        "retained_initial_private_host_pads": 4718592,
        "retained_predecessor": 0,
        "sealed_W_mapping_device": 126464,
        "two_public_table_host_payloads": 47908144
      },
      "phase": "native_E_D35_A2_S7_predecessor_E_public_factor_construction",
      "remaining_shared_payload_capacity_bytes": 3083744716
    },
    {
      "is_complete_phase_peak": false,
      "lifetime": "Prescan scratch/device offsets retire before ring/frontier allocation. Current cursor/meta stay for hashing. The current cache is conservatively charged before its top digests are constructed.",
      "named_allocation_subtotal_bytes": 1974756148,
      "named_subtotal_exceeds_payload": false,
      "parts": {
        "device_persistent_or_single_replay_envelope": 785789696,
        "extension_previous_and_current_host_pads": 98304,
        "extension_previous_and_current_root_offset_caches": 36800,
        "full_calibration_table_serialization_difference_upper": 921596,
        "initial_W_and_A_root_offset_caches": 150994848,
        "native_common_owner_host": 42088,
        "original_W_tile_descriptors_host_upper": 252480,
        "original_claim_batch_codec_upper": 928120832,
        "public_padding_host_upper": 55574528,
        "retained_initial_private_host_pads": 4718592,
        "retained_predecessor": 0,
        "salt_current_device": 2048,
        "salt_current_host": 2048,
        "salt_meta": 256,
        "salt_prescan_scratch": 165376,
        "salt_subtree_offsets_device": 2048,
        "sealed_W_mapping_device": 126464,
        "two_public_table_host_payloads": 47908144
      },
      "phase": "native_E_D35_A2_S8_salt_prescan",
      "remaining_shared_payload_capacity_bytes": 3930823884
    },
    {
      "is_complete_phase_peak": false,
      "lifetime": "All stages use R=min(CPU R,H/2), paired cosets. One scratch/twiddle for24 serial base columns. A S1 remains original; later stages read retained planes. No extra A reconstruction.",
      "named_allocation_subtotal_bytes": 1974899636,
      "named_subtotal_exceeds_payload": false,
      "parts": {
        "E_EQ_packet_host_upper": 26240,
        "E_EQ_shape_chunks_tables_pads": 62720,
        "E_forward_twiddles": 2048,
        "E_frontier_group2": 57344,
        "E_high_powers": 512,
        "E_low_powers": 4096,
        "E_original_to_C_pad_marshalling_host_upper": 98304,
        "E_reused_salt_band": 8192,
        "E_ring24R": 49152,
        "E_salt_current_device": 2048,
        "E_salt_current_host": 2048,
        "E_salt_meta": 256,
        "E_sticky_flag": 256,
        "E_transpose_scratch": 2048,
        "device_persistent_or_single_replay_envelope": 785789696,
        "extension_previous_and_current_host_pads": 98304,
        "extension_previous_and_current_root_offset_caches": 36800,
        "full_calibration_table_serialization_difference_upper": 921596,
        "initial_W_and_A_root_offset_caches": 150994848,
        "native_common_owner_host": 42088,
        "original_W_tile_descriptors_host_upper": 252480,
        "original_claim_batch_codec_upper": 928120832,
        "public_padding_host_upper": 55574528,
        "retained_initial_private_host_pads": 4718592,
        "retained_predecessor": 0,
        "sealed_W_mapping_device": 126464,
        "two_public_table_host_payloads": 47908144
      },
      "phase": "native_E_D35_A2_S8_FFT",
      "remaining_shared_payload_capacity_bytes": 3930680396
    },
    {
      "is_complete_phase_peak": false,
      "lifetime": "EQ/pad device packet and powers/FFT auxiliaries retire before hash. Two lanes publish R paired roots; the ring retires before further node outputs, preserving original salts and order.",
      "named_allocation_subtotal_bytes": 1974810164,
      "named_subtotal_exceeds_payload": false,
      "parts": {
        "E_frontier_group2": 57344,
        "E_hash_flag": 256,
        "E_original_to_C_pad_marshalling_host_upper": 98304,
        "E_paired_hash_states_R": 8192,
        "E_ring24R": 49152,
        "E_salt_band": 8192,
        "E_salt_current_device": 2048,
        "E_salt_current_host": 2048,
        "E_salt_meta": 256,
        "device_persistent_or_single_replay_envelope": 785789696,
        "extension_previous_and_current_host_pads": 98304,
        "extension_previous_and_current_root_offset_caches": 36800,
        "full_calibration_table_serialization_difference_upper": 921596,
        "initial_W_and_A_root_offset_caches": 150994848,
        "native_common_owner_host": 42088,
        "original_W_tile_descriptors_host_upper": 252480,
        "original_claim_batch_codec_upper": 928120832,
        "public_padding_host_upper": 55574528,
        "retained_initial_private_host_pads": 4718592,
        "retained_predecessor": 0,
        "sealed_W_mapping_device": 126464,
        "two_public_table_host_payloads": 47908144
      },
      "phase": "native_E_D35_A2_S8_hash",
      "remaining_shared_payload_capacity_bytes": 3930769868
    },
    {
      "is_complete_phase_peak": false,
      "lifetime": "Upper of final reductions after ring/salt retirement; top cache is already conservatively charged.",
      "named_allocation_subtotal_bytes": 1974754356,
      "named_subtotal_exceeds_payload": false,
      "parts": {
        "E_frontier_group2": 57344,
        "E_pad_marshalling_host_upper": 98304,
        "E_roots_and_next_node_output": 12288,
        "E_salt_current_host": 2048,
        "device_persistent_or_single_replay_envelope": 785789696,
        "extension_previous_and_current_host_pads": 98304,
        "extension_previous_and_current_root_offset_caches": 36800,
        "full_calibration_table_serialization_difference_upper": 921596,
        "initial_W_and_A_root_offset_caches": 150994848,
        "native_common_owner_host": 42088,
        "original_W_tile_descriptors_host_upper": 252480,
        "original_claim_batch_codec_upper": 928120832,
        "public_padding_host_upper": 55574528,
        "retained_initial_private_host_pads": 4718592,
        "retained_predecessor": 0,
        "sealed_W_mapping_device": 126464,
        "two_public_table_host_payloads": 47908144
      },
      "phase": "native_E_D35_A2_S8_nodes",
      "remaining_shared_payload_capacity_bytes": 3930825676
    },
    {
      "is_complete_phase_peak": false,
      "lifetime": "One source loader for all3 limbs;4 remainder buffers, no original getter/D2H. 96q matrix+24q Rust column+24q C staging overlap until canonical check/free/publication. Both adjacent caches and predecessor planes stay alive through opening/release.",
      "named_allocation_subtotal_bytes": 1975435316,
      "named_subtotal_exceeds_payload": false,
      "parts": {
        "E_C_staged_column_host": 24576,
        "E_Rust_EQ_packet_host_upper": 25088,
        "E_Rust_column_host": 24576,
        "E_Rust_pad_marshalling_host_upper": 98304,
        "E_forward_inverse_twiddles": 67072,
        "E_four_remainders": 32768,
        "E_private_shape_EQ_and_pads": 62208,
        "E_private_sticky_flag": 256,
        "E_private_three_limb_low": 24576,
        "E_public_factor_spectra": 360448,
        "E_returned_matrix_host": 98304,
        "E_work_and_scratch": 32768,
        "device_persistent_or_single_replay_envelope": 785789696,
        "extension_previous_and_current_host_pads": 98304,
        "extension_previous_and_current_root_offset_caches": 36800,
        "full_calibration_table_serialization_difference_upper": 921596,
        "initial_W_and_A_root_offset_caches": 150994848,
        "native_common_owner_host": 42088,
        "original_W_tile_descriptors_host_upper": 252480,
        "original_claim_batch_codec_upper": 928120832,
        "public_padding_host_upper": 55574528,
        "retained_initial_private_host_pads": 4718592,
        "retained_predecessor": 0,
        "sealed_W_mapping_device": 126464,
        "two_public_table_host_payloads": 47908144
      },
      "phase": "native_E_D35_A2_S8_predecessor_E_query_publication",
      "remaining_shared_payload_capacity_bytes": 3930144716
    },
    {
      "is_complete_phase_peak": false,
      "lifetime": "CPU query_tree_with/DFT construction is a preceding lifetime; matrix/private low/work not allocated yet. Reverse/inverse-series/multiply/DFT caches and Vec growth remain explicitly unquantified additional classes.",
      "named_allocation_subtotal_bytes": 1975085620,
      "named_subtotal_exceeds_payload": false,
      "parts": {
        "E_forward_inverse_twiddles": 67072,
        "E_public_factor_spectra": 360448,
        "current_inverse_modulus_spectra": 32768,
        "current_polynomial_level_upper": 16384,
        "device_persistent_or_single_replay_envelope": 785789696,
        "extension_previous_and_current_host_pads": 98304,
        "extension_previous_and_current_root_offset_caches": 36800,
        "full_calibration_table_serialization_difference_upper": 921596,
        "initial_W_and_A_root_offset_caches": 150994848,
        "native_common_owner_host": 42088,
        "one_upload_conversion": 16384,
        "original_W_tile_descriptors_host_upper": 252480,
        "original_claim_batch_codec_upper": 928120832,
        "public_padding_host_upper": 55574528,
        "public_points": 8192,
        "retained_initial_private_host_pads": 4718592,
        "retained_predecessor": 0,
        "sealed_W_mapping_device": 126464,
        "two_public_table_host_payloads": 47908144
      },
      "phase": "native_E_D35_A2_S8_predecessor_E_public_factor_construction",
      "remaining_shared_payload_capacity_bytes": 3930494412
    },
    {
      "is_complete_phase_peak": false,
      "lifetime": "Prescan scratch/device offsets retire before ring/frontier allocation. Current cursor/meta stay for hashing. The current cache is conservatively charged before its top digests are constructed.",
      "named_allocation_subtotal_bytes": 1974632756,
      "named_subtotal_exceeds_payload": false,
      "parts": {
        "device_persistent_or_single_replay_envelope": 785789696,
        "extension_previous_and_current_host_pads": 98304,
        "extension_previous_and_current_root_offset_caches": 36800,
        "full_calibration_table_serialization_difference_upper": 921596,
        "initial_W_and_A_root_offset_caches": 150994848,
        "native_common_owner_host": 42088,
        "original_W_tile_descriptors_host_upper": 252480,
        "original_claim_batch_codec_upper": 928120832,
        "public_padding_host_upper": 55574528,
        "retained_initial_private_host_pads": 4718592,
        "retained_predecessor": 0,
        "salt_current_device": 2048,
        "salt_current_host": 2048,
        "salt_meta": 256,
        "salt_prescan_scratch": 41984,
        "salt_subtree_offsets_device": 2048,
        "sealed_W_mapping_device": 126464,
        "two_public_table_host_payloads": 47908144
      },
      "phase": "native_E_D35_A2_S9_salt_prescan",
      "remaining_shared_payload_capacity_bytes": 3930947276
    },
    {
      "is_complete_phase_peak": false,
      "lifetime": "All stages use R=min(CPU R,H/2), paired cosets. One scratch/twiddle for24 serial base columns. A S1 remains original; later stages read retained planes. No extra A reconstruction.",
      "named_allocation_subtotal_bytes": 1974889908,
      "named_subtotal_exceeds_payload": false,
      "parts": {
        "E_EQ_packet_host_upper": 30848,
        "E_EQ_shape_chunks_tables_pads": 65024,
        "E_forward_twiddles": 2048,
        "E_frontier_group2": 40960,
        "E_high_powers": 256,
        "E_low_powers": 4096,
        "E_original_to_C_pad_marshalling_host_upper": 98304,
        "E_reused_salt_band": 8192,
        "E_ring24R": 49152,
        "E_salt_current_device": 2048,
        "E_salt_current_host": 2048,
        "E_salt_meta": 256,
        "E_sticky_flag": 256,
        "E_transpose_scratch": 2048,
        "device_persistent_or_single_replay_envelope": 785789696,
        "extension_previous_and_current_host_pads": 98304,
        "extension_previous_and_current_root_offset_caches": 36800,
        "full_calibration_table_serialization_difference_upper": 921596,
        "initial_W_and_A_root_offset_caches": 150994848,
        "native_common_owner_host": 42088,
        "original_W_tile_descriptors_host_upper": 252480,
        "original_claim_batch_codec_upper": 928120832,
        "public_padding_host_upper": 55574528,
        "retained_initial_private_host_pads": 4718592,
        "retained_predecessor": 0,
        "sealed_W_mapping_device": 126464,
        "two_public_table_host_payloads": 47908144
      },
      "phase": "native_E_D35_A2_S9_FFT",
      "remaining_shared_payload_capacity_bytes": 3930690124
    },
    {
      "is_complete_phase_peak": false,
      "lifetime": "EQ/pad device packet and powers/FFT auxiliaries retire before hash. Two lanes publish R paired roots; the ring retires before further node outputs, preserving original salts and order.",
      "named_allocation_subtotal_bytes": 1974793780,
      "named_subtotal_exceeds_payload": false,
      "parts": {
        "E_frontier_group2": 40960,
        "E_hash_flag": 256,
        "E_original_to_C_pad_marshalling_host_upper": 98304,
        "E_paired_hash_states_R": 8192,
        "E_ring24R": 49152,
        "E_salt_band": 8192,
        "E_salt_current_device": 2048,
        "E_salt_current_host": 2048,
        "E_salt_meta": 256,
        "device_persistent_or_single_replay_envelope": 785789696,
        "extension_previous_and_current_host_pads": 98304,
        "extension_previous_and_current_root_offset_caches": 36800,
        "full_calibration_table_serialization_difference_upper": 921596,
        "initial_W_and_A_root_offset_caches": 150994848,
        "native_common_owner_host": 42088,
        "original_W_tile_descriptors_host_upper": 252480,
        "original_claim_batch_codec_upper": 928120832,
        "public_padding_host_upper": 55574528,
        "retained_initial_private_host_pads": 4718592,
        "retained_predecessor": 0,
        "sealed_W_mapping_device": 126464,
        "two_public_table_host_payloads": 47908144
      },
      "phase": "native_E_D35_A2_S9_hash",
      "remaining_shared_payload_capacity_bytes": 3930786252
    },
    {
      "is_complete_phase_peak": false,
      "lifetime": "Upper of final reductions after ring/salt retirement; top cache is already conservatively charged.",
      "named_allocation_subtotal_bytes": 1974737972,
      "named_subtotal_exceeds_payload": false,
      "parts": {
        "E_frontier_group2": 40960,
        "E_pad_marshalling_host_upper": 98304,
        "E_roots_and_next_node_output": 12288,
        "E_salt_current_host": 2048,
        "device_persistent_or_single_replay_envelope": 785789696,
        "extension_previous_and_current_host_pads": 98304,
        "extension_previous_and_current_root_offset_caches": 36800,
        "full_calibration_table_serialization_difference_upper": 921596,
        "initial_W_and_A_root_offset_caches": 150994848,
        "native_common_owner_host": 42088,
        "original_W_tile_descriptors_host_upper": 252480,
        "original_claim_batch_codec_upper": 928120832,
        "public_padding_host_upper": 55574528,
        "retained_initial_private_host_pads": 4718592,
        "retained_predecessor": 0,
        "sealed_W_mapping_device": 126464,
        "two_public_table_host_payloads": 47908144
      },
      "phase": "native_E_D35_A2_S9_nodes",
      "remaining_shared_payload_capacity_bytes": 3930842060
    },
    {
      "is_complete_phase_peak": false,
      "lifetime": "One source loader for all3 limbs;4 remainder buffers, no original getter/D2H. 96q matrix+24q Rust column+24q C staging overlap until canonical check/free/publication. Both adjacent caches and predecessor planes stay alive through opening/release.",
      "named_allocation_subtotal_bytes": 1975436980,
      "named_subtotal_exceeds_payload": false,
      "parts": {
        "E_C_staged_column_host": 24576,
        "E_Rust_EQ_packet_host_upper": 26240,
        "E_Rust_column_host": 24576,
        "E_Rust_pad_marshalling_host_upper": 98304,
        "E_forward_inverse_twiddles": 67072,
        "E_four_remainders": 32768,
        "E_private_shape_EQ_and_pads": 62720,
        "E_private_sticky_flag": 256,
        "E_private_three_limb_low": 24576,
        "E_public_factor_spectra": 360448,
        "E_returned_matrix_host": 98304,
        "E_work_and_scratch": 32768,
        "device_persistent_or_single_replay_envelope": 785789696,
        "extension_previous_and_current_host_pads": 98304,
        "extension_previous_and_current_root_offset_caches": 36800,
        "full_calibration_table_serialization_difference_upper": 921596,
        "initial_W_and_A_root_offset_caches": 150994848,
        "native_common_owner_host": 42088,
        "original_W_tile_descriptors_host_upper": 252480,
        "original_claim_batch_codec_upper": 928120832,
        "public_padding_host_upper": 55574528,
        "retained_initial_private_host_pads": 4718592,
        "retained_predecessor": 0,
        "sealed_W_mapping_device": 126464,
        "two_public_table_host_payloads": 47908144
      },
      "phase": "native_E_D35_A2_S9_predecessor_E_query_publication",
      "remaining_shared_payload_capacity_bytes": 3930143052
    },
    {
      "is_complete_phase_peak": false,
      "lifetime": "CPU query_tree_with/DFT construction is a preceding lifetime; matrix/private low/work not allocated yet. Reverse/inverse-series/multiply/DFT caches and Vec growth remain explicitly unquantified additional classes.",
      "named_allocation_subtotal_bytes": 1975085620,
      "named_subtotal_exceeds_payload": false,
      "parts": {
        "E_forward_inverse_twiddles": 67072,
        "E_public_factor_spectra": 360448,
        "current_inverse_modulus_spectra": 32768,
        "current_polynomial_level_upper": 16384,
        "device_persistent_or_single_replay_envelope": 785789696,
        "extension_previous_and_current_host_pads": 98304,
        "extension_previous_and_current_root_offset_caches": 36800,
        "full_calibration_table_serialization_difference_upper": 921596,
        "initial_W_and_A_root_offset_caches": 150994848,
        "native_common_owner_host": 42088,
        "one_upload_conversion": 16384,
        "original_W_tile_descriptors_host_upper": 252480,
        "original_claim_batch_codec_upper": 928120832,
        "public_padding_host_upper": 55574528,
        "public_points": 8192,
        "retained_initial_private_host_pads": 4718592,
        "retained_predecessor": 0,
        "sealed_W_mapping_device": 126464,
        "two_public_table_host_payloads": 47908144
      },
      "phase": "native_E_D35_A2_S9_predecessor_E_public_factor_construction",
      "remaining_shared_payload_capacity_bytes": 3930494412
    },
    {
      "is_complete_phase_peak": false,
      "lifetime": "Prescan scratch/device offsets retire before ring/frontier allocation. Current cursor/meta stay for hashing. The current cache is conservatively charged before its top digests are constructed.",
      "named_allocation_subtotal_bytes": 1974612276,
      "named_subtotal_exceeds_payload": false,
      "parts": {
        "device_persistent_or_single_replay_envelope": 785789696,
        "extension_previous_and_current_host_pads": 98304,
        "extension_previous_and_current_root_offset_caches": 36800,
        "full_calibration_table_serialization_difference_upper": 921596,
        "initial_W_and_A_root_offset_caches": 150994848,
        "native_common_owner_host": 42088,
        "original_W_tile_descriptors_host_upper": 252480,
        "original_claim_batch_codec_upper": 928120832,
        "public_padding_host_upper": 55574528,
        "retained_initial_private_host_pads": 4718592,
        "retained_predecessor": 0,
        "salt_current_device": 2048,
        "salt_current_host": 2048,
        "salt_meta": 256,
        "salt_prescan_scratch": 21504,
        "salt_subtree_offsets_device": 2048,
        "sealed_W_mapping_device": 126464,
        "two_public_table_host_payloads": 47908144
      },
      "phase": "native_E_D35_A2_S10_salt_prescan",
      "remaining_shared_payload_capacity_bytes": 3930967756
    },
    {
      "is_complete_phase_peak": false,
      "lifetime": "All stages use R=min(CPU R,H/2), paired cosets. One scratch/twiddle for24 serial base columns. A S1 remains original; later stages read retained planes. No extra A reconstruction.",
      "named_allocation_subtotal_bytes": 1974891300,
      "named_subtotal_exceeds_payload": false,
      "parts": {
        "E_EQ_packet_host_upper": 37104,
        "E_EQ_shape_chunks_tables_pads": 68352,
        "E_forward_twiddles": 2048,
        "E_frontier_group2": 32768,
        "E_high_powers": 256,
        "E_low_powers": 4096,
        "E_original_to_C_pad_marshalling_host_upper": 98304,
        "E_reused_salt_band": 8192,
        "E_ring24R": 49152,
        "E_salt_current_device": 2048,
        "E_salt_current_host": 2048,
        "E_salt_meta": 256,
        "E_sticky_flag": 256,
        "E_transpose_scratch": 2048,
        "device_persistent_or_single_replay_envelope": 785789696,
        "extension_previous_and_current_host_pads": 98304,
        "extension_previous_and_current_root_offset_caches": 36800,
        "full_calibration_table_serialization_difference_upper": 921596,
        "initial_W_and_A_root_offset_caches": 150994848,
        "native_common_owner_host": 42088,
        "original_W_tile_descriptors_host_upper": 252480,
        "original_claim_batch_codec_upper": 928120832,
        "public_padding_host_upper": 55574528,
        "retained_initial_private_host_pads": 4718592,
        "retained_predecessor": 0,
        "sealed_W_mapping_device": 126464,
        "two_public_table_host_payloads": 47908144
      },
      "phase": "native_E_D35_A2_S10_FFT",
      "remaining_shared_payload_capacity_bytes": 3930688732
    },
    {
      "is_complete_phase_peak": false,
      "lifetime": "EQ/pad device packet and powers/FFT auxiliaries retire before hash. Two lanes publish R paired roots; the ring retires before further node outputs, preserving original salts and order.",
      "named_allocation_subtotal_bytes": 1974785588,
      "named_subtotal_exceeds_payload": false,
      "parts": {
        "E_frontier_group2": 32768,
        "E_hash_flag": 256,
        "E_original_to_C_pad_marshalling_host_upper": 98304,
        "E_paired_hash_states_R": 8192,
        "E_ring24R": 49152,
        "E_salt_band": 8192,
        "E_salt_current_device": 2048,
        "E_salt_current_host": 2048,
        "E_salt_meta": 256,
        "device_persistent_or_single_replay_envelope": 785789696,
        "extension_previous_and_current_host_pads": 98304,
        "extension_previous_and_current_root_offset_caches": 36800,
        "full_calibration_table_serialization_difference_upper": 921596,
        "initial_W_and_A_root_offset_caches": 150994848,
        "native_common_owner_host": 42088,
        "original_W_tile_descriptors_host_upper": 252480,
        "original_claim_batch_codec_upper": 928120832,
        "public_padding_host_upper": 55574528,
        "retained_initial_private_host_pads": 4718592,
        "retained_predecessor": 0,
        "sealed_W_mapping_device": 126464,
        "two_public_table_host_payloads": 47908144
      },
      "phase": "native_E_D35_A2_S10_hash",
      "remaining_shared_payload_capacity_bytes": 3930794444
    },
    {
      "is_complete_phase_peak": false,
      "lifetime": "Upper of final reductions after ring/salt retirement; top cache is already conservatively charged.",
      "named_allocation_subtotal_bytes": 1974729780,
      "named_subtotal_exceeds_payload": false,
      "parts": {
        "E_frontier_group2": 32768,
        "E_pad_marshalling_host_upper": 98304,
        "E_roots_and_next_node_output": 12288,
        "E_salt_current_host": 2048,
        "device_persistent_or_single_replay_envelope": 785789696,
        "extension_previous_and_current_host_pads": 98304,
        "extension_previous_and_current_root_offset_caches": 36800,
        "full_calibration_table_serialization_difference_upper": 921596,
        "initial_W_and_A_root_offset_caches": 150994848,
        "native_common_owner_host": 42088,
        "original_W_tile_descriptors_host_upper": 252480,
        "original_claim_batch_codec_upper": 928120832,
        "public_padding_host_upper": 55574528,
        "retained_initial_private_host_pads": 4718592,
        "retained_predecessor": 0,
        "sealed_W_mapping_device": 126464,
        "two_public_table_host_payloads": 47908144
      },
      "phase": "native_E_D35_A2_S10_nodes",
      "remaining_shared_payload_capacity_bytes": 3930850252
    },
    {
      "is_complete_phase_peak": false,
      "lifetime": "One source loader for all3 limbs;4 remainder buffers, no original getter/D2H. 96q matrix+24q Rust column+24q C staging overlap until canonical check/free/publication. Both adjacent caches and predecessor planes stay alive through opening/release.",
      "named_allocation_subtotal_bytes": 1975443892,
      "named_subtotal_exceeds_payload": false,
      "parts": {
        "E_C_staged_column_host": 24576,
        "E_Rust_EQ_packet_host_upper": 30848,
        "E_Rust_column_host": 24576,
        "E_Rust_pad_marshalling_host_upper": 98304,
        "E_forward_inverse_twiddles": 67072,
        "E_four_remainders": 32768,
        "E_private_shape_EQ_and_pads": 65024,
        "E_private_sticky_flag": 256,
        "E_private_three_limb_low": 24576,
        "E_public_factor_spectra": 360448,
        "E_returned_matrix_host": 98304,
        "E_work_and_scratch": 32768,
        "device_persistent_or_single_replay_envelope": 785789696,
        "extension_previous_and_current_host_pads": 98304,
        "extension_previous_and_current_root_offset_caches": 36800,
        "full_calibration_table_serialization_difference_upper": 921596,
        "initial_W_and_A_root_offset_caches": 150994848,
        "native_common_owner_host": 42088,
        "original_W_tile_descriptors_host_upper": 252480,
        "original_claim_batch_codec_upper": 928120832,
        "public_padding_host_upper": 55574528,
        "retained_initial_private_host_pads": 4718592,
        "retained_predecessor": 0,
        "sealed_W_mapping_device": 126464,
        "two_public_table_host_payloads": 47908144
      },
      "phase": "native_E_D35_A2_S10_predecessor_E_query_publication",
      "remaining_shared_payload_capacity_bytes": 3930136140
    },
    {
      "is_complete_phase_peak": false,
      "lifetime": "CPU query_tree_with/DFT construction is a preceding lifetime; matrix/private low/work not allocated yet. Reverse/inverse-series/multiply/DFT caches and Vec growth remain explicitly unquantified additional classes.",
      "named_allocation_subtotal_bytes": 1975085620,
      "named_subtotal_exceeds_payload": false,
      "parts": {
        "E_forward_inverse_twiddles": 67072,
        "E_public_factor_spectra": 360448,
        "current_inverse_modulus_spectra": 32768,
        "current_polynomial_level_upper": 16384,
        "device_persistent_or_single_replay_envelope": 785789696,
        "extension_previous_and_current_host_pads": 98304,
        "extension_previous_and_current_root_offset_caches": 36800,
        "full_calibration_table_serialization_difference_upper": 921596,
        "initial_W_and_A_root_offset_caches": 150994848,
        "native_common_owner_host": 42088,
        "one_upload_conversion": 16384,
        "original_W_tile_descriptors_host_upper": 252480,
        "original_claim_batch_codec_upper": 928120832,
        "public_padding_host_upper": 55574528,
        "public_points": 8192,
        "retained_initial_private_host_pads": 4718592,
        "retained_predecessor": 0,
        "sealed_W_mapping_device": 126464,
        "two_public_table_host_payloads": 47908144
      },
      "phase": "native_E_D35_A2_S10_predecessor_E_public_factor_construction",
      "remaining_shared_payload_capacity_bytes": 3930494412
    },
    {
      "is_complete_phase_peak": false,
      "lifetime": "Prescan scratch/device offsets retire before ring/frontier allocation. Current cursor/meta stay for hashing. The current cache is conservatively charged before its top digests are constructed.",
      "named_allocation_subtotal_bytes": 1974612276,
      "named_subtotal_exceeds_payload": false,
      "parts": {
        "device_persistent_or_single_replay_envelope": 785789696,
        "extension_previous_and_current_host_pads": 98304,
        "extension_previous_and_current_root_offset_caches": 36800,
        "full_calibration_table_serialization_difference_upper": 921596,
        "initial_W_and_A_root_offset_caches": 150994848,
        "native_common_owner_host": 42088,
        "original_W_tile_descriptors_host_upper": 252480,
        "original_claim_batch_codec_upper": 928120832,
        "public_padding_host_upper": 55574528,
        "retained_initial_private_host_pads": 4718592,
        "retained_predecessor": 0,
        "salt_current_device": 2048,
        "salt_current_host": 2048,
        "salt_meta": 256,
        "salt_prescan_scratch": 21504,
        "salt_subtree_offsets_device": 2048,
        "sealed_W_mapping_device": 126464,
        "two_public_table_host_payloads": 47908144
      },
      "phase": "native_E_D35_A2_S11_salt_prescan",
      "remaining_shared_payload_capacity_bytes": 3930967756
    },
    {
      "is_complete_phase_peak": false,
      "lifetime": "All stages use R=min(CPU R,H/2), paired cosets. One scratch/twiddle for24 serial base columns. A S1 remains original; later stages read retained planes. No extra A reconstruction.",
      "named_allocation_subtotal_bytes": 1974891588,
      "named_subtotal_exceeds_payload": false,
      "parts": {
        "E_EQ_packet_host_upper": 37392,
        "E_EQ_shape_chunks_tables_pads": 68352,
        "E_forward_twiddles": 2048,
        "E_frontier_group2": 32768,
        "E_high_powers": 256,
        "E_low_powers": 4096,
        "E_original_to_C_pad_marshalling_host_upper": 98304,
        "E_reused_salt_band": 8192,
        "E_ring24R": 49152,
        "E_salt_current_device": 2048,
        "E_salt_current_host": 2048,
        "E_salt_meta": 256,
        "E_sticky_flag": 256,
        "E_transpose_scratch": 2048,
        "device_persistent_or_single_replay_envelope": 785789696,
        "extension_previous_and_current_host_pads": 98304,
        "extension_previous_and_current_root_offset_caches": 36800,
        "full_calibration_table_serialization_difference_upper": 921596,
        "initial_W_and_A_root_offset_caches": 150994848,
        "native_common_owner_host": 42088,
        "original_W_tile_descriptors_host_upper": 252480,
        "original_claim_batch_codec_upper": 928120832,
        "public_padding_host_upper": 55574528,
        "retained_initial_private_host_pads": 4718592,
        "retained_predecessor": 0,
        "sealed_W_mapping_device": 126464,
        "two_public_table_host_payloads": 47908144
      },
      "phase": "native_E_D35_A2_S11_FFT",
      "remaining_shared_payload_capacity_bytes": 3930688444
    },
    {
      "is_complete_phase_peak": false,
      "lifetime": "EQ/pad device packet and powers/FFT auxiliaries retire before hash. Two lanes publish R paired roots; the ring retires before further node outputs, preserving original salts and order.",
      "named_allocation_subtotal_bytes": 1974785588,
      "named_subtotal_exceeds_payload": false,
      "parts": {
        "E_frontier_group2": 32768,
        "E_hash_flag": 256,
        "E_original_to_C_pad_marshalling_host_upper": 98304,
        "E_paired_hash_states_R": 8192,
        "E_ring24R": 49152,
        "E_salt_band": 8192,
        "E_salt_current_device": 2048,
        "E_salt_current_host": 2048,
        "E_salt_meta": 256,
        "device_persistent_or_single_replay_envelope": 785789696,
        "extension_previous_and_current_host_pads": 98304,
        "extension_previous_and_current_root_offset_caches": 36800,
        "full_calibration_table_serialization_difference_upper": 921596,
        "initial_W_and_A_root_offset_caches": 150994848,
        "native_common_owner_host": 42088,
        "original_W_tile_descriptors_host_upper": 252480,
        "original_claim_batch_codec_upper": 928120832,
        "public_padding_host_upper": 55574528,
        "retained_initial_private_host_pads": 4718592,
        "retained_predecessor": 0,
        "sealed_W_mapping_device": 126464,
        "two_public_table_host_payloads": 47908144
      },
      "phase": "native_E_D35_A2_S11_hash",
      "remaining_shared_payload_capacity_bytes": 3930794444
    },
    {
      "is_complete_phase_peak": false,
      "lifetime": "Upper of final reductions after ring/salt retirement; top cache is already conservatively charged.",
      "named_allocation_subtotal_bytes": 1974729780,
      "named_subtotal_exceeds_payload": false,
      "parts": {
        "E_frontier_group2": 32768,
        "E_pad_marshalling_host_upper": 98304,
        "E_roots_and_next_node_output": 12288,
        "E_salt_current_host": 2048,
        "device_persistent_or_single_replay_envelope": 785789696,
        "extension_previous_and_current_host_pads": 98304,
        "extension_previous_and_current_root_offset_caches": 36800,
        "full_calibration_table_serialization_difference_upper": 921596,
        "initial_W_and_A_root_offset_caches": 150994848,
        "native_common_owner_host": 42088,
        "original_W_tile_descriptors_host_upper": 252480,
        "original_claim_batch_codec_upper": 928120832,
        "public_padding_host_upper": 55574528,
        "retained_initial_private_host_pads": 4718592,
        "retained_predecessor": 0,
        "sealed_W_mapping_device": 126464,
        "two_public_table_host_payloads": 47908144
      },
      "phase": "native_E_D35_A2_S11_nodes",
      "remaining_shared_payload_capacity_bytes": 3930850252
    },
    {
      "is_complete_phase_peak": false,
      "lifetime": "One source loader for all3 limbs;4 remainder buffers, no original getter/D2H. 96q matrix+24q Rust column+24q C staging overlap until canonical check/free/publication. Both adjacent caches and predecessor planes stay alive through opening/release.",
      "named_allocation_subtotal_bytes": 1975453476,
      "named_subtotal_exceeds_payload": false,
      "parts": {
        "E_C_staged_column_host": 24576,
        "E_Rust_EQ_packet_host_upper": 37104,
        "E_Rust_column_host": 24576,
        "E_Rust_pad_marshalling_host_upper": 98304,
        "E_forward_inverse_twiddles": 67072,
        "E_four_remainders": 32768,
        "E_private_shape_EQ_and_pads": 68352,
        "E_private_sticky_flag": 256,
        "E_private_three_limb_low": 24576,
        "E_public_factor_spectra": 360448,
        "E_returned_matrix_host": 98304,
        "E_work_and_scratch": 32768,
        "device_persistent_or_single_replay_envelope": 785789696,
        "extension_previous_and_current_host_pads": 98304,
        "extension_previous_and_current_root_offset_caches": 36800,
        "full_calibration_table_serialization_difference_upper": 921596,
        "initial_W_and_A_root_offset_caches": 150994848,
        "native_common_owner_host": 42088,
        "original_W_tile_descriptors_host_upper": 252480,
        "original_claim_batch_codec_upper": 928120832,
        "public_padding_host_upper": 55574528,
        "retained_initial_private_host_pads": 4718592,
        "retained_predecessor": 0,
        "sealed_W_mapping_device": 126464,
        "two_public_table_host_payloads": 47908144
      },
      "phase": "native_E_D35_A2_S11_predecessor_E_query_publication",
      "remaining_shared_payload_capacity_bytes": 3930126556
    },
    {
      "is_complete_phase_peak": false,
      "lifetime": "CPU query_tree_with/DFT construction is a preceding lifetime; matrix/private low/work not allocated yet. Reverse/inverse-series/multiply/DFT caches and Vec growth remain explicitly unquantified additional classes.",
      "named_allocation_subtotal_bytes": 1975085620,
      "named_subtotal_exceeds_payload": false,
      "parts": {
        "E_forward_inverse_twiddles": 67072,
        "E_public_factor_spectra": 360448,
        "current_inverse_modulus_spectra": 32768,
        "current_polynomial_level_upper": 16384,
        "device_persistent_or_single_replay_envelope": 785789696,
        "extension_previous_and_current_host_pads": 98304,
        "extension_previous_and_current_root_offset_caches": 36800,
        "full_calibration_table_serialization_difference_upper": 921596,
        "initial_W_and_A_root_offset_caches": 150994848,
        "native_common_owner_host": 42088,
        "one_upload_conversion": 16384,
        "original_W_tile_descriptors_host_upper": 252480,
        "original_claim_batch_codec_upper": 928120832,
        "public_padding_host_upper": 55574528,
        "public_points": 8192,
        "retained_initial_private_host_pads": 4718592,
        "retained_predecessor": 0,
        "sealed_W_mapping_device": 126464,
        "two_public_table_host_payloads": 47908144
      },
      "phase": "native_E_D35_A2_S11_predecessor_E_public_factor_construction",
      "remaining_shared_payload_capacity_bytes": 3930494412
    },
    {
      "is_complete_phase_peak": false,
      "lifetime": "Last selected extension also uses native E query; fresh base-case mask/main caches, CPU proof vectors and already opened paths remain separate additional classes, never silently treated as absent.",
      "named_allocation_subtotal_bytes": 1975386212,
      "named_subtotal_exceeds_payload": false,
      "parts": {
        "E_C_staged_column_host": 24576,
        "E_Rust_EQ_packet_host_upper": 37392,
        "E_Rust_column_host": 24576,
        "E_Rust_pad_marshalling_host_upper": 98304,
        "E_forward_inverse_twiddles": 67072,
        "E_four_remainders": 32768,
        "E_private_shape_EQ_and_pads": 68352,
        "E_private_sticky_flag": 256,
        "E_private_three_limb_low": 24576,
        "E_public_factor_spectra": 360448,
        "E_returned_matrix_host": 98304,
        "E_work_and_scratch": 32768,
        "current_extension_cache": 18400,
        "current_extension_host_pads": 49152,
        "device_persistent_or_single_replay_envelope": 785789696,
        "full_calibration_table_serialization_difference_upper": 921596,
        "initial_W_and_A_root_offset_caches": 150994848,
        "native_common_owner_host": 42088,
        "original_W_tile_descriptors_host_upper": 252480,
        "original_claim_batch_codec_upper": 928120832,
        "public_padding_host_upper": 55574528,
        "retained_initial_private_host_pads": 4718592,
        "retained_three_planes": 0,
        "sealed_W_mapping_device": 126464,
        "two_public_table_host_payloads": 47908144
      },
      "phase": "native_E_D35_A2_final_source_open",
      "remaining_shared_payload_capacity_bytes": 3930193820
    },
    {
      "is_complete_phase_peak": false,
      "lifetime": "Final query construction has the same preceding lifetime and explicit additional CPU temporaries.",
      "named_allocation_subtotal_bytes": 1975018068,
      "named_subtotal_exceeds_payload": false,
      "parts": {
        "E_forward_inverse_twiddles": 67072,
        "E_public_factor_spectra": 360448,
        "current_extension_cache": 18400,
        "current_extension_host_pads": 49152,
        "current_inverse_modulus_spectra": 32768,
        "current_polynomial_level_upper": 16384,
        "device_persistent_or_single_replay_envelope": 785789696,
        "full_calibration_table_serialization_difference_upper": 921596,
        "initial_W_and_A_root_offset_caches": 150994848,
        "native_common_owner_host": 42088,
        "one_upload_conversion": 16384,
        "original_W_tile_descriptors_host_upper": 252480,
        "original_claim_batch_codec_upper": 928120832,
        "public_padding_host_upper": 55574528,
        "public_points": 8192,
        "retained_initial_private_host_pads": 4718592,
        "retained_three_planes": 0,
        "sealed_W_mapping_device": 126464,
        "two_public_table_host_payloads": 47908144
      },
      "phase": "native_E_D35_A2_final_public_factor_construction",
      "remaining_shared_payload_capacity_bytes": 3930561964
    },
    {
      "is_complete_phase_peak": false,
      "lifetime": "Prescan scratch/device offsets retire before ring/frontier allocation. Current cursor/meta stay for hashing. The current cache is conservatively charged before its top digests are constructed.",
      "named_allocation_subtotal_bytes": 1659243348,
      "named_subtotal_exceeds_payload": false,
      "parts": {
        "device_persistent_or_single_replay_envelope": 785789696,
        "extension_previous_and_current_host_pads": 49152,
        "extension_previous_and_current_root_offset_caches": 9437152,
        "full_calibration_table_serialization_difference_upper": 921596,
        "initial_W_and_A_root_offset_caches": 150994848,
        "native_common_owner_host": 42088,
        "original_W_tile_descriptors_host_upper": 252480,
        "original_claim_batch_codec_upper": 457768960,
        "public_padding_host_upper": 55574528,
        "retained_initial_private_host_pads": 4718592,
        "retained_predecessor": 0,
        "salt_current_device": 67108864,
        "salt_current_host": 67108864,
        "salt_meta": 256,
        "salt_prescan_scratch": 10519552,
        "salt_subtree_offsets_device": 1048576,
        "two_public_table_host_payloads": 47908144
      },
      "phase": "native_E_D34_A2_S1_salt_prescan",
      "remaining_shared_payload_capacity_bytes": 4246336684
    },
    {
      "is_complete_phase_peak": false,
      "lifetime": "All stages use R=min(CPU R,H/2), paired cosets. One scratch/twiddle for24 serial base columns. A S1 remains original; later stages read retained planes. No extra A reconstruction.",
      "named_allocation_subtotal_bytes": 4871155636,
      "named_subtotal_exceeds_payload": false,
      "parts": {
        "E_EQ_packet_host_upper": 6240,
        "E_EQ_shape_chunks_tables_pads": 52736,
        "E_forward_twiddles": 67108864,
        "E_frontier_group2": 1342177280,
        "E_high_powers": 256,
        "E_low_powers": 134217728,
        "E_original_to_C_pad_marshalling_host_upper": 98304,
        "E_reused_salt_band": 2097152,
        "E_ring24R": 1610612736,
        "E_salt_current_device": 67108864,
        "E_salt_current_host": 67108864,
        "E_salt_meta": 256,
        "E_sticky_flag": 256,
        "E_transpose_scratch": 67108864,
        "device_persistent_or_single_replay_envelope": 785789696,
        "extension_previous_and_current_host_pads": 49152,
        "extension_previous_and_current_root_offset_caches": 9437152,
        "full_calibration_table_serialization_difference_upper": 921596,
        "initial_W_and_A_root_offset_caches": 150994848,
        "native_common_owner_host": 42088,
        "original_W_tile_descriptors_host_upper": 252480,
        "original_claim_batch_codec_upper": 457768960,
        "public_padding_host_upper": 55574528,
        "retained_initial_private_host_pads": 4718592,
        "retained_predecessor": 0,
        "two_public_table_host_payloads": 47908144
      },
      "phase": "native_E_D34_A2_S1_FFT",
      "remaining_shared_payload_capacity_bytes": 1034424396
    },
    {
      "is_complete_phase_peak": false,
      "lifetime": "EQ/pad device packet and powers/FFT auxiliaries retire before hash. Two lanes publish R paired roots; the ring retires before further node outputs, preserving original salts and order.",
      "named_allocation_subtotal_bytes": 4871096404,
      "named_subtotal_exceeds_payload": false,
      "parts": {
        "E_frontier_group2": 1342177280,
        "E_hash_flag": 256,
        "E_original_to_C_pad_marshalling_host_upper": 98304,
        "E_paired_hash_states_R": 268435456,
        "E_ring24R": 1610612736,
        "E_salt_band": 2097152,
        "E_salt_current_device": 67108864,
        "E_salt_current_host": 67108864,
        "E_salt_meta": 256,
        "device_persistent_or_single_replay_envelope": 785789696,
        "extension_previous_and_current_host_pads": 49152,
        "extension_previous_and_current_root_offset_caches": 9437152,
        "full_calibration_table_serialization_difference_upper": 921596,
        "initial_W_and_A_root_offset_caches": 150994848,
        "native_common_owner_host": 42088,
        "original_W_tile_descriptors_host_upper": 252480,
        "original_claim_batch_codec_upper": 457768960,
        "public_padding_host_upper": 55574528,
        "retained_initial_private_host_pads": 4718592,
        "retained_predecessor": 0,
        "two_public_table_host_payloads": 47908144
      },
      "phase": "native_E_D34_A2_S1_hash",
      "remaining_shared_payload_capacity_bytes": 1034483628
    },
    {
      "is_complete_phase_peak": false,
      "lifetime": "Upper of final reductions after ring/salt retirement; top cache is already conservatively charged.",
      "named_allocation_subtotal_bytes": 3325494868,
      "named_subtotal_exceeds_payload": false,
      "parts": {
        "E_frontier_group2": 1342177280,
        "E_pad_marshalling_host_upper": 98304,
        "E_roots_and_next_node_output": 402653184,
        "E_salt_current_host": 67108864,
        "device_persistent_or_single_replay_envelope": 785789696,
        "extension_previous_and_current_host_pads": 49152,
        "extension_previous_and_current_root_offset_caches": 9437152,
        "full_calibration_table_serialization_difference_upper": 921596,
        "initial_W_and_A_root_offset_caches": 150994848,
        "native_common_owner_host": 42088,
        "original_W_tile_descriptors_host_upper": 252480,
        "original_claim_batch_codec_upper": 457768960,
        "public_padding_host_upper": 55574528,
        "retained_initial_private_host_pads": 4718592,
        "retained_predecessor": 0,
        "two_public_table_host_payloads": 47908144
      },
      "phase": "native_E_D34_A2_S1_nodes",
      "remaining_shared_payload_capacity_bytes": 2580085164
    },
    {
      "is_complete_phase_peak": false,
      "lifetime": "Exactly once after original A query/lease release; original query scratch is retired. No host duplicate S1.",
      "named_allocation_subtotal_bytes": 4734692788,
      "named_subtotal_exceeds_payload": false,
      "parts": {
        "current_extension_cache": 9437152,
        "current_extension_host_pads": 49152,
        "device_persistent_or_single_replay_envelope": 785789696,
        "full_calibration_table_serialization_difference_upper": 921596,
        "initial_W_and_A_root_offset_caches": 150994848,
        "native_common_owner_host": 42088,
        "original_W_tile_descriptors_host_upper": 252480,
        "original_claim_batch_codec_upper": 457768960,
        "public_padding_host_upper": 55574528,
        "retained_initial_private_host_pads": 4718592,
        "retained_three_planes": 3221225472,
        "retention_EQ_host_upper": 6240,
        "retention_EQ_packet": 3584,
        "retention_flag": 256,
        "two_public_table_host_payloads": 47908144
      },
      "phase": "native_E_D34_A2_S1_late_retention",
      "remaining_shared_payload_capacity_bytes": 1170887244
    },
    {
      "is_complete_phase_peak": false,
      "lifetime": "Prescan scratch/device offsets retire before ring/frontier allocation. Current cursor/meta stay for hashing. The current cache is conservatively charged before its top digests are constructed.",
      "named_allocation_subtotal_bytes": 4781427508,
      "named_subtotal_exceeds_payload": false,
      "parts": {
        "device_persistent_or_single_replay_envelope": 785789696,
        "extension_previous_and_current_host_pads": 98304,
        "extension_previous_and_current_root_offset_caches": 11796416,
        "full_calibration_table_serialization_difference_upper": 921596,
        "initial_W_and_A_root_offset_caches": 150994848,
        "native_common_owner_host": 42088,
        "original_W_tile_descriptors_host_upper": 252480,
        "original_claim_batch_codec_upper": 457768960,
        "public_padding_host_upper": 55574528,
        "retained_initial_private_host_pads": 4718592,
        "retained_predecessor": 3221225472,
        "salt_current_device": 16777216,
        "salt_current_host": 16777216,
        "salt_meta": 256,
        "salt_prescan_scratch": 10519552,
        "salt_subtree_offsets_device": 262144,
        "two_public_table_host_payloads": 47908144
      },
      "phase": "native_E_D34_A2_S2_salt_prescan",
      "remaining_shared_payload_capacity_bytes": 1124152524
    },
    {
      "is_complete_phase_peak": false,
      "lifetime": "All stages use R=min(CPU R,H/2), paired cosets. One scratch/twiddle for24 serial base columns. A S1 remains original; later stages read retained planes. No extra A reconstruction.",
      "named_allocation_subtotal_bytes": 5578198356,
      "named_subtotal_exceeds_payload": false,
      "parts": {
        "E_EQ_packet_host_upper": 288,
        "E_EQ_shape_chunks_tables_pads": 49920,
        "E_forward_twiddles": 16777216,
        "E_frontier_group2": 335544320,
        "E_high_powers": 256,
        "E_low_powers": 33554432,
        "E_original_to_C_pad_marshalling_host_upper": 98304,
        "E_reused_salt_band": 2097152,
        "E_ring24R": 402653184,
        "E_salt_current_device": 16777216,
        "E_salt_current_host": 16777216,
        "E_salt_meta": 256,
        "E_sticky_flag": 256,
        "E_transpose_scratch": 16777216,
        "device_persistent_or_single_replay_envelope": 785789696,
        "extension_previous_and_current_host_pads": 98304,
        "extension_previous_and_current_root_offset_caches": 11796416,
        "full_calibration_table_serialization_difference_upper": 921596,
        "initial_W_and_A_root_offset_caches": 150994848,
        "native_common_owner_host": 42088,
        "original_W_tile_descriptors_host_upper": 252480,
        "original_claim_batch_codec_upper": 457768960,
        "public_padding_host_upper": 55574528,
        "retained_initial_private_host_pads": 4718592,
        "retained_predecessor": 3221225472,
        "two_public_table_host_payloads": 47908144
      },
      "phase": "native_E_D34_A2_S2_FFT",
      "remaining_shared_payload_capacity_bytes": 327381676
    },
    {
      "is_complete_phase_peak": false,
      "lifetime": "EQ/pad device packet and powers/FFT auxiliaries retire before hash. Two lanes publish R paired roots; the ring retires before further node outputs, preserving original salts and order.",
      "named_allocation_subtotal_bytes": 5578147892,
      "named_subtotal_exceeds_payload": false,
      "parts": {
        "E_frontier_group2": 335544320,
        "E_hash_flag": 256,
        "E_original_to_C_pad_marshalling_host_upper": 98304,
        "E_paired_hash_states_R": 67108864,
        "E_ring24R": 402653184,
        "E_salt_band": 2097152,
        "E_salt_current_device": 16777216,
        "E_salt_current_host": 16777216,
        "E_salt_meta": 256,
        "device_persistent_or_single_replay_envelope": 785789696,
        "extension_previous_and_current_host_pads": 98304,
        "extension_previous_and_current_root_offset_caches": 11796416,
        "full_calibration_table_serialization_difference_upper": 921596,
        "initial_W_and_A_root_offset_caches": 150994848,
        "native_common_owner_host": 42088,
        "original_W_tile_descriptors_host_upper": 252480,
        "original_claim_batch_codec_upper": 457768960,
        "public_padding_host_upper": 55574528,
        "retained_initial_private_host_pads": 4718592,
        "retained_predecessor": 3221225472,
        "two_public_table_host_payloads": 47908144
      },
      "phase": "native_E_D34_A2_S2_hash",
      "remaining_shared_payload_capacity_bytes": 327432140
    },
    {
      "is_complete_phase_peak": false,
      "lifetime": "Upper of final reductions after ring/salt retirement; top cache is already conservatively charged.",
      "named_allocation_subtotal_bytes": 5190174260,
      "named_subtotal_exceeds_payload": false,
      "parts": {
        "E_frontier_group2": 335544320,
        "E_pad_marshalling_host_upper": 98304,
        "E_roots_and_next_node_output": 100663296,
        "E_salt_current_host": 16777216,
        "device_persistent_or_single_replay_envelope": 785789696,
        "extension_previous_and_current_host_pads": 98304,
        "extension_previous_and_current_root_offset_caches": 11796416,
        "full_calibration_table_serialization_difference_upper": 921596,
        "initial_W_and_A_root_offset_caches": 150994848,
        "native_common_owner_host": 42088,
        "original_W_tile_descriptors_host_upper": 252480,
        "original_claim_batch_codec_upper": 457768960,
        "public_padding_host_upper": 55574528,
        "retained_initial_private_host_pads": 4718592,
        "retained_predecessor": 3221225472,
        "two_public_table_host_payloads": 47908144
      },
      "phase": "native_E_D34_A2_S2_nodes",
      "remaining_shared_payload_capacity_bytes": 715405772
    },
    {
      "is_complete_phase_peak": false,
      "lifetime": "One source loader for all3 limbs;4 remainder buffers, no original getter/D2H. 96q matrix+24q Rust column+24q C staging overlap until canonical check/free/publication. Both adjacent caches and predecessor planes stay alive through opening/release.",
      "named_allocation_subtotal_bytes": 5752262996,
      "named_subtotal_exceeds_payload": false,
      "parts": {
        "E_C_staged_column_host": 25165824,
        "E_Rust_EQ_packet_host_upper": 288,
        "E_Rust_column_host": 25165824,
        "E_Rust_pad_marshalling_host_upper": 98304,
        "E_forward_inverse_twiddles": 67110400,
        "E_four_remainders": 33554432,
        "E_private_shape_EQ_and_pads": 49920,
        "E_private_sticky_flag": 256,
        "E_private_three_limb_low": 25165824,
        "E_public_factor_spectra": 704643072,
        "E_returned_matrix_host": 100663296,
        "E_work_and_scratch": 33554432,
        "device_persistent_or_single_replay_envelope": 785789696,
        "extension_previous_and_current_host_pads": 98304,
        "extension_previous_and_current_root_offset_caches": 11796416,
        "full_calibration_table_serialization_difference_upper": 921596,
        "initial_W_and_A_root_offset_caches": 150994848,
        "native_common_owner_host": 42088,
        "original_W_tile_descriptors_host_upper": 252480,
        "original_claim_batch_codec_upper": 457768960,
        "public_padding_host_upper": 55574528,
        "retained_initial_private_host_pads": 4718592,
        "retained_predecessor": 3221225472,
        "two_public_table_host_payloads": 47908144
      },
      "phase": "native_E_D34_A2_S2_predecessor_E_query_publication",
      "remaining_shared_payload_capacity_bytes": 153317036
    },
    {
      "is_complete_phase_peak": false,
      "lifetime": "CPU query_tree_with/DFT construction is a preceding lifetime; matrix/private low/work not allocated yet. Reverse/inverse-series/multiply/DFT caches and Vec growth remain explicitly unquantified additional classes.",
      "named_allocation_subtotal_bytes": 5584342068,
      "named_subtotal_exceeds_payload": false,
      "parts": {
        "E_forward_inverse_twiddles": 67110400,
        "E_public_factor_spectra": 704643072,
        "current_inverse_modulus_spectra": 33554432,
        "current_polynomial_level_upper": 16777216,
        "device_persistent_or_single_replay_envelope": 785789696,
        "extension_previous_and_current_host_pads": 98304,
        "extension_previous_and_current_root_offset_caches": 11796416,
        "full_calibration_table_serialization_difference_upper": 921596,
        "initial_W_and_A_root_offset_caches": 150994848,
        "native_common_owner_host": 42088,
        "one_upload_conversion": 16777216,
        "original_W_tile_descriptors_host_upper": 252480,
        "original_claim_batch_codec_upper": 457768960,
        "public_padding_host_upper": 55574528,
        "public_points": 8388608,
        "retained_initial_private_host_pads": 4718592,
        "retained_predecessor": 3221225472,
        "two_public_table_host_payloads": 47908144
      },
      "phase": "native_E_D34_A2_S2_predecessor_E_public_factor_construction",
      "remaining_shared_payload_capacity_bytes": 321237964
    },
    {
      "is_complete_phase_peak": false,
      "lifetime": "Old+new planes coexist through successful fold/fence/typed retirement; previous cache already released.",
      "named_allocation_subtotal_bytes": 5532911444,
      "named_subtotal_exceeds_payload": false,
      "parts": {
        "current_extension_cache": 2359264,
        "current_extension_host_pads": 49152,
        "device_persistent_or_single_replay_envelope": 785789696,
        "fold_flag": 256,
        "full_calibration_table_serialization_difference_upper": 921596,
        "initial_W_and_A_root_offset_caches": 150994848,
        "native_common_owner_host": 42088,
        "original_W_tile_descriptors_host_upper": 252480,
        "original_claim_batch_codec_upper": 457768960,
        "predecessor_three_planes": 3221225472,
        "public_padding_host_upper": 55574528,
        "retained_initial_private_host_pads": 4718592,
        "successor_three_planes": 805306368,
        "two_public_table_host_payloads": 47908144
      },
      "phase": "native_E_D34_A2_S2_promotion",
      "remaining_shared_payload_capacity_bytes": 372668588
    },
    {
      "is_complete_phase_peak": false,
      "lifetime": "Prescan scratch/device offsets retire before ring/frontier allocation. Current cursor/meta stay for hashing. The current cache is conservatively charged before its top digests are constructed.",
      "named_allocation_subtotal_bytes": 2457127732,
      "named_subtotal_exceeds_payload": false,
      "parts": {
        "device_persistent_or_single_replay_envelope": 785789696,
        "extension_previous_and_current_host_pads": 98304,
        "extension_previous_and_current_root_offset_caches": 2949056,
        "full_calibration_table_serialization_difference_upper": 921596,
        "initial_W_and_A_root_offset_caches": 150994848,
        "native_common_owner_host": 42088,
        "original_W_tile_descriptors_host_upper": 252480,
        "original_claim_batch_codec_upper": 457768960,
        "public_padding_host_upper": 55574528,
        "retained_initial_private_host_pads": 4718592,
        "retained_predecessor": 805306368,
        "salt_current_device": 67108864,
        "salt_current_host": 67108864,
        "salt_meta": 256,
        "salt_prescan_scratch": 10519552,
        "salt_subtree_offsets_device": 65536,
        "two_public_table_host_payloads": 47908144
      },
      "phase": "native_E_D34_A2_S3_salt_prescan",
      "remaining_shared_payload_capacity_bytes": 3448452300
    },
    {
      "is_complete_phase_peak": false,
      "lifetime": "All stages use R=min(CPU R,H/2), paired cosets. One scratch/twiddle for24 serial base columns. A S1 remains original; later stages read retained planes. No extra A reconstruction.",
      "named_allocation_subtotal_bytes": 4596272468,
      "named_subtotal_exceeds_payload": false,
      "parts": {
        "E_EQ_packet_host_upper": 288,
        "E_EQ_shape_chunks_tables_pads": 49920,
        "E_forward_twiddles": 67108864,
        "E_frontier_group2": 268435456,
        "E_high_powers": 256,
        "E_low_powers": 134217728,
        "E_original_to_C_pad_marshalling_host_upper": 98304,
        "E_reused_salt_band": 2097152,
        "E_ring24R": 1610612736,
        "E_salt_current_device": 67108864,
        "E_salt_current_host": 67108864,
        "E_salt_meta": 256,
        "E_sticky_flag": 256,
        "E_transpose_scratch": 67108864,
        "device_persistent_or_single_replay_envelope": 785789696,
        "extension_previous_and_current_host_pads": 98304,
        "extension_previous_and_current_root_offset_caches": 2949056,
        "full_calibration_table_serialization_difference_upper": 921596,
        "initial_W_and_A_root_offset_caches": 150994848,
        "native_common_owner_host": 42088,
        "original_W_tile_descriptors_host_upper": 252480,
        "original_claim_batch_codec_upper": 457768960,
        "public_padding_host_upper": 55574528,
        "retained_initial_private_host_pads": 4718592,
        "retained_predecessor": 805306368,
        "two_public_table_host_payloads": 47908144
      },
      "phase": "native_E_D34_A2_S3_FFT",
      "remaining_shared_payload_capacity_bytes": 1309307564
    },
    {
      "is_complete_phase_peak": false,
      "lifetime": "EQ/pad device packet and powers/FFT auxiliaries retire before hash. Two lanes publish R paired roots; the ring retires before further node outputs, preserving original salts and order.",
      "named_allocation_subtotal_bytes": 4596222004,
      "named_subtotal_exceeds_payload": false,
      "parts": {
        "E_frontier_group2": 268435456,
        "E_hash_flag": 256,
        "E_original_to_C_pad_marshalling_host_upper": 98304,
        "E_paired_hash_states_R": 268435456,
        "E_ring24R": 1610612736,
        "E_salt_band": 2097152,
        "E_salt_current_device": 67108864,
        "E_salt_current_host": 67108864,
        "E_salt_meta": 256,
        "device_persistent_or_single_replay_envelope": 785789696,
        "extension_previous_and_current_host_pads": 98304,
        "extension_previous_and_current_root_offset_caches": 2949056,
        "full_calibration_table_serialization_difference_upper": 921596,
        "initial_W_and_A_root_offset_caches": 150994848,
        "native_common_owner_host": 42088,
        "original_W_tile_descriptors_host_upper": 252480,
        "original_claim_batch_codec_upper": 457768960,
        "public_padding_host_upper": 55574528,
        "retained_initial_private_host_pads": 4718592,
        "retained_predecessor": 805306368,
        "two_public_table_host_payloads": 47908144
      },
      "phase": "native_E_D34_A2_S3_hash",
      "remaining_shared_payload_capacity_bytes": 1309358028
    },
    {
      "is_complete_phase_peak": false,
      "lifetime": "Upper of final reductions after ring/salt retirement; top cache is already conservatively charged.",
      "named_allocation_subtotal_bytes": 3050620468,
      "named_subtotal_exceeds_payload": false,
      "parts": {
        "E_frontier_group2": 268435456,
        "E_pad_marshalling_host_upper": 98304,
        "E_roots_and_next_node_output": 402653184,
        "E_salt_current_host": 67108864,
        "device_persistent_or_single_replay_envelope": 785789696,
        "extension_previous_and_current_host_pads": 98304,
        "extension_previous_and_current_root_offset_caches": 2949056,
        "full_calibration_table_serialization_difference_upper": 921596,
        "initial_W_and_A_root_offset_caches": 150994848,
        "native_common_owner_host": 42088,
        "original_W_tile_descriptors_host_upper": 252480,
        "original_claim_batch_codec_upper": 457768960,
        "public_padding_host_upper": 55574528,
        "retained_initial_private_host_pads": 4718592,
        "retained_predecessor": 805306368,
        "two_public_table_host_payloads": 47908144
      },
      "phase": "native_E_D34_A2_S3_nodes",
      "remaining_shared_payload_capacity_bytes": 2854959564
    },
    {
      "is_complete_phase_peak": false,
      "lifetime": "One source loader for all3 limbs;4 remainder buffers, no original getter/D2H. 96q matrix+24q Rust column+24q C staging overlap until canonical check/free/publication. Both adjacent caches and predecessor planes stay alive through opening/release.",
      "named_allocation_subtotal_bytes": 3327496532,
      "named_subtotal_exceeds_payload": false,
      "parts": {
        "E_C_staged_column_host": 25165824,
        "E_Rust_EQ_packet_host_upper": 288,
        "E_Rust_column_host": 25165824,
        "E_Rust_pad_marshalling_host_upper": 98304,
        "E_forward_inverse_twiddles": 67110400,
        "E_four_remainders": 33554432,
        "E_private_shape_EQ_and_pads": 49920,
        "E_private_sticky_flag": 256,
        "E_private_three_limb_low": 25165824,
        "E_public_factor_spectra": 704643072,
        "E_returned_matrix_host": 100663296,
        "E_work_and_scratch": 33554432,
        "device_persistent_or_single_replay_envelope": 785789696,
        "extension_previous_and_current_host_pads": 98304,
        "extension_previous_and_current_root_offset_caches": 2949056,
        "full_calibration_table_serialization_difference_upper": 921596,
        "initial_W_and_A_root_offset_caches": 150994848,
        "native_common_owner_host": 42088,
        "original_W_tile_descriptors_host_upper": 252480,
        "original_claim_batch_codec_upper": 457768960,
        "public_padding_host_upper": 55574528,
        "retained_initial_private_host_pads": 4718592,
        "retained_predecessor": 805306368,
        "two_public_table_host_payloads": 47908144
      },
      "phase": "native_E_D34_A2_S3_predecessor_E_query_publication",
      "remaining_shared_payload_capacity_bytes": 2578083500
    },
    {
      "is_complete_phase_peak": false,
      "lifetime": "CPU query_tree_with/DFT construction is a preceding lifetime; matrix/private low/work not allocated yet. Reverse/inverse-series/multiply/DFT caches and Vec growth remain explicitly unquantified additional classes.",
      "named_allocation_subtotal_bytes": 3159575604,
      "named_subtotal_exceeds_payload": false,
      "parts": {
        "E_forward_inverse_twiddles": 67110400,
        "E_public_factor_spectra": 704643072,
        "current_inverse_modulus_spectra": 33554432,
        "current_polynomial_level_upper": 16777216,
        "device_persistent_or_single_replay_envelope": 785789696,
        "extension_previous_and_current_host_pads": 98304,
        "extension_previous_and_current_root_offset_caches": 2949056,
        "full_calibration_table_serialization_difference_upper": 921596,
        "initial_W_and_A_root_offset_caches": 150994848,
        "native_common_owner_host": 42088,
        "one_upload_conversion": 16777216,
        "original_W_tile_descriptors_host_upper": 252480,
        "original_claim_batch_codec_upper": 457768960,
        "public_padding_host_upper": 55574528,
        "public_points": 8388608,
        "retained_initial_private_host_pads": 4718592,
        "retained_predecessor": 805306368,
        "two_public_table_host_payloads": 47908144
      },
      "phase": "native_E_D34_A2_S3_predecessor_E_public_factor_construction",
      "remaining_shared_payload_capacity_bytes": 2746004428
    },
    {
      "is_complete_phase_peak": false,
      "lifetime": "Old+new planes coexist through successful fold/fence/typed retirement; previous cache already released.",
      "named_allocation_subtotal_bytes": 2511243092,
      "named_subtotal_exceeds_payload": false,
      "parts": {
        "current_extension_cache": 589792,
        "current_extension_host_pads": 49152,
        "device_persistent_or_single_replay_envelope": 785789696,
        "fold_flag": 256,
        "full_calibration_table_serialization_difference_upper": 921596,
        "initial_W_and_A_root_offset_caches": 150994848,
        "native_common_owner_host": 42088,
        "original_W_tile_descriptors_host_upper": 252480,
        "original_claim_batch_codec_upper": 457768960,
        "predecessor_three_planes": 805306368,
        "public_padding_host_upper": 55574528,
        "retained_initial_private_host_pads": 4718592,
        "successor_three_planes": 201326592,
        "two_public_table_host_payloads": 47908144
      },
      "phase": "native_E_D34_A2_S3_promotion",
      "remaining_shared_payload_capacity_bytes": 3394336940
    },
    {
      "is_complete_phase_peak": false,
      "lifetime": "Prescan scratch/device offsets retire before ring/frontier allocation. Current cursor/meta stay for hashing. The current cache is conservatively charged before its top digests are constructed.",
      "named_allocation_subtotal_bytes": 1783778100,
      "named_subtotal_exceeds_payload": false,
      "parts": {
        "device_persistent_or_single_replay_envelope": 785789696,
        "extension_previous_and_current_host_pads": 98304,
        "extension_previous_and_current_root_offset_caches": 737216,
        "full_calibration_table_serialization_difference_upper": 921596,
        "initial_W_and_A_root_offset_caches": 150994848,
        "native_common_owner_host": 42088,
        "original_W_tile_descriptors_host_upper": 252480,
        "original_claim_batch_codec_upper": 457768960,
        "public_padding_host_upper": 55574528,
        "retained_initial_private_host_pads": 4718592,
        "retained_predecessor": 201326592,
        "salt_current_device": 33554432,
        "salt_current_host": 33554432,
        "salt_meta": 256,
        "salt_prescan_scratch": 10519552,
        "salt_subtree_offsets_device": 16384,
        "two_public_table_host_payloads": 47908144
      },
      "phase": "native_E_D34_A2_S4_salt_prescan",
      "remaining_shared_payload_capacity_bytes": 4121801932
    },
    {
      "is_complete_phase_peak": false,
      "lifetime": "All stages use R=min(CPU R,H/2), paired cosets. One scratch/twiddle for24 serial base columns. A S1 remains original; later stages read retained planes. No extra A reconstruction.",
      "named_allocation_subtotal_bytes": 2712915284,
      "named_subtotal_exceeds_payload": false,
      "parts": {
        "E_EQ_packet_host_upper": 288,
        "E_EQ_shape_chunks_tables_pads": 49920,
        "E_forward_twiddles": 33554432,
        "E_frontier_group2": 0,
        "E_high_powers": 256,
        "E_low_powers": 67108864,
        "E_original_to_C_pad_marshalling_host_upper": 98304,
        "E_reused_salt_band": 0,
        "E_ring24R": 805306368,
        "E_salt_current_device": 33554432,
        "E_salt_current_host": 33554432,
        "E_salt_meta": 256,
        "E_sticky_flag": 256,
        "E_transpose_scratch": 33554432,
        "device_persistent_or_single_replay_envelope": 785789696,
        "extension_previous_and_current_host_pads": 98304,
        "extension_previous_and_current_root_offset_caches": 737216,
        "full_calibration_table_serialization_difference_upper": 921596,
        "initial_W_and_A_root_offset_caches": 150994848,
        "native_common_owner_host": 42088,
        "original_W_tile_descriptors_host_upper": 252480,
        "original_claim_batch_codec_upper": 457768960,
        "public_padding_host_upper": 55574528,
        "retained_initial_private_host_pads": 4718592,
        "retained_predecessor": 201326592,
        "two_public_table_host_payloads": 47908144
      },
      "phase": "native_E_D34_A2_S4_FFT",
      "remaining_shared_payload_capacity_bytes": 3192664748
    },
    {
      "is_complete_phase_peak": false,
      "lifetime": "EQ/pad device packet and powers/FFT auxiliaries retire before hash. Two lanes publish R paired roots; the ring retires before further node outputs, preserving original salts and order.",
      "named_allocation_subtotal_bytes": 2714961972,
      "named_subtotal_exceeds_payload": false,
      "parts": {
        "E_frontier_group2": 0,
        "E_hash_flag": 256,
        "E_original_to_C_pad_marshalling_host_upper": 98304,
        "E_paired_hash_states_R": 134217728,
        "E_ring24R": 805306368,
        "E_salt_band": 2097152,
        "E_salt_current_device": 33554432,
        "E_salt_current_host": 33554432,
        "E_salt_meta": 256,
        "device_persistent_or_single_replay_envelope": 785789696,
        "extension_previous_and_current_host_pads": 98304,
        "extension_previous_and_current_root_offset_caches": 737216,
        "full_calibration_table_serialization_difference_upper": 921596,
        "initial_W_and_A_root_offset_caches": 150994848,
        "native_common_owner_host": 42088,
        "original_W_tile_descriptors_host_upper": 252480,
        "original_claim_batch_codec_upper": 457768960,
        "public_padding_host_upper": 55574528,
        "retained_initial_private_host_pads": 4718592,
        "retained_predecessor": 201326592,
        "two_public_table_host_payloads": 47908144
      },
      "phase": "native_E_D34_A2_S4_hash",
      "remaining_shared_payload_capacity_bytes": 3190618060
    },
    {
      "is_complete_phase_peak": false,
      "lifetime": "Upper of final reductions after ring/salt retirement; top cache is already conservatively charged.",
      "named_allocation_subtotal_bytes": 1941112372,
      "named_subtotal_exceeds_payload": false,
      "parts": {
        "E_frontier_group2": 0,
        "E_pad_marshalling_host_upper": 98304,
        "E_roots_and_next_node_output": 201326592,
        "E_salt_current_host": 33554432,
        "device_persistent_or_single_replay_envelope": 785789696,
        "extension_previous_and_current_host_pads": 98304,
        "extension_previous_and_current_root_offset_caches": 737216,
        "full_calibration_table_serialization_difference_upper": 921596,
        "initial_W_and_A_root_offset_caches": 150994848,
        "native_common_owner_host": 42088,
        "original_W_tile_descriptors_host_upper": 252480,
        "original_claim_batch_codec_upper": 457768960,
        "public_padding_host_upper": 55574528,
        "retained_initial_private_host_pads": 4718592,
        "retained_predecessor": 201326592,
        "two_public_table_host_payloads": 47908144
      },
      "phase": "native_E_D34_A2_S4_nodes",
      "remaining_shared_payload_capacity_bytes": 3964467660
    },
    {
      "is_complete_phase_peak": false,
      "lifetime": "One source loader for all3 limbs;4 remainder buffers, no original getter/D2H. 96q matrix+24q Rust column+24q C staging overlap until canonical check/free/publication. Both adjacent caches and predecessor planes stay alive through opening/release.",
      "named_allocation_subtotal_bytes": 2721304916,
      "named_subtotal_exceeds_payload": false,
      "parts": {
        "E_C_staged_column_host": 25165824,
        "E_Rust_EQ_packet_host_upper": 288,
        "E_Rust_column_host": 25165824,
        "E_Rust_pad_marshalling_host_upper": 98304,
        "E_forward_inverse_twiddles": 67110400,
        "E_four_remainders": 33554432,
        "E_private_shape_EQ_and_pads": 49920,
        "E_private_sticky_flag": 256,
        "E_private_three_limb_low": 25165824,
        "E_public_factor_spectra": 704643072,
        "E_returned_matrix_host": 100663296,
        "E_work_and_scratch": 33554432,
        "device_persistent_or_single_replay_envelope": 785789696,
        "extension_previous_and_current_host_pads": 98304,
        "extension_previous_and_current_root_offset_caches": 737216,
        "full_calibration_table_serialization_difference_upper": 921596,
        "initial_W_and_A_root_offset_caches": 150994848,
        "native_common_owner_host": 42088,
        "original_W_tile_descriptors_host_upper": 252480,
        "original_claim_batch_codec_upper": 457768960,
        "public_padding_host_upper": 55574528,
        "retained_initial_private_host_pads": 4718592,
        "retained_predecessor": 201326592,
        "two_public_table_host_payloads": 47908144
      },
      "phase": "native_E_D34_A2_S4_predecessor_E_query_publication",
      "remaining_shared_payload_capacity_bytes": 3184275116
    },
    {
      "is_complete_phase_peak": false,
      "lifetime": "CPU query_tree_with/DFT construction is a preceding lifetime; matrix/private low/work not allocated yet. Reverse/inverse-series/multiply/DFT caches and Vec growth remain explicitly unquantified additional classes.",
      "named_allocation_subtotal_bytes": 2553383988,
      "named_subtotal_exceeds_payload": false,
      "parts": {
        "E_forward_inverse_twiddles": 67110400,
        "E_public_factor_spectra": 704643072,
        "current_inverse_modulus_spectra": 33554432,
        "current_polynomial_level_upper": 16777216,
        "device_persistent_or_single_replay_envelope": 785789696,
        "extension_previous_and_current_host_pads": 98304,
        "extension_previous_and_current_root_offset_caches": 737216,
        "full_calibration_table_serialization_difference_upper": 921596,
        "initial_W_and_A_root_offset_caches": 150994848,
        "native_common_owner_host": 42088,
        "one_upload_conversion": 16777216,
        "original_W_tile_descriptors_host_upper": 252480,
        "original_claim_batch_codec_upper": 457768960,
        "public_padding_host_upper": 55574528,
        "public_points": 8388608,
        "retained_initial_private_host_pads": 4718592,
        "retained_predecessor": 201326592,
        "two_public_table_host_payloads": 47908144
      },
      "phase": "native_E_D34_A2_S4_predecessor_E_public_factor_construction",
      "remaining_shared_payload_capacity_bytes": 3352196044
    },
    {
      "is_complete_phase_peak": false,
      "lifetime": "Old+new planes coexist through successful fold/fence/typed retirement; previous cache already released.",
      "named_allocation_subtotal_bytes": 1755826004,
      "named_subtotal_exceeds_payload": false,
      "parts": {
        "current_extension_cache": 147424,
        "current_extension_host_pads": 49152,
        "device_persistent_or_single_replay_envelope": 785789696,
        "fold_flag": 256,
        "full_calibration_table_serialization_difference_upper": 921596,
        "initial_W_and_A_root_offset_caches": 150994848,
        "native_common_owner_host": 42088,
        "original_W_tile_descriptors_host_upper": 252480,
        "original_claim_batch_codec_upper": 457768960,
        "predecessor_three_planes": 201326592,
        "public_padding_host_upper": 55574528,
        "retained_initial_private_host_pads": 4718592,
        "successor_three_planes": 50331648,
        "two_public_table_host_payloads": 47908144
      },
      "phase": "native_E_D34_A2_S4_promotion",
      "remaining_shared_payload_capacity_bytes": 4149754028
    },
    {
      "is_complete_phase_peak": false,
      "lifetime": "Prescan scratch/device offsets retire before ring/frontier allocation. Current cursor/meta stay for hashing. The current cache is conservatively charged before its top digests are constructed.",
      "named_allocation_subtotal_bytes": 1576626996,
      "named_subtotal_exceeds_payload": false,
      "parts": {
        "device_persistent_or_single_replay_envelope": 785789696,
        "extension_previous_and_current_host_pads": 98304,
        "extension_previous_and_current_root_offset_caches": 184256,
        "full_calibration_table_serialization_difference_upper": 921596,
        "initial_W_and_A_root_offset_caches": 150994848,
        "native_common_owner_host": 42088,
        "original_W_tile_descriptors_host_upper": 252480,
        "original_claim_batch_codec_upper": 457768960,
        "public_padding_host_upper": 55574528,
        "retained_initial_private_host_pads": 4718592,
        "retained_predecessor": 50331648,
        "salt_current_device": 8388608,
        "salt_current_host": 8388608,
        "salt_meta": 256,
        "salt_prescan_scratch": 5260288,
        "salt_subtree_offsets_device": 4096,
        "two_public_table_host_payloads": 47908144
      },
      "phase": "native_E_D34_A2_S5_salt_prescan",
      "remaining_shared_payload_capacity_bytes": 4328953036
    },
    {
      "is_complete_phase_peak": false,
      "lifetime": "All stages use R=min(CPU R,H/2), paired cosets. One scratch/twiddle for24 serial base columns. A S1 remains original; later stages read retained planes. No extra A reconstruction.",
      "named_allocation_subtotal_bytes": 1806392660,
      "named_subtotal_exceeds_payload": false,
      "parts": {
        "E_EQ_packet_host_upper": 288,
        "E_EQ_shape_chunks_tables_pads": 49920,
        "E_forward_twiddles": 8388608,
        "E_frontier_group2": 0,
        "E_high_powers": 256,
        "E_low_powers": 16777216,
        "E_original_to_C_pad_marshalling_host_upper": 98304,
        "E_reused_salt_band": 0,
        "E_ring24R": 201326592,
        "E_salt_current_device": 8388608,
        "E_salt_current_host": 8388608,
        "E_salt_meta": 256,
        "E_sticky_flag": 256,
        "E_transpose_scratch": 8388608,
        "device_persistent_or_single_replay_envelope": 785789696,
        "extension_previous_and_current_host_pads": 98304,
        "extension_previous_and_current_root_offset_caches": 184256,
        "full_calibration_table_serialization_difference_upper": 921596,
        "initial_W_and_A_root_offset_caches": 150994848,
        "native_common_owner_host": 42088,
        "original_W_tile_descriptors_host_upper": 252480,
        "original_claim_batch_codec_upper": 457768960,
        "public_padding_host_upper": 55574528,
        "retained_initial_private_host_pads": 4718592,
        "retained_predecessor": 50331648,
        "two_public_table_host_payloads": 47908144
      },
      "phase": "native_E_D34_A2_S5_FFT",
      "remaining_shared_payload_capacity_bytes": 4099187372
    },
    {
      "is_complete_phase_peak": false,
      "lifetime": "EQ/pad device packet and powers/FFT auxiliaries retire before hash. Two lanes publish R paired roots; the ring retires before further node outputs, preserving original salts and order.",
      "named_allocation_subtotal_bytes": 1808439348,
      "named_subtotal_exceeds_payload": false,
      "parts": {
        "E_frontier_group2": 0,
        "E_hash_flag": 256,
        "E_original_to_C_pad_marshalling_host_upper": 98304,
        "E_paired_hash_states_R": 33554432,
        "E_ring24R": 201326592,
        "E_salt_band": 2097152,
        "E_salt_current_device": 8388608,
        "E_salt_current_host": 8388608,
        "E_salt_meta": 256,
        "device_persistent_or_single_replay_envelope": 785789696,
        "extension_previous_and_current_host_pads": 98304,
        "extension_previous_and_current_root_offset_caches": 184256,
        "full_calibration_table_serialization_difference_upper": 921596,
        "initial_W_and_A_root_offset_caches": 150994848,
        "native_common_owner_host": 42088,
        "original_W_tile_descriptors_host_upper": 252480,
        "original_claim_batch_codec_upper": 457768960,
        "public_padding_host_upper": 55574528,
        "retained_initial_private_host_pads": 4718592,
        "retained_predecessor": 50331648,
        "two_public_table_host_payloads": 47908144
      },
      "phase": "native_E_D34_A2_S5_hash",
      "remaining_shared_payload_capacity_bytes": 4097140684
    },
    {
      "is_complete_phase_peak": false,
      "lifetime": "Upper of final reductions after ring/salt retirement; top cache is already conservatively charged.",
      "named_allocation_subtotal_bytes": 1613403700,
      "named_subtotal_exceeds_payload": false,
      "parts": {
        "E_frontier_group2": 0,
        "E_pad_marshalling_host_upper": 98304,
        "E_roots_and_next_node_output": 50331648,
        "E_salt_current_host": 8388608,
        "device_persistent_or_single_replay_envelope": 785789696,
        "extension_previous_and_current_host_pads": 98304,
        "extension_previous_and_current_root_offset_caches": 184256,
        "full_calibration_table_serialization_difference_upper": 921596,
        "initial_W_and_A_root_offset_caches": 150994848,
        "native_common_owner_host": 42088,
        "original_W_tile_descriptors_host_upper": 252480,
        "original_claim_batch_codec_upper": 457768960,
        "public_padding_host_upper": 55574528,
        "retained_initial_private_host_pads": 4718592,
        "retained_predecessor": 50331648,
        "two_public_table_host_payloads": 47908144
      },
      "phase": "native_E_D34_A2_S5_nodes",
      "remaining_shared_payload_capacity_bytes": 4292176332
    },
    {
      "is_complete_phase_peak": false,
      "lifetime": "One source loader for all3 limbs;4 remainder buffers, no original getter/D2H. 96q matrix+24q Rust column+24q C staging overlap until canonical check/free/publication. Both adjacent caches and predecessor planes stay alive through opening/release.",
      "named_allocation_subtotal_bytes": 2569757012,
      "named_subtotal_exceeds_payload": false,
      "parts": {
        "E_C_staged_column_host": 25165824,
        "E_Rust_EQ_packet_host_upper": 288,
        "E_Rust_column_host": 25165824,
        "E_Rust_pad_marshalling_host_upper": 98304,
        "E_forward_inverse_twiddles": 67110400,
        "E_four_remainders": 33554432,
        "E_private_shape_EQ_and_pads": 49920,
        "E_private_sticky_flag": 256,
        "E_private_three_limb_low": 25165824,
        "E_public_factor_spectra": 704643072,
        "E_returned_matrix_host": 100663296,
        "E_work_and_scratch": 33554432,
        "device_persistent_or_single_replay_envelope": 785789696,
        "extension_previous_and_current_host_pads": 98304,
        "extension_previous_and_current_root_offset_caches": 184256,
        "full_calibration_table_serialization_difference_upper": 921596,
        "initial_W_and_A_root_offset_caches": 150994848,
        "native_common_owner_host": 42088,
        "original_W_tile_descriptors_host_upper": 252480,
        "original_claim_batch_codec_upper": 457768960,
        "public_padding_host_upper": 55574528,
        "retained_initial_private_host_pads": 4718592,
        "retained_predecessor": 50331648,
        "two_public_table_host_payloads": 47908144
      },
      "phase": "native_E_D34_A2_S5_predecessor_E_query_publication",
      "remaining_shared_payload_capacity_bytes": 3335823020
    },
    {
      "is_complete_phase_peak": false,
      "lifetime": "CPU query_tree_with/DFT construction is a preceding lifetime; matrix/private low/work not allocated yet. Reverse/inverse-series/multiply/DFT caches and Vec growth remain explicitly unquantified additional classes.",
      "named_allocation_subtotal_bytes": 2401836084,
      "named_subtotal_exceeds_payload": false,
      "parts": {
        "E_forward_inverse_twiddles": 67110400,
        "E_public_factor_spectra": 704643072,
        "current_inverse_modulus_spectra": 33554432,
        "current_polynomial_level_upper": 16777216,
        "device_persistent_or_single_replay_envelope": 785789696,
        "extension_previous_and_current_host_pads": 98304,
        "extension_previous_and_current_root_offset_caches": 184256,
        "full_calibration_table_serialization_difference_upper": 921596,
        "initial_W_and_A_root_offset_caches": 150994848,
        "native_common_owner_host": 42088,
        "one_upload_conversion": 16777216,
        "original_W_tile_descriptors_host_upper": 252480,
        "original_claim_batch_codec_upper": 457768960,
        "public_padding_host_upper": 55574528,
        "public_points": 8388608,
        "retained_initial_private_host_pads": 4718592,
        "retained_predecessor": 50331648,
        "two_public_table_host_payloads": 47908144
      },
      "phase": "native_E_D34_A2_S5_predecessor_E_public_factor_construction",
      "remaining_shared_payload_capacity_bytes": 3503743948
    },
    {
      "is_complete_phase_peak": false,
      "lifetime": "Old+new planes coexist through successful fold/fence/typed retirement; previous cache already released.",
      "named_allocation_subtotal_bytes": 1566971732,
      "named_subtotal_exceeds_payload": false,
      "parts": {
        "current_extension_cache": 36832,
        "current_extension_host_pads": 49152,
        "device_persistent_or_single_replay_envelope": 785789696,
        "fold_flag": 256,
        "full_calibration_table_serialization_difference_upper": 921596,
        "initial_W_and_A_root_offset_caches": 150994848,
        "native_common_owner_host": 42088,
        "original_W_tile_descriptors_host_upper": 252480,
        "original_claim_batch_codec_upper": 457768960,
        "predecessor_three_planes": 50331648,
        "public_padding_host_upper": 55574528,
        "retained_initial_private_host_pads": 4718592,
        "successor_three_planes": 12582912,
        "two_public_table_host_payloads": 47908144
      },
      "phase": "native_E_D34_A2_S5_promotion",
      "remaining_shared_payload_capacity_bytes": 4338608300
    },
    {
      "is_complete_phase_peak": false,
      "lifetime": "Prescan scratch/device offsets retire before ring/frontier allocation. Current cursor/meta stay for hashing. The current cache is conservatively charged before its top digests are constructed.",
      "named_allocation_subtotal_bytes": 1522209588,
      "named_subtotal_exceeds_payload": false,
      "parts": {
        "device_persistent_or_single_replay_envelope": 785789696,
        "extension_previous_and_current_host_pads": 98304,
        "extension_previous_and_current_root_offset_caches": 46016,
        "full_calibration_table_serialization_difference_upper": 921596,
        "initial_W_and_A_root_offset_caches": 150994848,
        "native_common_owner_host": 42088,
        "original_W_tile_descriptors_host_upper": 252480,
        "original_claim_batch_codec_upper": 457768960,
        "public_padding_host_upper": 55574528,
        "retained_initial_private_host_pads": 4718592,
        "retained_predecessor": 12582912,
        "salt_current_device": 2097152,
        "salt_current_host": 2097152,
        "salt_meta": 256,
        "salt_prescan_scratch": 1315840,
        "salt_subtree_offsets_device": 1024,
        "two_public_table_host_payloads": 47908144
      },
      "phase": "native_E_D34_A2_S6_salt_prescan",
      "remaining_shared_payload_capacity_bytes": 4383370444
    },
    {
      "is_complete_phase_peak": false,
      "lifetime": "All stages use R=min(CPU R,H/2), paired cosets. One scratch/twiddle for24 serial base columns. A S1 remains original; later stages read retained planes. No extra A reconstruction.",
      "named_allocation_subtotal_bytes": 1579762004,
      "named_subtotal_exceeds_payload": false,
      "parts": {
        "E_EQ_packet_host_upper": 288,
        "E_EQ_shape_chunks_tables_pads": 49920,
        "E_forward_twiddles": 2097152,
        "E_frontier_group2": 0,
        "E_high_powers": 256,
        "E_low_powers": 4194304,
        "E_original_to_C_pad_marshalling_host_upper": 98304,
        "E_reused_salt_band": 0,
        "E_ring24R": 50331648,
        "E_salt_current_device": 2097152,
        "E_salt_current_host": 2097152,
        "E_salt_meta": 256,
        "E_sticky_flag": 256,
        "E_transpose_scratch": 2097152,
        "device_persistent_or_single_replay_envelope": 785789696,
        "extension_previous_and_current_host_pads": 98304,
        "extension_previous_and_current_root_offset_caches": 46016,
        "full_calibration_table_serialization_difference_upper": 921596,
        "initial_W_and_A_root_offset_caches": 150994848,
        "native_common_owner_host": 42088,
        "original_W_tile_descriptors_host_upper": 252480,
        "original_claim_batch_codec_upper": 457768960,
        "public_padding_host_upper": 55574528,
        "retained_initial_private_host_pads": 4718592,
        "retained_predecessor": 12582912,
        "two_public_table_host_payloads": 47908144
      },
      "phase": "native_E_D34_A2_S6_FFT",
      "remaining_shared_payload_capacity_bytes": 4325818028
    },
    {
      "is_complete_phase_peak": false,
      "lifetime": "EQ/pad device packet and powers/FFT auxiliaries retire before hash. Two lanes publish R paired roots; the ring retires before further node outputs, preserving original salts and order.",
      "named_allocation_subtotal_bytes": 1581808692,
      "named_subtotal_exceeds_payload": false,
      "parts": {
        "E_frontier_group2": 0,
        "E_hash_flag": 256,
        "E_original_to_C_pad_marshalling_host_upper": 98304,
        "E_paired_hash_states_R": 8388608,
        "E_ring24R": 50331648,
        "E_salt_band": 2097152,
        "E_salt_current_device": 2097152,
        "E_salt_current_host": 2097152,
        "E_salt_meta": 256,
        "device_persistent_or_single_replay_envelope": 785789696,
        "extension_previous_and_current_host_pads": 98304,
        "extension_previous_and_current_root_offset_caches": 46016,
        "full_calibration_table_serialization_difference_upper": 921596,
        "initial_W_and_A_root_offset_caches": 150994848,
        "native_common_owner_host": 42088,
        "original_W_tile_descriptors_host_upper": 252480,
        "original_claim_batch_codec_upper": 457768960,
        "public_padding_host_upper": 55574528,
        "retained_initial_private_host_pads": 4718592,
        "retained_predecessor": 12582912,
        "two_public_table_host_payloads": 47908144
      },
      "phase": "native_E_D34_A2_S6_hash",
      "remaining_shared_payload_capacity_bytes": 4323771340
    },
    {
      "is_complete_phase_peak": false,
      "lifetime": "Upper of final reductions after ring/salt retirement; top cache is already conservatively charged.",
      "named_allocation_subtotal_bytes": 1531476532,
      "named_subtotal_exceeds_payload": false,
      "parts": {
        "E_frontier_group2": 0,
        "E_pad_marshalling_host_upper": 98304,
        "E_roots_and_next_node_output": 12582912,
        "E_salt_current_host": 2097152,
        "device_persistent_or_single_replay_envelope": 785789696,
        "extension_previous_and_current_host_pads": 98304,
        "extension_previous_and_current_root_offset_caches": 46016,
        "full_calibration_table_serialization_difference_upper": 921596,
        "initial_W_and_A_root_offset_caches": 150994848,
        "native_common_owner_host": 42088,
        "original_W_tile_descriptors_host_upper": 252480,
        "original_claim_batch_codec_upper": 457768960,
        "public_padding_host_upper": 55574528,
        "retained_initial_private_host_pads": 4718592,
        "retained_predecessor": 12582912,
        "two_public_table_host_payloads": 47908144
      },
      "phase": "native_E_D34_A2_S6_nodes",
      "remaining_shared_payload_capacity_bytes": 4374103500
    },
    {
      "is_complete_phase_peak": false,
      "lifetime": "One source loader for all3 limbs;4 remainder buffers, no original getter/D2H. 96q matrix+24q Rust column+24q C staging overlap until canonical check/free/publication. Both adjacent caches and predecessor planes stay alive through opening/release.",
      "named_allocation_subtotal_bytes": 2531870036,
      "named_subtotal_exceeds_payload": false,
      "parts": {
        "E_C_staged_column_host": 25165824,
        "E_Rust_EQ_packet_host_upper": 288,
        "E_Rust_column_host": 25165824,
        "E_Rust_pad_marshalling_host_upper": 98304,
        "E_forward_inverse_twiddles": 67110400,
        "E_four_remainders": 33554432,
        "E_private_shape_EQ_and_pads": 49920,
        "E_private_sticky_flag": 256,
        "E_private_three_limb_low": 25165824,
        "E_public_factor_spectra": 704643072,
        "E_returned_matrix_host": 100663296,
        "E_work_and_scratch": 33554432,
        "device_persistent_or_single_replay_envelope": 785789696,
        "extension_previous_and_current_host_pads": 98304,
        "extension_previous_and_current_root_offset_caches": 46016,
        "full_calibration_table_serialization_difference_upper": 921596,
        "initial_W_and_A_root_offset_caches": 150994848,
        "native_common_owner_host": 42088,
        "original_W_tile_descriptors_host_upper": 252480,
        "original_claim_batch_codec_upper": 457768960,
        "public_padding_host_upper": 55574528,
        "retained_initial_private_host_pads": 4718592,
        "retained_predecessor": 12582912,
        "two_public_table_host_payloads": 47908144
      },
      "phase": "native_E_D34_A2_S6_predecessor_E_query_publication",
      "remaining_shared_payload_capacity_bytes": 3373709996
    },
    {
      "is_complete_phase_peak": false,
      "lifetime": "CPU query_tree_with/DFT construction is a preceding lifetime; matrix/private low/work not allocated yet. Reverse/inverse-series/multiply/DFT caches and Vec growth remain explicitly unquantified additional classes.",
      "named_allocation_subtotal_bytes": 2363949108,
      "named_subtotal_exceeds_payload": false,
      "parts": {
        "E_forward_inverse_twiddles": 67110400,
        "E_public_factor_spectra": 704643072,
        "current_inverse_modulus_spectra": 33554432,
        "current_polynomial_level_upper": 16777216,
        "device_persistent_or_single_replay_envelope": 785789696,
        "extension_previous_and_current_host_pads": 98304,
        "extension_previous_and_current_root_offset_caches": 46016,
        "full_calibration_table_serialization_difference_upper": 921596,
        "initial_W_and_A_root_offset_caches": 150994848,
        "native_common_owner_host": 42088,
        "one_upload_conversion": 16777216,
        "original_W_tile_descriptors_host_upper": 252480,
        "original_claim_batch_codec_upper": 457768960,
        "public_padding_host_upper": 55574528,
        "public_points": 8388608,
        "retained_initial_private_host_pads": 4718592,
        "retained_predecessor": 12582912,
        "two_public_table_host_payloads": 47908144
      },
      "phase": "native_E_D34_A2_S6_predecessor_E_public_factor_construction",
      "remaining_shared_payload_capacity_bytes": 3541630924
    },
    {
      "is_complete_phase_peak": false,
      "lifetime": "Old+new planes coexist through successful fold/fence/typed retirement; previous cache already released.",
      "named_allocation_subtotal_bytes": 1519758164,
      "named_subtotal_exceeds_payload": false,
      "parts": {
        "current_extension_cache": 9184,
        "current_extension_host_pads": 49152,
        "device_persistent_or_single_replay_envelope": 785789696,
        "fold_flag": 256,
        "full_calibration_table_serialization_difference_upper": 921596,
        "initial_W_and_A_root_offset_caches": 150994848,
        "native_common_owner_host": 42088,
        "original_W_tile_descriptors_host_upper": 252480,
        "original_claim_batch_codec_upper": 457768960,
        "predecessor_three_planes": 12582912,
        "public_padding_host_upper": 55574528,
        "retained_initial_private_host_pads": 4718592,
        "successor_three_planes": 3145728,
        "two_public_table_host_payloads": 47908144
      },
      "phase": "native_E_D34_A2_S6_promotion",
      "remaining_shared_payload_capacity_bytes": 4385821868
    },
    {
      "is_complete_phase_peak": false,
      "lifetime": "Prescan scratch/device offsets retire before ring/frontier allocation. Current cursor/meta stay for hashing. The current cache is conservatively charged before its top digests are constructed.",
      "named_allocation_subtotal_bytes": 1507578676,
      "named_subtotal_exceeds_payload": false,
      "parts": {
        "device_persistent_or_single_replay_envelope": 785789696,
        "extension_previous_and_current_host_pads": 98304,
        "extension_previous_and_current_root_offset_caches": 27584,
        "full_calibration_table_serialization_difference_upper": 921596,
        "initial_W_and_A_root_offset_caches": 150994848,
        "native_common_owner_host": 42088,
        "original_W_tile_descriptors_host_upper": 252480,
        "original_claim_batch_codec_upper": 457768960,
        "public_padding_host_upper": 55574528,
        "retained_initial_private_host_pads": 4718592,
        "retained_predecessor": 3145728,
        "salt_current_device": 2048,
        "salt_current_host": 2048,
        "salt_meta": 256,
        "salt_prescan_scratch": 329728,
        "salt_subtree_offsets_device": 2048,
        "two_public_table_host_payloads": 47908144
      },
      "phase": "native_E_D34_A2_S7_salt_prescan",
      "remaining_shared_payload_capacity_bytes": 4398001356
    },
    {
      "is_complete_phase_peak": false,
      "lifetime": "All stages use R=min(CPU R,H/2), paired cosets. One scratch/twiddle for24 serial base columns. A S1 remains original; later stages read retained planes. No extra A reconstruction.",
      "named_allocation_subtotal_bytes": 1507527508,
      "named_subtotal_exceeds_payload": false,
      "parts": {
        "E_EQ_packet_host_upper": 288,
        "E_EQ_shape_chunks_tables_pads": 49920,
        "E_forward_twiddles": 2048,
        "E_frontier_group2": 65536,
        "E_high_powers": 768,
        "E_low_powers": 4096,
        "E_original_to_C_pad_marshalling_host_upper": 98304,
        "E_reused_salt_band": 8192,
        "E_ring24R": 49152,
        "E_salt_current_device": 2048,
        "E_salt_current_host": 2048,
        "E_salt_meta": 256,
        "E_sticky_flag": 256,
        "E_transpose_scratch": 2048,
        "device_persistent_or_single_replay_envelope": 785789696,
        "extension_previous_and_current_host_pads": 98304,
        "extension_previous_and_current_root_offset_caches": 27584,
        "full_calibration_table_serialization_difference_upper": 921596,
        "initial_W_and_A_root_offset_caches": 150994848,
        "native_common_owner_host": 42088,
        "original_W_tile_descriptors_host_upper": 252480,
        "original_claim_batch_codec_upper": 457768960,
        "public_padding_host_upper": 55574528,
        "retained_initial_private_host_pads": 4718592,
        "retained_predecessor": 3145728,
        "two_public_table_host_payloads": 47908144
      },
      "phase": "native_E_D34_A2_S7_FFT",
      "remaining_shared_payload_capacity_bytes": 4398052524
    },
    {
      "is_complete_phase_peak": false,
      "lifetime": "EQ/pad device packet and powers/FFT auxiliaries retire before hash. Two lanes publish R paired roots; the ring retires before further node outputs, preserving original salts and order.",
      "named_allocation_subtotal_bytes": 1507476532,
      "named_subtotal_exceeds_payload": false,
      "parts": {
        "E_frontier_group2": 65536,
        "E_hash_flag": 256,
        "E_original_to_C_pad_marshalling_host_upper": 98304,
        "E_paired_hash_states_R": 8192,
        "E_ring24R": 49152,
        "E_salt_band": 8192,
        "E_salt_current_device": 2048,
        "E_salt_current_host": 2048,
        "E_salt_meta": 256,
        "device_persistent_or_single_replay_envelope": 785789696,
        "extension_previous_and_current_host_pads": 98304,
        "extension_previous_and_current_root_offset_caches": 27584,
        "full_calibration_table_serialization_difference_upper": 921596,
        "initial_W_and_A_root_offset_caches": 150994848,
        "native_common_owner_host": 42088,
        "original_W_tile_descriptors_host_upper": 252480,
        "original_claim_batch_codec_upper": 457768960,
        "public_padding_host_upper": 55574528,
        "retained_initial_private_host_pads": 4718592,
        "retained_predecessor": 3145728,
        "two_public_table_host_payloads": 47908144
      },
      "phase": "native_E_D34_A2_S7_hash",
      "remaining_shared_payload_capacity_bytes": 4398103500
    },
    {
      "is_complete_phase_peak": false,
      "lifetime": "Upper of final reductions after ring/salt retirement; top cache is already conservatively charged.",
      "named_allocation_subtotal_bytes": 1507420724,
      "named_subtotal_exceeds_payload": false,
      "parts": {
        "E_frontier_group2": 65536,
        "E_pad_marshalling_host_upper": 98304,
        "E_roots_and_next_node_output": 12288,
        "E_salt_current_host": 2048,
        "device_persistent_or_single_replay_envelope": 785789696,
        "extension_previous_and_current_host_pads": 98304,
        "extension_previous_and_current_root_offset_caches": 27584,
        "full_calibration_table_serialization_difference_upper": 921596,
        "initial_W_and_A_root_offset_caches": 150994848,
        "native_common_owner_host": 42088,
        "original_W_tile_descriptors_host_upper": 252480,
        "original_claim_batch_codec_upper": 457768960,
        "public_padding_host_upper": 55574528,
        "retained_initial_private_host_pads": 4718592,
        "retained_predecessor": 3145728,
        "two_public_table_host_payloads": 47908144
      },
      "phase": "native_E_D34_A2_S7_nodes",
      "remaining_shared_payload_capacity_bytes": 4398159308
    },
    {
      "is_complete_phase_peak": false,
      "lifetime": "One source loader for all3 limbs;4 remainder buffers, no original getter/D2H. 96q matrix+24q Rust column+24q C staging overlap until canonical check/free/publication. Both adjacent caches and predecessor planes stay alive through opening/release.",
      "named_allocation_subtotal_bytes": 2522414420,
      "named_subtotal_exceeds_payload": false,
      "parts": {
        "E_C_staged_column_host": 25165824,
        "E_Rust_EQ_packet_host_upper": 288,
        "E_Rust_column_host": 25165824,
        "E_Rust_pad_marshalling_host_upper": 98304,
        "E_forward_inverse_twiddles": 67110400,
        "E_four_remainders": 33554432,
        "E_private_shape_EQ_and_pads": 49920,
        "E_private_sticky_flag": 256,
        "E_private_three_limb_low": 25165824,
        "E_public_factor_spectra": 704643072,
        "E_returned_matrix_host": 100663296,
        "E_work_and_scratch": 33554432,
        "device_persistent_or_single_replay_envelope": 785789696,
        "extension_previous_and_current_host_pads": 98304,
        "extension_previous_and_current_root_offset_caches": 27584,
        "full_calibration_table_serialization_difference_upper": 921596,
        "initial_W_and_A_root_offset_caches": 150994848,
        "native_common_owner_host": 42088,
        "original_W_tile_descriptors_host_upper": 252480,
        "original_claim_batch_codec_upper": 457768960,
        "public_padding_host_upper": 55574528,
        "retained_initial_private_host_pads": 4718592,
        "retained_predecessor": 3145728,
        "two_public_table_host_payloads": 47908144
      },
      "phase": "native_E_D34_A2_S7_predecessor_E_query_publication",
      "remaining_shared_payload_capacity_bytes": 3383165612
    },
    {
      "is_complete_phase_peak": false,
      "lifetime": "CPU query_tree_with/DFT construction is a preceding lifetime; matrix/private low/work not allocated yet. Reverse/inverse-series/multiply/DFT caches and Vec growth remain explicitly unquantified additional classes.",
      "named_allocation_subtotal_bytes": 2354493492,
      "named_subtotal_exceeds_payload": false,
      "parts": {
        "E_forward_inverse_twiddles": 67110400,
        "E_public_factor_spectra": 704643072,
        "current_inverse_modulus_spectra": 33554432,
        "current_polynomial_level_upper": 16777216,
        "device_persistent_or_single_replay_envelope": 785789696,
        "extension_previous_and_current_host_pads": 98304,
        "extension_previous_and_current_root_offset_caches": 27584,
        "full_calibration_table_serialization_difference_upper": 921596,
        "initial_W_and_A_root_offset_caches": 150994848,
        "native_common_owner_host": 42088,
        "one_upload_conversion": 16777216,
        "original_W_tile_descriptors_host_upper": 252480,
        "original_claim_batch_codec_upper": 457768960,
        "public_padding_host_upper": 55574528,
        "public_points": 8388608,
        "retained_initial_private_host_pads": 4718592,
        "retained_predecessor": 3145728,
        "two_public_table_host_payloads": 47908144
      },
      "phase": "native_E_D34_A2_S7_predecessor_E_public_factor_construction",
      "remaining_shared_payload_capacity_bytes": 3551086540
    },
    {
      "is_complete_phase_peak": false,
      "lifetime": "Old+new planes coexist through successful fold/fence/typed retirement; previous cache already released.",
      "named_allocation_subtotal_bytes": 1507970900,
      "named_subtotal_exceeds_payload": false,
      "parts": {
        "current_extension_cache": 18400,
        "current_extension_host_pads": 49152,
        "device_persistent_or_single_replay_envelope": 785789696,
        "fold_flag": 256,
        "full_calibration_table_serialization_difference_upper": 921596,
        "initial_W_and_A_root_offset_caches": 150994848,
        "native_common_owner_host": 42088,
        "original_W_tile_descriptors_host_upper": 252480,
        "original_claim_batch_codec_upper": 457768960,
        "predecessor_three_planes": 3145728,
        "public_padding_host_upper": 55574528,
        "retained_initial_private_host_pads": 4718592,
        "successor_three_planes": 786432,
        "two_public_table_host_payloads": 47908144
      },
      "phase": "native_E_D34_A2_S7_promotion",
      "remaining_shared_payload_capacity_bytes": 4397609132
    },
    {
      "is_complete_phase_peak": false,
      "lifetime": "Prescan scratch/device offsets retire before ring/frontier allocation. Current cursor/meta stay for hashing. The current cache is conservatively charged before its top digests are constructed.",
      "named_allocation_subtotal_bytes": 1504982068,
      "named_subtotal_exceeds_payload": false,
      "parts": {
        "device_persistent_or_single_replay_envelope": 785789696,
        "extension_previous_and_current_host_pads": 98304,
        "extension_previous_and_current_root_offset_caches": 36800,
        "full_calibration_table_serialization_difference_upper": 921596,
        "initial_W_and_A_root_offset_caches": 150994848,
        "native_common_owner_host": 42088,
        "original_W_tile_descriptors_host_upper": 252480,
        "original_claim_batch_codec_upper": 457768960,
        "public_padding_host_upper": 55574528,
        "retained_initial_private_host_pads": 4718592,
        "retained_predecessor": 786432,
        "salt_current_device": 2048,
        "salt_current_host": 2048,
        "salt_meta": 256,
        "salt_prescan_scratch": 83200,
        "salt_subtree_offsets_device": 2048,
        "two_public_table_host_payloads": 47908144
      },
      "phase": "native_E_D34_A2_S8_salt_prescan",
      "remaining_shared_payload_capacity_bytes": 4400597964
    },
    {
      "is_complete_phase_peak": false,
      "lifetime": "All stages use R=min(CPU R,H/2), paired cosets. One scratch/twiddle for24 serial base columns. A S1 remains original; later stages read retained planes. No extra A reconstruction.",
      "named_allocation_subtotal_bytes": 1505160532,
      "named_subtotal_exceeds_payload": false,
      "parts": {
        "E_EQ_packet_host_upper": 288,
        "E_EQ_shape_chunks_tables_pads": 49920,
        "E_forward_twiddles": 2048,
        "E_frontier_group2": 49152,
        "E_high_powers": 256,
        "E_low_powers": 4096,
        "E_original_to_C_pad_marshalling_host_upper": 98304,
        "E_reused_salt_band": 8192,
        "E_ring24R": 49152,
        "E_salt_current_device": 2048,
        "E_salt_current_host": 2048,
        "E_salt_meta": 256,
        "E_sticky_flag": 256,
        "E_transpose_scratch": 2048,
        "device_persistent_or_single_replay_envelope": 785789696,
        "extension_previous_and_current_host_pads": 98304,
        "extension_previous_and_current_root_offset_caches": 36800,
        "full_calibration_table_serialization_difference_upper": 921596,
        "initial_W_and_A_root_offset_caches": 150994848,
        "native_common_owner_host": 42088,
        "original_W_tile_descriptors_host_upper": 252480,
        "original_claim_batch_codec_upper": 457768960,
        "public_padding_host_upper": 55574528,
        "retained_initial_private_host_pads": 4718592,
        "retained_predecessor": 786432,
        "two_public_table_host_payloads": 47908144
      },
      "phase": "native_E_D34_A2_S8_FFT",
      "remaining_shared_payload_capacity_bytes": 4400419500
    },
    {
      "is_complete_phase_peak": false,
      "lifetime": "EQ/pad device packet and powers/FFT auxiliaries retire before hash. Two lanes publish R paired roots; the ring retires before further node outputs, preserving original salts and order.",
      "named_allocation_subtotal_bytes": 1505110068,
      "named_subtotal_exceeds_payload": false,
      "parts": {
        "E_frontier_group2": 49152,
        "E_hash_flag": 256,
        "E_original_to_C_pad_marshalling_host_upper": 98304,
        "E_paired_hash_states_R": 8192,
        "E_ring24R": 49152,
        "E_salt_band": 8192,
        "E_salt_current_device": 2048,
        "E_salt_current_host": 2048,
        "E_salt_meta": 256,
        "device_persistent_or_single_replay_envelope": 785789696,
        "extension_previous_and_current_host_pads": 98304,
        "extension_previous_and_current_root_offset_caches": 36800,
        "full_calibration_table_serialization_difference_upper": 921596,
        "initial_W_and_A_root_offset_caches": 150994848,
        "native_common_owner_host": 42088,
        "original_W_tile_descriptors_host_upper": 252480,
        "original_claim_batch_codec_upper": 457768960,
        "public_padding_host_upper": 55574528,
        "retained_initial_private_host_pads": 4718592,
        "retained_predecessor": 786432,
        "two_public_table_host_payloads": 47908144
      },
      "phase": "native_E_D34_A2_S8_hash",
      "remaining_shared_payload_capacity_bytes": 4400469964
    },
    {
      "is_complete_phase_peak": false,
      "lifetime": "Upper of final reductions after ring/salt retirement; top cache is already conservatively charged.",
      "named_allocation_subtotal_bytes": 1505054260,
      "named_subtotal_exceeds_payload": false,
      "parts": {
        "E_frontier_group2": 49152,
        "E_pad_marshalling_host_upper": 98304,
        "E_roots_and_next_node_output": 12288,
        "E_salt_current_host": 2048,
        "device_persistent_or_single_replay_envelope": 785789696,
        "extension_previous_and_current_host_pads": 98304,
        "extension_previous_and_current_root_offset_caches": 36800,
        "full_calibration_table_serialization_difference_upper": 921596,
        "initial_W_and_A_root_offset_caches": 150994848,
        "native_common_owner_host": 42088,
        "original_W_tile_descriptors_host_upper": 252480,
        "original_claim_batch_codec_upper": 457768960,
        "public_padding_host_upper": 55574528,
        "retained_initial_private_host_pads": 4718592,
        "retained_predecessor": 786432,
        "two_public_table_host_payloads": 47908144
      },
      "phase": "native_E_D34_A2_S8_nodes",
      "remaining_shared_payload_capacity_bytes": 4400525772
    },
    {
      "is_complete_phase_peak": false,
      "lifetime": "One source loader for all3 limbs;4 remainder buffers, no original getter/D2H. 96q matrix+24q Rust column+24q C staging overlap until canonical check/free/publication. Both adjacent caches and predecessor planes stay alive through opening/release.",
      "named_allocation_subtotal_bytes": 1505706324,
      "named_subtotal_exceeds_payload": false,
      "parts": {
        "E_C_staged_column_host": 24576,
        "E_Rust_EQ_packet_host_upper": 288,
        "E_Rust_column_host": 24576,
        "E_Rust_pad_marshalling_host_upper": 98304,
        "E_forward_inverse_twiddles": 67072,
        "E_four_remainders": 32768,
        "E_private_shape_EQ_and_pads": 49920,
        "E_private_sticky_flag": 256,
        "E_private_three_limb_low": 24576,
        "E_public_factor_spectra": 360448,
        "E_returned_matrix_host": 98304,
        "E_work_and_scratch": 32768,
        "device_persistent_or_single_replay_envelope": 785789696,
        "extension_previous_and_current_host_pads": 98304,
        "extension_previous_and_current_root_offset_caches": 36800,
        "full_calibration_table_serialization_difference_upper": 921596,
        "initial_W_and_A_root_offset_caches": 150994848,
        "native_common_owner_host": 42088,
        "original_W_tile_descriptors_host_upper": 252480,
        "original_claim_batch_codec_upper": 457768960,
        "public_padding_host_upper": 55574528,
        "retained_initial_private_host_pads": 4718592,
        "retained_predecessor": 786432,
        "two_public_table_host_payloads": 47908144
      },
      "phase": "native_E_D34_A2_S8_predecessor_E_query_publication",
      "remaining_shared_payload_capacity_bytes": 4399873708
    },
    {
      "is_complete_phase_peak": false,
      "lifetime": "CPU query_tree_with/DFT construction is a preceding lifetime; matrix/private low/work not allocated yet. Reverse/inverse-series/multiply/DFT caches and Vec growth remain explicitly unquantified additional classes.",
      "named_allocation_subtotal_bytes": 1505393716,
      "named_subtotal_exceeds_payload": false,
      "parts": {
        "E_forward_inverse_twiddles": 67072,
        "E_public_factor_spectra": 360448,
        "current_inverse_modulus_spectra": 32768,
        "current_polynomial_level_upper": 16384,
        "device_persistent_or_single_replay_envelope": 785789696,
        "extension_previous_and_current_host_pads": 98304,
        "extension_previous_and_current_root_offset_caches": 36800,
        "full_calibration_table_serialization_difference_upper": 921596,
        "initial_W_and_A_root_offset_caches": 150994848,
        "native_common_owner_host": 42088,
        "one_upload_conversion": 16384,
        "original_W_tile_descriptors_host_upper": 252480,
        "original_claim_batch_codec_upper": 457768960,
        "public_padding_host_upper": 55574528,
        "public_points": 8192,
        "retained_initial_private_host_pads": 4718592,
        "retained_predecessor": 786432,
        "two_public_table_host_payloads": 47908144
      },
      "phase": "native_E_D34_A2_S8_predecessor_E_public_factor_construction",
      "remaining_shared_payload_capacity_bytes": 4400186316
    },
    {
      "is_complete_phase_peak": false,
      "lifetime": "Old+new planes coexist through successful fold/fence/typed retirement; previous cache already released.",
      "named_allocation_subtotal_bytes": 1505021780,
      "named_subtotal_exceeds_payload": false,
      "parts": {
        "current_extension_cache": 18400,
        "current_extension_host_pads": 49152,
        "device_persistent_or_single_replay_envelope": 785789696,
        "fold_flag": 256,
        "full_calibration_table_serialization_difference_upper": 921596,
        "initial_W_and_A_root_offset_caches": 150994848,
        "native_common_owner_host": 42088,
        "original_W_tile_descriptors_host_upper": 252480,
        "original_claim_batch_codec_upper": 457768960,
        "predecessor_three_planes": 786432,
        "public_padding_host_upper": 55574528,
        "retained_initial_private_host_pads": 4718592,
        "successor_three_planes": 196608,
        "two_public_table_host_payloads": 47908144
      },
      "phase": "native_E_D34_A2_S8_promotion",
      "remaining_shared_payload_capacity_bytes": 4400558252
    },
    {
      "is_complete_phase_peak": false,
      "lifetime": "Prescan scratch/device offsets retire before ring/frontier allocation. Current cursor/meta stay for hashing. The current cache is conservatively charged before its top digests are constructed.",
      "named_allocation_subtotal_bytes": 1504330548,
      "named_subtotal_exceeds_payload": false,
      "parts": {
        "device_persistent_or_single_replay_envelope": 785789696,
        "extension_previous_and_current_host_pads": 98304,
        "extension_previous_and_current_root_offset_caches": 36800,
        "full_calibration_table_serialization_difference_upper": 921596,
        "initial_W_and_A_root_offset_caches": 150994848,
        "native_common_owner_host": 42088,
        "original_W_tile_descriptors_host_upper": 252480,
        "original_claim_batch_codec_upper": 457768960,
        "public_padding_host_upper": 55574528,
        "retained_initial_private_host_pads": 4718592,
        "retained_predecessor": 196608,
        "salt_current_device": 2048,
        "salt_current_host": 2048,
        "salt_meta": 256,
        "salt_prescan_scratch": 21504,
        "salt_subtree_offsets_device": 2048,
        "two_public_table_host_payloads": 47908144
      },
      "phase": "native_E_D34_A2_S9_salt_prescan",
      "remaining_shared_payload_capacity_bytes": 4401249484
    },
    {
      "is_complete_phase_peak": false,
      "lifetime": "All stages use R=min(CPU R,H/2), paired cosets. One scratch/twiddle for24 serial base columns. A S1 remains original; later stages read retained planes. No extra A reconstruction.",
      "named_allocation_subtotal_bytes": 1504554324,
      "named_subtotal_exceeds_payload": false,
      "parts": {
        "E_EQ_packet_host_upper": 288,
        "E_EQ_shape_chunks_tables_pads": 49920,
        "E_forward_twiddles": 2048,
        "E_frontier_group2": 32768,
        "E_high_powers": 256,
        "E_low_powers": 4096,
        "E_original_to_C_pad_marshalling_host_upper": 98304,
        "E_reused_salt_band": 8192,
        "E_ring24R": 49152,
        "E_salt_current_device": 2048,
        "E_salt_current_host": 2048,
        "E_salt_meta": 256,
        "E_sticky_flag": 256,
        "E_transpose_scratch": 2048,
        "device_persistent_or_single_replay_envelope": 785789696,
        "extension_previous_and_current_host_pads": 98304,
        "extension_previous_and_current_root_offset_caches": 36800,
        "full_calibration_table_serialization_difference_upper": 921596,
        "initial_W_and_A_root_offset_caches": 150994848,
        "native_common_owner_host": 42088,
        "original_W_tile_descriptors_host_upper": 252480,
        "original_claim_batch_codec_upper": 457768960,
        "public_padding_host_upper": 55574528,
        "retained_initial_private_host_pads": 4718592,
        "retained_predecessor": 196608,
        "two_public_table_host_payloads": 47908144
      },
      "phase": "native_E_D34_A2_S9_FFT",
      "remaining_shared_payload_capacity_bytes": 4401025708
    },
    {
      "is_complete_phase_peak": false,
      "lifetime": "EQ/pad device packet and powers/FFT auxiliaries retire before hash. Two lanes publish R paired roots; the ring retires before further node outputs, preserving original salts and order.",
      "named_allocation_subtotal_bytes": 1504503860,
      "named_subtotal_exceeds_payload": false,
      "parts": {
        "E_frontier_group2": 32768,
        "E_hash_flag": 256,
        "E_original_to_C_pad_marshalling_host_upper": 98304,
        "E_paired_hash_states_R": 8192,
        "E_ring24R": 49152,
        "E_salt_band": 8192,
        "E_salt_current_device": 2048,
        "E_salt_current_host": 2048,
        "E_salt_meta": 256,
        "device_persistent_or_single_replay_envelope": 785789696,
        "extension_previous_and_current_host_pads": 98304,
        "extension_previous_and_current_root_offset_caches": 36800,
        "full_calibration_table_serialization_difference_upper": 921596,
        "initial_W_and_A_root_offset_caches": 150994848,
        "native_common_owner_host": 42088,
        "original_W_tile_descriptors_host_upper": 252480,
        "original_claim_batch_codec_upper": 457768960,
        "public_padding_host_upper": 55574528,
        "retained_initial_private_host_pads": 4718592,
        "retained_predecessor": 196608,
        "two_public_table_host_payloads": 47908144
      },
      "phase": "native_E_D34_A2_S9_hash",
      "remaining_shared_payload_capacity_bytes": 4401076172
    },
    {
      "is_complete_phase_peak": false,
      "lifetime": "Upper of final reductions after ring/salt retirement; top cache is already conservatively charged.",
      "named_allocation_subtotal_bytes": 1504448052,
      "named_subtotal_exceeds_payload": false,
      "parts": {
        "E_frontier_group2": 32768,
        "E_pad_marshalling_host_upper": 98304,
        "E_roots_and_next_node_output": 12288,
        "E_salt_current_host": 2048,
        "device_persistent_or_single_replay_envelope": 785789696,
        "extension_previous_and_current_host_pads": 98304,
        "extension_previous_and_current_root_offset_caches": 36800,
        "full_calibration_table_serialization_difference_upper": 921596,
        "initial_W_and_A_root_offset_caches": 150994848,
        "native_common_owner_host": 42088,
        "original_W_tile_descriptors_host_upper": 252480,
        "original_claim_batch_codec_upper": 457768960,
        "public_padding_host_upper": 55574528,
        "retained_initial_private_host_pads": 4718592,
        "retained_predecessor": 196608,
        "two_public_table_host_payloads": 47908144
      },
      "phase": "native_E_D34_A2_S9_nodes",
      "remaining_shared_payload_capacity_bytes": 4401131980
    },
    {
      "is_complete_phase_peak": false,
      "lifetime": "One source loader for all3 limbs;4 remainder buffers, no original getter/D2H. 96q matrix+24q Rust column+24q C staging overlap until canonical check/free/publication. Both adjacent caches and predecessor planes stay alive through opening/release.",
      "named_allocation_subtotal_bytes": 1505116500,
      "named_subtotal_exceeds_payload": false,
      "parts": {
        "E_C_staged_column_host": 24576,
        "E_Rust_EQ_packet_host_upper": 288,
        "E_Rust_column_host": 24576,
        "E_Rust_pad_marshalling_host_upper": 98304,
        "E_forward_inverse_twiddles": 67072,
        "E_four_remainders": 32768,
        "E_private_shape_EQ_and_pads": 49920,
        "E_private_sticky_flag": 256,
        "E_private_three_limb_low": 24576,
        "E_public_factor_spectra": 360448,
        "E_returned_matrix_host": 98304,
        "E_work_and_scratch": 32768,
        "device_persistent_or_single_replay_envelope": 785789696,
        "extension_previous_and_current_host_pads": 98304,
        "extension_previous_and_current_root_offset_caches": 36800,
        "full_calibration_table_serialization_difference_upper": 921596,
        "initial_W_and_A_root_offset_caches": 150994848,
        "native_common_owner_host": 42088,
        "original_W_tile_descriptors_host_upper": 252480,
        "original_claim_batch_codec_upper": 457768960,
        "public_padding_host_upper": 55574528,
        "retained_initial_private_host_pads": 4718592,
        "retained_predecessor": 196608,
        "two_public_table_host_payloads": 47908144
      },
      "phase": "native_E_D34_A2_S9_predecessor_E_query_publication",
      "remaining_shared_payload_capacity_bytes": 4400463532
    },
    {
      "is_complete_phase_peak": false,
      "lifetime": "CPU query_tree_with/DFT construction is a preceding lifetime; matrix/private low/work not allocated yet. Reverse/inverse-series/multiply/DFT caches and Vec growth remain explicitly unquantified additional classes.",
      "named_allocation_subtotal_bytes": 1504803892,
      "named_subtotal_exceeds_payload": false,
      "parts": {
        "E_forward_inverse_twiddles": 67072,
        "E_public_factor_spectra": 360448,
        "current_inverse_modulus_spectra": 32768,
        "current_polynomial_level_upper": 16384,
        "device_persistent_or_single_replay_envelope": 785789696,
        "extension_previous_and_current_host_pads": 98304,
        "extension_previous_and_current_root_offset_caches": 36800,
        "full_calibration_table_serialization_difference_upper": 921596,
        "initial_W_and_A_root_offset_caches": 150994848,
        "native_common_owner_host": 42088,
        "one_upload_conversion": 16384,
        "original_W_tile_descriptors_host_upper": 252480,
        "original_claim_batch_codec_upper": 457768960,
        "public_padding_host_upper": 55574528,
        "public_points": 8192,
        "retained_initial_private_host_pads": 4718592,
        "retained_predecessor": 196608,
        "two_public_table_host_payloads": 47908144
      },
      "phase": "native_E_D34_A2_S9_predecessor_E_public_factor_construction",
      "remaining_shared_payload_capacity_bytes": 4400776140
    },
    {
      "is_complete_phase_peak": false,
      "lifetime": "Old+new planes coexist through successful fold/fence/typed retirement; previous cache already released.",
      "named_allocation_subtotal_bytes": 1504284500,
      "named_subtotal_exceeds_payload": false,
      "parts": {
        "current_extension_cache": 18400,
        "current_extension_host_pads": 49152,
        "device_persistent_or_single_replay_envelope": 785789696,
        "fold_flag": 256,
        "full_calibration_table_serialization_difference_upper": 921596,
        "initial_W_and_A_root_offset_caches": 150994848,
        "native_common_owner_host": 42088,
        "original_W_tile_descriptors_host_upper": 252480,
        "original_claim_batch_codec_upper": 457768960,
        "predecessor_three_planes": 196608,
        "public_padding_host_upper": 55574528,
        "retained_initial_private_host_pads": 4718592,
        "successor_three_planes": 49152,
        "two_public_table_host_payloads": 47908144
      },
      "phase": "native_E_D34_A2_S9_promotion",
      "remaining_shared_payload_capacity_bytes": 4401295532
    },
    {
      "is_complete_phase_peak": false,
      "lifetime": "Prescan scratch/device offsets retire before ring/frontier allocation. Current cursor/meta stay for hashing. The current cache is conservatively charged before its top digests are constructed.",
      "named_allocation_subtotal_bytes": 1504183092,
      "named_subtotal_exceeds_payload": false,
      "parts": {
        "device_persistent_or_single_replay_envelope": 785789696,
        "extension_previous_and_current_host_pads": 98304,
        "extension_previous_and_current_root_offset_caches": 36800,
        "full_calibration_table_serialization_difference_upper": 921596,
        "initial_W_and_A_root_offset_caches": 150994848,
        "native_common_owner_host": 42088,
        "original_W_tile_descriptors_host_upper": 252480,
        "original_claim_batch_codec_upper": 457768960,
        "public_padding_host_upper": 55574528,
        "retained_initial_private_host_pads": 4718592,
        "retained_predecessor": 49152,
        "salt_current_device": 2048,
        "salt_current_host": 2048,
        "salt_meta": 256,
        "salt_prescan_scratch": 21504,
        "salt_subtree_offsets_device": 2048,
        "two_public_table_host_payloads": 47908144
      },
      "phase": "native_E_D34_A2_S10_salt_prescan",
      "remaining_shared_payload_capacity_bytes": 4401396940
    },
    {
      "is_complete_phase_peak": false,
      "lifetime": "All stages use R=min(CPU R,H/2), paired cosets. One scratch/twiddle for24 serial base columns. A S1 remains original; later stages read retained planes. No extra A reconstruction.",
      "named_allocation_subtotal_bytes": 1504406868,
      "named_subtotal_exceeds_payload": false,
      "parts": {
        "E_EQ_packet_host_upper": 288,
        "E_EQ_shape_chunks_tables_pads": 49920,
        "E_forward_twiddles": 2048,
        "E_frontier_group2": 32768,
        "E_high_powers": 256,
        "E_low_powers": 4096,
        "E_original_to_C_pad_marshalling_host_upper": 98304,
        "E_reused_salt_band": 8192,
        "E_ring24R": 49152,
        "E_salt_current_device": 2048,
        "E_salt_current_host": 2048,
        "E_salt_meta": 256,
        "E_sticky_flag": 256,
        "E_transpose_scratch": 2048,
        "device_persistent_or_single_replay_envelope": 785789696,
        "extension_previous_and_current_host_pads": 98304,
        "extension_previous_and_current_root_offset_caches": 36800,
        "full_calibration_table_serialization_difference_upper": 921596,
        "initial_W_and_A_root_offset_caches": 150994848,
        "native_common_owner_host": 42088,
        "original_W_tile_descriptors_host_upper": 252480,
        "original_claim_batch_codec_upper": 457768960,
        "public_padding_host_upper": 55574528,
        "retained_initial_private_host_pads": 4718592,
        "retained_predecessor": 49152,
        "two_public_table_host_payloads": 47908144
      },
      "phase": "native_E_D34_A2_S10_FFT",
      "remaining_shared_payload_capacity_bytes": 4401173164
    },
    {
      "is_complete_phase_peak": false,
      "lifetime": "EQ/pad device packet and powers/FFT auxiliaries retire before hash. Two lanes publish R paired roots; the ring retires before further node outputs, preserving original salts and order.",
      "named_allocation_subtotal_bytes": 1504356404,
      "named_subtotal_exceeds_payload": false,
      "parts": {
        "E_frontier_group2": 32768,
        "E_hash_flag": 256,
        "E_original_to_C_pad_marshalling_host_upper": 98304,
        "E_paired_hash_states_R": 8192,
        "E_ring24R": 49152,
        "E_salt_band": 8192,
        "E_salt_current_device": 2048,
        "E_salt_current_host": 2048,
        "E_salt_meta": 256,
        "device_persistent_or_single_replay_envelope": 785789696,
        "extension_previous_and_current_host_pads": 98304,
        "extension_previous_and_current_root_offset_caches": 36800,
        "full_calibration_table_serialization_difference_upper": 921596,
        "initial_W_and_A_root_offset_caches": 150994848,
        "native_common_owner_host": 42088,
        "original_W_tile_descriptors_host_upper": 252480,
        "original_claim_batch_codec_upper": 457768960,
        "public_padding_host_upper": 55574528,
        "retained_initial_private_host_pads": 4718592,
        "retained_predecessor": 49152,
        "two_public_table_host_payloads": 47908144
      },
      "phase": "native_E_D34_A2_S10_hash",
      "remaining_shared_payload_capacity_bytes": 4401223628
    },
    {
      "is_complete_phase_peak": false,
      "lifetime": "Upper of final reductions after ring/salt retirement; top cache is already conservatively charged.",
      "named_allocation_subtotal_bytes": 1504300596,
      "named_subtotal_exceeds_payload": false,
      "parts": {
        "E_frontier_group2": 32768,
        "E_pad_marshalling_host_upper": 98304,
        "E_roots_and_next_node_output": 12288,
        "E_salt_current_host": 2048,
        "device_persistent_or_single_replay_envelope": 785789696,
        "extension_previous_and_current_host_pads": 98304,
        "extension_previous_and_current_root_offset_caches": 36800,
        "full_calibration_table_serialization_difference_upper": 921596,
        "initial_W_and_A_root_offset_caches": 150994848,
        "native_common_owner_host": 42088,
        "original_W_tile_descriptors_host_upper": 252480,
        "original_claim_batch_codec_upper": 457768960,
        "public_padding_host_upper": 55574528,
        "retained_initial_private_host_pads": 4718592,
        "retained_predecessor": 49152,
        "two_public_table_host_payloads": 47908144
      },
      "phase": "native_E_D34_A2_S10_nodes",
      "remaining_shared_payload_capacity_bytes": 4401279436
    },
    {
      "is_complete_phase_peak": false,
      "lifetime": "One source loader for all3 limbs;4 remainder buffers, no original getter/D2H. 96q matrix+24q Rust column+24q C staging overlap until canonical check/free/publication. Both adjacent caches and predecessor planes stay alive through opening/release.",
      "named_allocation_subtotal_bytes": 1504969044,
      "named_subtotal_exceeds_payload": false,
      "parts": {
        "E_C_staged_column_host": 24576,
        "E_Rust_EQ_packet_host_upper": 288,
        "E_Rust_column_host": 24576,
        "E_Rust_pad_marshalling_host_upper": 98304,
        "E_forward_inverse_twiddles": 67072,
        "E_four_remainders": 32768,
        "E_private_shape_EQ_and_pads": 49920,
        "E_private_sticky_flag": 256,
        "E_private_three_limb_low": 24576,
        "E_public_factor_spectra": 360448,
        "E_returned_matrix_host": 98304,
        "E_work_and_scratch": 32768,
        "device_persistent_or_single_replay_envelope": 785789696,
        "extension_previous_and_current_host_pads": 98304,
        "extension_previous_and_current_root_offset_caches": 36800,
        "full_calibration_table_serialization_difference_upper": 921596,
        "initial_W_and_A_root_offset_caches": 150994848,
        "native_common_owner_host": 42088,
        "original_W_tile_descriptors_host_upper": 252480,
        "original_claim_batch_codec_upper": 457768960,
        "public_padding_host_upper": 55574528,
        "retained_initial_private_host_pads": 4718592,
        "retained_predecessor": 49152,
        "two_public_table_host_payloads": 47908144
      },
      "phase": "native_E_D34_A2_S10_predecessor_E_query_publication",
      "remaining_shared_payload_capacity_bytes": 4400610988
    },
    {
      "is_complete_phase_peak": false,
      "lifetime": "CPU query_tree_with/DFT construction is a preceding lifetime; matrix/private low/work not allocated yet. Reverse/inverse-series/multiply/DFT caches and Vec growth remain explicitly unquantified additional classes.",
      "named_allocation_subtotal_bytes": 1504656436,
      "named_subtotal_exceeds_payload": false,
      "parts": {
        "E_forward_inverse_twiddles": 67072,
        "E_public_factor_spectra": 360448,
        "current_inverse_modulus_spectra": 32768,
        "current_polynomial_level_upper": 16384,
        "device_persistent_or_single_replay_envelope": 785789696,
        "extension_previous_and_current_host_pads": 98304,
        "extension_previous_and_current_root_offset_caches": 36800,
        "full_calibration_table_serialization_difference_upper": 921596,
        "initial_W_and_A_root_offset_caches": 150994848,
        "native_common_owner_host": 42088,
        "one_upload_conversion": 16384,
        "original_W_tile_descriptors_host_upper": 252480,
        "original_claim_batch_codec_upper": 457768960,
        "public_padding_host_upper": 55574528,
        "public_points": 8192,
        "retained_initial_private_host_pads": 4718592,
        "retained_predecessor": 49152,
        "two_public_table_host_payloads": 47908144
      },
      "phase": "native_E_D34_A2_S10_predecessor_E_public_factor_construction",
      "remaining_shared_payload_capacity_bytes": 4400923596
    },
    {
      "is_complete_phase_peak": false,
      "lifetime": "Old+new planes coexist through successful fold/fence/typed retirement; previous cache already released.",
      "named_allocation_subtotal_bytes": 1504100180,
      "named_subtotal_exceeds_payload": false,
      "parts": {
        "current_extension_cache": 18400,
        "current_extension_host_pads": 49152,
        "device_persistent_or_single_replay_envelope": 785789696,
        "fold_flag": 256,
        "full_calibration_table_serialization_difference_upper": 921596,
        "initial_W_and_A_root_offset_caches": 150994848,
        "native_common_owner_host": 42088,
        "original_W_tile_descriptors_host_upper": 252480,
        "original_claim_batch_codec_upper": 457768960,
        "predecessor_three_planes": 49152,
        "public_padding_host_upper": 55574528,
        "retained_initial_private_host_pads": 4718592,
        "successor_three_planes": 12288,
        "two_public_table_host_payloads": 47908144
      },
      "phase": "native_E_D34_A2_S10_promotion",
      "remaining_shared_payload_capacity_bytes": 4401479852
    },
    {
      "is_complete_phase_peak": false,
      "lifetime": "Prescan scratch/device offsets retire before ring/frontier allocation. Current cursor/meta stay for hashing. The current cache is conservatively charged before its top digests are constructed.",
      "named_allocation_subtotal_bytes": 1504146228,
      "named_subtotal_exceeds_payload": false,
      "parts": {
        "device_persistent_or_single_replay_envelope": 785789696,
        "extension_previous_and_current_host_pads": 98304,
        "extension_previous_and_current_root_offset_caches": 36800,
        "full_calibration_table_serialization_difference_upper": 921596,
        "initial_W_and_A_root_offset_caches": 150994848,
        "native_common_owner_host": 42088,
        "original_W_tile_descriptors_host_upper": 252480,
        "original_claim_batch_codec_upper": 457768960,
        "public_padding_host_upper": 55574528,
        "retained_initial_private_host_pads": 4718592,
        "retained_predecessor": 12288,
        "salt_current_device": 2048,
        "salt_current_host": 2048,
        "salt_meta": 256,
        "salt_prescan_scratch": 21504,
        "salt_subtree_offsets_device": 2048,
        "two_public_table_host_payloads": 47908144
      },
      "phase": "native_E_D34_A2_S11_salt_prescan",
      "remaining_shared_payload_capacity_bytes": 4401433804
    },
    {
      "is_complete_phase_peak": false,
      "lifetime": "All stages use R=min(CPU R,H/2), paired cosets. One scratch/twiddle for24 serial base columns. A S1 remains original; later stages read retained planes. No extra A reconstruction.",
      "named_allocation_subtotal_bytes": 1504370004,
      "named_subtotal_exceeds_payload": false,
      "parts": {
        "E_EQ_packet_host_upper": 288,
        "E_EQ_shape_chunks_tables_pads": 49920,
        "E_forward_twiddles": 2048,
        "E_frontier_group2": 32768,
        "E_high_powers": 256,
        "E_low_powers": 4096,
        "E_original_to_C_pad_marshalling_host_upper": 98304,
        "E_reused_salt_band": 8192,
        "E_ring24R": 49152,
        "E_salt_current_device": 2048,
        "E_salt_current_host": 2048,
        "E_salt_meta": 256,
        "E_sticky_flag": 256,
        "E_transpose_scratch": 2048,
        "device_persistent_or_single_replay_envelope": 785789696,
        "extension_previous_and_current_host_pads": 98304,
        "extension_previous_and_current_root_offset_caches": 36800,
        "full_calibration_table_serialization_difference_upper": 921596,
        "initial_W_and_A_root_offset_caches": 150994848,
        "native_common_owner_host": 42088,
        "original_W_tile_descriptors_host_upper": 252480,
        "original_claim_batch_codec_upper": 457768960,
        "public_padding_host_upper": 55574528,
        "retained_initial_private_host_pads": 4718592,
        "retained_predecessor": 12288,
        "two_public_table_host_payloads": 47908144
      },
      "phase": "native_E_D34_A2_S11_FFT",
      "remaining_shared_payload_capacity_bytes": 4401210028
    },
    {
      "is_complete_phase_peak": false,
      "lifetime": "EQ/pad device packet and powers/FFT auxiliaries retire before hash. Two lanes publish R paired roots; the ring retires before further node outputs, preserving original salts and order.",
      "named_allocation_subtotal_bytes": 1504319540,
      "named_subtotal_exceeds_payload": false,
      "parts": {
        "E_frontier_group2": 32768,
        "E_hash_flag": 256,
        "E_original_to_C_pad_marshalling_host_upper": 98304,
        "E_paired_hash_states_R": 8192,
        "E_ring24R": 49152,
        "E_salt_band": 8192,
        "E_salt_current_device": 2048,
        "E_salt_current_host": 2048,
        "E_salt_meta": 256,
        "device_persistent_or_single_replay_envelope": 785789696,
        "extension_previous_and_current_host_pads": 98304,
        "extension_previous_and_current_root_offset_caches": 36800,
        "full_calibration_table_serialization_difference_upper": 921596,
        "initial_W_and_A_root_offset_caches": 150994848,
        "native_common_owner_host": 42088,
        "original_W_tile_descriptors_host_upper": 252480,
        "original_claim_batch_codec_upper": 457768960,
        "public_padding_host_upper": 55574528,
        "retained_initial_private_host_pads": 4718592,
        "retained_predecessor": 12288,
        "two_public_table_host_payloads": 47908144
      },
      "phase": "native_E_D34_A2_S11_hash",
      "remaining_shared_payload_capacity_bytes": 4401260492
    },
    {
      "is_complete_phase_peak": false,
      "lifetime": "Upper of final reductions after ring/salt retirement; top cache is already conservatively charged.",
      "named_allocation_subtotal_bytes": 1504263732,
      "named_subtotal_exceeds_payload": false,
      "parts": {
        "E_frontier_group2": 32768,
        "E_pad_marshalling_host_upper": 98304,
        "E_roots_and_next_node_output": 12288,
        "E_salt_current_host": 2048,
        "device_persistent_or_single_replay_envelope": 785789696,
        "extension_previous_and_current_host_pads": 98304,
        "extension_previous_and_current_root_offset_caches": 36800,
        "full_calibration_table_serialization_difference_upper": 921596,
        "initial_W_and_A_root_offset_caches": 150994848,
        "native_common_owner_host": 42088,
        "original_W_tile_descriptors_host_upper": 252480,
        "original_claim_batch_codec_upper": 457768960,
        "public_padding_host_upper": 55574528,
        "retained_initial_private_host_pads": 4718592,
        "retained_predecessor": 12288,
        "two_public_table_host_payloads": 47908144
      },
      "phase": "native_E_D34_A2_S11_nodes",
      "remaining_shared_payload_capacity_bytes": 4401316300
    },
    {
      "is_complete_phase_peak": false,
      "lifetime": "One source loader for all3 limbs;4 remainder buffers, no original getter/D2H. 96q matrix+24q Rust column+24q C staging overlap until canonical check/free/publication. Both adjacent caches and predecessor planes stay alive through opening/release.",
      "named_allocation_subtotal_bytes": 1504932180,
      "named_subtotal_exceeds_payload": false,
      "parts": {
        "E_C_staged_column_host": 24576,
        "E_Rust_EQ_packet_host_upper": 288,
        "E_Rust_column_host": 24576,
        "E_Rust_pad_marshalling_host_upper": 98304,
        "E_forward_inverse_twiddles": 67072,
        "E_four_remainders": 32768,
        "E_private_shape_EQ_and_pads": 49920,
        "E_private_sticky_flag": 256,
        "E_private_three_limb_low": 24576,
        "E_public_factor_spectra": 360448,
        "E_returned_matrix_host": 98304,
        "E_work_and_scratch": 32768,
        "device_persistent_or_single_replay_envelope": 785789696,
        "extension_previous_and_current_host_pads": 98304,
        "extension_previous_and_current_root_offset_caches": 36800,
        "full_calibration_table_serialization_difference_upper": 921596,
        "initial_W_and_A_root_offset_caches": 150994848,
        "native_common_owner_host": 42088,
        "original_W_tile_descriptors_host_upper": 252480,
        "original_claim_batch_codec_upper": 457768960,
        "public_padding_host_upper": 55574528,
        "retained_initial_private_host_pads": 4718592,
        "retained_predecessor": 12288,
        "two_public_table_host_payloads": 47908144
      },
      "phase": "native_E_D34_A2_S11_predecessor_E_query_publication",
      "remaining_shared_payload_capacity_bytes": 4400647852
    },
    {
      "is_complete_phase_peak": false,
      "lifetime": "CPU query_tree_with/DFT construction is a preceding lifetime; matrix/private low/work not allocated yet. Reverse/inverse-series/multiply/DFT caches and Vec growth remain explicitly unquantified additional classes.",
      "named_allocation_subtotal_bytes": 1504619572,
      "named_subtotal_exceeds_payload": false,
      "parts": {
        "E_forward_inverse_twiddles": 67072,
        "E_public_factor_spectra": 360448,
        "current_inverse_modulus_spectra": 32768,
        "current_polynomial_level_upper": 16384,
        "device_persistent_or_single_replay_envelope": 785789696,
        "extension_previous_and_current_host_pads": 98304,
        "extension_previous_and_current_root_offset_caches": 36800,
        "full_calibration_table_serialization_difference_upper": 921596,
        "initial_W_and_A_root_offset_caches": 150994848,
        "native_common_owner_host": 42088,
        "one_upload_conversion": 16384,
        "original_W_tile_descriptors_host_upper": 252480,
        "original_claim_batch_codec_upper": 457768960,
        "public_padding_host_upper": 55574528,
        "public_points": 8192,
        "retained_initial_private_host_pads": 4718592,
        "retained_predecessor": 12288,
        "two_public_table_host_payloads": 47908144
      },
      "phase": "native_E_D34_A2_S11_predecessor_E_public_factor_construction",
      "remaining_shared_payload_capacity_bytes": 4400960460
    },
    {
      "is_complete_phase_peak": false,
      "lifetime": "Old+new planes coexist through successful fold/fence/typed retirement; previous cache already released.",
      "named_allocation_subtotal_bytes": 1504054100,
      "named_subtotal_exceeds_payload": false,
      "parts": {
        "current_extension_cache": 18400,
        "current_extension_host_pads": 49152,
        "device_persistent_or_single_replay_envelope": 785789696,
        "fold_flag": 256,
        "full_calibration_table_serialization_difference_upper": 921596,
        "initial_W_and_A_root_offset_caches": 150994848,
        "native_common_owner_host": 42088,
        "original_W_tile_descriptors_host_upper": 252480,
        "original_claim_batch_codec_upper": 457768960,
        "predecessor_three_planes": 12288,
        "public_padding_host_upper": 55574528,
        "retained_initial_private_host_pads": 4718592,
        "successor_three_planes": 3072,
        "two_public_table_host_payloads": 47908144
      },
      "phase": "native_E_D34_A2_S11_promotion",
      "remaining_shared_payload_capacity_bytes": 4401525932
    },
    {
      "is_complete_phase_peak": false,
      "lifetime": "Last selected extension also uses native E query; fresh base-case mask/main caches, CPU proof vectors and already opened paths remain separate additional classes, never silently treated as absent.",
      "named_allocation_subtotal_bytes": 1504855412,
      "named_subtotal_exceeds_payload": false,
      "parts": {
        "E_C_staged_column_host": 24576,
        "E_Rust_EQ_packet_host_upper": 288,
        "E_Rust_column_host": 24576,
        "E_Rust_pad_marshalling_host_upper": 98304,
        "E_forward_inverse_twiddles": 67072,
        "E_four_remainders": 32768,
        "E_private_shape_EQ_and_pads": 49920,
        "E_private_sticky_flag": 256,
        "E_private_three_limb_low": 24576,
        "E_public_factor_spectra": 360448,
        "E_returned_matrix_host": 98304,
        "E_work_and_scratch": 32768,
        "current_extension_cache": 18400,
        "current_extension_host_pads": 49152,
        "device_persistent_or_single_replay_envelope": 785789696,
        "full_calibration_table_serialization_difference_upper": 921596,
        "initial_W_and_A_root_offset_caches": 150994848,
        "native_common_owner_host": 42088,
        "original_W_tile_descriptors_host_upper": 252480,
        "original_claim_batch_codec_upper": 457768960,
        "public_padding_host_upper": 55574528,
        "retained_initial_private_host_pads": 4718592,
        "retained_three_planes": 3072,
        "two_public_table_host_payloads": 47908144
      },
      "phase": "native_E_D34_A2_final_source_open",
      "remaining_shared_payload_capacity_bytes": 4400724620
    },
    {
      "is_complete_phase_peak": false,
      "lifetime": "Final query construction has the same preceding lifetime and explicit additional CPU temporaries.",
      "named_allocation_subtotal_bytes": 1504542804,
      "named_subtotal_exceeds_payload": false,
      "parts": {
        "E_forward_inverse_twiddles": 67072,
        "E_public_factor_spectra": 360448,
        "current_extension_cache": 18400,
        "current_extension_host_pads": 49152,
        "current_inverse_modulus_spectra": 32768,
        "current_polynomial_level_upper": 16384,
        "device_persistent_or_single_replay_envelope": 785789696,
        "full_calibration_table_serialization_difference_upper": 921596,
        "initial_W_and_A_root_offset_caches": 150994848,
        "native_common_owner_host": 42088,
        "one_upload_conversion": 16384,
        "original_W_tile_descriptors_host_upper": 252480,
        "original_claim_batch_codec_upper": 457768960,
        "public_padding_host_upper": 55574528,
        "public_points": 8192,
        "retained_initial_private_host_pads": 4718592,
        "retained_three_planes": 3072,
        "two_public_table_host_payloads": 47908144
      },
      "phase": "native_E_D34_A2_final_public_factor_construction",
      "remaining_shared_payload_capacity_bytes": 4401037228
    },
    {
      "is_complete_phase_peak": false,
      "lifetime": "W plus A1..current cache/pads; one replay envelope including persistent; no original proof batches yet.",
      "named_allocation_subtotal_bytes": 5744879732,
      "named_subtotal_exceeds_payload": false,
      "parts": {
        "A_accumulation_additional": 33560864,
        "A_frontier": 301989888,
        "A_pads": 1572864,
        "A_salt_band": 2097152,
        "A_salt_metadata": 256,
        "A_salt_row_cursors": 8388608,
        "A_twiddles": 8388608,
        "A_values": 4294967296,
        "device_persistent_or_single_replay_envelope": 785789696,
        "full_calibration_table_serialization_difference_upper": 921596,
        "host_byte_histogram": 2048,
        "host_row_cursors": 8388608,
        "initial_W_and_A_root_offset_caches": 188743552,
        "native_common_owner_host": 42088,
        "original_W_tile_descriptors_host_upper": 252480,
        "public_padding_host_upper": 55574528,
        "retained_initial_private_host_pads": 6291456,
        "two_public_table_host_payloads": 47908144
      },
      "phase": "native_initial_A3_accumulate",
      "remaining_shared_payload_capacity_bytes": 160700300
    },
    {
      "is_complete_phase_peak": false,
      "lifetime": "Low/high powers retired before full hash output; values retire before first node output.",
      "named_allocation_subtotal_bytes": 5845536852,
      "named_subtotal_exceeds_payload": false,
      "parts": {
        "A_frontier": 301989888,
        "A_hash_additional": 134217984,
        "A_pads": 1572864,
        "A_salt_band": 2097152,
        "A_salt_metadata": 256,
        "A_salt_row_cursors": 8388608,
        "A_twiddles": 8388608,
        "A_values": 4294967296,
        "device_persistent_or_single_replay_envelope": 785789696,
        "full_calibration_table_serialization_difference_upper": 921596,
        "host_byte_histogram": 2048,
        "host_row_cursors": 8388608,
        "initial_W_and_A_root_offset_caches": 188743552,
        "native_common_owner_host": 42088,
        "original_W_tile_descriptors_host_upper": 252480,
        "public_padding_host_upper": 55574528,
        "retained_initial_private_host_pads": 6291456,
        "two_public_table_host_payloads": 47908144
      },
      "phase": "native_initial_A3_hash",
      "remaining_shared_payload_capacity_bytes": 60043180
    },
    {
      "is_complete_phase_peak": false,
      "lifetime": "Public construction/CPU DFT owner retired; device factors/work/window retire before current Tree regeneration. Previously opened batches and W proof/claims stay live. Initial S1 retention is still zero.",
      "named_allocation_subtotal_bytes": 3751071060,
      "named_subtotal_exceeds_payload": false,
      "parts": {
        "device_persistent_or_single_replay_envelope": 785789696,
        "full_calibration_table_serialization_difference_upper": 921596,
        "gather_flag": 256,
        "initial_W_and_A_root_offset_caches": 188743552,
        "native_common_owner_host": 42088,
        "original_W_tile_descriptors_host_upper": 252480,
        "original_claim_batch_codec_upper": 457768960,
        "public_padding_host_upper": 55574528,
        "query_device_aligned_forward_inverse_twiddles_all_levels": 67110400,
        "query_device_low_pad_remainders_work_scratch": 67108864,
        "query_device_optional_pad_shift": 16777216,
        "query_device_original_byte_window": 268435456,
        "query_device_original_field_pads": 1572864,
        "query_device_public_factor_spectra": 704643072,
        "retained_initial_private_host_pads": 6291456,
        "returned_column_host": 8388608,
        "returned_matrix_host": 1073741824,
        "two_public_table_host_payloads": 47908144
      },
      "phase": "native_initial_A3_query_evaluate",
      "remaining_shared_payload_capacity_bytes": 2154508972
    },
    {
      "is_complete_phase_peak": false,
      "lifetime": "Borrowed public descriptors/PREFIX EQ coexist with host packet; device packet not uploaded yet.",
      "named_allocation_subtotal_bytes": 2155757332,
      "named_subtotal_exceeds_payload": false,
      "parts": {
        "device_persistent_or_single_replay_envelope": 785789696,
        "full_calibration_table_serialization_difference_upper": 921596,
        "initial_W_and_A_root_offset_caches": 188743552,
        "linear_host_packet_and_marshalling_bound": 612464832,
        "native_common_owner_host": 42088,
        "original_W_tile_descriptors_host_upper": 252480,
        "original_claim_batch_codec_upper": 457768960,
        "public_padding_host_upper": 55574528,
        "retained_initial_private_host_pads": 6291456,
        "two_public_table_host_payloads": 47908144
      },
      "phase": "native_linear_A3_host_prepare",
      "remaining_shared_payload_capacity_bytes": 3749822700
    },
    {
      "is_complete_phase_peak": false,
      "lifetime": "Public marshalling temporaries returned/dropped; canonical host packet stays alive until begin fence.",
      "named_allocation_subtotal_bytes": 2466103404,
      "named_subtotal_exceeds_payload": false,
      "parts": {
        "device_persistent_or_single_replay_envelope": 785789696,
        "full_calibration_table_serialization_difference_upper": 921596,
        "initial_W_and_A_root_offset_caches": 188743552,
        "linear_device_packet_output_flag": 461405952,
        "linear_host_packet_payload": 461404952,
        "native_common_owner_host": 42088,
        "original_W_tile_descriptors_host_upper": 252480,
        "original_claim_batch_codec_upper": 457768960,
        "public_padding_host_upper": 55574528,
        "retained_initial_private_host_pads": 6291456,
        "two_public_table_host_payloads": 47908144
      },
      "phase": "native_linear_A3_upload",
      "remaining_shared_payload_capacity_bytes": 3439476628
    },
    {
      "is_complete_phase_peak": false,
      "lifetime": "Host packet retired before A producer scan; exactly one original scan per each of34 rounds. W35 uses the same phase geometry plus its once-per-proof sealed mapping.",
      "named_allocation_subtotal_bytes": 2004698452,
      "named_subtotal_exceeds_payload": false,
      "parts": {
        "device_persistent_or_single_replay_envelope": 785789696,
        "full_calibration_table_serialization_difference_upper": 921596,
        "initial_W_and_A_root_offset_caches": 188743552,
        "linear_device_packet_output_flag": 461405952,
        "native_common_owner_host": 42088,
        "original_W_tile_descriptors_host_upper": 252480,
        "original_claim_batch_codec_upper": 457768960,
        "public_padding_host_upper": 55574528,
        "retained_initial_private_host_pads": 6291456,
        "two_public_table_host_payloads": 47908144
      },
      "phase": "native_linear_A3_scan",
      "remaining_shared_payload_capacity_bytes": 3900881580
    },
    {
      "is_complete_phase_peak": false,
      "lifetime": "First closure: both original batches live. Mapping loads once per proof; public host preparation precedes upload.",
      "named_allocation_subtotal_bytes": 2626235668,
      "named_subtotal_exceeds_payload": false,
      "parts": {
        "device_persistent_or_single_replay_envelope": 785789696,
        "full_calibration_table_serialization_difference_upper": 921596,
        "initial_W_and_A_root_offset_caches": 188743552,
        "linear_host_packet_and_marshalling_bound": 612464832,
        "native_common_owner_host": 42088,
        "original_W_tile_descriptors_host_upper": 252480,
        "original_claim_batch_codec_upper": 928120832,
        "public_padding_host_upper": 55574528,
        "retained_initial_private_host_pads": 6291456,
        "sealed_W_mapping_device": 126464,
        "two_public_table_host_payloads": 47908144
      },
      "phase": "native_linear_W_with_A3_host_prepare",
      "remaining_shared_payload_capacity_bytes": 3279344364
    },
    {
      "is_complete_phase_peak": false,
      "lifetime": "Both batches; packet and device copy coexist until upload fence.",
      "named_allocation_subtotal_bytes": 2936581740,
      "named_subtotal_exceeds_payload": false,
      "parts": {
        "device_persistent_or_single_replay_envelope": 785789696,
        "full_calibration_table_serialization_difference_upper": 921596,
        "initial_W_and_A_root_offset_caches": 188743552,
        "linear_device_packet_output_flag": 461405952,
        "linear_host_packet_payload": 461404952,
        "native_common_owner_host": 42088,
        "original_W_tile_descriptors_host_upper": 252480,
        "original_claim_batch_codec_upper": 928120832,
        "public_padding_host_upper": 55574528,
        "retained_initial_private_host_pads": 6291456,
        "sealed_W_mapping_device": 126464,
        "two_public_table_host_payloads": 47908144
      },
      "phase": "native_linear_W_with_A3_upload",
      "remaining_shared_payload_capacity_bytes": 2968998292
    },
    {
      "is_complete_phase_peak": false,
      "lifetime": "Host packet retired before exactly35 W scans; both original batches remain live through closeW.",
      "named_allocation_subtotal_bytes": 2475176788,
      "named_subtotal_exceeds_payload": false,
      "parts": {
        "device_persistent_or_single_replay_envelope": 785789696,
        "full_calibration_table_serialization_difference_upper": 921596,
        "initial_W_and_A_root_offset_caches": 188743552,
        "linear_device_packet_output_flag": 461405952,
        "native_common_owner_host": 42088,
        "original_W_tile_descriptors_host_upper": 252480,
        "original_claim_batch_codec_upper": 928120832,
        "public_padding_host_upper": 55574528,
        "retained_initial_private_host_pads": 6291456,
        "sealed_W_mapping_device": 126464,
        "two_public_table_host_payloads": 47908144
      },
      "phase": "native_linear_W_with_A3_scan",
      "remaining_shared_payload_capacity_bytes": 3430403244
    },
    {
      "is_complete_phase_peak": false,
      "lifetime": "Prescan scratch/device offsets retire before ring/frontier allocation. Current cursor/meta stay for hashing. The current cache is conservatively charged before its top digests are constructed.",
      "named_allocation_subtotal_bytes": 2179529012,
      "named_subtotal_exceeds_payload": false,
      "parts": {
        "device_persistent_or_single_replay_envelope": 785789696,
        "extension_previous_and_current_host_pads": 49152,
        "extension_previous_and_current_root_offset_caches": 18874336,
        "full_calibration_table_serialization_difference_upper": 921596,
        "initial_W_and_A_root_offset_caches": 188743552,
        "native_common_owner_host": 42088,
        "original_W_tile_descriptors_host_upper": 252480,
        "original_claim_batch_codec_upper": 928120832,
        "public_padding_host_upper": 55574528,
        "retained_initial_private_host_pads": 6291456,
        "retained_predecessor": 0,
        "salt_current_device": 67108864,
        "salt_current_host": 67108864,
        "salt_meta": 256,
        "salt_prescan_scratch": 10519552,
        "salt_subtree_offsets_device": 2097152,
        "sealed_W_mapping_device": 126464,
        "two_public_table_host_payloads": 47908144
      },
      "phase": "native_E_D35_A3_S1_salt_prescan",
      "remaining_shared_payload_capacity_bytes": 3726051020
    },
    {
      "is_complete_phase_peak": false,
      "lifetime": "All stages use R=min(CPU R,H/2), paired cosets. One scratch/twiddle for24 serial base columns. A S1 remains original; later stages read retained planes. No extra A reconstruction.",
      "named_allocation_subtotal_bytes": 5658828180,
      "named_subtotal_exceeds_payload": false,
      "parts": {
        "E_EQ_packet_host_upper": 6240,
        "E_EQ_shape_chunks_tables_pads": 52736,
        "E_forward_twiddles": 67108864,
        "E_frontier_group2": 1610612736,
        "E_high_powers": 256,
        "E_low_powers": 134217728,
        "E_original_to_C_pad_marshalling_host_upper": 98304,
        "E_reused_salt_band": 2097152,
        "E_ring24R": 1610612736,
        "E_salt_current_device": 67108864,
        "E_salt_current_host": 67108864,
        "E_salt_meta": 256,
        "E_sticky_flag": 256,
        "E_transpose_scratch": 67108864,
        "device_persistent_or_single_replay_envelope": 785789696,
        "extension_previous_and_current_host_pads": 49152,
        "extension_previous_and_current_root_offset_caches": 18874336,
        "full_calibration_table_serialization_difference_upper": 921596,
        "initial_W_and_A_root_offset_caches": 188743552,
        "native_common_owner_host": 42088,
        "original_W_tile_descriptors_host_upper": 252480,
        "original_claim_batch_codec_upper": 928120832,
        "public_padding_host_upper": 55574528,
        "retained_initial_private_host_pads": 6291456,
        "retained_predecessor": 0,
        "sealed_W_mapping_device": 126464,
        "two_public_table_host_payloads": 47908144
      },
      "phase": "native_E_D35_A3_S1_FFT",
      "remaining_shared_payload_capacity_bytes": 246751852
    },
    {
      "is_complete_phase_peak": false,
      "lifetime": "EQ/pad device packet and powers/FFT auxiliaries retire before hash. Two lanes publish R paired roots; the ring retires before further node outputs, preserving original salts and order.",
      "named_allocation_subtotal_bytes": 5658768948,
      "named_subtotal_exceeds_payload": false,
      "parts": {
        "E_frontier_group2": 1610612736,
        "E_hash_flag": 256,
        "E_original_to_C_pad_marshalling_host_upper": 98304,
        "E_paired_hash_states_R": 268435456,
        "E_ring24R": 1610612736,
        "E_salt_band": 2097152,
        "E_salt_current_device": 67108864,
        "E_salt_current_host": 67108864,
        "E_salt_meta": 256,
        "device_persistent_or_single_replay_envelope": 785789696,
        "extension_previous_and_current_host_pads": 49152,
        "extension_previous_and_current_root_offset_caches": 18874336,
        "full_calibration_table_serialization_difference_upper": 921596,
        "initial_W_and_A_root_offset_caches": 188743552,
        "native_common_owner_host": 42088,
        "original_W_tile_descriptors_host_upper": 252480,
        "original_claim_batch_codec_upper": 928120832,
        "public_padding_host_upper": 55574528,
        "retained_initial_private_host_pads": 6291456,
        "retained_predecessor": 0,
        "sealed_W_mapping_device": 126464,
        "two_public_table_host_payloads": 47908144
      },
      "phase": "native_E_D35_A3_S1_hash",
      "remaining_shared_payload_capacity_bytes": 246811084
    },
    {
      "is_complete_phase_peak": false,
      "lifetime": "Upper of final reductions after ring/salt retirement; top cache is already conservatively charged.",
      "named_allocation_subtotal_bytes": 4113167412,
      "named_subtotal_exceeds_payload": false,
      "parts": {
        "E_frontier_group2": 1610612736,
        "E_pad_marshalling_host_upper": 98304,
        "E_roots_and_next_node_output": 402653184,
        "E_salt_current_host": 67108864,
        "device_persistent_or_single_replay_envelope": 785789696,
        "extension_previous_and_current_host_pads": 49152,
        "extension_previous_and_current_root_offset_caches": 18874336,
        "full_calibration_table_serialization_difference_upper": 921596,
        "initial_W_and_A_root_offset_caches": 188743552,
        "native_common_owner_host": 42088,
        "original_W_tile_descriptors_host_upper": 252480,
        "original_claim_batch_codec_upper": 928120832,
        "public_padding_host_upper": 55574528,
        "retained_initial_private_host_pads": 6291456,
        "retained_predecessor": 0,
        "sealed_W_mapping_device": 126464,
        "two_public_table_host_payloads": 47908144
      },
      "phase": "native_E_D35_A3_S1_nodes",
      "remaining_shared_payload_capacity_bytes": 1792412620
    },
    {
      "is_complete_phase_peak": false,
      "lifetime": "Original W query stays CPU. This is an explicit unaccelerated path, with no new W retention.",
      "named_allocation_subtotal_bytes": 4079514676,
      "named_subtotal_exceeds_payload": false,
      "parts": {
        "device_persistent_or_single_replay_envelope": 785789696,
        "extension_previous_and_current_host_pads": 49152,
        "extension_previous_and_current_root_offset_caches": 18874336,
        "full_calibration_table_serialization_difference_upper": 921596,
        "initial_W_and_A_root_offset_caches": 188743552,
        "native_common_owner_host": 42088,
        "original_W_tile_descriptors_host_upper": 252480,
        "original_claim_batch_codec_upper": 928120832,
        "public_padding_host_upper": 55574528,
        "query_factors": 704643072,
        "query_matrix": 1073741824,
        "query_transients_and_twiddles_upper": 268435456,
        "retained_initial_private_host_pads": 6291456,
        "retained_predecessor": 0,
        "sealed_W_mapping_device": 126464,
        "two_public_table_host_payloads": 47908144
      },
      "phase": "native_E_D35_A3_S1_initial_W_CPU_query_gap",
      "remaining_shared_payload_capacity_bytes": 1826065356
    },
    {
      "is_complete_phase_peak": false,
      "lifetime": "Prescan scratch/device offsets retire before ring/frontier allocation. Current cursor/meta stay for hashing. The current cache is conservatively charged before its top digests are constructed.",
      "named_allocation_subtotal_bytes": 2082060564,
      "named_subtotal_exceeds_payload": false,
      "parts": {
        "device_persistent_or_single_replay_envelope": 785789696,
        "extension_previous_and_current_host_pads": 98304,
        "extension_previous_and_current_root_offset_caches": 23592896,
        "full_calibration_table_serialization_difference_upper": 921596,
        "initial_W_and_A_root_offset_caches": 188743552,
        "native_common_owner_host": 42088,
        "original_W_tile_descriptors_host_upper": 252480,
        "original_claim_batch_codec_upper": 928120832,
        "public_padding_host_upper": 55574528,
        "retained_initial_private_host_pads": 6291456,
        "retained_predecessor": 0,
        "salt_current_device": 16777216,
        "salt_current_host": 16777216,
        "salt_meta": 256,
        "salt_prescan_scratch": 10519552,
        "salt_subtree_offsets_device": 524288,
        "sealed_W_mapping_device": 126464,
        "two_public_table_host_payloads": 47908144
      },
      "phase": "native_E_D35_A3_S2_salt_prescan",
      "remaining_shared_payload_capacity_bytes": 3823519468
    },
    {
      "is_complete_phase_peak": false,
      "lifetime": "All stages use R=min(CPU R,H/2), paired cosets. One scratch/twiddle for24 serial base columns. A S1 remains original; later stages read retained planes. No extra A reconstruction.",
      "named_allocation_subtotal_bytes": 2945696484,
      "named_subtotal_exceeds_payload": false,
      "parts": {
        "E_EQ_packet_host_upper": 12496,
        "E_EQ_shape_chunks_tables_pads": 56064,
        "E_forward_twiddles": 16777216,
        "E_frontier_group2": 402653184,
        "E_high_powers": 256,
        "E_low_powers": 33554432,
        "E_original_to_C_pad_marshalling_host_upper": 98304,
        "E_reused_salt_band": 2097152,
        "E_ring24R": 402653184,
        "E_salt_current_device": 16777216,
        "E_salt_current_host": 16777216,
        "E_salt_meta": 256,
        "E_sticky_flag": 256,
        "E_transpose_scratch": 16777216,
        "device_persistent_or_single_replay_envelope": 785789696,
        "extension_previous_and_current_host_pads": 98304,
        "extension_previous_and_current_root_offset_caches": 23592896,
        "full_calibration_table_serialization_difference_upper": 921596,
        "initial_W_and_A_root_offset_caches": 188743552,
        "native_common_owner_host": 42088,
        "original_W_tile_descriptors_host_upper": 252480,
        "original_claim_batch_codec_upper": 928120832,
        "public_padding_host_upper": 55574528,
        "retained_initial_private_host_pads": 6291456,
        "retained_predecessor": 0,
        "sealed_W_mapping_device": 126464,
        "two_public_table_host_payloads": 47908144
      },
      "phase": "native_E_D35_A3_S2_FFT",
      "remaining_shared_payload_capacity_bytes": 2959883548
    },
    {
      "is_complete_phase_peak": false,
      "lifetime": "EQ/pad device packet and powers/FFT auxiliaries retire before hash. Two lanes publish R paired roots; the ring retires before further node outputs, preserving original salts and order.",
      "named_allocation_subtotal_bytes": 2945627668,
      "named_subtotal_exceeds_payload": false,
      "parts": {
        "E_frontier_group2": 402653184,
        "E_hash_flag": 256,
        "E_original_to_C_pad_marshalling_host_upper": 98304,
        "E_paired_hash_states_R": 67108864,
        "E_ring24R": 402653184,
        "E_salt_band": 2097152,
        "E_salt_current_device": 16777216,
        "E_salt_current_host": 16777216,
        "E_salt_meta": 256,
        "device_persistent_or_single_replay_envelope": 785789696,
        "extension_previous_and_current_host_pads": 98304,
        "extension_previous_and_current_root_offset_caches": 23592896,
        "full_calibration_table_serialization_difference_upper": 921596,
        "initial_W_and_A_root_offset_caches": 188743552,
        "native_common_owner_host": 42088,
        "original_W_tile_descriptors_host_upper": 252480,
        "original_claim_batch_codec_upper": 928120832,
        "public_padding_host_upper": 55574528,
        "retained_initial_private_host_pads": 6291456,
        "retained_predecessor": 0,
        "sealed_W_mapping_device": 126464,
        "two_public_table_host_payloads": 47908144
      },
      "phase": "native_E_D35_A3_S2_hash",
      "remaining_shared_payload_capacity_bytes": 2959952364
    },
    {
      "is_complete_phase_peak": false,
      "lifetime": "Upper of final reductions after ring/salt retirement; top cache is already conservatively charged.",
      "named_allocation_subtotal_bytes": 2557654036,
      "named_subtotal_exceeds_payload": false,
      "parts": {
        "E_frontier_group2": 402653184,
        "E_pad_marshalling_host_upper": 98304,
        "E_roots_and_next_node_output": 100663296,
        "E_salt_current_host": 16777216,
        "device_persistent_or_single_replay_envelope": 785789696,
        "extension_previous_and_current_host_pads": 98304,
        "extension_previous_and_current_root_offset_caches": 23592896,
        "full_calibration_table_serialization_difference_upper": 921596,
        "initial_W_and_A_root_offset_caches": 188743552,
        "native_common_owner_host": 42088,
        "original_W_tile_descriptors_host_upper": 252480,
        "original_claim_batch_codec_upper": 928120832,
        "public_padding_host_upper": 55574528,
        "retained_initial_private_host_pads": 6291456,
        "retained_predecessor": 0,
        "sealed_W_mapping_device": 126464,
        "two_public_table_host_payloads": 47908144
      },
      "phase": "native_E_D35_A3_S2_nodes",
      "remaining_shared_payload_capacity_bytes": 3347925996
    },
    {
      "is_complete_phase_peak": false,
      "lifetime": "One source loader for all3 limbs;4 remainder buffers, no original getter/D2H. 96q matrix+24q Rust column+24q C staging overlap until canonical check/free/publication. Both adjacent caches and predecessor planes stay alive through opening/release.",
      "named_allocation_subtotal_bytes": 3052642676,
      "named_subtotal_exceeds_payload": false,
      "parts": {
        "E_C_staged_column_host": 25165824,
        "E_Rust_EQ_packet_host_upper": 6240,
        "E_Rust_column_host": 25165824,
        "E_Rust_pad_marshalling_host_upper": 98304,
        "E_forward_inverse_twiddles": 67110400,
        "E_four_remainders": 33554432,
        "E_private_shape_EQ_and_pads": 52736,
        "E_private_sticky_flag": 256,
        "E_private_three_limb_low": 25165824,
        "E_public_factor_spectra": 704643072,
        "E_returned_matrix_host": 100663296,
        "E_work_and_scratch": 33554432,
        "device_persistent_or_single_replay_envelope": 785789696,
        "extension_previous_and_current_host_pads": 98304,
        "extension_previous_and_current_root_offset_caches": 23592896,
        "full_calibration_table_serialization_difference_upper": 921596,
        "initial_W_and_A_root_offset_caches": 188743552,
        "native_common_owner_host": 42088,
        "original_W_tile_descriptors_host_upper": 252480,
        "original_claim_batch_codec_upper": 928120832,
        "public_padding_host_upper": 55574528,
        "retained_initial_private_host_pads": 6291456,
        "retained_predecessor": 0,
        "sealed_W_mapping_device": 126464,
        "two_public_table_host_payloads": 47908144
      },
      "phase": "native_E_D35_A3_S2_predecessor_E_query_publication",
      "remaining_shared_payload_capacity_bytes": 2852937356
    },
    {
      "is_complete_phase_peak": false,
      "lifetime": "CPU query_tree_with/DFT construction is a preceding lifetime; matrix/private low/work not allocated yet. Reverse/inverse-series/multiply/DFT caches and Vec growth remain explicitly unquantified additional classes.",
      "named_allocation_subtotal_bytes": 2884712980,
      "named_subtotal_exceeds_payload": false,
      "parts": {
        "E_forward_inverse_twiddles": 67110400,
        "E_public_factor_spectra": 704643072,
        "current_inverse_modulus_spectra": 33554432,
        "current_polynomial_level_upper": 16777216,
        "device_persistent_or_single_replay_envelope": 785789696,
        "extension_previous_and_current_host_pads": 98304,
        "extension_previous_and_current_root_offset_caches": 23592896,
        "full_calibration_table_serialization_difference_upper": 921596,
        "initial_W_and_A_root_offset_caches": 188743552,
        "native_common_owner_host": 42088,
        "one_upload_conversion": 16777216,
        "original_W_tile_descriptors_host_upper": 252480,
        "original_claim_batch_codec_upper": 928120832,
        "public_padding_host_upper": 55574528,
        "public_points": 8388608,
        "retained_initial_private_host_pads": 6291456,
        "retained_predecessor": 0,
        "sealed_W_mapping_device": 126464,
        "two_public_table_host_payloads": 47908144
      },
      "phase": "native_E_D35_A3_S2_predecessor_E_public_factor_construction",
      "remaining_shared_payload_capacity_bytes": 3020867052
    },
    {
      "is_complete_phase_peak": false,
      "lifetime": "Prescan scratch/device offsets retire before ring/frontier allocation. Current cursor/meta stay for hashing. The current cache is conservatively charged before its top digests are constructed.",
      "named_allocation_subtotal_bytes": 2164635924,
      "named_subtotal_exceeds_payload": false,
      "parts": {
        "device_persistent_or_single_replay_envelope": 785789696,
        "extension_previous_and_current_host_pads": 98304,
        "extension_previous_and_current_root_offset_caches": 5898176,
        "full_calibration_table_serialization_difference_upper": 921596,
        "initial_W_and_A_root_offset_caches": 188743552,
        "native_common_owner_host": 42088,
        "original_W_tile_descriptors_host_upper": 252480,
        "original_claim_batch_codec_upper": 928120832,
        "public_padding_host_upper": 55574528,
        "retained_initial_private_host_pads": 6291456,
        "retained_predecessor": 0,
        "salt_current_device": 67108864,
        "salt_current_host": 67108864,
        "salt_meta": 256,
        "salt_prescan_scratch": 10519552,
        "salt_subtree_offsets_device": 131072,
        "sealed_W_mapping_device": 126464,
        "two_public_table_host_payloads": 47908144
      },
      "phase": "native_E_D35_A3_S3_salt_prescan",
      "remaining_shared_payload_capacity_bytes": 3740944108
    },
    {
      "is_complete_phase_peak": false,
      "lifetime": "All stages use R=min(CPU R,H/2), paired cosets. One scratch/twiddle for24 serial base columns. A S1 remains original; later stages read retained planes. No extra A reconstruction.",
      "named_allocation_subtotal_bytes": 4572169220,
      "named_subtotal_exceeds_payload": false,
      "parts": {
        "E_EQ_packet_host_upper": 12784,
        "E_EQ_shape_chunks_tables_pads": 56064,
        "E_forward_twiddles": 67108864,
        "E_frontier_group2": 536870912,
        "E_high_powers": 256,
        "E_low_powers": 134217728,
        "E_original_to_C_pad_marshalling_host_upper": 98304,
        "E_reused_salt_band": 2097152,
        "E_ring24R": 1610612736,
        "E_salt_current_device": 67108864,
        "E_salt_current_host": 67108864,
        "E_salt_meta": 256,
        "E_sticky_flag": 256,
        "E_transpose_scratch": 67108864,
        "device_persistent_or_single_replay_envelope": 785789696,
        "extension_previous_and_current_host_pads": 98304,
        "extension_previous_and_current_root_offset_caches": 5898176,
        "full_calibration_table_serialization_difference_upper": 921596,
        "initial_W_and_A_root_offset_caches": 188743552,
        "native_common_owner_host": 42088,
        "original_W_tile_descriptors_host_upper": 252480,
        "original_claim_batch_codec_upper": 928120832,
        "public_padding_host_upper": 55574528,
        "retained_initial_private_host_pads": 6291456,
        "retained_predecessor": 0,
        "sealed_W_mapping_device": 126464,
        "two_public_table_host_payloads": 47908144
      },
      "phase": "native_E_D35_A3_S3_FFT",
      "remaining_shared_payload_capacity_bytes": 1333410812
    },
    {
      "is_complete_phase_peak": false,
      "lifetime": "EQ/pad device packet and powers/FFT auxiliaries retire before hash. Two lanes publish R paired roots; the ring retires before further node outputs, preserving original salts and order.",
      "named_allocation_subtotal_bytes": 4572100116,
      "named_subtotal_exceeds_payload": false,
      "parts": {
        "E_frontier_group2": 536870912,
        "E_hash_flag": 256,
        "E_original_to_C_pad_marshalling_host_upper": 98304,
        "E_paired_hash_states_R": 268435456,
        "E_ring24R": 1610612736,
        "E_salt_band": 2097152,
        "E_salt_current_device": 67108864,
        "E_salt_current_host": 67108864,
        "E_salt_meta": 256,
        "device_persistent_or_single_replay_envelope": 785789696,
        "extension_previous_and_current_host_pads": 98304,
        "extension_previous_and_current_root_offset_caches": 5898176,
        "full_calibration_table_serialization_difference_upper": 921596,
        "initial_W_and_A_root_offset_caches": 188743552,
        "native_common_owner_host": 42088,
        "original_W_tile_descriptors_host_upper": 252480,
        "original_claim_batch_codec_upper": 928120832,
        "public_padding_host_upper": 55574528,
        "retained_initial_private_host_pads": 6291456,
        "retained_predecessor": 0,
        "sealed_W_mapping_device": 126464,
        "two_public_table_host_payloads": 47908144
      },
      "phase": "native_E_D35_A3_S3_hash",
      "remaining_shared_payload_capacity_bytes": 1333479916
    },
    {
      "is_complete_phase_peak": false,
      "lifetime": "Upper of final reductions after ring/salt retirement; top cache is already conservatively charged.",
      "named_allocation_subtotal_bytes": 3026498580,
      "named_subtotal_exceeds_payload": false,
      "parts": {
        "E_frontier_group2": 536870912,
        "E_pad_marshalling_host_upper": 98304,
        "E_roots_and_next_node_output": 402653184,
        "E_salt_current_host": 67108864,
        "device_persistent_or_single_replay_envelope": 785789696,
        "extension_previous_and_current_host_pads": 98304,
        "extension_previous_and_current_root_offset_caches": 5898176,
        "full_calibration_table_serialization_difference_upper": 921596,
        "initial_W_and_A_root_offset_caches": 188743552,
        "native_common_owner_host": 42088,
        "original_W_tile_descriptors_host_upper": 252480,
        "original_claim_batch_codec_upper": 928120832,
        "public_padding_host_upper": 55574528,
        "retained_initial_private_host_pads": 6291456,
        "retained_predecessor": 0,
        "sealed_W_mapping_device": 126464,
        "two_public_table_host_payloads": 47908144
      },
      "phase": "native_E_D35_A3_S3_nodes",
      "remaining_shared_payload_capacity_bytes": 2879081452
    },
    {
      "is_complete_phase_peak": false,
      "lifetime": "One source loader for all3 limbs;4 remainder buffers, no original getter/D2H. 96q matrix+24q Rust column+24q C staging overlap until canonical check/free/publication. Both adjacent caches and predecessor planes stay alive through opening/release.",
      "named_allocation_subtotal_bytes": 3034957540,
      "named_subtotal_exceeds_payload": false,
      "parts": {
        "E_C_staged_column_host": 25165824,
        "E_Rust_EQ_packet_host_upper": 12496,
        "E_Rust_column_host": 25165824,
        "E_Rust_pad_marshalling_host_upper": 98304,
        "E_forward_inverse_twiddles": 67110400,
        "E_four_remainders": 33554432,
        "E_private_shape_EQ_and_pads": 56064,
        "E_private_sticky_flag": 256,
        "E_private_three_limb_low": 25165824,
        "E_public_factor_spectra": 704643072,
        "E_returned_matrix_host": 100663296,
        "E_work_and_scratch": 33554432,
        "device_persistent_or_single_replay_envelope": 785789696,
        "extension_previous_and_current_host_pads": 98304,
        "extension_previous_and_current_root_offset_caches": 5898176,
        "full_calibration_table_serialization_difference_upper": 921596,
        "initial_W_and_A_root_offset_caches": 188743552,
        "native_common_owner_host": 42088,
        "original_W_tile_descriptors_host_upper": 252480,
        "original_claim_batch_codec_upper": 928120832,
        "public_padding_host_upper": 55574528,
        "retained_initial_private_host_pads": 6291456,
        "retained_predecessor": 0,
        "sealed_W_mapping_device": 126464,
        "two_public_table_host_payloads": 47908144
      },
      "phase": "native_E_D35_A3_S3_predecessor_E_query_publication",
      "remaining_shared_payload_capacity_bytes": 2870622492
    },
    {
      "is_complete_phase_peak": false,
      "lifetime": "CPU query_tree_with/DFT construction is a preceding lifetime; matrix/private low/work not allocated yet. Reverse/inverse-series/multiply/DFT caches and Vec growth remain explicitly unquantified additional classes.",
      "named_allocation_subtotal_bytes": 2867018260,
      "named_subtotal_exceeds_payload": false,
      "parts": {
        "E_forward_inverse_twiddles": 67110400,
        "E_public_factor_spectra": 704643072,
        "current_inverse_modulus_spectra": 33554432,
        "current_polynomial_level_upper": 16777216,
        "device_persistent_or_single_replay_envelope": 785789696,
        "extension_previous_and_current_host_pads": 98304,
        "extension_previous_and_current_root_offset_caches": 5898176,
        "full_calibration_table_serialization_difference_upper": 921596,
        "initial_W_and_A_root_offset_caches": 188743552,
        "native_common_owner_host": 42088,
        "one_upload_conversion": 16777216,
        "original_W_tile_descriptors_host_upper": 252480,
        "original_claim_batch_codec_upper": 928120832,
        "public_padding_host_upper": 55574528,
        "public_points": 8388608,
        "retained_initial_private_host_pads": 6291456,
        "retained_predecessor": 0,
        "sealed_W_mapping_device": 126464,
        "two_public_table_host_payloads": 47908144
      },
      "phase": "native_E_D35_A3_S3_predecessor_E_public_factor_construction",
      "remaining_shared_payload_capacity_bytes": 3038561772
    },
    {
      "is_complete_phase_peak": false,
      "lifetime": "Prescan scratch/device offsets retire before ring/frontier allocation. Current cursor/meta stay for hashing. The current cache is conservatively charged before its top digests are constructed.",
      "named_allocation_subtotal_bytes": 2160113940,
      "named_subtotal_exceeds_payload": false,
      "parts": {
        "device_persistent_or_single_replay_envelope": 785789696,
        "extension_previous_and_current_host_pads": 98304,
        "extension_previous_and_current_root_offset_caches": 1474496,
        "full_calibration_table_serialization_difference_upper": 921596,
        "initial_W_and_A_root_offset_caches": 188743552,
        "native_common_owner_host": 42088,
        "original_W_tile_descriptors_host_upper": 252480,
        "original_claim_batch_codec_upper": 928120832,
        "public_padding_host_upper": 55574528,
        "retained_initial_private_host_pads": 6291456,
        "retained_predecessor": 0,
        "salt_current_device": 67108864,
        "salt_current_host": 67108864,
        "salt_meta": 256,
        "salt_prescan_scratch": 10519552,
        "salt_subtree_offsets_device": 32768,
        "sealed_W_mapping_device": 126464,
        "two_public_table_host_payloads": 47908144
      },
      "phase": "native_E_D35_A3_S4_salt_prescan",
      "remaining_shared_payload_capacity_bytes": 3745466092
    },
    {
      "is_complete_phase_peak": false,
      "lifetime": "All stages use R=min(CPU R,H/2), paired cosets. One scratch/twiddle for24 serial base columns. A S1 remains original; later stages read retained planes. No extra A reconstruction.",
      "named_allocation_subtotal_bytes": 4028779140,
      "named_subtotal_exceeds_payload": false,
      "parts": {
        "E_EQ_packet_host_upper": 13936,
        "E_EQ_shape_chunks_tables_pads": 56576,
        "E_forward_twiddles": 67108864,
        "E_frontier_group2": 0,
        "E_high_powers": 256,
        "E_low_powers": 134217728,
        "E_original_to_C_pad_marshalling_host_upper": 98304,
        "E_reused_salt_band": 0,
        "E_ring24R": 1610612736,
        "E_salt_current_device": 67108864,
        "E_salt_current_host": 67108864,
        "E_salt_meta": 256,
        "E_sticky_flag": 256,
        "E_transpose_scratch": 67108864,
        "device_persistent_or_single_replay_envelope": 785789696,
        "extension_previous_and_current_host_pads": 98304,
        "extension_previous_and_current_root_offset_caches": 1474496,
        "full_calibration_table_serialization_difference_upper": 921596,
        "initial_W_and_A_root_offset_caches": 188743552,
        "native_common_owner_host": 42088,
        "original_W_tile_descriptors_host_upper": 252480,
        "original_claim_batch_codec_upper": 928120832,
        "public_padding_host_upper": 55574528,
        "retained_initial_private_host_pads": 6291456,
        "retained_predecessor": 0,
        "sealed_W_mapping_device": 126464,
        "two_public_table_host_payloads": 47908144
      },
      "phase": "native_E_D35_A3_S4_FFT",
      "remaining_shared_payload_capacity_bytes": 1876800892
    },
    {
      "is_complete_phase_peak": false,
      "lifetime": "EQ/pad device packet and powers/FFT auxiliaries retire before hash. Two lanes publish R paired roots; the ring retires before further node outputs, preserving original salts and order.",
      "named_allocation_subtotal_bytes": 4030805524,
      "named_subtotal_exceeds_payload": false,
      "parts": {
        "E_frontier_group2": 0,
        "E_hash_flag": 256,
        "E_original_to_C_pad_marshalling_host_upper": 98304,
        "E_paired_hash_states_R": 268435456,
        "E_ring24R": 1610612736,
        "E_salt_band": 2097152,
        "E_salt_current_device": 67108864,
        "E_salt_current_host": 67108864,
        "E_salt_meta": 256,
        "device_persistent_or_single_replay_envelope": 785789696,
        "extension_previous_and_current_host_pads": 98304,
        "extension_previous_and_current_root_offset_caches": 1474496,
        "full_calibration_table_serialization_difference_upper": 921596,
        "initial_W_and_A_root_offset_caches": 188743552,
        "native_common_owner_host": 42088,
        "original_W_tile_descriptors_host_upper": 252480,
        "original_claim_batch_codec_upper": 928120832,
        "public_padding_host_upper": 55574528,
        "retained_initial_private_host_pads": 6291456,
        "retained_predecessor": 0,
        "sealed_W_mapping_device": 126464,
        "two_public_table_host_payloads": 47908144
      },
      "phase": "native_E_D35_A3_S4_hash",
      "remaining_shared_payload_capacity_bytes": 1874774508
    },
    {
      "is_complete_phase_peak": false,
      "lifetime": "Upper of final reductions after ring/salt retirement; top cache is already conservatively charged.",
      "named_allocation_subtotal_bytes": 2485203988,
      "named_subtotal_exceeds_payload": false,
      "parts": {
        "E_frontier_group2": 0,
        "E_pad_marshalling_host_upper": 98304,
        "E_roots_and_next_node_output": 402653184,
        "E_salt_current_host": 67108864,
        "device_persistent_or_single_replay_envelope": 785789696,
        "extension_previous_and_current_host_pads": 98304,
        "extension_previous_and_current_root_offset_caches": 1474496,
        "full_calibration_table_serialization_difference_upper": 921596,
        "initial_W_and_A_root_offset_caches": 188743552,
        "native_common_owner_host": 42088,
        "original_W_tile_descriptors_host_upper": 252480,
        "original_claim_batch_codec_upper": 928120832,
        "public_padding_host_upper": 55574528,
        "retained_initial_private_host_pads": 6291456,
        "retained_predecessor": 0,
        "sealed_W_mapping_device": 126464,
        "two_public_table_host_payloads": 47908144
      },
      "phase": "native_E_D35_A3_S4_nodes",
      "remaining_shared_payload_capacity_bytes": 3420376044
    },
    {
      "is_complete_phase_peak": false,
      "lifetime": "One source loader for all3 limbs;4 remainder buffers, no original getter/D2H. 96q matrix+24q Rust column+24q C staging overlap until canonical check/free/publication. Both adjacent caches and predecessor planes stay alive through opening/release.",
      "named_allocation_subtotal_bytes": 3030534148,
      "named_subtotal_exceeds_payload": false,
      "parts": {
        "E_C_staged_column_host": 25165824,
        "E_Rust_EQ_packet_host_upper": 12784,
        "E_Rust_column_host": 25165824,
        "E_Rust_pad_marshalling_host_upper": 98304,
        "E_forward_inverse_twiddles": 67110400,
        "E_four_remainders": 33554432,
        "E_private_shape_EQ_and_pads": 56064,
        "E_private_sticky_flag": 256,
        "E_private_three_limb_low": 25165824,
        "E_public_factor_spectra": 704643072,
        "E_returned_matrix_host": 100663296,
        "E_work_and_scratch": 33554432,
        "device_persistent_or_single_replay_envelope": 785789696,
        "extension_previous_and_current_host_pads": 98304,
        "extension_previous_and_current_root_offset_caches": 1474496,
        "full_calibration_table_serialization_difference_upper": 921596,
        "initial_W_and_A_root_offset_caches": 188743552,
        "native_common_owner_host": 42088,
        "original_W_tile_descriptors_host_upper": 252480,
        "original_claim_batch_codec_upper": 928120832,
        "public_padding_host_upper": 55574528,
        "retained_initial_private_host_pads": 6291456,
        "retained_predecessor": 0,
        "sealed_W_mapping_device": 126464,
        "two_public_table_host_payloads": 47908144
      },
      "phase": "native_E_D35_A3_S4_predecessor_E_query_publication",
      "remaining_shared_payload_capacity_bytes": 2875045884
    },
    {
      "is_complete_phase_peak": false,
      "lifetime": "CPU query_tree_with/DFT construction is a preceding lifetime; matrix/private low/work not allocated yet. Reverse/inverse-series/multiply/DFT caches and Vec growth remain explicitly unquantified additional classes.",
      "named_allocation_subtotal_bytes": 2862594580,
      "named_subtotal_exceeds_payload": false,
      "parts": {
        "E_forward_inverse_twiddles": 67110400,
        "E_public_factor_spectra": 704643072,
        "current_inverse_modulus_spectra": 33554432,
        "current_polynomial_level_upper": 16777216,
        "device_persistent_or_single_replay_envelope": 785789696,
        "extension_previous_and_current_host_pads": 98304,
        "extension_previous_and_current_root_offset_caches": 1474496,
        "full_calibration_table_serialization_difference_upper": 921596,
        "initial_W_and_A_root_offset_caches": 188743552,
        "native_common_owner_host": 42088,
        "one_upload_conversion": 16777216,
        "original_W_tile_descriptors_host_upper": 252480,
        "original_claim_batch_codec_upper": 928120832,
        "public_padding_host_upper": 55574528,
        "public_points": 8388608,
        "retained_initial_private_host_pads": 6291456,
        "retained_predecessor": 0,
        "sealed_W_mapping_device": 126464,
        "two_public_table_host_payloads": 47908144
      },
      "phase": "native_E_D35_A3_S4_predecessor_E_public_factor_construction",
      "remaining_shared_payload_capacity_bytes": 3042985452
    },
    {
      "is_complete_phase_peak": false,
      "lifetime": "Prescan scratch/device offsets retire before ring/frontier allocation. Current cursor/meta stay for hashing. The current cache is conservatively charged before its top digests are constructed.",
      "named_allocation_subtotal_bytes": 2058320148,
      "named_subtotal_exceeds_payload": false,
      "parts": {
        "device_persistent_or_single_replay_envelope": 785789696,
        "extension_previous_and_current_host_pads": 98304,
        "extension_previous_and_current_root_offset_caches": 368576,
        "full_calibration_table_serialization_difference_upper": 921596,
        "initial_W_and_A_root_offset_caches": 188743552,
        "native_common_owner_host": 42088,
        "original_W_tile_descriptors_host_upper": 252480,
        "original_claim_batch_codec_upper": 928120832,
        "public_padding_host_upper": 55574528,
        "retained_initial_private_host_pads": 6291456,
        "retained_predecessor": 0,
        "salt_current_device": 16777216,
        "salt_current_host": 16777216,
        "salt_meta": 256,
        "salt_prescan_scratch": 10519552,
        "salt_subtree_offsets_device": 8192,
        "sealed_W_mapping_device": 126464,
        "two_public_table_host_payloads": 47908144
      },
      "phase": "native_E_D35_A3_S5_salt_prescan",
      "remaining_shared_payload_capacity_bytes": 3847259884
    },
    {
      "is_complete_phase_peak": false,
      "lifetime": "All stages use R=min(CPU R,H/2), paired cosets. One scratch/twiddle for24 serial base columns. A S1 remains original; later stages read retained planes. No extra A reconstruction.",
      "named_allocation_subtotal_bytes": 2517730692,
      "named_subtotal_exceeds_payload": false,
      "parts": {
        "E_EQ_packet_host_upper": 18544,
        "E_EQ_shape_chunks_tables_pads": 58880,
        "E_forward_twiddles": 16777216,
        "E_frontier_group2": 0,
        "E_high_powers": 256,
        "E_low_powers": 33554432,
        "E_original_to_C_pad_marshalling_host_upper": 98304,
        "E_reused_salt_band": 0,
        "E_ring24R": 402653184,
        "E_salt_current_device": 16777216,
        "E_salt_current_host": 16777216,
        "E_salt_meta": 256,
        "E_sticky_flag": 256,
        "E_transpose_scratch": 16777216,
        "device_persistent_or_single_replay_envelope": 785789696,
        "extension_previous_and_current_host_pads": 98304,
        "extension_previous_and_current_root_offset_caches": 368576,
        "full_calibration_table_serialization_difference_upper": 921596,
        "initial_W_and_A_root_offset_caches": 188743552,
        "native_common_owner_host": 42088,
        "original_W_tile_descriptors_host_upper": 252480,
        "original_claim_batch_codec_upper": 928120832,
        "public_padding_host_upper": 55574528,
        "retained_initial_private_host_pads": 6291456,
        "retained_predecessor": 0,
        "sealed_W_mapping_device": 126464,
        "two_public_table_host_payloads": 47908144
      },
      "phase": "native_E_D35_A3_S5_FFT",
      "remaining_shared_payload_capacity_bytes": 3387849340
    },
    {
      "is_complete_phase_peak": false,
      "lifetime": "EQ/pad device packet and powers/FFT auxiliaries retire before hash. Two lanes publish R paired roots; the ring retires before further node outputs, preserving original salts and order.",
      "named_allocation_subtotal_bytes": 2519750164,
      "named_subtotal_exceeds_payload": false,
      "parts": {
        "E_frontier_group2": 0,
        "E_hash_flag": 256,
        "E_original_to_C_pad_marshalling_host_upper": 98304,
        "E_paired_hash_states_R": 67108864,
        "E_ring24R": 402653184,
        "E_salt_band": 2097152,
        "E_salt_current_device": 16777216,
        "E_salt_current_host": 16777216,
        "E_salt_meta": 256,
        "device_persistent_or_single_replay_envelope": 785789696,
        "extension_previous_and_current_host_pads": 98304,
        "extension_previous_and_current_root_offset_caches": 368576,
        "full_calibration_table_serialization_difference_upper": 921596,
        "initial_W_and_A_root_offset_caches": 188743552,
        "native_common_owner_host": 42088,
        "original_W_tile_descriptors_host_upper": 252480,
        "original_claim_batch_codec_upper": 928120832,
        "public_padding_host_upper": 55574528,
        "retained_initial_private_host_pads": 6291456,
        "retained_predecessor": 0,
        "sealed_W_mapping_device": 126464,
        "two_public_table_host_payloads": 47908144
      },
      "phase": "native_E_D35_A3_S5_hash",
      "remaining_shared_payload_capacity_bytes": 3385829868
    },
    {
      "is_complete_phase_peak": false,
      "lifetime": "Upper of final reductions after ring/salt retirement; top cache is already conservatively charged.",
      "named_allocation_subtotal_bytes": 2131776532,
      "named_subtotal_exceeds_payload": false,
      "parts": {
        "E_frontier_group2": 0,
        "E_pad_marshalling_host_upper": 98304,
        "E_roots_and_next_node_output": 100663296,
        "E_salt_current_host": 16777216,
        "device_persistent_or_single_replay_envelope": 785789696,
        "extension_previous_and_current_host_pads": 98304,
        "extension_previous_and_current_root_offset_caches": 368576,
        "full_calibration_table_serialization_difference_upper": 921596,
        "initial_W_and_A_root_offset_caches": 188743552,
        "native_common_owner_host": 42088,
        "original_W_tile_descriptors_host_upper": 252480,
        "original_claim_batch_codec_upper": 928120832,
        "public_padding_host_upper": 55574528,
        "retained_initial_private_host_pads": 6291456,
        "retained_predecessor": 0,
        "sealed_W_mapping_device": 126464,
        "two_public_table_host_payloads": 47908144
      },
      "phase": "native_E_D35_A3_S5_nodes",
      "remaining_shared_payload_capacity_bytes": 3773803500
    },
    {
      "is_complete_phase_peak": false,
      "lifetime": "One source loader for all3 limbs;4 remainder buffers, no original getter/D2H. 96q matrix+24q Rust column+24q C staging overlap until canonical check/free/publication. Both adjacent caches and predecessor planes stay alive through opening/release.",
      "named_allocation_subtotal_bytes": 3029429892,
      "named_subtotal_exceeds_payload": false,
      "parts": {
        "E_C_staged_column_host": 25165824,
        "E_Rust_EQ_packet_host_upper": 13936,
        "E_Rust_column_host": 25165824,
        "E_Rust_pad_marshalling_host_upper": 98304,
        "E_forward_inverse_twiddles": 67110400,
        "E_four_remainders": 33554432,
        "E_private_shape_EQ_and_pads": 56576,
        "E_private_sticky_flag": 256,
        "E_private_three_limb_low": 25165824,
        "E_public_factor_spectra": 704643072,
        "E_returned_matrix_host": 100663296,
        "E_work_and_scratch": 33554432,
        "device_persistent_or_single_replay_envelope": 785789696,
        "extension_previous_and_current_host_pads": 98304,
        "extension_previous_and_current_root_offset_caches": 368576,
        "full_calibration_table_serialization_difference_upper": 921596,
        "initial_W_and_A_root_offset_caches": 188743552,
        "native_common_owner_host": 42088,
        "original_W_tile_descriptors_host_upper": 252480,
        "original_claim_batch_codec_upper": 928120832,
        "public_padding_host_upper": 55574528,
        "retained_initial_private_host_pads": 6291456,
        "retained_predecessor": 0,
        "sealed_W_mapping_device": 126464,
        "two_public_table_host_payloads": 47908144
      },
      "phase": "native_E_D35_A3_S5_predecessor_E_query_publication",
      "remaining_shared_payload_capacity_bytes": 2876150140
    },
    {
      "is_complete_phase_peak": false,
      "lifetime": "CPU query_tree_with/DFT construction is a preceding lifetime; matrix/private low/work not allocated yet. Reverse/inverse-series/multiply/DFT caches and Vec growth remain explicitly unquantified additional classes.",
      "named_allocation_subtotal_bytes": 2861488660,
      "named_subtotal_exceeds_payload": false,
      "parts": {
        "E_forward_inverse_twiddles": 67110400,
        "E_public_factor_spectra": 704643072,
        "current_inverse_modulus_spectra": 33554432,
        "current_polynomial_level_upper": 16777216,
        "device_persistent_or_single_replay_envelope": 785789696,
        "extension_previous_and_current_host_pads": 98304,
        "extension_previous_and_current_root_offset_caches": 368576,
        "full_calibration_table_serialization_difference_upper": 921596,
        "initial_W_and_A_root_offset_caches": 188743552,
        "native_common_owner_host": 42088,
        "one_upload_conversion": 16777216,
        "original_W_tile_descriptors_host_upper": 252480,
        "original_claim_batch_codec_upper": 928120832,
        "public_padding_host_upper": 55574528,
        "public_points": 8388608,
        "retained_initial_private_host_pads": 6291456,
        "retained_predecessor": 0,
        "sealed_W_mapping_device": 126464,
        "two_public_table_host_payloads": 47908144
      },
      "phase": "native_E_D35_A3_S5_predecessor_E_public_factor_construction",
      "remaining_shared_payload_capacity_bytes": 3044091372
    },
    {
      "is_complete_phase_peak": false,
      "lifetime": "Prescan scratch/device offsets retire before ring/frontier allocation. Current cursor/meta stay for hashing. The current cache is conservatively charged before its top digests are constructed.",
      "named_allocation_subtotal_bytes": 2024982804,
      "named_subtotal_exceeds_payload": false,
      "parts": {
        "device_persistent_or_single_replay_envelope": 785789696,
        "extension_previous_and_current_host_pads": 98304,
        "extension_previous_and_current_root_offset_caches": 92096,
        "full_calibration_table_serialization_difference_upper": 921596,
        "initial_W_and_A_root_offset_caches": 188743552,
        "native_common_owner_host": 42088,
        "original_W_tile_descriptors_host_upper": 252480,
        "original_claim_batch_codec_upper": 928120832,
        "public_padding_host_upper": 55574528,
        "retained_initial_private_host_pads": 6291456,
        "retained_predecessor": 0,
        "salt_current_device": 4194304,
        "salt_current_host": 4194304,
        "salt_meta": 256,
        "salt_prescan_scratch": 2630656,
        "salt_subtree_offsets_device": 2048,
        "sealed_W_mapping_device": 126464,
        "two_public_table_host_payloads": 47908144
      },
      "phase": "native_E_D35_A3_S6_salt_prescan",
      "remaining_shared_payload_capacity_bytes": 3880597228
    },
    {
      "is_complete_phase_peak": false,
      "lifetime": "All stages use R=min(CPU R,H/2), paired cosets. One scratch/twiddle for24 serial base columns. A S1 remains original; later stages read retained planes. No extra A reconstruction.",
      "named_allocation_subtotal_bytes": 2139976436,
      "named_subtotal_exceeds_payload": false,
      "parts": {
        "E_EQ_packet_host_upper": 24800,
        "E_EQ_shape_chunks_tables_pads": 62208,
        "E_forward_twiddles": 4194304,
        "E_frontier_group2": 0,
        "E_high_powers": 256,
        "E_low_powers": 8388608,
        "E_original_to_C_pad_marshalling_host_upper": 98304,
        "E_reused_salt_band": 0,
        "E_ring24R": 100663296,
        "E_salt_current_device": 4194304,
        "E_salt_current_host": 4194304,
        "E_salt_meta": 256,
        "E_sticky_flag": 256,
        "E_transpose_scratch": 4194304,
        "device_persistent_or_single_replay_envelope": 785789696,
        "extension_previous_and_current_host_pads": 98304,
        "extension_previous_and_current_root_offset_caches": 92096,
        "full_calibration_table_serialization_difference_upper": 921596,
        "initial_W_and_A_root_offset_caches": 188743552,
        "native_common_owner_host": 42088,
        "original_W_tile_descriptors_host_upper": 252480,
        "original_claim_batch_codec_upper": 928120832,
        "public_padding_host_upper": 55574528,
        "retained_initial_private_host_pads": 6291456,
        "retained_predecessor": 0,
        "sealed_W_mapping_device": 126464,
        "two_public_table_host_payloads": 47908144
      },
      "phase": "native_E_D35_A3_S6_FFT",
      "remaining_shared_payload_capacity_bytes": 3765603596
    },
    {
      "is_complete_phase_peak": false,
      "lifetime": "EQ/pad device packet and powers/FFT auxiliaries retire before hash. Two lanes publish R paired roots; the ring retires before further node outputs, preserving original salts and order.",
      "named_allocation_subtotal_bytes": 2141986324,
      "named_subtotal_exceeds_payload": false,
      "parts": {
        "E_frontier_group2": 0,
        "E_hash_flag": 256,
        "E_original_to_C_pad_marshalling_host_upper": 98304,
        "E_paired_hash_states_R": 16777216,
        "E_ring24R": 100663296,
        "E_salt_band": 2097152,
        "E_salt_current_device": 4194304,
        "E_salt_current_host": 4194304,
        "E_salt_meta": 256,
        "device_persistent_or_single_replay_envelope": 785789696,
        "extension_previous_and_current_host_pads": 98304,
        "extension_previous_and_current_root_offset_caches": 92096,
        "full_calibration_table_serialization_difference_upper": 921596,
        "initial_W_and_A_root_offset_caches": 188743552,
        "native_common_owner_host": 42088,
        "original_W_tile_descriptors_host_upper": 252480,
        "original_claim_batch_codec_upper": 928120832,
        "public_padding_host_upper": 55574528,
        "retained_initial_private_host_pads": 6291456,
        "retained_predecessor": 0,
        "sealed_W_mapping_device": 126464,
        "two_public_table_host_payloads": 47908144
      },
      "phase": "native_E_D35_A3_S6_hash",
      "remaining_shared_payload_capacity_bytes": 3763593708
    },
    {
      "is_complete_phase_peak": false,
      "lifetime": "Upper of final reductions after ring/salt retirement; top cache is already conservatively charged.",
      "named_allocation_subtotal_bytes": 2043419668,
      "named_subtotal_exceeds_payload": false,
      "parts": {
        "E_frontier_group2": 0,
        "E_pad_marshalling_host_upper": 98304,
        "E_roots_and_next_node_output": 25165824,
        "E_salt_current_host": 4194304,
        "device_persistent_or_single_replay_envelope": 785789696,
        "extension_previous_and_current_host_pads": 98304,
        "extension_previous_and_current_root_offset_caches": 92096,
        "full_calibration_table_serialization_difference_upper": 921596,
        "initial_W_and_A_root_offset_caches": 188743552,
        "native_common_owner_host": 42088,
        "original_W_tile_descriptors_host_upper": 252480,
        "original_claim_batch_codec_upper": 928120832,
        "public_padding_host_upper": 55574528,
        "retained_initial_private_host_pads": 6291456,
        "retained_predecessor": 0,
        "sealed_W_mapping_device": 126464,
        "two_public_table_host_payloads": 47908144
      },
      "phase": "native_E_D35_A3_S6_nodes",
      "remaining_shared_payload_capacity_bytes": 3862160364
    },
    {
      "is_complete_phase_peak": false,
      "lifetime": "One source loader for all3 limbs;4 remainder buffers, no original getter/D2H. 96q matrix+24q Rust column+24q C staging overlap until canonical check/free/publication. Both adjacent caches and predecessor planes stay alive through opening/release.",
      "named_allocation_subtotal_bytes": 3029160324,
      "named_subtotal_exceeds_payload": false,
      "parts": {
        "E_C_staged_column_host": 25165824,
        "E_Rust_EQ_packet_host_upper": 18544,
        "E_Rust_column_host": 25165824,
        "E_Rust_pad_marshalling_host_upper": 98304,
        "E_forward_inverse_twiddles": 67110400,
        "E_four_remainders": 33554432,
        "E_private_shape_EQ_and_pads": 58880,
        "E_private_sticky_flag": 256,
        "E_private_three_limb_low": 25165824,
        "E_public_factor_spectra": 704643072,
        "E_returned_matrix_host": 100663296,
        "E_work_and_scratch": 33554432,
        "device_persistent_or_single_replay_envelope": 785789696,
        "extension_previous_and_current_host_pads": 98304,
        "extension_previous_and_current_root_offset_caches": 92096,
        "full_calibration_table_serialization_difference_upper": 921596,
        "initial_W_and_A_root_offset_caches": 188743552,
        "native_common_owner_host": 42088,
        "original_W_tile_descriptors_host_upper": 252480,
        "original_claim_batch_codec_upper": 928120832,
        "public_padding_host_upper": 55574528,
        "retained_initial_private_host_pads": 6291456,
        "retained_predecessor": 0,
        "sealed_W_mapping_device": 126464,
        "two_public_table_host_payloads": 47908144
      },
      "phase": "native_E_D35_A3_S6_predecessor_E_query_publication",
      "remaining_shared_payload_capacity_bytes": 2876419708
    },
    {
      "is_complete_phase_peak": false,
      "lifetime": "CPU query_tree_with/DFT construction is a preceding lifetime; matrix/private low/work not allocated yet. Reverse/inverse-series/multiply/DFT caches and Vec growth remain explicitly unquantified additional classes.",
      "named_allocation_subtotal_bytes": 2861212180,
      "named_subtotal_exceeds_payload": false,
      "parts": {
        "E_forward_inverse_twiddles": 67110400,
        "E_public_factor_spectra": 704643072,
        "current_inverse_modulus_spectra": 33554432,
        "current_polynomial_level_upper": 16777216,
        "device_persistent_or_single_replay_envelope": 785789696,
        "extension_previous_and_current_host_pads": 98304,
        "extension_previous_and_current_root_offset_caches": 92096,
        "full_calibration_table_serialization_difference_upper": 921596,
        "initial_W_and_A_root_offset_caches": 188743552,
        "native_common_owner_host": 42088,
        "one_upload_conversion": 16777216,
        "original_W_tile_descriptors_host_upper": 252480,
        "original_claim_batch_codec_upper": 928120832,
        "public_padding_host_upper": 55574528,
        "public_points": 8388608,
        "retained_initial_private_host_pads": 6291456,
        "retained_predecessor": 0,
        "sealed_W_mapping_device": 126464,
        "two_public_table_host_payloads": 47908144
      },
      "phase": "native_E_D35_A3_S6_predecessor_E_public_factor_construction",
      "remaining_shared_payload_capacity_bytes": 3044367852
    },
    {
      "is_complete_phase_peak": false,
      "lifetime": "Prescan scratch/device offsets retire before ring/frontier allocation. Current cursor/meta stay for hashing. The current cache is conservatively charged before its top digests are constructed.",
      "named_allocation_subtotal_bytes": 2014570772,
      "named_subtotal_exceeds_payload": false,
      "parts": {
        "device_persistent_or_single_replay_envelope": 785789696,
        "extension_previous_and_current_host_pads": 98304,
        "extension_previous_and_current_root_offset_caches": 36800,
        "full_calibration_table_serialization_difference_upper": 921596,
        "initial_W_and_A_root_offset_caches": 188743552,
        "native_common_owner_host": 42088,
        "original_W_tile_descriptors_host_upper": 252480,
        "original_claim_batch_codec_upper": 928120832,
        "public_padding_host_upper": 55574528,
        "retained_initial_private_host_pads": 6291456,
        "retained_predecessor": 0,
        "salt_current_device": 2048,
        "salt_current_host": 2048,
        "salt_meta": 256,
        "salt_prescan_scratch": 658432,
        "salt_subtree_offsets_device": 2048,
        "sealed_W_mapping_device": 126464,
        "two_public_table_host_payloads": 47908144
      },
      "phase": "native_E_D35_A3_S7_salt_prescan",
      "remaining_shared_payload_capacity_bytes": 3891009260
    },
    {
      "is_complete_phase_peak": false,
      "lifetime": "All stages use R=min(CPU R,H/2), paired cosets. One scratch/twiddle for24 serial base columns. A S1 remains original; later stages read retained planes. No extra A reconstruction.",
      "named_allocation_subtotal_bytes": 2014236692,
      "named_subtotal_exceeds_payload": false,
      "parts": {
        "E_EQ_packet_host_upper": 25088,
        "E_EQ_shape_chunks_tables_pads": 62208,
        "E_forward_twiddles": 2048,
        "E_frontier_group2": 73728,
        "E_high_powers": 1280,
        "E_low_powers": 4096,
        "E_original_to_C_pad_marshalling_host_upper": 98304,
        "E_reused_salt_band": 8192,
        "E_ring24R": 49152,
        "E_salt_current_device": 2048,
        "E_salt_current_host": 2048,
        "E_salt_meta": 256,
        "E_sticky_flag": 256,
        "E_transpose_scratch": 2048,
        "device_persistent_or_single_replay_envelope": 785789696,
        "extension_previous_and_current_host_pads": 98304,
        "extension_previous_and_current_root_offset_caches": 36800,
        "full_calibration_table_serialization_difference_upper": 921596,
        "initial_W_and_A_root_offset_caches": 188743552,
        "native_common_owner_host": 42088,
        "original_W_tile_descriptors_host_upper": 252480,
        "original_claim_batch_codec_upper": 928120832,
        "public_padding_host_upper": 55574528,
        "retained_initial_private_host_pads": 6291456,
        "retained_predecessor": 0,
        "sealed_W_mapping_device": 126464,
        "two_public_table_host_payloads": 47908144
      },
      "phase": "native_E_D35_A3_S7_FFT",
      "remaining_shared_payload_capacity_bytes": 3891343340
    },
    {
      "is_complete_phase_peak": false,
      "lifetime": "EQ/pad device packet and powers/FFT auxiliaries retire before hash. Two lanes publish R paired roots; the ring retires before further node outputs, preserving original salts and order.",
      "named_allocation_subtotal_bytes": 2014148116,
      "named_subtotal_exceeds_payload": false,
      "parts": {
        "E_frontier_group2": 73728,
        "E_hash_flag": 256,
        "E_original_to_C_pad_marshalling_host_upper": 98304,
        "E_paired_hash_states_R": 8192,
        "E_ring24R": 49152,
        "E_salt_band": 8192,
        "E_salt_current_device": 2048,
        "E_salt_current_host": 2048,
        "E_salt_meta": 256,
        "device_persistent_or_single_replay_envelope": 785789696,
        "extension_previous_and_current_host_pads": 98304,
        "extension_previous_and_current_root_offset_caches": 36800,
        "full_calibration_table_serialization_difference_upper": 921596,
        "initial_W_and_A_root_offset_caches": 188743552,
        "native_common_owner_host": 42088,
        "original_W_tile_descriptors_host_upper": 252480,
        "original_claim_batch_codec_upper": 928120832,
        "public_padding_host_upper": 55574528,
        "retained_initial_private_host_pads": 6291456,
        "retained_predecessor": 0,
        "sealed_W_mapping_device": 126464,
        "two_public_table_host_payloads": 47908144
      },
      "phase": "native_E_D35_A3_S7_hash",
      "remaining_shared_payload_capacity_bytes": 3891431916
    },
    {
      "is_complete_phase_peak": false,
      "lifetime": "Upper of final reductions after ring/salt retirement; top cache is already conservatively charged.",
      "named_allocation_subtotal_bytes": 2014092308,
      "named_subtotal_exceeds_payload": false,
      "parts": {
        "E_frontier_group2": 73728,
        "E_pad_marshalling_host_upper": 98304,
        "E_roots_and_next_node_output": 12288,
        "E_salt_current_host": 2048,
        "device_persistent_or_single_replay_envelope": 785789696,
        "extension_previous_and_current_host_pads": 98304,
        "extension_previous_and_current_root_offset_caches": 36800,
        "full_calibration_table_serialization_difference_upper": 921596,
        "initial_W_and_A_root_offset_caches": 188743552,
        "native_common_owner_host": 42088,
        "original_W_tile_descriptors_host_upper": 252480,
        "original_claim_batch_codec_upper": 928120832,
        "public_padding_host_upper": 55574528,
        "retained_initial_private_host_pads": 6291456,
        "retained_predecessor": 0,
        "sealed_W_mapping_device": 126464,
        "two_public_table_host_payloads": 47908144
      },
      "phase": "native_E_D35_A3_S7_nodes",
      "remaining_shared_payload_capacity_bytes": 3891487724
    },
    {
      "is_complete_phase_peak": false,
      "lifetime": "One source loader for all3 limbs;4 remainder buffers, no original getter/D2H. 96q matrix+24q Rust column+24q C staging overlap until canonical check/free/publication. Both adjacent caches and predecessor planes stay alive through opening/release.",
      "named_allocation_subtotal_bytes": 3029114612,
      "named_subtotal_exceeds_payload": false,
      "parts": {
        "E_C_staged_column_host": 25165824,
        "E_Rust_EQ_packet_host_upper": 24800,
        "E_Rust_column_host": 25165824,
        "E_Rust_pad_marshalling_host_upper": 98304,
        "E_forward_inverse_twiddles": 67110400,
        "E_four_remainders": 33554432,
        "E_private_shape_EQ_and_pads": 62208,
        "E_private_sticky_flag": 256,
        "E_private_three_limb_low": 25165824,
        "E_public_factor_spectra": 704643072,
        "E_returned_matrix_host": 100663296,
        "E_work_and_scratch": 33554432,
        "device_persistent_or_single_replay_envelope": 785789696,
        "extension_previous_and_current_host_pads": 98304,
        "extension_previous_and_current_root_offset_caches": 36800,
        "full_calibration_table_serialization_difference_upper": 921596,
        "initial_W_and_A_root_offset_caches": 188743552,
        "native_common_owner_host": 42088,
        "original_W_tile_descriptors_host_upper": 252480,
        "original_claim_batch_codec_upper": 928120832,
        "public_padding_host_upper": 55574528,
        "retained_initial_private_host_pads": 6291456,
        "retained_predecessor": 0,
        "sealed_W_mapping_device": 126464,
        "two_public_table_host_payloads": 47908144
      },
      "phase": "native_E_D35_A3_S7_predecessor_E_query_publication",
      "remaining_shared_payload_capacity_bytes": 2876465420
    },
    {
      "is_complete_phase_peak": false,
      "lifetime": "CPU query_tree_with/DFT construction is a preceding lifetime; matrix/private low/work not allocated yet. Reverse/inverse-series/multiply/DFT caches and Vec growth remain explicitly unquantified additional classes.",
      "named_allocation_subtotal_bytes": 2861156884,
      "named_subtotal_exceeds_payload": false,
      "parts": {
        "E_forward_inverse_twiddles": 67110400,
        "E_public_factor_spectra": 704643072,
        "current_inverse_modulus_spectra": 33554432,
        "current_polynomial_level_upper": 16777216,
        "device_persistent_or_single_replay_envelope": 785789696,
        "extension_previous_and_current_host_pads": 98304,
        "extension_previous_and_current_root_offset_caches": 36800,
        "full_calibration_table_serialization_difference_upper": 921596,
        "initial_W_and_A_root_offset_caches": 188743552,
        "native_common_owner_host": 42088,
        "one_upload_conversion": 16777216,
        "original_W_tile_descriptors_host_upper": 252480,
        "original_claim_batch_codec_upper": 928120832,
        "public_padding_host_upper": 55574528,
        "public_points": 8388608,
        "retained_initial_private_host_pads": 6291456,
        "retained_predecessor": 0,
        "sealed_W_mapping_device": 126464,
        "two_public_table_host_payloads": 47908144
      },
      "phase": "native_E_D35_A3_S7_predecessor_E_public_factor_construction",
      "remaining_shared_payload_capacity_bytes": 3044423148
    },
    {
      "is_complete_phase_peak": false,
      "lifetime": "Prescan scratch/device offsets retire before ring/frontier allocation. Current cursor/meta stay for hashing. The current cache is conservatively charged before its top digests are constructed.",
      "named_allocation_subtotal_bytes": 2014077716,
      "named_subtotal_exceeds_payload": false,
      "parts": {
        "device_persistent_or_single_replay_envelope": 785789696,
        "extension_previous_and_current_host_pads": 98304,
        "extension_previous_and_current_root_offset_caches": 36800,
        "full_calibration_table_serialization_difference_upper": 921596,
        "initial_W_and_A_root_offset_caches": 188743552,
        "native_common_owner_host": 42088,
        "original_W_tile_descriptors_host_upper": 252480,
        "original_claim_batch_codec_upper": 928120832,
        "public_padding_host_upper": 55574528,
        "retained_initial_private_host_pads": 6291456,
        "retained_predecessor": 0,
        "salt_current_device": 2048,
        "salt_current_host": 2048,
        "salt_meta": 256,
        "salt_prescan_scratch": 165376,
        "salt_subtree_offsets_device": 2048,
        "sealed_W_mapping_device": 126464,
        "two_public_table_host_payloads": 47908144
      },
      "phase": "native_E_D35_A3_S8_salt_prescan",
      "remaining_shared_payload_capacity_bytes": 3891502316
    },
    {
      "is_complete_phase_peak": false,
      "lifetime": "All stages use R=min(CPU R,H/2), paired cosets. One scratch/twiddle for24 serial base columns. A S1 remains original; later stages read retained planes. No extra A reconstruction.",
      "named_allocation_subtotal_bytes": 2014221204,
      "named_subtotal_exceeds_payload": false,
      "parts": {
        "E_EQ_packet_host_upper": 26240,
        "E_EQ_shape_chunks_tables_pads": 62720,
        "E_forward_twiddles": 2048,
        "E_frontier_group2": 57344,
        "E_high_powers": 512,
        "E_low_powers": 4096,
        "E_original_to_C_pad_marshalling_host_upper": 98304,
        "E_reused_salt_band": 8192,
        "E_ring24R": 49152,
        "E_salt_current_device": 2048,
        "E_salt_current_host": 2048,
        "E_salt_meta": 256,
        "E_sticky_flag": 256,
        "E_transpose_scratch": 2048,
        "device_persistent_or_single_replay_envelope": 785789696,
        "extension_previous_and_current_host_pads": 98304,
        "extension_previous_and_current_root_offset_caches": 36800,
        "full_calibration_table_serialization_difference_upper": 921596,
        "initial_W_and_A_root_offset_caches": 188743552,
        "native_common_owner_host": 42088,
        "original_W_tile_descriptors_host_upper": 252480,
        "original_claim_batch_codec_upper": 928120832,
        "public_padding_host_upper": 55574528,
        "retained_initial_private_host_pads": 6291456,
        "retained_predecessor": 0,
        "sealed_W_mapping_device": 126464,
        "two_public_table_host_payloads": 47908144
      },
      "phase": "native_E_D35_A3_S8_FFT",
      "remaining_shared_payload_capacity_bytes": 3891358828
    },
    {
      "is_complete_phase_peak": false,
      "lifetime": "EQ/pad device packet and powers/FFT auxiliaries retire before hash. Two lanes publish R paired roots; the ring retires before further node outputs, preserving original salts and order.",
      "named_allocation_subtotal_bytes": 2014131732,
      "named_subtotal_exceeds_payload": false,
      "parts": {
        "E_frontier_group2": 57344,
        "E_hash_flag": 256,
        "E_original_to_C_pad_marshalling_host_upper": 98304,
        "E_paired_hash_states_R": 8192,
        "E_ring24R": 49152,
        "E_salt_band": 8192,
        "E_salt_current_device": 2048,
        "E_salt_current_host": 2048,
        "E_salt_meta": 256,
        "device_persistent_or_single_replay_envelope": 785789696,
        "extension_previous_and_current_host_pads": 98304,
        "extension_previous_and_current_root_offset_caches": 36800,
        "full_calibration_table_serialization_difference_upper": 921596,
        "initial_W_and_A_root_offset_caches": 188743552,
        "native_common_owner_host": 42088,
        "original_W_tile_descriptors_host_upper": 252480,
        "original_claim_batch_codec_upper": 928120832,
        "public_padding_host_upper": 55574528,
        "retained_initial_private_host_pads": 6291456,
        "retained_predecessor": 0,
        "sealed_W_mapping_device": 126464,
        "two_public_table_host_payloads": 47908144
      },
      "phase": "native_E_D35_A3_S8_hash",
      "remaining_shared_payload_capacity_bytes": 3891448300
    },
    {
      "is_complete_phase_peak": false,
      "lifetime": "Upper of final reductions after ring/salt retirement; top cache is already conservatively charged.",
      "named_allocation_subtotal_bytes": 2014075924,
      "named_subtotal_exceeds_payload": false,
      "parts": {
        "E_frontier_group2": 57344,
        "E_pad_marshalling_host_upper": 98304,
        "E_roots_and_next_node_output": 12288,
        "E_salt_current_host": 2048,
        "device_persistent_or_single_replay_envelope": 785789696,
        "extension_previous_and_current_host_pads": 98304,
        "extension_previous_and_current_root_offset_caches": 36800,
        "full_calibration_table_serialization_difference_upper": 921596,
        "initial_W_and_A_root_offset_caches": 188743552,
        "native_common_owner_host": 42088,
        "original_W_tile_descriptors_host_upper": 252480,
        "original_claim_batch_codec_upper": 928120832,
        "public_padding_host_upper": 55574528,
        "retained_initial_private_host_pads": 6291456,
        "retained_predecessor": 0,
        "sealed_W_mapping_device": 126464,
        "two_public_table_host_payloads": 47908144
      },
      "phase": "native_E_D35_A3_S8_nodes",
      "remaining_shared_payload_capacity_bytes": 3891504108
    },
    {
      "is_complete_phase_peak": false,
      "lifetime": "One source loader for all3 limbs;4 remainder buffers, no original getter/D2H. 96q matrix+24q Rust column+24q C staging overlap until canonical check/free/publication. Both adjacent caches and predecessor planes stay alive through opening/release.",
      "named_allocation_subtotal_bytes": 2014756884,
      "named_subtotal_exceeds_payload": false,
      "parts": {
        "E_C_staged_column_host": 24576,
        "E_Rust_EQ_packet_host_upper": 25088,
        "E_Rust_column_host": 24576,
        "E_Rust_pad_marshalling_host_upper": 98304,
        "E_forward_inverse_twiddles": 67072,
        "E_four_remainders": 32768,
        "E_private_shape_EQ_and_pads": 62208,
        "E_private_sticky_flag": 256,
        "E_private_three_limb_low": 24576,
        "E_public_factor_spectra": 360448,
        "E_returned_matrix_host": 98304,
        "E_work_and_scratch": 32768,
        "device_persistent_or_single_replay_envelope": 785789696,
        "extension_previous_and_current_host_pads": 98304,
        "extension_previous_and_current_root_offset_caches": 36800,
        "full_calibration_table_serialization_difference_upper": 921596,
        "initial_W_and_A_root_offset_caches": 188743552,
        "native_common_owner_host": 42088,
        "original_W_tile_descriptors_host_upper": 252480,
        "original_claim_batch_codec_upper": 928120832,
        "public_padding_host_upper": 55574528,
        "retained_initial_private_host_pads": 6291456,
        "retained_predecessor": 0,
        "sealed_W_mapping_device": 126464,
        "two_public_table_host_payloads": 47908144
      },
      "phase": "native_E_D35_A3_S8_predecessor_E_query_publication",
      "remaining_shared_payload_capacity_bytes": 3890823148
    },
    {
      "is_complete_phase_peak": false,
      "lifetime": "CPU query_tree_with/DFT construction is a preceding lifetime; matrix/private low/work not allocated yet. Reverse/inverse-series/multiply/DFT caches and Vec growth remain explicitly unquantified additional classes.",
      "named_allocation_subtotal_bytes": 2014407188,
      "named_subtotal_exceeds_payload": false,
      "parts": {
        "E_forward_inverse_twiddles": 67072,
        "E_public_factor_spectra": 360448,
        "current_inverse_modulus_spectra": 32768,
        "current_polynomial_level_upper": 16384,
        "device_persistent_or_single_replay_envelope": 785789696,
        "extension_previous_and_current_host_pads": 98304,
        "extension_previous_and_current_root_offset_caches": 36800,
        "full_calibration_table_serialization_difference_upper": 921596,
        "initial_W_and_A_root_offset_caches": 188743552,
        "native_common_owner_host": 42088,
        "one_upload_conversion": 16384,
        "original_W_tile_descriptors_host_upper": 252480,
        "original_claim_batch_codec_upper": 928120832,
        "public_padding_host_upper": 55574528,
        "public_points": 8192,
        "retained_initial_private_host_pads": 6291456,
        "retained_predecessor": 0,
        "sealed_W_mapping_device": 126464,
        "two_public_table_host_payloads": 47908144
      },
      "phase": "native_E_D35_A3_S8_predecessor_E_public_factor_construction",
      "remaining_shared_payload_capacity_bytes": 3891172844
    },
    {
      "is_complete_phase_peak": false,
      "lifetime": "Prescan scratch/device offsets retire before ring/frontier allocation. Current cursor/meta stay for hashing. The current cache is conservatively charged before its top digests are constructed.",
      "named_allocation_subtotal_bytes": 2013954324,
      "named_subtotal_exceeds_payload": false,
      "parts": {
        "device_persistent_or_single_replay_envelope": 785789696,
        "extension_previous_and_current_host_pads": 98304,
        "extension_previous_and_current_root_offset_caches": 36800,
        "full_calibration_table_serialization_difference_upper": 921596,
        "initial_W_and_A_root_offset_caches": 188743552,
        "native_common_owner_host": 42088,
        "original_W_tile_descriptors_host_upper": 252480,
        "original_claim_batch_codec_upper": 928120832,
        "public_padding_host_upper": 55574528,
        "retained_initial_private_host_pads": 6291456,
        "retained_predecessor": 0,
        "salt_current_device": 2048,
        "salt_current_host": 2048,
        "salt_meta": 256,
        "salt_prescan_scratch": 41984,
        "salt_subtree_offsets_device": 2048,
        "sealed_W_mapping_device": 126464,
        "two_public_table_host_payloads": 47908144
      },
      "phase": "native_E_D35_A3_S9_salt_prescan",
      "remaining_shared_payload_capacity_bytes": 3891625708
    },
    {
      "is_complete_phase_peak": false,
      "lifetime": "All stages use R=min(CPU R,H/2), paired cosets. One scratch/twiddle for24 serial base columns. A S1 remains original; later stages read retained planes. No extra A reconstruction.",
      "named_allocation_subtotal_bytes": 2014211476,
      "named_subtotal_exceeds_payload": false,
      "parts": {
        "E_EQ_packet_host_upper": 30848,
        "E_EQ_shape_chunks_tables_pads": 65024,
        "E_forward_twiddles": 2048,
        "E_frontier_group2": 40960,
        "E_high_powers": 256,
        "E_low_powers": 4096,
        "E_original_to_C_pad_marshalling_host_upper": 98304,
        "E_reused_salt_band": 8192,
        "E_ring24R": 49152,
        "E_salt_current_device": 2048,
        "E_salt_current_host": 2048,
        "E_salt_meta": 256,
        "E_sticky_flag": 256,
        "E_transpose_scratch": 2048,
        "device_persistent_or_single_replay_envelope": 785789696,
        "extension_previous_and_current_host_pads": 98304,
        "extension_previous_and_current_root_offset_caches": 36800,
        "full_calibration_table_serialization_difference_upper": 921596,
        "initial_W_and_A_root_offset_caches": 188743552,
        "native_common_owner_host": 42088,
        "original_W_tile_descriptors_host_upper": 252480,
        "original_claim_batch_codec_upper": 928120832,
        "public_padding_host_upper": 55574528,
        "retained_initial_private_host_pads": 6291456,
        "retained_predecessor": 0,
        "sealed_W_mapping_device": 126464,
        "two_public_table_host_payloads": 47908144
      },
      "phase": "native_E_D35_A3_S9_FFT",
      "remaining_shared_payload_capacity_bytes": 3891368556
    },
    {
      "is_complete_phase_peak": false,
      "lifetime": "EQ/pad device packet and powers/FFT auxiliaries retire before hash. Two lanes publish R paired roots; the ring retires before further node outputs, preserving original salts and order.",
      "named_allocation_subtotal_bytes": 2014115348,
      "named_subtotal_exceeds_payload": false,
      "parts": {
        "E_frontier_group2": 40960,
        "E_hash_flag": 256,
        "E_original_to_C_pad_marshalling_host_upper": 98304,
        "E_paired_hash_states_R": 8192,
        "E_ring24R": 49152,
        "E_salt_band": 8192,
        "E_salt_current_device": 2048,
        "E_salt_current_host": 2048,
        "E_salt_meta": 256,
        "device_persistent_or_single_replay_envelope": 785789696,
        "extension_previous_and_current_host_pads": 98304,
        "extension_previous_and_current_root_offset_caches": 36800,
        "full_calibration_table_serialization_difference_upper": 921596,
        "initial_W_and_A_root_offset_caches": 188743552,
        "native_common_owner_host": 42088,
        "original_W_tile_descriptors_host_upper": 252480,
        "original_claim_batch_codec_upper": 928120832,
        "public_padding_host_upper": 55574528,
        "retained_initial_private_host_pads": 6291456,
        "retained_predecessor": 0,
        "sealed_W_mapping_device": 126464,
        "two_public_table_host_payloads": 47908144
      },
      "phase": "native_E_D35_A3_S9_hash",
      "remaining_shared_payload_capacity_bytes": 3891464684
    },
    {
      "is_complete_phase_peak": false,
      "lifetime": "Upper of final reductions after ring/salt retirement; top cache is already conservatively charged.",
      "named_allocation_subtotal_bytes": 2014059540,
      "named_subtotal_exceeds_payload": false,
      "parts": {
        "E_frontier_group2": 40960,
        "E_pad_marshalling_host_upper": 98304,
        "E_roots_and_next_node_output": 12288,
        "E_salt_current_host": 2048,
        "device_persistent_or_single_replay_envelope": 785789696,
        "extension_previous_and_current_host_pads": 98304,
        "extension_previous_and_current_root_offset_caches": 36800,
        "full_calibration_table_serialization_difference_upper": 921596,
        "initial_W_and_A_root_offset_caches": 188743552,
        "native_common_owner_host": 42088,
        "original_W_tile_descriptors_host_upper": 252480,
        "original_claim_batch_codec_upper": 928120832,
        "public_padding_host_upper": 55574528,
        "retained_initial_private_host_pads": 6291456,
        "retained_predecessor": 0,
        "sealed_W_mapping_device": 126464,
        "two_public_table_host_payloads": 47908144
      },
      "phase": "native_E_D35_A3_S9_nodes",
      "remaining_shared_payload_capacity_bytes": 3891520492
    },
    {
      "is_complete_phase_peak": false,
      "lifetime": "One source loader for all3 limbs;4 remainder buffers, no original getter/D2H. 96q matrix+24q Rust column+24q C staging overlap until canonical check/free/publication. Both adjacent caches and predecessor planes stay alive through opening/release.",
      "named_allocation_subtotal_bytes": 2014758548,
      "named_subtotal_exceeds_payload": false,
      "parts": {
        "E_C_staged_column_host": 24576,
        "E_Rust_EQ_packet_host_upper": 26240,
        "E_Rust_column_host": 24576,
        "E_Rust_pad_marshalling_host_upper": 98304,
        "E_forward_inverse_twiddles": 67072,
        "E_four_remainders": 32768,
        "E_private_shape_EQ_and_pads": 62720,
        "E_private_sticky_flag": 256,
        "E_private_three_limb_low": 24576,
        "E_public_factor_spectra": 360448,
        "E_returned_matrix_host": 98304,
        "E_work_and_scratch": 32768,
        "device_persistent_or_single_replay_envelope": 785789696,
        "extension_previous_and_current_host_pads": 98304,
        "extension_previous_and_current_root_offset_caches": 36800,
        "full_calibration_table_serialization_difference_upper": 921596,
        "initial_W_and_A_root_offset_caches": 188743552,
        "native_common_owner_host": 42088,
        "original_W_tile_descriptors_host_upper": 252480,
        "original_claim_batch_codec_upper": 928120832,
        "public_padding_host_upper": 55574528,
        "retained_initial_private_host_pads": 6291456,
        "retained_predecessor": 0,
        "sealed_W_mapping_device": 126464,
        "two_public_table_host_payloads": 47908144
      },
      "phase": "native_E_D35_A3_S9_predecessor_E_query_publication",
      "remaining_shared_payload_capacity_bytes": 3890821484
    },
    {
      "is_complete_phase_peak": false,
      "lifetime": "CPU query_tree_with/DFT construction is a preceding lifetime; matrix/private low/work not allocated yet. Reverse/inverse-series/multiply/DFT caches and Vec growth remain explicitly unquantified additional classes.",
      "named_allocation_subtotal_bytes": 2014407188,
      "named_subtotal_exceeds_payload": false,
      "parts": {
        "E_forward_inverse_twiddles": 67072,
        "E_public_factor_spectra": 360448,
        "current_inverse_modulus_spectra": 32768,
        "current_polynomial_level_upper": 16384,
        "device_persistent_or_single_replay_envelope": 785789696,
        "extension_previous_and_current_host_pads": 98304,
        "extension_previous_and_current_root_offset_caches": 36800,
        "full_calibration_table_serialization_difference_upper": 921596,
        "initial_W_and_A_root_offset_caches": 188743552,
        "native_common_owner_host": 42088,
        "one_upload_conversion": 16384,
        "original_W_tile_descriptors_host_upper": 252480,
        "original_claim_batch_codec_upper": 928120832,
        "public_padding_host_upper": 55574528,
        "public_points": 8192,
        "retained_initial_private_host_pads": 6291456,
        "retained_predecessor": 0,
        "sealed_W_mapping_device": 126464,
        "two_public_table_host_payloads": 47908144
      },
      "phase": "native_E_D35_A3_S9_predecessor_E_public_factor_construction",
      "remaining_shared_payload_capacity_bytes": 3891172844
    },
    {
      "is_complete_phase_peak": false,
      "lifetime": "Prescan scratch/device offsets retire before ring/frontier allocation. Current cursor/meta stay for hashing. The current cache is conservatively charged before its top digests are constructed.",
      "named_allocation_subtotal_bytes": 2013933844,
      "named_subtotal_exceeds_payload": false,
      "parts": {
        "device_persistent_or_single_replay_envelope": 785789696,
        "extension_previous_and_current_host_pads": 98304,
        "extension_previous_and_current_root_offset_caches": 36800,
        "full_calibration_table_serialization_difference_upper": 921596,
        "initial_W_and_A_root_offset_caches": 188743552,
        "native_common_owner_host": 42088,
        "original_W_tile_descriptors_host_upper": 252480,
        "original_claim_batch_codec_upper": 928120832,
        "public_padding_host_upper": 55574528,
        "retained_initial_private_host_pads": 6291456,
        "retained_predecessor": 0,
        "salt_current_device": 2048,
        "salt_current_host": 2048,
        "salt_meta": 256,
        "salt_prescan_scratch": 21504,
        "salt_subtree_offsets_device": 2048,
        "sealed_W_mapping_device": 126464,
        "two_public_table_host_payloads": 47908144
      },
      "phase": "native_E_D35_A3_S10_salt_prescan",
      "remaining_shared_payload_capacity_bytes": 3891646188
    },
    {
      "is_complete_phase_peak": false,
      "lifetime": "All stages use R=min(CPU R,H/2), paired cosets. One scratch/twiddle for24 serial base columns. A S1 remains original; later stages read retained planes. No extra A reconstruction.",
      "named_allocation_subtotal_bytes": 2014212868,
      "named_subtotal_exceeds_payload": false,
      "parts": {
        "E_EQ_packet_host_upper": 37104,
        "E_EQ_shape_chunks_tables_pads": 68352,
        "E_forward_twiddles": 2048,
        "E_frontier_group2": 32768,
        "E_high_powers": 256,
        "E_low_powers": 4096,
        "E_original_to_C_pad_marshalling_host_upper": 98304,
        "E_reused_salt_band": 8192,
        "E_ring24R": 49152,
        "E_salt_current_device": 2048,
        "E_salt_current_host": 2048,
        "E_salt_meta": 256,
        "E_sticky_flag": 256,
        "E_transpose_scratch": 2048,
        "device_persistent_or_single_replay_envelope": 785789696,
        "extension_previous_and_current_host_pads": 98304,
        "extension_previous_and_current_root_offset_caches": 36800,
        "full_calibration_table_serialization_difference_upper": 921596,
        "initial_W_and_A_root_offset_caches": 188743552,
        "native_common_owner_host": 42088,
        "original_W_tile_descriptors_host_upper": 252480,
        "original_claim_batch_codec_upper": 928120832,
        "public_padding_host_upper": 55574528,
        "retained_initial_private_host_pads": 6291456,
        "retained_predecessor": 0,
        "sealed_W_mapping_device": 126464,
        "two_public_table_host_payloads": 47908144
      },
      "phase": "native_E_D35_A3_S10_FFT",
      "remaining_shared_payload_capacity_bytes": 3891367164
    },
    {
      "is_complete_phase_peak": false,
      "lifetime": "EQ/pad device packet and powers/FFT auxiliaries retire before hash. Two lanes publish R paired roots; the ring retires before further node outputs, preserving original salts and order.",
      "named_allocation_subtotal_bytes": 2014107156,
      "named_subtotal_exceeds_payload": false,
      "parts": {
        "E_frontier_group2": 32768,
        "E_hash_flag": 256,
        "E_original_to_C_pad_marshalling_host_upper": 98304,
        "E_paired_hash_states_R": 8192,
        "E_ring24R": 49152,
        "E_salt_band": 8192,
        "E_salt_current_device": 2048,
        "E_salt_current_host": 2048,
        "E_salt_meta": 256,
        "device_persistent_or_single_replay_envelope": 785789696,
        "extension_previous_and_current_host_pads": 98304,
        "extension_previous_and_current_root_offset_caches": 36800,
        "full_calibration_table_serialization_difference_upper": 921596,
        "initial_W_and_A_root_offset_caches": 188743552,
        "native_common_owner_host": 42088,
        "original_W_tile_descriptors_host_upper": 252480,
        "original_claim_batch_codec_upper": 928120832,
        "public_padding_host_upper": 55574528,
        "retained_initial_private_host_pads": 6291456,
        "retained_predecessor": 0,
        "sealed_W_mapping_device": 126464,
        "two_public_table_host_payloads": 47908144
      },
      "phase": "native_E_D35_A3_S10_hash",
      "remaining_shared_payload_capacity_bytes": 3891472876
    },
    {
      "is_complete_phase_peak": false,
      "lifetime": "Upper of final reductions after ring/salt retirement; top cache is already conservatively charged.",
      "named_allocation_subtotal_bytes": 2014051348,
      "named_subtotal_exceeds_payload": false,
      "parts": {
        "E_frontier_group2": 32768,
        "E_pad_marshalling_host_upper": 98304,
        "E_roots_and_next_node_output": 12288,
        "E_salt_current_host": 2048,
        "device_persistent_or_single_replay_envelope": 785789696,
        "extension_previous_and_current_host_pads": 98304,
        "extension_previous_and_current_root_offset_caches": 36800,
        "full_calibration_table_serialization_difference_upper": 921596,
        "initial_W_and_A_root_offset_caches": 188743552,
        "native_common_owner_host": 42088,
        "original_W_tile_descriptors_host_upper": 252480,
        "original_claim_batch_codec_upper": 928120832,
        "public_padding_host_upper": 55574528,
        "retained_initial_private_host_pads": 6291456,
        "retained_predecessor": 0,
        "sealed_W_mapping_device": 126464,
        "two_public_table_host_payloads": 47908144
      },
      "phase": "native_E_D35_A3_S10_nodes",
      "remaining_shared_payload_capacity_bytes": 3891528684
    },
    {
      "is_complete_phase_peak": false,
      "lifetime": "One source loader for all3 limbs;4 remainder buffers, no original getter/D2H. 96q matrix+24q Rust column+24q C staging overlap until canonical check/free/publication. Both adjacent caches and predecessor planes stay alive through opening/release.",
      "named_allocation_subtotal_bytes": 2014765460,
      "named_subtotal_exceeds_payload": false,
      "parts": {
        "E_C_staged_column_host": 24576,
        "E_Rust_EQ_packet_host_upper": 30848,
        "E_Rust_column_host": 24576,
        "E_Rust_pad_marshalling_host_upper": 98304,
        "E_forward_inverse_twiddles": 67072,
        "E_four_remainders": 32768,
        "E_private_shape_EQ_and_pads": 65024,
        "E_private_sticky_flag": 256,
        "E_private_three_limb_low": 24576,
        "E_public_factor_spectra": 360448,
        "E_returned_matrix_host": 98304,
        "E_work_and_scratch": 32768,
        "device_persistent_or_single_replay_envelope": 785789696,
        "extension_previous_and_current_host_pads": 98304,
        "extension_previous_and_current_root_offset_caches": 36800,
        "full_calibration_table_serialization_difference_upper": 921596,
        "initial_W_and_A_root_offset_caches": 188743552,
        "native_common_owner_host": 42088,
        "original_W_tile_descriptors_host_upper": 252480,
        "original_claim_batch_codec_upper": 928120832,
        "public_padding_host_upper": 55574528,
        "retained_initial_private_host_pads": 6291456,
        "retained_predecessor": 0,
        "sealed_W_mapping_device": 126464,
        "two_public_table_host_payloads": 47908144
      },
      "phase": "native_E_D35_A3_S10_predecessor_E_query_publication",
      "remaining_shared_payload_capacity_bytes": 3890814572
    },
    {
      "is_complete_phase_peak": false,
      "lifetime": "CPU query_tree_with/DFT construction is a preceding lifetime; matrix/private low/work not allocated yet. Reverse/inverse-series/multiply/DFT caches and Vec growth remain explicitly unquantified additional classes.",
      "named_allocation_subtotal_bytes": 2014407188,
      "named_subtotal_exceeds_payload": false,
      "parts": {
        "E_forward_inverse_twiddles": 67072,
        "E_public_factor_spectra": 360448,
        "current_inverse_modulus_spectra": 32768,
        "current_polynomial_level_upper": 16384,
        "device_persistent_or_single_replay_envelope": 785789696,
        "extension_previous_and_current_host_pads": 98304,
        "extension_previous_and_current_root_offset_caches": 36800,
        "full_calibration_table_serialization_difference_upper": 921596,
        "initial_W_and_A_root_offset_caches": 188743552,
        "native_common_owner_host": 42088,
        "one_upload_conversion": 16384,
        "original_W_tile_descriptors_host_upper": 252480,
        "original_claim_batch_codec_upper": 928120832,
        "public_padding_host_upper": 55574528,
        "public_points": 8192,
        "retained_initial_private_host_pads": 6291456,
        "retained_predecessor": 0,
        "sealed_W_mapping_device": 126464,
        "two_public_table_host_payloads": 47908144
      },
      "phase": "native_E_D35_A3_S10_predecessor_E_public_factor_construction",
      "remaining_shared_payload_capacity_bytes": 3891172844
    },
    {
      "is_complete_phase_peak": false,
      "lifetime": "Prescan scratch/device offsets retire before ring/frontier allocation. Current cursor/meta stay for hashing. The current cache is conservatively charged before its top digests are constructed.",
      "named_allocation_subtotal_bytes": 2013933844,
      "named_subtotal_exceeds_payload": false,
      "parts": {
        "device_persistent_or_single_replay_envelope": 785789696,
        "extension_previous_and_current_host_pads": 98304,
        "extension_previous_and_current_root_offset_caches": 36800,
        "full_calibration_table_serialization_difference_upper": 921596,
        "initial_W_and_A_root_offset_caches": 188743552,
        "native_common_owner_host": 42088,
        "original_W_tile_descriptors_host_upper": 252480,
        "original_claim_batch_codec_upper": 928120832,
        "public_padding_host_upper": 55574528,
        "retained_initial_private_host_pads": 6291456,
        "retained_predecessor": 0,
        "salt_current_device": 2048,
        "salt_current_host": 2048,
        "salt_meta": 256,
        "salt_prescan_scratch": 21504,
        "salt_subtree_offsets_device": 2048,
        "sealed_W_mapping_device": 126464,
        "two_public_table_host_payloads": 47908144
      },
      "phase": "native_E_D35_A3_S11_salt_prescan",
      "remaining_shared_payload_capacity_bytes": 3891646188
    },
    {
      "is_complete_phase_peak": false,
      "lifetime": "All stages use R=min(CPU R,H/2), paired cosets. One scratch/twiddle for24 serial base columns. A S1 remains original; later stages read retained planes. No extra A reconstruction.",
      "named_allocation_subtotal_bytes": 2014213156,
      "named_subtotal_exceeds_payload": false,
      "parts": {
        "E_EQ_packet_host_upper": 37392,
        "E_EQ_shape_chunks_tables_pads": 68352,
        "E_forward_twiddles": 2048,
        "E_frontier_group2": 32768,
        "E_high_powers": 256,
        "E_low_powers": 4096,
        "E_original_to_C_pad_marshalling_host_upper": 98304,
        "E_reused_salt_band": 8192,
        "E_ring24R": 49152,
        "E_salt_current_device": 2048,
        "E_salt_current_host": 2048,
        "E_salt_meta": 256,
        "E_sticky_flag": 256,
        "E_transpose_scratch": 2048,
        "device_persistent_or_single_replay_envelope": 785789696,
        "extension_previous_and_current_host_pads": 98304,
        "extension_previous_and_current_root_offset_caches": 36800,
        "full_calibration_table_serialization_difference_upper": 921596,
        "initial_W_and_A_root_offset_caches": 188743552,
        "native_common_owner_host": 42088,
        "original_W_tile_descriptors_host_upper": 252480,
        "original_claim_batch_codec_upper": 928120832,
        "public_padding_host_upper": 55574528,
        "retained_initial_private_host_pads": 6291456,
        "retained_predecessor": 0,
        "sealed_W_mapping_device": 126464,
        "two_public_table_host_payloads": 47908144
      },
      "phase": "native_E_D35_A3_S11_FFT",
      "remaining_shared_payload_capacity_bytes": 3891366876
    },
    {
      "is_complete_phase_peak": false,
      "lifetime": "EQ/pad device packet and powers/FFT auxiliaries retire before hash. Two lanes publish R paired roots; the ring retires before further node outputs, preserving original salts and order.",
      "named_allocation_subtotal_bytes": 2014107156,
      "named_subtotal_exceeds_payload": false,
      "parts": {
        "E_frontier_group2": 32768,
        "E_hash_flag": 256,
        "E_original_to_C_pad_marshalling_host_upper": 98304,
        "E_paired_hash_states_R": 8192,
        "E_ring24R": 49152,
        "E_salt_band": 8192,
        "E_salt_current_device": 2048,
        "E_salt_current_host": 2048,
        "E_salt_meta": 256,
        "device_persistent_or_single_replay_envelope": 785789696,
        "extension_previous_and_current_host_pads": 98304,
        "extension_previous_and_current_root_offset_caches": 36800,
        "full_calibration_table_serialization_difference_upper": 921596,
        "initial_W_and_A_root_offset_caches": 188743552,
        "native_common_owner_host": 42088,
        "original_W_tile_descriptors_host_upper": 252480,
        "original_claim_batch_codec_upper": 928120832,
        "public_padding_host_upper": 55574528,
        "retained_initial_private_host_pads": 6291456,
        "retained_predecessor": 0,
        "sealed_W_mapping_device": 126464,
        "two_public_table_host_payloads": 47908144
      },
      "phase": "native_E_D35_A3_S11_hash",
      "remaining_shared_payload_capacity_bytes": 3891472876
    },
    {
      "is_complete_phase_peak": false,
      "lifetime": "Upper of final reductions after ring/salt retirement; top cache is already conservatively charged.",
      "named_allocation_subtotal_bytes": 2014051348,
      "named_subtotal_exceeds_payload": false,
      "parts": {
        "E_frontier_group2": 32768,
        "E_pad_marshalling_host_upper": 98304,
        "E_roots_and_next_node_output": 12288,
        "E_salt_current_host": 2048,
        "device_persistent_or_single_replay_envelope": 785789696,
        "extension_previous_and_current_host_pads": 98304,
        "extension_previous_and_current_root_offset_caches": 36800,
        "full_calibration_table_serialization_difference_upper": 921596,
        "initial_W_and_A_root_offset_caches": 188743552,
        "native_common_owner_host": 42088,
        "original_W_tile_descriptors_host_upper": 252480,
        "original_claim_batch_codec_upper": 928120832,
        "public_padding_host_upper": 55574528,
        "retained_initial_private_host_pads": 6291456,
        "retained_predecessor": 0,
        "sealed_W_mapping_device": 126464,
        "two_public_table_host_payloads": 47908144
      },
      "phase": "native_E_D35_A3_S11_nodes",
      "remaining_shared_payload_capacity_bytes": 3891528684
    },
    {
      "is_complete_phase_peak": false,
      "lifetime": "One source loader for all3 limbs;4 remainder buffers, no original getter/D2H. 96q matrix+24q Rust column+24q C staging overlap until canonical check/free/publication. Both adjacent caches and predecessor planes stay alive through opening/release.",
      "named_allocation_subtotal_bytes": 2014775044,
      "named_subtotal_exceeds_payload": false,
      "parts": {
        "E_C_staged_column_host": 24576,
        "E_Rust_EQ_packet_host_upper": 37104,
        "E_Rust_column_host": 24576,
        "E_Rust_pad_marshalling_host_upper": 98304,
        "E_forward_inverse_twiddles": 67072,
        "E_four_remainders": 32768,
        "E_private_shape_EQ_and_pads": 68352,
        "E_private_sticky_flag": 256,
        "E_private_three_limb_low": 24576,
        "E_public_factor_spectra": 360448,
        "E_returned_matrix_host": 98304,
        "E_work_and_scratch": 32768,
        "device_persistent_or_single_replay_envelope": 785789696,
        "extension_previous_and_current_host_pads": 98304,
        "extension_previous_and_current_root_offset_caches": 36800,
        "full_calibration_table_serialization_difference_upper": 921596,
        "initial_W_and_A_root_offset_caches": 188743552,
        "native_common_owner_host": 42088,
        "original_W_tile_descriptors_host_upper": 252480,
        "original_claim_batch_codec_upper": 928120832,
        "public_padding_host_upper": 55574528,
        "retained_initial_private_host_pads": 6291456,
        "retained_predecessor": 0,
        "sealed_W_mapping_device": 126464,
        "two_public_table_host_payloads": 47908144
      },
      "phase": "native_E_D35_A3_S11_predecessor_E_query_publication",
      "remaining_shared_payload_capacity_bytes": 3890804988
    },
    {
      "is_complete_phase_peak": false,
      "lifetime": "CPU query_tree_with/DFT construction is a preceding lifetime; matrix/private low/work not allocated yet. Reverse/inverse-series/multiply/DFT caches and Vec growth remain explicitly unquantified additional classes.",
      "named_allocation_subtotal_bytes": 2014407188,
      "named_subtotal_exceeds_payload": false,
      "parts": {
        "E_forward_inverse_twiddles": 67072,
        "E_public_factor_spectra": 360448,
        "current_inverse_modulus_spectra": 32768,
        "current_polynomial_level_upper": 16384,
        "device_persistent_or_single_replay_envelope": 785789696,
        "extension_previous_and_current_host_pads": 98304,
        "extension_previous_and_current_root_offset_caches": 36800,
        "full_calibration_table_serialization_difference_upper": 921596,
        "initial_W_and_A_root_offset_caches": 188743552,
        "native_common_owner_host": 42088,
        "one_upload_conversion": 16384,
        "original_W_tile_descriptors_host_upper": 252480,
        "original_claim_batch_codec_upper": 928120832,
        "public_padding_host_upper": 55574528,
        "public_points": 8192,
        "retained_initial_private_host_pads": 6291456,
        "retained_predecessor": 0,
        "sealed_W_mapping_device": 126464,
        "two_public_table_host_payloads": 47908144
      },
      "phase": "native_E_D35_A3_S11_predecessor_E_public_factor_construction",
      "remaining_shared_payload_capacity_bytes": 3891172844
    },
    {
      "is_complete_phase_peak": false,
      "lifetime": "Last selected extension also uses native E query; fresh base-case mask/main caches, CPU proof vectors and already opened paths remain separate additional classes, never silently treated as absent.",
      "named_allocation_subtotal_bytes": 2014707780,
      "named_subtotal_exceeds_payload": false,
      "parts": {
        "E_C_staged_column_host": 24576,
        "E_Rust_EQ_packet_host_upper": 37392,
        "E_Rust_column_host": 24576,
        "E_Rust_pad_marshalling_host_upper": 98304,
        "E_forward_inverse_twiddles": 67072,
        "E_four_remainders": 32768,
        "E_private_shape_EQ_and_pads": 68352,
        "E_private_sticky_flag": 256,
        "E_private_three_limb_low": 24576,
        "E_public_factor_spectra": 360448,
        "E_returned_matrix_host": 98304,
        "E_work_and_scratch": 32768,
        "current_extension_cache": 18400,
        "current_extension_host_pads": 49152,
        "device_persistent_or_single_replay_envelope": 785789696,
        "full_calibration_table_serialization_difference_upper": 921596,
        "initial_W_and_A_root_offset_caches": 188743552,
        "native_common_owner_host": 42088,
        "original_W_tile_descriptors_host_upper": 252480,
        "original_claim_batch_codec_upper": 928120832,
        "public_padding_host_upper": 55574528,
        "retained_initial_private_host_pads": 6291456,
        "retained_three_planes": 0,
        "sealed_W_mapping_device": 126464,
        "two_public_table_host_payloads": 47908144
      },
      "phase": "native_E_D35_A3_final_source_open",
      "remaining_shared_payload_capacity_bytes": 3890872252
    },
    {
      "is_complete_phase_peak": false,
      "lifetime": "Final query construction has the same preceding lifetime and explicit additional CPU temporaries.",
      "named_allocation_subtotal_bytes": 2014339636,
      "named_subtotal_exceeds_payload": false,
      "parts": {
        "E_forward_inverse_twiddles": 67072,
        "E_public_factor_spectra": 360448,
        "current_extension_cache": 18400,
        "current_extension_host_pads": 49152,
        "current_inverse_modulus_spectra": 32768,
        "current_polynomial_level_upper": 16384,
        "device_persistent_or_single_replay_envelope": 785789696,
        "full_calibration_table_serialization_difference_upper": 921596,
        "initial_W_and_A_root_offset_caches": 188743552,
        "native_common_owner_host": 42088,
        "one_upload_conversion": 16384,
        "original_W_tile_descriptors_host_upper": 252480,
        "original_claim_batch_codec_upper": 928120832,
        "public_padding_host_upper": 55574528,
        "public_points": 8192,
        "retained_initial_private_host_pads": 6291456,
        "retained_three_planes": 0,
        "sealed_W_mapping_device": 126464,
        "two_public_table_host_payloads": 47908144
      },
      "phase": "native_E_D35_A3_final_public_factor_construction",
      "remaining_shared_payload_capacity_bytes": 3891240396
    },
    {
      "is_complete_phase_peak": false,
      "lifetime": "Prescan scratch/device offsets retire before ring/frontier allocation. Current cursor/meta stay for hashing. The current cache is conservatively charged before its top digests are constructed.",
      "named_allocation_subtotal_bytes": 1698564916,
      "named_subtotal_exceeds_payload": false,
      "parts": {
        "device_persistent_or_single_replay_envelope": 785789696,
        "extension_previous_and_current_host_pads": 49152,
        "extension_previous_and_current_root_offset_caches": 9437152,
        "full_calibration_table_serialization_difference_upper": 921596,
        "initial_W_and_A_root_offset_caches": 188743552,
        "native_common_owner_host": 42088,
        "original_W_tile_descriptors_host_upper": 252480,
        "original_claim_batch_codec_upper": 457768960,
        "public_padding_host_upper": 55574528,
        "retained_initial_private_host_pads": 6291456,
        "retained_predecessor": 0,
        "salt_current_device": 67108864,
        "salt_current_host": 67108864,
        "salt_meta": 256,
        "salt_prescan_scratch": 10519552,
        "salt_subtree_offsets_device": 1048576,
        "two_public_table_host_payloads": 47908144
      },
      "phase": "native_E_D34_A3_S1_salt_prescan",
      "remaining_shared_payload_capacity_bytes": 4207015116
    },
    {
      "is_complete_phase_peak": false,
      "lifetime": "All stages use R=min(CPU R,H/2), paired cosets. One scratch/twiddle for24 serial base columns. A S1 remains original; later stages read retained planes. No extra A reconstruction.",
      "named_allocation_subtotal_bytes": 4910477204,
      "named_subtotal_exceeds_payload": false,
      "parts": {
        "E_EQ_packet_host_upper": 6240,
        "E_EQ_shape_chunks_tables_pads": 52736,
        "E_forward_twiddles": 67108864,
        "E_frontier_group2": 1342177280,
        "E_high_powers": 256,
        "E_low_powers": 134217728,
        "E_original_to_C_pad_marshalling_host_upper": 98304,
        "E_reused_salt_band": 2097152,
        "E_ring24R": 1610612736,
        "E_salt_current_device": 67108864,
        "E_salt_current_host": 67108864,
        "E_salt_meta": 256,
        "E_sticky_flag": 256,
        "E_transpose_scratch": 67108864,
        "device_persistent_or_single_replay_envelope": 785789696,
        "extension_previous_and_current_host_pads": 49152,
        "extension_previous_and_current_root_offset_caches": 9437152,
        "full_calibration_table_serialization_difference_upper": 921596,
        "initial_W_and_A_root_offset_caches": 188743552,
        "native_common_owner_host": 42088,
        "original_W_tile_descriptors_host_upper": 252480,
        "original_claim_batch_codec_upper": 457768960,
        "public_padding_host_upper": 55574528,
        "retained_initial_private_host_pads": 6291456,
        "retained_predecessor": 0,
        "two_public_table_host_payloads": 47908144
      },
      "phase": "native_E_D34_A3_S1_FFT",
      "remaining_shared_payload_capacity_bytes": 995102828
    },
    {
      "is_complete_phase_peak": false,
      "lifetime": "EQ/pad device packet and powers/FFT auxiliaries retire before hash. Two lanes publish R paired roots; the ring retires before further node outputs, preserving original salts and order.",
      "named_allocation_subtotal_bytes": 4910417972,
      "named_subtotal_exceeds_payload": false,
      "parts": {
        "E_frontier_group2": 1342177280,
        "E_hash_flag": 256,
        "E_original_to_C_pad_marshalling_host_upper": 98304,
        "E_paired_hash_states_R": 268435456,
        "E_ring24R": 1610612736,
        "E_salt_band": 2097152,
        "E_salt_current_device": 67108864,
        "E_salt_current_host": 67108864,
        "E_salt_meta": 256,
        "device_persistent_or_single_replay_envelope": 785789696,
        "extension_previous_and_current_host_pads": 49152,
        "extension_previous_and_current_root_offset_caches": 9437152,
        "full_calibration_table_serialization_difference_upper": 921596,
        "initial_W_and_A_root_offset_caches": 188743552,
        "native_common_owner_host": 42088,
        "original_W_tile_descriptors_host_upper": 252480,
        "original_claim_batch_codec_upper": 457768960,
        "public_padding_host_upper": 55574528,
        "retained_initial_private_host_pads": 6291456,
        "retained_predecessor": 0,
        "two_public_table_host_payloads": 47908144
      },
      "phase": "native_E_D34_A3_S1_hash",
      "remaining_shared_payload_capacity_bytes": 995162060
    },
    {
      "is_complete_phase_peak": false,
      "lifetime": "Upper of final reductions after ring/salt retirement; top cache is already conservatively charged.",
      "named_allocation_subtotal_bytes": 3364816436,
      "named_subtotal_exceeds_payload": false,
      "parts": {
        "E_frontier_group2": 1342177280,
        "E_pad_marshalling_host_upper": 98304,
        "E_roots_and_next_node_output": 402653184,
        "E_salt_current_host": 67108864,
        "device_persistent_or_single_replay_envelope": 785789696,
        "extension_previous_and_current_host_pads": 49152,
        "extension_previous_and_current_root_offset_caches": 9437152,
        "full_calibration_table_serialization_difference_upper": 921596,
        "initial_W_and_A_root_offset_caches": 188743552,
        "native_common_owner_host": 42088,
        "original_W_tile_descriptors_host_upper": 252480,
        "original_claim_batch_codec_upper": 457768960,
        "public_padding_host_upper": 55574528,
        "retained_initial_private_host_pads": 6291456,
        "retained_predecessor": 0,
        "two_public_table_host_payloads": 47908144
      },
      "phase": "native_E_D34_A3_S1_nodes",
      "remaining_shared_payload_capacity_bytes": 2540763596
    },
    {
      "is_complete_phase_peak": false,
      "lifetime": "Exactly once after original A query/lease release; original query scratch is retired. No host duplicate S1.",
      "named_allocation_subtotal_bytes": 4774014356,
      "named_subtotal_exceeds_payload": false,
      "parts": {
        "current_extension_cache": 9437152,
        "current_extension_host_pads": 49152,
        "device_persistent_or_single_replay_envelope": 785789696,
        "full_calibration_table_serialization_difference_upper": 921596,
        "initial_W_and_A_root_offset_caches": 188743552,
        "native_common_owner_host": 42088,
        "original_W_tile_descriptors_host_upper": 252480,
        "original_claim_batch_codec_upper": 457768960,
        "public_padding_host_upper": 55574528,
        "retained_initial_private_host_pads": 6291456,
        "retained_three_planes": 3221225472,
        "retention_EQ_host_upper": 6240,
        "retention_EQ_packet": 3584,
        "retention_flag": 256,
        "two_public_table_host_payloads": 47908144
      },
      "phase": "native_E_D34_A3_S1_late_retention",
      "remaining_shared_payload_capacity_bytes": 1131565676
    },
    {
      "is_complete_phase_peak": false,
      "lifetime": "Prescan scratch/device offsets retire before ring/frontier allocation. Current cursor/meta stay for hashing. The current cache is conservatively charged before its top digests are constructed.",
      "named_allocation_subtotal_bytes": 4820749076,
      "named_subtotal_exceeds_payload": false,
      "parts": {
        "device_persistent_or_single_replay_envelope": 785789696,
        "extension_previous_and_current_host_pads": 98304,
        "extension_previous_and_current_root_offset_caches": 11796416,
        "full_calibration_table_serialization_difference_upper": 921596,
        "initial_W_and_A_root_offset_caches": 188743552,
        "native_common_owner_host": 42088,
        "original_W_tile_descriptors_host_upper": 252480,
        "original_claim_batch_codec_upper": 457768960,
        "public_padding_host_upper": 55574528,
        "retained_initial_private_host_pads": 6291456,
        "retained_predecessor": 3221225472,
        "salt_current_device": 16777216,
        "salt_current_host": 16777216,
        "salt_meta": 256,
        "salt_prescan_scratch": 10519552,
        "salt_subtree_offsets_device": 262144,
        "two_public_table_host_payloads": 47908144
      },
      "phase": "native_E_D34_A3_S2_salt_prescan",
      "remaining_shared_payload_capacity_bytes": 1084830956
    },
    {
      "is_complete_phase_peak": false,
      "lifetime": "All stages use R=min(CPU R,H/2), paired cosets. One scratch/twiddle for24 serial base columns. A S1 remains original; later stages read retained planes. No extra A reconstruction.",
      "named_allocation_subtotal_bytes": 5617519924,
      "named_subtotal_exceeds_payload": false,
      "parts": {
        "E_EQ_packet_host_upper": 288,
        "E_EQ_shape_chunks_tables_pads": 49920,
        "E_forward_twiddles": 16777216,
        "E_frontier_group2": 335544320,
        "E_high_powers": 256,
        "E_low_powers": 33554432,
        "E_original_to_C_pad_marshalling_host_upper": 98304,
        "E_reused_salt_band": 2097152,
        "E_ring24R": 402653184,
        "E_salt_current_device": 16777216,
        "E_salt_current_host": 16777216,
        "E_salt_meta": 256,
        "E_sticky_flag": 256,
        "E_transpose_scratch": 16777216,
        "device_persistent_or_single_replay_envelope": 785789696,
        "extension_previous_and_current_host_pads": 98304,
        "extension_previous_and_current_root_offset_caches": 11796416,
        "full_calibration_table_serialization_difference_upper": 921596,
        "initial_W_and_A_root_offset_caches": 188743552,
        "native_common_owner_host": 42088,
        "original_W_tile_descriptors_host_upper": 252480,
        "original_claim_batch_codec_upper": 457768960,
        "public_padding_host_upper": 55574528,
        "retained_initial_private_host_pads": 6291456,
        "retained_predecessor": 3221225472,
        "two_public_table_host_payloads": 47908144
      },
      "phase": "native_E_D34_A3_S2_FFT",
      "remaining_shared_payload_capacity_bytes": 288060108
    },
    {
      "is_complete_phase_peak": false,
      "lifetime": "EQ/pad device packet and powers/FFT auxiliaries retire before hash. Two lanes publish R paired roots; the ring retires before further node outputs, preserving original salts and order.",
      "named_allocation_subtotal_bytes": 5617469460,
      "named_subtotal_exceeds_payload": false,
      "parts": {
        "E_frontier_group2": 335544320,
        "E_hash_flag": 256,
        "E_original_to_C_pad_marshalling_host_upper": 98304,
        "E_paired_hash_states_R": 67108864,
        "E_ring24R": 402653184,
        "E_salt_band": 2097152,
        "E_salt_current_device": 16777216,
        "E_salt_current_host": 16777216,
        "E_salt_meta": 256,
        "device_persistent_or_single_replay_envelope": 785789696,
        "extension_previous_and_current_host_pads": 98304,
        "extension_previous_and_current_root_offset_caches": 11796416,
        "full_calibration_table_serialization_difference_upper": 921596,
        "initial_W_and_A_root_offset_caches": 188743552,
        "native_common_owner_host": 42088,
        "original_W_tile_descriptors_host_upper": 252480,
        "original_claim_batch_codec_upper": 457768960,
        "public_padding_host_upper": 55574528,
        "retained_initial_private_host_pads": 6291456,
        "retained_predecessor": 3221225472,
        "two_public_table_host_payloads": 47908144
      },
      "phase": "native_E_D34_A3_S2_hash",
      "remaining_shared_payload_capacity_bytes": 288110572
    },
    {
      "is_complete_phase_peak": false,
      "lifetime": "Upper of final reductions after ring/salt retirement; top cache is already conservatively charged.",
      "named_allocation_subtotal_bytes": 5229495828,
      "named_subtotal_exceeds_payload": false,
      "parts": {
        "E_frontier_group2": 335544320,
        "E_pad_marshalling_host_upper": 98304,
        "E_roots_and_next_node_output": 100663296,
        "E_salt_current_host": 16777216,
        "device_persistent_or_single_replay_envelope": 785789696,
        "extension_previous_and_current_host_pads": 98304,
        "extension_previous_and_current_root_offset_caches": 11796416,
        "full_calibration_table_serialization_difference_upper": 921596,
        "initial_W_and_A_root_offset_caches": 188743552,
        "native_common_owner_host": 42088,
        "original_W_tile_descriptors_host_upper": 252480,
        "original_claim_batch_codec_upper": 457768960,
        "public_padding_host_upper": 55574528,
        "retained_initial_private_host_pads": 6291456,
        "retained_predecessor": 3221225472,
        "two_public_table_host_payloads": 47908144
      },
      "phase": "native_E_D34_A3_S2_nodes",
      "remaining_shared_payload_capacity_bytes": 676084204
    },
    {
      "is_complete_phase_peak": false,
      "lifetime": "One source loader for all3 limbs;4 remainder buffers, no original getter/D2H. 96q matrix+24q Rust column+24q C staging overlap until canonical check/free/publication. Both adjacent caches and predecessor planes stay alive through opening/release.",
      "named_allocation_subtotal_bytes": 5791584564,
      "named_subtotal_exceeds_payload": false,
      "parts": {
        "E_C_staged_column_host": 25165824,
        "E_Rust_EQ_packet_host_upper": 288,
        "E_Rust_column_host": 25165824,
        "E_Rust_pad_marshalling_host_upper": 98304,
        "E_forward_inverse_twiddles": 67110400,
        "E_four_remainders": 33554432,
        "E_private_shape_EQ_and_pads": 49920,
        "E_private_sticky_flag": 256,
        "E_private_three_limb_low": 25165824,
        "E_public_factor_spectra": 704643072,
        "E_returned_matrix_host": 100663296,
        "E_work_and_scratch": 33554432,
        "device_persistent_or_single_replay_envelope": 785789696,
        "extension_previous_and_current_host_pads": 98304,
        "extension_previous_and_current_root_offset_caches": 11796416,
        "full_calibration_table_serialization_difference_upper": 921596,
        "initial_W_and_A_root_offset_caches": 188743552,
        "native_common_owner_host": 42088,
        "original_W_tile_descriptors_host_upper": 252480,
        "original_claim_batch_codec_upper": 457768960,
        "public_padding_host_upper": 55574528,
        "retained_initial_private_host_pads": 6291456,
        "retained_predecessor": 3221225472,
        "two_public_table_host_payloads": 47908144
      },
      "phase": "native_E_D34_A3_S2_predecessor_E_query_publication",
      "remaining_shared_payload_capacity_bytes": 113995468
    },
    {
      "is_complete_phase_peak": false,
      "lifetime": "CPU query_tree_with/DFT construction is a preceding lifetime; matrix/private low/work not allocated yet. Reverse/inverse-series/multiply/DFT caches and Vec growth remain explicitly unquantified additional classes.",
      "named_allocation_subtotal_bytes": 5623663636,
      "named_subtotal_exceeds_payload": false,
      "parts": {
        "E_forward_inverse_twiddles": 67110400,
        "E_public_factor_spectra": 704643072,
        "current_inverse_modulus_spectra": 33554432,
        "current_polynomial_level_upper": 16777216,
        "device_persistent_or_single_replay_envelope": 785789696,
        "extension_previous_and_current_host_pads": 98304,
        "extension_previous_and_current_root_offset_caches": 11796416,
        "full_calibration_table_serialization_difference_upper": 921596,
        "initial_W_and_A_root_offset_caches": 188743552,
        "native_common_owner_host": 42088,
        "one_upload_conversion": 16777216,
        "original_W_tile_descriptors_host_upper": 252480,
        "original_claim_batch_codec_upper": 457768960,
        "public_padding_host_upper": 55574528,
        "public_points": 8388608,
        "retained_initial_private_host_pads": 6291456,
        "retained_predecessor": 3221225472,
        "two_public_table_host_payloads": 47908144
      },
      "phase": "native_E_D34_A3_S2_predecessor_E_public_factor_construction",
      "remaining_shared_payload_capacity_bytes": 281916396
    },
    {
      "is_complete_phase_peak": false,
      "lifetime": "Old+new planes coexist through successful fold/fence/typed retirement; previous cache already released.",
      "named_allocation_subtotal_bytes": 5572233012,
      "named_subtotal_exceeds_payload": false,
      "parts": {
        "current_extension_cache": 2359264,
        "current_extension_host_pads": 49152,
        "device_persistent_or_single_replay_envelope": 785789696,
        "fold_flag": 256,
        "full_calibration_table_serialization_difference_upper": 921596,
        "initial_W_and_A_root_offset_caches": 188743552,
        "native_common_owner_host": 42088,
        "original_W_tile_descriptors_host_upper": 252480,
        "original_claim_batch_codec_upper": 457768960,
        "predecessor_three_planes": 3221225472,
        "public_padding_host_upper": 55574528,
        "retained_initial_private_host_pads": 6291456,
        "successor_three_planes": 805306368,
        "two_public_table_host_payloads": 47908144
      },
      "phase": "native_E_D34_A3_S2_promotion",
      "remaining_shared_payload_capacity_bytes": 333347020
    },
    {
      "is_complete_phase_peak": false,
      "lifetime": "Prescan scratch/device offsets retire before ring/frontier allocation. Current cursor/meta stay for hashing. The current cache is conservatively charged before its top digests are constructed.",
      "named_allocation_subtotal_bytes": 2496449300,
      "named_subtotal_exceeds_payload": false,
      "parts": {
        "device_persistent_or_single_replay_envelope": 785789696,
        "extension_previous_and_current_host_pads": 98304,
        "extension_previous_and_current_root_offset_caches": 2949056,
        "full_calibration_table_serialization_difference_upper": 921596,
        "initial_W_and_A_root_offset_caches": 188743552,
        "native_common_owner_host": 42088,
        "original_W_tile_descriptors_host_upper": 252480,
        "original_claim_batch_codec_upper": 457768960,
        "public_padding_host_upper": 55574528,
        "retained_initial_private_host_pads": 6291456,
        "retained_predecessor": 805306368,
        "salt_current_device": 67108864,
        "salt_current_host": 67108864,
        "salt_meta": 256,
        "salt_prescan_scratch": 10519552,
        "salt_subtree_offsets_device": 65536,
        "two_public_table_host_payloads": 47908144
      },
      "phase": "native_E_D34_A3_S3_salt_prescan",
      "remaining_shared_payload_capacity_bytes": 3409130732
    },
    {
      "is_complete_phase_peak": false,
      "lifetime": "All stages use R=min(CPU R,H/2), paired cosets. One scratch/twiddle for24 serial base columns. A S1 remains original; later stages read retained planes. No extra A reconstruction.",
      "named_allocation_subtotal_bytes": 4635594036,
      "named_subtotal_exceeds_payload": false,
      "parts": {
        "E_EQ_packet_host_upper": 288,
        "E_EQ_shape_chunks_tables_pads": 49920,
        "E_forward_twiddles": 67108864,
        "E_frontier_group2": 268435456,
        "E_high_powers": 256,
        "E_low_powers": 134217728,
        "E_original_to_C_pad_marshalling_host_upper": 98304,
        "E_reused_salt_band": 2097152,
        "E_ring24R": 1610612736,
        "E_salt_current_device": 67108864,
        "E_salt_current_host": 67108864,
        "E_salt_meta": 256,
        "E_sticky_flag": 256,
        "E_transpose_scratch": 67108864,
        "device_persistent_or_single_replay_envelope": 785789696,
        "extension_previous_and_current_host_pads": 98304,
        "extension_previous_and_current_root_offset_caches": 2949056,
        "full_calibration_table_serialization_difference_upper": 921596,
        "initial_W_and_A_root_offset_caches": 188743552,
        "native_common_owner_host": 42088,
        "original_W_tile_descriptors_host_upper": 252480,
        "original_claim_batch_codec_upper": 457768960,
        "public_padding_host_upper": 55574528,
        "retained_initial_private_host_pads": 6291456,
        "retained_predecessor": 805306368,
        "two_public_table_host_payloads": 47908144
      },
      "phase": "native_E_D34_A3_S3_FFT",
      "remaining_shared_payload_capacity_bytes": 1269985996
    },
    {
      "is_complete_phase_peak": false,
      "lifetime": "EQ/pad device packet and powers/FFT auxiliaries retire before hash. Two lanes publish R paired roots; the ring retires before further node outputs, preserving original salts and order.",
      "named_allocation_subtotal_bytes": 4635543572,
      "named_subtotal_exceeds_payload": false,
      "parts": {
        "E_frontier_group2": 268435456,
        "E_hash_flag": 256,
        "E_original_to_C_pad_marshalling_host_upper": 98304,
        "E_paired_hash_states_R": 268435456,
        "E_ring24R": 1610612736,
        "E_salt_band": 2097152,
        "E_salt_current_device": 67108864,
        "E_salt_current_host": 67108864,
        "E_salt_meta": 256,
        "device_persistent_or_single_replay_envelope": 785789696,
        "extension_previous_and_current_host_pads": 98304,
        "extension_previous_and_current_root_offset_caches": 2949056,
        "full_calibration_table_serialization_difference_upper": 921596,
        "initial_W_and_A_root_offset_caches": 188743552,
        "native_common_owner_host": 42088,
        "original_W_tile_descriptors_host_upper": 252480,
        "original_claim_batch_codec_upper": 457768960,
        "public_padding_host_upper": 55574528,
        "retained_initial_private_host_pads": 6291456,
        "retained_predecessor": 805306368,
        "two_public_table_host_payloads": 47908144
      },
      "phase": "native_E_D34_A3_S3_hash",
      "remaining_shared_payload_capacity_bytes": 1270036460
    },
    {
      "is_complete_phase_peak": false,
      "lifetime": "Upper of final reductions after ring/salt retirement; top cache is already conservatively charged.",
      "named_allocation_subtotal_bytes": 3089942036,
      "named_subtotal_exceeds_payload": false,
      "parts": {
        "E_frontier_group2": 268435456,
        "E_pad_marshalling_host_upper": 98304,
        "E_roots_and_next_node_output": 402653184,
        "E_salt_current_host": 67108864,
        "device_persistent_or_single_replay_envelope": 785789696,
        "extension_previous_and_current_host_pads": 98304,
        "extension_previous_and_current_root_offset_caches": 2949056,
        "full_calibration_table_serialization_difference_upper": 921596,
        "initial_W_and_A_root_offset_caches": 188743552,
        "native_common_owner_host": 42088,
        "original_W_tile_descriptors_host_upper": 252480,
        "original_claim_batch_codec_upper": 457768960,
        "public_padding_host_upper": 55574528,
        "retained_initial_private_host_pads": 6291456,
        "retained_predecessor": 805306368,
        "two_public_table_host_payloads": 47908144
      },
      "phase": "native_E_D34_A3_S3_nodes",
      "remaining_shared_payload_capacity_bytes": 2815637996
    },
    {
      "is_complete_phase_peak": false,
      "lifetime": "One source loader for all3 limbs;4 remainder buffers, no original getter/D2H. 96q matrix+24q Rust column+24q C staging overlap until canonical check/free/publication. Both adjacent caches and predecessor planes stay alive through opening/release.",
      "named_allocation_subtotal_bytes": 3366818100,
      "named_subtotal_exceeds_payload": false,
      "parts": {
        "E_C_staged_column_host": 25165824,
        "E_Rust_EQ_packet_host_upper": 288,
        "E_Rust_column_host": 25165824,
        "E_Rust_pad_marshalling_host_upper": 98304,
        "E_forward_inverse_twiddles": 67110400,
        "E_four_remainders": 33554432,
        "E_private_shape_EQ_and_pads": 49920,
        "E_private_sticky_flag": 256,
        "E_private_three_limb_low": 25165824,
        "E_public_factor_spectra": 704643072,
        "E_returned_matrix_host": 100663296,
        "E_work_and_scratch": 33554432,
        "device_persistent_or_single_replay_envelope": 785789696,
        "extension_previous_and_current_host_pads": 98304,
        "extension_previous_and_current_root_offset_caches": 2949056,
        "full_calibration_table_serialization_difference_upper": 921596,
        "initial_W_and_A_root_offset_caches": 188743552,
        "native_common_owner_host": 42088,
        "original_W_tile_descriptors_host_upper": 252480,
        "original_claim_batch_codec_upper": 457768960,
        "public_padding_host_upper": 55574528,
        "retained_initial_private_host_pads": 6291456,
        "retained_predecessor": 805306368,
        "two_public_table_host_payloads": 47908144
      },
      "phase": "native_E_D34_A3_S3_predecessor_E_query_publication",
      "remaining_shared_payload_capacity_bytes": 2538761932
    },
    {
      "is_complete_phase_peak": false,
      "lifetime": "CPU query_tree_with/DFT construction is a preceding lifetime; matrix/private low/work not allocated yet. Reverse/inverse-series/multiply/DFT caches and Vec growth remain explicitly unquantified additional classes.",
      "named_allocation_subtotal_bytes": 3198897172,
      "named_subtotal_exceeds_payload": false,
      "parts": {
        "E_forward_inverse_twiddles": 67110400,
        "E_public_factor_spectra": 704643072,
        "current_inverse_modulus_spectra": 33554432,
        "current_polynomial_level_upper": 16777216,
        "device_persistent_or_single_replay_envelope": 785789696,
        "extension_previous_and_current_host_pads": 98304,
        "extension_previous_and_current_root_offset_caches": 2949056,
        "full_calibration_table_serialization_difference_upper": 921596,
        "initial_W_and_A_root_offset_caches": 188743552,
        "native_common_owner_host": 42088,
        "one_upload_conversion": 16777216,
        "original_W_tile_descriptors_host_upper": 252480,
        "original_claim_batch_codec_upper": 457768960,
        "public_padding_host_upper": 55574528,
        "public_points": 8388608,
        "retained_initial_private_host_pads": 6291456,
        "retained_predecessor": 805306368,
        "two_public_table_host_payloads": 47908144
      },
      "phase": "native_E_D34_A3_S3_predecessor_E_public_factor_construction",
      "remaining_shared_payload_capacity_bytes": 2706682860
    },
    {
      "is_complete_phase_peak": false,
      "lifetime": "Old+new planes coexist through successful fold/fence/typed retirement; previous cache already released.",
      "named_allocation_subtotal_bytes": 2550564660,
      "named_subtotal_exceeds_payload": false,
      "parts": {
        "current_extension_cache": 589792,
        "current_extension_host_pads": 49152,
        "device_persistent_or_single_replay_envelope": 785789696,
        "fold_flag": 256,
        "full_calibration_table_serialization_difference_upper": 921596,
        "initial_W_and_A_root_offset_caches": 188743552,
        "native_common_owner_host": 42088,
        "original_W_tile_descriptors_host_upper": 252480,
        "original_claim_batch_codec_upper": 457768960,
        "predecessor_three_planes": 805306368,
        "public_padding_host_upper": 55574528,
        "retained_initial_private_host_pads": 6291456,
        "successor_three_planes": 201326592,
        "two_public_table_host_payloads": 47908144
      },
      "phase": "native_E_D34_A3_S3_promotion",
      "remaining_shared_payload_capacity_bytes": 3355015372
    },
    {
      "is_complete_phase_peak": false,
      "lifetime": "Prescan scratch/device offsets retire before ring/frontier allocation. Current cursor/meta stay for hashing. The current cache is conservatively charged before its top digests are constructed.",
      "named_allocation_subtotal_bytes": 1823099668,
      "named_subtotal_exceeds_payload": false,
      "parts": {
        "device_persistent_or_single_replay_envelope": 785789696,
        "extension_previous_and_current_host_pads": 98304,
        "extension_previous_and_current_root_offset_caches": 737216,
        "full_calibration_table_serialization_difference_upper": 921596,
        "initial_W_and_A_root_offset_caches": 188743552,
        "native_common_owner_host": 42088,
        "original_W_tile_descriptors_host_upper": 252480,
        "original_claim_batch_codec_upper": 457768960,
        "public_padding_host_upper": 55574528,
        "retained_initial_private_host_pads": 6291456,
        "retained_predecessor": 201326592,
        "salt_current_device": 33554432,
        "salt_current_host": 33554432,
        "salt_meta": 256,
        "salt_prescan_scratch": 10519552,
        "salt_subtree_offsets_device": 16384,
        "two_public_table_host_payloads": 47908144
      },
      "phase": "native_E_D34_A3_S4_salt_prescan",
      "remaining_shared_payload_capacity_bytes": 4082480364
    },
    {
      "is_complete_phase_peak": false,
      "lifetime": "All stages use R=min(CPU R,H/2), paired cosets. One scratch/twiddle for24 serial base columns. A S1 remains original; later stages read retained planes. No extra A reconstruction.",
      "named_allocation_subtotal_bytes": 2752236852,
      "named_subtotal_exceeds_payload": false,
      "parts": {
        "E_EQ_packet_host_upper": 288,
        "E_EQ_shape_chunks_tables_pads": 49920,
        "E_forward_twiddles": 33554432,
        "E_frontier_group2": 0,
        "E_high_powers": 256,
        "E_low_powers": 67108864,
        "E_original_to_C_pad_marshalling_host_upper": 98304,
        "E_reused_salt_band": 0,
        "E_ring24R": 805306368,
        "E_salt_current_device": 33554432,
        "E_salt_current_host": 33554432,
        "E_salt_meta": 256,
        "E_sticky_flag": 256,
        "E_transpose_scratch": 33554432,
        "device_persistent_or_single_replay_envelope": 785789696,
        "extension_previous_and_current_host_pads": 98304,
        "extension_previous_and_current_root_offset_caches": 737216,
        "full_calibration_table_serialization_difference_upper": 921596,
        "initial_W_and_A_root_offset_caches": 188743552,
        "native_common_owner_host": 42088,
        "original_W_tile_descriptors_host_upper": 252480,
        "original_claim_batch_codec_upper": 457768960,
        "public_padding_host_upper": 55574528,
        "retained_initial_private_host_pads": 6291456,
        "retained_predecessor": 201326592,
        "two_public_table_host_payloads": 47908144
      },
      "phase": "native_E_D34_A3_S4_FFT",
      "remaining_shared_payload_capacity_bytes": 3153343180
    },
    {
      "is_complete_phase_peak": false,
      "lifetime": "EQ/pad device packet and powers/FFT auxiliaries retire before hash. Two lanes publish R paired roots; the ring retires before further node outputs, preserving original salts and order.",
      "named_allocation_subtotal_bytes": 2754283540,
      "named_subtotal_exceeds_payload": false,
      "parts": {
        "E_frontier_group2": 0,
        "E_hash_flag": 256,
        "E_original_to_C_pad_marshalling_host_upper": 98304,
        "E_paired_hash_states_R": 134217728,
        "E_ring24R": 805306368,
        "E_salt_band": 2097152,
        "E_salt_current_device": 33554432,
        "E_salt_current_host": 33554432,
        "E_salt_meta": 256,
        "device_persistent_or_single_replay_envelope": 785789696,
        "extension_previous_and_current_host_pads": 98304,
        "extension_previous_and_current_root_offset_caches": 737216,
        "full_calibration_table_serialization_difference_upper": 921596,
        "initial_W_and_A_root_offset_caches": 188743552,
        "native_common_owner_host": 42088,
        "original_W_tile_descriptors_host_upper": 252480,
        "original_claim_batch_codec_upper": 457768960,
        "public_padding_host_upper": 55574528,
        "retained_initial_private_host_pads": 6291456,
        "retained_predecessor": 201326592,
        "two_public_table_host_payloads": 47908144
      },
      "phase": "native_E_D34_A3_S4_hash",
      "remaining_shared_payload_capacity_bytes": 3151296492
    },
    {
      "is_complete_phase_peak": false,
      "lifetime": "Upper of final reductions after ring/salt retirement; top cache is already conservatively charged.",
      "named_allocation_subtotal_bytes": 1980433940,
      "named_subtotal_exceeds_payload": false,
      "parts": {
        "E_frontier_group2": 0,
        "E_pad_marshalling_host_upper": 98304,
        "E_roots_and_next_node_output": 201326592,
        "E_salt_current_host": 33554432,
        "device_persistent_or_single_replay_envelope": 785789696,
        "extension_previous_and_current_host_pads": 98304,
        "extension_previous_and_current_root_offset_caches": 737216,
        "full_calibration_table_serialization_difference_upper": 921596,
        "initial_W_and_A_root_offset_caches": 188743552,
        "native_common_owner_host": 42088,
        "original_W_tile_descriptors_host_upper": 252480,
        "original_claim_batch_codec_upper": 457768960,
        "public_padding_host_upper": 55574528,
        "retained_initial_private_host_pads": 6291456,
        "retained_predecessor": 201326592,
        "two_public_table_host_payloads": 47908144
      },
      "phase": "native_E_D34_A3_S4_nodes",
      "remaining_shared_payload_capacity_bytes": 3925146092
    },
    {
      "is_complete_phase_peak": false,
      "lifetime": "One source loader for all3 limbs;4 remainder buffers, no original getter/D2H. 96q matrix+24q Rust column+24q C staging overlap until canonical check/free/publication. Both adjacent caches and predecessor planes stay alive through opening/release.",
      "named_allocation_subtotal_bytes": 2760626484,
      "named_subtotal_exceeds_payload": false,
      "parts": {
        "E_C_staged_column_host": 25165824,
        "E_Rust_EQ_packet_host_upper": 288,
        "E_Rust_column_host": 25165824,
        "E_Rust_pad_marshalling_host_upper": 98304,
        "E_forward_inverse_twiddles": 67110400,
        "E_four_remainders": 33554432,
        "E_private_shape_EQ_and_pads": 49920,
        "E_private_sticky_flag": 256,
        "E_private_three_limb_low": 25165824,
        "E_public_factor_spectra": 704643072,
        "E_returned_matrix_host": 100663296,
        "E_work_and_scratch": 33554432,
        "device_persistent_or_single_replay_envelope": 785789696,
        "extension_previous_and_current_host_pads": 98304,
        "extension_previous_and_current_root_offset_caches": 737216,
        "full_calibration_table_serialization_difference_upper": 921596,
        "initial_W_and_A_root_offset_caches": 188743552,
        "native_common_owner_host": 42088,
        "original_W_tile_descriptors_host_upper": 252480,
        "original_claim_batch_codec_upper": 457768960,
        "public_padding_host_upper": 55574528,
        "retained_initial_private_host_pads": 6291456,
        "retained_predecessor": 201326592,
        "two_public_table_host_payloads": 47908144
      },
      "phase": "native_E_D34_A3_S4_predecessor_E_query_publication",
      "remaining_shared_payload_capacity_bytes": 3144953548
    },
    {
      "is_complete_phase_peak": false,
      "lifetime": "CPU query_tree_with/DFT construction is a preceding lifetime; matrix/private low/work not allocated yet. Reverse/inverse-series/multiply/DFT caches and Vec growth remain explicitly unquantified additional classes.",
      "named_allocation_subtotal_bytes": 2592705556,
      "named_subtotal_exceeds_payload": false,
      "parts": {
        "E_forward_inverse_twiddles": 67110400,
        "E_public_factor_spectra": 704643072,
        "current_inverse_modulus_spectra": 33554432,
        "current_polynomial_level_upper": 16777216,
        "device_persistent_or_single_replay_envelope": 785789696,
        "extension_previous_and_current_host_pads": 98304,
        "extension_previous_and_current_root_offset_caches": 737216,
        "full_calibration_table_serialization_difference_upper": 921596,
        "initial_W_and_A_root_offset_caches": 188743552,
        "native_common_owner_host": 42088,
        "one_upload_conversion": 16777216,
        "original_W_tile_descriptors_host_upper": 252480,
        "original_claim_batch_codec_upper": 457768960,
        "public_padding_host_upper": 55574528,
        "public_points": 8388608,
        "retained_initial_private_host_pads": 6291456,
        "retained_predecessor": 201326592,
        "two_public_table_host_payloads": 47908144
      },
      "phase": "native_E_D34_A3_S4_predecessor_E_public_factor_construction",
      "remaining_shared_payload_capacity_bytes": 3312874476
    },
    {
      "is_complete_phase_peak": false,
      "lifetime": "Old+new planes coexist through successful fold/fence/typed retirement; previous cache already released.",
      "named_allocation_subtotal_bytes": 1795147572,
      "named_subtotal_exceeds_payload": false,
      "parts": {
        "current_extension_cache": 147424,
        "current_extension_host_pads": 49152,
        "device_persistent_or_single_replay_envelope": 785789696,
        "fold_flag": 256,
        "full_calibration_table_serialization_difference_upper": 921596,
        "initial_W_and_A_root_offset_caches": 188743552,
        "native_common_owner_host": 42088,
        "original_W_tile_descriptors_host_upper": 252480,
        "original_claim_batch_codec_upper": 457768960,
        "predecessor_three_planes": 201326592,
        "public_padding_host_upper": 55574528,
        "retained_initial_private_host_pads": 6291456,
        "successor_three_planes": 50331648,
        "two_public_table_host_payloads": 47908144
      },
      "phase": "native_E_D34_A3_S4_promotion",
      "remaining_shared_payload_capacity_bytes": 4110432460
    },
    {
      "is_complete_phase_peak": false,
      "lifetime": "Prescan scratch/device offsets retire before ring/frontier allocation. Current cursor/meta stay for hashing. The current cache is conservatively charged before its top digests are constructed.",
      "named_allocation_subtotal_bytes": 1615948564,
      "named_subtotal_exceeds_payload": false,
      "parts": {
        "device_persistent_or_single_replay_envelope": 785789696,
        "extension_previous_and_current_host_pads": 98304,
        "extension_previous_and_current_root_offset_caches": 184256,
        "full_calibration_table_serialization_difference_upper": 921596,
        "initial_W_and_A_root_offset_caches": 188743552,
        "native_common_owner_host": 42088,
        "original_W_tile_descriptors_host_upper": 252480,
        "original_claim_batch_codec_upper": 457768960,
        "public_padding_host_upper": 55574528,
        "retained_initial_private_host_pads": 6291456,
        "retained_predecessor": 50331648,
        "salt_current_device": 8388608,
        "salt_current_host": 8388608,
        "salt_meta": 256,
        "salt_prescan_scratch": 5260288,
        "salt_subtree_offsets_device": 4096,
        "two_public_table_host_payloads": 47908144
      },
      "phase": "native_E_D34_A3_S5_salt_prescan",
      "remaining_shared_payload_capacity_bytes": 4289631468
    },
    {
      "is_complete_phase_peak": false,
      "lifetime": "All stages use R=min(CPU R,H/2), paired cosets. One scratch/twiddle for24 serial base columns. A S1 remains original; later stages read retained planes. No extra A reconstruction.",
      "named_allocation_subtotal_bytes": 1845714228,
      "named_subtotal_exceeds_payload": false,
      "parts": {
        "E_EQ_packet_host_upper": 288,
        "E_EQ_shape_chunks_tables_pads": 49920,
        "E_forward_twiddles": 8388608,
        "E_frontier_group2": 0,
        "E_high_powers": 256,
        "E_low_powers": 16777216,
        "E_original_to_C_pad_marshalling_host_upper": 98304,
        "E_reused_salt_band": 0,
        "E_ring24R": 201326592,
        "E_salt_current_device": 8388608,
        "E_salt_current_host": 8388608,
        "E_salt_meta": 256,
        "E_sticky_flag": 256,
        "E_transpose_scratch": 8388608,
        "device_persistent_or_single_replay_envelope": 785789696,
        "extension_previous_and_current_host_pads": 98304,
        "extension_previous_and_current_root_offset_caches": 184256,
        "full_calibration_table_serialization_difference_upper": 921596,
        "initial_W_and_A_root_offset_caches": 188743552,
        "native_common_owner_host": 42088,
        "original_W_tile_descriptors_host_upper": 252480,
        "original_claim_batch_codec_upper": 457768960,
        "public_padding_host_upper": 55574528,
        "retained_initial_private_host_pads": 6291456,
        "retained_predecessor": 50331648,
        "two_public_table_host_payloads": 47908144
      },
      "phase": "native_E_D34_A3_S5_FFT",
      "remaining_shared_payload_capacity_bytes": 4059865804
    },
    {
      "is_complete_phase_peak": false,
      "lifetime": "EQ/pad device packet and powers/FFT auxiliaries retire before hash. Two lanes publish R paired roots; the ring retires before further node outputs, preserving original salts and order.",
      "named_allocation_subtotal_bytes": 1847760916,
      "named_subtotal_exceeds_payload": false,
      "parts": {
        "E_frontier_group2": 0,
        "E_hash_flag": 256,
        "E_original_to_C_pad_marshalling_host_upper": 98304,
        "E_paired_hash_states_R": 33554432,
        "E_ring24R": 201326592,
        "E_salt_band": 2097152,
        "E_salt_current_device": 8388608,
        "E_salt_current_host": 8388608,
        "E_salt_meta": 256,
        "device_persistent_or_single_replay_envelope": 785789696,
        "extension_previous_and_current_host_pads": 98304,
        "extension_previous_and_current_root_offset_caches": 184256,
        "full_calibration_table_serialization_difference_upper": 921596,
        "initial_W_and_A_root_offset_caches": 188743552,
        "native_common_owner_host": 42088,
        "original_W_tile_descriptors_host_upper": 252480,
        "original_claim_batch_codec_upper": 457768960,
        "public_padding_host_upper": 55574528,
        "retained_initial_private_host_pads": 6291456,
        "retained_predecessor": 50331648,
        "two_public_table_host_payloads": 47908144
      },
      "phase": "native_E_D34_A3_S5_hash",
      "remaining_shared_payload_capacity_bytes": 4057819116
    },
    {
      "is_complete_phase_peak": false,
      "lifetime": "Upper of final reductions after ring/salt retirement; top cache is already conservatively charged.",
      "named_allocation_subtotal_bytes": 1652725268,
      "named_subtotal_exceeds_payload": false,
      "parts": {
        "E_frontier_group2": 0,
        "E_pad_marshalling_host_upper": 98304,
        "E_roots_and_next_node_output": 50331648,
        "E_salt_current_host": 8388608,
        "device_persistent_or_single_replay_envelope": 785789696,
        "extension_previous_and_current_host_pads": 98304,
        "extension_previous_and_current_root_offset_caches": 184256,
        "full_calibration_table_serialization_difference_upper": 921596,
        "initial_W_and_A_root_offset_caches": 188743552,
        "native_common_owner_host": 42088,
        "original_W_tile_descriptors_host_upper": 252480,
        "original_claim_batch_codec_upper": 457768960,
        "public_padding_host_upper": 55574528,
        "retained_initial_private_host_pads": 6291456,
        "retained_predecessor": 50331648,
        "two_public_table_host_payloads": 47908144
      },
      "phase": "native_E_D34_A3_S5_nodes",
      "remaining_shared_payload_capacity_bytes": 4252854764
    },
    {
      "is_complete_phase_peak": false,
      "lifetime": "One source loader for all3 limbs;4 remainder buffers, no original getter/D2H. 96q matrix+24q Rust column+24q C staging overlap until canonical check/free/publication. Both adjacent caches and predecessor planes stay alive through opening/release.",
      "named_allocation_subtotal_bytes": 2609078580,
      "named_subtotal_exceeds_payload": false,
      "parts": {
        "E_C_staged_column_host": 25165824,
        "E_Rust_EQ_packet_host_upper": 288,
        "E_Rust_column_host": 25165824,
        "E_Rust_pad_marshalling_host_upper": 98304,
        "E_forward_inverse_twiddles": 67110400,
        "E_four_remainders": 33554432,
        "E_private_shape_EQ_and_pads": 49920,
        "E_private_sticky_flag": 256,
        "E_private_three_limb_low": 25165824,
        "E_public_factor_spectra": 704643072,
        "E_returned_matrix_host": 100663296,
        "E_work_and_scratch": 33554432,
        "device_persistent_or_single_replay_envelope": 785789696,
        "extension_previous_and_current_host_pads": 98304,
        "extension_previous_and_current_root_offset_caches": 184256,
        "full_calibration_table_serialization_difference_upper": 921596,
        "initial_W_and_A_root_offset_caches": 188743552,
        "native_common_owner_host": 42088,
        "original_W_tile_descriptors_host_upper": 252480,
        "original_claim_batch_codec_upper": 457768960,
        "public_padding_host_upper": 55574528,
        "retained_initial_private_host_pads": 6291456,
        "retained_predecessor": 50331648,
        "two_public_table_host_payloads": 47908144
      },
      "phase": "native_E_D34_A3_S5_predecessor_E_query_publication",
      "remaining_shared_payload_capacity_bytes": 3296501452
    },
    {
      "is_complete_phase_peak": false,
      "lifetime": "CPU query_tree_with/DFT construction is a preceding lifetime; matrix/private low/work not allocated yet. Reverse/inverse-series/multiply/DFT caches and Vec growth remain explicitly unquantified additional classes.",
      "named_allocation_subtotal_bytes": 2441157652,
      "named_subtotal_exceeds_payload": false,
      "parts": {
        "E_forward_inverse_twiddles": 67110400,
        "E_public_factor_spectra": 704643072,
        "current_inverse_modulus_spectra": 33554432,
        "current_polynomial_level_upper": 16777216,
        "device_persistent_or_single_replay_envelope": 785789696,
        "extension_previous_and_current_host_pads": 98304,
        "extension_previous_and_current_root_offset_caches": 184256,
        "full_calibration_table_serialization_difference_upper": 921596,
        "initial_W_and_A_root_offset_caches": 188743552,
        "native_common_owner_host": 42088,
        "one_upload_conversion": 16777216,
        "original_W_tile_descriptors_host_upper": 252480,
        "original_claim_batch_codec_upper": 457768960,
        "public_padding_host_upper": 55574528,
        "public_points": 8388608,
        "retained_initial_private_host_pads": 6291456,
        "retained_predecessor": 50331648,
        "two_public_table_host_payloads": 47908144
      },
      "phase": "native_E_D34_A3_S5_predecessor_E_public_factor_construction",
      "remaining_shared_payload_capacity_bytes": 3464422380
    },
    {
      "is_complete_phase_peak": false,
      "lifetime": "Old+new planes coexist through successful fold/fence/typed retirement; previous cache already released.",
      "named_allocation_subtotal_bytes": 1606293300,
      "named_subtotal_exceeds_payload": false,
      "parts": {
        "current_extension_cache": 36832,
        "current_extension_host_pads": 49152,
        "device_persistent_or_single_replay_envelope": 785789696,
        "fold_flag": 256,
        "full_calibration_table_serialization_difference_upper": 921596,
        "initial_W_and_A_root_offset_caches": 188743552,
        "native_common_owner_host": 42088,
        "original_W_tile_descriptors_host_upper": 252480,
        "original_claim_batch_codec_upper": 457768960,
        "predecessor_three_planes": 50331648,
        "public_padding_host_upper": 55574528,
        "retained_initial_private_host_pads": 6291456,
        "successor_three_planes": 12582912,
        "two_public_table_host_payloads": 47908144
      },
      "phase": "native_E_D34_A3_S5_promotion",
      "remaining_shared_payload_capacity_bytes": 4299286732
    },
    {
      "is_complete_phase_peak": false,
      "lifetime": "Prescan scratch/device offsets retire before ring/frontier allocation. Current cursor/meta stay for hashing. The current cache is conservatively charged before its top digests are constructed.",
      "named_allocation_subtotal_bytes": 1561531156,
      "named_subtotal_exceeds_payload": false,
      "parts": {
        "device_persistent_or_single_replay_envelope": 785789696,
        "extension_previous_and_current_host_pads": 98304,
        "extension_previous_and_current_root_offset_caches": 46016,
        "full_calibration_table_serialization_difference_upper": 921596,
        "initial_W_and_A_root_offset_caches": 188743552,
        "native_common_owner_host": 42088,
        "original_W_tile_descriptors_host_upper": 252480,
        "original_claim_batch_codec_upper": 457768960,
        "public_padding_host_upper": 55574528,
        "retained_initial_private_host_pads": 6291456,
        "retained_predecessor": 12582912,
        "salt_current_device": 2097152,
        "salt_current_host": 2097152,
        "salt_meta": 256,
        "salt_prescan_scratch": 1315840,
        "salt_subtree_offsets_device": 1024,
        "two_public_table_host_payloads": 47908144
      },
      "phase": "native_E_D34_A3_S6_salt_prescan",
      "remaining_shared_payload_capacity_bytes": 4344048876
    },
    {
      "is_complete_phase_peak": false,
      "lifetime": "All stages use R=min(CPU R,H/2), paired cosets. One scratch/twiddle for24 serial base columns. A S1 remains original; later stages read retained planes. No extra A reconstruction.",
      "named_allocation_subtotal_bytes": 1619083572,
      "named_subtotal_exceeds_payload": false,
      "parts": {
        "E_EQ_packet_host_upper": 288,
        "E_EQ_shape_chunks_tables_pads": 49920,
        "E_forward_twiddles": 2097152,
        "E_frontier_group2": 0,
        "E_high_powers": 256,
        "E_low_powers": 4194304,
        "E_original_to_C_pad_marshalling_host_upper": 98304,
        "E_reused_salt_band": 0,
        "E_ring24R": 50331648,
        "E_salt_current_device": 2097152,
        "E_salt_current_host": 2097152,
        "E_salt_meta": 256,
        "E_sticky_flag": 256,
        "E_transpose_scratch": 2097152,
        "device_persistent_or_single_replay_envelope": 785789696,
        "extension_previous_and_current_host_pads": 98304,
        "extension_previous_and_current_root_offset_caches": 46016,
        "full_calibration_table_serialization_difference_upper": 921596,
        "initial_W_and_A_root_offset_caches": 188743552,
        "native_common_owner_host": 42088,
        "original_W_tile_descriptors_host_upper": 252480,
        "original_claim_batch_codec_upper": 457768960,
        "public_padding_host_upper": 55574528,
        "retained_initial_private_host_pads": 6291456,
        "retained_predecessor": 12582912,
        "two_public_table_host_payloads": 47908144
      },
      "phase": "native_E_D34_A3_S6_FFT",
      "remaining_shared_payload_capacity_bytes": 4286496460
    },
    {
      "is_complete_phase_peak": false,
      "lifetime": "EQ/pad device packet and powers/FFT auxiliaries retire before hash. Two lanes publish R paired roots; the ring retires before further node outputs, preserving original salts and order.",
      "named_allocation_subtotal_bytes": 1621130260,
      "named_subtotal_exceeds_payload": false,
      "parts": {
        "E_frontier_group2": 0,
        "E_hash_flag": 256,
        "E_original_to_C_pad_marshalling_host_upper": 98304,
        "E_paired_hash_states_R": 8388608,
        "E_ring24R": 50331648,
        "E_salt_band": 2097152,
        "E_salt_current_device": 2097152,
        "E_salt_current_host": 2097152,
        "E_salt_meta": 256,
        "device_persistent_or_single_replay_envelope": 785789696,
        "extension_previous_and_current_host_pads": 98304,
        "extension_previous_and_current_root_offset_caches": 46016,
        "full_calibration_table_serialization_difference_upper": 921596,
        "initial_W_and_A_root_offset_caches": 188743552,
        "native_common_owner_host": 42088,
        "original_W_tile_descriptors_host_upper": 252480,
        "original_claim_batch_codec_upper": 457768960,
        "public_padding_host_upper": 55574528,
        "retained_initial_private_host_pads": 6291456,
        "retained_predecessor": 12582912,
        "two_public_table_host_payloads": 47908144
      },
      "phase": "native_E_D34_A3_S6_hash",
      "remaining_shared_payload_capacity_bytes": 4284449772
    },
    {
      "is_complete_phase_peak": false,
      "lifetime": "Upper of final reductions after ring/salt retirement; top cache is already conservatively charged.",
      "named_allocation_subtotal_bytes": 1570798100,
      "named_subtotal_exceeds_payload": false,
      "parts": {
        "E_frontier_group2": 0,
        "E_pad_marshalling_host_upper": 98304,
        "E_roots_and_next_node_output": 12582912,
        "E_salt_current_host": 2097152,
        "device_persistent_or_single_replay_envelope": 785789696,
        "extension_previous_and_current_host_pads": 98304,
        "extension_previous_and_current_root_offset_caches": 46016,
        "full_calibration_table_serialization_difference_upper": 921596,
        "initial_W_and_A_root_offset_caches": 188743552,
        "native_common_owner_host": 42088,
        "original_W_tile_descriptors_host_upper": 252480,
        "original_claim_batch_codec_upper": 457768960,
        "public_padding_host_upper": 55574528,
        "retained_initial_private_host_pads": 6291456,
        "retained_predecessor": 12582912,
        "two_public_table_host_payloads": 47908144
      },
      "phase": "native_E_D34_A3_S6_nodes",
      "remaining_shared_payload_capacity_bytes": 4334781932
    },
    {
      "is_complete_phase_peak": false,
      "lifetime": "One source loader for all3 limbs;4 remainder buffers, no original getter/D2H. 96q matrix+24q Rust column+24q C staging overlap until canonical check/free/publication. Both adjacent caches and predecessor planes stay alive through opening/release.",
      "named_allocation_subtotal_bytes": 2571191604,
      "named_subtotal_exceeds_payload": false,
      "parts": {
        "E_C_staged_column_host": 25165824,
        "E_Rust_EQ_packet_host_upper": 288,
        "E_Rust_column_host": 25165824,
        "E_Rust_pad_marshalling_host_upper": 98304,
        "E_forward_inverse_twiddles": 67110400,
        "E_four_remainders": 33554432,
        "E_private_shape_EQ_and_pads": 49920,
        "E_private_sticky_flag": 256,
        "E_private_three_limb_low": 25165824,
        "E_public_factor_spectra": 704643072,
        "E_returned_matrix_host": 100663296,
        "E_work_and_scratch": 33554432,
        "device_persistent_or_single_replay_envelope": 785789696,
        "extension_previous_and_current_host_pads": 98304,
        "extension_previous_and_current_root_offset_caches": 46016,
        "full_calibration_table_serialization_difference_upper": 921596,
        "initial_W_and_A_root_offset_caches": 188743552,
        "native_common_owner_host": 42088,
        "original_W_tile_descriptors_host_upper": 252480,
        "original_claim_batch_codec_upper": 457768960,
        "public_padding_host_upper": 55574528,
        "retained_initial_private_host_pads": 6291456,
        "retained_predecessor": 12582912,
        "two_public_table_host_payloads": 47908144
      },
      "phase": "native_E_D34_A3_S6_predecessor_E_query_publication",
      "remaining_shared_payload_capacity_bytes": 3334388428
    },
    {
      "is_complete_phase_peak": false,
      "lifetime": "CPU query_tree_with/DFT construction is a preceding lifetime; matrix/private low/work not allocated yet. Reverse/inverse-series/multiply/DFT caches and Vec growth remain explicitly unquantified additional classes.",
      "named_allocation_subtotal_bytes": 2403270676,
      "named_subtotal_exceeds_payload": false,
      "parts": {
        "E_forward_inverse_twiddles": 67110400,
        "E_public_factor_spectra": 704643072,
        "current_inverse_modulus_spectra": 33554432,
        "current_polynomial_level_upper": 16777216,
        "device_persistent_or_single_replay_envelope": 785789696,
        "extension_previous_and_current_host_pads": 98304,
        "extension_previous_and_current_root_offset_caches": 46016,
        "full_calibration_table_serialization_difference_upper": 921596,
        "initial_W_and_A_root_offset_caches": 188743552,
        "native_common_owner_host": 42088,
        "one_upload_conversion": 16777216,
        "original_W_tile_descriptors_host_upper": 252480,
        "original_claim_batch_codec_upper": 457768960,
        "public_padding_host_upper": 55574528,
        "public_points": 8388608,
        "retained_initial_private_host_pads": 6291456,
        "retained_predecessor": 12582912,
        "two_public_table_host_payloads": 47908144
      },
      "phase": "native_E_D34_A3_S6_predecessor_E_public_factor_construction",
      "remaining_shared_payload_capacity_bytes": 3502309356
    },
    {
      "is_complete_phase_peak": false,
      "lifetime": "Old+new planes coexist through successful fold/fence/typed retirement; previous cache already released.",
      "named_allocation_subtotal_bytes": 1559079732,
      "named_subtotal_exceeds_payload": false,
      "parts": {
        "current_extension_cache": 9184,
        "current_extension_host_pads": 49152,
        "device_persistent_or_single_replay_envelope": 785789696,
        "fold_flag": 256,
        "full_calibration_table_serialization_difference_upper": 921596,
        "initial_W_and_A_root_offset_caches": 188743552,
        "native_common_owner_host": 42088,
        "original_W_tile_descriptors_host_upper": 252480,
        "original_claim_batch_codec_upper": 457768960,
        "predecessor_three_planes": 12582912,
        "public_padding_host_upper": 55574528,
        "retained_initial_private_host_pads": 6291456,
        "successor_three_planes": 3145728,
        "two_public_table_host_payloads": 47908144
      },
      "phase": "native_E_D34_A3_S6_promotion",
      "remaining_shared_payload_capacity_bytes": 4346500300
    },
    {
      "is_complete_phase_peak": false,
      "lifetime": "Prescan scratch/device offsets retire before ring/frontier allocation. Current cursor/meta stay for hashing. The current cache is conservatively charged before its top digests are constructed.",
      "named_allocation_subtotal_bytes": 1546900244,
      "named_subtotal_exceeds_payload": false,
      "parts": {
        "device_persistent_or_single_replay_envelope": 785789696,
        "extension_previous_and_current_host_pads": 98304,
        "extension_previous_and_current_root_offset_caches": 27584,
        "full_calibration_table_serialization_difference_upper": 921596,
        "initial_W_and_A_root_offset_caches": 188743552,
        "native_common_owner_host": 42088,
        "original_W_tile_descriptors_host_upper": 252480,
        "original_claim_batch_codec_upper": 457768960,
        "public_padding_host_upper": 55574528,
        "retained_initial_private_host_pads": 6291456,
        "retained_predecessor": 3145728,
        "salt_current_device": 2048,
        "salt_current_host": 2048,
        "salt_meta": 256,
        "salt_prescan_scratch": 329728,
        "salt_subtree_offsets_device": 2048,
        "two_public_table_host_payloads": 47908144
      },
      "phase": "native_E_D34_A3_S7_salt_prescan",
      "remaining_shared_payload_capacity_bytes": 4358679788
    },
    {
      "is_complete_phase_peak": false,
      "lifetime": "All stages use R=min(CPU R,H/2), paired cosets. One scratch/twiddle for24 serial base columns. A S1 remains original; later stages read retained planes. No extra A reconstruction.",
      "named_allocation_subtotal_bytes": 1546849076,
      "named_subtotal_exceeds_payload": false,
      "parts": {
        "E_EQ_packet_host_upper": 288,
        "E_EQ_shape_chunks_tables_pads": 49920,
        "E_forward_twiddles": 2048,
        "E_frontier_group2": 65536,
        "E_high_powers": 768,
        "E_low_powers": 4096,
        "E_original_to_C_pad_marshalling_host_upper": 98304,
        "E_reused_salt_band": 8192,
        "E_ring24R": 49152,
        "E_salt_current_device": 2048,
        "E_salt_current_host": 2048,
        "E_salt_meta": 256,
        "E_sticky_flag": 256,
        "E_transpose_scratch": 2048,
        "device_persistent_or_single_replay_envelope": 785789696,
        "extension_previous_and_current_host_pads": 98304,
        "extension_previous_and_current_root_offset_caches": 27584,
        "full_calibration_table_serialization_difference_upper": 921596,
        "initial_W_and_A_root_offset_caches": 188743552,
        "native_common_owner_host": 42088,
        "original_W_tile_descriptors_host_upper": 252480,
        "original_claim_batch_codec_upper": 457768960,
        "public_padding_host_upper": 55574528,
        "retained_initial_private_host_pads": 6291456,
        "retained_predecessor": 3145728,
        "two_public_table_host_payloads": 47908144
      },
      "phase": "native_E_D34_A3_S7_FFT",
      "remaining_shared_payload_capacity_bytes": 4358730956
    },
    {
      "is_complete_phase_peak": false,
      "lifetime": "EQ/pad device packet and powers/FFT auxiliaries retire before hash. Two lanes publish R paired roots; the ring retires before further node outputs, preserving original salts and order.",
      "named_allocation_subtotal_bytes": 1546798100,
      "named_subtotal_exceeds_payload": false,
      "parts": {
        "E_frontier_group2": 65536,
        "E_hash_flag": 256,
        "E_original_to_C_pad_marshalling_host_upper": 98304,
        "E_paired_hash_states_R": 8192,
        "E_ring24R": 49152,
        "E_salt_band": 8192,
        "E_salt_current_device": 2048,
        "E_salt_current_host": 2048,
        "E_salt_meta": 256,
        "device_persistent_or_single_replay_envelope": 785789696,
        "extension_previous_and_current_host_pads": 98304,
        "extension_previous_and_current_root_offset_caches": 27584,
        "full_calibration_table_serialization_difference_upper": 921596,
        "initial_W_and_A_root_offset_caches": 188743552,
        "native_common_owner_host": 42088,
        "original_W_tile_descriptors_host_upper": 252480,
        "original_claim_batch_codec_upper": 457768960,
        "public_padding_host_upper": 55574528,
        "retained_initial_private_host_pads": 6291456,
        "retained_predecessor": 3145728,
        "two_public_table_host_payloads": 47908144
      },
      "phase": "native_E_D34_A3_S7_hash",
      "remaining_shared_payload_capacity_bytes": 4358781932
    },
    {
      "is_complete_phase_peak": false,
      "lifetime": "Upper of final reductions after ring/salt retirement; top cache is already conservatively charged.",
      "named_allocation_subtotal_bytes": 1546742292,
      "named_subtotal_exceeds_payload": false,
      "parts": {
        "E_frontier_group2": 65536,
        "E_pad_marshalling_host_upper": 98304,
        "E_roots_and_next_node_output": 12288,
        "E_salt_current_host": 2048,
        "device_persistent_or_single_replay_envelope": 785789696,
        "extension_previous_and_current_host_pads": 98304,
        "extension_previous_and_current_root_offset_caches": 27584,
        "full_calibration_table_serialization_difference_upper": 921596,
        "initial_W_and_A_root_offset_caches": 188743552,
        "native_common_owner_host": 42088,
        "original_W_tile_descriptors_host_upper": 252480,
        "original_claim_batch_codec_upper": 457768960,
        "public_padding_host_upper": 55574528,
        "retained_initial_private_host_pads": 6291456,
        "retained_predecessor": 3145728,
        "two_public_table_host_payloads": 47908144
      },
      "phase": "native_E_D34_A3_S7_nodes",
      "remaining_shared_payload_capacity_bytes": 4358837740
    },
    {
      "is_complete_phase_peak": false,
      "lifetime": "One source loader for all3 limbs;4 remainder buffers, no original getter/D2H. 96q matrix+24q Rust column+24q C staging overlap until canonical check/free/publication. Both adjacent caches and predecessor planes stay alive through opening/release.",
      "named_allocation_subtotal_bytes": 2561735988,
      "named_subtotal_exceeds_payload": false,
      "parts": {
        "E_C_staged_column_host": 25165824,
        "E_Rust_EQ_packet_host_upper": 288,
        "E_Rust_column_host": 25165824,
        "E_Rust_pad_marshalling_host_upper": 98304,
        "E_forward_inverse_twiddles": 67110400,
        "E_four_remainders": 33554432,
        "E_private_shape_EQ_and_pads": 49920,
        "E_private_sticky_flag": 256,
        "E_private_three_limb_low": 25165824,
        "E_public_factor_spectra": 704643072,
        "E_returned_matrix_host": 100663296,
        "E_work_and_scratch": 33554432,
        "device_persistent_or_single_replay_envelope": 785789696,
        "extension_previous_and_current_host_pads": 98304,
        "extension_previous_and_current_root_offset_caches": 27584,
        "full_calibration_table_serialization_difference_upper": 921596,
        "initial_W_and_A_root_offset_caches": 188743552,
        "native_common_owner_host": 42088,
        "original_W_tile_descriptors_host_upper": 252480,
        "original_claim_batch_codec_upper": 457768960,
        "public_padding_host_upper": 55574528,
        "retained_initial_private_host_pads": 6291456,
        "retained_predecessor": 3145728,
        "two_public_table_host_payloads": 47908144
      },
      "phase": "native_E_D34_A3_S7_predecessor_E_query_publication",
      "remaining_shared_payload_capacity_bytes": 3343844044
    },
    {
      "is_complete_phase_peak": false,
      "lifetime": "CPU query_tree_with/DFT construction is a preceding lifetime; matrix/private low/work not allocated yet. Reverse/inverse-series/multiply/DFT caches and Vec growth remain explicitly unquantified additional classes.",
      "named_allocation_subtotal_bytes": 2393815060,
      "named_subtotal_exceeds_payload": false,
      "parts": {
        "E_forward_inverse_twiddles": 67110400,
        "E_public_factor_spectra": 704643072,
        "current_inverse_modulus_spectra": 33554432,
        "current_polynomial_level_upper": 16777216,
        "device_persistent_or_single_replay_envelope": 785789696,
        "extension_previous_and_current_host_pads": 98304,
        "extension_previous_and_current_root_offset_caches": 27584,
        "full_calibration_table_serialization_difference_upper": 921596,
        "initial_W_and_A_root_offset_caches": 188743552,
        "native_common_owner_host": 42088,
        "one_upload_conversion": 16777216,
        "original_W_tile_descriptors_host_upper": 252480,
        "original_claim_batch_codec_upper": 457768960,
        "public_padding_host_upper": 55574528,
        "public_points": 8388608,
        "retained_initial_private_host_pads": 6291456,
        "retained_predecessor": 3145728,
        "two_public_table_host_payloads": 47908144
      },
      "phase": "native_E_D34_A3_S7_predecessor_E_public_factor_construction",
      "remaining_shared_payload_capacity_bytes": 3511764972
    },
    {
      "is_complete_phase_peak": false,
      "lifetime": "Old+new planes coexist through successful fold/fence/typed retirement; previous cache already released.",
      "named_allocation_subtotal_bytes": 1547292468,
      "named_subtotal_exceeds_payload": false,
      "parts": {
        "current_extension_cache": 18400,
        "current_extension_host_pads": 49152,
        "device_persistent_or_single_replay_envelope": 785789696,
        "fold_flag": 256,
        "full_calibration_table_serialization_difference_upper": 921596,
        "initial_W_and_A_root_offset_caches": 188743552,
        "native_common_owner_host": 42088,
        "original_W_tile_descriptors_host_upper": 252480,
        "original_claim_batch_codec_upper": 457768960,
        "predecessor_three_planes": 3145728,
        "public_padding_host_upper": 55574528,
        "retained_initial_private_host_pads": 6291456,
        "successor_three_planes": 786432,
        "two_public_table_host_payloads": 47908144
      },
      "phase": "native_E_D34_A3_S7_promotion",
      "remaining_shared_payload_capacity_bytes": 4358287564
    },
    {
      "is_complete_phase_peak": false,
      "lifetime": "Prescan scratch/device offsets retire before ring/frontier allocation. Current cursor/meta stay for hashing. The current cache is conservatively charged before its top digests are constructed.",
      "named_allocation_subtotal_bytes": 1544303636,
      "named_subtotal_exceeds_payload": false,
      "parts": {
        "device_persistent_or_single_replay_envelope": 785789696,
        "extension_previous_and_current_host_pads": 98304,
        "extension_previous_and_current_root_offset_caches": 36800,
        "full_calibration_table_serialization_difference_upper": 921596,
        "initial_W_and_A_root_offset_caches": 188743552,
        "native_common_owner_host": 42088,
        "original_W_tile_descriptors_host_upper": 252480,
        "original_claim_batch_codec_upper": 457768960,
        "public_padding_host_upper": 55574528,
        "retained_initial_private_host_pads": 6291456,
        "retained_predecessor": 786432,
        "salt_current_device": 2048,
        "salt_current_host": 2048,
        "salt_meta": 256,
        "salt_prescan_scratch": 83200,
        "salt_subtree_offsets_device": 2048,
        "two_public_table_host_payloads": 47908144
      },
      "phase": "native_E_D34_A3_S8_salt_prescan",
      "remaining_shared_payload_capacity_bytes": 4361276396
    },
    {
      "is_complete_phase_peak": false,
      "lifetime": "All stages use R=min(CPU R,H/2), paired cosets. One scratch/twiddle for24 serial base columns. A S1 remains original; later stages read retained planes. No extra A reconstruction.",
      "named_allocation_subtotal_bytes": 1544482100,
      "named_subtotal_exceeds_payload": false,
      "parts": {
        "E_EQ_packet_host_upper": 288,
        "E_EQ_shape_chunks_tables_pads": 49920,
        "E_forward_twiddles": 2048,
        "E_frontier_group2": 49152,
        "E_high_powers": 256,
        "E_low_powers": 4096,
        "E_original_to_C_pad_marshalling_host_upper": 98304,
        "E_reused_salt_band": 8192,
        "E_ring24R": 49152,
        "E_salt_current_device": 2048,
        "E_salt_current_host": 2048,
        "E_salt_meta": 256,
        "E_sticky_flag": 256,
        "E_transpose_scratch": 2048,
        "device_persistent_or_single_replay_envelope": 785789696,
        "extension_previous_and_current_host_pads": 98304,
        "extension_previous_and_current_root_offset_caches": 36800,
        "full_calibration_table_serialization_difference_upper": 921596,
        "initial_W_and_A_root_offset_caches": 188743552,
        "native_common_owner_host": 42088,
        "original_W_tile_descriptors_host_upper": 252480,
        "original_claim_batch_codec_upper": 457768960,
        "public_padding_host_upper": 55574528,
        "retained_initial_private_host_pads": 6291456,
        "retained_predecessor": 786432,
        "two_public_table_host_payloads": 47908144
      },
      "phase": "native_E_D34_A3_S8_FFT",
      "remaining_shared_payload_capacity_bytes": 4361097932
    },
    {
      "is_complete_phase_peak": false,
      "lifetime": "EQ/pad device packet and powers/FFT auxiliaries retire before hash. Two lanes publish R paired roots; the ring retires before further node outputs, preserving original salts and order.",
      "named_allocation_subtotal_bytes": 1544431636,
      "named_subtotal_exceeds_payload": false,
      "parts": {
        "E_frontier_group2": 49152,
        "E_hash_flag": 256,
        "E_original_to_C_pad_marshalling_host_upper": 98304,
        "E_paired_hash_states_R": 8192,
        "E_ring24R": 49152,
        "E_salt_band": 8192,
        "E_salt_current_device": 2048,
        "E_salt_current_host": 2048,
        "E_salt_meta": 256,
        "device_persistent_or_single_replay_envelope": 785789696,
        "extension_previous_and_current_host_pads": 98304,
        "extension_previous_and_current_root_offset_caches": 36800,
        "full_calibration_table_serialization_difference_upper": 921596,
        "initial_W_and_A_root_offset_caches": 188743552,
        "native_common_owner_host": 42088,
        "original_W_tile_descriptors_host_upper": 252480,
        "original_claim_batch_codec_upper": 457768960,
        "public_padding_host_upper": 55574528,
        "retained_initial_private_host_pads": 6291456,
        "retained_predecessor": 786432,
        "two_public_table_host_payloads": 47908144
      },
      "phase": "native_E_D34_A3_S8_hash",
      "remaining_shared_payload_capacity_bytes": 4361148396
    },
    {
      "is_complete_phase_peak": false,
      "lifetime": "Upper of final reductions after ring/salt retirement; top cache is already conservatively charged.",
      "named_allocation_subtotal_bytes": 1544375828,
      "named_subtotal_exceeds_payload": false,
      "parts": {
        "E_frontier_group2": 49152,
        "E_pad_marshalling_host_upper": 98304,
        "E_roots_and_next_node_output": 12288,
        "E_salt_current_host": 2048,
        "device_persistent_or_single_replay_envelope": 785789696,
        "extension_previous_and_current_host_pads": 98304,
        "extension_previous_and_current_root_offset_caches": 36800,
        "full_calibration_table_serialization_difference_upper": 921596,
        "initial_W_and_A_root_offset_caches": 188743552,
        "native_common_owner_host": 42088,
        "original_W_tile_descriptors_host_upper": 252480,
        "original_claim_batch_codec_upper": 457768960,
        "public_padding_host_upper": 55574528,
        "retained_initial_private_host_pads": 6291456,
        "retained_predecessor": 786432,
        "two_public_table_host_payloads": 47908144
      },
      "phase": "native_E_D34_A3_S8_nodes",
      "remaining_shared_payload_capacity_bytes": 4361204204
    },
    {
      "is_complete_phase_peak": false,
      "lifetime": "One source loader for all3 limbs;4 remainder buffers, no original getter/D2H. 96q matrix+24q Rust column+24q C staging overlap until canonical check/free/publication. Both adjacent caches and predecessor planes stay alive through opening/release.",
      "named_allocation_subtotal_bytes": 1545027892,
      "named_subtotal_exceeds_payload": false,
      "parts": {
        "E_C_staged_column_host": 24576,
        "E_Rust_EQ_packet_host_upper": 288,
        "E_Rust_column_host": 24576,
        "E_Rust_pad_marshalling_host_upper": 98304,
        "E_forward_inverse_twiddles": 67072,
        "E_four_remainders": 32768,
        "E_private_shape_EQ_and_pads": 49920,
        "E_private_sticky_flag": 256,
        "E_private_three_limb_low": 24576,
        "E_public_factor_spectra": 360448,
        "E_returned_matrix_host": 98304,
        "E_work_and_scratch": 32768,
        "device_persistent_or_single_replay_envelope": 785789696,
        "extension_previous_and_current_host_pads": 98304,
        "extension_previous_and_current_root_offset_caches": 36800,
        "full_calibration_table_serialization_difference_upper": 921596,
        "initial_W_and_A_root_offset_caches": 188743552,
        "native_common_owner_host": 42088,
        "original_W_tile_descriptors_host_upper": 252480,
        "original_claim_batch_codec_upper": 457768960,
        "public_padding_host_upper": 55574528,
        "retained_initial_private_host_pads": 6291456,
        "retained_predecessor": 786432,
        "two_public_table_host_payloads": 47908144
      },
      "phase": "native_E_D34_A3_S8_predecessor_E_query_publication",
      "remaining_shared_payload_capacity_bytes": 4360552140
    },
    {
      "is_complete_phase_peak": false,
      "lifetime": "CPU query_tree_with/DFT construction is a preceding lifetime; matrix/private low/work not allocated yet. Reverse/inverse-series/multiply/DFT caches and Vec growth remain explicitly unquantified additional classes.",
      "named_allocation_subtotal_bytes": 1544715284,
      "named_subtotal_exceeds_payload": false,
      "parts": {
        "E_forward_inverse_twiddles": 67072,
        "E_public_factor_spectra": 360448,
        "current_inverse_modulus_spectra": 32768,
        "current_polynomial_level_upper": 16384,
        "device_persistent_or_single_replay_envelope": 785789696,
        "extension_previous_and_current_host_pads": 98304,
        "extension_previous_and_current_root_offset_caches": 36800,
        "full_calibration_table_serialization_difference_upper": 921596,
        "initial_W_and_A_root_offset_caches": 188743552,
        "native_common_owner_host": 42088,
        "one_upload_conversion": 16384,
        "original_W_tile_descriptors_host_upper": 252480,
        "original_claim_batch_codec_upper": 457768960,
        "public_padding_host_upper": 55574528,
        "public_points": 8192,
        "retained_initial_private_host_pads": 6291456,
        "retained_predecessor": 786432,
        "two_public_table_host_payloads": 47908144
      },
      "phase": "native_E_D34_A3_S8_predecessor_E_public_factor_construction",
      "remaining_shared_payload_capacity_bytes": 4360864748
    },
    {
      "is_complete_phase_peak": false,
      "lifetime": "Old+new planes coexist through successful fold/fence/typed retirement; previous cache already released.",
      "named_allocation_subtotal_bytes": 1544343348,
      "named_subtotal_exceeds_payload": false,
      "parts": {
        "current_extension_cache": 18400,
        "current_extension_host_pads": 49152,
        "device_persistent_or_single_replay_envelope": 785789696,
        "fold_flag": 256,
        "full_calibration_table_serialization_difference_upper": 921596,
        "initial_W_and_A_root_offset_caches": 188743552,
        "native_common_owner_host": 42088,
        "original_W_tile_descriptors_host_upper": 252480,
        "original_claim_batch_codec_upper": 457768960,
        "predecessor_three_planes": 786432,
        "public_padding_host_upper": 55574528,
        "retained_initial_private_host_pads": 6291456,
        "successor_three_planes": 196608,
        "two_public_table_host_payloads": 47908144
      },
      "phase": "native_E_D34_A3_S8_promotion",
      "remaining_shared_payload_capacity_bytes": 4361236684
    },
    {
      "is_complete_phase_peak": false,
      "lifetime": "Prescan scratch/device offsets retire before ring/frontier allocation. Current cursor/meta stay for hashing. The current cache is conservatively charged before its top digests are constructed.",
      "named_allocation_subtotal_bytes": 1543652116,
      "named_subtotal_exceeds_payload": false,
      "parts": {
        "device_persistent_or_single_replay_envelope": 785789696,
        "extension_previous_and_current_host_pads": 98304,
        "extension_previous_and_current_root_offset_caches": 36800,
        "full_calibration_table_serialization_difference_upper": 921596,
        "initial_W_and_A_root_offset_caches": 188743552,
        "native_common_owner_host": 42088,
        "original_W_tile_descriptors_host_upper": 252480,
        "original_claim_batch_codec_upper": 457768960,
        "public_padding_host_upper": 55574528,
        "retained_initial_private_host_pads": 6291456,
        "retained_predecessor": 196608,
        "salt_current_device": 2048,
        "salt_current_host": 2048,
        "salt_meta": 256,
        "salt_prescan_scratch": 21504,
        "salt_subtree_offsets_device": 2048,
        "two_public_table_host_payloads": 47908144
      },
      "phase": "native_E_D34_A3_S9_salt_prescan",
      "remaining_shared_payload_capacity_bytes": 4361927916
    },
    {
      "is_complete_phase_peak": false,
      "lifetime": "All stages use R=min(CPU R,H/2), paired cosets. One scratch/twiddle for24 serial base columns. A S1 remains original; later stages read retained planes. No extra A reconstruction.",
      "named_allocation_subtotal_bytes": 1543875892,
      "named_subtotal_exceeds_payload": false,
      "parts": {
        "E_EQ_packet_host_upper": 288,
        "E_EQ_shape_chunks_tables_pads": 49920,
        "E_forward_twiddles": 2048,
        "E_frontier_group2": 32768,
        "E_high_powers": 256,
        "E_low_powers": 4096,
        "E_original_to_C_pad_marshalling_host_upper": 98304,
        "E_reused_salt_band": 8192,
        "E_ring24R": 49152,
        "E_salt_current_device": 2048,
        "E_salt_current_host": 2048,
        "E_salt_meta": 256,
        "E_sticky_flag": 256,
        "E_transpose_scratch": 2048,
        "device_persistent_or_single_replay_envelope": 785789696,
        "extension_previous_and_current_host_pads": 98304,
        "extension_previous_and_current_root_offset_caches": 36800,
        "full_calibration_table_serialization_difference_upper": 921596,
        "initial_W_and_A_root_offset_caches": 188743552,
        "native_common_owner_host": 42088,
        "original_W_tile_descriptors_host_upper": 252480,
        "original_claim_batch_codec_upper": 457768960,
        "public_padding_host_upper": 55574528,
        "retained_initial_private_host_pads": 6291456,
        "retained_predecessor": 196608,
        "two_public_table_host_payloads": 47908144
      },
      "phase": "native_E_D34_A3_S9_FFT",
      "remaining_shared_payload_capacity_bytes": 4361704140
    },
    {
      "is_complete_phase_peak": false,
      "lifetime": "EQ/pad device packet and powers/FFT auxiliaries retire before hash. Two lanes publish R paired roots; the ring retires before further node outputs, preserving original salts and order.",
      "named_allocation_subtotal_bytes": 1543825428,
      "named_subtotal_exceeds_payload": false,
      "parts": {
        "E_frontier_group2": 32768,
        "E_hash_flag": 256,
        "E_original_to_C_pad_marshalling_host_upper": 98304,
        "E_paired_hash_states_R": 8192,
        "E_ring24R": 49152,
        "E_salt_band": 8192,
        "E_salt_current_device": 2048,
        "E_salt_current_host": 2048,
        "E_salt_meta": 256,
        "device_persistent_or_single_replay_envelope": 785789696,
        "extension_previous_and_current_host_pads": 98304,
        "extension_previous_and_current_root_offset_caches": 36800,
        "full_calibration_table_serialization_difference_upper": 921596,
        "initial_W_and_A_root_offset_caches": 188743552,
        "native_common_owner_host": 42088,
        "original_W_tile_descriptors_host_upper": 252480,
        "original_claim_batch_codec_upper": 457768960,
        "public_padding_host_upper": 55574528,
        "retained_initial_private_host_pads": 6291456,
        "retained_predecessor": 196608,
        "two_public_table_host_payloads": 47908144
      },
      "phase": "native_E_D34_A3_S9_hash",
      "remaining_shared_payload_capacity_bytes": 4361754604
    },
    {
      "is_complete_phase_peak": false,
      "lifetime": "Upper of final reductions after ring/salt retirement; top cache is already conservatively charged.",
      "named_allocation_subtotal_bytes": 1543769620,
      "named_subtotal_exceeds_payload": false,
      "parts": {
        "E_frontier_group2": 32768,
        "E_pad_marshalling_host_upper": 98304,
        "E_roots_and_next_node_output": 12288,
        "E_salt_current_host": 2048,
        "device_persistent_or_single_replay_envelope": 785789696,
        "extension_previous_and_current_host_pads": 98304,
        "extension_previous_and_current_root_offset_caches": 36800,
        "full_calibration_table_serialization_difference_upper": 921596,
        "initial_W_and_A_root_offset_caches": 188743552,
        "native_common_owner_host": 42088,
        "original_W_tile_descriptors_host_upper": 252480,
        "original_claim_batch_codec_upper": 457768960,
        "public_padding_host_upper": 55574528,
        "retained_initial_private_host_pads": 6291456,
        "retained_predecessor": 196608,
        "two_public_table_host_payloads": 47908144
      },
      "phase": "native_E_D34_A3_S9_nodes",
      "remaining_shared_payload_capacity_bytes": 4361810412
    },
    {
      "is_complete_phase_peak": false,
      "lifetime": "One source loader for all3 limbs;4 remainder buffers, no original getter/D2H. 96q matrix+24q Rust column+24q C staging overlap until canonical check/free/publication. Both adjacent caches and predecessor planes stay alive through opening/release.",
      "named_allocation_subtotal_bytes": 1544438068,
      "named_subtotal_exceeds_payload": false,
      "parts": {
        "E_C_staged_column_host": 24576,
        "E_Rust_EQ_packet_host_upper": 288,
        "E_Rust_column_host": 24576,
        "E_Rust_pad_marshalling_host_upper": 98304,
        "E_forward_inverse_twiddles": 67072,
        "E_four_remainders": 32768,
        "E_private_shape_EQ_and_pads": 49920,
        "E_private_sticky_flag": 256,
        "E_private_three_limb_low": 24576,
        "E_public_factor_spectra": 360448,
        "E_returned_matrix_host": 98304,
        "E_work_and_scratch": 32768,
        "device_persistent_or_single_replay_envelope": 785789696,
        "extension_previous_and_current_host_pads": 98304,
        "extension_previous_and_current_root_offset_caches": 36800,
        "full_calibration_table_serialization_difference_upper": 921596,
        "initial_W_and_A_root_offset_caches": 188743552,
        "native_common_owner_host": 42088,
        "original_W_tile_descriptors_host_upper": 252480,
        "original_claim_batch_codec_upper": 457768960,
        "public_padding_host_upper": 55574528,
        "retained_initial_private_host_pads": 6291456,
        "retained_predecessor": 196608,
        "two_public_table_host_payloads": 47908144
      },
      "phase": "native_E_D34_A3_S9_predecessor_E_query_publication",
      "remaining_shared_payload_capacity_bytes": 4361141964
    },
    {
      "is_complete_phase_peak": false,
      "lifetime": "CPU query_tree_with/DFT construction is a preceding lifetime; matrix/private low/work not allocated yet. Reverse/inverse-series/multiply/DFT caches and Vec growth remain explicitly unquantified additional classes.",
      "named_allocation_subtotal_bytes": 1544125460,
      "named_subtotal_exceeds_payload": false,
      "parts": {
        "E_forward_inverse_twiddles": 67072,
        "E_public_factor_spectra": 360448,
        "current_inverse_modulus_spectra": 32768,
        "current_polynomial_level_upper": 16384,
        "device_persistent_or_single_replay_envelope": 785789696,
        "extension_previous_and_current_host_pads": 98304,
        "extension_previous_and_current_root_offset_caches": 36800,
        "full_calibration_table_serialization_difference_upper": 921596,
        "initial_W_and_A_root_offset_caches": 188743552,
        "native_common_owner_host": 42088,
        "one_upload_conversion": 16384,
        "original_W_tile_descriptors_host_upper": 252480,
        "original_claim_batch_codec_upper": 457768960,
        "public_padding_host_upper": 55574528,
        "public_points": 8192,
        "retained_initial_private_host_pads": 6291456,
        "retained_predecessor": 196608,
        "two_public_table_host_payloads": 47908144
      },
      "phase": "native_E_D34_A3_S9_predecessor_E_public_factor_construction",
      "remaining_shared_payload_capacity_bytes": 4361454572
    },
    {
      "is_complete_phase_peak": false,
      "lifetime": "Old+new planes coexist through successful fold/fence/typed retirement; previous cache already released.",
      "named_allocation_subtotal_bytes": 1543606068,
      "named_subtotal_exceeds_payload": false,
      "parts": {
        "current_extension_cache": 18400,
        "current_extension_host_pads": 49152,
        "device_persistent_or_single_replay_envelope": 785789696,
        "fold_flag": 256,
        "full_calibration_table_serialization_difference_upper": 921596,
        "initial_W_and_A_root_offset_caches": 188743552,
        "native_common_owner_host": 42088,
        "original_W_tile_descriptors_host_upper": 252480,
        "original_claim_batch_codec_upper": 457768960,
        "predecessor_three_planes": 196608,
        "public_padding_host_upper": 55574528,
        "retained_initial_private_host_pads": 6291456,
        "successor_three_planes": 49152,
        "two_public_table_host_payloads": 47908144
      },
      "phase": "native_E_D34_A3_S9_promotion",
      "remaining_shared_payload_capacity_bytes": 4361973964
    },
    {
      "is_complete_phase_peak": false,
      "lifetime": "Prescan scratch/device offsets retire before ring/frontier allocation. Current cursor/meta stay for hashing. The current cache is conservatively charged before its top digests are constructed.",
      "named_allocation_subtotal_bytes": 1543504660,
      "named_subtotal_exceeds_payload": false,
      "parts": {
        "device_persistent_or_single_replay_envelope": 785789696,
        "extension_previous_and_current_host_pads": 98304,
        "extension_previous_and_current_root_offset_caches": 36800,
        "full_calibration_table_serialization_difference_upper": 921596,
        "initial_W_and_A_root_offset_caches": 188743552,
        "native_common_owner_host": 42088,
        "original_W_tile_descriptors_host_upper": 252480,
        "original_claim_batch_codec_upper": 457768960,
        "public_padding_host_upper": 55574528,
        "retained_initial_private_host_pads": 6291456,
        "retained_predecessor": 49152,
        "salt_current_device": 2048,
        "salt_current_host": 2048,
        "salt_meta": 256,
        "salt_prescan_scratch": 21504,
        "salt_subtree_offsets_device": 2048,
        "two_public_table_host_payloads": 47908144
      },
      "phase": "native_E_D34_A3_S10_salt_prescan",
      "remaining_shared_payload_capacity_bytes": 4362075372
    },
    {
      "is_complete_phase_peak": false,
      "lifetime": "All stages use R=min(CPU R,H/2), paired cosets. One scratch/twiddle for24 serial base columns. A S1 remains original; later stages read retained planes. No extra A reconstruction.",
      "named_allocation_subtotal_bytes": 1543728436,
      "named_subtotal_exceeds_payload": false,
      "parts": {
        "E_EQ_packet_host_upper": 288,
        "E_EQ_shape_chunks_tables_pads": 49920,
        "E_forward_twiddles": 2048,
        "E_frontier_group2": 32768,
        "E_high_powers": 256,
        "E_low_powers": 4096,
        "E_original_to_C_pad_marshalling_host_upper": 98304,
        "E_reused_salt_band": 8192,
        "E_ring24R": 49152,
        "E_salt_current_device": 2048,
        "E_salt_current_host": 2048,
        "E_salt_meta": 256,
        "E_sticky_flag": 256,
        "E_transpose_scratch": 2048,
        "device_persistent_or_single_replay_envelope": 785789696,
        "extension_previous_and_current_host_pads": 98304,
        "extension_previous_and_current_root_offset_caches": 36800,
        "full_calibration_table_serialization_difference_upper": 921596,
        "initial_W_and_A_root_offset_caches": 188743552,
        "native_common_owner_host": 42088,
        "original_W_tile_descriptors_host_upper": 252480,
        "original_claim_batch_codec_upper": 457768960,
        "public_padding_host_upper": 55574528,
        "retained_initial_private_host_pads": 6291456,
        "retained_predecessor": 49152,
        "two_public_table_host_payloads": 47908144
      },
      "phase": "native_E_D34_A3_S10_FFT",
      "remaining_shared_payload_capacity_bytes": 4361851596
    },
    {
      "is_complete_phase_peak": false,
      "lifetime": "EQ/pad device packet and powers/FFT auxiliaries retire before hash. Two lanes publish R paired roots; the ring retires before further node outputs, preserving original salts and order.",
      "named_allocation_subtotal_bytes": 1543677972,
      "named_subtotal_exceeds_payload": false,
      "parts": {
        "E_frontier_group2": 32768,
        "E_hash_flag": 256,
        "E_original_to_C_pad_marshalling_host_upper": 98304,
        "E_paired_hash_states_R": 8192,
        "E_ring24R": 49152,
        "E_salt_band": 8192,
        "E_salt_current_device": 2048,
        "E_salt_current_host": 2048,
        "E_salt_meta": 256,
        "device_persistent_or_single_replay_envelope": 785789696,
        "extension_previous_and_current_host_pads": 98304,
        "extension_previous_and_current_root_offset_caches": 36800,
        "full_calibration_table_serialization_difference_upper": 921596,
        "initial_W_and_A_root_offset_caches": 188743552,
        "native_common_owner_host": 42088,
        "original_W_tile_descriptors_host_upper": 252480,
        "original_claim_batch_codec_upper": 457768960,
        "public_padding_host_upper": 55574528,
        "retained_initial_private_host_pads": 6291456,
        "retained_predecessor": 49152,
        "two_public_table_host_payloads": 47908144
      },
      "phase": "native_E_D34_A3_S10_hash",
      "remaining_shared_payload_capacity_bytes": 4361902060
    },
    {
      "is_complete_phase_peak": false,
      "lifetime": "Upper of final reductions after ring/salt retirement; top cache is already conservatively charged.",
      "named_allocation_subtotal_bytes": 1543622164,
      "named_subtotal_exceeds_payload": false,
      "parts": {
        "E_frontier_group2": 32768,
        "E_pad_marshalling_host_upper": 98304,
        "E_roots_and_next_node_output": 12288,
        "E_salt_current_host": 2048,
        "device_persistent_or_single_replay_envelope": 785789696,
        "extension_previous_and_current_host_pads": 98304,
        "extension_previous_and_current_root_offset_caches": 36800,
        "full_calibration_table_serialization_difference_upper": 921596,
        "initial_W_and_A_root_offset_caches": 188743552,
        "native_common_owner_host": 42088,
        "original_W_tile_descriptors_host_upper": 252480,
        "original_claim_batch_codec_upper": 457768960,
        "public_padding_host_upper": 55574528,
        "retained_initial_private_host_pads": 6291456,
        "retained_predecessor": 49152,
        "two_public_table_host_payloads": 47908144
      },
      "phase": "native_E_D34_A3_S10_nodes",
      "remaining_shared_payload_capacity_bytes": 4361957868
    },
    {
      "is_complete_phase_peak": false,
      "lifetime": "One source loader for all3 limbs;4 remainder buffers, no original getter/D2H. 96q matrix+24q Rust column+24q C staging overlap until canonical check/free/publication. Both adjacent caches and predecessor planes stay alive through opening/release.",
      "named_allocation_subtotal_bytes": 1544290612,
      "named_subtotal_exceeds_payload": false,
      "parts": {
        "E_C_staged_column_host": 24576,
        "E_Rust_EQ_packet_host_upper": 288,
        "E_Rust_column_host": 24576,
        "E_Rust_pad_marshalling_host_upper": 98304,
        "E_forward_inverse_twiddles": 67072,
        "E_four_remainders": 32768,
        "E_private_shape_EQ_and_pads": 49920,
        "E_private_sticky_flag": 256,
        "E_private_three_limb_low": 24576,
        "E_public_factor_spectra": 360448,
        "E_returned_matrix_host": 98304,
        "E_work_and_scratch": 32768,
        "device_persistent_or_single_replay_envelope": 785789696,
        "extension_previous_and_current_host_pads": 98304,
        "extension_previous_and_current_root_offset_caches": 36800,
        "full_calibration_table_serialization_difference_upper": 921596,
        "initial_W_and_A_root_offset_caches": 188743552,
        "native_common_owner_host": 42088,
        "original_W_tile_descriptors_host_upper": 252480,
        "original_claim_batch_codec_upper": 457768960,
        "public_padding_host_upper": 55574528,
        "retained_initial_private_host_pads": 6291456,
        "retained_predecessor": 49152,
        "two_public_table_host_payloads": 47908144
      },
      "phase": "native_E_D34_A3_S10_predecessor_E_query_publication",
      "remaining_shared_payload_capacity_bytes": 4361289420
    },
    {
      "is_complete_phase_peak": false,
      "lifetime": "CPU query_tree_with/DFT construction is a preceding lifetime; matrix/private low/work not allocated yet. Reverse/inverse-series/multiply/DFT caches and Vec growth remain explicitly unquantified additional classes.",
      "named_allocation_subtotal_bytes": 1543978004,
      "named_subtotal_exceeds_payload": false,
      "parts": {
        "E_forward_inverse_twiddles": 67072,
        "E_public_factor_spectra": 360448,
        "current_inverse_modulus_spectra": 32768,
        "current_polynomial_level_upper": 16384,
        "device_persistent_or_single_replay_envelope": 785789696,
        "extension_previous_and_current_host_pads": 98304,
        "extension_previous_and_current_root_offset_caches": 36800,
        "full_calibration_table_serialization_difference_upper": 921596,
        "initial_W_and_A_root_offset_caches": 188743552,
        "native_common_owner_host": 42088,
        "one_upload_conversion": 16384,
        "original_W_tile_descriptors_host_upper": 252480,
        "original_claim_batch_codec_upper": 457768960,
        "public_padding_host_upper": 55574528,
        "public_points": 8192,
        "retained_initial_private_host_pads": 6291456,
        "retained_predecessor": 49152,
        "two_public_table_host_payloads": 47908144
      },
      "phase": "native_E_D34_A3_S10_predecessor_E_public_factor_construction",
      "remaining_shared_payload_capacity_bytes": 4361602028
    },
    {
      "is_complete_phase_peak": false,
      "lifetime": "Old+new planes coexist through successful fold/fence/typed retirement; previous cache already released.",
      "named_allocation_subtotal_bytes": 1543421748,
      "named_subtotal_exceeds_payload": false,
      "parts": {
        "current_extension_cache": 18400,
        "current_extension_host_pads": 49152,
        "device_persistent_or_single_replay_envelope": 785789696,
        "fold_flag": 256,
        "full_calibration_table_serialization_difference_upper": 921596,
        "initial_W_and_A_root_offset_caches": 188743552,
        "native_common_owner_host": 42088,
        "original_W_tile_descriptors_host_upper": 252480,
        "original_claim_batch_codec_upper": 457768960,
        "predecessor_three_planes": 49152,
        "public_padding_host_upper": 55574528,
        "retained_initial_private_host_pads": 6291456,
        "successor_three_planes": 12288,
        "two_public_table_host_payloads": 47908144
      },
      "phase": "native_E_D34_A3_S10_promotion",
      "remaining_shared_payload_capacity_bytes": 4362158284
    },
    {
      "is_complete_phase_peak": false,
      "lifetime": "Prescan scratch/device offsets retire before ring/frontier allocation. Current cursor/meta stay for hashing. The current cache is conservatively charged before its top digests are constructed.",
      "named_allocation_subtotal_bytes": 1543467796,
      "named_subtotal_exceeds_payload": false,
      "parts": {
        "device_persistent_or_single_replay_envelope": 785789696,
        "extension_previous_and_current_host_pads": 98304,
        "extension_previous_and_current_root_offset_caches": 36800,
        "full_calibration_table_serialization_difference_upper": 921596,
        "initial_W_and_A_root_offset_caches": 188743552,
        "native_common_owner_host": 42088,
        "original_W_tile_descriptors_host_upper": 252480,
        "original_claim_batch_codec_upper": 457768960,
        "public_padding_host_upper": 55574528,
        "retained_initial_private_host_pads": 6291456,
        "retained_predecessor": 12288,
        "salt_current_device": 2048,
        "salt_current_host": 2048,
        "salt_meta": 256,
        "salt_prescan_scratch": 21504,
        "salt_subtree_offsets_device": 2048,
        "two_public_table_host_payloads": 47908144
      },
      "phase": "native_E_D34_A3_S11_salt_prescan",
      "remaining_shared_payload_capacity_bytes": 4362112236
    },
    {
      "is_complete_phase_peak": false,
      "lifetime": "All stages use R=min(CPU R,H/2), paired cosets. One scratch/twiddle for24 serial base columns. A S1 remains original; later stages read retained planes. No extra A reconstruction.",
      "named_allocation_subtotal_bytes": 1543691572,
      "named_subtotal_exceeds_payload": false,
      "parts": {
        "E_EQ_packet_host_upper": 288,
        "E_EQ_shape_chunks_tables_pads": 49920,
        "E_forward_twiddles": 2048,
        "E_frontier_group2": 32768,
        "E_high_powers": 256,
        "E_low_powers": 4096,
        "E_original_to_C_pad_marshalling_host_upper": 98304,
        "E_reused_salt_band": 8192,
        "E_ring24R": 49152,
        "E_salt_current_device": 2048,
        "E_salt_current_host": 2048,
        "E_salt_meta": 256,
        "E_sticky_flag": 256,
        "E_transpose_scratch": 2048,
        "device_persistent_or_single_replay_envelope": 785789696,
        "extension_previous_and_current_host_pads": 98304,
        "extension_previous_and_current_root_offset_caches": 36800,
        "full_calibration_table_serialization_difference_upper": 921596,
        "initial_W_and_A_root_offset_caches": 188743552,
        "native_common_owner_host": 42088,
        "original_W_tile_descriptors_host_upper": 252480,
        "original_claim_batch_codec_upper": 457768960,
        "public_padding_host_upper": 55574528,
        "retained_initial_private_host_pads": 6291456,
        "retained_predecessor": 12288,
        "two_public_table_host_payloads": 47908144
      },
      "phase": "native_E_D34_A3_S11_FFT",
      "remaining_shared_payload_capacity_bytes": 4361888460
    },
    {
      "is_complete_phase_peak": false,
      "lifetime": "EQ/pad device packet and powers/FFT auxiliaries retire before hash. Two lanes publish R paired roots; the ring retires before further node outputs, preserving original salts and order.",
      "named_allocation_subtotal_bytes": 1543641108,
      "named_subtotal_exceeds_payload": false,
      "parts": {
        "E_frontier_group2": 32768,
        "E_hash_flag": 256,
        "E_original_to_C_pad_marshalling_host_upper": 98304,
        "E_paired_hash_states_R": 8192,
        "E_ring24R": 49152,
        "E_salt_band": 8192,
        "E_salt_current_device": 2048,
        "E_salt_current_host": 2048,
        "E_salt_meta": 256,
        "device_persistent_or_single_replay_envelope": 785789696,
        "extension_previous_and_current_host_pads": 98304,
        "extension_previous_and_current_root_offset_caches": 36800,
        "full_calibration_table_serialization_difference_upper": 921596,
        "initial_W_and_A_root_offset_caches": 188743552,
        "native_common_owner_host": 42088,
        "original_W_tile_descriptors_host_upper": 252480,
        "original_claim_batch_codec_upper": 457768960,
        "public_padding_host_upper": 55574528,
        "retained_initial_private_host_pads": 6291456,
        "retained_predecessor": 12288,
        "two_public_table_host_payloads": 47908144
      },
      "phase": "native_E_D34_A3_S11_hash",
      "remaining_shared_payload_capacity_bytes": 4361938924
    },
    {
      "is_complete_phase_peak": false,
      "lifetime": "Upper of final reductions after ring/salt retirement; top cache is already conservatively charged.",
      "named_allocation_subtotal_bytes": 1543585300,
      "named_subtotal_exceeds_payload": false,
      "parts": {
        "E_frontier_group2": 32768,
        "E_pad_marshalling_host_upper": 98304,
        "E_roots_and_next_node_output": 12288,
        "E_salt_current_host": 2048,
        "device_persistent_or_single_replay_envelope": 785789696,
        "extension_previous_and_current_host_pads": 98304,
        "extension_previous_and_current_root_offset_caches": 36800,
        "full_calibration_table_serialization_difference_upper": 921596,
        "initial_W_and_A_root_offset_caches": 188743552,
        "native_common_owner_host": 42088,
        "original_W_tile_descriptors_host_upper": 252480,
        "original_claim_batch_codec_upper": 457768960,
        "public_padding_host_upper": 55574528,
        "retained_initial_private_host_pads": 6291456,
        "retained_predecessor": 12288,
        "two_public_table_host_payloads": 47908144
      },
      "phase": "native_E_D34_A3_S11_nodes",
      "remaining_shared_payload_capacity_bytes": 4361994732
    },
    {
      "is_complete_phase_peak": false,
      "lifetime": "One source loader for all3 limbs;4 remainder buffers, no original getter/D2H. 96q matrix+24q Rust column+24q C staging overlap until canonical check/free/publication. Both adjacent caches and predecessor planes stay alive through opening/release.",
      "named_allocation_subtotal_bytes": 1544253748,
      "named_subtotal_exceeds_payload": false,
      "parts": {
        "E_C_staged_column_host": 24576,
        "E_Rust_EQ_packet_host_upper": 288,
        "E_Rust_column_host": 24576,
        "E_Rust_pad_marshalling_host_upper": 98304,
        "E_forward_inverse_twiddles": 67072,
        "E_four_remainders": 32768,
        "E_private_shape_EQ_and_pads": 49920,
        "E_private_sticky_flag": 256,
        "E_private_three_limb_low": 24576,
        "E_public_factor_spectra": 360448,
        "E_returned_matrix_host": 98304,
        "E_work_and_scratch": 32768,
        "device_persistent_or_single_replay_envelope": 785789696,
        "extension_previous_and_current_host_pads": 98304,
        "extension_previous_and_current_root_offset_caches": 36800,
        "full_calibration_table_serialization_difference_upper": 921596,
        "initial_W_and_A_root_offset_caches": 188743552,
        "native_common_owner_host": 42088,
        "original_W_tile_descriptors_host_upper": 252480,
        "original_claim_batch_codec_upper": 457768960,
        "public_padding_host_upper": 55574528,
        "retained_initial_private_host_pads": 6291456,
        "retained_predecessor": 12288,
        "two_public_table_host_payloads": 47908144
      },
      "phase": "native_E_D34_A3_S11_predecessor_E_query_publication",
      "remaining_shared_payload_capacity_bytes": 4361326284
    },
    {
      "is_complete_phase_peak": false,
      "lifetime": "CPU query_tree_with/DFT construction is a preceding lifetime; matrix/private low/work not allocated yet. Reverse/inverse-series/multiply/DFT caches and Vec growth remain explicitly unquantified additional classes.",
      "named_allocation_subtotal_bytes": 1543941140,
      "named_subtotal_exceeds_payload": false,
      "parts": {
        "E_forward_inverse_twiddles": 67072,
        "E_public_factor_spectra": 360448,
        "current_inverse_modulus_spectra": 32768,
        "current_polynomial_level_upper": 16384,
        "device_persistent_or_single_replay_envelope": 785789696,
        "extension_previous_and_current_host_pads": 98304,
        "extension_previous_and_current_root_offset_caches": 36800,
        "full_calibration_table_serialization_difference_upper": 921596,
        "initial_W_and_A_root_offset_caches": 188743552,
        "native_common_owner_host": 42088,
        "one_upload_conversion": 16384,
        "original_W_tile_descriptors_host_upper": 252480,
        "original_claim_batch_codec_upper": 457768960,
        "public_padding_host_upper": 55574528,
        "public_points": 8192,
        "retained_initial_private_host_pads": 6291456,
        "retained_predecessor": 12288,
        "two_public_table_host_payloads": 47908144
      },
      "phase": "native_E_D34_A3_S11_predecessor_E_public_factor_construction",
      "remaining_shared_payload_capacity_bytes": 4361638892
    },
    {
      "is_complete_phase_peak": false,
      "lifetime": "Old+new planes coexist through successful fold/fence/typed retirement; previous cache already released.",
      "named_allocation_subtotal_bytes": 1543375668,
      "named_subtotal_exceeds_payload": false,
      "parts": {
        "current_extension_cache": 18400,
        "current_extension_host_pads": 49152,
        "device_persistent_or_single_replay_envelope": 785789696,
        "fold_flag": 256,
        "full_calibration_table_serialization_difference_upper": 921596,
        "initial_W_and_A_root_offset_caches": 188743552,
        "native_common_owner_host": 42088,
        "original_W_tile_descriptors_host_upper": 252480,
        "original_claim_batch_codec_upper": 457768960,
        "predecessor_three_planes": 12288,
        "public_padding_host_upper": 55574528,
        "retained_initial_private_host_pads": 6291456,
        "successor_three_planes": 3072,
        "two_public_table_host_payloads": 47908144
      },
      "phase": "native_E_D34_A3_S11_promotion",
      "remaining_shared_payload_capacity_bytes": 4362204364
    },
    {
      "is_complete_phase_peak": false,
      "lifetime": "Last selected extension also uses native E query; fresh base-case mask/main caches, CPU proof vectors and already opened paths remain separate additional classes, never silently treated as absent.",
      "named_allocation_subtotal_bytes": 1544176980,
      "named_subtotal_exceeds_payload": false,
      "parts": {
        "E_C_staged_column_host": 24576,
        "E_Rust_EQ_packet_host_upper": 288,
        "E_Rust_column_host": 24576,
        "E_Rust_pad_marshalling_host_upper": 98304,
        "E_forward_inverse_twiddles": 67072,
        "E_four_remainders": 32768,
        "E_private_shape_EQ_and_pads": 49920,
        "E_private_sticky_flag": 256,
        "E_private_three_limb_low": 24576,
        "E_public_factor_spectra": 360448,
        "E_returned_matrix_host": 98304,
        "E_work_and_scratch": 32768,
        "current_extension_cache": 18400,
        "current_extension_host_pads": 49152,
        "device_persistent_or_single_replay_envelope": 785789696,
        "full_calibration_table_serialization_difference_upper": 921596,
        "initial_W_and_A_root_offset_caches": 188743552,
        "native_common_owner_host": 42088,
        "original_W_tile_descriptors_host_upper": 252480,
        "original_claim_batch_codec_upper": 457768960,
        "public_padding_host_upper": 55574528,
        "retained_initial_private_host_pads": 6291456,
        "retained_three_planes": 3072,
        "two_public_table_host_payloads": 47908144
      },
      "phase": "native_E_D34_A3_final_source_open",
      "remaining_shared_payload_capacity_bytes": 4361403052
    },
    {
      "is_complete_phase_peak": false,
      "lifetime": "Final query construction has the same preceding lifetime and explicit additional CPU temporaries.",
      "named_allocation_subtotal_bytes": 1543864372,
      "named_subtotal_exceeds_payload": false,
      "parts": {
        "E_forward_inverse_twiddles": 67072,
        "E_public_factor_spectra": 360448,
        "current_extension_cache": 18400,
        "current_extension_host_pads": 49152,
        "current_inverse_modulus_spectra": 32768,
        "current_polynomial_level_upper": 16384,
        "device_persistent_or_single_replay_envelope": 785789696,
        "full_calibration_table_serialization_difference_upper": 921596,
        "initial_W_and_A_root_offset_caches": 188743552,
        "native_common_owner_host": 42088,
        "one_upload_conversion": 16384,
        "original_W_tile_descriptors_host_upper": 252480,
        "original_claim_batch_codec_upper": 457768960,
        "public_padding_host_upper": 55574528,
        "public_points": 8192,
        "retained_initial_private_host_pads": 6291456,
        "retained_three_planes": 3072,
        "two_public_table_host_payloads": 47908144
      },
      "phase": "native_E_D34_A3_final_public_factor_construction",
      "remaining_shared_payload_capacity_bytes": 4361715660
    }
  ],
  "prepared_S1_is_selected_in_canonical_runner": true,
  "query_E_device_payload_named_q2p20_excluding_metadata_and_flag": 864028160,
  "query_E_host_publication_q2p20": 150994944,
  "runtime_allocator_stack_driver_allowance_bytes": 268435456,
  "scope": "named live allocation upper bounds only; every additional capacity/reallocation is globally charged. Immutable packed W alone excluded. No full-fit/physical/H100 claim.",
  "unquantified_additional_classes_are_zero": false
}
