unix_seconds,sample_duration_seconds,host_tree_rss_bytes,host_tree_swap_bytes,whole_gpu_used_bytes,whole_gpu_free_bytes,resident_host_W_lower_bound_bytes,resident_device_W_bytes,sampled_temporary_bytes,W_transition_incomplete,cgroup_memory_current_bytes,disk_available_bytes
1791581052.1569302,0.030322900041937828,19902464,0,0,85017493504,0,0,19902464,0,125896085504,121177477120
1791581052.3528228,0.026120679453015327,75431936,0,0,85017493504,0,0,75431936,0,125948112896,121177464832
1791581052.5545518,0.027777640148997307,79130624,0,0,85017493504,0,0,79130624,0,125951016960,121177464832
1791581052.7541175,0.027259111404418945,79130624,0,0,85017493504,0,0,79130624,0,125950787584,121177464832
1791581052.9555042,0.028562244027853012,79130624,0,0,85017493504,0,0,79130624,0,125950857216,121177464832
1791581053.1519237,0.024900048971176147,79130624,0,0,85017493504,0,0,79130624,0,125951148032,121177464832
1791581053.3543365,0.027230823412537575,79138816,0,0,85017493504,0,0,79138816,0,125951152128,121177464832
1791581053.5553856,0.028161372989416122,79138816,0,0,85017493504,0,0,79138816,0,125951045632,121177464832
1791581053.7526095,0.025302741676568985,79138816,0,0,85017493504,0,0,79138816,0,125951401984,121177464832
1791581053.9524415,0.025052495300769806,79138816,0,0,85017493504,0,0,79138816,0,125951143936,121177464832
1791581054.157064,0.02959522046148777,79142912,0,0,85017493504,0,0,79142912,0,125951418368,121177464832
1791581054.3560102,0.028454404324293137,79147008,0,0,85017493504,0,0,79147008,0,125951082496,121177464832
1791581054.5552237,0.02758828178048134,79147008,0,0,85017493504,0,0,79147008,0,125951168512,121177464832
1791581054.7557914,0.02807365357875824,79147008,0,0,85017493504,0,0,79147008,0,125951184896,121177464832
1791581054.9530866,0.025285080075263977,87941120,0,0,85017493504,0,0,87941120,0,125959917568,121177464832
1791581055.1540446,0.0261588953435421,87941120,0,0,85017493504,0,0,87941120,0,125959942144,121177464832
1791581055.3573544,0.029378462582826614,87941120,0,0,85017493504,0,0,87941120,0,125959397376,121177464832
1791581055.5539725,0.025917043909430504,87941120,0,0,85017493504,0,0,87941120,0,125959483392,121177464832
1791581055.7568133,0.02867756597697735,87945216,0,0,85017493504,0,0,87945216,0,125959184384,121177464832
1791581055.9530005,0.024784108623862267,87945216,0,0,85017493504,0,0,87945216,0,125959274496,121177464832
1791581056.158488,0.030191604048013687,87945216,0,0,85017493504,0,0,87945216,0,125959364608,121177464832
1791581056.353392,0.025014208629727364,87945216,0,0,85017493504,0,0,87945216,0,125959712768,121177464832
1791581056.5547855,0.026307430118322372,87945216,0,0,85017493504,0,0,87945216,0,125960200192,121177464832
1791581056.7641592,0.03559376671910286,87945216,0,0,85017493504,0,0,87945216,0,125962661888,121177464832
1791581056.961704,0.033031241968274117,87945216,0,0,85017493504,0,0,87945216,0,125963026432,121177464832
1791581057.1633265,0.0345467496663332,87945216,0,0,85017493504,0,0,87945216,0,125962899456,121177464832
1791581057.3536217,0.024761108681559563,96735232,0,0,85017493504,0,0,96735232,0,125971410944,121177464832
1791581057.5587723,0.0298266913741827,96735232,0,0,85017493504,0,0,96735232,0,125971943424,121177464832
1791581057.757961,0.02892730012536049,96735232,0,0,85017493504,0,0,96735232,0,125971869696,121177464832
1791581057.956518,0.027404939755797386,96735232,0,0,85017493504,0,0,96735232,0,125972463616,121177464832
1791581058.1551645,0.025963637977838516,96735232,0,0,85017493504,0,0,96735232,0,125978193920,121177464832
1791581058.3567872,0.027501076459884644,96735232,0,0,85017493504,0,0,96735232,0,125979873280,121177464832
1791581058.5592453,0.029872102662920952,96735232,0,0,85017493504,0,0,96735232,0,125979934720,121177464832
1791581058.7594626,0.030008459463715553,96735232,0,0,85017493504,0,0,96735232,0,125979955200,121177464832
1791581058.9592967,0.029744049534201622,96739328,0,0,85017493504,0,0,96739328,0,125979660288,121177464832
1791581059.1590476,0.029397495090961456,96739328,0,0,85017493504,0,0,96739328,0,125979987968,121177464832
1791581059.356899,0.02716706320643425,96739328,0,0,85017493504,0,0,96739328,0,125980061696,121177460736
1791581059.5578969,0.028098214417696,96739328,0,0,85017493504,0,0,96739328,0,125979820032,121177460736
1791581059.758103,0.02821049466729164,113872896,0,0,85017493504,0,0,113872896,0,125997842432,121177456640
1791581059.9606338,0.030644560232758522,130228224,0,0,85017493504,0,0,130228224,0,126013095936,121177456640
1791581060.1585352,0.02846577949821949,130228224,0,0,85017493504,0,0,130228224,0,126013132800,121177456640
1791581060.3574145,0.027263348922133446,130228224,0,0,85017493504,0,0,130228224,0,126013112320,121177456640
1791581060.5566218,0.02638876996934414,130228224,0,0,85017493504,0,0,130228224,0,126001930240,121177456640
1791581060.7546237,0.024308087304234505,130228224,0,0,85017493504,0,0,130228224,0,126001790976,121177456640
1791581060.9542527,0.02385883219540119,130228224,0,0,85017493504,0,0,130228224,0,126001610752,121177456640
1791581061.154073,0.023602457717061043,130228224,0,0,85017493504,0,0,130228224,0,126001692672,121177456640
1791581061.3541934,0.02364235557615757,130228224,0,0,85017493504,0,0,130228224,0,126001541120,121177456640
1791581061.5541975,0.023565256968140602,130232320,0,0,85017493504,0,0,130232320,0,126001221632,121177456640
1791581061.754287,0.023576125502586365,130232320,0,0,85017493504,0,0,130232320,0,126001315840,121177456640
1791581061.954315,0.02352595143020153,130232320,0,0,85017493504,0,0,130232320,0,126001143808,121177456640
1791581062.163246,0.03236912935972214,130232320,0,0,85017493504,0,0,130232320,0,126001356800,121177456640
1791581062.3583117,0.02734842523932457,141062144,0,0,85017493504,0,0,141062144,0,126011977728,121177456640
1791581062.5569673,0.025921307504177094,141062144,0,0,85017493504,0,0,141062144,0,126012067840,121177456640
1791581062.7552817,0.024157773703336716,141062144,0,0,85017493504,0,0,141062144,0,126012162048,121177456640
1791581062.954914,0.023708494380116463,141062144,0,0,85017493504,0,0,141062144,0,126012248064,121177456640
1791581063.155116,0.023832837119698524,141062144,0,0,85017493504,0,0,141062144,0,126012071936,121177456640
1791581063.3548973,0.023534825071692467,141062144,0,0,85017493504,0,0,141062144,0,126012162048,121177456640
1791581063.5581508,0.026703588664531708,141062144,0,0,85017493504,0,0,141062144,0,126011985920,121177456640
1791581063.758848,0.027320699766278267,141062144,0,0,85017493504,0,0,141062144,0,126012076032,121177456640
1791581063.955745,0.02413506619632244,141062144,0,0,85017493504,0,0,141062144,0,126012239872,121177456640
1791581064.1557205,0.024031128734350204,141062144,0,0,85017493504,0,0,141062144,0,126012334080,121177456640
1791581064.3558228,0.02405393123626709,141062144,0,0,85017493504,0,0,141062144,0,126011846656,121177456640
1791581064.5594764,0.027622686699032784,141062144,0,0,85017493504,0,0,141062144,0,126011822080,121177456640
1791581064.758265,0.02633221447467804,141062144,0,0,85017493504,0,0,141062144,0,126012178432,121177456640
1791581064.9635322,0.031514912843704224,147841024,0,0,85017493504,0,0,147841024,0,126018813952,121177456640
1791581065.1605127,0.02841406874358654,147841024,0,0,85017493504,0,0,147841024,0,126019170304,121177456640
1791581065.3605368,0.02832302451133728,147841024,0,0,85017493504,0,0,147841024,0,126019260416,121177456640
1791581065.5600207,0.027727050706744194,147841024,0,0,85017493504,0,0,147841024,0,126019608576,121177456640
1791581065.7564692,0.024097250774502754,147841024,0,0,85017493504,0,0,147841024,0,126019440640,121177456640
1791581065.956544,0.024092400446534157,147841024,0,0,85017493504,0,0,147841024,0,126019530752,121177456640
1791581066.156558,0.024028608575463295,147841024,0,0,85017493504,0,0,147841024,0,126019358720,121177456640
1791581066.35896,0.026351161301136017,147841024,0,0,85017493504,0,0,147841024,0,126019457024,121177456640
1791581066.5608208,0.028133612126111984,147841024,0,0,85017493504,0,0,147841024,0,126019551232,121177456640
1791581066.760766,0.02799745462834835,147841024,0,0,85017493504,0,0,147841024,0,126019641344,121177456640
1791581066.9618194,0.02896871790289879,147841024,0,0,85017493504,0,0,147841024,0,126019743744,121177452544
1791581067.1645005,0.031572116538882256,147841024,0,0,85017493504,0,0,147841024,0,126020452352,121177452544
1791581067.3624697,0.029461679980158806,136921088,0,0,85017493504,0,0,136921088,0,126009204736,121177448448
1791581067.5596108,0.026524778455495834,136937472,0,0,85017493504,0,0,136937472,0,126009262080,121177448448
1791581067.7573218,0.024156605824828148,136953856,0,0,85017493504,0,0,136953856,0,126009360384,121177448448
1791581067.9599175,0.026672471314668655,136962048,0,0,85017493504,0,0,136962048,0,126009147392,121177448448
1791581068.1577327,0.024406395852565765,139194368,0,0,85017493504,0,0,,1,126012121088,121177444352
1791581068.3763845,0.0429806187748909,342884352,0,0,85017493504,177643520,0,165240832,0,126215602176,121177444352
1791581068.5773215,0.0438280887901783,530063360,0,0,85017493504,365686784,0,164376576,0,126402568192,121177444352
1791581068.7827187,0.04914494417607784,720138240,0,0,85017493504,555958272,0,164179968,0,126593232896,121177444352
1791581068.9811974,0.047541139647364616,901623808,0,0,85017493504,740552704,0,161071104,0,126774530048,121177444352
1791581069.1877728,0.0540375504642725,1090682880,0,0,85017493504,929034240,0,161648640,0,126964142080,121177444352
1791581069.3925383,0.05871737189590931,1275768832,0,0,85017493504,1111564288,0,164204544,0,127149576192,121177444352
1791581069.5968971,0.06299623660743237,1454493696,0,0,85017493504,1297117184,0,157376512,0,127328940032,121177444352
1791581069.8006656,0.06667844206094742,1630228480,0,0,85017493504,1467346944,0,162881536,0,127504678912,121177444352
1791581070.003244,0.069173788651824,1816457216,0,0,85017493504,1653768192,0,162689024,0,127691419648,121177444352
1791581070.2036157,0.06945971585810184,1998065664,0,0,85017493504,1836924928,0,161140736,0,127872983040,121177444352
1791581070.40645,0.07221939601004124,2183663616,0,0,85017493504,2021388288,0,162275328,0,128059199488,121177444352
1791581070.6091251,0.07481732778251171,2369982464,0,0,85017493504,2209607680,0,160374784,0,128245874688,121177444352
1791581070.811025,0.0766424909234047,2554712064,0,0,85017493504,2392109056,0,162603008,0,128431300608,121177444352
1791581071.0064425,0.0719818715006113,2734239744,0,0,85017493504,2574770176,0,159469568,0,128611225600,121177444352
1791581071.2101157,0.07557841017842293,2914025472,0,0,85017493504,2753019904,0,161005568,0,128790876160,121177444352
1791581071.4167314,0.08212108910083771,3097501696,0,0,85017493504,2937188352,0,160313344,0,128974618624,121177444352
1791581071.6170657,0.08238983899354935,3283963904,0,0,85017493504,3123007488,0,160956416,0,129161605120,121177444352
1791581071.8162985,0.08155230060219765,3468906496,0,0,85017493504,3308396544,0,160509952,0,129346465792,121177444352
1791581072.0181515,0.08331957645714283,3655806976,0,0,85017493504,3497127936,0,158679040,0,129534062592,121177444352
1791581072.2249758,0.09005747735500336,3844325376,0,0,85017493504,3683926016,0,160399360,0,129722871808,121177444352
1791581072.4245653,0.08956191688776016,4028346368,0,0,85017493504,3868065792,0,160280576,0,129907372032,121177444352
1791581072.6160328,0.08096306584775448,4204630016,0,0,85017493504,4044259328,0,160370688,0,130083917824,121177444352
1791581072.8274367,0.09229081869125366,4386938880,0,0,85017493504,4227780608,0,159158272,0,130266300416,121177444352
1791581073.021568,0.08634102530777454,4556623872,0,0,85017493504,4395659264,0,160964608,0,130436734976,121177444352
1791581073.2156587,0.08036846667528152,4735246336,0,0,85017493504,4574277632,0,160968704,0,130615586816,121177444352
1791581073.4317377,0.09636722132563591,4934205440,0,0,85017493504,4774555648,0,159649792,0,130815090688,121177444352
1791581073.6303654,0.09493122808635235,5117743104,0,0,85017493504,4958986240,0,158756864,0,130998939648,121177444352
1791581073.8304331,0.09493206068873405,5299294208,0,0,85017493504,5141516288,0,157777920,0,131180965888,121177444352
1791581074.0334637,0.09789888747036457,5485678592,0,0,85017493504,5326893056,0,158785536,0,131367387136,121177444352
1791581074.2377746,0.1021434124559164,5665378304,0,0,85017493504,5506330624,0,159047680,0,131547443200,121177440256
1791581074.4387658,0.10307197086513042,5840883712,0,0,85017493504,5681307648,0,159576064,0,131723427840,121177440256
1791581074.6339095,0.09815052896738052,6020681728,0,0,85017493504,5859741696,0,160940032,0,131903860736,121177440256
1791581074.8464549,0.11062924936413765,6213996544,0,0,85017493504,6054473728,0,159522816,0,132097036288,121177440256
1791581075.0392082,0.103312524035573,6390992896,0,0,85017493504,6230953984,0,160038912,0,132274868224,121177440256
1791581075.2526252,0.11665765196084976,6582648832,0,0,85017493504,6423461888,0,159186944,0,132466847744,121177440256
1791581075.4525473,0.1165155041962862,6767116288,0,0,85017493504,6608048128,0,159068160,0,132651745280,121177440256
1791581075.6548152,0.1187213845551014,6952263680,0,0,85017493504,6794199040,0,158064640,0,132837203968,121177440256
1791581075.8569767,0.12081851996481419,7139172352,0,0,85017493504,6980235264,0,158937088,0,133024468992,121177440256
1791581076.059615,0.12338841706514359,7315034112,0,0,85017493504,7157387264,0,157646848,0,133200556032,121177440256
1791581076.269758,0.13346757180988789,7505289216,0,0,85017493504,7344312320,0,160976896,0,133390913536,121177440256
1791581076.4569776,0.12062401697039604,7670075392,0,0,85017493504,7510355968,0,159719424,0,133555580928,121177440256
1791581076.6443965,0.10797492042183876,7843307520,0,0,85017493504,7683960832,0,159346688,0,133729697792,121177440256
1791581076.8773425,0.14084087871015072,8053166080,0,0,85017493504,7893520384,0,159645696,0,133940035584,121177440256
1791581077.0658522,0.12928642705082893,8222826496,0,0,85017493504,8062103552,0,160722944,0,134110228480,121177440256
1791581077.2481856,0.11155487224459648,8391843840,0,0,85017493504,8232398848,0,159444992,0,134279991296,121177440256
1791581077.5140948,0.1773850303143263,8633057280,0,0,85017493504,8449839104,0,183218176,0,134521262080,121177440256
1791581077.6920536,0.15528049133718014,8797351936,0,0,85017493504,8638099456,0,159252480,0,134685974528,121177440256
1791581077.8990524,0.16220886819064617,8977948672,0,0,85017493504,8817324032,0,160624640,0,134866944000,121177440256
1791581078.0980196,0.16111197508871555,9140809728,0,0,85017493504,8985608192,0,155201536,0,135030145024,121177440256
1791581078.302399,0.1654267981648445,9328832512,0,0,85017493504,9168891904,0,159940608,0,135218188288,121177440256
1791581078.478349,0.14130742102861404,9490382848,0,0,85017493504,9329602560,0,160780288,0,135380541440,121177440256
1791581078.6659765,0.12885565869510174,9662078976,0,0,85017493504,9502785536,0,159293440,0,135552602112,121177440256
1791581078.8651912,0.12800296768546104,9847103488,0,0,85017493504,9686347776,0,160755712,0,135737761792,121177440256
1791581079.1116037,0.1743517965078354,10076450816,0,0,85017493504,9917165568,0,159285248,0,135967748096,121177440256
1791581079.2862277,0.14890353940427303,10234077184,0,0,85017493504,10073882624,0,160194560,0,136125444096,121177440256
1791581079.5182867,0.18089976534247398,10438983680,0,0,85017493504,10279907328,0,159076352,0,136330661888,121177440256
1791581079.719896,0.18244838900864124,10612465664,0,0,85017493504,10453774336,0,158691328,0,136504782848,121177440256
1791581079.9214225,0.1839130688458681,10801029120,0,0,85017493504,10643279872,0,157749248,0,136693510144,121177440256
1791581080.1269898,0.18941765278577805,10984972288,0,0,85017493504,10823442432,0,161529856,0,136877895680,121177440256
1791581080.3301425,0.19250849448144436,11170586624,0,0,85017493504,11012153344,0,158433280,0,137063346176,121177440256
1791581080.5009685,0.16327305883169174,11330289664,0,0,85017493504,11169124352,0,161165312,0,137223499776,121177440256
1791581080.6821277,0.14436900056898594,11499266048,0,0,85017493504,11339239424,0,160026624,0,137392668672,121177440256
1791581080.9394696,0.20164859853684902,11725676544,0,0,85017493504,11564806144,0,160870400,0,137619673088,121177440256
1791581081.115791,0.1761724166572094,11878445056,0,0,85017493504,11718832128,0,159612928,0,137772601344,121177436160
1791581081.2892258,0.14954376593232155,12038008832,0,0,85017493504,11877621760,0,160387072,0,137932886016,121177436160
1791581081.5476701,0.20792504772543907,12274401280,0,0,85017493504,12114264064,0,160137216,0,138169823232,121177436160
1791581081.7604687,0.2126594725996256,12471083008,0,0,85017493504,12311150592,0,159932416,0,138366763008,121177436160
1791581081.9796999,0.21909396164119244,12672761856,0,0,85017493504,12511604736,0,161157120,0,138568892416,121177436160
1791581082.1987019,0.21886454708874226,12878237696,0,0,85017493504,12718735360,0,159502336,0,138775367680,121177436160
1791581082.4241998,0.22535693645477295,13075103744,0,0,85017493504,12915769344,0,159334400,0,138972160000,121177436160
1791581082.6149726,0.19062628038227558,13240795136,0,0,85017493504,13081317376,0,159477760,0,139137851392,121177436160
1791581082.78744,0.16303016059100628,13399334912,0,0,85017493504,13240991744,0,158343168,0,139296473088,121177436160
1791581082.9869645,0.16249172389507294,13582577664,0,0,85017493504,13424390144,0,158187520,0,139480326144,121177436160
1791581083.1910796,0.166543897241354,13766451200,0,0,85017493504,13605400576,0,161050624,0,139664941056,121177436160
1791581083.3886523,0.16405208595097065,13948276736,0,0,85017493504,13789978624,0,158298112,0,139847221248,121177436160
1791581083.5911467,0.16648226790130138,14135844864,0,0,85017493504,13976662016,0,159182848,0,140035018752,121177436160
1791581083.7921686,0.16744216717779636,14320934912,0,0,85017493504,14162145280,0,158789632,0,140220411904,121177436160
1791581084.0000236,0.17523490637540817,14502805504,0,0,85017493504,14345809920,0,156995584,0,140402520064,121177436160
1791581084.1997323,0.17487969994544983,14690361344,0,0,85017493504,14528999424,0,161361920,0,140590407680,121177436160
1791581084.4777048,0.25278872810304165,14939521024,0,0,85017493504,14779183104,0,160337920,0,140840148992,121177436160
1791581084.688398,0.21055174805223942,15133093888,0,0,85017493504,14971695104,0,161398784,0,141034307584,121177436160
1791581084.9484682,0.2599265892058611,15374000128,0,0,85017493504,15214362624,0,159637504,0,141275824128,121177436160
1791581085.1633465,0.2147353906184435,15571922944,0,0,85017493504,15411654656,0,160268288,0,141474074624,121177436160
1791581085.4307046,0.2672201804816723,15819833344,0,0,85017493504,15657988096,0,161845248,0,141722894336,121177436160
1791581085.7028396,0.2719938922673464,16070651904,0,0,85017493504,15911198720,0,159453184,0,141973790720,121177436160
1791581085.976157,0.27318012341856956,16314183680,0,0,85017493504,16156098560,0,158085120,0,142217289728,121177436160
1791581086.2505977,0.2742983102798462,16565915648,0,0,85017493504,16413024256,0,152891392,0,142469328896,121177436160
1791581086.5309384,0.2802038285881281,16818155520,0,0,85017493504,16658137088,0,160018432,0,142722383872,121177436160
1791581086.7635477,0.23246640339493752,17034129408,0,0,85017493504,16873418752,0,160710656,0,142939004928,121177436160
1791581086.9698672,0.20617867447435856,17226117120,0,0,85017493504,17064644608,0,161472512,0,143131512832,121177436160
1791581087.2556806,0.2856703530997038,17492951040,0,0,85017493504,17335332864,0,157618176,0,143399321600,121177436160
1791581087.551107,0.2952925805002451,17769279488,0,0,85017493504,17609039872,0,160239616,0,143676235776,121177436160
1791581087.8503807,0.29913376085460186,18038509568,0,0,85017493504,17879187456,0,159322112,0,143946076160,121177436160
1791581088.153204,0.30268628522753716,18310066176,0,0,85017493504,18150977536,0,159088640,0,144217968640,121177436160
1791581088.4597282,0.30638845451176167,18594484224,0,0,85017493504,18434859008,0,159625216,0,144502775808,121177436160
1791581088.714094,0.2542243953794241,18828890112,0,0,85017493504,18668556288,0,160333824,0,144737906688,121177436160
1791581089.030283,0.31609904766082764,19120631808,0,0,85017493504,18960248832,0,160382976,0,145029427200,121177436160
1791581089.3061373,0.2757101245224476,19369213952,0,0,85017493504,19208630272,0,160583680,0,145278537728,121177436160
1791581089.6311023,0.32480522990226746,19656658944,0,0,85017493504,19495251968,0,161406976,0,145566724096,121177432064
1791581089.9601731,0.32892764918506145,19961462784,0,0,85017493504,19801264128,0,160198656,0,145871892480,121177432064
1791581090.2940307,0.33371593430638313,20270936064,0,0,85017493504,20111314944,0,159621120,0,146182053888,121177432064
1791581090.5718672,0.27768501080572605,20527865856,0,0,85017493504,20367470592,0,160395264,0,146439561216,121177432064
1791581090.8170805,0.24507076106965542,20756836352,0,0,85017493504,20595081216,0,161755136,0,146669297664,121177432064
1791581091.1629694,0.3457659836858511,21073178624,0,0,85017493504,20913352704,0,159825920,0,146986299392,121177432064
1791581091.4506955,0.28757962211966515,21342351360,0,0,85017493504,21181820928,0,160530432,0,147255861248,121177432064
1791581091.8043933,0.3535570241510868,21675597824,0,0,85017493504,21515554816,0,160043008,0,147589677056,121177432064
1791581092.1650116,0.3604799248278141,22015967232,0,0,85017493504,21855531008,0,160436224,0,147931086848,121177427968
1791581092.5332572,0.3681075144559145,22350458880,0,0,85017493504,22189637632,0,160821248,0,148266094592,121177427968
1791581092.8399887,0.3065849579870701,22631972864,0,0,85017493504,22469959680,0,162013184,0,148547796992,121177427968
1791581093.1053035,0.26517186127603054,22878367744,0,0,85017493504,22718377984,0,159989760,0,148795068416,121177427968
1791581093.3710494,0.26560393534600735,23125749760,0,0,85017493504,22965710848,0,160038912,0,149042540544,121177427968
1791581093.7556677,0.38448130898177624,23486709760,0,0,85017493504,23323930624,0,162779136,0,149404377088,121177427968
1791581094.1447926,0.388986187055707,23851823104,0,0,85017493504,23692386304,0,159436800,0,149770170368,121177427968
1791581094.543244,0.3983111158013344,24216227840,0,0,85017493504,24054263808,0,161964032,0,150135431168,121177427968
1791581094.8689344,0.3255451787263155,24519962624,0,0,85017493504,24360181760,0,159780864,0,150439772160,121177427968
1791581095.1548495,0.2857720162719488,24786366464,0,0,85017493504,24624754688,0,161611776,0,150706659328,121177427968
1791581095.5651226,0.41013405844569206,25169752064,0,0,85017493504,25009111040,0,160641024,0,151090696192,121177427968
1791581095.9811292,0.41586229763925076,25554907136,0,0,85017493504,25395814400,0,159092736,0,151476637696,121177427968
1791581096.4108834,0.4296076726168394,25946238976,0,0,85017493504,25787260928,0,158978048,0,151868424192,121177427968
1791581096.7589536,0.34792655147612095,26269052928,0,0,85017493504,26110062592,0,158990336,0,152192122880,121177427968
1791581097.0631387,0.3040427900850773,26552328192,0,0,85017493504,26390953984,0,161374208,0,152476110848,121177427968
1791581097.5046391,0.4413554072380066,26963271680,0,0,85017493504,26803105792,0,160165888,0,152887463936,121177427968
1791581097.955608,0.45082823373377323,27375017984,0,0,85017493504,27213885440,0,161132544,0,153300156416,121177427968
1791581098.409549,0.4538011755794287,27801067520,0,0,85017493504,27640492032,0,160575488,0,153727012864,121177427968
1791581098.7831688,0.37347565218806267,28148822016,0,0,85017493504,27988062208,0,160759808,0,154075426816,121177427968
1791581099.2475078,0.46419176273047924,28578017280,0,0,85017493504,28417323008,0,160694272,0,154505695232,121177427968
1791581099.6370165,0.38936182856559753,28930863104,0,0,85017493504,28768768000,0,162095104,0,154859687936,121177427968
1791581100.115468,0.47830903343856335,29377990656,0,0,85017493504,29216796672,0,161193984,0,155306987520,121177427968
1791581100.6023653,0.48675806261599064,29832658944,0,0,85017493504,29671157760,0,161501184,0,155762319360,121177427968
1791581101.0029995,0.4004857800900936,30207897600,0,0,85017493504,30045691904,0,162205696,0,156138070016,121177427968
1791581101.4984426,0.49530429020524025,30675693568,0,0,85017493504,30515208192,0,160485376,0,156606758912,121177427968
1791581102.0021982,0.5036148317158222,31146020864,0,0,85017493504,30989942784,0,156078080,0,157077868544,121177427968
1791581102.5125945,0.5102439355105162,31626719232,0,0,85017493504,31466516480,0,160202752,0,157560020992,121177423872
1791581102.9349124,0.4221678413450718,32021938176,0,0,85017493504,31859732480,0,162205696,0,157956476928,121177423872
1791581103.4587312,0.523679694160819,32505655296,0,0,85017493504,32346001408,0,159653888,0,158441193472,121177423872
1791581103.9892173,0.530341001227498,33006415872,0,0,85017493504,32845000704,0,161415168,0,158942937088,121177423872
1791581104.5265226,0.5371649600565434,33513123840,0,0,85017493504,33352433664,0,160690176,0,159450800128,121177423872
1791581104.9772105,0.45053586550056934,33922789376,0,0,85017493504,33762373632,0,160415744,0,159860105216,121177423872
1791581105.5312684,0.553903128951788,34430550016,0,0,85017493504,34269806592,0,160743424,0,160369233920,121177423872
1791581106.0905476,0.5591314733028412,34953523200,0,0,85017493504,34797539328,0,155983872,0,160893440000,121177423872
1791581106.6581225,0.5674276631325483,35461754880,0,0,85017493504,35301961728,0,159793152,0,161402589184,121177423872
1791581107.1262991,0.4680218677967787,35898650624,0,0,85017493504,35737329664,0,161320960,0,161845157888,121177423872
1791581107.7108922,0.5844540204852819,36442730496,0,0,85017493504,36281905152,0,160825344,0,162385272832,121177423872
1791581108.303193,0.5921666324138641,36969766912,0,0,85017493504,36809994240,0,159772672,0,162913263616,121177423872
1791581108.9116647,0.6083295438438654,37531140096,0,0,85017493504,37369782272,0,161357824,0,163475312640,121177423872
1791581109.403941,0.49212786741554737,37990854656,0,0,85017493504,37830746112,0,160108544,0,163935866880,121177423872
1791581109.8340847,0.4299987517297268,38384300032,0,0,85017493504,38222729216,0,161570816,0,164330213376,121177423872
1791581110.452735,0.618548234924674,38960558080,0,0,85017493504,38800273408,0,160284672,0,164907298816,121177423872
1791581110.9622617,0.5093793496489525,39434252288,0,0,85017493504,39274475520,0,159776768,0,165381906432,121177423872
1791581111.4062755,0.4438658878207207,39847862272,0,0,85017493504,39682027520,0,165834752,0,165796315136,121177423872
1791581111.8669615,0.46053451113402843,40261918720,0,0,85017493504,40103047168,0,158871552,0,166211149824,121177423872
1791581112.5457518,0.6786356288939714,40890937344,0,0,85017493504,40730095616,0,160841728,0,166841552896,121177423872
1791581113.0877414,0.5418452303856611,41390899200,0,0,85017493504,41228800000,0,162099200,0,167342202880,121177423872
1791581113.54505,0.45716387033462524,41816223744,0,0,85017493504,41655562240,0,160661504,0,167768784896,121177423872
1791581114.2047892,0.6596017275005579,42439335936,0,0,85017493504,42278252544,0,161083392,0,168393531392,121177423872
1791581114.7579088,0.5529704876244068,42929909760,0,0,85017493504,42770276352,0,159633408,0,168884629504,121177423872
1791581115.2377098,0.47965934313833714,43358613504,0,0,85017493504,43197722624,0,160890880,0,169314357248,121177423872
1791581115.7076137,0.4697591010481119,43800674304,0,0,85017493504,43641532416,0,159141888,0,169757212672,121177423872
1791581116.1811385,0.4733780212700367,44247257088,0,0,85017493504,44087922688,0,159334400,0,170204786688,121177423872
1791581116.6631074,0.48181813955307007,44692684800,0,0,85017493504,44533559296,0,159125504,0,170651308032,121177423872
1791581117.1528246,0.48956588469445705,45151547392,0,0,85017493504,44986986496,0,164560896,0,171127046144,121177423872
1791581117.692776,0.5398079138249159,45650092032,0,0,85017493504,45488898048,0,161193984,0,171610075136,121177423872
1791581118.444216,0.7513008695095778,46331392000,0,0,85017493504,46169591808,0,161800192,0,172292268032,121177423872
1791581119.0490944,0.604735977947712,46882418688,0,0,85017493504,46720925696,0,161492992,0,172844556288,121177423872
1791581119.5650759,0.5158351827412844,47358734336,0,0,85017493504,47197646848,0,161087488,0,173321756672,121177423872
1791581120.0810132,0.5158244073390961,47836102656,0,0,85017493504,47676125184,0,159977472,0,173800259584,121177423872
1791581120.5930219,0.5118652209639549,48317231104,0,0,85017493504,48157306880,0,159924224,0,174282039296,121177423872
1791581121.1078827,0.5147050246596336,48796344320,0,0,85017493504,48637816832,0,158527488,0,174762246144,121177419776
1791581121.6313226,0.523301100358367,49279053824,0,0,85017493504,49120604160,0,158449664,0,175246258176,121177419776
1791581122.158325,0.5268592610955238,49774313472,0,0,85017493504,49611558912,0,162754560,0,175742664704,121177415680
1791581122.6877258,0.529258543625474,50271375360,0,0,85017493504,50111569920,0,159805440,0,176240168960,121177415680
1791581123.2273867,0.5395176410675049,50777944064,0,0,85017493504,50615566336,0,162377728,0,176747589632,121177415680
1791581124.0338717,0.8063426222652197,51538620416,0,0,85017493504,51376979968,0,161640448,0,177509978112,121177415680
1791581124.8529198,0.8189068138599396,52296011776,0,0,85017493504,52134969344,0,161042432,0,178268962816,121177415680
1791581125.5104206,0.6573594622313976,52911882240,0,0,85017493504,52751495168,0,160387072,0,178886144000,121177415680
1791581126.075339,0.5647765938192606,53442580480,0,0,85017493504,53282484224,0,160096256,0,179417702400,121177415680
1791581126.6389465,0.5634676292538643,53971722240,0,0,85017493504,53812981760,0,158740480,0,179948113920,121177415680
1791581127.2069752,0.5678901337087154,54505717760,0,0,85017493504,54347698176,0,158019584,0,180483489792,121177415680
1791581127.7818997,0.5747858881950378,55042150400,0,0,85017493504,54883700736,0,158449664,0,181020979200,121177415680
1791581128.3612316,0.5791919138282537,55586160640,0,0,85017493504,55427698688,0,158461952,0,181565796352,121177415680
1791581128.947428,0.5860554873943329,56137998336,0,0,85017493504,55977164800,0,160833536,0,182118817792,121177415680
1791581129.5385032,0.5909322053194046,56694886400,0,0,85017493504,56535425024,0,159461376,0,182676750336,121177415680
1791581130.1431506,0.6045056749135256,57254023168,0,0,85017493504,57092730880,0,161292288,0,183236608000,121177415680
1791581130.752683,0.6093865726143122,57814151168,0,0,85017493504,57652400128,0,161751040,0,183797944320,121177415680
1791581131.3619797,0.6091544311493635,58388389888,0,0,85017493504,58227486720,0,160903168,0,184373444608,121177415680
1791581131.9789388,0.6168185602873564,58953494528,0,0,85017493504,58794647552,0,158846976,0,184939757568,121177415680
1791581132.5982745,0.6191949341446161,59531706368,0,0,85017493504,59371372544,0,160333824,0,185519276032,121177415680
1791581133.2270832,0.6286680977791548,60111040512,0,0,85017493504,59952246784,0,158793728,0,186099437568,121177415680
1791581133.8619075,0.6347230486571789,60689018880,0,0,85017493504,60530208768,0,158810112,0,186678468608,121177415680
1791581134.4962919,0.6342414487153292,61280681984,0,0,85017493504,61122084864,0,158597120,0,187271528448,121177415680
1791581135.4031928,0.9067593365907669,61533351936,0,1048576,85017493504,61394554880,0,139845632,0,187516575744,121177407488
1791581136.0672956,0.6639609914273024,61594882048,0,23068672,84995473408,61394554880,0,223395840,0,187516932096,121177407488
1791581136.7263715,0.6589307878166437,61595488256,0,24117248,84994424832,61394554880,0,225050624,0,187517546496,121177407488
1791581137.3699205,0.6434085797518492,61610319872,0,30408704,84988133376,61394554880,0,246173696,0,187525783552,121177407488
1791581138.0077674,0.6377102546393871,61631090688,0,42991616,84975550464,61394554880,0,279527424,0,187534966784,121177407488
1791581138.64793,0.6400182563811541,61632585728,0,61948821504,23069720576,61394554880,0,,1,187536093184,121177403392
1791581139.3019397,0.653875820338726,61632724992,0,61948821504,23069720576,61394554880,61394690560,792301056,0,187536105472,121177403392
1791581139.9438167,0.6417262814939022,61632802816,0,61948821504,23069720576,61394554880,61394690560,792378880,0,187536367616,121177403392
1791581140.5962644,0.6523004844784737,61632888832,0,61948821504,23069720576,61394554880,61394690560,792464896,0,187536388096,121177403392
1791581141.2386312,0.6422206684947014,61632995328,0,61948821504,23069720576,61394554880,61394690560,792571392,0,187536609280,121177403392
1791581141.8930569,0.6542728878557682,61633081344,0,61948821504,23069720576,61394554880,61394690560,792657408,0,187536592896,121177399296
1791581142.5392127,0.64602455124259,61633187840,0,61948821504,23069720576,61394554880,61394690560,792763904,0,187536482304,121177399296
1791581143.1835377,0.644185608252883,61633265664,0,61948821504,23069720576,61394554880,61394690560,792841728,0,187536498688,121177399296
1791581143.8348646,0.6511868238449097,61633380352,0,61948821504,23069720576,61394554880,61394690560,792956416,0,187536850944,121177399296
1791581144.4793682,0.6443582400679588,61633454080,0,61948821504,23069720576,61394554880,61394690560,793030144,0,187536846848,121177399296
1791581145.1237283,0.6442204229533672,61633560576,0,61948821504,23069720576,61394554880,61394690560,793136640,0,187536674816,121177399296
1791581145.7772405,0.6533665880560875,61633630208,0,61948821504,23069720576,61394554880,61394690560,793206272,0,187536891904,121177399296
1791581146.4283779,0.6509933229535818,61633732608,0,61948821504,23069720576,61394554880,61394690560,793308672,0,187536982016,121177399296
1791581147.0751555,0.6466329619288445,61633810432,0,61948821504,23069720576,61394554880,61394690560,793386496,0,187537264640,121177399296
1791581147.7293804,0.654075251892209,61633908736,0,61948821504,23069720576,61394554880,61394690560,793484800,0,187537715200,121177399296
1791581148.3751287,0.6456087399274111,61633982464,0,61948821504,23069720576,61394554880,61394690560,793558528,0,187537993728,121177399296
1791581149.0270352,0.6517563182860613,61634076672,0,61948821504,23069720576,61394554880,61394690560,793652736,0,187537346560,121177399296
1791581149.673371,0.6461864169687033,61634084864,0,61948821504,23069720576,61394554880,61394690560,793660928,0,187537436672,121177399296
1791581150.3246667,0.6511484310030937,61634088960,0,61948821504,23069720576,61394554880,61394690560,793665024,0,187537530880,121177399296
1791581150.9719522,0.6471426524221897,61634097152,0,61948821504,23069720576,61394554880,61394690560,793673216,0,187537305600,121177399296
1791581151.619679,0.6475812830030918,61634097152,0,61948821504,23069720576,61394554880,61394690560,793673216,0,187537379328,121177399296
1791581152.2635686,0.6437510214745998,61634097152,0,61948821504,23069720576,61394554880,61394690560,793673216,0,187537854464,121177395200
1791581153.1971228,0.9334127269685268,61634101248,0,61948821504,23069720576,61394554880,61394690560,793677312,0,187537694720,121177395200
1791581153.9684324,0.771160876378417,61634109440,0,61948821504,23069720576,61394554880,61394690560,793685504,0,187537399808,121177395200
1791581154.6249464,0.6563663855195045,61634113536,0,61948821504,23069720576,61394554880,61394690560,793689600,0,187537473536,121177395200
1791581155.2745101,0.6494160797446966,61634121728,0,61948821504,23069720576,61394554880,61394690560,793697792,0,187537563648,121177395200
1791581155.9232948,0.6486392579972744,61634125824,0,61948821504,23069720576,61394554880,61394690560,793701888,0,187537391616,121177395200
1791581156.578492,0.6550508160144091,61634125824,0,61948821504,23069720576,61394554880,61394690560,793701888,0,187537465344,121177395200
1791581157.228301,0.6496603582054377,61634129920,0,61948821504,23069720576,61394554880,61394690560,793705984,0,187537391616,121177395200
1791581157.882939,0.654492212459445,61634138112,0,61948821504,23069720576,61394554880,61394690560,793714176,0,187537190912,121177395200
1791581158.5245447,0.6414541024714708,61636804608,0,61980278784,23038263296,61394554880,61394690560,827837952,0,187539640320,121177387008
1791581159.1692827,0.6446010880172253,61654339584,0,64620593152,20397948928,61394554880,61394690560,3485687296,0,187557031936,121177387008
1791581159.814385,0.6449672449380159,61654982656,0,65694334976,19324207104,61394554880,61394690560,4560072192,0,187557384192,121177387008
1791581160.454289,0.6397622227668762,61654994944,0,65694334976,19324207104,61394554880,61394690560,4560084480,0,187557470208,121177382912
1791581161.0955322,0.6411070488393307,61654994944,0,65694334976,19324207104,61394554880,61394690560,4560084480,0,187557310464,121177382912
1791581161.7351906,0.6395044513046741,61655076864,0,65425899520,19592642560,61394554880,61394690560,4291730944,0,187557400576,121177378816
1791581162.3747146,0.6393841449171305,61655121920,0,64620593152,20397948928,61394554880,61394690560,3486469632,0,187557277696,121177378816
1791581163.014201,0.6393398400396109,61655121920,0,65694334976,19324207104,61394554880,61394690560,4560211456,0,187557347328,121177378816
1791581163.6545484,0.6402039118111134,61655130112,0,65694334976,19324207104,61394554880,61394690560,4560219648,0,187557699584,121177378816
1791581164.2950563,0.6403699293732643,61655130112,0,65694334976,19324207104,61394554880,61394690560,4560219648,0,187557773312,121177374720
1791581164.9373484,0.642159866169095,61655130112,0,65425899520,19592642560,61394554880,61394690560,4291784192,0,187557740544,121177374720
1791581165.5792003,0.6417085062712431,61655130112,0,64620593152,20397948928,61394554880,61394690560,3486477824,0,187557564416,121177374720
1791581166.2248147,0.6454780828207731,61655130112,0,65694334976,19324207104,61394554880,61394690560,4560219648,0,187557916672,121177374720
1791581166.8674495,0.6424950510263443,61655134208,0,65694334976,19324207104,61394554880,61394690560,4560223744,0,187558006784,121177374720
1791581167.5096455,0.6420586258172989,61655134208,0,65694334976,19324207104,61394554880,61394690560,4560223744,0,187558428672,121177374720
1791581168.1505902,0.6408006902784109,61655134208,0,65425899520,19592642560,61394554880,61394690560,4291788288,0,187558248448,121177370624
1791581168.794515,0.6437386684119701,61655134208,0,64620593152,20397948928,61394554880,61394690560,3486481920,0,187558137856,121177370624
1791581169.4407222,0.6460673529654741,61655134208,0,65694334976,19324207104,61394554880,61394690560,4560223744,0,187558076416,121177370624
1791581170.0825527,0.6416837200522423,61655134208,0,65694334976,19324207104,61394554880,61394690560,4560223744,0,187557937152,121177370624
1791581170.7277546,0.6450625583529472,61655134208,0,65694334976,19324207104,61394554880,61394690560,4560223744,0,187557978112,121177366528
1791581171.3702633,0.6423714589327574,61655134208,0,65425899520,19592642560,61394554880,61394690560,4291788288,0,187557789696,121177366528
1791581172.0108252,0.640419464558363,61655134208,0,64620593152,20397948928,61394554880,61394690560,3486481920,0,187557883904,121177366528
1791581172.6514997,0.6405375525355339,61655134208,0,65694334976,19324207104,61394554880,61394690560,4560223744,0,187558334464,121177366528
1791581173.3032596,0.6516166757792234,61655134208,0,65694334976,19324207104,61394554880,61394690560,4560223744,0,187558543360,121177366528
1791581173.9485898,0.6451933588832617,61655134208,0,65694334976,19324207104,61394554880,61394690560,4560223744,0,187558109184,121177366528
1791581174.8950531,0.9463218562304974,61655134208,0,65425899520,19592642560,61394554880,61394690560,4291788288,0,187557937152,121177362432
1791581175.6675458,0.77235883846879,61655134208,0,64620593152,20397948928,61394554880,61394690560,3486481920,0,187557822464,121177362432
1791581176.3195145,0.6518236473202705,61655134208,0,65694334976,19324207104,61394554880,61394690560,4560223744,0,187557908480,121177362432
1791581177.269151,0.9494919944554567,61655134208,0,65694334976,19324207104,61394554880,61394690560,4560223744,0,187558227968,121177358336
1791581178.0574846,0.7881918605417013,61655134208,0,65425899520,19592642560,61394554880,61394690560,4291788288,0,187557924864,121177358336
1791581178.720408,0.6627807579934597,61655134208,0,64620593152,20397948928,61394554880,61394690560,3486481920,0,187558215680,121177354240
1791581179.3885398,0.6679923888295889,61655134208,0,65694334976,19324207104,61394554880,61394690560,4560223744,0,187557978112,121177354240
1791581180.0497882,0.6611044146120548,61655138304,0,65694334976,19324207104,61394554880,61394690560,4560227840,0,187557593088,121177354240
1791581180.7063198,0.6563930194824934,61655138304,0,65425899520,19592642560,61394554880,61394690560,4291792384,0,187557765120,121177354240
1791581181.353236,0.646766347810626,61655138304,0,64620593152,20397948928,61394554880,61394690560,3486486016,0,187557597184,121177350144
1791581181.995875,0.6425001937896013,61655138304,0,65694334976,19324207104,61394554880,61394690560,4560227840,0,187557650432,121177350144
1791581182.6400442,0.6440261881798506,61655138304,0,65694334976,19324207104,61394554880,61394690560,4560227840,0,187557867520,121177346048
1791581183.2838352,0.6436506323516369,61655138304,0,65694334976,19324207104,61394554880,61394690560,4560227840,0,187557933056,121177346048
1791581184.2284198,0.9444430265575647,61655138304,0,65425899520,19592642560,61394554880,61394690560,4291792384,0,187557945344,121177346048
1791581185.0033913,0.7748311851173639,61655138304,0,64620593152,20397948928,61394554880,61394690560,3486486016,0,187557695488,121177346048
1791581185.6523032,0.6487686801701784,61655138304,0,65694334976,19324207104,61394554880,61394690560,4560227840,0,187557814272,121177346048
1791581186.2949693,0.6425238605588675,61655138304,0,65694334976,19324207104,61394554880,61394690560,4560227840,0,187557908480,121177341952
1791581186.9362369,0.6411266196519136,61655138304,0,65694334976,19324207104,61394554880,61394690560,4560227840,0,187558006784,121177341952
1791581187.5788126,0.6424368321895599,61655138304,0,65425899520,19592642560,61394554880,61394690560,4291792384,0,187558260736,121177341952
1791581188.2255778,0.6466234270483255,61655138304,0,64620593152,20397948928,61394554880,61394690560,3486486016,0,187558047744,121177341952
1791581188.868975,0.6432567276060581,61655138304,0,65694334976,19324207104,61394554880,61394690560,4560227840,0,187557863424,121177341952
1791581189.509842,0.6407273393124342,61655138304,0,65694334976,19324207104,61394554880,61394690560,4560227840,0,187557961728,121177337856
1791581190.150334,0.6403529811650515,61655138304,0,65694334976,19324207104,61394554880,61394690560,4560227840,0,187557896192,121177337856
1791581190.7911906,0.6407120265066624,61655138304,0,65425899520,19592642560,61394554880,61394690560,4291792384,0,187557986304,121177337856
1791581191.4360743,0.6447472963482141,61655138304,0,64620593152,20397948928,61394554880,61394690560,3486486016,0,187558076416,121177337856
1791581192.075494,0.6393055189400911,61655138304,0,65694334976,19324207104,61394554880,61394690560,4560227840,0,187558113280,121177337856
1791581192.7262473,0.65060930326581,61655138304,0,65694334976,19324207104,61394554880,61394690560,4560227840,0,187558289408,121177337856
1791581193.3687375,0.642352843657136,61655138304,0,65694334976,19324207104,61394554880,61394690560,4560227840,0,187558121472,121177333760
1791581194.0106754,0.6418009083718061,61655138304,0,65425899520,19592642560,61394554880,61394690560,4291792384,0,187558219776,121177333760
1791581194.654673,0.6438517849892378,61655138304,0,64620593152,20397948928,61394554880,61394690560,3486486016,0,187558047744,121177333760
1791581195.2947838,0.6399765592068434,61655138304,0,65694334976,19324207104,61394554880,61394690560,4560227840,0,187557855232,121177333760
1791581195.934041,0.6391147039830685,61655138304,0,65694334976,19324207104,61394554880,61394690560,4560227840,0,187557928960,121177329664
1791581196.5818098,0.6476279385387897,61655138304,0,65694334976,19324207104,61394554880,61394690560,4560227840,0,187557924864,121177329664
1791581197.2264588,0.6445104721933603,61655138304,0,65425899520,19592642560,61394554880,61394690560,4291792384,0,187558625280,121177329664
1791581197.8695338,0.6429356895387173,61655138304,0,64620593152,20397948928,61394554880,61394690560,3486486016,0,187558146048,121177329664
1791581198.5104692,0.6407935805618763,61655138304,0,65694334976,19324207104,61394554880,61394690560,4560227840,0,187558215680,121177329664
1791581199.1543717,0.6437602341175079,61655138304,0,65694334976,19324207104,61394554880,61394690560,4560227840,0,187558318080,121177329664
1791581199.8154025,0.6608967240899801,61655138304,0,65694334976,19324207104,61394554880,61394690560,4560227840,0,187558187008,121177325568
1791581200.4577506,0.6421988680958748,61655138304,0,65425899520,19592642560,61394554880,61394690560,4291792384,0,187558281216,121177321472
1791581201.1030705,0.6451738886535168,61655138304,0,64620593152,20397948928,61394554880,61394690560,3486486016,0,187558244352,121177321472
1791581201.7431986,0.6400106679648161,61655138304,0,65694334976,19324207104,61394554880,61394690560,4560227840,0,187558109184,121177321472
1791581202.385246,0.6418960466980934,61655138304,0,65694334976,19324207104,61394554880,61394690560,4560227840,0,187558555648,121177317376
1791581203.0387802,0.6533991247415543,61655138304,0,65694334976,19324207104,61394554880,61394690560,4560227840,0,187557494784,121177317376
1791581203.6836288,0.6446782909333706,61655138304,0,65425899520,19592642560,61394554880,61394690560,4291792384,0,187557580800,121177313280
1791581204.32952,0.6457528751343489,61655138304,0,64620593152,20397948928,61394554880,61394690560,3486486016,0,187558199296,121177313280
1791581205.2754939,0.9458308666944504,61655138304,0,65694334976,19324207104,61394554880,61394690560,4560227840,0,187558174720,121177313280
1791581206.0452,0.7695645801723003,61655138304,0,65694334976,19324207104,61394554880,61394690560,4560227840,0,187557904384,121177313280
1791581206.6928017,0.6474614907056093,61655138304,0,65425899520,19592642560,61394554880,61394690560,4291792384,0,187558035456,121177309184
1791581207.3379753,0.6450377367436886,61655138304,0,64620593152,20397948928,61394554880,61394690560,3486486016,0,187558715392,121177309184
1791581208.2779064,0.9397909641265869,61655138304,0,65694334976,19324207104,61394554880,61394690560,4560227840,0,187558559744,121177309184
1791581209.2169864,0.9389411080628633,61655138304,0,65694334976,19324207104,61394554880,61394690560,4560227840,0,187558649856,121177309184
1791581209.983986,0.7668622694909573,61655138304,0,65425899520,19592642560,61394554880,61394690560,4291792384,0,187558723584,121177305088
1791581210.6273656,0.643240537494421,61655138304,0,64620593152,20397948928,61394554880,61394690560,3486486016,0,187558744064,121177305088
1791581211.560894,0.9333885740488768,61655138304,0,65694334976,19324207104,61394554880,61394690560,4560227840,0,187558719488,121177305088
1791581212.330991,0.7699558436870575,61655138304,0,65694334976,19324207104,61394554880,61394690560,4560227840,0,187558682624,121177305088
1791581212.9765835,0.6454534400254488,61655138304,0,65425899520,19592642560,61394554880,61394690560,4291792384,0,187558776832,121177300992
1791581213.627483,0.650760430842638,61655138304,0,64620593152,20397948928,61394554880,61394690560,3486486016,0,187558612992,121177300992
1791581214.2689123,0.6412840373814106,61655138304,0,65694334976,19324207104,61394554880,61394690560,4560227840,0,187558703104,121177300992
1791581214.9115622,0.642511248588562,61655138304,0,65694334976,19324207104,61394554880,61394690560,4560227840,0,187558535168,121177296896
1791581215.558235,0.6465363707393408,61655138304,0,65694334976,19324207104,61394554880,61394690560,4560227840,0,187558625280,121177296896
1791581216.1992967,0.64091607183218,61655138304,0,65425899520,19592642560,61394554880,61394690560,4291792384,0,187558436864,121177296896
1791581216.843893,0.644458245486021,61655138304,0,64620593152,20397948928,61394554880,61394690560,3486486016,0,187558428672,121177296896
1791581217.4836285,0.63959208317101,61655138304,0,65694334976,19324207104,61394554880,61394690560,4560227840,0,187558641664,121177296896
1791581218.1335135,0.6497440245002508,61655138304,0,65694334976,19324207104,61394554880,61394690560,4560227840,0,187558465536,121177296896
1791581218.776054,0.6423987075686455,61655138304,0,65694334976,19324207104,61394554880,61394690560,4560227840,0,187558555648,121177292800
1791581219.4184158,0.6422280613332987,61655138304,0,65425899520,19592642560,61394554880,61394690560,4291792384,0,187558641664,121177292800
1791581220.0611887,0.6426265519112349,61655138304,0,64620593152,20397948928,61394554880,61394690560,3486486016,0,187558731776,121177292800
1791581220.70257,0.6412423439323902,61655138304,0,65694334976,19324207104,61394554880,61394690560,4560227840,0,187559079936,121177292800
1791581221.3435369,0.6408180296421051,61655138304,0,65694334976,19324207104,61394554880,61394690560,4560227840,0,187558645760,121177288704
1791581221.9908445,0.6471699345856905,61655138304,0,65694334976,19324207104,61394554880,61394690560,4560227840,0,187558731776,121177288704
1791581222.632189,0.6411990281194448,61655138304,0,65425899520,19592642560,61394554880,61394690560,4291792384,0,187558862848,121177284608
1791581223.2757246,0.6433978416025639,61655138304,0,64620593152,20397948928,61394554880,61394690560,3486486016,0,187558612992,121177284608
1791581223.9192474,0.643380967900157,61655142400,0,65694334976,19324207104,61394554880,61394690560,4560231936,0,187558432768,121177284608
1791581224.5620556,0.6426659096032381,61655142400,0,65694334976,19324207104,61394554880,61394690560,4560231936,0,187558256640,121177284608
1791581225.2041833,0.6419954989105463,61655142400,0,65694334976,19324207104,61394554880,61394690560,4560231936,0,187558305792,121177280512
1791581225.8457634,0.6414401158690453,61655142400,0,65425899520,19592642560,61394554880,61394690560,4291796480,0,187558129664,121177280512
1791581226.4876368,0.6417298261076212,61655142400,0,64620593152,20397948928,61394554880,61394690560,3486490112,0,187558215680,121177280512
1791581227.1345613,0.6467866208404303,61655154688,0,65694334976,19324207104,61394554880,61394690560,4560244224,0,187572961280,121177280512
1791581227.7786138,0.6439108196645975,61655154688,0,65694334976,19324207104,61394554880,61394690560,4560244224,0,187558666240,121177276416
1791581228.7194781,0.9407292325049639,61655154688,0,65425899520,19592642560,61394554880,61394690560,4291808768,0,187558637568,121177272320
1791581229.4923105,0.7726948037743568,61655154688,0,64620593152,20397948928,61394554880,61394690560,3486502400,0,187558350848,121177272320
1791581230.1571367,0.6646816842257977,61655154688,0,65694334976,19324207104,61394554880,61394690560,4560244224,0,187558604800,121177272320
1791581230.8041794,0.6468944512307644,61655154688,0,65694334976,19324207104,61394554880,61394690560,4560244224,0,187558686720,121177272320
1791581231.4495142,0.6451975479722023,61655154688,0,65694334976,19324207104,61394554880,61394690560,4560244224,0,187559362560,121177272320
1791581232.0931318,0.6434772666543722,61655154688,0,65425899520,19592642560,61394554880,61394690560,4291808768,0,187558703104,121177272320
1791581232.7387187,0.6454374585300684,61655154688,0,64620593152,20397948928,61394554880,61394690560,3486502400,0,187558793216,121177268224
1791581233.3858263,0.6469686813652515,61655154688,0,65694334976,19324207104,61394554880,61394690560,4560244224,0,187558891520,121177268224
1791581234.3264897,0.940523486584425,61655154688,0,65694334976,19324207104,61394554880,61394690560,4560244224,0,187558481920,121177268224
1791581235.265344,0.938715748488903,61655154688,0,65425899520,19592642560,61394554880,61394690560,4291808768,0,187558555648,121177264128
1791581236.035201,0.7697204314172268,61655154688,0,64620593152,20397948928,61394554880,61394690560,3486502400,0,187558490112,121177264128
1791581236.6873193,0.651973232626915,61655154688,0,65694334976,19324207104,61394554880,61394690560,4560244224,0,187558494208,121177264128
1791581237.3378386,0.6503730844706297,61655154688,0,65694334976,19324207104,61394554880,61394690560,4560244224,0,187558158336,121177264128
1791581237.988787,0.6508045773953199,61655154688,0,65694334976,19324207104,61394554880,61394690560,4560244224,0,187558322176,121177264128
1791581238.6413429,0.6524138879030943,61655154688,0,65425899520,19592642560,61394554880,61394690560,4291808768,0,187558408192,121177264128
1791581239.2971191,0.6556307151913643,61655154688,0,64620593152,20397948928,61394554880,61394690560,3486502400,0,187557847040,121177260032
1791581239.9470553,0.6497909426689148,61655154688,0,65694334976,19324207104,61394554880,61394690560,4560244224,0,187557732352,121177260032
1791581240.9016507,0.954460496082902,61655154688,0,65694334976,19324207104,61394554880,61394690560,4560244224,0,187557896192,121177260032
1791581241.677978,0.7761840838938951,61655154688,0,65425899520,19592642560,61394554880,61394690560,4291808768,0,187557871616,121177255936
1791581242.331389,0.6532686427235603,61655154688,0,64620593152,20397948928,61394554880,61394690560,3486502400,0,187558350848,121177255936
1791581242.9790702,0.6475279647856951,61655154688,0,65694334976,19324207104,61394554880,61394690560,4560244224,0,187558240256,121177255936
1791581243.6350365,0.6558509282767773,61655154688,0,65694334976,19324207104,61394554880,61394690560,4560244224,0,187558162432,121177251840
1791581244.2868955,0.6517112068831921,61655154688,0,65694334976,19324207104,61394554880,61394690560,4560244224,0,187558199296,121177251840
1791581244.938219,0.6511835232377052,61655154688,0,65425899520,19592642560,61394554880,61394690560,4291808768,0,187558064128,121177251840
1791581245.591121,0.6527564357966185,61655154688,0,64620593152,20397948928,61394554880,61394690560,3486502400,0,187558060032,121177247744
1791581246.2383442,0.6470762528479099,61655154688,0,65694334976,19324207104,61394554880,61394690560,4560244224,0,187557810176,121177247744
1791581246.891206,0.6527180802077055,61655154688,0,65694334976,19324207104,61394554880,61394690560,4560244224,0,187557871616,121177247744
1791581247.5427217,0.6513771917670965,61655154688,0,65694334976,19324207104,61394554880,61394690560,4560244224,0,187557801984,121177247744
1791581248.1909556,0.6480856835842133,61655154688,0,65425899520,19592642560,61394554880,61394690560,4291808768,0,187557896192,121177247744
1791581248.8369112,0.6458164788782597,61655154688,0,64620593152,20397948928,61394554880,61394690560,3486502400,0,187557777408,121177247744
1791581249.4845085,0.647454023361206,61655154688,0,65694334976,19324207104,61394554880,61394690560,4560244224,0,187557863424,121177247744
1791581250.131131,0.6464789640158415,61655158784,0,65694334976,19324207104,61394554880,61394690560,4560248320,0,187557941248,121177243648
1791581250.7849686,0.6536908317357302,61655158784,0,65694334976,19324207104,61394554880,61394690560,4560248320,0,187557924864,121177243648
1791581251.4310482,0.6459429282695055,61655158784,0,65425899520,19592642560,61394554880,61394690560,4291812864,0,187557941248,121177243648
1791581252.0767696,0.6455811876803637,61655158784,0,64620593152,20397948928,61394554880,61394690560,3486506496,0,187558199296,121177243648
1791581252.723543,0.6466365437954664,61655158784,0,65694334976,19324207104,61394554880,61394690560,4560248320,0,187558219776,121177239552
1791581253.3724043,0.6487152855843306,61655158784,0,65694334976,19324207104,61394554880,61394690560,4560248320,0,187558146048,121177235456
1791581254.0205915,0.6480488274246454,61655158784,0,65694334976,19324207104,61394554880,61394690560,4560248320,0,187558182912,121177235456
1791581254.9587717,0.9380369354039431,61655158784,0,65425899520,19592642560,61394554880,61394690560,4291812864,0,187558264832,121177235456
1791581255.7306118,0.7717031147330999,61655158784,0,64620593152,20397948928,61394554880,61394690560,3486506496,0,187558621184,121177235456
1791581256.3792264,0.6484708562493324,61655158784,0,65694334976,19324207104,61394554880,61394690560,4560248320,0,187559026688,121177235456
1791581257.3145893,0.9352189097553492,61655158784,0,65694334976,19324207104,61394554880,61394690560,4560248320,0,187559821312,121177231360
1791581258.0846088,0.7698831129819155,61655158784,0,65425899520,19592642560,61394554880,61394690560,4291812864,0,187559858176,121177231360
1791581258.7328074,0.6480577886104584,61655158784,0,64620593152,20397948928,61394554880,61394690560,3486506496,0,187559911424,121177231360
1791581259.3807642,0.6478169001638889,61655158784,0,65694334976,19324207104,61394554880,61394690560,4560248320,0,187559464960,121177231360
1791581260.0373547,0.6564420964568853,61655158784,0,65694334976,19324207104,61394554880,61394690560,4560248320,0,187559546880,121177227264
1791581260.6853504,0.6478540487587452,61655158784,0,65694334976,19324207104,61394554880,61394690560,4560248320,0,187559333888,121177227264
1791581261.332671,0.647153677418828,61655158784,0,65425899520,19592642560,61394554880,61394690560,4291812864,0,187558785024,121177223168
1791581261.9809606,0.6481512431055307,61655158784,0,64620593152,20397948928,61394554880,61394690560,3486506496,0,187558473728,121177223168
1791581262.6269433,0.6458389237523079,61655158784,0,65694334976,19324207104,61394554880,61394690560,4560248320,0,187558903808,121177223168
1791581263.2749915,0.6479054819792509,61655158784,0,65694334976,19324207104,61394554880,61394690560,4560248320,0,187558555648,121177223168
1791581263.9258249,0.6506913844496012,61655158784,0,65694334976,19324207104,61394554880,61394690560,4560248320,0,187558645760,121177219072
1791581264.5746403,0.6486742272973061,61655158784,0,65425899520,19592642560,61394554880,61394690560,4291812864,0,187558744064,121177219072
1791581265.2218301,0.6470420490950346,61655158784,0,64620593152,20397948928,61394554880,61394690560,3486506496,0,187558494208,121177219072
1791581265.8682964,0.6463281065225601,61655158784,0,65694334976,19324207104,61394554880,61394690560,4560248320,0,187558580224,121177219072
1791581266.5144536,0.6460110116750002,61655158784,0,65694334976,19324207104,61394554880,61394690560,4560248320,0,187558133760,121177214976
1791581267.1633337,0.6487400252372026,61655158784,0,65694334976,19324207104,61394554880,61394690560,4560248320,0,187558273024,121177214976
1791581267.8095798,0.6461020540446043,61655158784,0,65425899520,19592642560,61394554880,61394690560,4291812864,0,187558367232,121177214976
1791581268.4597845,0.6500641722232103,61655158784,0,64620593152,20397948928,61394554880,61394690560,3486506496,0,187558453248,121177214976
1791581269.1061926,0.6462613847106695,61655158784,0,65694334976,19324207104,61394554880,61394690560,4560248320,0,187558264832,121177214976
1791581269.7597802,0.6534394025802612,61655158784,0,65694334976,19324207104,61394554880,61394690560,4560248320,0,187558354944,121177214976
1791581270.407133,0.6472133360803127,61655158784,0,65694334976,19324207104,61394554880,61394690560,4560248320,0,187558440960,121177210880
1791581271.0605524,0.6532750725746155,61655158784,0,65425899520,19592642560,61394554880,61394690560,4291812864,0,187558449152,121177210880
1791581271.7115095,0.6508101504296064,61655158784,0,64620593152,20397948928,61394554880,61394690560,3486506496,0,187558535168,121177210880
1791581272.3557854,0.6441363636404276,61655158784,0,65694334976,19324207104,61394554880,61394690560,4560248320,0,187558449152,121177210880
1791581273.008427,0.6524951551109552,61655158784,0,65694334976,19324207104,61394554880,61394690560,4560248320,0,187558346752,121177210880
1791581273.657862,0.6492954194545746,61655158784,0,65694334976,19324207104,61394554880,61394690560,4560248320,0,187558440960,121177210880
1791581274.305661,0.6476545929908752,61655158784,0,65425899520,19592642560,61394554880,61394690560,4291812864,0,187558273024,121177206784
1791581274.9542227,0.6484236251562834,61655158784,0,64620593152,20397948928,61394554880,61394690560,3486506496,0,187558281216,121177206784
1791581275.6012626,0.6468907371163368,61655158784,0,65694334976,19324207104,61394554880,61394690560,4560248320,0,187558633472,121177206784
1791581276.2492878,0.6478779651224613,61655158784,0,65694334976,19324207104,61394554880,61394690560,4560248320,0,187558719488,121177206784
1791581276.89815,0.6487218365073204,61655158784,0,65694334976,19324207104,61394554880,61394690560,4560248320,0,187558621184,121177202688
1791581277.543487,0.6451936420053244,61655158784,0,65425899520,19592642560,61394554880,61394690560,4291812864,0,187558096896,121177198592
1791581278.1965659,0.6529368851333857,61655158784,0,64620593152,20397948928,61394554880,61394690560,3486506496,0,187558187008,121177198592
1791581278.8457456,0.6490409839898348,61655158784,0,65694334976,19324207104,61394554880,61394690560,4560248320,0,187558309888,121177198592
1791581279.502172,0.656288268044591,61655158784,0,65694334976,19324207104,61394554880,61394690560,4560248320,0,187558400000,121177198592
1791581280.4418263,0.9395093973726034,61655158784,0,65425899520,19592642560,61394554880,61394690560,4291812864,0,187558518784,121177194496
1791581281.3794746,0.9375014211982489,61655158784,0,64620593152,20397948928,61394554880,61394690560,3486506496,0,187558502400,121177190400
1791581282.1558793,0.7762620691210032,61655158784,0,65694334976,19324207104,61394554880,61394690560,4560248320,0,187574472704,121177190400
1791581282.8049874,0.6489676162600517,61655158784,0,65694334976,19324207104,61394554880,61394690560,4560248320,0,187558686720,121177190400
1791581283.4540255,0.6488978080451488,61655158784,0,65694334976,19324207104,61394554880,61394690560,4560248320,0,187558514688,121177190400
1791581284.1017785,0.6476001534610987,61655158784,0,65425899520,19592642560,61394554880,61394690560,4291812864,0,187558559744,121177186304
1791581284.749299,0.6473777610808611,61655158784,0,64620593152,20397948928,61394554880,61394690560,3486506496,0,187558432768,121177186304
1791581285.395836,0.6463977098464966,61655158784,0,65694334976,19324207104,61394554880,61394690560,4560248320,0,187558518784,121177186304
1791581286.0421097,0.646127300336957,61655158784,0,65694334976,19324207104,61394554880,61394690560,4560248320,0,187558604800,121177182208
1791581286.6878245,0.6455702055245638,61655158784,0,65694334976,19324207104,61394554880,61394690560,4560248320,0,187558694912,121177182208
1791581287.3310618,0.6430894359946251,61655158784,0,65425899520,19592642560,61394554880,61394690560,4291812864,0,187558494208,121177182208
1791581287.9770405,0.645854352042079,61655158784,0,64620593152,20397948928,61394554880,61394690560,3486506496,0,187558436864,121177182208
1791581288.6269147,0.6497271880507469,61655158784,0,65694334976,19324207104,61394554880,61394690560,4560248320,0,187558416384,121177182208
1791581289.2746708,0.6476064641028643,61655158784,0,65694334976,19324207104,61394554880,61394690560,4560248320,0,187558117376,121177182208
1791581289.9225795,0.6477684285491705,61655158784,0,65694334976,19324207104,61394554880,61394690560,4560248320,0,187558113280,121177178112
1791581290.5708418,0.6481228433549404,61655158784,0,65425899520,19592642560,61394554880,61394690560,4291812864,0,187558113280,121177178112
1791581291.2167296,0.6457414869219065,61655158784,0,64620593152,20397948928,61394554880,61394690560,3486506496,0,187558191104,121177178112
1791581291.8629484,0.6460814699530602,61655158784,0,65694334976,19324207104,61394554880,61394690560,4560248320,0,187558285312,121177178112
1791581292.5414062,0.6783142555505037,61655158784,0,65694334976,19324207104,61394554880,61394690560,4560248320,0,187558457344,121177178112
1791581293.2007735,0.6592280622571707,61655158784,0,65425899520,19592642560,61394554880,61394690560,4291812864,0,187558658048,121177178112
1791581294.1406822,0.9397671520709991,61655158784,0,64620593152,20397948928,61394554880,61394690560,3486506496,0,187558248448,121177174016
1791581295.07784,0.9370239190757275,61655158784,0,65694334976,19324207104,61394554880,61394690560,4560248320,0,187558338560,121177174016
1791581296.0168767,0.9388965200632811,61655158784,0,65694334976,19324207104,61394554880,61394690560,4560248320,0,187558436864,121177174016
1791581296.956929,0.9399162512272596,61655158784,0,65425899520,19592642560,61394554880,61394690560,4291812864,0,187558223872,121177169920
1791581297.7313433,0.7742760460823774,61655158784,0,64620593152,20397948928,61394554880,61394690560,3486506496,0,187558293504,121177165824
1791581298.3833046,0.6518198568373919,61655158784,0,65694334976,19324207104,61394554880,61394690560,4560248320,0,187557969920,121177165824
1791581299.3474038,0.9639503117650747,61655158784,0,65694334976,19324207104,61394554880,61394690560,4560248320,0,187557949440,121177165824
1791581300.1177459,0.7702017314732075,61655158784,0,65425899520,19592642560,61394554880,61394690560,4291812864,0,187557724160,121177161728
1791581300.7575734,0.6396865528076887,61655158784,0,64620593152,20397948928,61394554880,61394690560,3486506496,0,187557773312,121177161728
1791581301.3967204,0.6390002053231001,61655158784,0,65694334976,19324207104,61394554880,61394690560,4560248320,0,187557773312,121177161728
1791581302.042745,0.6458652913570404,61655158784,0,65694334976,19324207104,61394554880,61394690560,4560248320,0,187557769216,121177096192
1791581302.6821334,0.6392489932477474,61655158784,0,65694334976,19324207104,61394554880,61394690560,4560248320,0,187558227968,121177096192
1791581303.3289173,0.6466401293873787,61655158784,0,65425899520,19592642560,61394554880,61394690560,4291812864,0,187557801984,121177096192
1791581303.9718,0.6427368521690369,61655158784,0,64620593152,20397948928,61394554880,61394690560,3486506496,0,187557867520,121177092096
1791581304.913785,0.9418430551886559,61655158784,0,65694334976,19324207104,61394554880,61394690560,4560248320,0,187557920768,121177092096
1791581305.6743095,0.7603839077055454,61655158784,0,65694334976,19324207104,61394554880,61394690560,4560248320,0,187558273024,121177092096
1791581306.3124056,0.6379545219242573,61655158784,0,65425899520,19592642560,61394554880,61394690560,4291812864,0,187558322176,121177088000
1791581306.9545505,0.6420019995421171,61655158784,0,64620593152,20397948928,61394554880,61394690560,3486506496,0,187558285312,121177088000
1791581307.5904913,0.6357967704534531,61655158784,0,65694334976,19324207104,61394554880,61394690560,4560248320,0,187558731776,121177088000
1791581308.2268581,0.6362303197383881,61655158784,0,65694334976,19324207104,61394554880,61394690560,4560248320,0,187558526976,121177088000
1791581308.863277,0.6362773962318897,61655158784,0,65694334976,19324207104,61394554880,61394690560,4560248320,0,187558535168,121177088000
1791581309.4992077,0.6357886400073767,61655158784,0,65425899520,19592642560,61394554880,61394690560,4291812864,0,187558383616,121177083904
1791581310.1414323,0.6420832071453333,61655158784,0,64620593152,20397948928,61394554880,61394690560,3486506496,0,187558473728,121177083904
1791581310.7768798,0.6353006474673748,61655158784,0,65694334976,19324207104,61394554880,61394690560,4560248320,0,187558563840,121177083904
1791581311.4125793,0.6355558726936579,61655162880,0,65694334976,19324207104,61394554880,61394690560,4560252416,0,187558424576,121177083904
1791581312.0627654,0.6500449702143669,61655162880,0,65694334976,19324207104,61394554880,61394690560,4560252416,0,187557797888,121177079808
1791581312.7003338,0.637427631765604,61655162880,0,65425899520,19592642560,61394554880,61394690560,4291816960,0,187558236160,121177079808
1791581313.3427494,0.6422715838998556,61655162880,0,64620593152,20397948928,61394554880,61394690560,3486510592,0,187558121472,121177079808
1791581313.9792361,0.6363474726676941,61655162880,0,65694334976,19324207104,61394554880,61394690560,4560252416,0,187558211584,121177079808
1791581314.6179307,0.6385508719831705,61655175168,0,65694334976,19324207104,61394554880,61394690560,4560264704,0,187558010880,121177079808
1791581315.2565389,0.6384688336402178,61655175168,0,65694334976,19324207104,61394554880,61394690560,4560264704,0,187558010880,121177079808
1791581315.8932555,0.6365700401365757,61655175168,0,65425899520,19592642560,61394554880,61394690560,4291829248,0,187558105088,121177075712
1791581316.5316045,0.6382098831236362,61655175168,0,64620593152,20397948928,61394554880,61394690560,3486522880,0,187558068224,121177075712
1791581317.170259,0.6385090965777636,61655175168,0,65694334976,19324207104,61394554880,61394690560,4560264704,0,187558555648,121177075712
1791581317.8119888,0.6415874883532524,61655175168,0,65694334976,19324207104,61394554880,61394690560,4560264704,0,187558633472,121177075712
1791581318.4487212,0.6365919858217239,61655175168,0,65694334976,19324207104,61394554880,61394690560,4560264704,0,187558699008,121177075712
1791581319.0914645,0.6426017992198467,61655175168,0,65425899520,19592642560,61394554880,61394690560,4291829248,0,187558875136,121177075712
1791581319.7283952,0.6367882266640663,61655175168,0,64620593152,20397948928,61394554880,61394690560,3486522880,0,187558662144,121177071616
1791581320.3672256,0.6386907752603292,61655175168,0,65694334976,19324207104,61394554880,61394690560,4560264704,0,187558227968,121177071616
1791581321.0138738,0.6464940514415503,61655175168,0,65694334976,19324207104,61394554880,61394690560,4560264704,0,187558318080,121177071616
1791581321.65264,0.638626841828227,61655175168,0,65694334976,19324207104,61394554880,61394690560,4560264704,0,187558387712,121177071616
1791581322.293433,0.6406467687338591,61655175168,0,65425899520,19592642560,61394554880,61394690560,4291829248,0,187558531072,121177063424
1791581322.934887,0.64131791703403,61655175168,0,64620593152,20397948928,61394554880,61394690560,3486522880,0,187558359040,121177063424
1791581323.5711627,0.6361308172345161,61655175168,0,65694334976,19324207104,61394554880,61394690560,4560264704,0,187558178816,121177063424
1791581324.213558,0.6422433275729418,61655175168,0,65694334976,19324207104,61394554880,61394690560,4560264704,0,187558264832,121177063424
1791581324.8561964,0.6425005756318569,61655175168,0,65694334976,19324207104,61394554880,61394690560,4560264704,0,187558354944,121177063424
1791581325.4935403,0.6372021939605474,61655175168,0,65425899520,19592642560,61394554880,61394690560,4291829248,0,187558486016,121177063424
1791581326.1396513,0.6459696032106876,61655175168,0,64620593152,20397948928,61394554880,61394690560,3486522880,0,187558580224,121177059328
1791581326.7759247,0.6361344158649445,61655175168,0,65694334976,19324207104,61394554880,61394690560,4560264704,0,187558014976,121177059328
1791581327.417898,0.6418279707431793,61655175168,0,65694334976,19324207104,61394554880,61394690560,4560264704,0,187558338560,121177059328
1791581328.061772,0.643736582249403,61655175168,0,65694334976,19324207104,61394554880,61394690560,4560264704,0,187558395904,121177059328
1791581328.6986504,0.6367383357137442,61655175168,0,65425899520,19592642560,61394554880,61394690560,4291829248,0,187557994496,121177059328
1791581329.3464816,0.6476917881518602,61655175168,0,64620593152,20397948928,61394554880,61394690560,3486522880,0,187558076416,121177059328
1791581329.9850118,0.6383891887962818,61655175168,0,65694334976,19324207104,61394554880,61394690560,4560264704,0,187558150144,121177059328
1791581330.6265554,0.6414008755236864,61655175168,0,65694334976,19324207104,61394554880,61394690560,4560264704,0,187558248448,121177055232
1791581331.27374,0.6470456961542368,61655175168,0,65694334976,19324207104,61394554880,61394690560,4560264704,0,187557879808,121177055232
1791581332.2151952,0.941317854449153,61655175168,0,65425899520,19592642560,61394554880,61394690560,4291829248,0,187558301696,121177051136
1791581333.159018,0.9436816722154617,61655175168,0,64620593152,20397948928,61394554880,61394690560,3486522880,0,187558387712,121177051136
1791581333.9173918,0.7582371402531862,61655175168,0,65694334976,19324207104,61394554880,61394690560,4560264704,0,187558486016,121177051136
1791581334.5594103,0.6418737564235926,61655175168,0,65694334976,19324207104,61394554880,61394690560,4560264704,0,187558572032,121177051136
1791581335.2045875,0.6450366694480181,61655175168,0,65694334976,19324207104,61394554880,61394690560,4560264704,0,187558666240,121177051136
1791581335.8428912,0.6381551399827003,61655175168,0,65425899520,19592642560,61394554880,61394690560,4291829248,0,187558756352,121177047040
1791581336.4899442,0.6469104066491127,61655175168,0,64620593152,20397948928,61394554880,61394690560,3486522880,0,187558514688,121177047040
1791581337.126965,0.6368800271302462,61655175168,0,65694334976,19324207104,61394554880,61394690560,4560264704,0,187558666240,121177047040
1791581337.7756643,0.6485542263835669,61655175168,0,65694334976,19324207104,61394554880,61394690560,4560264704,0,187558428672,121177047040
1791581338.4135048,0.637700229883194,61655175168,0,65694334976,19324207104,61394554880,61394690560,4560264704,0,187558510592,121177047040
1791581339.0554159,0.6417650114744902,61655175168,0,65425899520,19592642560,61394554880,61394690560,4291829248,0,187558830080,121177042944
1791581339.6958542,0.640300739556551,61655175168,0,64620593152,20397948928,61394554880,61394690560,3486522880,0,187558711296,121177042944
1791581340.334111,0.6381104588508606,61655175168,0,65694334976,19324207104,61394554880,61394690560,4560264704,0,187558416384,121177042944
1791581340.9756813,0.6414095219224691,61655175168,0,65694334976,19324207104,61394554880,61394690560,4560264704,0,187558428672,121177042944
1791581341.618189,0.6423654481768608,61655175168,0,65694334976,19324207104,61394554880,61394690560,4560264704,0,187558785024,121177038848
1791581342.2553823,0.6370536498725414,61655175168,0,65425899520,19592642560,61394554880,61394690560,4291829248,0,187559022592,121177038848
1791581342.899109,0.6435852348804474,61655175168,0,64620593152,20397948928,61394554880,61394690560,3486522880,0,187559051264,121177038848
1791581343.5431433,0.6438881661742926,61655175168,0,65694334976,19324207104,61394554880,61394690560,4560264704,0,187558871040,121177038848
1791581344.179934,0.636645233258605,61655175168,0,65694334976,19324207104,61394554880,61394690560,4560264704,0,187558817792,121177038848
1791581344.8270497,0.6469766702502966,61655175168,0,65694334976,19324207104,61394554880,61394690560,4560264704,0,187558907904,121177038848
1791581345.4690745,0.6418875101953745,61655175168,0,65425899520,19592642560,61394554880,61394690560,4291829248,0,187558273024,121177034752
1791581346.1175163,0.6483263857662678,61655175168,0,64620593152,20397948928,61394554880,61394690560,3486522880,0,187558367232,121177034752
1791581346.7549496,0.637283593416214,61655175168,0,65694334976,19324207104,61394554880,61394690560,4560264704,0,187558453248,121177034752
1791581347.4050505,0.6499536279588938,61655175168,0,65694334976,19324207104,61394554880,61394690560,4560264704,0,187558326272,121177030656
1791581348.0459256,0.6407366115599871,61655175168,0,65694334976,19324207104,61394554880,61394690560,4560264704,0,187558400000,121177030656
1791581348.689952,0.6438889056444168,61655175168,0,65425899520,19592642560,61394554880,61394690560,4291829248,0,187558051840,121177030656
1791581349.3360705,0.6459423955529928,61655175168,0,64620593152,20397948928,61394554880,61394690560,3486522880,0,187557847040,121177026560
1791581349.9760404,0.6398536190390587,61655175168,0,65694334976,19324207104,61394554880,61394690560,4560264704,0,187557842944,121177026560
1791581350.613434,0.6372478399425745,61655175168,0,65694334976,19324207104,61394554880,61394690560,4560264704,0,187557937152,121177026560
1791581351.2630591,0.6494881622493267,61655175168,0,65694334976,19324207104,61394554880,61394690560,4560264704,0,187557998592,121177026560
1791581351.9018445,0.6386567000299692,61655175168,0,65425899520,19592642560,61394554880,61394690560,4291829248,0,187558232064,121177022464
1791581352.5419812,0.6399971954524517,61655175168,0,64620593152,20397948928,61394554880,61394690560,3486522880,0,187558408192,121177022464
1791581353.1864924,0.6443655956536531,61655175168,0,65694334976,19324207104,61394554880,61394690560,4560264704,0,187558457344,121177022464
1791581353.8265688,0.6399310920387506,61655175168,0,65694334976,19324207104,61394554880,61394690560,4560264704,0,187557711872,121177022464
1791581354.4761393,0.649431886151433,61655175168,0,65694334976,19324207104,61394554880,61394690560,4560264704,0,187557806080,121177022464
1791581355.1148973,0.6386121716350317,61655175168,0,65425899520,19592642560,61394554880,61394690560,4291829248,0,187557900288,121177022464
1791581355.7599776,0.644938675686717,61655175168,0,64620593152,20397948928,61394554880,61394690560,3486522880,0,187557990400,121177018368
1791581356.4043505,0.6442339401692152,61655175168,0,65694334976,19324207104,61394554880,61394690560,4560264704,0,187558359040,121177018368
1791581357.0466309,0.6421346999704838,61655175168,0,65694334976,19324207104,61394554880,61394690560,4560264704,0,187557539840,121177018368
1791581357.7123063,0.665538128465414,61655175168,0,65694334976,19324207104,61394554880,61394690560,4560264704,0,187557797888,121177018368
1791581358.67541,0.9629601277410984,61655175168,0,65425899520,19592642560,61394554880,61394690560,4291829248,0,187557883904,121177018368
1791581359.4526803,0.7771321907639503,61655175168,0,64620593152,20397948928,61394554880,61394690560,3486522880,0,187557715968,121177018368
1791581360.1101549,0.6573266666382551,61655175168,0,65694334976,19324207104,61394554880,61394690560,4560264704,0,187557945344,121177018368
1791581360.7599528,0.6496478468179703,61655175168,0,65694334976,19324207104,61394554880,61394690560,4560264704,0,187557588992,121177014272
1791581361.413463,0.6533723287284374,61655175168,0,65694334976,19324207104,61394554880,61394690560,4560264704,0,187557601280,121177014272
1791581362.0553262,0.6417267452925444,61655175168,0,65425899520,19592642560,61394554880,61394690560,4291829248,0,187557695488,121177014272
1791581362.699095,0.6436257977038622,61655175168,0,64620593152,20397948928,61394554880,61394690560,3486522880,0,187558121472,121177010176
1791581363.3438597,0.6445894967764616,61655175168,0,65694334976,19324207104,61394554880,61394690560,4560264704,0,187557466112,121177010176
1791581363.9830158,0.6390131916850805,61655175168,0,65694334976,19324207104,61394554880,61394690560,4560264704,0,187557478400,121177010176
1791581364.637876,0.6547181103378534,61655175168,0,65694334976,19324207104,61394554880,61394690560,4560264704,0,187557392384,121177010176
1791581365.2836962,0.6456794962286949,61655175168,0,65425899520,19592642560,61394554880,61394690560,4291829248,0,187558477824,121177010176
1791581365.9349284,0.6510951146483421,61655175168,0,64620593152,20397948928,61394554880,61394690560,3486522880,0,187558166528,121177010176
1791581366.585044,0.6499709021300077,61655175168,0,65694334976,19324207104,61394554880,61394690560,4560264704,0,187558506496,121177010176
1791581367.2317808,0.6465950328856707,61655175168,0,65694334976,19324207104,61394554880,61394690560,4560264704,0,187558866944,121177006080
1791581367.8829951,0.6510763969272375,61655175168,0,65694334976,19324207104,61394554880,61394690560,4560264704,0,187558936576,121177006080
1791581368.5313866,0.6482499614357948,61655175168,0,65425899520,19592642560,61394554880,61394690560,4291829248,0,187558957056,121177006080
1791581369.1735625,0.6420313082635403,61655175168,0,64620593152,20397948928,61394554880,61394690560,3486522880,0,187558850560,121177006080
1791581369.8262672,0.6525678411126137,61655175168,0,65694334976,19324207104,61394554880,61394690560,4560264704,0,187558887424,121177006080
1791581370.4696407,0.6432270109653473,61655175168,0,65694334976,19324207104,61394554880,61394690560,4560264704,0,187558977536,121177001984
1791581371.110124,0.6403408795595169,61655175168,0,65694334976,19324207104,61394554880,61394690560,4560264704,0,187558666240,121177001984
1791581371.7620838,0.6518066674470901,61655175168,0,65425899520,19592642560,61394554880,61394690560,4291829248,0,187558760448,121177001984
1791581372.4028182,0.6406282670795918,61655175168,0,64620593152,20397948928,61394554880,61394690560,3486522880,0,187558944768,121176997888
1791581373.0530033,0.650035198777914,61655175168,0,65694334976,19324207104,61394554880,61394690560,4560264704,0,187559038976,121176997888
1791581373.6934261,0.6402734331786633,61655179264,0,65694334976,19324207104,61394554880,61394690560,4560268800,0,187559100416,121176993792
1791581374.3362958,0.6427286490797997,61655179264,0,65694334976,19324207104,61394554880,61394690560,4560268800,0,187558920192,121176993792
1791581374.9870584,0.6506208721548319,61655179264,0,65425899520,19592642560,61394554880,61394690560,4291833344,0,187559006208,121176993792
1791581375.6285126,0.6413257550448179,61655179264,0,64620593152,20397948928,61394554880,61394690560,3486526976,0,187559096320,121176993792
1791581376.269858,0.6412083953619003,61655179264,0,65694334976,19324207104,61394554880,61394690560,4560268800,0,187559182336,121176993792
1791581376.9238544,0.6538510471582413,61655179264,0,65694334976,19324207104,61394554880,61394690560,4560268800,0,187558883328,121176989696
1791581377.5664296,0.6424328219145536,61655179264,0,65694334976,19324207104,61394554880,61394690560,4560268800,0,187559063552,121176989696
1791581378.2126198,0.6460477244108915,61655179264,0,65425899520,19592642560,61394554880,61394690560,4291833344,0,187558850560,121176989696
1791581378.8535068,0.6407371573150158,61655179264,0,64620593152,20397948928,61394554880,61394690560,3486526976,0,187558940672,121176989696
1791581379.4971097,0.6434533707797527,61655179264,0,65694334976,19324207104,61394554880,61394690560,4560268800,0,187558371328,121176989696
1791581380.1470752,0.649751691147685,61655179264,0,65694334976,19324207104,61394554880,61394690560,4560268800,0,187558244352,121176989696
1791581380.7884798,0.6412919256836176,61655179264,0,65694334976,19324207104,61394554880,61394690560,4560268800,0,187558338560,121176985600
1791581381.447196,0.6585741937160492,61655179264,0,65425899520,19592642560,61394554880,61394690560,4291833344,0,187558100992,121176985600
1791581382.0891263,0.6417884118855,61655179264,0,64620593152,20397948928,61394554880,61394690560,3486526976,0,187558141952,121176985600
1791581382.736911,0.6476375535130501,61655179264,0,65694334976,19324207104,61394554880,61394690560,4560268800,0,187558559744,121176985600
1791581383.6759088,0.9388532601296902,61655179264,0,65694334976,19324207104,61394554880,61394690560,4560268800,0,187559120896,121176981504
1791581384.4381669,0.7621204759925604,61655179264,0,65425899520,19592642560,61394554880,61394690560,4291833344,0,187558944768,121176981504
1791581385.0859993,0.6476856842637062,61655179264,0,64620593152,20397948928,61394554880,61394690560,3486526976,0,187558883328,121176981504
1791581385.7324977,0.6463563069701195,61655179264,0,65694334976,19324207104,61394554880,61394690560,4560268800,0,187559010304,121176981504
1791581386.3738053,0.6411638930439949,61655179264,0,65694334976,19324207104,61394554880,61394690560,4560268800,0,187559071744,121176981504
1791581387.024824,0.6508784163743258,61655179264,0,65694334976,19324207104,61394554880,61394690560,4560268800,0,187558809600,121176977408
1791581387.6667874,0.6418197229504585,61655179264,0,65425899520,19592642560,61394554880,61394690560,4291833344,0,187558887424,121176977408
1791581388.3192964,0.6523661315441132,61655179264,0,64620593152,20397948928,61394554880,61394690560,3486526976,0,187558690816,121176977408
1791581388.9606233,0.6411894410848618,61655179264,0,65694334976,19324207104,61394554880,61394690560,4560268800,0,187558764544,121176977408
1791581389.6070921,0.6463230196386576,61655179264,0,65694334976,19324207104,61394554880,61394690560,4560268800,0,187558580224,121176977408
1791581390.2579365,0.6506602130830288,61655179264,0,65694334976,19324207104,61394554880,61394690560,4560268800,0,187558486016,121176977408
1791581390.8995624,0.641474325209856,61655179264,0,65425899520,19592642560,61394554880,61394690560,4291833344,0,187558580224,121176973312
1791581391.546169,0.6464665234088898,61655179264,0,64620593152,20397948928,61394554880,61394690560,3486526976,0,187558236160,121176973312
1791581392.1920297,0.6457110717892647,61655179264,0,65694334976,19324207104,61394554880,61394690560,4560268800,0,187558662144,121176973312
1791581392.8339276,0.6417572740465403,61655179264,0,65694334976,19324207104,61394554880,61394690560,4560268800,0,187558719488,121176973312
1791581393.481216,0.6471467427909374,61655179264,0,65694334976,19324207104,61394554880,61394690560,4560268800,0,187558768640,121176969216
1791581394.1282988,0.646942250430584,61655179264,0,65425899520,19592642560,61394554880,61394690560,4291833344,0,187558559744,121176969216
1791581394.771362,0.6429157834500074,61655183360,0,64620593152,20397948928,61394554880,61394690560,3486531072,0,187558150144,121176969216
1791581395.423284,0.6517841462045908,61655183360,0,65694334976,19324207104,61394554880,61394690560,4560272896,0,187558223872,121176969216
1791581396.0652041,0.6417787931859493,61655183360,0,65694334976,19324207104,61394554880,61394690560,4560272896,0,187558322176,121176969216
1791581396.7140322,0.6486860141158104,61655183360,0,65694334976,19324207104,61394554880,61394690560,4560272896,0,187558162432,121176969216
1791581397.3616157,0.6474234107881784,61655183360,0,65425899520,19592642560,61394554880,61394690560,4291837440,0,187557728256,121176961024
1791581398.0047987,0.6430439446121454,61655195648,0,64620593152,20397948928,61394554880,61394690560,3486543360,0,187557998592,121176961024
1791581398.6559615,0.6510108020156622,61655195648,0,65694334976,19324207104,61394554880,61394690560,4560285184,0,187558084608,121176961024
1791581399.2971506,0.6410457938909531,61655195648,0,65694334976,19324207104,61394554880,61394690560,4560285184,0,187557851136,121176961024
1791581399.9442534,0.6469569355249405,61655195648,0,65694334976,19324207104,61394554880,61394690560,4560285184,0,187558187008,121176961024
1791581400.5919619,0.6475687716156244,61655195648,0,65425899520,19592642560,61394554880,61394690560,4291849728,0,187557888000,121176961024
1791581401.2483046,0.6561964750289917,61655195648,0,62607327232,22411214848,61394554880,61394690560,1473277440,0,187557896192,121176961024
1791581402.4888983,1.2404492925852537,61655195648,0,65694334976,19324207104,61394554880,61394690560,4560285184,0,187573972992,121176956928
1791581403.433231,0.944194920361042,61655195648,0,65694334976,19324207104,61394554880,61394690560,4560285184,0,187557937152,121176952832
1791581404.443859,1.010489346459508,61655195648,0,65425899520,19592642560,61394554880,61394690560,4291849728,0,187557761024,121176952832
1791581405.4957638,1.0517594814300537,61655195648,0,62406000640,22612541440,61394554880,61394690560,1271950848,0,187558084608,121176952832
1791581406.442258,0.9463574197143316,61655195648,0,66247983104,18770558976,61394554880,61394690560,5113933312,0,187558400000,121176952832
1791581407.4264166,0.9839746039360762,61655195648,0,66247983104,18770558976,61394554880,61394690560,5113933312,0,187557761024,121176952832
1791581408.5850153,1.1584579329937696,61655195648,0,62473109504,22545432576,61394554880,61394690560,1339059712,0,187557724160,121176948736
1791581409.236777,0.6516233012080193,61655195648,0,65694334976,19324207104,61394554880,61394690560,4560285184,0,187557294080,121176948736
1791581409.8869126,0.6499862726777792,61655195648,0,65694334976,19324207104,61394554880,61394690560,4560285184,0,187557875712,121176948736
1791581410.8670428,0.9799888245761395,61655195648,0,62406000640,22612541440,61394554880,61394690560,1271950848,0,187558023168,121176944640
1791581411.8328924,0.9657085575163364,61655195648,0,65694334976,19324207104,61394554880,61394690560,4560285184,0,187558023168,121176944640
1791581412.603693,0.7705885265022516,61655195648,0,65694334976,19324207104,61394554880,61394690560,4560285184,0,187557998592,121176944640
1791581413.545734,0.9419006742537022,61655195648,0,65425899520,19592642560,61394554880,61394690560,4291849728,0,187558301696,121176940544
1791581414.4889333,0.9430586248636246,61655195648,0,64620593152,20397948928,61394554880,61394690560,3486543360,0,187557949440,121176940544
1791581415.4311392,0.9420697595924139,61655195648,0,65694334976,19324207104,61394554880,61394690560,4560285184,0,187558002688,121176940544
1791581416.1950614,0.7637731377035379,61655195648,0,65694334976,19324207104,61394554880,61394690560,4560285184,0,187558211584,121176940544
1791581416.8351367,0.6399497650563717,61655195648,0,65425899520,19592642560,61394554880,61394690560,4291849728,0,187558551552,121176936448
1791581417.806063,0.9707826841622591,61655195648,0,64620593152,20397948928,61394554880,61394690560,3486543360,0,187557437440,121176936448
1791581418.7853935,0.9792043082416058,61655195648,0,65694334976,19324207104,61394554880,61394690560,4560285184,0,187557482496,121176936448
1791581419.7515185,0.9659830052405596,61655195648,0,65694334976,19324207104,61394554880,61394690560,4560285184,0,187557814272,121176936448
1791581420.5153863,0.7637273501604795,61655195648,0,65425899520,19592642560,61394554880,61394690560,4291849728,0,187557986304,121176932352
1791581421.4613566,0.9458325579762459,61655195648,0,64620593152,20397948928,61394554880,61394690560,3486543360,0,187557978112,121176932352
1791581422.4080162,0.9465221278369427,61655195648,0,65694334976,19324207104,61394554880,61394690560,4560285184,0,187558420480,121176928256
1791581423.3495708,0.9414116870611906,61655195648,0,65694334976,19324207104,61394554880,61394690560,4560285184,0,187558473728,121176924160
1791581424.2961922,0.9464753121137619,61655195648,0,65425899520,19592642560,61394554880,61394690560,4291849728,0,187558252544,121176924160
1791581425.2392411,0.9429139271378517,61655195648,0,64620593152,20397948928,61394554880,61394690560,3486543360,0,187558096896,121176924160
1791581426.183091,0.9437154792249203,61655195648,0,65694334976,19324207104,61394554880,61394690560,4560285184,0,187558445056,121176924160
1791581427.127011,0.9437714871019125,61655195648,0,65694334976,19324207104,61394554880,61394690560,4560285184,0,187558641664,121176920064
1791581428.0733676,0.9462169613689184,61655195648,0,65425899520,19592642560,61394554880,61394690560,4291849728,0,187558162432,121176920064
1791581429.0216336,0.9481282513588667,61655195648,0,64620593152,20397948928,61394554880,61394690560,3486543360,0,187558170624,121176920064
1791581429.9719067,0.9501342792063951,61655195648,0,65694334976,19324207104,61394554880,61394690560,4560285184,0,187558158336,121176920064
1791581430.9249487,0.9529016800224781,61655195648,0,65694334976,19324207104,61394554880,61394690560,4560285184,0,187558088704,121176915968
1791581431.8706412,0.9455571640282869,61655195648,0,65425899520,19592642560,61394554880,61394690560,4291849728,0,187557658624,121176915968
1791581432.8773766,1.0065999925136566,61655195648,0,62204674048,22813868032,61394554880,61394690560,1070624256,0,187557588992,121176911872
1791581433.8250566,0.9475419614464045,61655195648,0,65694334976,19324207104,61394554880,61394690560,4560285184,0,187557892096,121176911872
1791581434.5853908,0.76019979827106,61655195648,0,65694334976,19324207104,61394554880,61394690560,4560285184,0,187557859328,121176911872
1791581435.5333867,0.947857353836298,61655195648,0,65425899520,19592642560,61394554880,61394690560,4291849728,0,187557920768,121176911872
1791581436.5048661,0.971342246979475,61655195648,0,62204674048,22813868032,61394554880,61394690560,1070624256,0,187558277120,121176907776
1791581437.452524,0.9475219044834375,61655195648,0,65694334976,19324207104,61394554880,61394690560,4560285184,0,187558445056,121176907776
1791581438.3974242,0.9447572566568851,61655195648,0,65694334976,19324207104,61394554880,61394690560,4560285184,0,187558199296,121176907776
1791581439.3394697,0.9419064652174711,61655195648,0,65425899520,19592642560,61394554880,61394690560,4291849728,0,187558289408,121176907776
1791581440.289133,0.9495291952043772,61655195648,0,64620593152,20397948928,61394554880,61394690560,3486543360,0,187558293504,121176903680
1791581441.0536082,0.7643326316028833,61655195648,0,65694334976,19324207104,61394554880,61394690560,4560285184,0,187558354944,121176903680
1791581441.9913087,0.9375507310032845,61655195648,0,65694334976,19324207104,61394554880,61394690560,4560285184,0,187558141952,121176903680
1791581442.9317546,0.9403089359402657,61655195648,0,65425899520,19592642560,61394554880,61394690560,4291849728,0,187558363136,121176899584
1791581443.8756423,0.9437447991222143,61655195648,0,64620593152,20397948928,61394554880,61394690560,3486543360,0,187558174720,121176899584
1791581444.6380017,0.7622201386839151,61655195648,0,65694334976,19324207104,61394554880,61394690560,4560285184,0,187558526976,121176899584
1791581445.5761511,0.9380066208541393,61655195648,0,65694334976,19324207104,61394554880,61394690560,4560285184,0,187558551552,121176899584
1791581446.5113518,0.9350607767701149,61655195648,0,65425899520,19592642560,61394554880,61394690560,4291849728,0,187558227968,121176895488
1791581447.451398,0.9399087782949209,61655195648,0,64620593152,20397948928,61394554880,61394690560,3486543360,0,187557953536,121176891392
1791581448.3943715,0.9428383652120829,61655195648,0,65694334976,19324207104,61394554880,61394690560,4560285184,0,187557695488,121176891392
1791581449.3366468,0.9421340357512236,61655195648,0,65694334976,19324207104,61394554880,61394690560,4560285184,0,187558019072,121176891392
1791581450.2836087,0.9468202274292707,61655195648,0,65425899520,19592642560,61394554880,61394690560,4291849728,0,187558371328,121176887296
1791581451.2280056,0.9442522898316383,61655195648,0,64620593152,20397948928,61394554880,61394690560,3486543360,0,187558592512,121176887296
1791581452.1693192,0.9411784317344427,61655195648,0,65694334976,19324207104,61394554880,61394690560,4560285184,0,187558768640,121176887296
1791581452.9398694,0.7704083826392889,61655195648,0,65694334976,19324207104,61394554880,61394690560,4560285184,0,187558879232,121176883200
1791581453.8741663,0.9341565445065498,61655195648,0,65425899520,19592642560,61394554880,61394690560,4291849728,0,187558965248,121176883200
1791581454.806172,0.9318635910749435,61655195648,0,64620593152,20397948928,61394554880,61394690560,3486543360,0,187559034880,121176883200
1791581455.7486424,0.9423255696892738,61655195648,0,65694334976,19324207104,61394554880,61394690560,4560285184,0,187558612992,121176883200
1791581456.51605,0.7672651447355747,61655195648,0,65694334976,19324207104,61394554880,61394690560,4560285184,0,187558961152,121176879104
1791581457.4490404,0.9328501299023628,61655195648,0,65425899520,19592642560,61394554880,61394690560,4291849728,0,187558846464,121176879104
1791581458.3864906,0.9373112451285124,61655195648,0,64620593152,20397948928,61394554880,61394690560,3486543360,0,187558543360,121176879104
1791581459.3229187,0.9362910147756338,61655195648,0,65694334976,19324207104,61394554880,61394690560,4560285184,0,187558019072,121176879104
1791581460.262119,0.9390606582164764,61655195648,0,65694334976,19324207104,61394554880,61394690560,4560285184,0,187558338560,121176875008
1791581461.2020593,0.9397963229566813,61655195648,0,65425899520,19592642560,61394554880,61394690560,4291849728,0,187558432768,121176875008
1791581462.1451037,0.9429173860698938,61655195648,0,64620593152,20397948928,61394554880,61394690560,3486543360,0,187574513664,121176870912
1791581463.0856473,0.940394340083003,61655195648,0,65694334976,19324207104,61394554880,61394690560,4560285184,0,187559014400,121176870912
1791581464.0318246,0.9460387416183949,61655195648,0,65694334976,19324207104,61394554880,61394690560,4560285184,0,187558567936,121176870912
1791581464.9793894,0.9474254827946424,61655195648,0,65425899520,19592642560,61394554880,61394690560,4291849728,0,187558576128,121176870912
1791581465.920854,0.9413279928267002,61655195648,0,64620593152,20397948928,61394554880,61394690560,3486543360,0,187558666240,121176866816
1791581466.8599615,0.9389690533280373,61655195648,0,65694334976,19324207104,61394554880,61394690560,4560285184,0,187558748160,121176866816
1791581467.7993262,0.9392109550535679,61655199744,0,65694334976,19324207104,61394554880,61394690560,4560289280,0,187558379520,121176866816
1791581468.7407978,0.9413344357162714,61655199744,0,65425899520,19592642560,61394554880,61394690560,4291853824,0,187558137856,121176866816
1791581469.6914124,0.9504786301404238,61655199744,0,64620593152,20397948928,61394554880,61394690560,3486547456,0,187558047744,121176862720
1791581470.460642,0.7690943200141191,61655199744,0,65694334976,19324207104,61394554880,61394690560,4560289280,0,187558400000,121176862720
1791581471.39735,0.9365665726363659,61655199744,0,65694334976,19324207104,61394554880,61394690560,4560289280,0,187558404096,121176862720
1791581472.332944,0.9354494661092758,61655199744,0,65425899520,19592642560,61394554880,61394690560,4291853824,0,187558584320,121176793088
1791581473.270626,0.9375461246818304,61655199744,0,64620593152,20397948928,61394554880,61394690560,3486547456,0,187558612992,121176793088
1791581474.2143745,0.9436085484921932,61655199744,0,65694334976,19324207104,61394554880,61394690560,4560289280,0,187558645760,121176793088
1791581475.153405,0.9388883020728827,61655199744,0,65694334976,19324207104,61394554880,61394690560,4560289280,0,187559227392,121176793088
1791581476.0934813,0.9399381037801504,61655199744,0,65425899520,19592642560,61394554880,61394690560,4291853824,0,187558936576,121176788992
1791581477.0408475,0.947228578850627,61655199744,0,64620593152,20397948928,61394554880,61394690560,3486547456,0,187557912576,121176788992
1791581478.0105438,0.9695590417832136,61655199744,0,65694334976,19324207104,61394554880,61394690560,4560289280,0,187557994496,121176788992
1791581478.795799,0.7850950658321381,61655199744,0,65694334976,19324207104,61394554880,61394690560,4560289280,0,187557957632,121176788992
1791581479.7704256,0.9744883459061384,61655199744,0,65425899520,19592642560,61394554880,61394690560,4291853824,0,187558227968,121176784896
1791581480.7034276,0.9328620545566082,61655199744,0,64620593152,20397948928,61394554880,61394690560,3486547456,0,187558219776,121176784896
1791581481.6569319,0.9533602427691221,61655199744,0,65694334976,19324207104,61394554880,61394690560,4560289280,0,187558273024,121176784896
1791581482.6102524,0.9531804360449314,61655199744,0,65694334976,19324207104,61394554880,61394690560,4560289280,0,187558395904,121176780800
1791581483.564693,0.9543008916079998,61655199744,0,65425899520,19592642560,61394554880,61394690560,4291853824,0,187558662144,121176780800
1791581484.3251503,0.7603124193847179,61655199744,0,64620593152,20397948928,61394554880,61394690560,3486547456,0,187558772736,121176780800
1791581485.268692,0.9433871600776911,61655199744,0,65694334976,19324207104,61394554880,61394690560,4560289280,0,187559092224,121176780800
1791581486.2150438,0.9462101012468338,61655199744,0,65694334976,19324207104,61394554880,61394690560,4560289280,0,187558940672,121176776704
1791581486.9774244,0.7622364331036806,61655199744,0,65425899520,19592642560,61394554880,61394690560,4291853824,0,187559026688,121176776704
1791581487.9238536,0.946290111169219,61655199744,0,64620593152,20397948928,61394554880,61394690560,3486547456,0,187559149568,121176776704
1791581488.8701541,0.9461638890206814,61655199744,0,65694334976,19324207104,61394554880,61394690560,4560289280,0,187558965248,121176776704
1791581489.8177261,0.9474241640418768,61655199744,0,65694334976,19324207104,61394554880,61394690560,4560289280,0,187559034880,121176772608
1791581490.5821023,0.7642378360033035,61655199744,0,65425899520,19592642560,61394554880,61394690560,4291853824,0,187558854656,121176772608
1791581491.5267808,0.9445352200418711,61655199744,0,64620593152,20397948928,61394554880,61394690560,3486547456,0,187558703104,121176768512
1791581492.478343,0.9514222163707018,61655199744,0,65694334976,19324207104,61394554880,61394690560,4560289280,0,187558006784,121176768512
1791581493.4289708,0.9504857417196035,61655199744,0,65694334976,19324207104,61394554880,61394690560,4560289280,0,187558273024,121176768512
1791581494.3819256,0.9528146591037512,61655199744,0,65425899520,19592642560,61394554880,61394690560,4291853824,0,187558338560,121176768512
1791581495.3345473,0.952484605833888,61655199744,0,64620593152,20397948928,61394554880,61394690560,3486547456,0,187558432768,121176764416
1791581496.2837932,0.9491085521876812,61655199744,0,65694334976,19324207104,61394554880,61394690560,4560289280,0,187558436864,121176764416
1791581497.235552,0.9516134597361088,61655199744,0,65694334976,19324207104,61394554880,61394690560,4560289280,0,187558789120,121176764416
1791581498.1845837,0.9488947596400976,61655199744,0,65425899520,19592642560,61394554880,61394690560,4291853824,0,187558498304,121176764416
1791581499.133049,0.9483297914266586,61655199744,0,64620593152,20397948928,61394554880,61394690560,3486547456,0,187558567936,121176760320
1791581500.084996,0.9518087301403284,61655199744,0,65694334976,19324207104,61394554880,61394690560,4560289280,0,187558653952,121176760320
1791581501.032466,0.9473278466612101,61655199744,0,65694334976,19324207104,61394554880,61394690560,4560289280,0,187558727680,121176760320
1791581501.9859357,0.9533291328698397,61655199744,0,65425899520,19592642560,61394554880,61394690560,4291853824,0,187558809600,121176756224
1791581502.7485173,0.7624457776546478,61655199744,0,64620593152,20397948928,61394554880,61394690560,3486547456,0,187559120896,121176756224
1791581503.690535,0.9418788366019726,61655199744,0,65694334976,19324207104,61394554880,61394690560,4560289280,0,187558952960,121176756224
1791581504.633452,0.9427733235061169,61655199744,0,65694334976,19324207104,61394554880,61394690560,4560289280,0,187559219200,121176756224
1791581505.579961,0.9463662952184677,61655199744,0,65425899520,19592642560,61394554880,61394690560,4291853824,0,187558875136,121176752128
1791581506.3455353,0.7654344234615564,61655199744,0,64620593152,20397948928,61394554880,61394690560,3486547456,0,187559129088,121176752128
1791581506.991846,0.6461733970791101,61655199744,0,65694334976,19324207104,61394554880,61394690560,4560289280,0,187559194624,121176752128
1791581507.9350264,0.9430404622107744,61655199744,0,65694334976,19324207104,61394554880,61394690560,4560289280,0,187559362560,121176752128
1791581508.8819869,0.946824423968792,61655203840,0,65425899520,19592642560,61394554880,61394690560,4291857920,0,187559047168,121176748032
1791581509.8295178,0.9473930317908525,61655203840,0,64620593152,20397948928,61394554880,61394690560,3486551552,0,187558662144,121176748032
1791581510.7814562,0.9517933633178473,61655203840,0,65694334976,19324207104,61394554880,61394690560,4560293376,0,187558731776,121176748032
1791581511.730347,0.9487552475184202,61655203840,0,65694334976,19324207104,61394554880,61394690560,4560293376,0,187558535168,121176743936
1791581512.4955657,0.7650780752301216,61655203840,0,65425899520,19592642560,61394554880,61394690560,4291857920,0,187559239680,121176743936
1791581513.4817243,0.9860158395022154,61655216128,0,62406000640,22612541440,61394554880,61394690560,1271971328,0,187558969344,121176743936
1791581514.432061,0.9501955024898052,61655216128,0,64620593152,20397948928,61394554880,61394690560,3486563840,0,187558776832,121176743936
1791581515.19104,0.7588512804359198,61655216128,0,65694334976,19324207104,61394554880,61394690560,4560305664,0,187559038976,121176743936
1791581516.1351864,0.9440016467124224,61655216128,0,65694334976,19324207104,61394554880,61394690560,4560305664,0,187559301120,121176739840
1791581517.0865977,0.9512727428227663,61655216128,0,65425899520,19592642560,61394554880,61394690560,4291870208,0,187558846464,121176739840
1791581518.0338032,0.9470684621483088,61655216128,0,64620593152,20397948928,61394554880,61394690560,3486563840,0,187559153664,121176739840
1791581518.7897723,0.7558307889848948,61655216128,0,65694334976,19324207104,61394554880,61394690560,4560305664,0,187559497728,121176739840
1791581519.7319207,0.942004531621933,61655216128,0,65694334976,19324207104,61394554880,61394690560,4560305664,0,187559305216,121176735744
1791581520.4981077,0.7660479806363583,61655216128,0,65425899520,19592642560,61394554880,61394690560,4291870208,0,187559391232,121176735744
1791581521.1409721,0.642716770991683,61655216128,0,64620593152,20397948928,61394554880,61394690560,3486563840,0,187559215104,121176731648
1791581522.0840995,0.9429863337427378,61655216128,0,65694334976,19324207104,61394554880,61394690560,4560305664,0,187558813696,121176731648
1791581523.0307379,0.9464889671653509,61655216128,0,65694334976,19324207104,61394554880,61394690560,4560305664,0,187558973440,121176731648
1791581523.9825885,0.951712204143405,61655216128,0,65425899520,19592642560,61394554880,61394690560,4291870208,0,187559067648,121176731648
1791581524.931012,0.948283851146698,61655216128,0,64620593152,20397948928,61394554880,61394690560,3486563840,0,187559325696,121176727552
1791581525.8781593,0.9470135737210512,61655216128,0,65694334976,19324207104,61394554880,61394690560,4560305664,0,187559161856,121176727552
1791581526.639654,0.7613456789404154,61655216128,0,65694334976,19324207104,61394554880,61394690560,4560305664,0,187559247872,121176727552
1791581527.5818164,0.942019259557128,61655216128,0,65425899520,19592642560,61394554880,61394690560,4291870208,0,187559682048,121176727552
1791581528.337688,0.7557357661426067,61655216128,0,64620593152,20397948928,61394554880,61394690560,3486563840,0,187559776256,121176723456
1791581528.9871724,0.6493444573134184,61655216128,0,65694334976,19324207104,61394554880,61394690560,4560305664,0,187559497728,121176723456
1791581529.9334815,0.9461543932557106,61655216128,0,65694334976,19324207104,61394554880,61394690560,4560305664,0,187559264256,121176723456
1791581530.7011144,0.7674837931990623,61655216128,0,65425899520,19592642560,61394554880,61394690560,4291870208,0,187559534592,121176719360
1791581531.6431637,0.9419030733406544,61655216128,0,64620593152,20397948928,61394554880,61394690560,3486563840,0,187559522304,121176719360
1791581532.5934093,0.9500866513699293,61655216128,0,65694334976,19324207104,61394554880,61394690560,4560305664,0,187559694336,121176719360
1791581533.5437388,0.9501910526305437,61655216128,0,65694334976,19324207104,61394554880,61394690560,4560305664,0,187559763968,121176719360
1791581534.492153,0.9482722338289022,61655216128,0,65425899520,19592642560,61394554880,61394690560,4291870208,0,187559854080,121176715264
1791581535.441233,0.9489385914057493,61655216128,0,64620593152,20397948928,61394554880,61394690560,3486563840,0,187559952384,121176715264
1791581536.3915346,0.9501612763851881,61655216128,0,65694334976,19324207104,61394554880,61394690560,4560305664,0,187559813120,121176715264
1791581537.1621308,0.7704560160636902,61655216128,0,65694334976,19324207104,61394554880,61394690560,4560305664,0,187560005632,121176715264
1791581538.1300454,0.9677684009075165,61655216128,0,65425899520,19592642560,61394554880,61394690560,4291870208,0,187559084032,121176711168
1791581539.109029,0.9788434468209743,61655216128,0,64620593152,20397948928,61394554880,61394690560,3486563840,0,187558375424,121176711168
1791581540.080628,0.9714599419385195,61655216128,0,65694334976,19324207104,61394554880,61394690560,4560305664,0,187558117376,121176711168
1791581541.0362403,0.955473642796278,61655216128,0,65694334976,19324207104,61394554880,61394690560,4560305664,0,187558187008,121176707072
1791581541.9837892,0.9474069736897945,61655216128,0,65425899520,19592642560,61394554880,61394690560,4291870208,0,187558948864,121176760320
1791581542.7441845,0.7602554932236671,61655216128,0,64620593152,20397948928,61394554880,61394690560,3486563840,0,187559108608,121176760320
1791581543.7127197,0.9683993477374315,61655216128,0,65694334976,19324207104,61394554880,61394690560,4560305664,0,187558805504,121176760320
1791581544.4672906,0.7544270046055317,61655216128,0,65694334976,19324207104,61394554880,61394690560,4560305664,0,187558801408,121176756224
1791581545.1149218,0.6474889982491732,61655216128,0,65425899520,19592642560,61394554880,61394690560,4291870208,0,187558559744,121176756224
1791581546.0596132,0.9445542767643929,61655216128,0,64620593152,20397948928,61394554880,61394690560,3486563840,0,187558871040,121176756224
1791581547.0061462,0.9463966339826584,61655216128,0,65694334976,19324207104,61394554880,61394690560,4560305664,0,187558682624,121176756224
1791581547.9560242,0.9497317150235176,61655216128,0,65694334976,19324207104,61394554880,61394690560,4560305664,0,187559645184,121176698880
1791581548.9037428,0.9475819580256939,61655216128,0,65425899520,19592642560,61394554880,61394690560,4291870208,0,187559469056,121176698880
1791581549.8541205,0.9502413533627987,61655216128,0,64620593152,20397948928,61394554880,61394690560,3486563840,0,187559612416,121176694784
1791581550.805431,0.9511655680835247,61655216128,0,65694334976,19324207104,61394554880,61394690560,4560305664,0,187559526400,121176694784
1791581551.7577305,0.9521597642451525,61655216128,0,65694334976,19324207104,61394554880,61394690560,4560305664,0,187559845888,121176694784
1791581552.5210488,0.7631819546222687,61655216128,0,65425899520,19592642560,61394554880,61394690560,4291870208,0,187559903232,121176694784
1791581553.4658813,0.9446928724646568,61655216128,0,64620593152,20397948928,61394554880,61394690560,3486563840,0,187559968768,121176690688
1791581554.411792,0.9457726553082466,61655216128,0,65694334976,19324207104,61394554880,61394690560,4560305664,0,187559731200,121176690688
1791581555.1859179,0.7739845979958773,61655216128,0,65694334976,19324207104,61394554880,61394690560,4560305664,0,187559264256,121176690688
1791581556.1388214,0.9527615513652563,61655216128,0,65425899520,19592642560,61394554880,61394690560,4291870208,0,187559256064,121176690688
1791581556.9130998,0.7741366159170866,61655216128,0,64620593152,20397948928,61394554880,61394690560,3486563840,0,187559522304,121176686592
1791581557.866923,0.9536728858947754,61655216128,0,65694334976,19324207104,61394554880,61394690560,4560305664,0,187558621184,121176686592
1791581558.8195288,0.9524655807763338,61655216128,0,65694334976,19324207104,61394554880,61394690560,4560305664,0,187558440960,121176686592
1791581559.7714033,0.9517400078475475,61655216128,0,65425899520,19592642560,61394554880,61394690560,4291870208,0,187558535168,121176682496
1791581560.7236974,0.9521549493074417,61655216128,0,64620593152,20397948928,61394554880,61394690560,3486563840,0,187558862848,121176682496
1791581561.6747124,0.950879855081439,61655216128,0,65694334976,19324207104,61394554880,61394690560,4560305664,0,187558944768,121176682496
1791581562.627021,0.9521640855818987,61655216128,0,65694334976,19324207104,61394554880,61394690560,4560305664,0,187559649280,121176682496
1791581563.5781288,0.9509716872125864,61655216128,0,65425899520,19592642560,61394554880,61394690560,4291870208,0,187559403520,121176678400
1791581564.5305471,0.9522716365754604,61655216128,0,64620593152,20397948928,61394554880,61394690560,3486563840,0,187559497728,121176678400
1791581565.299732,0.769046101719141,61655216128,0,65694334976,19324207104,61394554880,61394690560,4560305664,0,187559714816,121176678400
1791581566.2412093,0.9413366839289665,61655216128,0,65694334976,19324207104,61394554880,61394690560,4560305664,0,187559497728,121176678400
1791581567.181641,0.940294349566102,61655216128,0,65425899520,19592642560,61394554880,61394690560,4291870208,0,187559591936,121176674304
1791581568.1286297,0.9468483347445726,61655216128,0,64620593152,20397948928,61394554880,61394690560,3486563840,0,187559276544,121176674304
1791581568.891837,0.7630723528563976,61655216128,0,65694334976,19324207104,61394554880,61394690560,4560305664,0,187559079936,121176674304
1791581569.8338938,0.9419157430529594,61655216128,0,65694334976,19324207104,61394554880,61394690560,4560305664,0,187558719488,121176670208
1791581570.5978217,0.7637877631932497,61655216128,0,65425899520,19592642560,61394554880,61394690560,4291870208,0,187558809600,121176670208
1791581571.5425484,0.9445866253226995,61655216128,0,64620593152,20397948928,61394554880,61394690560,3486563840,0,187558940672,121176670208
1791581572.4922376,0.94955182261765,61655216128,0,65694334976,19324207104,61394554880,61394690560,4560305664,0,187559383040,121176670208
1791581573.2629898,0.7706125266849995,61655216128,0,65694334976,19324207104,61394554880,61394690560,4560305664,0,187559444480,121176666112
1791581574.2117193,0.9485892076045275,61655216128,0,65425899520,19592642560,61394554880,61394690560,4291870208,0,187559079936,121176666112
1791581575.3062663,1.094382518902421,61655216128,0,64620593152,20397948928,61394554880,61394690560,3486563840,0,187559092224,121176666112
1791581576.2611663,0.9547623600810766,61655216128,0,65694334976,19324207104,61394554880,61394690560,4560305664,0,187559170048,121176666112
1791581577.0293493,0.7680362518876791,61655216128,0,65694334976,19324207104,61394554880,61394690560,4560305664,0,187559251968,121176662016
1791581577.9815004,0.952010303735733,61655216128,0,65425899520,19592642560,61394554880,61394690560,4291870208,0,187559555072,121176662016
1791581578.9275184,0.9458827264606953,61655216128,0,64620593152,20397948928,61394554880,61394690560,3486563840,0,187559620608,121176702976
1791581579.8786125,0.9509566016495228,61655216128,0,65694334976,19324207104,61394554880,61394690560,4560305664,0,187559411712,121176702976
1791581580.8332784,0.9545241948217154,61655216128,0,65694334976,19324207104,61394554880,61394690560,4560305664,0,187559624704,121176702976
1791581581.788373,0.954951498657465,61655216128,0,65425899520,19592642560,61394554880,61394690560,4291870208,0,187559645184,121176702976
1791581582.7456436,0.9571308419108391,61655216128,0,64620593152,20397948928,61394554880,61394690560,3486563840,0,187559600128,121176698880
1791581583.7022188,0.9564355984330177,61655216128,0,65694334976,19324207104,61394554880,61394690560,4560305664,0,187559510016,121176698880
1791581584.6573908,0.9550163522362709,61655216128,0,65694334976,19324207104,61394554880,61394690560,4560305664,0,187559571456,121176698880
1791581585.6133327,0.9558045081794262,61655216128,0,65425899520,19592642560,61394554880,61394690560,4291870208,0,187559235584,121176698880
1791581586.5686703,0.9552016947418451,61655216128,0,64620593152,20397948928,61394554880,61394690560,3486563840,0,187559256064,121176694784
1791581587.5245697,0.955761231482029,61655216128,0,65694334976,19324207104,61394554880,61394690560,4560305664,0,187559530496,121176694784
1791581588.485569,0.9608581978827715,61655216128,0,65694334976,19324207104,61394554880,61394690560,4560305664,0,187558891520,121176694784
1791581589.45048,0.964774938300252,61655216128,0,65425899520,19592642560,61394554880,61394690560,4291870208,0,187558875136,121176690688
1791581590.4083774,0.9577602054923773,61655216128,0,64620593152,20397948928,61394554880,61394690560,3486563840,0,187558899712,121176690688
1791581591.365063,0.9565488416701555,61655216128,0,65694334976,19324207104,61394554880,61394690560,4560305664,0,187558899712,121176690688
1791581592.3290455,0.9638589508831501,61655216128,0,65694334976,19324207104,61394554880,61394690560,4560305664,0,187558981632,121176690688
1791581593.287922,0.9587351512163877,61655216128,0,65425899520,19592642560,61394554880,61394690560,4291870208,0,187558973440,121176686592
1791581594.2468126,0.9587505478411913,61693935616,0,62227742720,22790799360,61394554880,61394690560,1132432896,0,187597787136,121176686592
1791581595.2028995,0.9559349473565817,61714493440,0,61948821504,23069720576,61394554880,61394690560,874069504,0,187617714176,121176682496
1791581596.165017,0.9619803950190544,61714493440,0,61948821504,23069720576,61394554880,61394690560,874069504,0,187617808384,121176682496
1791581597.123172,0.9580091368407011,61714493440,0,61948821504,23069720576,61394554880,61394690560,874069504,0,187617824768,121176682496
1791581598.110605,0.9872837699949741,61714493440,0,61948821504,23069720576,61394554880,61394690560,874069504,0,187617628160,121176637440
1791581598.8800526,0.7692976482212543,61714493440,0,61948821504,23069720576,61394554880,61394690560,874069504,0,187617636352,121176637440
1791581599.8515809,0.9713938385248184,61714493440,0,61948821504,23069720576,61394554880,61394690560,874069504,0,187617304576,121176637440
1791581600.830437,0.9787134248763323,61714493440,0,61948821504,23069720576,61394554880,61394690560,874069504,0,187617804288,121176637440
1791581601.7860055,0.9554304722696543,61714493440,0,61948821504,23069720576,61394554880,61394690560,874069504,0,187617505280,121176637440
1791581602.7437959,0.9576503206044436,61714493440,0,61948821504,23069720576,61394554880,61394690560,874069504,0,187618136064,121176637440
1791581603.704861,0.9609230700880289,61714493440,0,61948821504,23069720576,61394554880,61394690560,874069504,0,187617398784,121176637440
1791581604.664038,0.9590321909636259,61714493440,0,61948821504,23069720576,61394554880,61394690560,874069504,0,187617386496,121176637440
1791581605.6223953,0.9582122135907412,61714493440,0,61948821504,23069720576,61394554880,61394690560,874069504,0,187617386496,121176637440
1791581606.5796056,0.9570686686784029,61714493440,0,61948821504,23069720576,61394554880,61394690560,874069504,0,187617177600,121176637440
1791581607.333285,0.753530703485012,61714493440,0,61948821504,23069720576,61394554880,61394690560,874069504,0,187617878016,121176637440
1791581608.2833018,0.9498698078095913,61714493440,0,61948821504,23069720576,61394554880,61394690560,874069504,0,187617972224,121176637440
1791581609.0367405,0.7532953992486,61714493440,0,61948821504,23069720576,61394554880,61394690560,874069504,0,187618050048,121176637440
1791581609.9917874,0.9549040477722883,61714493440,0,61948821504,23069720576,61394554880,61394690560,874069504,0,187618144256,121176637440
1791581610.9486952,0.9567605536431074,61714493440,0,61948821504,23069720576,61394554880,61394690560,874069504,0,187618123776,121176637440
1791581611.9028494,0.9540091902017593,61714493440,0,61948821504,23069720576,61394554880,61394690560,874069504,0,187618131968,121176637440
1791581612.8619642,0.9589604008942842,61714493440,0,61948821504,23069720576,61394554880,61394690560,874069504,0,187618242560,121176637440
1791581613.8202696,0.9581612516194582,61714493440,0,61948821504,23069720576,61394554880,61394690560,874069504,0,187618095104,121176637440
1791581614.7804565,0.9600461553782225,61714493440,0,61948821504,23069720576,61394554880,61394690560,874069504,0,187618451456,121176637440
1791581615.7420936,0.9614913202822208,61714493440,0,61948821504,23069720576,61394554880,61394690560,874069504,0,187618496512,121176637440
1791581616.700076,0.9578375946730375,61714493440,0,61948821504,23069720576,61394554880,61394690560,874069504,0,187618508800,121176637440
1791581617.6591995,0.9590128920972347,61714493440,0,61948821504,23069720576,61394554880,61394690560,874069504,0,187618488320,121176637440
1791581618.6215703,0.962226677685976,61714493440,0,61948821504,23069720576,61394554880,61394690560,874069504,0,187617705984,121176637440
1791581619.586036,0.9643179345875978,61714493440,0,61948821504,23069720576,61394554880,61394690560,874069504,0,187617595392,121176637440
1791581620.5477383,0.9615564439445734,61714493440,0,61948821504,23069720576,61394554880,61394690560,874069504,0,187617419264,121176637440
1791581621.5080278,0.9601466841995716,61714567168,0,61948821504,23069720576,61394554880,61394690560,874143232,0,187617587200,121176608768
1791581622.463211,0.955043651163578,61714710528,0,61948821504,23069720576,61394653184,61394690560,874188288,0,187617964032,121176608768
