unix_seconds,sample_duration_seconds,host_tree_rss_bytes,host_tree_swap_bytes,whole_gpu_used_bytes,whole_gpu_free_bytes,resident_host_W_lower_bound_bytes,resident_device_W_bytes,sampled_temporary_bytes,W_transition_incomplete,cgroup_memory_current_bytes,disk_available_bytes,smaps_read_failures
1791590762.139116,0.023476121947169304,43802624,0,0,85017493504,0,0,,0,99574190080,121134100480,0
1791590762.3408463,0.02509770542383194,191553536,0,0,85017493504,0,0,,0,99636920320,121140355072,0
1791590762.5439832,0.028150105848908424,265363456,0,0,85017493504,0,0,,0,99663228928,121140355072,0
1791590762.7449334,0.02901245839893818,292229120,0,0,85017493504,0,0,,0,99680141312,121140355072,0
1791590762.9429712,0.026969220489263535,306708480,0,0,85017493504,0,0,,0,99693080576,121140355072,0
1791590763.143616,0.027530187740921974,325558272,0,0,85017493504,0,0,,0,99709788160,121140355072,0
1791590763.3458261,0.029608288779854774,348221440,0,0,85017493504,0,0,,0,99729731584,121140355072,0
1791590763.544722,0.028421392664313316,366714880,0,0,85017493504,0,0,,0,99747184640,121140318208,0
1791590763.7462628,0.02988089621067047,385773568,0,0,85017493504,0,0,,0,99759607808,121140252672,0
1791590763.9447882,0.028324823826551437,396840960,0,0,85017493504,0,0,,0,99770363904,121138548736,0
1791590764.144583,0.02803739905357361,405262336,0,0,85017493504,0,0,,0,99779194880,121138548736,0
1791590764.3452353,0.028598103672266006,432185344,0,0,85017493504,0,0,,0,99801821184,121136386048,0
1791590764.5447478,0.028020735830068588,461959168,0,0,85017493504,0,0,,0,99816304640,121140318208,0
1791590764.7457807,0.028964651748538017,464371712,0,0,85017493504,0,0,,0,99816468480,121140318208,0
1791590764.9457645,0.028866035863757133,467210240,0,0,85017493504,0,0,,0,99819331584,121140318208,0
1791590765.146005,0.029018327593803406,462065664,0,0,85017493504,0,0,,0,99813257216,121140318208,0
1791590765.3444483,0.027373334392905235,461205504,0,0,85017493504,0,0,,0,99812810752,121140318208,0
1791590765.5458963,0.028726447373628616,466472960,0,0,85017493504,0,0,,0,99818295296,121140318208,0
1791590765.7471578,0.029952356591820717,468316160,0,0,85017493504,0,0,,0,99819892736,121140318208,0
1791590765.946456,0.02915978990495205,462946304,0,0,85017493504,0,0,,0,99814612992,121140318208,0
1791590766.1449244,0.02753533609211445,464617472,0,0,85017493504,0,0,,0,99815653376,121140318208,0
1791590766.3459272,0.028450090438127518,466538496,0,0,85017493504,0,0,,0,99817541632,121140318208,0
1791590766.5474315,0.029869133606553078,467406848,0,0,85017493504,0,0,,0,99818024960,121140318208,0
1791590766.7435822,0.025930149480700493,465805312,0,0,85017493504,0,0,,0,99816468480,121140318208,0
1791590766.9454567,0.02772250398993492,464490496,0,0,85017493504,0,0,,0,99815415808,121140318208,0
1791590767.146932,0.029120979830622673,465883136,0,0,85017493504,0,0,,0,99816525824,121140318208,0
1791590767.3445373,0.02664746344089508,465178624,0,0,85017493504,0,0,,0,99815878656,121140318208,0
1791590767.544894,0.026920510455965996,465821696,0,0,85017493504,0,0,,0,99816198144,121140318208,0
1791590767.7457929,0.027738139033317566,465879040,0,0,85017493504,0,0,,0,99816198144,121140318208,0
1791590767.9461582,0.028067201375961304,465608704,0,0,85017493504,0,0,,0,99816132608,121140318208,0
1791590768.1476393,0.029469849541783333,467333120,0,0,85017493504,0,0,,0,99817635840,121140318208,0
1791590768.3468745,0.028621310368180275,466382848,0,0,85017493504,0,0,,0,99816620032,121140318208,0
1791590768.5473528,0.02901270240545273,467349504,0,0,85017493504,0,0,,0,99817734144,121140318208,0
1791590768.748251,0.029795056208968163,398024704,0,0,85017493504,0,0,,0,99832799232,121140318208,0
1791590768.9482713,0.029718302190303802,395862016,0,0,85017493504,0,0,,0,99830517760,121140318208,0
1791590769.1496415,0.030987488105893135,402067456,0,0,85017493504,0,0,,0,99831795712,121140318208,0
1791590769.3482947,0.029555203393101692,402341888,0,0,85017493504,0,0,,0,99832090624,121140318208,0
1791590769.5407844,0.021960142999887466,394412032,0,0,85017493504,0,0,,0,99824005120,121139990528,0
1791590769.748801,0.02989542856812477,400826368,0,0,85017493504,0,0,,0,99830640640,121139986432,0
1791590769.9473078,0.028315704315900803,401924096,0,0,85017493504,0,0,,0,99831197696,121139986432,0
1791590770.1459193,0.02684115245938301,404406272,0,0,85017493504,0,0,,0,99832774656,121139986432,0
1791590770.3457227,0.02656383253633976,406089728,0,0,85017493504,0,0,,0,99832803328,121139986432,0
1791590770.545737,0.026493337005376816,409214976,0,0,85017493504,0,0,,0,99834953728,121139986432,0
1791590770.7487195,0.029393378645181656,412561408,0,0,85017493504,0,0,,0,99838439424,121139986432,0
1791590770.950203,0.030781088396906853,404332544,0,0,85017493504,0,0,,0,99831021568,121139556352,0
1791590771.1466818,0.027175037190318108,404594688,0,0,85017493504,0,0,,0,99831373824,121139556352,0
1791590771.348216,0.028623832389712334,404623360,0,0,85017493504,0,0,,0,99830923264,121139556352,0
1791590771.5475738,0.02788635902106762,397082624,0,0,85017493504,0,0,,0,99823763456,121139290112,0
1791590771.7472966,0.02752823382616043,398757888,0,0,85017493504,0,0,,0,99825164288,121139290112,0
1791590771.9453838,0.025534244254231453,399790080,0,0,85017493504,0,0,,0,99826327552,121139052544,0
1791590772.1486385,0.028705459088087082,400478208,0,0,85017493504,0,0,,0,99826909184,121139052544,0
1791590772.3645103,0.044496120885014534,401530880,0,0,85017493504,0,0,,0,99828027392,121139052544,0
1791590772.5465353,0.02643694542348385,396447744,0,0,85017493504,0,0,,0,99822796800,121138790400,0
1791590772.7484782,0.028243202716112137,398004224,0,0,85017493504,0,0,,0,99823443968,121138790400,0
1791590772.951044,0.03072674199938774,397025280,0,0,85017493504,0,0,,0,99821973504,121138679808,0
1791590773.1518438,0.031441714614629745,399065088,0,0,85017493504,0,0,,0,99824336896,121138573312,0
1791590773.3489783,0.028494641184806824,399433728,0,0,85017493504,0,0,,0,99824472064,121138573312,0
1791590773.5490737,0.02850455790758133,397312000,0,0,85017493504,0,0,,0,99822899200,121138446336,0
1791590773.7487385,0.028084129095077515,397545472,0,0,85017493504,0,0,,0,99819913216,121138319360,0
1791590773.9499192,0.029182184487581253,397959168,0,0,85017493504,0,0,,0,99823345664,121138319360,0
1791590774.1485472,0.027720896527171135,400498688,0,0,85017493504,0,0,,0,99826749440,121138200576,0
1791590774.348818,0.027907203882932663,402288640,0,0,85017493504,0,0,,0,99828248576,121138200576,0
1791590774.5518992,0.030902095139026642,402984960,0,0,85017493504,0,0,,0,99819683840,121138094080,0
1791590774.7513456,0.030257459729909897,399499264,0,0,85017493504,0,0,,0,99825827840,121138094080,0
1791590774.949312,0.0281008780002594,400330752,0,0,85017493504,0,0,,0,99826356224,121138089984,0
1791590775.1509886,0.029687896370887756,398258176,0,0,85017493504,0,0,,0,99824594944,121137922048,0
1791590775.3516088,0.03022167831659317,401805312,0,0,85017493504,0,0,,0,99828256768,121137922048,0
1791590775.5500038,0.02853219211101532,397389824,0,0,85017493504,0,0,,0,99823964160,121137795072,0
1791590775.749415,0.027863113209605217,396820480,0,0,85017493504,0,0,,0,99823091712,121137692672,0
1791590775.9513645,0.02973034791648388,398659584,0,0,85017493504,0,0,,0,99822366720,121137606656,0
1791590776.1512733,0.029542557895183563,311148544,0,0,85017493504,0,0,,0,99605745664,121136009216,0
1791590776.3521185,0.030294999480247498,238759936,0,0,85017493504,0,0,,0,99646689280,121136009216,0
1791590776.5522237,0.030311569571495056,264720384,0,0,85017493504,0,0,,0,99669364736,121136009216,0
1791590776.7526665,0.030659060925245285,289619968,0,0,85017493504,0,0,,0,99686707200,121136009216,0
1791590776.953053,0.030962612479925156,309796864,0,0,85017493504,0,0,,0,99700830208,121134239744,0
1791590777.1507468,0.028536951169371605,336031744,0,0,85017493504,0,0,,0,99711848448,121136009216,0
1791590777.3541012,0.031809303909540176,338927616,0,0,85017493504,0,0,,0,99714220032,121136009216,0
1791590777.5487816,0.026409504935145378,337203200,0,0,85017493504,0,0,,0,99712188416,121136009216,0
1791590777.7530859,0.03063092939555645,335683584,0,0,85017493504,0,0,,0,99710664704,121136009216,0
1791590777.9517694,0.029225388541817665,334442496,0,0,85017493504,0,0,,0,99708719104,121136005120,0
1791590778.1533084,0.030672835186123848,336510976,0,0,85017493504,0,0,,0,99708710912,121136005120,0
1791590778.3587224,0.03597945533692837,336637952,0,0,85017493504,0,0,,0,99709186048,121136005120,0
1791590778.552406,0.029570836573839188,335015936,0,0,85017493504,0,0,,0,99716177920,121136005120,0
1791590778.754055,0.0311380997300148,275619840,0,0,85017493504,0,0,,0,99718668288,121136005120,0
1791590778.9534733,0.030430642887949944,282218496,0,0,85017493504,0,0,,0,99718983680,121136005120,0
1791590779.1535313,0.030384520068764687,281161728,0,0,85017493504,0,0,,0,99718279168,121135779840,0
1791590779.3535237,0.030278688296675682,281706496,0,0,85017493504,0,0,,0,99719131136,121135779840,0
1791590779.549837,0.02650102600455284,283611136,0,0,85017493504,0,0,,0,99718909952,121135779840,0
1791590779.75183,0.028429778292775154,279605248,0,0,85017493504,0,0,,0,99711401984,121135534080,0
1791590779.952714,0.029209552332758904,281079808,0,0,85017493504,0,0,,0,99712688128,121135460352,0
1791590780.1527843,0.02917722426354885,280342528,0,0,85017493504,0,0,,0,99714224128,121135423488,0
1791590780.3530424,0.02933572605252266,279515136,0,0,85017493504,0,0,,0,99713568768,121135337472,0
1791590780.5546923,0.030738087370991707,280633344,0,0,85017493504,0,0,,0,99714617344,121135263744,0
1791590780.753346,0.029296334832906723,279212032,0,0,85017493504,0,0,,0,99711479808,121135157248,0
1791590780.953562,0.029392056167125702,126951424,0,0,85017493504,0,0,,0,99595636736,121155002368,0
1791590781.153686,0.029424143955111504,250699776,0,0,85017493504,0,0,,0,99684110336,121155002368,0
1791590781.352367,0.028009220957756042,293646336,0,0,85017493504,0,0,,0,99717832704,121155002368,0
1791590781.5549169,0.03047296404838562,328011776,0,0,85017493504,0,0,,0,99751034880,121155002368,0
1791590781.7546823,0.030153116211295128,367390720,0,0,85017493504,0,0,,0,99753902080,121155002368,0
1791590781.9529703,0.028346147388219833,385708032,0,0,85017493504,0,0,,0,99768623104,121155002368,0
1791590782.1530125,0.028297165408730507,398950400,0,0,85017493504,0,0,,0,99777716224,121155002368,0
1791590782.3540614,0.029260452836751938,410509312,0,0,85017493504,0,0,,0,99789058048,121155002368,0
1791590782.5523407,0.027456926181912422,420151296,0,0,85017493504,0,0,,0,99798245376,121155002368,0
1791590782.7546306,0.02966160513460636,427130880,0,0,85017493504,0,0,,0,99804823552,121155002368,0
1791590782.9556606,0.030592147260904312,442941440,0,0,85017493504,0,0,,0,99819810816,121155002368,0
1791590783.15435,0.029134560376405716,452595712,0,0,85017493504,0,0,,0,99829260288,121155002368,0
1791590783.3547134,0.02939777635037899,463855616,0,0,85017493504,0,0,,0,99839750144,121155002368,0
1791590783.5544276,0.029021291062235832,480989184,0,0,85017493504,0,0,,0,99854856192,121155002368,0
1791590783.752695,0.027208909392356873,499998720,0,0,85017493504,0,0,,0,99873579008,121155002368,0
1791590783.9517996,0.026228439062833786,508293120,0,0,85017493504,0,0,,0,99881209856,121155002368,0
1791590784.1491218,0.023468507453799248,523304960,0,0,85017493504,0,0,,0,99895410688,121155002368,0
1791590784.354473,0.028732120990753174,537423872,0,0,85017493504,0,0,,0,99909029888,121155002368,0
1791590784.5691252,0.04329996928572655,555266048,0,0,85017493504,0,0,,0,99927076864,121155002368,0
1791590784.753434,0.02752162702381611,568819712,0,0,85017493504,0,0,,0,99940515840,121155002368,0
1791590784.9528883,0.026896925643086433,585572352,0,0,85017493504,0,0,,0,99957346304,121155002368,0
1791590785.155991,0.029921695590019226,599662592,0,0,85017493504,0,0,,0,99971293184,121155002368,0
1791590785.3539953,0.027840539813041687,623796224,0,0,85017493504,0,0,,0,99995492352,121155002368,0
1791590785.5546603,0.028417445719242096,651698176,0,0,85017493504,0,0,,0,100023623680,121155002368,0
1791590785.7550113,0.028688503429293633,655740928,0,0,85017493504,0,0,,0,100027174912,121155002368,0
1791590785.953791,0.027371427044272423,673148928,0,0,85017493504,0,0,,0,100043976704,121155002368,0
1791590786.1502113,0.023703576996922493,677408768,0,0,85017493504,0,0,,0,100047364096,121154863104,0
1791590786.3529809,0.026393121108412743,694644736,0,0,85017493504,0,0,,0,100059639808,121154404352,0
1791590786.5525513,0.025882655754685402,703406080,0,0,85017493504,0,0,,0,100067815424,121154404352,0
1791590786.7547987,0.02805001102387905,724385792,0,0,85017493504,0,0,,0,100086865920,121154404352,0
1791590786.9556973,0.028849320486187935,730411008,0,0,85017493504,0,0,,0,100092968960,121154404352,0
1791590787.1557245,0.028794847428798676,740773888,0,0,85017493504,0,0,,0,100103233536,121154404352,0
1791590787.3561234,0.029106805101037025,746586112,0,0,85017493504,0,0,,0,100109135872,121154404352,0
1791590787.5549507,0.02785426191985607,752795648,0,0,85017493504,0,0,,0,100117213184,121151062016,0
1791590787.7547426,0.0275277066975832,762261504,0,0,85017493504,0,0,,0,100126629888,121151062016,0
1791590787.9568858,0.02956394851207733,767164416,0,0,85017493504,0,0,,0,100131078144,121151062016,0
1791590788.154672,0.027264805510640144,776380416,0,0,85017493504,0,0,,0,100141035520,121151062016,0
1791590788.3520384,0.024567317217588425,785879040,0,0,85017493504,0,0,,0,100150231040,121151062016,0
1791590788.5538092,0.026255937293171883,799461376,0,0,85017493504,0,0,,0,100164198400,121146736640,0
1791590788.753891,0.026248862966895103,821649408,0,0,85017493504,0,0,,0,100185743360,121146736640,0
1791590788.9527555,0.025043800473213196,831442944,0,0,85017493504,0,0,,0,100195532800,121146736640,0
1791590789.1555989,0.02781762182712555,853667840,0,0,85017493504,0,0,,0,100217901056,121146736640,0
1791590789.355983,0.028118249028921127,870658048,0,0,85017493504,0,0,,0,100234731520,121146736640,0
1791590789.5572798,0.02932770550251007,900894720,0,0,85017493504,0,0,,0,100264349696,121146736640,0
1791590789.7567723,0.02873835898935795,910872576,0,0,85017493504,0,0,,0,100273463296,121146736640,0
1791590789.9565592,0.02843748778104782,939847680,0,0,85017493504,0,0,,0,100288593920,121154994176,0
1791590790.1577775,0.029557501897215843,961138688,0,0,85017493504,0,0,,0,100309327872,121154994176,0
1791590790.3574295,0.029126577079296112,970637312,0,0,85017493504,0,0,,0,100314611712,121154994176,0
1791590790.5570543,0.0286704208701849,965947392,0,0,85017493504,0,0,,0,100309737472,121154994176,0
1791590790.758309,0.029843101277947426,966193152,0,0,85017493504,0,0,,0,100309741568,121154994176,0
1791590790.9588583,0.030293788760900497,966619136,0,0,85017493504,0,0,,0,100309524480,121154994176,0
1791590791.155276,0.026626795530319214,967413760,0,0,85017493504,0,0,,0,100310081536,121154994176,0
1791590791.3539507,0.025216182693839073,968892416,0,0,85017493504,0,0,,0,100311093248,121154994176,0
1791590791.5550058,0.02618657983839512,969789440,0,0,85017493504,0,0,,0,100312211456,121154994176,0
1791590791.7548265,0.025924719870090485,970645504,0,0,85017493504,0,0,,0,100312731648,121154994176,0
1791590791.9562607,0.0272661279886961,971886592,0,0,85017493504,0,0,,0,100313792512,121154994176,0
1791590792.156069,0.026984740048646927,972681216,0,0,85017493504,0,0,,0,100314648576,121154994176,0
1791590792.3574905,0.02831963635981083,973901824,0,0,85017493504,0,0,,0,100315574272,121154994176,0
1791590792.5564747,0.027211124077439308,950083584,0,0,85017493504,0,0,,0,100291866624,121154994176,0
1791590792.7588418,0.029486842453479767,962195456,0,0,85017493504,0,0,,0,100303478784,121154994176,0
1791590792.956242,0.02680581621825695,960409600,0,0,85017493504,0,0,,0,100302131200,121154994176,0
1791590793.1587408,0.02921515703201294,961708032,0,0,85017493504,0,0,,0,100303245312,121154994176,0
1791590793.3597422,0.030138377100229263,962486272,0,0,85017493504,0,0,,0,100303761408,121154994176,0
1791590793.5596068,0.02991362474858761,962318336,0,0,85017493504,0,0,,0,100303740928,121154994176,0
1791590793.761567,0.031784504652023315,956801024,0,0,85017493504,0,0,,0,100298534912,121154994176,0
1791590793.9604092,0.030525898560881615,985014272,0,0,85017493504,0,0,,0,100326912000,121154994176,0
1791590794.1594357,0.029456743970513344,984576000,0,0,85017493504,0,0,,0,100325969920,121154990080,0
1791590794.3597577,0.029689675197005272,984592384,0,0,85017493504,0,0,,0,100326264832,121154990080,0
1791590794.5556815,0.025539906695485115,984588288,0,0,85017493504,0,0,,0,100325056512,121154990080,0
1791590794.8014708,0.0712360180914402,985157632,0,0,85017493504,0,0,,0,100325654528,121154990080,0
1791590794.960844,0.030527813360095024,985165824,0,0,85017493504,0,0,,0,100326412288,121154990080,0
1791590795.15822,0.027811773121356964,985178112,0,0,85017493504,0,0,,0,100326195200,121154990080,0
1791590795.359043,0.028546428307890892,985210880,0,0,85017493504,0,0,,0,100326277120,121154990080,0
1791590795.5604897,0.02991221658885479,985280512,0,0,85017493504,0,0,,0,100326268928,121154990080,0
1791590795.75959,0.028927268460392952,990724096,0,0,85017493504,0,0,,0,100331773952,121154990080,0
1791590795.9583523,0.02760550193488598,972148736,0,0,85017493504,0,0,,0,100313640960,121154990080,0
1791590796.1564612,0.02562948316335678,977764352,0,0,85017493504,0,0,,0,100318973952,121154990080,0
1791590796.3558168,0.02490348182618618,977768448,0,0,85017493504,0,0,,0,100319002624,121154990080,0
1791590796.5576277,0.026630984619259834,977776640,0,0,85017493504,0,0,,0,100319088640,121154990080,0
1791590796.757679,0.026597926393151283,977412096,0,0,85017493504,0,0,,0,100318920704,121154990080,0
1791590796.960438,0.029278576374053955,976621568,0,0,85017493504,0,0,,0,100318216192,121154990080,0
1791590797.1596403,0.028356852009892464,960446464,0,0,85017493504,0,0,,0,100302131200,121154990080,0
1791590797.3600461,0.028676027432084084,981340160,0,0,85017493504,0,0,,0,100322881536,121154990080,0
1791590797.561809,0.030357465147972107,983134208,0,0,85017493504,0,0,,0,100324474880,121154990080,0
1791590797.7612605,0.029691563919186592,983269376,0,0,85017493504,0,0,,0,100324560896,121154990080,0
1791590797.9649904,0.03330053389072418,983556096,0,0,85017493504,0,0,,0,100324642816,121154990080,0
1791590798.161552,0.029729114845395088,984506368,0,0,85017493504,0,0,,0,100325179392,121154990080,0
1791590798.3596764,0.027738267555832863,984924160,0,0,85017493504,0,0,,0,100325535744,121154990080,0
1791590798.5637288,0.031655460596084595,984924160,0,0,85017493504,0,0,,0,100325429248,121154990080,0
1791590798.7611203,0.028887124732136726,984924160,0,0,85017493504,0,0,,0,100325707776,121154990080,0
1791590798.9615142,0.02919820509850979,984985600,0,0,85017493504,0,0,,0,100325441536,121154990080,0
1791590799.1603136,0.027882123365998268,984985600,0,0,85017493504,0,0,,0,100325462016,121154990080,0
1791590799.359262,0.026747846975922585,984985600,0,0,85017493504,0,0,,0,100325531648,121154990080,0
1791590799.5619957,0.02939723990857601,986464256,0,0,85017493504,0,0,,0,100327006208,121154990080,0
1791590799.7632,0.030517075210809708,966356992,0,0,85017493504,0,0,,0,100307390464,121154990080,0
1791590799.96244,0.02962462045252323,974262272,0,0,85017493504,0,0,,0,100315234304,121154990080,0
1791590800.1622748,0.02935238927602768,973602816,0,0,85017493504,0,0,,0,100313952256,121154990080,0
1791590800.3655457,0.03248390927910805,973090816,0,0,85017493504,0,0,,0,100313669632,121154990080,0
1791590800.5644798,0.031225688755512238,972963840,0,0,85017493504,0,0,,0,100313731072,121154990080,0
1791590800.7656457,0.03226383775472641,972324864,0,0,85017493504,0,0,,0,100312752128,121154990080,0
1791590800.9634032,0.029892409220337868,956411904,0,0,85017493504,0,0,,0,100297064448,121154990080,0
1791590801.1618705,0.02827535569667816,980004864,0,0,85017493504,0,0,,0,100320731136,121154990080,0
1791590801.3605614,0.026882711797952652,979226624,0,0,85017493504,0,0,,0,100319985664,121154990080,0
1791590801.5642064,0.030442317947745323,978771968,0,0,85017493504,0,0,,0,100318740480,121154990080,0
1791590801.7645004,0.030654339119791985,978411520,0,0,85017493504,0,0,,0,100319059968,121154990080,0
1791590801.9658537,0.03186815604567528,977932288,0,0,85017493504,0,0,,0,100318838784,121154990080,0
1791590802.166167,0.032050780951976776,977932288,0,0,85017493504,0,0,,0,100318826496,121154990080,0
1791590802.367267,0.03300768882036209,955551744,0,0,85017493504,0,0,,0,100294893568,121154985984,0
1791590802.5653608,0.030964599922299385,973553664,0,0,85017493504,0,0,,0,100313755648,121154985984,0
1791590802.7634223,0.02890685573220253,973230080,0,0,85017493504,0,0,,0,100312956928,121154985984,0
1791590802.9655607,0.03091149963438511,972599296,0,0,85017493504,0,0,,0,100312518656,121154985984,0
1791590803.163601,0.028871791437268257,972304384,0,0,85017493504,0,0,,0,100312436736,121154985984,0
1791590803.3666484,0.03180772811174393,971730944,0,0,85017493504,0,0,,0,100311932928,121154985984,0
1791590803.5638993,0.028941331431269646,971755520,0,0,85017493504,0,0,,0,100311764992,121154985984,0
1791590803.7659466,0.030901731923222542,953737216,0,0,85017493504,0,0,,0,100294266880,121154985984,0
1791590803.9640403,0.02888435684144497,985288704,0,0,85017493504,0,0,,0,100325281792,121154985984,0
1791590804.1628525,0.027592070400714874,985075712,0,0,85017493504,0,0,,0,100324749312,121154985984,0
1791590804.3632102,0.027848469093441963,985075712,0,0,85017493504,0,0,,0,100325048320,121154985984,0
1791590804.5607293,0.025267526507377625,985075712,0,0,85017493504,0,0,,0,100324925440,121154985984,0
1791590804.7621293,0.026562346145510674,985071616,0,0,85017493504,0,0,,0,100324777984,121154985984,0
1791590804.9654238,0.02975228987634182,985010176,0,0,85017493504,0,0,,0,100324241408,121154985984,0
1791590805.16466,0.028910601511597633,984969216,0,0,85017493504,0,0,,0,100324167680,121154985984,0
1791590805.364282,0.02845383808016777,984502272,0,0,85017493504,0,0,,0,100324048896,121154985984,0
1791590805.564671,0.02876095287501812,984756224,0,0,85017493504,0,0,,0,100324524032,121154985984,0
1791590805.7662299,0.030228184536099434,987320320,0,0,85017493504,0,0,,0,100327481344,121154985984,0
1791590805.967643,0.03154103271663189,969854976,0,0,85017493504,0,0,,0,100309663744,121154985984,0
1791590806.1655772,0.029358036816120148,970301440,0,0,85017493504,0,0,,0,100309696512,121154985984,0
1791590806.3645382,0.028202788904309273,970518528,0,0,85017493504,0,0,,0,100309716992,121154985984,0
1791590806.565455,0.029012009501457214,970625024,0,0,85017493504,0,0,,0,100309610496,121154985984,0
1791590806.7678704,0.03132243826985359,973066240,0,0,85017493504,0,0,,0,100311961600,121154985984,0
1791590806.9662921,0.029662879183888435,974585856,0,0,85017493504,0,0,,0,100313346048,121154985984,0
1791590807.163671,0.026959484443068504,976560128,0,0,85017493504,0,0,,0,100315533312,121154985984,0
1791590807.362018,0.025225253775715828,976556032,0,0,85017493504,0,0,,0,100315570176,121154985984,0
1791590807.5630977,0.02622097171843052,965824512,0,0,85017493504,0,0,,0,100304707584,121154985984,0
1791590807.7665796,0.029623311012983322,974168064,0,0,85017493504,0,0,,0,100313133056,121154985984,0
1791590807.9674666,0.03040768951177597,974188544,0,0,85017493504,0,0,,0,100313284608,121154985984,0
1791590808.1662843,0.029050910845398903,974213120,0,0,85017493504,0,0,,0,100312825856,121154985984,0
1791590808.3636065,0.02626410685479641,973963264,0,0,85017493504,0,0,,0,100313055232,121154985984,0
1791590808.567948,0.030491847544908524,974286848,0,0,85017493504,0,0,,0,100313243648,121154985984,0
1791590808.7658145,0.0282317902892828,974647296,0,0,85017493504,0,0,,0,100313632768,121154985984,0
1791590808.9655063,0.02780725806951523,974983168,0,0,85017493504,0,0,,0,100313772032,121154985984,0
1791590809.1621277,0.02432265505194664,955817984,0,0,85017493504,0,0,,0,100294524928,121154985984,0
1791590809.368958,0.03103533759713173,975192064,0,0,85017493504,0,0,,0,100314296320,121154985984,0
1791590809.5664814,0.028475504368543625,975286272,0,0,85017493504,0,0,,0,100314214400,121154985984,0
1791590809.7694168,0.03133123181760311,977608704,0,0,85017493504,0,0,,0,100316831744,121154985984,0
1791590809.9678566,0.029631905257701874,979472384,0,0,85017493504,0,0,,0,100318736384,121154985984,0
1791590810.167557,0.029225744307041168,979472384,0,0,85017493504,0,0,,0,100318502912,121154985984,0
1791590810.36853,0.030098583549261093,979509248,0,0,85017493504,0,0,,0,100318801920,121154981888,0
1791590810.5686996,0.030159030109643936,961728512,0,0,85017493504,0,0,,0,100301041664,121154981888,0
1791590810.76715,0.02853005938231945,977416192,0,0,85017493504,0,0,,0,100317044736,121154981888,0
1791590810.9679136,0.029187975451350212,977534976,0,0,85017493504,0,0,,0,100316352512,121154981888,0
1791590811.1673753,0.02856961265206337,977657856,0,0,85017493504,0,0,,0,100316549120,121154981888,0
1791590811.3686082,0.029718464240431786,977727488,0,0,85017493504,0,0,,0,100316520448,121154981888,0
1791590811.5680153,0.029008688405156136,977727488,0,0,85017493504,0,0,,0,100316610560,121154981888,0
1791590811.7708507,0.031728051602840424,978800640,0,0,85017493504,0,0,,0,100317609984,121154981888,0
1791590811.9680662,0.028815727680921555,983056384,0,0,85017493504,0,0,,0,100322037760,121154981888,0
1791590812.169354,0.029999466612935066,983121920,0,0,85017493504,0,0,,0,100321968128,121154981888,0
1791590812.3671458,0.027688536792993546,983134208,0,0,85017493504,0,0,,0,100322058240,121154981888,0
1791590812.5702417,0.030671238899230957,969424896,0,0,85017493504,0,0,,0,100308267008,121154981888,0
1791590812.792647,0.05295122414827347,980557824,0,0,85017493504,0,0,,0,100319391744,121154981888,0
1791590812.9701533,0.03035139851272106,980570112,0,0,85017493504,0,0,,0,100319342592,121154981888,0
1791590813.1672947,0.027410835027694702,983527424,0,0,85017493504,0,0,,0,100322770944,121154981888,0
1791590813.3684692,0.02850479446351528,985534464,0,0,85017493504,0,0,,0,100324352000,121154981888,0
1791590813.5696697,0.029621712863445282,988340224,0,0,85017493504,0,0,,0,100327067648,121154981888,0
1791590813.77089,0.03076103702187538,990314496,0,0,85017493504,0,0,,0,100329390080,121154981888,0
1791590813.970414,0.03017042949795723,962326528,0,0,85017493504,0,0,,0,100301316096,121154981888,0
1791590814.1687567,0.028400765731930733,979013632,0,0,85017493504,0,0,,0,100317679616,121154981888,0
1791590814.3704498,0.029976874589920044,979206144,0,0,85017493504,0,0,,0,100317921280,121154981888,0
1791590814.576582,0.0360018964856863,979267584,0,0,85017493504,0,0,,0,100317868032,121154981888,0
1791590814.7716615,0.030979696661233902,979857408,0,0,85017493504,0,0,,0,100318302208,121154981888,0
1791590814.969752,0.02896922454237938,980897792,0,0,85017493504,0,0,,0,100319313920,121154981888,0
1791590815.168735,0.027874967083334923,981549056,0,0,85017493504,0,0,,0,100319936512,121154981888,0
1791590815.3707519,0.02980765514075756,985042944,0,0,85017493504,0,0,,0,100323373056,121154981888,0
1791590815.572234,0.031183790415525436,985042944,0,0,85017493504,0,0,,0,100323307520,121154981888,0
1791590815.774129,0.03296680934727192,988839936,0,0,85017493504,0,0,,0,100301955072,121154981888,0
1791590815.9721577,0.0309183020144701,983453696,0,0,85017493504,0,0,,0,100321120256,121154981888,0
1791590816.171228,0.02988678403198719,980340736,0,0,85017493504,0,0,,0,100318060544,121154981888,0
1791590816.3723736,0.030918454751372337,980893696,0,0,85017493504,0,0,,0,100318789632,121154981888,0
1791590816.571289,0.029730498790740967,981458944,0,0,85017493504,0,0,,0,100319334400,121154981888,0
1791590816.7693825,0.027715977281332016,982528000,0,0,85017493504,0,0,,0,100320301056,121154981888,0
1791590816.9704828,0.028698204085230827,988995584,0,0,85017493504,0,0,,0,100282605568,121154981888,0
1791590817.1718836,0.02998015284538269,766394368,0,0,85017493504,0,0,,0,100183781376,121154981888,0
1791590817.3695264,0.027538444846868515,767557632,0,0,85017493504,0,0,,0,100185174016,121154981888,0
1791590817.5730014,0.030934317037463188,767582208,0,0,85017493504,0,0,,0,100184653824,121154981888,0
1791590817.769849,0.027633313089609146,767635456,0,0,85017493504,0,0,,0,100184686592,121154981888,0
1791590817.969547,0.027225757017731667,766324736,0,0,85017493504,0,0,,0,100181372928,121154981888,0
1791590818.1696029,0.027178045362234116,772845568,0,0,85017493504,0,0,,0,100181155840,121154981888,0
1791590818.3680422,0.02551189996302128,775016448,0,0,85017493504,0,0,,0,100181463040,121154981888,0
1791590818.5736935,0.031049909070134163,775282688,0,0,85017493504,0,0,,0,100181327872,121154977792,0
1791590818.7708013,0.028041433542966843,775544832,0,0,85017493504,0,0,,0,100181123072,121155805184,0
1791590818.9726794,0.02981415204703808,766779392,0,0,85017493504,0,0,,0,100173234176,121155305472,0
1791590819.1718636,0.028892315924167633,808820736,0,0,85017493504,0,0,,0,100220895232,121155305472,0
1791590819.3738666,0.030794532969594002,799838208,0,0,85017493504,0,0,,0,100206637056,121155305472,0
1791590819.5708213,0.027600089088082314,799866880,0,0,85017493504,0,0,,0,100206596096,121155305472,0
1791590819.769963,0.02666129544377327,800083968,0,0,85017493504,0,0,,0,100207460352,121155305472,0
1791590819.9693074,0.02594165690243244,800477184,0,0,85017493504,0,0,,0,100207812608,121155305472,0
1791590820.1653278,0.021897587925195694,802488320,0,0,85017493504,0,0,,0,100209721344,121155305472,0
1791590820.3694816,0.025966452434659004,806547456,0,0,85017493504,0,0,,0,100213432320,121155305472,0
1791590820.5698657,0.02626623958349228,806555648,0,0,85017493504,0,0,,0,100213526528,121155305472,0
1791590820.7732325,0.029548831284046173,806682624,0,0,85017493504,0,0,,0,100213477376,121155305472,0
1791590820.969578,0.02581174112856388,806850560,0,0,85017493504,0,0,,0,100213739520,121155305472,0
1791590821.168415,0.024567613378167152,807854080,0,0,85017493504,0,0,,0,100214878208,121155305472,0
1791590821.369625,0.02568865194916725,807727104,0,0,85017493504,0,0,,0,100214534144,121155305472,0
1791590821.569795,0.025775643065571785,807727104,0,0,85017493504,0,0,,0,100214382592,121155305472,0
1791590821.7698076,0.025704504922032356,807550976,0,0,85017493504,0,0,,0,100213825536,121155305472,0
1791590821.9705615,0.026329006999731064,807612416,0,0,85017493504,0,0,,0,100213886976,121155305472,0
1791590822.1747997,0.030465347692370415,807612416,0,0,85017493504,0,0,,0,100213571584,121155305472,0
1791590822.374307,0.02987520396709442,807608320,0,0,85017493504,0,0,,0,100213518336,121155305472,0
1791590822.571452,0.026926729828119278,807673856,0,0,85017493504,0,0,,0,100213596160,121155305472,0
1791590822.7720566,0.027423569932579994,807669760,0,0,85017493504,0,0,,0,100213391360,121155305472,0
1791590822.9733744,0.02865276113152504,807673856,0,0,85017493504,0,0,,0,100213760000,121155305472,0
1791590823.174295,0.02948629856109619,811941888,0,0,85017493504,0,0,,0,100165885952,121154273280,0
1791590823.3747892,0.029886160045862198,803319808,0,0,85017493504,0,0,,0,100210597888,121154273280,0
1791590823.573382,0.028397325426340103,803356672,0,0,85017493504,0,0,,0,100210950144,121154273280,0
1791590823.7746577,0.029586516320705414,803721216,0,0,85017493504,0,0,,0,100211511296,121154273280,0
1791590823.9719543,0.02679438143968582,803733504,0,0,85017493504,0,0,,0,100211384320,121154273280,0
1791590824.173607,0.028361685574054718,804478976,0,0,85017493504,0,0,,0,100212129792,121154273280,0
1791590824.3731427,0.027812553569674492,807383040,0,0,85017493504,0,0,,0,100214980608,121154273280,0
1791590824.5739553,0.028535697609186172,809136128,0,0,85017493504,0,0,,0,100216569856,121154273280,0
1791590824.7752657,0.029762839898467064,809136128,0,0,85017493504,0,0,,0,100216578048,121154273280,0
1791590824.9754813,0.02989509142935276,809136128,0,0,85017493504,0,0,,0,100216479744,121154273280,0
1791590825.1736739,0.02796432003378868,809136128,0,0,85017493504,0,0,,0,100216737792,121154273280,0
1791590825.3733435,0.027549663558602333,809308160,0,0,85017493504,0,0,,0,100217356288,121154273280,0
1791590825.575846,0.02996939606964588,809308160,0,0,85017493504,0,0,,0,100217196544,121154273280,0
1791590825.7740622,0.028096752241253853,809504768,0,0,85017493504,0,0,,0,100216958976,121154273280,0
1791590825.9765239,0.03047298453748226,809504768,0,0,85017493504,0,0,,0,100216590336,121154273280,0
1791590826.174838,0.02869804948568344,809295872,0,0,85017493504,0,0,,0,100216328192,121154273280,0
1791590826.3720508,0.025818558409810066,808529920,0,0,85017493504,0,0,,0,100215930880,121154273280,0
1791590826.5748,0.02847827598452568,808525824,0,0,85017493504,0,0,,0,100215980032,121154269184,0
1791590826.7737026,0.027281418442726135,808513536,0,0,85017493504,0,0,,0,100215910400,121154269184,0
1791590826.9730566,0.02655060961842537,808513536,0,0,85017493504,0,0,,0,100215984128,121154269184,0
1791590827.1761036,0.029515579342842102,815742976,0,0,85017493504,0,0,,0,100223315968,121154269184,0
1791590827.375571,0.028899261727929115,827166720,0,0,85017493504,0,0,,0,100234895360,121154269184,0
1791590827.5747883,0.02803015150129795,829800448,0,0,85017493504,0,0,,0,100237635584,121154269184,0
1791590827.774798,0.027956433594226837,829792256,0,0,85017493504,0,0,,0,100237529088,121154269184,0
1791590827.9759068,0.02898268587887287,829796352,0,0,85017493504,0,0,,0,100236976128,121154269184,0
1791590828.174604,0.027587328106164932,829214720,0,0,85017493504,0,0,,0,100236734464,121154269184,0
1791590828.3738399,0.02673644758760929,829231104,0,0,85017493504,0,0,,0,100236509184,121154269184,0
1791590828.574596,0.02736181579530239,829239296,0,0,85017493504,0,0,,0,100236267520,121154269184,0
1791590828.774286,0.026948953047394753,829239296,0,0,85017493504,0,0,,0,100236341248,121154269184,0
1791590828.9736772,0.026253610849380493,829239296,0,0,85017493504,0,0,,0,100236148736,121154269184,0
1791590829.1756518,0.028144657611846924,774045696,0,0,85017493504,0,0,,0,100182695936,121152815104,0
1791590829.3782814,0.030690370127558708,797765632,0,0,85017493504,0,0,,0,100206432256,121152815104,0
1791590829.575738,0.02804863266646862,799158272,0,0,85017493504,0,0,,0,100207489024,121152815104,0
1791590829.774476,0.026702770963311195,801312768,0,0,85017493504,0,0,,0,100209655808,121152815104,0
1791590829.9758625,0.028009483590722084,803725312,0,0,85017493504,0,0,,0,100211933184,121152815104,0
1791590830.176612,0.028673524037003517,803774464,0,0,85017493504,0,0,,0,100211765248,121152815104,0
1791590830.374468,0.026444554328918457,800768000,0,0,85017493504,0,0,,0,100208955392,121152815104,0
1791590830.5733516,0.025244547054171562,800768000,0,0,85017493504,0,0,,0,100209037312,121152815104,0
1791590830.7739105,0.025652742013335228,800784384,0,0,85017493504,0,0,,0,100209090560,121152815104,0
1791590830.9736798,0.02534022554755211,800784384,0,0,85017493504,0,0,,0,100208787456,121152815104,0
1791590831.1742187,0.025796545669436455,800772096,0,0,85017493504,0,0,,0,100208787456,121152815104,0
1791590831.3753903,0.026885205879807472,800776192,0,0,85017493504,0,0,,0,100208816128,121152815104,0
1791590831.5732713,0.024679215624928474,776822784,0,0,85017493504,0,0,,0,100185808896,121151885312,0
1791590831.7783685,0.029688583686947823,789721088,0,0,85017493504,0,0,,0,100198797312,121151885312,0
1791590831.978074,0.029313480481505394,790978560,0,0,85017493504,0,0,,0,100200730624,121151885312,0
1791590832.1779032,0.029029812663793564,792064000,0,0,85017493504,0,0,,0,100201836544,121151885312,0
1791590832.378832,0.02987530082464218,792166400,0,0,85017493504,0,0,,0,100202196992,121151885312,0
1791590832.5768223,0.02777980826795101,792694784,0,0,85017493504,0,0,,0,100202631168,121151885312,0
1791590832.7767591,0.027629446238279343,792707072,0,0,85017493504,0,0,,0,100202635264,121151885312,0
1791590832.9748456,0.02563128061592579,792813568,0,0,85017493504,0,0,,0,100202733568,121151885312,0
1791590833.1777916,0.028479263186454773,792838144,0,0,85017493504,0,0,,0,100202835968,121151885312,0
1791590833.3797426,0.030347587540745735,792842240,0,0,85017493504,0,0,,0,100202622976,121151885312,0
1791590833.5768924,0.027411090210080147,792842240,0,0,85017493504,0,0,,0,100202680320,121151885312,0
1791590833.7802231,0.030646994709968567,792559616,0,0,85017493504,0,0,,0,100202196992,121151885312,0
1791590833.9792595,0.02960272505879402,792563712,0,0,85017493504,0,0,,0,100202262528,121151885312,0
1791590834.1784801,0.02874179743230343,792563712,0,0,85017493504,0,0,,0,100202582016,121151885312,0
1791590834.375986,0.02616587094962597,792563712,0,0,85017493504,0,0,,0,100201881600,121151885312,0
1791590834.5735688,0.02367876097559929,792629248,0,0,85017493504,0,0,,0,100201615360,121151885312,0
1791590834.7758207,0.025866305455565453,793403392,0,0,85017493504,0,0,,0,100202692608,121151881216,0
1791590834.9791937,0.02915295585989952,795758592,0,0,85017493504,0,0,,0,100205494272,121151881216,0
1791590835.1798296,0.0297031719237566,797061120,0,0,85017493504,0,0,,0,100206645248,121151881216,0
1791590835.3783736,0.02813737653195858,797081600,0,0,85017493504,0,0,,0,100206026752,121151881216,0
1791590835.5789757,0.02864718995988369,796626944,0,0,85017493504,0,0,,0,100206379008,121151881216,0
1791590835.7789454,0.028531135991215706,766877696,0,0,85017493504,0,0,,0,100177678336,121150771200,0
1791590835.9792507,0.028753161430358887,782929920,0,0,85017493504,0,0,,0,100193767424,121150771200,0
1791590836.1803217,0.029736889526247978,783372288,0,0,85017493504,0,0,,0,100194107392,121150771200,0
1791590836.3795228,0.02884955145418644,785014784,0,0,85017493504,0,0,,0,100195377152,121150771200,0
1791590836.5796425,0.028889602050185204,785899520,0,0,85017493504,0,0,,0,100196438016,121150771200,0
1791590836.780033,0.029199281707406044,786587648,0,0,85017493504,0,0,,0,100197011456,121150771200,0
1791590836.9821365,0.03122071363031864,786669568,0,0,85017493504,0,0,,0,100197359616,121150771200,0
1791590837.180083,0.029081521555781364,786690048,0,0,85017493504,0,0,,0,100196564992,121150771200,0
1791590837.3793538,0.02826792001724243,786702336,0,0,85017493504,0,0,,0,100196646912,121150771200,0
1791590837.5791051,0.027933144941926003,786702336,0,0,85017493504,0,0,,0,100196483072,121150771200,0
1791590837.7793283,0.02807653695344925,786702336,0,0,85017493504,0,0,,0,100196503552,121150771200,0
1791590837.9790363,0.0277042705565691,786694144,0,0,85017493504,0,0,,0,100196474880,121150771200,0
1791590838.1808946,0.029470078647136688,790077440,0,0,85017493504,0,0,,0,100200960000,121150070784,0
1791590838.3826444,0.031139755621552467,790089728,0,0,85017493504,0,0,,0,100200914944,121150070784,0
1791590838.5815477,0.029963135719299316,790097920,0,0,85017493504,0,0,,0,100200996864,121150070784,0
1791590838.781073,0.029395129531621933,790507520,0,0,85017493504,0,0,,0,100202061824,121150070784,0
1791590838.9834487,0.031616196036338806,791814144,0,0,85017493504,0,0,,0,100202766336,121150070784,0
1791590839.18063,0.028716381639242172,792588288,0,0,85017493504,0,0,,0,100203376640,121150070784,0
1791590839.3814087,0.029409967362880707,792666112,0,0,85017493504,0,0,,0,100203417600,121150070784,0
1791590839.580064,0.027980022132396698,792199168,0,0,85017493504,0,0,,0,100203008000,121150070784,0
1791590839.7810266,0.02886269986629486,792199168,0,0,85017493504,0,0,,0,100203261952,121150070784,0
1791590839.9817376,0.02949712797999382,792199168,0,0,85017493504,0,0,,0,100203098112,121150070784,0
1791590840.1863296,0.03400465473532677,792612864,0,0,85017493504,0,0,,0,100203692032,121150070784,0
1791590840.3824286,0.030018143355846405,793231360,0,0,85017493504,0,0,,0,100204744704,121150070784,0
1791590840.5809777,0.028476666659116745,793755648,0,0,85017493504,0,0,,0,100205203456,121150070784,0
1791590840.7822144,0.029620379209518433,781611008,0,0,85017493504,0,0,,0,100194656256,121149116416,0
1791590840.9832683,0.030600033700466156,790192128,0,0,85017493504,0,0,,0,100202778624,121149116416,0
1791590841.1814184,0.028661904856562614,790839296,0,0,85017493504,0,0,,0,100203053056,121149116416,0
1791590841.3830123,0.030166711658239365,791994368,0,0,85017493504,0,0,,0,100204642304,121149116416,0
1791590841.5827663,0.02983466535806656,793133056,0,0,85017493504,0,0,,0,100205428736,121149116416,0
1791590841.7797177,0.02670479007065296,793907200,0,0,85017493504,0,0,,0,100206010368,121149116416,0
1791590841.9811707,0.028062501922249794,795086848,0,0,85017493504,0,0,,0,100207407104,121149116416,0
1791590842.1834047,0.030178243294358253,795086848,0,0,85017493504,0,0,,0,100207378432,121149116416,0
1791590842.3819177,0.028599949553608894,795086848,0,0,85017493504,0,0,,0,100207464448,121149116416,0
1791590842.580919,0.02751689963042736,795086848,0,0,85017493504,0,0,,0,100207456256,121149116416,0
1791590842.7796996,0.026215912774205208,795086848,0,0,85017493504,0,0,,0,100207480832,121149112320,0
1791590842.9795213,0.02595692314207554,795086848,0,0,85017493504,0,0,,0,100207263744,121149112320,0
1791590843.1832561,0.029579531401395798,795090944,0,0,85017493504,0,0,,0,100207337472,121149112320,0
1791590843.3822417,0.02848266437649727,795271168,0,0,85017493504,0,0,,0,100207697920,121149112320,0
1791590843.5815332,0.027685385197401047,795267072,0,0,85017493504,0,0,,0,100207693824,121149112320,0
1791590843.783622,0.029690910130739212,795275264,0,0,85017493504,0,0,,0,100207550464,121149112320,0
1791590843.983339,0.029322277754545212,796377088,0,0,85017493504,0,0,,0,100208463872,121149112320,0
1791590844.1811078,0.027010422199964523,796377088,0,0,85017493504,0,0,,0,100208467968,121149112320,0
1791590844.3777194,0.023477286100387573,796028928,0,0,85017493504,0,0,,0,100207972352,121149112320,0
1791590844.5898442,0.035521144047379494,797069312,0,0,85017493504,0,0,,0,100208902144,121149112320,0
1791590844.7788455,0.024440240114927292,797065216,0,0,85017493504,0,0,,0,100208889856,121149112320,0
1791590844.9810371,0.02655087411403656,772075520,0,0,85017493504,0,0,,0,100184829952,121148313600,0
1791590845.1817234,0.027156850323081017,789127168,0,0,85017493504,0,0,,0,100202205184,121148313600,0
1791590845.3818083,0.02715485543012619,790835200,0,0,85017493504,0,0,,0,100204396544,121148313600,0
1791590845.5843954,0.0296306274831295,792240128,0,0,85017493504,0,0,,0,100205752320,121148313600,0
1791590845.7835503,0.02870357781648636,792268800,0,0,85017493504,0,0,,0,100205842432,121148313600,0
1791590845.984565,0.02963210828602314,792440832,0,0,85017493504,0,0,,0,100205756416,121148313600,0
1791590846.1822042,0.027179740369319916,792481792,0,0,85017493504,0,0,,0,100205428736,121148313600,0
1791590846.379856,0.024747608229517937,794202112,0,0,85017493504,0,0,,0,100207288320,121148313600,0
1791590846.58065,0.025416865944862366,794206208,0,0,85017493504,0,0,,0,100206948352,121148313600,0
1791590846.781134,0.025815077126026154,794222592,0,0,85017493504,0,0,,0,100206964736,121148309504,0
1791590846.984757,0.02935703657567501,794222592,0,0,85017493504,0,0,,0,100206829568,121148309504,0
1791590847.1843405,0.02885356731712818,796233728,0,0,85017493504,0,0,,0,100209205248,121148309504,0
1791590847.383201,0.027628345414996147,797319168,0,0,85017493504,0,0,,0,100209897472,121148309504,0
1791590847.5850382,0.029383696615695953,798695424,0,0,85017493504,0,0,,0,100211576832,121148309504,0
1791590847.7831259,0.027387527748942375,798269440,0,0,85017493504,0,0,,0,100211412992,121148309504,0
1791590847.985791,0.02997160144150257,798269440,0,0,85017493504,0,0,,0,100211421184,121148309504,0
1791590848.1853125,0.029409823939204216,790663168,0,0,85017493504,0,0,,0,100204957696,121147445248,0
1791590848.3833573,0.027370447292923927,792907776,0,0,85017493504,0,0,,0,100207259648,121147445248,0
1791590848.5828867,0.026815252378582954,793690112,0,0,85017493504,0,0,,0,100207960064,121147445248,0
1791590848.7829657,0.026812411844730377,794492928,0,0,85017493504,0,0,,0,100208635904,121147445248,0
1791590848.9838493,0.027614500373601913,794722304,0,0,85017493504,0,0,,0,100208795648,121147445248,0
1791590849.1861007,0.02978679910302162,795758592,0,0,85017493504,0,0,,0,100209823744,121147445248,0
1791590849.384772,0.02837671898305416,795959296,0,0,85017493504,0,0,,0,100210180096,121147445248,0
1791590849.5853558,0.028877241536974907,796053504,0,0,85017493504,0,0,,0,100210442240,121147445248,0
1791590849.7840865,0.027525804936885834,796180480,0,0,85017493504,0,0,,0,100210491392,121147445248,0
1791590849.9868011,0.03016265295445919,796180480,0,0,85017493504,0,0,,0,100210573312,121147445248,0
1791590850.1849694,0.02824839949607849,796180480,0,0,85017493504,0,0,,0,100210655232,121147445248,0
1791590850.384457,0.0276331789791584,790933504,0,0,85017493504,0,0,,0,100205301760,121147445248,0
1791590850.5855715,0.028664937242865562,791113728,0,0,85017493504,0,0,,0,100205502464,121147445248,0
1791590850.7861176,0.029129192233085632,791457792,0,0,85017493504,0,0,,0,100205445120,121147441152,0
1791590850.986537,0.029461069032549858,791461888,0,0,85017493504,0,0,,0,100205535232,121147441152,0
1791590851.1835566,0.02639087103307247,791461888,0,0,85017493504,0,0,,0,100205420544,121147441152,0
1791590851.387604,0.030349962413311005,791453696,0,0,85017493504,0,0,,0,100205174784,121147441152,0
1791590851.5856135,0.028276508674025536,791625728,0,0,85017493504,0,0,,0,100205268992,121147441152,0
1791590851.7874181,0.029999680817127228,791625728,0,0,85017493504,0,0,,0,100205162496,121147441152,0
1791590851.9846137,0.027111228555440903,791629824,0,0,85017493504,0,0,,0,100205309952,121147441152,0
1791590852.1844132,0.02683858759701252,791629824,0,0,85017493504,0,0,,0,100205518848,121147441152,0
1791590852.3846111,0.026955483481287956,786079744,0,0,85017493504,0,0,,0,100200861696,121146564608,0
1791590852.585964,0.02822287753224373,785739776,0,0,85017493504,0,0,,0,100200538112,121146564608,0
1791590852.7849965,0.02717423439025879,787009536,0,0,85017493504,0,0,,0,100201406464,121146564608,0
1791590852.9850836,0.027180401608347893,787087360,0,0,85017493504,0,0,,0,100201459712,121146564608,0
1791590853.1850793,0.027065886184573174,787763200,0,0,85017493504,0,0,,0,100202582016,121146564608,0
1791590853.3843133,0.02621835097670555,790224896,0,0,85017493504,0,0,,0,100204752896,121146564608,0
1791590853.5875626,0.029332982376217842,793530368,0,0,85017493504,0,0,,0,100208451584,121146564608,0
1791590853.7868533,0.02854105830192566,793571328,0,0,85017493504,0,0,,0,100208545792,121146564608,0
1791590853.9871895,0.028795670717954636,793571328,0,0,85017493504,0,0,,0,100208422912,121146564608,0
1791590854.185689,0.027202483266592026,793722880,0,0,85017493504,0,0,,0,100208533504,121146564608,0
1791590854.386479,0.027909591794013977,794046464,0,0,85017493504,0,0,,0,100208775168,121146564608,0
1791590854.5835297,0.0248760636895895,793907200,0,0,85017493504,0,0,,0,100208660480,121146564608,0
1791590854.7830303,0.024294903501868248,794120192,0,0,85017493504,0,0,,0,100208889856,121146564608,0
1791590854.9872649,0.02844572439789772,796393472,0,0,85017493504,0,0,,0,100210499584,121146564608,0
1791590855.1852844,0.02638077549636364,796610560,0,0,85017493504,0,0,,0,100211118080,121146564608,0
1791590855.3859136,0.026926463469862938,796794880,0,0,85017493504,0,0,,0,100211462144,121146564608,0
1791590855.589453,0.030386444181203842,797847552,0,0,85017493504,0,0,,0,100212563968,121146564608,0
1791590855.7887733,0.0296261515468359,807874560,0,0,85017493504,0,0,,0,100223025152,121146564608,0
1791590855.9883587,0.029128124937415123,807575552,0,0,85017493504,0,0,,0,100222468096,121146564608,0
1791590856.1882217,0.02890959568321705,765386752,0,0,85017493504,0,0,,0,100181229568,121145708544,0
1791590856.3838632,0.024468179792165756,787701760,0,0,85017493504,0,0,,0,100203331584,121145708544,0
1791590856.5833998,0.023924238979816437,787783680,0,0,85017493504,0,0,,0,100203425792,121145708544,0
1791590856.7866287,0.027070362120866776,789250048,0,0,85017493504,0,0,,0,100204838912,121145708544,0
1791590856.9882553,0.02861686423420906,792711168,0,0,85017493504,0,0,,0,100207869952,121145708544,0
1791590857.1897264,0.03000579960644245,797110272,0,0,85017493504,0,0,,0,100211851264,121145708544,0
1791590857.3882232,0.028422895818948746,797134848,0,0,85017493504,0,0,,0,100211900416,121145708544,0
1791590857.586859,0.0269736647605896,797134848,0,0,85017493504,0,0,,0,100211986432,121145708544,0
1791590857.7888925,0.028925208374857903,797245440,0,0,85017493504,0,0,,0,100212260864,121145708544,0
1791590857.989135,0.029082780703902245,797249536,0,0,85017493504,0,0,,0,100212621312,121145708544,0
1791590858.1892738,0.029137635603547096,797315072,0,0,85017493504,0,0,,0,100212555776,121145708544,0
1791590858.385958,0.025741489604115486,797229056,0,0,85017493504,0,0,,0,100212236288,121145708544,0
1791590858.5867722,0.026473799720406532,797229056,0,0,85017493504,0,0,,0,100212260864,121145708544,0
1791590858.78894,0.02855779603123665,799145984,0,0,85017493504,0,0,,0,100214439936,121145708544,0
1791590858.9890587,0.028595836833119392,814190592,0,0,85017493504,0,0,,0,100229206016,121145704448,0
1791590859.1893468,0.02879670262336731,826290176,0,0,85017493504,0,0,,0,100241485824,121145704448,0
1791590859.3903158,0.02967964857816696,828018688,0,0,85017493504,0,0,,0,100242997248,121145704448,0
1791590859.588073,0.027349872514605522,826220544,0,0,85017493504,0,0,,0,100241207296,121145704448,0
1791590859.7863688,0.02556302212178707,826224640,0,0,85017493504,0,0,,0,100241207296,121145704448,0
1791590859.9879,0.027013881132006645,826216448,0,0,85017493504,0,0,,0,100241137664,121145704448,0
1791590860.1884668,0.02748255990445614,826216448,0,0,85017493504,0,0,,0,100241137664,121145704448,0
1791590860.3882594,0.027193088084459305,782307328,0,0,85017493504,0,0,,0,100198375424,121144778752,0
1791590860.5877671,0.026608038693666458,785723392,0,0,85017493504,0,0,,0,100201664512,121144778752,0
1791590860.7872386,0.02600000984966755,787021824,0,0,85017493504,0,0,,0,100202991616,121144778752,0
1791590860.990154,0.028835156932473183,787521536,0,0,85017493504,0,0,,0,100203503616,121144778752,0
1791590861.1901033,0.02870050072669983,787554304,0,0,85017493504,0,0,,0,100203859968,121144778752,0
1791590861.390881,0.029394501820206642,787554304,0,0,85017493504,0,0,,0,100203864064,121144778752,0
1791590861.591083,0.029512617737054825,787582976,0,0,85017493504,0,0,,0,100203941888,121144778752,0
1791590861.7889793,0.027319232001900673,787656704,0,0,85017493504,0,0,,0,100203909120,121144778752,0
1791590861.9917016,0.02995494194328785,787656704,0,0,85017493504,0,0,,0,100203974656,121144778752,0
1791590862.191892,0.030062876641750336,788815872,0,0,85017493504,0,0,,0,100204830720,121144778752,0
1791590862.3876388,0.02572900988161564,788877312,0,0,85017493504,0,0,,0,100205051904,121144778752,0
1791590862.5886245,0.026617592200636864,790155264,0,0,85017493504,0,0,,0,100206133248,121144778752,0
1791590862.7923932,0.03030603937804699,790155264,0,0,85017493504,0,0,,0,100205629440,121144778752,0
1791590862.991581,0.029411140829324722,790319104,0,0,85017493504,0,0,,0,100205805568,121144778752,0
1791590863.188833,0.026577817276120186,790319104,0,0,85017493504,0,0,,0,100205629440,121144778752,0
1791590863.391795,0.029452785849571228,781398016,0,0,85017493504,0,0,,0,100197408768,121144012800,0
1791590863.5910926,0.02866094745695591,781479936,0,0,85017493504,0,0,,0,100197511168,121144012800,0
1791590863.7910867,0.028565501794219017,782495744,0,0,85017493504,0,0,,0,100198453248,121144012800,0
1791590863.9916706,0.029045728966593742,783388672,0,0,85017493504,0,0,,0,100199297024,121144012800,0
1791590864.1900914,0.027382275089621544,784429056,0,0,85017493504,0,0,,0,100200673280,121144012800,0
1791590864.389596,0.0267967376857996,784465920,0,0,85017493504,0,0,,0,100200472576,121144012800,0
1791590864.5920107,0.029129652306437492,784478208,0,0,85017493504,0,0,,0,100200550400,121144012800,0
1791590864.790745,0.02777646854519844,784478208,0,0,85017493504,0,0,,0,100200570880,121144012800,0
1791590864.9933066,0.03025387041270733,784478208,0,0,85017493504,0,0,,0,100200640512,121144012800,0
1791590865.1921995,0.029066001996397972,786042880,0,0,85017493504,0,0,,0,100202172416,121144012800,0
1791590865.3933306,0.030115148052573204,762208256,0,0,85017493504,0,0,,0,100179398656,121143255040,0
1791590865.5904696,0.027170294895768166,769617920,0,0,85017493504,0,0,,0,100186972160,121143255040,0
1791590865.7929626,0.029582276940345764,769626112,0,0,85017493504,0,0,,0,100187344896,121143255040,0
1791590865.9933126,0.029849490150809288,769658880,0,0,85017493504,0,0,,0,100187443200,121143255040,0
1791590866.1898544,0.026305267587304115,769691648,0,0,85017493504,0,0,,0,100187418624,121143255040,0
1791590866.392761,0.02912924997508526,769826816,0,0,85017493504,0,0,,0,100187496448,121143255040,0
1791590866.591531,0.027816977351903915,769888256,0,0,85017493504,0,0,,0,100187652096,121143255040,0
1791590866.7940376,0.030217939987778664,771211264,0,0,85017493504,0,0,,0,100189298688,121142861824,0
1791590866.9914446,0.027541592717170715,781762560,0,0,85017493504,0,0,,0,100199817216,121142857728,0
1791590867.192548,0.02856886014342308,781811712,0,0,85017493504,0,0,,0,100199677952,121142857728,0
1791590867.3948793,0.03081837296485901,782663680,0,0,85017493504,0,0,,0,100201078784,121142857728,0
1791590867.5930412,0.02888474613428116,783282176,0,0,85017493504,0,0,,0,100200988672,121142857728,0
1791590867.7932992,0.029054563492536545,783601664,0,0,85017493504,0,0,,0,100200894464,121142857728,0
1791590867.9928584,0.0285304207354784,783613952,0,0,85017493504,0,0,,0,100200976384,121142857728,0
1791590868.192949,0.028539668768644333,783618048,0,0,85017493504,0,0,,0,100201283584,121142857728,0
1791590868.3936324,0.02914656512439251,783626240,0,0,85017493504,0,0,,0,100201373696,121142857728,0
1791590868.59463,0.030056143179535866,783626240,0,0,85017493504,0,0,,0,100201193472,121142857728,0
1791590868.7930653,0.028410213068127632,783626240,0,0,85017493504,0,0,,0,100201037824,121142857728,0
1791590868.9946065,0.029871657490730286,783626240,0,0,85017493504,0,0,,0,100200964096,121142857728,0
1791590869.1926537,0.027832144871354103,784150528,0,0,85017493504,0,0,,0,100201541632,121142857728,0
1791590869.4188128,0.05390545167028904,784150528,0,0,85017493504,0,0,,0,100201635840,121142857728,0
1791590869.597036,0.03204079531133175,672280576,0,0,85017493504,0,0,,0,99647684608,121134956544,0
1791590869.7929835,0.02790301851928234,187207680,0,0,85017493504,0,0,,0,99627704320,121179840512,0
1791590869.9941711,0.029001999646425247,315265024,0,0,85017493504,0,0,,0,99700998144,121179840512,0
1791590870.1928854,0.027625055983662605,356618240,0,0,85017493504,0,0,,0,99739770880,121179840512,0
1791590870.396342,0.030995003879070282,396156928,0,0,85017493504,0,0,,0,99771490304,121179840512,0
1791590870.5953722,0.029936235398054123,435097600,0,0,85017493504,0,0,,0,99806937088,121179832320,0
1791590870.8002055,0.034643542021512985,506077184,0,0,85017493504,0,0,,0,99877175296,121179832320,0
1791590870.9941952,0.028546176850795746,494206976,0,0,85017493504,0,0,,0,99845197824,121179832320,0
1791590871.1955621,0.02982911467552185,522543104,0,0,85017493504,0,0,,0,99855753216,121179832320,0
1791590871.396555,0.030729079619050026,552370176,0,0,85017493504,0,0,,0,99871555584,121179832320,0
1791590871.5933588,0.027449095621705055,565755904,0,0,85017493504,0,0,,0,99883188224,121179832320,0
1791590871.7935379,0.02754157967865467,578351104,0,0,85017493504,0,0,,0,99892670464,121179832320,0
1791590871.9949956,0.028919506818056107,588242944,0,0,85017493504,0,0,,0,99901865984,121179832320,0
1791590872.1959333,0.029770879074931145,606822400,0,0,85017493504,0,0,,0,99920023552,121179832320,0
1791590872.394782,0.028537387028336525,611962880,0,0,85017493504,0,0,,0,99925078016,121179832320,0
1791590872.595953,0.029589764773845673,619925504,0,0,85017493504,0,0,,0,99932192768,121179832320,0
1791590872.798174,0.031718576326966286,627429376,0,0,85017493504,0,0,,0,99939287040,121179832320,0
1791590872.9952312,0.02869347669184208,632807424,0,0,85017493504,0,0,,0,99944165376,121179832320,0
1791590873.1958845,0.029264317825436592,641462272,0,0,85017493504,0,0,,0,99951992832,121179832320,0
1791590873.3953528,0.028653312474489212,647409664,0,0,85017493504,0,0,,0,99957547008,121179832320,0
1791590873.596046,0.02926459163427353,665354240,0,0,85017493504,0,0,,0,99975217152,121179832320,0
1791590873.7960439,0.02917400375008583,678027264,0,0,85017493504,0,0,,0,99987881984,121179832320,0
1791590873.9960845,0.02913316898047924,682369024,0,0,85017493504,0,0,,0,99992170496,121179832320,0
1791590874.1939178,0.026883967220783234,689602560,0,0,85017493504,0,0,,0,99999215616,121179832320,0
1791590874.39598,0.028878362849354744,705282048,0,0,85017493504,0,0,,0,100014739456,121179832320,0
1791590874.5939553,0.02673346735537052,717131776,0,0,85017493504,0,0,,0,100026298368,121179832320,0
1791590874.7979128,0.030581384897232056,727924736,0,0,85017493504,0,0,,0,100036612096,121179832320,0
1791590874.9980986,0.030648935586214066,742412288,0,0,85017493504,0,0,,0,100050907136,121179832320,0
1791590875.1944184,0.02688506804406643,755159040,0,0,85017493504,0,0,,0,100063285248,121179828224,0
1791590875.391284,0.02368156798183918,769187840,0,0,85017493504,0,0,,0,100075798528,121179828224,0
1791590875.5982296,0.03053750842809677,786427904,0,0,85017493504,0,0,,0,100093042688,121179824128,0
1791590875.7981434,0.030342791229486465,800604160,0,0,85017493504,0,0,,0,100106563584,121179824128,0
1791590875.9963474,0.02844790741801262,812900352,0,0,85017493504,0,0,,0,100118597632,121179824128,0
1791590876.1952589,0.027266589924693108,824205312,0,0,85017493504,0,0,,0,100129263616,121179824128,0
1791590876.395703,0.02762969210743904,844525568,0,0,85017493504,0,0,,0,100149551104,121179824128,0
1791590876.5963712,0.0282153133302927,859090944,0,0,85017493504,0,0,,0,100164014080,121179824128,0
1791590876.799899,0.031659262254834175,870129664,0,0,85017493504,0,0,,0,100174770176,121179824128,0
1791590876.9988155,0.03041844442486763,885219328,0,0,85017493504,0,0,,0,100190195712,121179824128,0
1791590877.1954584,0.026960967108607292,905506816,0,0,85017493504,0,0,,0,100210528256,121179824128,0
1791590877.3983142,0.029725970700383186,918401024,0,0,85017493504,0,0,,0,100223037440,121179824128,0
1791590877.5961394,0.027456238865852356,933539840,0,0,85017493504,0,0,,0,100238057472,121179824128,0
1791590877.7973776,0.028574742376804352,947953664,0,0,85017493504,0,0,,0,100252524544,121179824128,0
1791590877.9975479,0.02864772081375122,961310720,0,0,85017493504,0,0,,0,100266156032,121179824128,0
1791590878.2011054,0.03208456374704838,973639680,0,0,85017493504,0,0,,0,100278763520,121179824128,0
1791590878.3969991,0.027890784665942192,1006415872,0,0,85017493504,0,0,,0,100312027136,121179824128,0
1791590878.6017354,0.03251861222088337,1020526592,0,0,85017493504,0,0,,0,100325441536,121179824128,0
1791590878.800562,0.03122640959918499,1044496384,0,0,85017493504,0,0,,0,100349825024,121179824128,0
1791590878.997465,0.028040587902069092,1055137792,0,0,85017493504,0,0,,0,100360052736,121179824128,0
1791590879.1991673,0.02965725027024746,1071132672,0,0,85017493504,0,0,,0,100376039424,121179824128,0
1791590879.3984272,0.028791818767786026,1091608576,0,0,85017493504,0,0,,0,100396412928,121179824128,0
1791590879.5978076,0.028079109266400337,1096245248,0,0,85017493504,0,0,,0,100400758784,121179693056,0
1791590879.8016489,0.03182506561279297,1098715136,0,0,85017493504,0,0,,0,100402933760,121179103232,0
1791590880.0011604,0.031210806220769882,1125015552,0,0,85017493504,0,0,,0,100421513216,121179103232,0
1791590880.1987765,0.02873457595705986,1136328704,0,0,85017493504,0,0,,0,100431654912,121179103232,0
1791590880.4012454,0.031110424548387527,1141071872,0,0,85017493504,0,0,,0,100436488192,121179103232,0
1791590880.6024177,0.03215979225933552,1148305408,0,0,85017493504,0,0,,0,100443869184,121179103232,0
1791590880.7993507,0.028980210423469543,1155502080,0,0,85017493504,0,0,,0,100450902016,121179103232,0
1791590881.0007572,0.030273521319031715,1163919360,0,0,85017493504,0,0,,0,100458622976,121179103232,0
1791590881.2015746,0.03097233548760414,1177722880,0,0,85017493504,0,0,,0,100471259136,121179103232,0
1791590881.398119,0.027450956404209137,1181036544,0,0,85017493504,0,0,,0,100474290176,121179103232,0
1791590881.5983276,0.027575023472309113,1190612992,0,0,85017493504,0,0,,0,100485611520,121175760896,0
1791590881.7987707,0.027898047119379044,1196339200,0,0,85017493504,0,0,,0,100493189120,121171435520,0
1791590881.9987237,0.02774401754140854,1201872896,0,0,85017493504,0,0,,0,100499980288,121171435520,0
1791590882.2031922,0.03212542273104191,1216561152,0,0,85017493504,0,0,,0,100514635776,121171435520,0
1791590882.4024937,0.03122268058359623,1219571712,0,0,85017493504,0,0,,0,100517572608,121171435520,0
1791590882.6011221,0.029727736487984657,1227005952,0,0,85017493504,0,0,,0,100525170688,121171435520,0
1791590882.8017428,0.030243121087551117,1229504512,0,0,85017493504,0,0,,0,100527517696,121171435520,0
1791590883.002137,0.030519235879182816,1235263488,0,0,85017493504,0,0,,0,100533379072,121171435520,0
1791590883.2024438,0.030715100467205048,1246650368,0,0,85017493504,0,0,,0,100544565248,121171431424,0
1791590883.4015641,0.029720762744545937,1250951168,0,0,85017493504,0,0,,0,100548923392,121171431424,0
1791590883.6023211,0.030367540195584297,1257222144,0,0,85017493504,0,0,,0,100555071488,121171431424,0
1791590883.8007803,0.028742890805006027,1271812096,0,0,85017493504,0,0,,0,100569624576,121171431424,0
1791590883.9992437,0.02712457813322544,1278734336,0,0,85017493504,0,0,,0,100575666176,121171431424,0
1791590884.1975996,0.025400444865226746,1284206592,0,0,85017493504,0,0,,0,100581261312,121171431424,0
1791590884.3976393,0.025361141189932823,1290452992,0,0,85017493504,0,0,,0,100587356160,121171431424,0
1791590884.5991862,0.02683006040751934,1326366720,0,0,85017493504,0,0,,0,100627750912,121162977280,0
1791590884.79798,0.025548703968524933,1368584192,0,0,85017493504,0,0,,0,100667658240,121162977280,0
1791590884.9983585,0.02584931254386902,1389301760,0,0,85017493504,0,0,,0,100688072704,121162977280,0
1791590885.2016318,0.029046079143881798,1405779968,0,0,85017493504,0,0,,0,100704137216,121162977280,0
1791590885.4017346,0.029070237651467323,1414905856,0,0,85017493504,0,0,,0,100713394176,121162977280,0
1791590885.600663,0.027915237471461296,1429204992,0,0,85017493504,0,0,,0,100727361536,121162977280,0
1791590885.799221,0.026390912011265755,1451524096,0,0,85017493504,0,0,,0,100746010624,121162977280,0
1791590885.999437,0.02652658149600029,1465303040,0,0,85017493504,0,0,,0,100759474176,121162977280,0
1791590886.1995566,0.026558438315987587,1479532544,0,0,85017493504,0,0,,0,100773765120,121162977280,0
1791590886.4012449,0.02816716954112053,1490423808,0,0,85017493504,0,0,,0,100784775168,121162977280,0
1791590886.6026227,0.02945636212825775,1507246080,0,0,85017493504,0,0,,0,100799692800,121162977280,0
1791590886.8008046,0.027559475973248482,1512480768,0,0,85017493504,0,0,,0,100805054464,121162977280,0
1791590887.0000615,0.02672993205487728,1529106432,0,0,85017493504,0,0,,0,100821864448,121162977280,0
1791590887.202681,0.02926933951675892,1550336000,0,0,85017493504,0,0,,0,100843786240,121162977280,0
1791590887.4019775,0.02847614325582981,1588027392,0,0,85017493504,0,0,,0,100880494592,121162977280,0
1791590887.6006188,0.027032019570469856,1609109504,0,0,85017493504,0,0,,0,100901445632,121162977280,0
1791590887.803548,0.029879646375775337,1626767360,0,0,85017493504,0,0,,0,100918767616,121162977280,0
1791590888.0003328,0.026586323976516724,1631715328,0,0,85017493504,0,0,,0,100907773952,121179688960,0
1791590888.1979885,0.024163398891687393,1656913920,0,0,85017493504,0,0,,0,100930916352,121179688960,0
1791590888.4064448,0.0325011033564806,1696759808,0,0,85017493504,0,0,,0,100966785024,121179688960,0
1791590888.6030822,0.029022159054875374,1738059776,0,0,85017493504,0,0,,0,101007695872,121179688960,0
1791590888.8027396,0.0286105964332819,1751912448,0,0,85017493504,0,0,,0,101019062272,121179688960,0
1791590889.0010676,0.026841282844543457,1752576000,0,0,85017493504,0,0,,0,101019004928,121179688960,0
1791590889.2003706,0.02604581229388714,1752842240,0,0,85017493504,0,0,,0,101018533888,121179688960,0
1791590889.4001436,0.02572820335626602,1752965120,0,0,85017493504,0,0,,0,101018767360,121179688960,0
1791590889.603571,0.029064452275633812,1753239552,0,0,85017493504,0,0,,0,101018857472,121179688960,0
1791590889.8046691,0.030079221352934837,1753247744,0,0,85017493504,0,0,,0,101019467776,121179688960,0
1791590890.0021365,0.027462879195809364,1753374720,0,0,85017493504,0,0,,0,101019316224,121179688960,0
1791590890.2054904,0.030712801963090897,1753473024,0,0,85017493504,0,0,,0,101019451392,121179688960,0
1791590890.4025257,0.027659542858600616,1753821184,0,0,85017493504,0,0,,0,101019324416,121179688960,0
1791590890.6039999,0.029042895883321762,1753960448,0,0,85017493504,0,0,,0,101019303936,121179688960,0
1791590890.804673,0.029618985950946808,1754181632,0,0,85017493504,0,0,,0,101018935296,121179688960,0
1791590891.0019028,0.026744000613689423,1754202112,0,0,85017493504,0,0,,0,101019254784,121179688960,0
1791590891.2013414,0.026096750050783157,1754222592,0,0,85017493504,0,0,,0,101018664960,121179623424,0
1791590891.40343,0.028101541101932526,1754202112,0,0,85017493504,0,0,,0,101018808320,121179623424,0
1791590891.6053205,0.02990056201815605,1754230784,0,0,85017493504,0,0,,0,101019172864,121179623424,0
1791590891.8028438,0.02732733078300953,1754316800,0,0,85017493504,0,0,,0,101018714112,121179623424,0
1791590892.003823,0.028221076354384422,1754341376,0,0,85017493504,0,0,,0,101019062272,121179623424,0
1791590892.2057815,0.030066432431340218,1754357760,0,0,85017493504,0,0,,0,101019144192,121179623424,0
1791590892.4037883,0.027982143685221672,1754374144,0,0,85017493504,0,0,,0,101019250688,121179623424,0
1791590892.6055484,0.029654687270522118,1754390528,0,0,85017493504,0,0,,0,101019308032,121179623424,0
1791590892.8042831,0.02830502763390541,1754406912,0,0,85017493504,0,0,,0,101019287552,121179623424,0
1791590893.00641,0.030348708853125572,1758117888,0,0,85017493504,0,0,,0,101023031296,121179623424,0
1791590893.2030544,0.026909183710813522,1758130176,0,0,85017493504,0,0,,0,101023125504,121179623424,0
1791590893.4030423,0.026814794167876244,1761374208,0,0,85017493504,0,0,,0,101025939456,121179623424,0
1791590893.605566,0.029239004477858543,1776934912,0,0,85017493504,0,0,,0,101041295360,121179623424,0
1791590893.8053858,0.028976069763302803,1668640768,0,0,85017493504,0,0,,0,100932493312,121179623424,0
1791590894.007059,0.030567575246095657,1694834688,0,0,85017493504,0,0,,0,100958302208,121179623424,0
1791590894.2070584,0.030474990606307983,1705947136,0,0,85017493504,0,0,,0,100968927232,121179623424,0
1791590894.4077842,0.031092217192053795,1706029056,0,0,85017493504,0,0,,0,100969148416,121179623424,0
1791590894.604819,0.028013428673148155,1706102784,0,0,85017493504,0,0,,0,100969119744,121179623424,0
1791590894.8052301,0.02834293805062771,1706102784,0,0,85017493504,0,0,,0,100969197568,121179623424,0
1791590895.0033882,0.026419121772050858,1706172416,0,0,85017493504,0,0,,0,100969283584,121179623424,0
1791590895.202656,0.025606652721762657,1706172416,0,0,85017493504,0,0,,0,100969058304,121179623424,0
1791590895.4055235,0.02839268185198307,1706369024,0,0,85017493504,0,0,,0,100968816640,121179623424,0
1791590895.6059954,0.028771020472049713,1706508288,0,0,85017493504,0,0,,0,100968800256,121179623424,0
1791590895.8064497,0.02914387173950672,1706827776,0,0,85017493504,0,0,,0,100968673280,121179623424,0
1791590896.0046308,0.027229459956288338,1706893312,0,0,85017493504,0,0,,0,100968456192,121179623424,0
1791590896.2042189,0.026744941249489784,1706897408,0,0,85017493504,0,0,,0,100968558592,121179623424,0
1791590896.4075189,0.029961349442601204,1707040768,0,0,85017493504,0,0,,0,100968566784,121179623424,0
1791590896.6061165,0.028478210791945457,1711001600,0,0,85017493504,0,0,,0,100972388352,121179623424,0
1791590896.8048632,0.027136625722050667,1673007104,0,0,85017493504,0,0,,0,100934135808,121179623424,0
1791590897.0088139,0.030976584181189537,1689677824,0,0,85017493504,0,0,,0,100950994944,121179623424,0
1791590897.2061646,0.028223825618624687,1717985280,0,0,85017493504,0,0,,0,100979773440,121179623424,0
1791590897.4121351,0.034129004925489426,1714352128,0,0,85017493504,0,0,,0,100976148480,121179623424,0
1791590897.6029348,0.024831492453813553,1714348032,0,0,85017493504,0,0,,0,100976218112,121179623424,0
1791590897.8075607,0.029317639768123627,1714348032,0,0,85017493504,0,0,,0,100975882240,121179623424,0
1791590898.0033216,0.02497382089495659,1714343936,0,0,85017493504,0,0,,0,100975296512,121179623424,0
1791590898.2081912,0.029770033434033394,1714343936,0,0,85017493504,0,0,,0,100975304704,121179623424,0
1791590898.4136324,0.03512107394635677,1714343936,0,0,85017493504,0,0,,0,100975579136,121179623424,0
1791590898.6117666,0.03316514566540718,1714343936,0,0,85017493504,0,0,,0,100975677440,121179623424,0
1791590898.8087654,0.03005928173661232,1715404800,0,0,85017493504,0,0,,0,100976697344,121179623424,0
1791590899.0087254,0.029915692284703255,1715412992,0,0,85017493504,0,0,,0,100976599040,121179623424,0
1791590899.2159598,0.03706350550055504,1715412992,0,0,85017493504,0,0,,0,100976697344,121179623424,0
1791590899.4087355,0.029745295643806458,1715412992,0,0,85017493504,0,0,,0,100976943104,121179623424,0
1791590899.6088626,0.02978421188890934,1715412992,0,0,85017493504,0,0,,0,100976721920,121179623424,0
1791590899.8079743,0.02880697511136532,1715412992,0,0,85017493504,0,0,,0,100976525312,121179623424,0
1791590900.0082395,0.028984710574150085,1715392512,0,0,85017493504,0,0,,0,100976467968,121179623424,0
1791590900.210937,0.03158879280090332,1719050240,0,0,85017493504,0,0,,0,100980215808,121179623424,0
1791590900.4092953,0.029857058078050613,1675304960,0,0,85017493504,0,0,,0,100936585216,121179623424,0
1791590900.6084979,0.028961991891264915,1691262976,0,0,85017493504,0,0,,0,100952465408,121179623424,0
1791590900.808902,0.029276518151164055,1716715520,0,0,85017493504,0,0,,0,100977917952,121179623424,0
1791590901.0087175,0.02900310419499874,1714135040,0,0,85017493504,0,0,,0,100975038464,121179623424,0
1791590901.2077472,0.027950182557106018,1714143232,0,0,85017493504,0,0,,0,100974981120,121179623424,0
1791590901.4100447,0.03015776351094246,1714155520,0,0,85017493504,0,0,,0,100974944256,121179623424,0
1791590901.6095104,0.02954082377254963,1714147328,0,0,85017493504,0,0,,0,100975747072,121179623424,0
1791590901.8101609,0.030112044885754585,1714221056,0,0,85017493504,0,0,,0,100975427584,121179623424,0
1791590902.0088103,0.02867230586707592,1714348032,0,0,85017493504,0,0,,0,100975759360,121179623424,0
1791590902.208916,0.02868744172155857,1714348032,0,0,85017493504,0,0,,0,100975796224,121179623424,0
1791590902.4093437,0.02903483808040619,1715785728,0,0,85017493504,0,0,,0,100977192960,121179623424,0
1791590902.6049118,0.024523751810193062,1717239808,0,0,85017493504,0,0,,0,100978851840,121179623424,0
1791590902.8074589,0.026990007609128952,1717309440,0,0,85017493504,0,0,,0,100978782208,121179623424,0
1791590903.0053415,0.02479308657348156,1718325248,0,0,85017493504,0,0,,0,100979339264,121179623424,0
1791590903.2101264,0.029495051130652428,1719320576,0,0,85017493504,0,0,,0,100980469760,121179623424,0
1791590903.410764,0.030051810666918755,1722580992,0,0,85017493504,0,0,,0,100983971840,121179623424,0
1791590903.6106982,0.02989409677684307,1725206528,0,0,85017493504,0,0,,0,100986376192,121179623424,0
1791590903.8093276,0.028436077758669853,1728933888,0,0,85017493504,0,0,,0,100989947904,121179623424,0
1791590904.010171,0.029184360057115555,1678131200,0,0,85017493504,0,0,,0,100939350016,121179623424,0
1791590904.207405,0.026339896023273468,1685262336,0,0,85017493504,0,0,,0,100946604032,121179623424,0
1791590904.411942,0.030790628865361214,1726103552,0,0,85017493504,0,0,,0,100987547648,121179623424,0
1791590904.6107779,0.029508868232369423,1758576640,0,0,85017493504,0,0,,0,101013843968,121179623424,0
1791590904.809627,0.028275717049837112,1751674880,0,0,85017493504,0,0,,0,101013389312,121179623424,0
1791590905.007252,0.025811685249209404,1752002560,0,0,85017493504,0,0,,0,101013331968,121179623424,0
1791590905.207111,0.025584198534488678,1751998464,0,0,85017493504,0,0,,0,101013172224,121179623424,0
1791590905.4064276,0.024815931916236877,1752055808,0,0,85017493504,0,0,,0,101013553152,121179623424,0
1791590905.6053135,0.023622596636414528,1752121344,0,0,85017493504,0,0,,0,101013045248,121179623424,0
1791590905.8096151,0.027841316536068916,1752121344,0,0,85017493504,0,0,,0,101013331968,121179623424,0
1791590906.009385,0.027506157755851746,1752125440,0,0,85017493504,0,0,,0,101012844544,121179623424,0
1791590906.2087367,0.026753753423690796,1752158208,0,0,85017493504,0,0,,0,101012201472,121179623424,0
1791590906.4117832,0.02971835248172283,1752158208,0,0,85017493504,0,0,,0,101012488192,121179623424,0
1791590906.6071582,0.025007309392094612,1752158208,0,0,85017493504,0,0,,0,101012561920,121179623424,0
1791590906.8106074,0.028376396745443344,1752162304,0,0,85017493504,0,0,,0,101012467712,121179623424,0
1791590907.0119398,0.029630180448293686,1752166400,0,0,85017493504,0,0,,0,101012537344,121179623424,0
1791590907.2102113,0.027811257168650627,1752166400,0,0,85017493504,0,0,,0,101012402176,121179623424,0
1791590907.4104323,0.027952253818511963,1752166400,0,0,85017493504,0,0,,0,101012439040,121179623424,0
1791590907.6109123,0.028336530551314354,1752137728,0,0,85017493504,0,0,,0,101012533248,121179623424,0
1791590907.8073647,0.024710379540920258,1752137728,0,0,85017493504,0,0,,0,101012590592,121179623424,0
1791590908.009856,0.02712569758296013,1752137728,0,0,85017493504,0,0,,0,101012688896,121179623424,0
1791590908.20997,0.027133559808135033,1754243072,0,0,85017493504,0,0,,0,101014282240,121179623424,0
1791590908.4096794,0.026762548834085464,1754243072,0,0,85017493504,0,0,,0,101014634496,121179623424,0
1791590908.608756,0.025753533467650414,1754243072,0,0,85017493504,0,0,,0,101014704128,121179623424,0
1791590908.8075118,0.024426158517599106,1754255360,0,0,85017493504,0,0,,0,101014712320,121179623424,0
1791590909.0069373,0.02377365157008171,1754259456,0,0,85017493504,0,0,,0,101014802432,121179623424,0
1791590909.2072618,0.02401631698012352,1757270016,0,0,85017493504,0,0,,0,101017186304,121179623424,0
1791590909.4072402,0.0239124596118927,1757384704,0,0,85017493504,0,0,,0,101017518080,121179623424,0
1791590909.6070652,0.023656003177165985,1758326784,0,0,85017493504,0,0,,0,101018402816,121179623424,0
1791590909.8130898,0.029593972489237785,1763618816,0,0,85017493504,0,0,,0,101023969280,121179623424,0
1791590910.012491,0.028887655586004257,1762975744,0,0,85017493504,0,0,,0,101023318016,121179623424,0
1791590910.2112453,0.02756180427968502,1765793792,0,0,85017493504,0,0,,0,100953247744,121179623424,0
1791590910.4085627,0.02479792758822441,1697480704,0,0,85017493504,0,0,,0,100957552640,121179623424,0
1791590910.6114433,0.02759539894759655,1720647680,0,0,85017493504,0,0,,0,100980572160,121179623424,0
1791590910.8111978,0.027263328433036804,1727320064,0,0,85017493504,0,0,,0,100986892288,121179623424,0
1791590911.0077202,0.023706257343292236,1727393792,0,0,85017493504,0,0,,0,100987052032,121179623424,0
1791590911.207314,0.023215897381305695,1727393792,0,0,85017493504,0,0,,0,100986814464,121179623424,0
1791590911.4135404,0.02931913733482361,1727393792,0,0,85017493504,0,0,,0,100986900480,121179623424,0
1791590911.6131291,0.028820646926760674,1727389696,0,0,85017493504,0,0,,0,100986863616,121179623424,0
1791590911.8140254,0.029633022844791412,1727389696,0,0,85017493504,0,0,,0,100986806272,121179623424,0
1791590912.0114589,0.026962142437696457,1727393792,0,0,85017493504,0,0,,0,100986687488,121179623424,0
1791590912.21279,0.028204767033457756,1727537152,0,0,85017493504,0,0,,0,100987043840,121179623424,0
1791590912.413063,0.028387395665049553,1727717376,0,0,85017493504,0,0,,0,100986839040,121179623424,0
1791590912.6131415,0.028385546058416367,1730621440,0,0,85017493504,0,0,,0,100989394944,121179623424,0
1791590912.812746,0.027873212471604347,1732198400,0,0,85017493504,0,0,,0,100991205376,121179623424,0
1791590913.013535,0.028579823672771454,1733255168,0,0,85017493504,0,0,,0,100992237568,121179623424,0
1791590913.2124434,0.02740081213414669,1735589888,0,0,85017493504,0,0,,0,100994514944,121179623424,0
1791590913.4148169,0.029692644253373146,1737789440,0,0,85017493504,0,0,,0,100996698112,121179623424,0
1791590913.615703,0.030489832162857056,1739878400,0,0,85017493504,0,0,,0,100999143424,121179623424,0
1791590913.81558,0.030235817655920982,1742450688,0,0,85017493504,0,0,,0,101001707520,121179623424,0
1791590914.0142133,0.028755726292729378,1743327232,0,0,85017493504,0,0,,0,101002870784,121179623424,0
1791590914.2182014,0.032632794231176376,1743339520,0,0,85017493504,0,0,,0,101002395648,121179623424,0
1791590914.4135594,0.0278897974640131,1760911360,0,0,85017493504,0,0,,0,101020098560,121179623424,0
1791590914.614249,0.028490908443927765,1697910784,0,0,85017493504,0,0,,0,100957331456,121179623424,0
1791590914.817849,0.0319692138582468,1717157888,0,0,85017493504,0,0,,0,100975960064,121179623424,0
1791590915.0178876,0.03188972733914852,1727033344,0,0,85017493504,0,0,,0,100985958400,121179623424,0
1791590915.2147512,0.028643867000937462,1727041536,0,0,85017493504,0,0,,0,100986052608,121179623424,0
1791590915.4232857,0.037062665447592735,1727053824,0,0,85017493504,0,0,,0,100985741312,121179623424,0
1791590915.6186092,0.032266173511743546,1728118784,0,0,85017493504,0,0,,0,100986871808,121179623424,0
1791590915.815719,0.029261916875839233,1728151552,0,0,85017493504,0,0,,0,100986925056,121179623424,0
1791590916.0150957,0.028533339500427246,1728167936,0,0,85017493504,0,0,,0,100987265024,121179623424,0
1791590916.217708,0.031064394861459732,1728237568,0,0,85017493504,0,0,,0,100987506688,121179623424,0
1791590916.4163494,0.029596973210573196,1730412544,0,0,85017493504,0,0,,0,100988944384,121179623424,0
1791590916.6166131,0.029761144891381264,1729466368,0,0,85017493504,0,0,,0,100987506688,121179623424,0
1791590916.8174834,0.030528143048286438,1728380928,0,0,85017493504,0,0,,0,100986429440,121179623424,0
1791590917.0202193,0.03318382240831852,1725837312,0,0,85017493504,0,0,,0,100984844288,121179623424,0
1791590917.2166896,0.02955106645822525,1725829120,0,0,85017493504,0,0,,0,100984688640,121179623424,0
1791590917.4159634,0.028741201385855675,1726324736,0,0,85017493504,0,0,,0,100985229312,121179623424,0
1791590917.61552,0.028213944286108017,1726083072,0,0,85017493504,0,0,,0,100985126912,121179623424,0
1791590917.8168917,0.02950412407517433,1725693952,0,0,85017493504,0,0,,0,100984803328,121179623424,0
1791590918.0162888,0.028806591406464577,1725612032,0,0,85017493504,0,0,,0,100984320000,121179623424,0
1791590918.2169704,0.029399143531918526,1726468096,0,0,85017493504,0,0,,0,100983361536,121179623424,0
1791590918.4158115,0.028151048347353935,1739665408,0,0,85017493504,0,0,,0,100998701056,121179623424,0
1791590918.6205945,0.03281262516975403,1687629824,0,0,85017493504,0,0,,0,100946604032,121179623424,0
1791590918.8163197,0.028434688225388527,1707278336,0,0,85017493504,0,0,,0,100966555648,121179623424,0
1791590919.0166607,0.0286941509693861,1734828032,0,0,85017493504,0,0,,0,100987875328,121179623424,0
1791590919.2170296,0.028980983421206474,1728253952,0,0,85017493504,0,0,,0,100987412480,121179623424,0
1791590919.41835,0.030214812606573105,1728245760,0,0,85017493504,0,0,,0,100987236352,121179623424,0
1791590919.6170802,0.028862930834293365,1728245760,0,0,85017493504,0,0,,0,100987318272,121179623424,0
1791590919.8176455,0.029322635382413864,1728344064,0,0,85017493504,0,0,,0,100987334656,121179623424,0
1791590920.0171065,0.028701499104499817,1728544768,0,0,85017493504,0,0,,0,100987424768,121179623424,0
1791590920.2182605,0.029770657420158386,1728544768,0,0,85017493504,0,0,,0,100987490304,121179623424,0
1791590920.4172928,0.028710268437862396,1728548864,0,0,85017493504,0,0,,0,100986785792,121179623424,0
1791590920.616618,0.027953144162893295,1728548864,0,0,85017493504,0,0,,0,100986851328,121179623424,0
1791590920.8188303,0.03007877804338932,1730363392,0,0,85017493504,0,0,,0,100988874752,121179623424,0
1791590921.0169046,0.028079640120267868,1730891776,0,0,85017493504,0,0,,0,100989464576,121179623424,0
1791590921.219941,0.031035635620355606,1731940352,0,0,85017493504,0,0,,0,100990607360,121179623424,0
1791590921.4174337,0.028444161638617516,1732919296,0,0,85017493504,0,0,,0,100991930368,121179623424,0
1791590921.6180494,0.028947552666068077,1734705152,0,0,85017493504,0,0,,0,100994252800,121179623424,0
1791590921.8178983,0.028672995045781136,1738661888,0,0,85017493504,0,0,,0,100998287360,121179623424,0
1791590922.0191956,0.029884357005357742,1740460032,0,0,85017493504,0,0,,0,100999639040,121179623424,0
1791590922.2186458,0.029223227873444557,1740460032,0,0,85017493504,0,0,,0,100999520256,121179623424,0
1791590922.4200594,0.030541876330971718,1743179776,0,0,85017493504,0,0,,0,101002113024,121179623424,0
1791590922.6181064,0.028492266312241554,1743196160,0,0,85017493504,0,0,,0,101002031104,121179623424,0
1791590922.8196788,0.029965847730636597,1691324416,0,0,85017493504,0,0,,0,100949807104,121179623424,0
1791590923.0203977,0.030551055446267128,1697341440,0,0,85017493504,0,0,,0,100956397568,121179623424,0
1791590923.2173772,0.02742566168308258,1719279616,0,0,85017493504,0,0,,0,100977991680,121179623424,0
1791590923.4149787,0.02495654486119747,1719435264,0,0,85017493504,0,0,,0,100978323456,121179623424,0
1791590923.6178498,0.027755891904234886,1719472128,0,0,85017493504,0,0,,0,100978262016,121179623424,0
1791590923.8210692,0.030814776197075844,1719468032,0,0,85017493504,0,0,,0,100977696768,121179623424,0
1791590924.019816,0.02946457639336586,1719492608,0,0,85017493504,0,0,,0,100978073600,121179623424,0
1791590924.2195015,0.029061030596494675,1719492608,0,0,85017493504,0,0,,0,100978421760,121179623424,0
1791590924.4188924,0.02836991287767887,1719492608,0,0,85017493504,0,0,,0,100978507776,121179623424,0
1791590924.6198282,0.029210755601525307,1720537088,0,0,85017493504,0,0,,0,100979347456,121179623424,0
1791590924.820077,0.02937636710703373,1720569856,0,0,85017493504,0,0,,0,100979703808,121179623424,0
1791590925.0231912,0.03237341530621052,1720573952,0,0,85017493504,0,0,,0,100979236864,121179623424,0
1791590925.221435,0.03049776516854763,1720844288,0,0,85017493504,0,0,,0,100979769344,121179623424,0
1791590925.424535,0.033477604389190674,1723211776,0,0,85017493504,0,0,,0,100981960704,121179623424,0
1791590925.6185126,0.027349544689059258,1724399616,0,0,85017493504,0,0,,0,100983103488,121179623424,0
1791590925.8147295,0.02351553551852703,1725009920,0,0,85017493504,0,0,,0,100984012800,121179623424,0
1791590926.0188386,0.027535688132047653,1693372416,0,0,85017493504,0,0,,0,100952420352,121179623424,0
1791590926.2215805,0.030184943228960037,1705398272,0,0,85017493504,0,0,,0,100964966400,121179623424,0
1791590926.4240503,0.032566897571086884,1735204864,0,0,85017493504,0,0,,0,100994772992,121179623424,0
1791590926.62238,0.030816351994872093,1745022976,0,0,85017493504,0,0,,0,101004673024,121179623424,0
1791590926.8212607,0.029598329216241837,1747656704,0,0,85017493504,0,0,,0,101006761984,121179623424,0
1791590927.0211174,0.029357898980379105,1747660800,0,0,85017493504,0,0,,0,101006827520,121179623424,0
1791590927.2219598,0.030098771676421165,1747652608,0,0,85017493504,0,0,,0,101007036416,121179623424,0
1791590927.4211974,0.029232852160930634,1747660800,0,0,85017493504,0,0,,0,101006884864,121179623424,0
1791590927.622063,0.030004175379872322,1747648512,0,0,85017493504,0,0,,0,101006729216,121179623424,0
1791590927.8200214,0.02786138281226158,1747648512,0,0,85017493504,0,0,,0,101007065088,121179623424,0
1791590928.023297,0.03105657733976841,1749233664,0,0,85017493504,0,0,,0,101008404480,121179623424,0
1791590928.2218068,0.02947257086634636,1749245952,0,0,85017493504,0,0,,0,101008498688,121179623424,0
1791590928.4214542,0.029034366831183434,1749393408,0,0,85017493504,0,0,,0,101008580608,121179623424,0
1791590928.6181402,0.025636395439505577,1749446656,0,0,85017493504,0,0,,0,101008601088,121179623424,0
1791590928.8175337,0.024934733286499977,1752072192,0,0,85017493504,0,0,,0,101010931712,121179623424,0
1791590929.0174148,0.02472144365310669,1752600576,0,0,85017493504,0,0,,0,101011505152,121179623424,0
1791590929.2216623,0.02887454256415367,1756352512,0,0,85017493504,0,0,,0,101014822912,121179623424,0
1791590929.4238546,0.03096119873225689,1704984576,0,0,85017493504,0,0,,0,100963258368,121179623424,0
1791590929.6228209,0.029834218323230743,1723424768,0,0,85017493504,0,0,,0,100982337536,121179623424,0
1791590929.8221252,0.029040999710559845,1741217792,0,0,85017493504,0,0,,0,101000163328,121179623424,0
1791590930.0210612,0.027820132672786713,1741238272,0,0,85017493504,0,0,,0,100999897088,121179623424,0
1791590930.2207744,0.027437875047326088,1741242368,0,0,85017493504,0,0,,0,100999987200,121179623424,0
1791590930.4229589,0.029522506520152092,1741234176,0,0,85017493504,0,0,,0,101000019968,121179623424,0
1791590930.6233997,0.029849426820874214,1741238272,0,0,85017493504,0,0,,0,100999786496,121179623424,0
1791590930.8213396,0.027706727385520935,1741324288,0,0,85017493504,0,0,,0,100999860224,121179623424,0
1791590931.0232592,0.029543204233050346,1741336576,0,0,85017493504,0,0,,0,100999942144,121179623424,0
1791590931.222376,0.028575951233506203,1741336576,0,0,85017493504,0,0,,0,101000069120,121179623424,0
1791590931.4227579,0.028863657265901566,1741328384,0,0,85017493504,0,0,,0,101000114176,121179623424,0
1791590931.620325,0.026345159858465195,1741328384,0,0,85017493504,0,0,,0,101000163328,121179623424,0
1791590931.8217258,0.027664998546242714,1741328384,0,0,85017493504,0,0,,0,101000249344,121179623424,0
1791590932.0228224,0.02867695689201355,1741328384,0,0,85017493504,0,0,,0,101000331264,121179623424,0
1791590932.221868,0.02763470448553562,1741328384,0,0,85017493504,0,0,,0,101000310784,121179623424,0
1791590932.4235914,0.029276994988322258,1741328384,0,0,85017493504,0,0,,0,101000118272,121179623424,0
1791590932.624024,0.029603134840726852,1741340672,0,0,85017493504,0,0,,0,101000253440,121179623424,0
1791590932.8238153,0.029307447373867035,1741340672,0,0,85017493504,0,0,,0,101000347648,121179623424,0
1791590933.0222888,0.027678335085511208,1742139392,0,0,85017493504,0,0,,0,101001134080,121179623424,0
1791590933.2231252,0.02843310683965683,1745027072,0,0,85017493504,0,0,,0,101004369920,121179623424,0
1791590933.4214995,0.02672155573964119,1706541056,0,0,85017493504,0,0,,0,100965662720,121179623424,0
1791590933.624548,0.0296844020485878,1729900544,0,0,85017493504,0,0,,0,100989341696,121179623424,0
1791590933.8230937,0.02814340405166149,1738330112,0,0,85017493504,0,0,,0,100997734400,121179623424,0
1791590934.0220146,0.02697911113500595,1736368128,0,0,85017493504,0,0,,0,100995510272,121179623424,0
1791590934.2261713,0.031049935147166252,1737568256,0,0,85017493504,0,0,,0,100996653056,121179623424,0
1791590934.42402,0.028813976794481277,1737596928,0,0,85017493504,0,0,,0,100996063232,121179623424,0
1791590934.6238055,0.028516478836536407,1738121216,0,0,85017493504,0,0,,0,100996431872,121179623424,0
1791590934.8212225,0.025852764025330544,1739173888,0,0,85017493504,0,0,,0,100997296128,121179623424,0
1791590935.0220258,0.026569508016109467,1739972608,0,0,85017493504,0,0,,0,100998172672,121179623424,0
1791590935.2231944,0.02765449322760105,1739976704,0,0,85017493504,0,0,,0,100998037504,121179623424,0
1791590935.424676,0.02905130386352539,1741033472,0,0,85017493504,0,0,,0,100999335936,121179623424,0
1791590935.624762,0.029031524434685707,1742225408,0,0,85017493504,0,0,,0,101000699904,121179623424,0
1791590935.8234854,0.027667902410030365,1742217216,0,0,85017493504,0,0,,0,101000712192,121179623424,0
1791590936.0258315,0.02993394061923027,1742614528,0,0,85017493504,0,0,,0,101001359360,121179623424,0
1791590936.224112,0.02812388353049755,1744982016,0,0,85017493504,0,0,,0,101003599872,121179623424,0
1791590936.425063,0.028986705467104912,1744986112,0,0,85017493504,0,0,,0,101003509760,121179623424,0
1791590936.6233368,0.027174441143870354,1745002496,0,0,85017493504,0,0,,0,101003833344,121179623424,0
1791590936.8234015,0.027150020003318787,1745334272,0,0,85017493504,0,0,,0,101003976704,121179623424,0
1791590937.023783,0.027454549446702003,1745666048,0,0,85017493504,0,0,,0,101004509184,121179623424,0
1791590937.2280648,0.031651102006435394,1746866176,0,0,85017493504,0,0,,0,101005418496,121179623424,0
1791590937.426047,0.029531657695770264,1750806528,0,0,85017493504,0,0,,0,101009235968,121179623424,0
1791590937.6246607,0.02804902195930481,1749864448,0,0,85017493504,0,0,,0,101007798272,121179623424,0
1791590937.8268266,0.030089296400547028,1706946560,0,0,85017493504,0,0,,0,100964421632,121179623424,0
1791590938.0249124,0.028067458420991898,1717407744,0,0,85017493504,0,0,,0,100975599616,121179623424,0
1791590938.2253861,0.028450239449739456,1763561472,0,0,85017493504,0,0,,0,101021999104,121179623424,0
1791590938.4261875,0.029160836711525917,1763221504,0,0,85017493504,0,0,,0,101021245440,121179623424,0
1791590938.6257868,0.028676556423306465,1763237888,0,0,85017493504,0,0,,0,101020921856,121179623424,0
1791590938.8273172,0.030096663162112236,1763233792,0,0,85017493504,0,0,,0,101020680192,121179623424,0
1791590939.0236788,0.026374587789177895,1763225600,0,0,85017493504,0,0,,0,101020827648,121179623424,0
1791590939.227269,0.029878851026296616,1763229696,0,0,85017493504,0,0,,0,101020762112,121179623424,0
1791590939.424701,0.02722354792058468,1763229696,0,0,85017493504,0,0,,0,101021093888,121179623424,0
1791590939.6266716,0.02909659780561924,1763229696,0,0,85017493504,0,0,,0,101020860416,121179623424,0
1791590939.8258,0.028140857815742493,1763229696,0,0,85017493504,0,0,,0,101020954624,121179623424,0
1791590940.0271597,0.02941412664949894,1764155392,0,0,85017493504,0,0,,0,101021745152,121179623424,0
1791590940.2269735,0.02913794107735157,1764155392,0,0,85017493504,0,0,,0,101021564928,121179623424,0
1791590940.4264271,0.028507208451628685,1764204544,0,0,85017493504,0,0,,0,101021941760,121179623424,0
1791590940.6276362,0.029614457860589027,1764225024,0,0,85017493504,0,0,,0,101021487104,121179623424,0
1791590940.8276033,0.02949739247560501,1764290560,0,0,85017493504,0,0,,0,101021466624,121179623424,0
1791590941.02686,0.028623029589653015,1766379520,0,0,85017493504,0,0,,0,101023682560,121179623424,0
1791590941.2289064,0.03056100569665432,1766379520,0,0,85017493504,0,0,,0,101023715328,121179623424,0
1791590941.4279373,0.02950548380613327,1769009152,0,0,85017493504,0,0,,0,101026324480,121179623424,0
1791590941.6243215,0.02580094151198864,1772179456,0,0,85017493504,0,0,,0,101029449728,121179623424,0
1791590941.8229902,0.024400388821959496,1773654016,0,0,85017493504,0,0,,0,101030940672,121179623424,0
1791590942.0249827,0.026319781318306923,1777381376,0,0,85017493504,0,0,,0,101034639360,121179623424,0
1791590942.2275975,0.028846371918916702,1778274304,0,0,85017493504,0,0,,0,101035745280,121179623424,0
1791590942.4301674,0.03132885694503784,1781907456,0,0,85017493504,0,0,,0,101038993408,121179623424,0
1791590942.6292958,0.03034060262143612,1785901056,0,0,85017493504,0,0,,0,101043556352,121179623424,0
1791590942.8294902,0.030444921925663948,1709768704,0,0,85017493504,0,0,,0,100967542784,121179623424,0
1791590943.0295715,0.030432777479290962,1717968896,0,0,85017493504,0,0,,0,100975616000,121179623424,0
1791590943.2278852,0.02865910902619362,1745362944,0,0,85017493504,0,0,,0,101003321344,121179623424,0
1791590943.4284606,0.029137490317225456,1740931072,0,0,85017493504,0,0,,0,100998356992,121179623424,0
1791590943.630412,0.030996978282928467,1741017088,0,0,85017493504,0,0,,0,100998557696,121179623424,0
1791590943.82908,0.029572919011116028,1741021184,0,0,85017493504,0,0,,0,100998623232,121179623424,0
1791590944.0283155,0.028725208714604378,1741033472,0,0,85017493504,0,0,,0,100998721536,121179623424,0
1791590944.2315075,0.03183239698410034,1741082624,0,0,85017493504,0,0,,0,100998758400,121179623424,0
1791590944.429094,0.02933097630739212,1741086720,0,0,85017493504,0,0,,0,100998664192,121179623424,0
1791590944.6299038,0.03003624826669693,1741099008,0,0,85017493504,0,0,,0,100999016448,121179623424,0
1791590944.8293135,0.02934141457080841,1741225984,0,0,85017493504,0,0,,0,100999503872,121179623424,0
1791590945.0267725,0.026715435087680817,1741287424,0,0,85017493504,0,0,,0,100999593984,121179623424,0
1791590945.2261276,0.025985373184084892,1741332480,0,0,85017493504,0,0,,0,100999557120,121179623424,0
1791590945.4295049,0.029277998954057693,1742528512,0,0,85017493504,0,0,,0,101000970240,121179623424,0
1791590945.629072,0.028759116306900978,1744236544,0,0,85017493504,0,0,,0,101002440704,121179623424,0
1791590945.8306751,0.030272122472524643,1711857664,0,0,85017493504,0,0,,0,100970041344,121179623424,0
1791590946.0289247,0.02843800000846386,1740296192,0,0,85017493504,0,0,,0,100998733824,121179623424,0
1791590946.2289295,0.028352102264761925,1740414976,0,0,85017493504,0,0,,0,100998987776,121179623424,0
1791590946.4311,0.030437283217906952,1740447744,0,0,85017493504,0,0,,0,100999335936,121179623424,0
1791590946.6303277,0.02957809530198574,1741508608,0,0,85017493504,0,0,,0,101000732672,121179623424,0
1791590946.831189,0.03031492792069912,1741520896,0,0,85017493504,0,0,,0,101000265728,121179623424,0
1791590947.0316935,0.030737651512026787,1741590528,0,0,85017493504,0,0,,0,101000065024,121179623424,0
1791590947.231835,0.030788158997893333,1741590528,0,0,85017493504,0,0,,0,101000126464,121179623424,0
1791590947.4294162,0.028277311474084854,1741590528,0,0,85017493504,0,0,,0,101000204288,121179623424,0
1791590947.631521,0.030270393937826157,1741602816,0,0,85017493504,0,0,,0,100999045120,121179623424,0
1791590947.831809,0.030470537021756172,1742053376,0,0,85017493504,0,0,,0,100999553024,121179623424,0
1791590948.0303268,0.028904259204864502,1743462400,0,0,85017493504,0,0,,0,101000970240,121179623424,0
1791590948.2265508,0.025060351938009262,1745629184,0,0,85017493504,0,0,,0,101003419648,121179623424,0
1791590948.4302096,0.028630360960960388,1746419712,0,0,85017493504,0,0,,0,101004234752,121179623424,0
1791590948.6322775,0.030581118538975716,1714167808,0,0,85017493504,0,0,,0,100971900928,121179623424,0
1791590948.8320916,0.03030942752957344,1722646528,0,0,85017493504,0,0,,0,100980834304,121179623424,0
1791590949.0310454,0.029177693650126457,1751588864,0,0,85017493504,0,0,,0,101009420288,121179623424,0
1791590949.2271733,0.02522890456020832,1745346560,0,0,85017493504,0,0,,0,101003444224,121179623424,0
1791590949.4295654,0.02751621976494789,1745346560,0,0,85017493504,0,0,,0,101003247616,121179623424,0
1791590949.6302955,0.02816501259803772,1745346560,0,0,85017493504,0,0,,0,101003083776,121179623424,0
1791590949.8317168,0.02949095517396927,1745350656,0,0,85017493504,0,0,,0,101002657792,121179623424,0
1791590950.0348804,0.032517943531274796,1746419712,0,0,85017493504,0,0,,0,101004046336,121179623424,0
1791590950.233109,0.03063466027379036,1746427904,0,0,85017493504,0,0,,0,101003644928,121179623424,0
1791590950.4327586,0.030196551233530045,1746436096,0,0,85017493504,0,0,,0,101004001280,121179623424,0
1791590950.6313012,0.02865581400692463,1746964480,0,0,85017493504,0,0,,0,101004857344,121179623424,0
1791590950.831007,0.02825034037232399,1746976768,0,0,85017493504,0,0,,0,101004759040,121179623424,0
1791590951.0325205,0.029677899554371834,1749094400,0,0,85017493504,0,0,,0,101006962688,121179623424,0
1791590951.228663,0.025730110704898834,1750171648,0,0,85017493504,0,0,,0,101007810560,121179623424,0
1791590951.431291,0.028273649513721466,1750208512,0,0,85017493504,0,0,,0,101007937536,121179623424,0
1791590951.634015,0.03091198205947876,1750368256,0,0,85017493504,0,0,,0,101007626240,121179623424,0
1791590951.8338683,0.030619032680988312,1753550848,0,0,85017493504,0,0,,0,101010890752,121179623424,0
1791590952.033765,0.03043314628303051,1756782592,0,0,85017493504,0,0,,0,101014130688,121179623424,0
1791590952.2289479,0.025522595271468163,1653055488,0,0,85017493504,0,0,,0,100910526464,121179623424,0
1791590952.432927,0.029407979920506477,1213763584,0,0,85017493504,0,0,,0,100597555200,121179623424,0
1791590952.6338477,0.030219577252864838,1241944064,0,0,85017493504,0,0,,0,100625850368,121179623424,0
1791590952.8320537,0.028334524482488632,1248325632,0,0,85017493504,0,0,,0,100632285184,121179623424,0
1791590953.0336401,0.029808690771460533,1248350208,0,0,85017493504,0,0,,0,100632420352,121179623424,0
1791590953.2332754,0.02934715710580349,1248399360,0,0,85017493504,0,0,,0,100632223744,121179623424,0
1791590953.4348605,0.03083295375108719,1248436224,0,0,85017493504,0,0,,0,100632625152,121179623424,0
1791590953.6357589,0.03163286671042442,1248817152,0,0,85017493504,0,0,,0,100632887296,121179623424,0
1791590953.8335898,0.029366618022322655,1249779712,0,0,85017493504,0,0,,0,100633681920,121179623424,0
1791590954.0326316,0.028324417769908905,1250025472,0,0,85017493504,0,0,,0,100633722880,121179623424,0
1791590954.2305274,0.026140408590435982,1250037760,0,0,85017493504,0,0,,0,100633817088,121179623424,0
1791590954.430215,0.025743672624230385,1250078720,0,0,85017493504,0,0,,0,100633915392,121179623424,0
1791590954.6322978,0.027741998434066772,1251008512,0,0,85017493504,0,0,,0,100634996736,121179623424,0
1791590954.8320613,0.027419734746217728,1253892096,0,0,85017493504,0,0,,0,100636794880,121179623424,0
1791590955.0345516,0.029826302081346512,1254420480,0,0,85017493504,0,0,,0,100636700672,121179623424,0
1791590955.2352324,0.030417514964938164,1254481920,0,0,85017493504,0,0,,0,100637241344,121179623424,0
1791590955.4345508,0.029649896547198296,1254481920,0,0,85017493504,0,0,,0,100637155328,121179623424,0
1791590955.6344357,0.02945059910416603,1261756416,0,0,85017493504,0,0,,0,100636880896,121179623424,0
1791590955.8338752,0.028805969282984734,1261891584,0,0,85017493504,0,0,,0,100636938240,121179623424,0
1791590956.0340428,0.028891148045659065,1262149632,0,0,85017493504,0,0,,0,100636786688,121179623424,0
1791590956.2316515,0.026429995894432068,1262534656,0,0,85017493504,0,0,,0,100636561408,121179623424,0
1791590956.431966,0.02666299045085907,1262604288,0,0,85017493504,0,0,,0,100636659712,121179623424,0
1791590956.6309793,0.025605667382478714,1262604288,0,0,85017493504,0,0,,0,100636577792,121179623424,0
1791590956.83242,0.026946362107992172,1262600192,0,0,85017493504,0,0,,0,100636504064,121179623424,0
1791590957.031724,0.026173440739512444,1262665728,0,0,85017493504,0,0,,0,100636573696,121179623424,0
1791590957.232207,0.02657385729253292,1263243264,0,0,85017493504,0,0,,0,100636712960,121179623424,0
1791590957.4348166,0.029091456905007362,1263579136,0,0,85017493504,0,0,,0,100636782592,121179623424,0
1791590957.6325655,0.026757366955280304,1264193536,0,0,85017493504,0,0,,0,100636999680,121179623424,0
1791590957.8358498,0.02992740459740162,1220857856,0,0,85017493504,0,0,,0,100595195904,121178193920,0
1791590958.0363755,0.030319388955831528,1254297600,0,0,85017493504,0,0,,0,100628230144,121178193920,0
1791590958.2393634,0.03312566317617893,1309032448,0,0,85017493504,0,0,,0,100683300864,121178193920,0
1791590958.4349196,0.02859613113105297,1287335936,0,0,85017493504,0,0,,0,100661817344,121178193920,0
1791590958.635832,0.02941247634589672,1290055680,0,0,85017493504,0,0,,0,100664426496,121178193920,0
1791590958.835194,0.028678299859166145,1290067968,0,0,85017493504,0,0,,0,100664516608,121178193920,0
1791590959.03835,0.031756289303302765,1290194944,0,0,85017493504,0,0,,0,100664680448,121178193920,0
1791590959.2427647,0.036075327545404434,1290215424,0,0,85017493504,0,0,,0,100664655872,121178193920,0
1791590959.4357352,0.028965136036276817,1290227712,0,0,85017493504,0,0,,0,100664492032,121178193920,0
1791590959.6374407,0.030575934797525406,1290604544,0,0,85017493504,0,0,,0,100664999936,121178193920,0
1791590959.8359842,0.029035227373242378,1291091968,0,0,85017493504,0,0,,0,100665663488,121178193920,0
1791590960.0370667,0.030017651617527008,1291571200,0,0,85017493504,0,0,,0,100665937920,121178193920,0
1791590960.235898,0.028744595125317574,1292107776,0,0,85017493504,0,0,,0,100666589184,121178193920,0
1791590960.4379776,0.030721450224518776,1292431360,0,0,85017493504,0,0,,0,100666937344,121178193920,0
1791590960.6365685,0.029233209788799286,1293062144,0,0,85017493504,0,0,,0,100667523072,121178193920,0
1791590960.838432,0.031016483902931213,1293479936,0,0,85017493504,0,0,,0,100668145664,121178193920,0
1791590961.0371141,0.02960851602256298,1294086144,0,0,85017493504,0,0,,0,100668952576,121178193920,0
1791590961.23676,0.029156751930713654,1296871424,0,0,85017493504,0,0,,0,100671361024,121178193920,0
1791590961.4357402,0.028042078018188477,1297113088,0,0,85017493504,0,0,,0,100671569920,121178193920,0
1791590961.636385,0.02860790118575096,1297137664,0,0,85017493504,0,0,,0,100672614400,121178193920,0
1791590961.8370569,0.029194869101047516,1297158144,0,0,85017493504,0,0,,0,100672176128,121178222592,0
1791590962.0387244,0.030770478770136833,1297080320,0,0,85017493504,0,0,,0,100672094208,121178222592,0
1791590962.2376976,0.029660910367965698,1297080320,0,0,85017493504,0,0,,0,100672012288,121178222592,0
1791590962.437089,0.02895447053015232,1297084416,0,0,85017493504,0,0,,0,100672327680,121178222592,0
1791590962.636319,0.02810298278927803,1297612800,0,0,85017493504,0,0,,0,100672757760,121178222592,0
1791590962.8340008,0.025701889768242836,1297203200,0,0,85017493504,0,0,,0,100672471040,121178222592,0
1791590963.0375555,0.029151828959584236,1297199104,0,0,85017493504,0,0,,0,100672057344,121178222592,0
1791590963.2364495,0.027953172102570534,1297199104,0,0,85017493504,0,0,,0,100672151552,121178193920,0
1791590963.4359672,0.027373187243938446,1297195008,0,0,85017493504,0,0,,0,100671692800,121178193920,0
1791590963.6330235,0.02434147335588932,1297190912,0,0,85017493504,0,0,,0,100671799296,121178193920,0
1791590963.8375866,0.028806230053305626,1297256448,0,0,85017493504,0,0,,0,100671905792,121178193920,0
1791590964.0372849,0.02842586487531662,1297248256,0,0,85017493504,0,0,,0,100671868928,121178193920,0
1791590964.2360456,0.027100568637251854,1297248256,0,0,85017493504,0,0,,0,100671893504,121178193920,0
1791590964.4397345,0.030708519741892815,1297235968,0,0,85017493504,0,0,,0,100671930368,121178193920,0
1791590964.637598,0.02849009446799755,1297240064,0,0,85017493504,0,0,,0,100671983616,121178193920,0
1791590964.8355703,0.02634367160499096,1297240064,0,0,85017493504,0,0,,0,100671967232,121178193920,0
1791590965.0341148,0.02480456791818142,1297305600,0,0,85017493504,0,0,,0,100672061440,121178193920,0
1791590965.2331636,0.023770401254296303,1297305600,0,0,85017493504,0,0,,0,100671819776,121178193920,0
1791590965.4392993,0.029825618490576744,1297297408,0,0,85017493504,0,0,,0,100672200704,121178193920,0
1791590965.6393235,0.029768547043204308,1297309696,0,0,85017493504,0,0,,0,100672290816,121178193920,0
1791590965.838385,0.0287418644875288,1230663680,0,0,85017493504,0,0,,0,100579696640,121175924736,0
1791590966.0387547,0.02902889996767044,1233731584,0,0,85017493504,0,0,,0,100611510272,121175924736,0
1791590966.2438202,0.03400111757218838,1266888704,0,0,85017493504,0,0,,0,100643762176,121175924736,0
1791590966.439496,0.029574638232588768,1267167232,0,0,85017493504,0,0,,0,100644171776,121175924736,0
1791590966.6390426,0.029039418324828148,1267240960,0,0,85017493504,0,0,,0,100644278272,121175924736,0
1791590966.837447,0.027363872155547142,1267261440,0,0,85017493504,0,0,,0,100644233216,121175924736,0
1791590967.0378137,0.02765023708343506,1269391360,0,0,85017493504,0,0,,0,100646154240,121175924736,0
1791590967.2384932,0.02824905887246132,1264173056,0,0,85017493504,0,0,,0,100640718848,121175924736,0
1791590967.436732,0.02640543133020401,1264205824,0,0,85017493504,0,0,,0,100640587776,121175924736,0
1791590967.6360712,0.02566329576075077,1264205824,0,0,85017493504,0,0,,0,100640681984,121175924736,0
1791590967.8374417,0.026952596381306648,1264214016,0,0,85017493504,0,0,,0,100640763904,121175924736,0
1791590968.0367272,0.026155861094594002,1264304128,0,0,85017493504,0,0,,0,100640505856,121175924736,0
1791590968.2360594,0.025406744331121445,1266577408,0,0,85017493504,0,0,,0,100642754560,121175924736,0
1791590968.4354696,0.0247361958026886,1266577408,0,0,85017493504,0,0,,0,100642791424,121175924736,0
1791590968.6365666,0.025751007720828056,1266577408,0,0,85017493504,0,0,,0,100642885632,121175924736,0
1791590968.835672,0.024775318801403046,1266581504,0,0,85017493504,0,0,,0,100642971648,121175924736,0
1791590969.0362072,0.025228824466466904,1266581504,0,0,85017493504,0,0,,0,100642762752,121175924736,0
1791590969.2371464,0.026087025180459023,1266647040,0,0,85017493504,0,0,,0,100642787328,121175924736,0
1791590969.4366617,0.025518890470266342,1266647040,0,0,85017493504,0,0,,0,100642844672,121175924736,0
1791590969.6366851,0.025461632758378983,1266638848,0,0,85017493504,0,0,,0,100642869248,121175924736,0
1791590969.8385491,0.027243180200457573,1266638848,0,0,85017493504,0,0,,0,100642963456,121175924736,0
1791590970.0381188,0.026732981204986572,1267322880,0,0,85017493504,0,0,,0,100643577856,121175924736,0
1791590970.2364452,0.02497796341776848,1268428800,0,0,85017493504,0,0,,0,100644659200,121175924736,0
1791590970.4394293,0.027874885126948357,1268428800,0,0,85017493504,0,0,,0,100644753408,121175924736,0
1791590970.636788,0.025152480229735374,1268432896,0,0,85017493504,0,0,,0,100644851712,121175924736,0
1791590970.8391626,0.027442559599876404,1268432896,0,0,85017493504,0,0,,0,100644413440,121175924736,0
1791590971.0377731,0.025971999391913414,1268428800,0,0,85017493504,0,0,,0,100644741120,121175924736,0
1791590971.2379196,0.02603757567703724,1268428800,0,0,85017493504,0,0,,0,100644818944,121175924736,0
1791590971.4374452,0.02548382058739662,1268420608,0,0,85017493504,0,0,,0,100644794368,121175924736,0
1791590971.6379635,0.025922419503331184,1268613120,0,0,85017493504,0,0,,0,100645122048,121175924736,0
1791590971.8416364,0.02951376885175705,1255055360,0,0,85017493504,0,0,,0,100632776704,121174310912,0
1791590972.0417805,0.029551850631833076,1254621184,0,0,85017493504,0,0,,0,100633346048,121174310912,0
1791590972.2438152,0.031500378623604774,1272532992,0,0,85017493504,0,0,,0,100651077632,121174310912,0
1791590972.441624,0.029217787086963654,1273217024,0,0,85017493504,0,0,,0,100652183552,121174310912,0
1791590972.641975,0.029482102021574974,1273774080,0,0,85017493504,0,0,,0,100652253184,121174310912,0
1791590972.8413155,0.028735602274537086,1273774080,0,0,85017493504,0,0,,0,100652085248,121174310912,0
1791590973.0426843,0.03001270815730095,1274224640,0,0,85017493504,0,0,,0,100652515328,121174310912,0
1791590973.2417712,0.029002400115132332,1274970112,0,0,85017493504,0,0,,0,100653187072,121174310912,0
1791590973.4433756,0.030517326667904854,1275572224,0,0,85017493504,0,0,,0,100653957120,121174310912,0
1791590973.6431732,0.030220888555049896,1275887616,0,0,85017493504,0,0,,0,100654481408,121174310912,0
1791590973.8426318,0.02957839146256447,1275908096,0,0,85017493504,0,0,,0,100654850048,121174310912,0
1791590974.0424256,0.029286889359354973,1276190720,0,0,85017493504,0,0,,0,100655202304,121174310912,0
1791590974.242999,0.029774317517876625,1276825600,0,0,85017493504,0,0,,0,100655771648,121174310912,0
1791590974.4431348,0.02982190251350403,1279471616,0,0,85017493504,0,0,,0,100658688000,121174310912,0
1791590974.6424634,0.02906941995024681,1284718592,0,0,85017493504,0,0,,0,100663828480,121174310912,0
1791590974.8397126,0.026233725249767303,1284722688,0,0,85017493504,0,0,,0,100663918592,121174310912,0
1791590975.0379918,0.0244281105697155,1284792320,0,0,85017493504,0,0,,0,100664008704,121174310912,0
1791590975.2371287,0.023483488708734512,1283272704,0,0,85017493504,0,0,,0,100662255616,121174310912,0
1791590975.4434104,0.029683569446206093,1283272704,0,0,85017493504,0,0,,0,100662112256,121174310912,0
1791590975.6428702,0.029061341658234596,1283272704,0,0,85017493504,0,0,,0,100662136832,121174310912,0
1791590975.8438985,0.030008157715201378,1279442944,0,0,85017493504,0,0,,0,100658536448,121174310912,0
1791590976.0424635,0.02849069982767105,1279447040,0,0,85017493504,0,0,,0,100658446336,121174310912,0
1791590976.2422013,0.028147416189312935,1279442944,0,0,85017493504,0,0,,0,100658372608,121174310912,0
1791590976.4429061,0.028761984780430794,1279442944,0,0,85017493504,0,0,,0,100658425856,121174310912,0
1791590976.638859,0.02463291957974434,1279434752,0,0,85017493504,0,0,,0,100658429952,121174310912,0
1791590976.838211,0.02390441671013832,1279434752,0,0,85017493504,0,0,,0,100658405376,121174310912,0
1791590977.0378737,0.02348591573536396,1279434752,0,0,85017493504,0,0,,0,100658225152,121174310912,0
1791590977.243156,0.028685379773378372,1279492096,0,0,85017493504,0,0,,0,100658257920,121174310912,0
1791590977.444768,0.030218880623579025,1280282624,0,0,85017493504,0,0,,0,100658642944,121174310912,0
1791590977.6431966,0.028565501794219017,1280307200,0,0,85017493504,0,0,,0,100658995200,121174310912,0
1791590977.8456762,0.03094824030995369,1280327680,0,0,85017493504,0,0,,0,100658823168,121174310912,0
1791590978.0447886,0.02997637167572975,1284419584,0,0,85017493504,0,0,,0,100662857728,121174310912,0
1791590978.2437034,0.028811147436499596,1285640192,0,0,85017493504,0,0,,0,100664262656,121174310912,0
1791590978.4449694,0.02999100834131241,1289486336,0,0,85017493504,0,0,,0,100670111744,121172205568,0
1791590978.641858,0.02679537609219551,1229185024,0,0,85017493504,0,0,,0,100609835008,121172205568,0
1791590978.8393657,0.024221934378147125,1259528192,0,0,85017493504,0,0,,0,100640133120,121172205568,0
1791590979.0393212,0.024096308276057243,1258840064,0,0,85017493504,0,0,,0,100639617024,121172205568,0
1791590979.2390509,0.02374473586678505,1258856448,0,0,85017493504,0,0,,0,100639354880,121172205568,0
1791590979.4448936,0.029502030462026596,1260171264,0,0,85017493504,0,0,,0,100640280576,121172205568,0
1791590979.6446376,0.029163939878344536,1261518848,0,0,85017493504,0,0,,0,100641923072,121172205568,0
1791590979.850424,0.03486151061952114,1261522944,0,0,85017493504,0,0,,0,100641529856,121172205568,0
1791590980.0442524,0.028602370992302895,1263333376,0,0,85017493504,0,0,,0,100643827712,121172205568,0
1791590980.2420838,0.026354636996984482,1263374336,0,0,85017493504,0,0,,0,100643684352,121172205568,0
1791590980.4437773,0.027965759858489037,1263374336,0,0,85017493504,0,0,,0,100643762176,121172205568,0
1791590980.640901,0.0250064879655838,1263374336,0,0,85017493504,0,0,,0,100643852288,121172205568,0
1791590980.8403165,0.024339428171515465,1263632384,0,0,85017493504,0,0,,0,100643930112,121172205568,0
1791590981.0394228,0.023366356268525124,1263656960,0,0,85017493504,0,0,,0,100643913728,121172205568,0
1791590981.2464576,0.03031989373266697,1263636480,0,0,85017493504,0,0,,0,100644286464,121172205568,0
1791590981.4469986,0.030749185010790825,1263636480,0,0,85017493504,0,0,,0,100644331520,121172205568,0
1791590981.645499,0.02916555292904377,1263636480,0,0,85017493504,0,0,,0,100644589568,121172205568,0
1791590981.8446712,0.028248993679881096,1264689152,0,0,85017493504,0,0,,0,100645330944,121172205568,0
1791590982.0464613,0.029939526692032814,1264689152,0,0,85017493504,0,0,,0,100645453824,121172205568,0
1791590982.2454135,0.02880510501563549,1263669248,0,0,85017493504,0,0,,0,100644708352,121172205568,0
1791590982.443594,0.02690240740776062,1263575040,0,0,85017493504,0,0,,0,100644589568,121172205568,0
1791590982.6427746,0.0260001327842474,1263579136,0,0,85017493504,0,0,,0,100644151296,121172205568,0
1791590982.8462617,0.029396655037999153,1263579136,0,0,85017493504,0,0,,0,100643958784,121172205568,0
1791590983.041486,0.02454184554517269,1263579136,0,0,85017493504,0,0,,0,100643934208,121172205568,0
1791590983.2407618,0.023736128583550453,1263575040,0,0,85017493504,0,0,,0,100643962880,121172205568,0
1791590983.4457161,0.028610946610569954,1263575040,0,0,85017493504,0,0,,0,100644052992,121172205568,0
1791590983.644571,0.02734113112092018,1263575040,0,0,85017493504,0,0,,0,100644093952,121172205568,0
1791590983.846868,0.029526200145483017,1268228096,0,0,85017493504,0,0,,0,100648734720,121172205568,0
1791590984.0462193,0.02879582718014717,1267589120,0,0,85017493504,0,0,,0,100648411136,121172205568,0
1791590984.2429807,0.02547628991305828,1267597312,0,0,85017493504,0,0,,0,100647702528,121172205568,0
1791590984.4612508,0.04365766420960426,1267601408,0,0,85017493504,0,0,,0,100647788544,121172205568,0
1791590984.6424267,0.024751057848334312,1267773440,0,0,85017493504,0,0,,0,100648071168,121172205568,0
1791590984.841286,0.023531576618552208,1272242176,0,0,85017493504,0,0,,0,100652601344,121172205568,0
1791590985.0412323,0.02339698001742363,1273503744,0,0,85017493504,0,0,,0,100653580288,121172205568,0
1791590985.2413082,0.023393664509058,1273176064,0,0,85017493504,0,0,,0,100653076480,121172205568,0
1791590985.448764,0.030764561146497726,1225994240,0,0,85017493504,0,0,,0,100608237568,121170432000,0
1791590985.648266,0.030178828164935112,1245421568,0,0,85017493504,0,0,,0,100627529728,121170432000,0
1791590985.847311,0.029085401445627213,1247608832,0,0,85017493504,0,0,,0,100629897216,121170432000,0
1791590986.047658,0.029340101405978203,1250410496,0,0,85017493504,0,0,,0,100632965120,121170432000,0
1791590986.2451615,0.026759084314107895,1250959360,0,0,85017493504,0,0,,0,100632985600,121170432000,0
1791590986.44963,0.03114563599228859,1251241984,0,0,85017493504,0,0,,0,100633333760,121170432000,0
1791590986.649428,0.030865294858813286,1251291136,0,0,85017493504,0,0,,0,100632940544,121170432000,0
1791590986.8463428,0.027696914970874786,1251651584,0,0,85017493504,0,0,,0,100633518080,121170432000,0
1791590987.0445364,0.025807097554206848,1252888576,0,0,85017493504,0,0,,0,100634664960,121170432000,0
1791590987.2437463,0.024934424087405205,1253015552,0,0,85017493504,0,0,,0,100634849280,121170432000,0
1791590987.4477036,0.028804605826735497,1255194624,0,0,85017493504,0,0,,0,100636839936,121170432000,0
1791590987.6448102,0.025828767567873,1256448000,0,0,85017493504,0,0,,0,100638240768,121170432000,0
1791590987.8497088,0.030645735561847687,1257541632,0,0,85017493504,0,0,,0,100639379456,121170432000,0
1791590988.049134,0.02999100089073181,1259044864,0,0,85017493504,0,0,,0,100641488896,121170432000,0
1791590988.249449,0.030225196853280067,1259044864,0,0,85017493504,0,0,,0,100640919552,121170432000,0
1791590988.4487624,0.029454942792654037,1259044864,0,0,85017493504,0,0,,0,100640985088,121170432000,0
1791590988.6485693,0.029178082942962646,1259032576,0,0,85017493504,0,0,,0,100640854016,121170432000,0
1791590988.848102,0.0286285150796175,1259036672,0,0,85017493504,0,0,,0,100640649216,121170432000,0
1791590989.045688,0.026126394048333168,1259036672,0,0,85017493504,0,0,,0,100640673792,121170432000,0
1791590989.2458785,0.026235507801175117,1259098112,0,0,85017493504,0,0,,0,100640567296,121170432000,0
1791590989.4496381,0.029915321618318558,1259065344,0,0,85017493504,0,0,,0,100640460800,121170432000,0
1791590989.649518,0.0297145564109087,1259065344,0,0,85017493504,0,0,,0,100640464896,121170432000,0
1791590989.848531,0.02863570861518383,1259778048,0,0,85017493504,0,0,,0,100641345536,121170432000,0
1791590990.0461347,0.026152024045586586,1260273664,0,0,85017493504,0,0,,0,100641955840,121170432000,0
1791590990.2477286,0.027664002031087875,1260445696,0,0,85017493504,0,0,,0,100642308096,121170432000,0
1791590990.4511476,0.030997836962342262,1263382528,0,0,85017493504,0,0,,0,100645126144,121170432000,0
1791590990.6486535,0.02839500643312931,1268559872,0,0,85017493504,0,0,,0,100650393600,121170432000,0
1791590990.8461978,0.025852970778942108,1268559872,0,0,85017493504,0,0,,0,100650426368,121170432000,0
1791590991.049844,0.029397211968898773,1268752384,0,0,85017493504,0,0,,0,100650598400,121170432000,0
1791590991.2503517,0.029807589948177338,1271795712,0,0,85017493504,0,0,,0,100653690880,121170432000,0
1791590991.4575312,0.03689310699701309,1271439360,0,0,85017493504,0,0,,0,100653498368,121170432000,0
1791590991.6494267,0.02870585210621357,1214230528,0,0,85017493504,0,0,,0,100598943744,121168408576,0
1791590991.8516655,0.03085665963590145,1236709376,0,0,85017493504,0,0,,0,100621369344,121168408576,0
1791590992.0513618,0.030470920726656914,1244323840,0,0,85017493504,0,0,,0,100628975616,121168408576,0
1791590992.2497482,0.028774546459317207,1244332032,0,0,85017493504,0,0,,0,100628811776,121168408576,0
1791590992.4494774,0.02842075563967228,1244336128,0,0,85017493504,0,0,,0,100628463616,121168408576,0
1791590992.6491222,0.02796524576842785,1244377088,0,0,85017493504,0,0,,0,100628025344,121168408576,0
1791590992.847527,0.026272714138031006,1244528640,0,0,85017493504,0,0,,0,100628365312,121168408576,0
1791590993.0461926,0.024845583364367485,1245143040,0,0,85017493504,0,0,,0,100628877312,121168408576,0
1791590993.2454078,0.023974096402525902,1245143040,0,0,85017493504,0,0,,0,100628795392,121168408576,0
1791590993.4533486,0.03183369338512421,1245147136,0,0,85017493504,0,0,,0,100628918272,121168408576,0
1791590993.6500432,0.028447071090340614,1245130752,0,0,85017493504,0,0,,0,100629262336,121168408576,0
1791590993.850576,0.02889375202357769,1245265920,0,0,85017493504,0,0,,0,100629598208,121168408576,0
1791590994.050583,0.028811857104301453,1245265920,0,0,85017493504,0,0,,0,100629372928,121168408576,0
1791590994.2519758,0.030103441327810287,1245270016,0,0,85017493504,0,0,,0,100629458944,121168408576,0
1791590994.4514198,0.029465019702911377,1245216768,0,0,85017493504,0,0,,0,100629315584,121168408576,0
1791590994.6493926,0.0273300614207983,1245233152,0,0,85017493504,0,0,,0,100629229568,121168408576,0
1791590994.8496292,0.027468634769320488,1245237248,0,0,85017493504,0,0,,0,100628996096,121168408576,0
1791590995.0504432,0.02817523293197155,1245237248,0,0,85017493504,0,0,,0,100628762624,121168408576,0
1791590995.2499478,0.027578094974160194,1245233152,0,0,85017493504,0,0,,0,100629024768,121168408576,0
1791590995.4515812,0.02912430837750435,1248055296,0,0,85017493504,0,0,,0,100631662592,121168408576,0
1791590995.6520483,0.02950833924114704,1248206848,0,0,85017493504,0,0,,0,100632240128,121168408576,0
1791590995.8491714,0.02654646895825863,1248206848,0,0,85017493504,0,0,,0,100631797760,121168408576,0
1791590996.0517302,0.029020315036177635,1248206848,0,0,85017493504,0,0,,0,100631932928,121168408576,0
1791590996.2517607,0.02896573394536972,1248202752,0,0,85017493504,0,0,,0,100631916544,121168408576,0
1791590996.4523785,0.029480276629328728,1249542144,0,0,85017493504,0,0,,0,100632481792,121168408576,0
1791590996.648791,0.025808852165937424,1228591104,0,0,85017493504,0,0,,0,100613967872,121166381056,0
1791590996.8497782,0.02670716494321823,1262555136,0,0,85017493504,0,0,,0,100648030208,121166381056,0
1791590997.048509,0.0253568347543478,1254039552,0,0,85017493504,0,0,,0,100639305728,121166381056,0
1791590997.2514508,0.02821490354835987,1254313984,0,0,85017493504,0,0,,0,100639338496,121166381056,0
1791590997.4501696,0.026840396225452423,1255497728,0,0,85017493504,0,0,,0,100640423936,121166381056,0
1791590997.651296,0.027881931513547897,1255559168,0,0,85017493504,0,0,,0,100640395264,121166381056,0
1791590997.8523436,0.02883845940232277,1260101632,0,0,85017493504,0,0,,0,100644782080,121166381056,0
1791590998.0509446,0.027337582781910896,1260371968,0,0,85017493504,0,0,,0,100645130240,121166381056,0
1791590998.2512026,0.027488937601447105,1261707264,0,0,85017493504,0,0,,0,100646408192,121166381056,0
1791590998.4484637,0.024653596803545952,1263337472,0,0,85017493504,0,0,,0,100647890944,121166381056,0
1791590998.653734,0.02984119951725006,1263939584,0,0,85017493504,0,0,,0,100648972288,121166381056,0
1791590998.8515136,0.027534620836377144,1265426432,0,0,85017493504,0,0,,0,100650041344,121166381056,0
1791590999.0491545,0.025090424343943596,1265799168,0,0,85017493504,0,0,,0,100650651648,121166381056,0
1791590999.2484365,0.0242879968136549,1267326976,0,0,85017493504,0,0,,0,100652314624,121166381056,0
1791590999.4539127,0.029679350554943085,1268334592,0,0,85017493504,0,0,,0,100653228032,121166381056,0
1791590999.6552265,0.030911847949028015,1268744192,0,0,85017493504,0,0,,0,100653985792,121166381056,0
1791590999.8524559,0.028057243674993515,1268744192,0,0,85017493504,0,0,,0,100654071808,121166381056,0
1791591000.0533733,0.028889860957860947,1268559872,0,0,85017493504,0,0,,0,100654133248,121166381056,0
1791591000.2543635,0.029789190739393234,1268559872,0,0,85017493504,0,0,,0,100653682688,121166381056,0
1791591000.4534993,0.028838688507676125,1268563968,0,0,85017493504,0,0,,0,100654047232,121166381056,0
1791591000.6542737,0.02953057922422886,1268670464,0,0,85017493504,0,0,,0,100654075904,121166381056,0
1791591000.8493745,0.024545863270759583,1268670464,0,0,85017493504,0,0,,0,100654166016,121166381056,0
1791591001.0527809,0.027870457619428635,1268666368,0,0,85017493504,0,0,,0,100654145536,121166381056,0
1791591001.2505362,0.0255456380546093,1268670464,0,0,85017493504,0,0,,0,100654243840,121166381056,0
1791591001.4543014,0.029226619750261307,1270812672,0,0,85017493504,0,0,,0,100655837184,121166381056,0
1791591001.6543398,0.0291842482984066,1272156160,0,0,85017493504,0,0,,0,100657963008,121166381056,0
1791591001.8501365,0.024896392598748207,1273028608,0,0,85017493504,0,0,,0,100658667520,121166381056,0
1791591002.0496943,0.024372627958655357,1274638336,0,0,85017493504,0,0,,0,100660215808,121166381056,0
1791591002.2514162,0.026013314723968506,1275604992,0,0,85017493504,0,0,,0,100661125120,121166381056,0
1791591002.4547067,0.029220450669527054,1275633664,0,0,85017493504,0,0,,0,100661485568,121166381056,0
1791591002.6516302,0.026056183502078056,1276301312,0,0,85017493504,0,0,,0,100662358016,121166381056,0
1791591002.8497725,0.024112554267048836,1278218240,0,0,85017493504,0,0,,0,100664360960,121166381056,0
1791591003.0524566,0.02671412006020546,1266626560,0,0,85017493504,0,0,,0,100654505984,121164365824,0
1791591003.249787,0.023963628336787224,1266642944,0,0,85017493504,0,0,,0,100654600192,121164365824,0
1791591003.456204,0.030296359211206436,1266642944,0,0,85017493504,0,0,,0,100654198784,121164365824,0
1791591003.6553895,0.029399730265140533,1266647040,0,0,85017493504,0,0,,0,100654088192,121164365824,0
1791591003.8541696,0.028093231841921806,1266651136,0,0,85017493504,0,0,,0,100654161920,121164365824,0
1791591004.0552661,0.029107658192515373,1266651136,0,0,85017493504,0,0,,0,100654125056,121164365824,0
1791591004.2547965,0.028552938252687454,1266651136,0,0,85017493504,0,0,,0,100653940736,121164365824,0
1791591004.455404,0.029075613245368004,1266651136,0,0,85017493504,0,0,,0,100653940736,121164365824,0
1791591004.6530688,0.026657555252313614,1264091136,0,0,85017493504,0,0,,0,100651393024,121164365824,0
1791591004.8517933,0.025293070822954178,1264091136,0,0,85017493504,0,0,,0,100651483136,121164365824,0
1791591005.053794,0.02720973826944828,1264087040,0,0,85017493504,0,0,,0,100651474944,121164365824,0
1791591005.252281,0.025615831837058067,1264087040,0,0,85017493504,0,0,,0,100651302912,121164365824,0
1791591005.4547906,0.02804413251578808,1264087040,0,0,85017493504,0,0,,0,100651380736,121164365824,0
1791591005.6537726,0.02694283425807953,1263804416,0,0,85017493504,0,0,,0,100650381312,121164365824,0
1791591005.8570154,0.03009687177836895,1262317568,0,0,85017493504,0,0,,0,100649263104,121164365824,0
1791591006.0562649,0.02925453707575798,1206423552,0,0,85017493504,0,0,,0,100594847744,121163436032,0
1791591006.2575753,0.0304548442363739,1230446592,0,0,85017493504,0,0,,0,100618641408,121163436032,0
1791591006.4592927,0.03205939196050167,1248858112,0,0,85017493504,0,0,,0,100637401088,121163436032,0
1791591006.658359,0.03103914111852646,1249411072,0,0,85017493504,0,0,,0,100637908992,121163436032,0
1791591006.8579674,0.030558668076992035,1250308096,0,0,85017493504,0,0,,0,100638498816,121163436032,0
1791591007.0572913,0.029795853421092033,1250316288,0,0,85017493504,0,0,,0,100638515200,121163436032,0
1791591007.2566707,0.029089149087667465,1250316288,0,0,85017493504,0,0,,0,100638609408,121163436032,0
1791591007.4574957,0.02983155846595764,1250324480,0,0,85017493504,0,0,,0,100638691328,121163436032,0
1791591007.6546829,0.02692771516740322,1250922496,0,0,85017493504,0,0,,0,100639010816,121163436032,0
1791591007.857071,0.029226813465356827,1250996224,0,0,85017493504,0,0,,0,100639088640,121163436032,0
1791591008.0583975,0.030438367277383804,1251008512,0,0,85017493504,0,0,,0,100639191040,121163436032,0
1791591008.2594047,0.03136397711932659,1251008512,0,0,85017493504,0,0,,0,100639379456,121163436032,0
1791591008.457905,0.02977907285094261,1251016704,0,0,85017493504,0,0,,0,100639735808,121163436032,0
1791591008.6578536,0.029646044597029686,1251033088,0,0,85017493504,0,0,,0,100639805440,121163436032,0
1791591008.8572073,0.028913529589772224,1244737536,0,0,85017493504,0,0,,0,100633468928,121163436032,0
1791591009.054358,0.025972915813326836,1244737536,0,0,85017493504,0,0,,0,100633530368,121163436032,0
1791591009.2529986,0.024528540670871735,1244811264,0,0,85017493504,0,0,,0,100633415680,121163436032,0
1791591009.45362,0.025062784552574158,1244815360,0,0,85017493504,0,0,,0,100633260032,121163436032,0
1791591009.6586611,0.030020317062735558,1244811264,0,0,85017493504,0,0,,0,100633321472,121163436032,0
1791591009.858925,0.030202556401491165,1240866816,0,0,85017493504,0,0,,0,100629454848,121163436032,0
1791591010.0582244,0.02941732481122017,1240866816,0,0,85017493504,0,0,,0,100629540864,121163436032,0
1791591010.2555017,0.026611872017383575,1240875008,0,0,85017493504,0,0,,0,100629635072,121163436032,0
1791591010.4608479,0.03187399171292782,1240875008,0,0,85017493504,0,0,,0,100629352448,121163436032,0
1791591010.6573482,0.028269007802009583,1240875008,0,0,85017493504,0,0,,0,100629680128,121163436032,0
1791591010.8575125,0.02834256924688816,1241337856,0,0,85017493504,0,0,,0,100630183936,121163436032,0
1791591011.0571642,0.027914147824048996,1242112000,0,0,85017493504,0,0,,0,100631027712,121163436032,0
1791591011.2541525,0.024820731952786446,1242406912,0,0,85017493504,0,0,,0,100631252992,121163436032,0
1791591011.4541986,0.02478286251425743,1242058752,0,0,85017493504,0,0,,0,100630495232,121163436032,0
1791591011.6546087,0.025105372071266174,1223032832,0,0,85017493504,0,0,,0,100588933120,121162260480,0
1791591011.8541121,0.024524593725800514,1228902400,0,0,85017493504,0,0,,0,100618383360,121162260480,0
1791591012.060091,0.030419152230024338,1244901376,0,0,85017493504,0,0,,0,100633608192,121162260480,0
1791591012.2598336,0.03007478453218937,1244983296,0,0,85017493504,0,0,,0,100634120192,121162260480,0
1791591012.4592094,0.02936476096510887,1244999680,0,0,85017493504,0,0,,0,100634226688,121162260480,0
1791591012.6569986,0.02706921473145485,1247002624,0,0,85017493504,0,0,,0,100635914240,121162260480,0
1791591012.8546536,0.02464013546705246,1247559680,0,0,85017493504,0,0,,0,100636536832,121162260480,0
1791591013.0565283,0.026433225721120834,1248829440,0,0,85017493504,0,0,,0,100637892608,121162260480,0
1791591013.254339,0.024122219532728195,1249271808,0,0,85017493504,0,0,,0,100638507008,121162260480,0
1791591013.4545045,0.02420448698103428,1249984512,0,0,85017493504,0,0,,0,100638969856,121162260480,0
1791591013.658418,0.028035342693328857,1250004992,0,0,85017493504,0,0,,0,100639051776,121162260480,0
1791591013.8610861,0.03063434362411499,1250004992,0,0,85017493504,0,0,,0,100639363072,121162260480,0
1791591014.05568,0.025143055245280266,1250013184,0,0,85017493504,0,0,,0,100639453184,121162260480,0
1791591014.2567906,0.026170069351792336,1250017280,0,0,85017493504,0,0,,0,100639514624,121162260480,0
1791591014.4575763,0.02683165669441223,1250017280,0,0,85017493504,0,0,,0,100639420416,121162260480,0
1791591014.6551933,0.024366237223148346,1249964032,0,0,85017493504,0,0,,0,100639199232,121162260480,0
1791591014.855314,0.024401675909757614,1250029568,0,0,85017493504,0,0,,0,100638986240,121162260480,0
1791591015.0556428,0.024645322933793068,1250029568,0,0,85017493504,0,0,,0,100638863360,121162260480,0
1791591015.257238,0.02615027129650116,1250033664,0,0,85017493504,0,0,,0,100638912512,121162260480,0
1791591015.4581983,0.026982592418789864,1249779712,0,0,85017493504,0,0,,0,100638654464,121162260480,0
1791591015.6619432,0.03064703941345215,1249779712,0,0,85017493504,0,0,,0,100638756864,121162260480,0
1791591015.8594897,0.028106506913900375,1249783808,0,0,85017493504,0,0,,0,100639109120,121162260480,0
1791591016.0620341,0.030568121001124382,1249775616,0,0,85017493504,0,0,,0,100638904320,121162260480,0
1791591016.2594256,0.027875440195202827,1260965888,0,0,85017493504,0,0,,0,100650086400,121162260480,0
1791591016.457838,0.026204243302345276,1260937216,0,0,85017493504,0,0,,0,100650135552,121162260480,0
1791591016.6580348,0.026320386677980423,1263923200,0,0,85017493504,0,0,,0,100653051904,121162260480,0
1791591016.8562071,0.024407586082816124,1263906816,0,0,85017493504,0,0,,0,100652937216,121162260480,0
1791591017.0615222,0.029629472643136978,1265946624,0,0,85017493504,0,0,,0,100654415872,121162260480,0
1791591017.260776,0.028794344514608383,1265745920,0,0,85017493504,0,0,,0,100654043136,121162260480,0
1791591017.4626958,0.03062109276652336,1265745920,0,0,85017493504,0,0,,0,100654387200,121162260480,0
1791591017.6624014,0.030227890238165855,1265745920,0,0,85017493504,0,0,,0,100653678592,121162260480,0
1791591017.8624005,0.030108368024230003,1265745920,0,0,85017493504,0,0,,0,100653744128,121162260480,0
1791591018.0692675,0.03689180128276348,1265745920,0,0,85017493504,0,0,,0,100653830144,121162260480,0
1791591018.2619696,0.029495183378458023,1265745920,0,0,85017493504,0,0,,0,100653699072,121162260480,0
1791591018.4642477,0.03167425096035004,1265737728,0,0,85017493504,0,0,,0,100654231552,121162260480,0
1791591018.6619189,0.029255613684654236,1222209536,0,0,85017493504,0,0,,0,100612411392,121160572928,0
1791591018.8618095,0.029060473665595055,1257910272,0,0,85017493504,0,0,,0,100649078784,121160572928,0
1791591019.0643797,0.03153744898736477,1260437504,0,0,85017493504,0,0,,0,100650610688,121160572928,0
1791591019.2626107,0.02968192845582962,1260883968,0,0,85017493504,0,0,,0,100650749952,121160507392,0
1791591019.4627848,0.029758527874946594,1261993984,0,0,85017493504,0,0,,0,100651880448,121160507392,0
1791591019.6600137,0.026902800425887108,1263583232,0,0,85017493504,0,0,,0,100653531136,121160507392,0
1791591019.8650007,0.03176893666386604,1263624192,0,0,85017493504,0,0,,0,100653568000,121160507392,0
1791591020.0637283,0.030411623418331146,1264353280,0,0,85017493504,0,0,,0,100654190592,121160507392,0
1791591020.2637358,0.03032568283379078,1264635904,0,0,85017493504,0,0,,0,100654514176,121160507392,0
1791591020.4621866,0.028685564175248146,1264824320,0,0,85017493504,0,0,,0,100654964736,121160507392,0
1791591020.6641252,0.03054313361644745,1265381376,0,0,85017493504,0,0,,0,100655243264,121160507392,0
1791591020.8648615,0.031186923384666443,1266229248,0,0,85017493504,0,0,,0,100656357376,121160507392,0
1791591021.0637407,0.02997036650776863,1266642944,0,0,85017493504,0,0,,0,100656332800,121160507392,0
1791591021.2634568,0.029598558321595192,1267425280,0,0,85017493504,0,0,,0,100657254400,121160507392,0
1791591021.462523,0.0285797119140625,1267425280,0,0,85017493504,0,0,,0,100657250304,121160507392,0
1791591021.6616514,0.027620604261755943,1267294208,0,0,85017493504,0,0,,0,100657557504,121160507392,0
1791591021.8639128,0.029793381690979004,1267294208,0,0,85017493504,0,0,,0,100657635328,121160507392,0
1791591022.0634718,0.02927306853234768,1267294208,0,0,85017493504,0,0,,0,100657491968,121160507392,0
1791591022.263131,0.028851158916950226,1266929664,0,0,85017493504,0,0,,0,100657332224,121160503296,0
1791591022.464918,0.030555374920368195,1266921472,0,0,85017493504,0,0,,0,100657152000,121160503296,0
1791591022.6647158,0.030269719660282135,1266917376,0,0,85017493504,0,0,,0,100657369088,121160503296,0
1791591022.8609054,0.02637753263115883,1266917376,0,0,85017493504,0,0,,0,100657356800,121160503296,0
1791591023.0600767,0.025460291653871536,1266917376,0,0,85017493504,0,0,,0,100657225728,121160503296,0
1791591023.2597291,0.02503037638962269,1266917376,0,0,85017493504,0,0,,0,100656975872,121160503296,0
1791591023.460023,0.025242013856768608,1266937856,0,0,85017493504,0,0,,0,100657065984,121160503296,0
1791591023.6633403,0.028475956991314888,1267245056,0,0,85017493504,0,0,,0,100657426432,121160503296,0
1791591023.8624067,0.02745637483894825,1267245056,0,0,85017493504,0,0,,0,100657258496,121160503296,0
1791591024.0667477,0.03171566314995289,1267683328,0,0,85017493504,0,0,,0,100657643520,121160503296,0
1791591024.2644768,0.029361236840486526,1267703808,0,0,85017493504,0,0,,0,100657774592,121160503296,0
1791591024.465633,0.03042783960700035,1267978240,0,0,85017493504,0,0,,0,100658114560,121160503296,0
1791591024.6641903,0.02889171987771988,1268002816,0,0,85017493504,0,0,,0,100658769920,121160503296,0
1791591024.8632684,0.02788812480866909,1210322944,0,0,85017493504,0,0,,0,100603318272,121158746112,0
1791591025.0626009,0.027142051607370377,1233661952,0,0,85017493504,0,0,,0,100625965056,121158746112,0
1791591025.2650175,0.029479801654815674,1244467200,0,0,85017493504,0,0,,0,100637110272,121158746112,0
1791591025.4647195,0.029063716530799866,1246498816,0,0,85017493504,0,0,,0,100639305728,121158746112,0
1791591025.6657264,0.02999119833111763,1246773248,0,0,85017493504,0,0,,0,100639592448,121158746112,0
1791591025.8647096,0.028892748057842255,1247973376,0,0,85017493504,0,0,,0,100640636928,121158746112,0
1791591026.063636,0.027736429125070572,1247993856,0,0,85017493504,0,0,,0,100640772096,121158746112,0
1791591026.2628393,0.026858238503336906,1247993856,0,0,85017493504,0,0,,0,100640763904,121158746112,0
1791591026.4670205,0.03092493675649166,1247993856,0,0,85017493504,0,0,,0,100640477184,121158746112,0
1791591026.663726,0.027511553838849068,1247993856,0,0,85017493504,0,0,,0,100640837632,121158746112,0
1791591026.860567,0.024270152673125267,1247993856,0,0,85017493504,0,0,,0,100640419840,121158746112,0
1791591027.064131,0.027755651623010635,1247993856,0,0,85017493504,0,0,,0,100640751616,121158746112,0
1791591027.2615154,0.025056688115000725,1249849344,0,0,85017493504,0,0,,0,100642402304,121158684672,0
1791591027.4611073,0.024567343294620514,1249849344,0,0,85017493504,0,0,,0,100642492416,121158684672,0
1791591027.6608355,0.024213168770074844,1249849344,0,0,85017493504,0,0,,0,100642549760,121158684672,0
1791591027.865828,0.02912425994873047,1249853440,0,0,85017493504,0,0,,0,100642611200,121158684672,0
1791591028.065665,0.028861472383141518,1249669120,0,0,85017493504,0,0,,0,100641640448,121158684672,0
1791591028.2668552,0.02996879257261753,1249669120,0,0,85017493504,0,0,,0,100641861632,121158684672,0
1791591028.4659834,0.029008986428380013,1249660928,0,0,85017493504,0,0,,0,100642152448,121158684672,0
1791591028.6642096,0.027153566479682922,1253113856,0,0,85017493504,0,0,,0,100645732352,121158684672,0
1791591028.8623476,0.02521001361310482,1252847616,0,0,85017493504,0,0,,0,100645552128,121158684672,0
1791591029.061569,0.024349065497517586,1252847616,0,0,85017493504,0,0,,0,100645306368,121158684672,0
1791591029.261774,0.024472443386912346,1252847616,0,0,85017493504,0,0,,0,100645101568,121158684672,0
1791591029.4615214,0.024136535823345184,1252847616,0,0,85017493504,0,0,,0,100645191680,121158684672,0
1791591029.6618736,0.024405186995863914,1252847616,0,0,85017493504,0,0,,0,100644208640,121158684672,0
1791591029.8685024,0.03095240890979767,1251774464,0,0,85017493504,0,0,,0,100644114432,121158684672,0
1791591030.0685978,0.030956104397773743,1251770368,0,0,85017493504,0,0,,0,100644212736,121158684672,0
1791591030.267566,0.02981404773890972,1251770368,0,0,85017493504,0,0,,0,100644286464,121158684672,0
1791591030.4674892,0.02964559756219387,1251983360,0,0,85017493504,0,0,,0,100644507648,121158684672,0
1791591030.6648247,0.026899199932813644,1255088128,0,0,85017493504,0,0,,0,100647477248,121158684672,0
1791591030.8628285,0.024818595498800278,1206611968,0,0,85017493504,0,0,,0,100600819712,121157435392,0
1791591031.0623198,0.024227803573012352,1229615104,0,0,85017493504,0,0,,0,100623388672,121157435392,0
1791591031.2622643,0.024091431871056557,1254019072,0,0,85017493504,0,0,,0,100639207424,121157435392,0
1791591031.462454,0.024199584499001503,1246109696,0,0,85017493504,0,0,,0,100639555584,121157435392,0
1791591031.6624126,0.024078235030174255,1247039488,0,0,85017493504,0,0,,0,100640702464,121157435392,0
1791591031.8696578,0.031238863244652748,1248387072,0,0,85017493504,0,0,,0,100641751040,121157435392,0
1791591032.0696688,0.031132346019148827,1248903168,0,0,85017493504,0,0,,0,100642570240,121157435392,0
1791591032.2661974,0.027579061686992645,1249894400,0,0,85017493504,0,0,,0,100643622912,121157435392,0
1791591032.4633255,0.024624072015285492,1250074624,0,0,85017493504,0,0,,0,100643590144,121157435392,0
1791591032.6658125,0.02702934667468071,1250185216,0,0,85017493504,0,0,,0,100643524608,121157435392,0
1791591032.8634512,0.024584611877799034,1250353152,0,0,85017493504,0,0,,0,100643872768,121157435392,0
1791591033.0630083,0.02406126819550991,1251995648,0,0,85017493504,0,0,,0,100645752832,121157435392,0
1791591033.2637663,0.024739228188991547,1251999744,0,0,85017493504,0,0,,0,100645568512,121157435392,0
1791591033.4660106,0.026901990175247192,1253474304,0,0,85017493504,0,0,,0,100646866944,121157435392,0
1791591033.6697764,0.03054894134402275,1253474304,0,0,85017493504,0,0,,0,100646993920,121157435392,0
1791591033.868933,0.029583999887108803,1253474304,0,0,85017493504,0,0,,0,100647235584,121157435392,0
1791591034.0686476,0.029217300936579704,1253474304,0,0,85017493504,0,0,,0,100647321600,121157435392,0
1791591034.2699518,0.030427755787968636,1253474304,0,0,85017493504,0,0,,0,100647149568,121157435392,0
1791591034.4692757,0.02965637668967247,1253474304,0,0,85017493504,0,0,,0,100646895616,121157435392,0
1791591034.669584,0.029879700392484665,1253318656,0,0,85017493504,0,0,,0,100646801408,121157435392,0
1791591034.8684988,0.028707167133688927,1253318656,0,0,85017493504,0,0,,0,100646813696,121157435392,0
1791591035.0678034,0.02792954258620739,1253314560,0,0,85017493504,0,0,,0,100646731776,121157435392,0
1791591035.2647212,0.024766772985458374,1253314560,0,0,85017493504,0,0,,0,100646830080,121157435392,0
1791591035.4640796,0.024043988436460495,1253314560,0,0,85017493504,0,0,,0,100646924288,121157435392,0
1791591035.6703494,0.0302327461540699,1253314560,0,0,85017493504,0,0,,0,100646993920,121157435392,0
1791591035.8689923,0.028792906552553177,1253310464,0,0,85017493504,0,0,,0,100647276544,121157435392,0
1791591036.0680535,0.027773335576057434,1253310464,0,0,85017493504,0,0,,0,100646989824,121157435392,0
1791591036.2651691,0.024808168411254883,1254387712,0,0,85017493504,0,0,,0,100648103936,121157435392,0
1791591036.4693882,0.028945574536919594,1255510016,0,0,85017493504,0,0,,0,100649394176,121157435392,0
1791591036.6698856,0.029363883659243584,1255944192,0,0,85017493504,0,0,,0,100650008576,121157435392,0
1791591036.866094,0.0254910197108984,1255985152,0,0,85017493504,0,0,,0,100649738240,121157435392,0
1791591037.064914,0.02422999031841755,1258524672,0,0,85017493504,0,0,,0,100652187648,121157435392,0
1791591037.2653105,0.02454320527613163,1259216896,0,0,85017493504,0,0,,0,100652773376,121157435392,0
1791591037.4698741,0.02901885099709034,1259220992,0,0,85017493504,0,0,,0,100652556288,121157435392,0
1791591037.6690729,0.028134847059845924,1219276800,0,0,85017493504,0,0,,0,100614938624,121155702784,0
1791591037.8712044,0.03018229827284813,1250254848,0,0,85017493504,0,0,,0,100645548032,121155702784,0
1791591038.070415,0.029310688376426697,1245343744,0,0,85017493504,0,0,,0,100640616448,121155702784,0
1791591038.2756867,0.03445887565612793,1246666752,0,0,85017493504,0,0,,0,100642275328,121155702784,0
1791591038.4803364,0.03902398981153965,1247711232,0,0,85017493504,0,0,,0,100643364864,121155702784,0
1791591038.6703405,0.028910936787724495,1248063488,0,0,85017493504,0,0,,0,100644417536,121155702784,0
1791591038.8691714,0.027639266103506088,1248681984,0,0,85017493504,0,0,,0,100644515840,121155702784,0
1791591039.071025,0.029410723596811295,1248677888,0,0,85017493504,0,0,,0,100644560896,121155702784,0
1791591039.26653,0.024831505492329597,1249476608,0,0,85017493504,0,0,,0,100645441536,121155702784,0
1791591039.4698453,0.028060905635356903,1250279424,0,0,85017493504,0,0,,0,100645711872,121155702784,0
1791591039.6731167,0.031244952231645584,1252323328,0,0,85017493504,0,0,,0,100647579648,121155702784,0
1791591039.8717675,0.02977638691663742,1252323328,0,0,85017493504,0,0,,0,100647911424,121155702784,0
1791591040.0694373,0.027355078607797623,1252323328,0,0,85017493504,0,0,,0,100647837696,121155702784,0
1791591040.2717426,0.029578547924757004,1252323328,0,0,85017493504,0,0,,0,100647796736,121155702784,0
1791591040.471279,0.029025889933109283,1250131968,0,0,85017493504,0,0,,0,100645572608,121155702784,0
1791591040.6715794,0.029244812205433846,1250127872,0,0,85017493504,0,0,,0,100645769216,121155702784,0
1791591040.8726246,0.030182132497429848,1250127872,0,0,85017493504,0,0,,0,100645220352,121155702784,0
1791591041.0721538,0.029629167169332504,1250263040,0,0,85017493504,0,0,,0,100645826560,121155702784,0
1791591041.2709138,0.0283088106662035,1250258944,0,0,85017493504,0,0,,0,100645797888,121155702784,0
1791591041.4707203,0.028034066781401634,1250258944,0,0,85017493504,0,0,,0,100645695488,121155702784,0
1791591041.673049,0.03027890995144844,1250258944,0,0,85017493504,0,0,,0,100645650432,121155702784,0
1791591041.872471,0.02961546741425991,1252167680,0,0,85017493504,0,0,,0,100647858176,121155702784,0
1791591042.070553,0.027616312727332115,1252216832,0,0,85017493504,0,0,,0,100647739392,121155702784,0
1791591042.2718008,0.028783056885004044,1252257792,0,0,85017493504,0,0,,0,100648275968,121155702784,0
1791591042.473638,0.030524084344506264,1256845312,0,0,85017493504,0,0,,0,100651970560,121155702784,0
1791591042.6703987,0.027203120291233063,1261264896,0,0,85017493504,0,0,,0,100656615424,121155702784,0
1791591042.8687418,0.025463908910751343,1203896320,0,0,85017493504,0,0,,0,100601241600,121154060288,0
1791591043.068931,0.025571150705218315,1231179776,0,0,85017493504,0,0,,0,100628152320,121154060288,0
1791591043.2682955,0.024854449555277824,1240395776,0,0,85017493504,0,0,,0,100637044736,121154060288,0
1791591043.473055,0.029532048851251602,1240449024,0,0,85017493504,0,0,,0,100637016064,121154060288,0
1791591043.6734977,0.029895074665546417,1241313280,0,0,85017493504,0,0,,0,100637822976,121154060288,0
1791591043.873016,0.02932925522327423,1241788416,0,0,85017493504,0,0,,0,100638932992,121154060288,0
1791591044.0718865,0.028113974258303642,1244196864,0,0,85017493504,0,0,,0,100640972800,121154060288,0
1791591044.2740364,0.03014965169131756,1244409856,0,0,85017493504,0,0,,0,100640808960,121154060288,0
1791591044.4743042,0.030326826497912407,1245954048,0,0,85017493504,0,0,,0,100642357248,121154060288,0
1791591044.6733,0.029239360243082047,1245954048,0,0,85017493504,0,0,,0,100642816000,121154060288,0
1791591044.8744087,0.0302452240139246,1248837632,0,0,85017493504,0,0,,0,100646301696,121154060288,0
1791591045.0719078,0.02766203135251999,1251463168,0,0,85017493504,0,0,,0,100648771584,121154060288,0
1791591045.27057,0.026245132088661194,1251467264,0,0,85017493504,0,0,,0,100648501248,121154060288,0
1791591045.4702778,0.02586580626666546,1251471360,0,0,85017493504,0,0,,0,100648599552,121154060288,0
1791591045.6707876,0.026295291259884834,1251475456,0,0,85017493504,0,0,,0,100648452096,121154060288,0
1791591045.8742325,0.02966207265853882,1251487744,0,0,85017493504,0,0,,0,100648542208,121154060288,0
1791591046.0745459,0.02986988052725792,1251487744,0,0,85017493504,0,0,,0,100648550400,121154060288,0
1791591046.2735245,0.02876557782292366,1251483648,0,0,85017493504,0,0,,0,100648579072,121154060288,0
1791591046.474479,0.029636794701218605,1251545088,0,0,85017493504,0,0,,0,100648800256,121154060288,0
1791591046.6742883,0.029362671077251434,1251545088,0,0,85017493504,0,0,,0,100648800256,121154060288,0
1791591046.8729708,0.027965663000941277,1251545088,0,0,85017493504,0,0,,0,100648828928,121154060288,0
1791591047.07206,0.026974624022841454,1251545088,0,0,85017493504,0,0,,0,100648919040,121154060288,0
1791591047.2703032,0.02513367496430874,1251545088,0,0,85017493504,0,0,,0,100648267776,121154060288,0
1791591047.4704592,0.025199173018336296,1251545088,0,0,85017493504,0,0,,0,100648542208,121154060288,0
1791591047.675126,0.02978578396141529,1251606528,0,0,85017493504,0,0,,0,100648513536,121154060288,0
1791591047.8747191,0.02930036373436451,1252392960,0,0,85017493504,0,0,,0,100649533440,121154060288,0
1791591048.0718815,0.02638176828622818,1252392960,0,0,85017493504,0,0,,0,100649623552,121154060288,0
1791591048.2741737,0.028593575581908226,1253343232,0,0,85017493504,0,0,,0,100650237952,121154060288,0
1791591048.4759865,0.030281279236078262,1111265280,0,0,85017493504,0,0,,0,100134404096,121134768128,0
1791591048.675696,0.02991514280438423,264646656,0,0,85017493504,0,0,,0,99636776960,121134821376,0
1791591048.873232,0.027340902015566826,192954368,0,0,85017493504,0,0,,0,99637248000,121134780416,0
1791591049.0757,0.029702555388212204,15884288,0,0,85017493504,0,0,,1,99570335744,121134809088,0
