unix_seconds,sample_duration_seconds,host_tree_rss_bytes,host_tree_swap_bytes,whole_gpu_used_bytes,whole_gpu_free_bytes,resident_host_W_lower_bound_bytes,resident_device_W_bytes,sampled_temporary_bytes,W_transition_incomplete,cgroup_memory_current_bytes,disk_available_bytes,smaps_read_failures
1791591085.3891351,0.032789040356874466,50753536,0,0,85017493504,0,0,50753536,0,99619454976,121125371904,0
1791591085.582735,0.02632366493344307,78962688,0,0,85017493504,0,0,78962688,0,99646943232,121125367808,0
1791591085.7870321,0.030534179881215096,79294464,0,0,85017493504,0,0,79294464,0,99646787584,121125367808,0
1791591085.986426,0.029845615848898888,79294464,0,0,85017493504,0,0,79294464,0,99647090688,121125367808,0
1791591086.1853259,0.028662893921136856,79294464,0,0,85017493504,0,0,79294464,0,99647152128,121125367808,0
1791591086.3841157,0.027369225397706032,79294464,0,0,85017493504,0,0,79294464,0,99647188992,121125367808,0
1791591086.5862432,0.029408002272248268,79294464,0,0,85017493504,0,0,79294464,0,99646857216,121125367808,0
1791591086.7886865,0.03176865354180336,79294464,0,0,85017493504,0,0,79294464,0,99646676992,121125367808,0
1791591086.987142,0.030138052999973297,79294464,0,0,85017493504,0,0,79294464,0,99646529536,121125367808,0
1791591087.1861353,0.029030438512563705,79294464,0,0,85017493504,0,0,79294464,0,99646550016,121125367808,0
1791591087.3858209,0.028578324243426323,79298560,0,0,85017493504,0,0,79298560,0,99646676992,121125367808,0
1791591087.5858793,0.028546376153826714,79302656,0,0,85017493504,0,0,79302656,0,99646771200,121125367808,0
1791591087.7821932,0.024776974692940712,79306752,0,0,85017493504,0,0,79306752,0,99646849024,121125367808,0
1791591087.9848857,0.027363812550902367,88100864,0,0,85017493504,0,0,88100864,0,99655557120,121125367808,0
1791591088.183933,0.026305343955755234,88100864,0,0,85017493504,0,0,88100864,0,99655622656,121125367808,0
1791591088.3875241,0.029789268970489502,88100864,0,0,85017493504,0,0,88100864,0,99655741440,121125367808,0
1791591088.5878544,0.03003653883934021,88104960,0,0,85017493504,0,0,88104960,0,99655589888,121125367808,0
1791591088.7878594,0.029920754954218864,88104960,0,0,85017493504,0,0,88104960,0,99655929856,121125367808,0
1791591088.9870696,0.02902444452047348,88104960,0,0,85017493504,0,0,88104960,0,99656019968,121125367808,0
1791591089.1833153,0.025175414979457855,88104960,0,0,85017493504,0,0,88104960,0,99656069120,121125367808,0
1791591089.3841946,0.025945192202925682,88104960,0,0,85017493504,0,0,88104960,0,99655888896,121125367808,0
1791591089.5868464,0.028499748557806015,88104960,0,0,85017493504,0,0,88104960,0,99655639040,121125367808,0
1791591089.78767,0.029223822057247162,88104960,0,0,85017493504,0,0,88104960,0,99655327744,121125367808,0
1791591089.9842227,0.025677761062979698,88104960,0,0,85017493504,0,0,88104960,0,99655426048,121125367808,0
1791591090.1846683,0.026026682928204536,88104960,0,0,85017493504,0,0,88104960,0,99655483392,121125367808,0
1791591090.3920403,0.0332962442189455,88104960,0,0,85017493504,0,0,88104960,0,99655897088,121125367808,0
1791591090.5869932,0.028164871037006378,96894976,0,0,85017493504,0,0,96894976,0,99664945152,121125367808,0
1791591090.7874503,0.028541939333081245,96894976,0,0,85017493504,0,0,96894976,0,99664953344,121125367808,0
1791591090.9861608,0.027171488851308823,96894976,0,0,85017493504,0,0,96894976,0,99664855040,121125367808,0
1791591091.1839144,0.02484436146914959,96894976,0,0,85017493504,0,0,96894976,0,99664699392,121125367808,0
1791591091.3831007,0.023945797234773636,96894976,0,0,85017493504,0,0,96894976,0,99664797696,121125367808,0
1791591091.5829113,0.02367582358419895,96894976,0,0,85017493504,0,0,96894976,0,99664625664,121125367808,0
1791591091.7880104,0.02869557775557041,96894976,0,0,85017493504,0,0,96894976,0,99664564224,121125367808,0
1791591091.989041,0.02961776778101921,96899072,0,0,85017493504,0,0,96899072,0,99664777216,121125367808,0
1791591092.1888885,0.029384437948465347,96899072,0,0,85017493504,0,0,96899072,0,99664863232,121125367808,0
1791591092.3894851,0.02990003675222397,96899072,0,0,85017493504,0,0,96899072,0,99664977920,121125367808,0
1791591092.5895007,0.02982752025127411,96903168,0,0,85017493504,0,0,96903168,0,99665305600,121125363712,0
1791591092.7871068,0.027344368398189545,96903168,0,0,85017493504,0,0,96903168,0,99664883712,121125363712,0
1791591092.9844775,0.0246311966329813,125423616,0,0,85017493504,0,0,125423616,0,99693309952,121125359616,0
1791591093.1880858,0.028147859498858452,130326528,0,0,85017493504,0,0,130326528,0,99697745920,121125359616,0
1791591093.3881967,0.028171733021736145,130326528,0,0,85017493504,0,0,130326528,0,99697733632,121125359616,0
1791591093.587539,0.02742631547152996,130326528,0,0,85017493504,0,0,130326528,0,99697815552,121125359616,0
1791591093.7908823,0.03068791888654232,130326528,0,0,85017493504,0,0,130326528,0,99697889280,121125359616,0
1791591093.9874876,0.027212560176849365,130326528,0,0,85017493504,0,0,130326528,0,99698327552,121125359616,0
1791591094.1906776,0.030319616198539734,130326528,0,0,85017493504,0,0,130326528,0,99698204672,121125359616,0
1791591094.3874507,0.02701069973409176,130326528,0,0,85017493504,0,0,130326528,0,99698298880,121125359616,0
1791591094.589998,0.02947448007762432,130326528,0,0,85017493504,0,0,130326528,0,99698163712,121125359616,0
1791591094.7901852,0.0295803751796484,130326528,0,0,85017493504,0,0,130326528,0,99698229248,121125359616,0
1791591094.9902635,0.02956569194793701,130326528,0,0,85017493504,0,0,130326528,0,99698307072,121125359616,0
1791591095.1924474,0.03166672773659229,130326528,0,0,85017493504,0,0,130326528,0,99697790976,121125359616,0
1791591095.3918166,0.03092268481850624,130326528,0,0,85017493504,0,0,130326528,0,99697750016,121125359616,0
1791591095.5898542,0.0288762915879488,141156352,0,0,85017493504,0,0,141156352,0,99708399616,121125359616,0
1791591095.7923086,0.031246384605765343,141156352,0,0,85017493504,0,0,141156352,0,99708350464,121125359616,0
1791591095.9913,0.03015553206205368,141156352,0,0,85017493504,0,0,141156352,0,99708346368,121125359616,0
1791591096.1914685,0.03023866005241871,141156352,0,0,85017493504,0,0,141156352,0,99708440576,121125359616,0
1791591096.387487,0.026177026331424713,141156352,0,0,85017493504,0,0,141156352,0,99708510208,121125359616,0
1791591096.5923564,0.030961869284510612,141156352,0,0,85017493504,0,0,141156352,0,99708420096,121125359616,0
1791591096.790979,0.029487472027540207,141156352,0,0,85017493504,0,0,141156352,0,99708502016,121125359616,0
1791591096.9908943,0.029327979311347008,141156352,0,0,85017493504,0,0,141156352,0,99708596224,121125359616,0
1791591097.1900282,0.028360100463032722,141160448,0,0,85017493504,0,0,141160448,0,99708674048,121125359616,0
1791591097.3882937,0.026523912325501442,141160448,0,0,85017493504,0,0,141160448,0,99708665856,121125359616,0
1791591097.589093,0.027224168181419373,141160448,0,0,85017493504,0,0,141160448,0,99708497920,121125359616,0
1791591097.792345,0.03037627786397934,141160448,0,0,85017493504,0,0,141160448,0,99708637184,121125359616,0
1791591097.9921842,0.030133025720715523,141807616,0,0,85017493504,0,0,141807616,0,99709140992,121125359616,0
1791591098.19101,0.02887502871453762,147939328,0,0,85017493504,0,0,147939328,0,99714949120,121125359616,0
1791591098.38931,0.027094431221485138,147939328,0,0,85017493504,0,0,147939328,0,99714732032,121125359616,0
1791591098.5921142,0.029809432104229927,147939328,0,0,85017493504,0,0,147939328,0,99714740224,121125359616,0
1791591098.7914834,0.029094813391566277,147939328,0,0,85017493504,0,0,147939328,0,99715317760,121125359616,0
1791591098.9894767,0.026987813413143158,147939328,0,0,85017493504,0,0,147939328,0,99715149824,121125359616,0
1791591099.188487,0.02589746005833149,147939328,0,0,85017493504,0,0,147939328,0,99715174400,121125359616,0
1791591099.3904831,0.027791017666459084,147939328,0,0,85017493504,0,0,147939328,0,99714510848,121125359616,0
1791591099.5919862,0.029194314032793045,147939328,0,0,85017493504,0,0,147939328,0,99714818048,121125359616,0
1791591099.793121,0.030225569382309914,147939328,0,0,85017493504,0,0,147939328,0,99715198976,121125359616,0
1791591099.9916472,0.028672339394688606,147939328,0,0,85017493504,0,0,147939328,0,99715555328,121125355520,0
1791591100.1917536,0.028699031099677086,147939328,0,0,85017493504,0,0,147939328,0,99715534848,121125355520,0
1791591100.3912625,0.02809956669807434,147939328,0,0,85017493504,0,0,147939328,0,99715833856,121125355520,0
1791591100.5900044,0.026745712384581566,137084928,0,0,85017493504,0,0,137084928,0,99704827904,121125351424,0
1791591100.7905548,0.027212567627429962,137101312,0,0,85017493504,0,0,137101312,0,99704811520,121125351424,0
1791591100.9897325,0.026272539049386978,137117696,0,0,85017493504,0,0,137117696,0,99704659968,121125351424,0
1791591101.1927347,0.029145432636141777,137125888,0,0,85017493504,0,0,137125888,0,99704705024,121125351424,0
1791591101.3922024,0.028528112918138504,156635136,0,0,85017493504,0,0,,1,99724242944,121125347328,0
1791591101.6012828,0.037525590509176254,368533504,0,0,85017493504,201891840,0,166641664,0,99938693120,121125347328,0
1791591101.802266,0.03840910084545612,574066688,0,0,85017493504,407412736,0,166653952,0,100144484352,121125347328,0
1791591102.002022,0.03807545453310013,779624448,0,0,85017493504,610836480,0,168787968,0,100348506112,121125347328,0
1791591102.2009695,0.03693890757858753,976756736,0,0,85017493504,810065920,0,166690816,0,100545683456,121125347328,0
1791591102.401198,0.03706813417375088,1176002560,0,0,85017493504,1009295360,0,166707200,0,100745330688,121125347328,0
1791591102.6008434,0.036632977426052094,1375232000,0,0,85017493504,1208524800,0,166707200,0,100944404480,121125347328,0
1791591102.8013382,0.0370364785194397,1561878528,0,0,85017493504,1395171328,0,166707200,0,101131526144,121125347328,0
1791591102.9996626,0.03525886684656143,1759010816,0,0,85017493504,1594400768,0,164610048,0,101329018880,121125347328,0
1791591103.1993268,0.03483814001083374,1960337408,0,0,85017493504,1793630208,0,166707200,0,101530636288,121125347328,0
1791591103.397649,0.033076897263526917,2155388928,0,0,85017493504,1992859648,0,162529280,0,101727899648,121125347328,0
1791591103.598499,0.03384253568947315,2348326912,0,0,85017493504,2185797632,0,162529280,0,101921177600,121125347328,0
1791591103.8003664,0.03560272976756096,2543362048,0,0,85017493504,2378735616,0,164626432,0,102114656256,121125347328,0
1791591104.0024264,0.03756885975599289,2736300032,0,0,85017493504,2569576448,0,166723584,0,102307909632,121125347328,0
1791591104.201389,0.03644650988280773,2931335168,0,0,85017493504,2764611584,0,166723584,0,102503858176,121125347328,0
1791591104.4017963,0.036767056211829185,3128483840,0,0,85017493504,2961743872,0,166739968,0,102703210496,121125347328,0
1791591104.6044471,0.03932955302298069,3321421824,0,0,85017493504,3154681856,0,166739968,0,102896762880,121125347328,0
1791591104.801436,0.0362339299172163,3518554112,0,0,85017493504,3351814144,0,166739968,0,103092252672,121125347328,0
1791591105.0004895,0.03520329296588898,3713589248,0,0,85017493504,3548946432,0,164642816,0,103289729024,121125347328,0
1791591105.1999648,0.03459397330880165,3912818688,0,0,85017493504,3748175872,0,164642816,0,103487164416,121125347328,0
1791591105.401229,0.03577660210430622,4112048128,0,0,85017493504,3947405312,0,164642816,0,103689461760,121125347328,0
1791591105.6039562,0.03842186741530895,4317585408,0,0,85017493504,4148731904,0,168853504,0,103893213184,121125347328,0
1791591105.8027866,0.037138557061553,4518912000,0,0,85017493504,4352155648,0,166756352,0,104094461952,121125347328,0
1791591106.0012631,0.035531675443053246,4718141440,0,0,85017493504,4553482240,0,164659200,0,104293777408,121125347328,0
1791591106.204212,0.038393670693039894,4911079424,0,0,85017493504,4744323072,0,166756352,0,104487325696,121125347328,0
1791591106.4019663,0.036065177991986275,5099823104,0,0,85017493504,4935163904,0,164659200,0,104678526976,121125347328,0
1791591106.602992,0.03700363263487816,5305344000,0,0,85017493504,5138587648,0,166756352,0,104882319360,121125347328,0
1791591106.8018088,0.035736555233597755,5504589824,0,0,85017493504,5337817088,0,166772736,0,105082167296,121125347328,0
1791591106.9895139,0.02337520383298397,5693333504,0,0,85017493504,5534949376,0,158384128,0,105271046144,121125343232,0
1791591107.196046,0.02982022799551487,5898854400,0,0,85017493504,5736275968,0,162578432,0,105477193728,121125343232,0
1791591107.3944786,0.028185183182358742,6100180992,0,0,85017493504,5937602560,0,162578432,0,105678876672,121125343232,0
1791591107.602764,0.036377979442477226,6307799040,0,0,85017493504,6141026304,0,166772736,0,105886609408,121125343232,0
1791591107.8031309,0.036650704219937325,6509125632,0,0,85017493504,6340255744,0,168869888,0,106088546304,121125343232,0
1791591108.0048156,0.038240622729063034,6708371456,0,0,85017493504,6541582336,0,166789120,0,106288128000,121125343232,0
1791591108.205685,0.039019374176859856,6905503744,0,0,85017493504,6736617472,0,168886272,0,106485481472,121125343232,0
1791591108.4053197,0.03854573518037796,7098445824,0,0,85017493504,6931652608,0,166793216,0,106679250944,121125343232,0
1791591108.605268,0.03839907981455326,7287189504,0,0,85017493504,7122493440,0,164696064,0,106868314112,121125343232,0
1791591108.805207,0.038239842280745506,7478030336,0,0,85017493504,7311237120,0,166793216,0,107059466240,121125343232,0
1791591109.0030258,0.03596433997154236,7664676864,0,0,85017493504,7502077952,0,162598912,0,107246755840,121125343232,0
1791591109.204605,0.037448544055223465,7857631232,0,0,85017493504,7692918784,0,164712448,0,107439955968,121125343232,0
1791591109.407255,0.0399904977530241,8044277760,0,0,85017493504,7879565312,0,164712448,0,107626438656,121125343232,0
1791591109.6045668,0.037201764062047005,8222535680,0,0,85017493504,8059920384,0,162615296,0,107807125504,121125343232,0
1791591109.8060336,0.03858521394431591,8417570816,0,0,85017493504,8250761216,0,166809600,0,108000714752,121125343232,0
1791591110.0024235,0.034883227199316025,8606314496,0,0,85017493504,8441602048,0,164712448,0,108189749248,121125343232,0
1791591110.2060628,0.03842932917177677,8799268864,0,0,85017493504,8632442880,0,166825984,0,108383305728,121125343232,0
1791591110.4056222,0.037898408249020576,8990109696,0,0,85017493504,8825380864,0,164728832,0,108574642176,121125343232,0
1791591110.6064563,0.03863902762532234,9185144832,0,0,85017493504,9018318848,0,166825984,0,108770516992,121125343232,0
1791591110.8122272,0.044298330321908,9382277120,0,0,85017493504,9211256832,0,171020288,0,108968235008,121125343232,0
1791591111.0057685,0.03774605505168438,9568923648,0,0,85017493504,9402097664,0,166825984,0,109154975744,121125343232,0
1791591111.2030592,0.03494652546942234,9747181568,0,0,85017493504,9584549888,0,162631680,0,109333831680,121125343232,0
1791591111.405146,0.03694184124469757,9942216704,0,0,85017493504,9777487872,0,164728832,0,109529010176,121125343232,0
1791591111.6049216,0.036632832139730453,10126766080,0,0,85017493504,9962037248,0,164728832,0,109714284544,121125343232,0
1791591111.8058426,0.037466758862137794,10321801216,0,0,85017493504,10157072384,0,164728832,0,109909450752,121125343232,0
1791591112.0039515,0.03548789955675602,10512642048,0,0,85017493504,10347913216,0,164728832,0,110100635648,121125343232,0
1791591112.2057989,0.03724601864814758,10707677184,0,0,85017493504,10542948352,0,164728832,0,110296281088,121125343232,0
1791591112.4071212,0.03847987577319145,10904809472,0,0,85017493504,10737983488,0,166825984,0,110493605888,121125343232,0
1791591112.6071644,0.038419781252741814,11097747456,0,0,85017493504,10930921472,0,166825984,0,110686486528,121125343232,0
1791591112.8070748,0.0382453091442585,11296976896,0,0,85017493504,11130150912,0,166825984,0,110885523456,121125343232,0
1791591113.0084732,0.03954530693590641,11483623424,0,0,85017493504,11314700288,0,168923136,0,111073034240,121125343232,0
1791591113.2102308,0.04120016284286976,11672367104,0,0,85017493504,11503443968,0,168923136,0,111262015488,121125343232,0
1791591113.4080663,0.03893156908452511,11865305088,0,0,85017493504,11700576256,0,164728832,0,111457406976,121125343232,0
1791591113.6026392,0.0334104560315609,12054048768,0,0,85017493504,11893514240,0,160534528,0,111646502912,121125343232,0
1791591113.8025537,0.03323814086616039,12246986752,0,0,85017493504,12084355072,0,162631680,0,111837429760,121125339136,0
1791591114.0072043,0.03779487684369087,12442021888,0,0,85017493504,12277293056,0,164728832,0,112033067008,121125339136,0
1791591114.208206,0.03870959207415581,12639154176,0,0,85017493504,12470231040,0,168923136,0,112230248448,121125339136,0
1791591114.4079363,0.038325974717736244,12823703552,0,0,85017493504,12658974720,0,164728832,0,112415670272,121125339136,0
1791591114.615079,0.04537655971944332,13012447232,0,0,85017493504,12839329792,0,173117440,0,112604536832,121125339136,0
1791591114.8088992,0.03911210969090462,13192806400,0,0,85017493504,13028073472,0,164732928,0,112785010688,121125339136,0
1791591115.0056973,0.03582259640097618,13379452928,0,0,85017493504,13216817152,0,162635776,0,112972533760,121125339136,0
1791591115.2060351,0.036081116646528244,13559808000,0,0,85017493504,13399269376,0,160538624,0,113153241088,121125339136,0
1791591115.405831,0.03578687645494938,13746454528,0,0,85017493504,13585915904,0,160538624,0,113341018112,121125339136,0
1791591115.606871,0.036740707233548164,13926809600,0,0,85017493504,13764173824,0,162635776,0,113521729536,121125339136,0
1791591115.8077176,0.037491122260689735,14113456128,0,0,85017493504,13948723200,0,164732928,0,113708343296,121125339136,0
1791591116.0091019,0.03879358060657978,14300102656,0,0,85017493504,14135369728,0,164732928,0,113895780352,121125339136,0
1791591116.2094402,0.03904656693339348,14486749184,0,0,85017493504,14317821952,0,168927232,0,114082508800,121125339136,0
1791591116.4061024,0.03561675548553467,14683881472,0,0,85017493504,14519148544,0,164732928,0,114280038400,121125339136,0
1791591116.6091678,0.03858925774693489,14885208064,0,0,85017493504,14718377984,0,166830080,0,114481618944,121125339136,0
1791591116.8082213,0.03755941987037659,15082340352,0,0,85017493504,14915510272,0,166830080,0,114678837248,121125339136,0
1791591117.0060647,0.03531239368021488,15279472640,0,0,85017493504,15114739712,0,164732928,0,114876207104,121125339136,0
1791591117.2083192,0.03747736103832722,15478702080,0,0,85017493504,15313969152,0,164732928,0,115077955584,121125339136,0
1791591117.4091463,0.03820853680372238,15677931520,0,0,85017493504,15511101440,0,166830080,0,115275419648,121125339136,0
1791591117.6059422,0.03490472584962845,15868772352,0,0,85017493504,15706136576,0,162635776,0,115466526720,121125339136,0
1791591117.8088267,0.037706343457102776,16070098944,0,0,85017493504,15903268864,0,166830080,0,115668434944,121125339136,0
1791591118.0096574,0.03843801096081734,16267231232,0,0,85017493504,16100401152,0,166830080,0,115865632768,121125339136,0
1791591118.2098594,0.038555897772312164,16460169216,0,0,85017493504,16293339136,0,166830080,0,116061208576,121125339136,0
1791591118.4082882,0.036901213228702545,16655204352,0,0,85017493504,16490471424,0,164732928,0,116254457856,121125339136,0
1791591118.6079128,0.03643671050667763,16852336640,0,0,85017493504,16687603712,0,164732928,0,116454027264,121125339136,0
1791591118.8088307,0.03726881369948387,17051566080,0,0,85017493504,16886833152,0,164732928,0,116651528192,121125339136,0
1791591119.0097387,0.0380866602063179,17248698368,0,0,85017493504,17081868288,0,166830080,0,116848898048,121125339136,0
1791591119.2075028,0.03576643951237202,17441636352,0,0,85017493504,17276903424,0,164732928,0,117042425856,121125339136,0
1791591119.4066834,0.03486766293644905,17634574336,0,0,85017493504,17471938560,0,162635776,0,117237899264,121125339136,0
1791591119.6084838,0.03658019378781319,17825415168,0,0,85017493504,17660682240,0,164732928,0,117426974720,121125339136,0
1791591119.8064656,0.034470852464437485,18020450304,0,0,85017493504,17857814528,0,162635776,0,117624201216,121125339136,0
1791591120.0107825,0.03870212286710739,18219679744,0,0,85017493504,18052849664,0,166830080,0,117821984768,121125339136,0
1791591120.2089946,0.036755019798874855,18412617728,0,0,85017493504,18247884800,0,164732928,0,118015135744,121125339136,0
1791591120.4085088,0.03617434203624725,18605555712,0,0,85017493504,18442919936,0,162635776,0,118210891776,121125339136,0
1791591120.6100674,0.03764473274350166,18804785152,0,0,85017493504,18637955072,0,166830080,0,118408146944,121125335040,0
1791591120.809868,0.0373621080070734,18997723136,0,0,85017493504,18832990208,0,164732928,0,118601613312,121125335040,0
1791591121.0140889,0.04149356670677662,19194855424,0,0,85017493504,19025928192,0,168927232,0,118801088512,121125335040,0
1791591121.210685,0.037987351417541504,19377311744,0,0,85017493504,19212574720,0,164737024,0,118982180864,121125335040,0
1791591121.4069853,0.0341997854411602,19566055424,0,0,85017493504,19405512704,0,160542720,0,119170965504,121125335040,0
1791591121.6069407,0.03406892903149128,19763187712,0,0,85017493504,19600547840,0,162639872,0,119368458240,121125335040,0
1791591121.8063357,0.033379966393113136,19958222848,0,0,85017493504,19795582976,0,162639872,0,119564120064,121125335040,0
1791591122.01156,0.03852151148021221,20157452288,0,0,85017493504,19992715264,0,164737024,0,119763496960,121125335040,0
1791591122.2124476,0.03932349756360054,20354596864,0,0,85017493504,20187750400,0,166846464,0,119961251840,121125335040,0
1791591122.4130893,0.039872363209724426,20549632000,0,0,85017493504,20382785536,0,166846464,0,120156319744,121125335040,0
1791591122.6112363,0.037929436191916466,20742569984,0,0,85017493504,20577820672,0,164749312,0,120350048256,121125335040,0
1791591122.812578,0.03918743133544922,20929216512,0,0,85017493504,20762370048,0,166846464,0,120537071616,121125335040,0
1791591123.011501,0.03800531476736069,21124251648,0,0,85017493504,20959502336,0,164749312,0,120732512256,121125335040,0
1791591123.2106884,0.03708845004439354,21317189632,0,0,85017493504,21152440320,0,164749312,0,120925761536,121125335040,0
1791591123.4259415,0.052258141338825226,21526904832,0,0,85017493504,21347475456,0,179429376,0,121136091136,121125335040,0
1791591123.6084733,0.03470134548842907,21705162752,0,0,85017493504,21542510592,0,162652160,0,121314537472,121125335040,0
1791591123.8086953,0.03482796438038349,21900197888,0,0,85017493504,21737545728,0,162652160,0,121509658624,121125335040,0
1791591124.0137231,0.03976758010685444,22099427328,0,0,85017493504,21932580864,0,166846464,0,121709494272,121125335040,0
1791591124.2137952,0.03975391760468483,22294462464,0,0,85017493504,22127616000,0,166846464,0,121906712576,121125335040,0
1791591124.413056,0.03891636244952679,22489497600,0,0,85017493504,22322651136,0,166846464,0,122100170752,121125335040,0
1791591124.613441,0.039215175434947014,22686629888,0,0,85017493504,22519783424,0,166846464,0,122297434112,121125335040,0
1791591124.8131979,0.03887542895972729,22881665024,0,0,85017493504,22716915712,0,164749312,0,122492624896,121125335040,0
1791591125.0105743,0.036165544763207436,23072505856,0,0,85017493504,22909853696,0,162652160,0,122683752448,121125335040,0
1791591125.214695,0.04019775055348873,23269638144,0,0,85017493504,23102791680,0,166846464,0,122881642496,121125335040,0
1791591125.4057353,0.031148331239819527,23454187520,0,0,85017493504,23291535360,0,162652160,0,123066421248,121125330944,0
1791591125.6134748,0.038800960406661034,23657611264,0,0,85017493504,23492861952,0,164749312,0,123272433664,121125330944,0
1791591125.8096774,0.03490261174738407,23840063488,0,0,85017493504,23679508480,0,160555008,0,123455053824,121125330944,0
1791591126.014172,0.03929426893591881,24043487232,0,0,85017493504,23876640768,0,166846464,0,123656704000,121125330944,0
1791591126.2155507,0.040575532242655754,24240619520,0,0,85017493504,24073773056,0,166846464,0,123854589952,121125330944,0
1791591126.411663,0.03660099767148495,24435654656,0,0,85017493504,24270905344,0,164749312,0,124049784832,121125330944,0
1791591126.614575,0.03942996449768543,24632786944,0,0,85017493504,24465940480,0,166846464,0,124247302144,121125330944,0
1791591126.8141747,0.038951046764850616,24827822080,0,0,85017493504,24663072768,0,164749312,0,124442955776,121125330944,0
1791591127.0145044,0.039188288152217865,25022857216,0,0,85017493504,24858107904,0,164749312,0,124638322688,121125330944,0
1791591127.2128425,0.03744425065815449,25213698048,0,0,85017493504,25048948736,0,164749312,0,124829478912,121125330944,0
1791591127.4109266,0.035448044538497925,25406636032,0,0,85017493504,25243983872,0,162652160,0,125024903168,121125326848,0
1791591127.6137335,0.03817310184240341,25603768320,0,0,85017493504,25439019008,0,164749312,0,125222395904,121125326848,0
1791591127.8098223,0.034180451184511185,25796706304,0,0,85017493504,25634054144,0,162652160,0,125413834752,121125326848,0
1791591128.0125127,0.03677116148173809,25993838592,0,0,85017493504,25829089280,0,164749312,0,125611196416,121125326848,0
1791591128.215979,0.04015142656862736,26193068032,0,0,85017493504,26026221568,0,166846464,0,125810446336,121125326848,0
1791591128.4143994,0.0384882353246212,26386006016,0,0,85017493504,26221256704,0,164749312,0,126005911552,121125326848,0
1791591128.614433,0.03843274153769016,26581041152,0,0,85017493504,26416291840,0,164749312,0,126199463936,121125326848,0
1791591128.816943,0.04085780307650566,26776076288,0,0,85017493504,26609229824,0,166846464,0,126397132800,121125326848,0
1791591129.016405,0.040233420208096504,26973208576,0,0,85017493504,26804264960,0,168943616,0,126593069056,121125326848,0
1791591129.2146032,0.03832102753221989,27164049408,0,0,85017493504,27001397248,0,162652160,0,126786355200,121125326848,0
1791591129.4162009,0.03980928286910057,27365376000,0,0,85017493504,27198529536,0,166846464,0,126986371072,121125326848,0
1791591129.6144059,0.03793307580053806,27558313984,0,0,85017493504,27391467520,0,166846464,0,127179399168,121125326848,0
1791591129.8125932,0.03603956662118435,27751251968,0,0,85017493504,27588599808,0,162652160,0,127372660736,121125326848,0
1791591130.0170825,0.04044150374829769,27952578560,0,0,85017493504,27783634944,0,168943616,0,127574102016,121125326848,0
1791591130.2171593,0.04043012298643589,28147613696,0,0,85017493504,27980767232,0,166846464,0,127771582464,121125326848,0
1791591130.410546,0.03373406454920769,28338454528,0,0,85017493504,28177899520,0,160555008,0,127961026560,121125326848,0
1791591130.6165533,0.039653075858950615,28539781120,0,0,85017493504,28372934656,0,166846464,0,128162750464,121125326848,0
1791591130.8165576,0.03955984674394131,28726427648,0,0,85017493504,28561678336,0,164749312,0,128349446144,121125326848,0
1791591131.0164757,0.03937468305230141,28921462784,0,0,85017493504,28758810624,0,162652160,0,128547348480,121125326848,0
1791591131.216431,0.039202677085995674,29118595072,0,0,85017493504,28951748608,0,166846464,0,128742682624,121125326848,0
1791591131.4176984,0.04038278944790363,29313630208,0,0,85017493504,29148880896,0,164749312,0,128940335104,121125326848,0
1791591131.6180124,0.04060729034245014,29506568192,0,0,85017493504,29341818880,0,164749312,0,129133379584,121125326848,0
1791591131.817433,0.03994377702474594,29699506176,0,0,85017493504,29532659712,0,166846464,0,129325056000,121125326848,0
1791591132.0193946,0.04181348346173763,29894541312,0,0,85017493504,29727694848,0,166846464,0,129519976448,121125326848,0
1791591132.2192516,0.04158083349466324,30081187840,0,0,85017493504,29912244224,0,168943616,0,129707151360,121125326848,0
1791591132.417917,0.040161026641726494,30274125824,0,0,85017493504,30107279360,0,166846464,0,129900519424,121125326848,0
1791591132.6190193,0.04116927646100521,30471258112,0,0,85017493504,30304411648,0,166846464,0,130100097024,121125326848,0
1791591132.8183851,0.04044590704143047,30668390400,0,0,85017493504,30501543936,0,166846464,0,130295398400,121125326848,0
1791591133.0186422,0.04060758836567402,30865522688,0,0,85017493504,30698676224,0,166846464,0,130492878848,121125326848,0
1791591133.2179039,0.03977956809103489,31060557824,0,0,85017493504,30895808512,0,164749312,0,130688323584,121125326848,0
1791591133.416241,0.038030315190553665,31255592960,0,0,85017493504,31090843648,0,164749312,0,130883457024,121125326848,0
1791591133.6182883,0.03999718464910984,31444336640,0,0,85017493504,31277490176,0,166846464,0,131072802816,121125326848,0
1791591133.8177922,0.039418671280145645,31643566080,0,0,85017493504,31476719616,0,166846464,0,131272372224,121125326848,0
1791591134.019326,0.04087076708674431,31842795520,0,0,85017493504,31673851904,0,168943616,0,131471835136,121125322752,0
1791591134.2184303,0.03988904692232609,32037830656,0,0,85017493504,31873081344,0,164749312,0,131669135360,121125322752,0
1791591134.4184306,0.039806149899959564,32237060096,0,0,85017493504,32070213632,0,166846464,0,131867131904,121125322752,0
1791591134.6180556,0.039346808567643166,32436289536,0,0,85017493504,32269443072,0,166846464,0,132066693120,121125322752,0
1791591134.8187165,0.03992604278028011,32635518976,0,0,85017493504,32468672512,0,166846464,0,132266532864,121125322752,0
1791591135.0188982,0.04002000950276852,32834748416,0,0,85017493504,32667901952,0,166846464,0,132466368512,121125322752,0
1791591135.21854,0.03957647271454334,33033977856,0,0,85017493504,32869228544,0,164749312,0,132665946112,121125322752,0
1791591135.4166524,0.03760329633951187,33231110144,0,0,85017493504,33068457984,0,162652160,0,132863782912,121125322752,0
1791591135.6182377,0.039101727306842804,33430339584,0,0,85017493504,33263493120,0,166846464,0,133063430144,121125322752,0
1791591135.8200037,0.04077660292387009,33629569024,0,0,85017493504,33462722560,0,166846464,0,133263200256,121125322752,0
1791591136.0191443,0.03983551450073719,33826701312,0,0,85017493504,33657757696,0,168943616,0,133460586496,121125322752,0
1791591136.2221444,0.04274911992251873,34030125056,0,0,85017493504,33861181440,0,168943616,0,133664403456,121125322752,0
1791591136.4180024,0.03852396830916405,34227257344,0,0,85017493504,34062508032,0,164749312,0,133861539840,121125322752,0
1791591136.620806,0.041238611564040184,34428583936,0,0,85017493504,34261737472,0,166846464,0,134065561600,121125322752,0
1791591136.8187966,0.039146823808550835,34627813376,0,0,85017493504,34460966912,0,166846464,0,134262870016,121125322752,0
1791591137.0196388,0.039900751784443855,34824945664,0,0,85017493504,34660196352,0,164749312,0,134461829120,121125322752,0
1791591137.2203412,0.04051617532968521,35024175104,0,0,85017493504,34857328640,0,166846464,0,134659190784,121125322752,0
1791591137.419858,0.0399466548115015,35212918784,0,0,85017493504,35046072320,0,166846464,0,134850228224,121125322752,0
1791591137.6267796,0.046786924824118614,35420536832,0,0,85017493504,35253690368,0,166846464,0,135055921152,121125322752,0
1791591137.819113,0.03903956338763237,35613474816,0,0,85017493504,35446628352,0,166846464,0,135249416192,121125322752,0
1791591138.01922,0.03906036727130413,35812704256,0,0,85017493504,35647954944,0,164749312,0,135448907776,121125322752,0
1791591138.2136197,0.0333924051374197,36005642240,0,0,85017493504,35840892928,0,164749312,0,135642435584,121125322752,0
1791591138.421766,0.041233036667108536,36213260288,0,0,85017493504,36046413824,0,166846464,0,135850356736,121125322752,0
1791591138.621086,0.040463151410222054,36399906816,0,0,85017493504,36233060352,0,166846464,0,136037580800,121125322752,0
1791591138.8207488,0.04003608971834183,36601233408,0,0,85017493504,36434386944,0,166846464,0,136239190016,121125322752,0
1791591139.0213087,0.04050811938941479,36800462848,0,0,85017493504,36633616384,0,166846464,0,136438640640,121125322752,0
1791591139.221862,0.04097314924001694,37001789440,0,0,85017493504,36830748672,0,171040768,0,136640581632,121125322752,0
1791591139.4238496,0.042864833027124405,37201018880,0,0,85017493504,37032075264,0,168943616,0,136840593408,121125322752,0
1791591139.6238816,0.042303210124373436,37400248320,0,0,85017493504,37233401856,0,166846464,0,137040166912,121125322752,0
1791591139.8209271,0.039265936240553856,37595283456,0,0,85017493504,37430534144,0,164749312,0,137235734528,121125322752,0
1791591140.016085,0.03435603342950344,37790318592,0,0,85017493504,37625569280,0,164749312,0,137431011328,121125322752,0
1791591140.2244382,0.04261101223528385,37985353728,0,0,85017493504,37818507264,0,166846464,0,137626566656,121125322752,0
1791591140.4223669,0.04044279828667641,38174097408,0,0,85017493504,38007250944,0,166846464,0,137815552000,121125322752,0
1791591140.6227865,0.04076680913567543,38375424000,0,0,85017493504,38208577536,0,166846464,0,138017120256,121125322752,0
1791591140.8227284,0.0406248364597559,38576750592,0,0,85017493504,38409904128,0,166846464,0,138219040768,121125318656,0
1791591141.0246792,0.04244535230100155,38773882880,0,0,85017493504,38607036416,0,166846464,0,138418335744,121125318656,0
1791591141.2221248,0.03980092518031597,38968918016,0,0,85017493504,38804168704,0,164749312,0,138613714944,121125318656,0
1791591141.4224627,0.04004945233464241,39166050304,0,0,85017493504,39001300992,0,164749312,0,138809307136,121125318656,0
1791591141.6231005,0.040604569017887115,39354793984,0,0,85017493504,39187947520,0,166846464,0,139000422400,121125318656,0
1791591141.821538,0.03895582631230354,39545634816,0,0,85017493504,39380885504,0,164749312,0,139189436416,121125318656,0
1791591142.023379,0.04071530140936375,39746961408,0,0,85017493504,39580114944,0,166846464,0,139393495040,121125318656,0
1791591142.2242355,0.04147837124764919,39948288000,0,0,85017493504,39781441536,0,166846464,0,139593314304,121125318656,0
1791591142.4251723,0.0423270370811224,40151711744,0,0,85017493504,39984865280,0,166846464,0,139796946944,121125318656,0
1791591142.6260977,0.04315771721303463,40357232640,0,0,85017493504,40186191872,0,171040768,0,140002820096,121125318656,0
1791591142.8216572,0.03862908482551575,40552267776,0,0,85017493504,40387518464,0,164749312,0,140200566784,121125318656,0
1791591143.0252686,0.04215211421251297,40753594368,0,0,85017493504,40586747904,0,166846464,0,140402171904,121125318656,0
1791591143.2159655,0.03274648077785969,40944435200,0,0,85017493504,40781783040,0,162652160,0,140591403008,121125318656,0
1791591143.4244387,0.04113214649260044,41137373184,0,0,85017493504,40970526720,0,166846464,0,140784369664,121125318656,0
1791591143.6244762,0.04107600823044777,41332408320,0,0,85017493504,41165561856,0,166846464,0,140979658752,121125318656,0
1791591143.8234127,0.03992353193461895,41508569088,0,0,85017493504,41343819776,0,164749312,0,141156245504,121125318656,0
1791591144.0227942,0.039214592427015305,41691021312,0,0,85017493504,41528369152,0,162652160,0,141339066368,121125318656,0
1791591144.2253885,0.041723256930708885,41892347904,0,0,85017493504,41723404288,0,168943616,0,141540786176,121125318656,0
1791591144.4227262,0.038976045325398445,42089480192,0,0,85017493504,41924730880,0,164749312,0,141738389504,121125318656,0
1791591144.628381,0.04455025680363178,42290806784,0,0,85017493504,42119766016,0,171040768,0,141940219904,121125318656,0
1791591144.8249712,0.041054410859942436,42481647616,0,0,85017493504,42314801152,0,166846464,0,142131298304,121125318656,0
1791591145.0226874,0.038702573627233505,42676682752,0,0,85017493504,42511933440,0,164749312,0,142326947840,121125318656,0
1791591145.224023,0.039953261613845825,42871717888,0,0,85017493504,42706968576,0,164749312,0,142522339328,121125318656,0
1791591145.4247274,0.04057447053492069,43058364416,0,0,85017493504,42893615104,0,164749312,0,142711779328,121125318656,0
1791591145.626542,0.042297352105379105,43247108096,0,0,85017493504,43078164480,0,168943616,0,142899023872,121125318656,0
1791591145.8254395,0.04111075401306152,43442143232,0,0,85017493504,43275296768,0,166846464,0,143094276096,121125318656,0
1791591146.020603,0.03620978072285652,43632984064,0,0,85017493504,43468234752,0,164749312,0,143285727232,121125318656,0
1791591146.2270176,0.042506176978349686,43834310656,0,0,85017493504,43667464192,0,166846464,0,143489527808,121125318656,0
1791591146.4247017,0.04010183736681938,44027248640,0,0,85017493504,43862499328,0,164749312,0,143680901120,121125318656,0
1791591146.624382,0.03969223238527775,44222287872,0,0,85017493504,44057534464,0,164753408,0,143877591040,121125318656,0
1791591146.8269942,0.042183008044958115,44423614464,0,0,85017493504,44254666752,0,168947712,0,144077389824,121125318656,0
1791591147.0257194,0.04084113985300064,44610260992,0,0,85017493504,44443410432,0,166850560,0,144264130560,121125318656,0
1791591147.2233865,0.038425832986831665,44803198976,0,0,85017493504,44640542720,0,162656256,0,144457392128,121125318656,0
1791591147.4257543,0.04070836864411831,45004525568,0,0,85017493504,44837675008,0,166850560,0,144659263488,121125314560,0
1791591147.6255784,0.04045177809894085,45199572992,0,0,85017493504,45034807296,0,164765696,0,144854642688,121125314560,0
1791591147.8234422,0.03823411464691162,45392510976,0,0,85017493504,45229842432,0,162668544,0,145049968640,121125314560,0
1791591148.0232308,0.03795775584876537,45589643264,0,0,85017493504,45422780416,0,166862848,0,145245814784,121125314560,0
1791591148.2277737,0.042408157140016556,45793067008,0,0,85017493504,45624107008,0,168960000,0,145449582592,121125314560,0
1791591148.4260383,0.04058835282921791,45990199296,0,0,85017493504,45823336448,0,166862848,0,145646923776,121125314560,0
1791591148.62694,0.04140411876142025,46185234432,0,0,85017493504,46020468736,0,164765696,0,145842577408,121125314560,0
1791591148.8266034,0.04097815603017807,46384463872,0,0,85017493504,46217601024,0,166862848,0,146042122240,121125314560,0
1791591149.0261166,0.04040866903960705,46581596160,0,0,85017493504,46414733312,0,166862848,0,146239864832,121125314560,0
1791591149.2267513,0.040947481989860535,46780825600,0,0,85017493504,46616059904,0,164765696,0,146438975488,121125314560,0
1791591149.426268,0.040375299751758575,46977957888,0,0,85017493504,46813192192,0,164765696,0,146638626816,121125314560,0
1791591149.6268864,0.04088853485882282,47177187328,0,0,85017493504,47012421632,0,164765696,0,146836111360,121125314560,0
1791591149.832034,0.04592415504157543,47378513920,0,0,85017493504,47209553920,0,168960000,0,147037720576,121125314560,0
1791591150.028543,0.04230826906859875,47560966144,0,0,85017493504,47392006144,0,168960000,0,147220791296,121125314560,0
1791591150.226799,0.040483005344867706,47749709824,0,0,85017493504,47582846976,0,166862848,0,147410149376,121125314560,0
1791591150.4269555,0.040557822212576866,47948939264,0,0,85017493504,47782076416,0,166862848,0,147610300416,121125314560,0
1791591150.6288333,0.04234831780195236,48148168704,0,0,85017493504,47981305856,0,166862848,0,147809611776,121125314560,0
1791591150.8288803,0.04231002554297447,48347398144,0,0,85017493504,48180535296,0,166862848,0,148009357312,121125314560,0
1791591151.0281928,0.04153871349990368,48542433280,0,0,85017493504,48375570432,0,166862848,0,148204740608,121125314560,0
1791591151.2309046,0.044150225818157196,48741662720,0,0,85017493504,48574799872,0,166862848,0,148404117504,121125314560,0
1791591151.4249125,0.038065314292907715,48936697856,0,0,85017493504,48774029312,0,162668544,0,148599078912,121125314560,0
1791591151.626476,0.039542410522699356,49133830144,0,0,85017493504,48969064448,0,164765696,0,148796825600,121125314560,0
1791591151.826743,0.03972362168133259,49328865280,0,0,85017493504,49166196736,0,162668544,0,148994404352,121125314560,0
1791591152.0280263,0.04092791490256786,49523900416,0,0,85017493504,49359134720,0,164765696,0,149189775360,121125314560,0
1791591152.2295377,0.042316995561122894,49723129856,0,0,85017493504,49556267008,0,166862848,0,149387476992,121125314560,0
1791591152.42867,0.04136401042342186,49916067840,0,0,85017493504,49751302144,0,164765696,0,149580939264,121125314560,0
1791591152.6298373,0.04244217649102211,50115297280,0,0,85017493504,49948434432,0,166862848,0,149780520960,121125314560,0
1791591152.8322642,0.04478796385228634,50312429568,0,0,85017493504,50143469568,0,168960000,0,149978275840,121125314560,0
1791591153.029665,0.04210523143410683,50505367552,0,0,85017493504,50338504704,0,166862848,0,150171488256,121125314560,0
1791591153.2306283,0.042982375249266624,50698305536,0,0,85017493504,50531442688,0,166862848,0,150364241920,121125314560,0
1791591153.4285285,0.040799934417009354,50891243520,0,0,85017493504,50724380672,0,166862848,0,150557716480,121125314560,0
1791591153.629892,0.0420749057084322,51075792896,0,0,85017493504,50911027200,0,164765696,0,150744682496,121125314560,0
1791591153.826016,0.038106998428702354,51268730880,0,0,85017493504,51106062336,0,162668544,0,150936141824,121125314560,0
1791591154.0238223,0.03584364987909794,51463766016,0,0,85017493504,51301097472,0,162668544,0,151131533312,121125314560,0
1791591154.2252274,0.03716187924146652,51660898304,0,0,85017493504,51498229760,0,162668544,0,151328968704,121125310464,0
1791591154.4254134,0.037249939516186714,51855933440,0,0,85017493504,51693264896,0,162668544,0,151524597760,121125310464,0
1791591154.625166,0.036905355751514435,52053065728,0,0,85017493504,51892494336,0,160571392,0,151722082304,121125310464,0
1791591154.8318317,0.04347223974764347,52258586624,0,0,85017493504,52091723776,0,166862848,0,151927513088,121125310464,0
1791591155.0314739,0.04302544519305229,52455718912,0,0,85017493504,52288856064,0,166862848,0,152127623168,121125310464,0
1791591155.2294397,0.0409083291888237,52650754048,0,0,85017493504,52485988352,0,164765696,0,152320909312,121125310464,0
1791591155.4280772,0.03944272734224796,52845789184,0,0,85017493504,52681023488,0,164765696,0,152516534272,121125306368,0
1791591155.6303267,0.041592564433813095,53042921472,0,0,85017493504,52878155776,0,164765696,0,152714207232,121125306368,0
1791591155.8300126,0.04118417575955391,53240053760,0,0,85017493504,53075288064,0,164765696,0,152911118336,121125306368,0
1791591156.0271428,0.03822282701730728,53432991744,0,0,85017493504,53272420352,0,160571392,0,153104908288,121125306368,0
1791591156.2344177,0.04540911130607128,53634318336,0,0,85017493504,53465358336,0,168960000,0,153306378240,121125306368,0
1791591156.4324517,0.04332656040787697,53827256320,0,0,85017493504,53660393472,0,166862848,0,153499332608,121125306368,0
1791591156.6312482,0.04203248582780361,54020194304,0,0,85017493504,53853331456,0,166862848,0,153692545024,121125306368,0
1791591156.8324347,0.04312419146299362,54206840832,0,0,85017493504,54039977984,0,166862848,0,153879502848,121125306368,0
1791591157.052016,0.06262055970728397,54420750336,0,0,85017493504,54235013120,0,185737216,0,154096128000,121125306368,0
1791591157.2388377,0.04935916140675545,54605299712,0,0,85017493504,54432145408,0,173154304,0,154278789120,121125306368,0
1791591157.430805,0.04124021157622337,54789849088,0,0,85017493504,54625083392,0,164765696,0,154463604736,121125306368,0
1791591157.6330466,0.0433783084154129,54986981376,0,0,85017493504,54820118528,0,166862848,0,154660859904,121125306368,0
1791591157.8345575,0.04480005428195,55182016512,0,0,85017493504,55015153664,0,166862848,0,154856185856,121125306368,0
1791591158.0322726,0.042433224618434906,55372857344,0,0,85017493504,55208091648,0,164765696,0,155049603072,121125306368,0
1791591158.232298,0.04236370511353016,55569989632,0,0,85017493504,55403126784,0,166862848,0,155245490176,121125306368,0
1791591158.4333825,0.04336938075721264,55769219072,0,0,85017493504,55602356224,0,166862848,0,155444961280,121125306368,0
1791591158.6340482,0.0439410787075758,55966351360,0,0,85017493504,55799488512,0,166862848,0,155642642432,121125306368,0
1791591158.8298514,0.039615239948034286,56159289344,0,0,85017493504,55994523648,0,164765696,0,155836178432,121125306368,0
1791591159.0235891,0.03328929841518402,56345935872,0,0,85017493504,56185364480,0,160571392,0,156023242752,121125306368,0
1791591159.2206573,0.03029482811689377,56536776704,0,0,85017493504,56378302464,0,158474240,0,156216516608,121125306368,0
1791591159.422128,0.0317012295126915,56733908992,0,0,85017493504,56575434752,0,158474240,0,156411887616,121125306368,0
1791591159.6288686,0.038360241800546646,56937332736,0,0,85017493504,56774664192,0,162668544,0,156615655424,121125306368,0
1791591159.8279371,0.03734496794641018,57134465024,0,0,85017493504,56973893632,0,160571392,0,156813135872,121125306368,0
1791591160.0298665,0.03919415548443794,57333694464,0,0,85017493504,57171025920,0,162668544,0,157012746240,121125306368,0
1791591160.2348416,0.04408717714250088,57436454912,0,0,85017493504,57288466432,0,147988480,0,157115912192,121125306368,0
1791591160.43167,0.04082543961703777,57520340992,0,0,85017493504,57370255360,0,150085632,0,157200318464,121125306368,0
1791591160.6324096,0.041477492079138756,57610518528,0,0,85017493504,57456238592,0,154279936,0,157290774528,121125306368,0
1791591160.8364398,0.04542488791048527,57709084672,0,0,85017493504,57556901888,0,152182784,0,157389430784,121125306368,0
1791591161.0328386,0.04174297861754894,57807650816,0,0,85017493504,57655468032,0,152182784,0,157488283648,121125302272,0
1791591161.2340403,0.042828407138586044,57899925504,0,0,85017493504,57749839872,0,150085632,0,157580644352,121125302272,0
1791591161.4319289,0.04063589498400688,57950257152,0,0,85017493504,57806462976,0,143794176,0,157631070208,121125302272,0
1791591161.6318958,0.04052024148404598,58004783104,0,0,85017493504,57858891776,0,145891328,0,157685727232,121125302272,0
1791591161.8326404,0.04117378406226635,58050920448,0,0,85017493504,57907126272,0,143794176,0,157731987456,121125302272,0
1791591162.035256,0.043705184012651443,58101252096,0,0,85017493504,57951166464,0,150085632,0,157782138880,121125302272,0
1791591162.2347744,0.043138694018125534,58145292288,0,0,85017493504,58001498112,0,143794176,0,157826510848,121125302272,0
1791591162.4351082,0.04338634014129639,58191429632,0,0,85017493504,58047635456,0,143794176,0,157874049024,121125302272,0
1791591162.6358976,0.044091129675507545,58239664128,0,0,85017493504,58095869952,0,143794176,0,157920264192,121125302272,0
1791591162.833659,0.041766660287976265,58287898624,0,0,85017493504,58142007296,0,145891328,0,157969059840,121125302272,0
1791591163.0359907,0.04397762753069401,58342424576,0,0,85017493504,58200727552,0,141697024,0,158023835648,121125302272,0
1791591163.236274,0.04417351447045803,58407436288,0,0,85017493504,58257350656,0,150085632,0,158089363456,121125302272,0
1791591163.4356117,0.043381256982684135,58472448000,0,0,85017493504,58330750976,0,141697024,0,158153691136,121125302272,0
1791591163.632656,0.040341686457395554,58535362560,0,0,85017493504,58383179776,0,152182784,0,158216957952,121125302272,0
1791591163.8318427,0.03944754600524902,58556334080,0,0,85017493504,58418831360,0,137502720,0,158237749248,121125302272,0
1791591164.034743,0.04226769879460335,58556334080,0,0,85017493504,58418831360,0,137502720,0,158237847552,121125302272,0
1791591164.2295697,0.03702849708497524,58556334080,0,0,85017493504,58418831360,0,137502720,0,158238203904,121125302272,0
1791591164.4338193,0.04119691997766495,58556334080,0,0,85017493504,58418831360,0,137502720,0,158238023680,121125302272,0
1791591164.6354718,0.04276852868497372,58556334080,0,0,85017493504,58418831360,0,137502720,0,158238081024,121125302272,0
1791591164.8353405,0.04254891723394394,58556334080,0,0,85017493504,58418831360,0,137502720,0,158238334976,121125302272,0
1791591165.0358355,0.04296345263719559,58556334080,0,0,85017493504,58418831360,0,137502720,0,158238285824,121125302272,0
1791591165.2404218,0.04746739752590656,58629218304,0,0,85017493504,58474627072,0,154591232,0,158311518208,121125302272,0
1791591165.435612,0.042571280151605606,58665385984,0,0,85017493504,58527883264,0,137502720,0,158347571200,121125302272,0
1791591165.635947,0.042820895090699196,58665385984,0,0,85017493504,58527883264,0,137502720,0,158347628544,121125302272,0
1791591165.8353374,0.04212609492242336,58665385984,0,0,85017493504,58527883264,0,137502720,0,158347677696,121125302272,0
1791591166.0379505,0.04465814493596554,58667483136,0,0,85017493504,58527883264,0,139599872,0,158350118912,121125302272,0
1791591166.2302403,0.03688526339828968,58667483136,0,0,85017493504,58529980416,0,137502720,0,158350225408,121125302272,0
1791591166.4392955,0.04585546627640724,58682908672,0,0,85017493504,58529980416,0,152928256,0,158365478912,121125302272,0
1791591166.640407,0.046877944841980934,58736689152,0,0,85017493504,58599186432,0,137502720,0,158419329024,121125302272,0
1791591166.839743,0.04612397588789463,58747174912,0,0,85017493504,58599186432,0,147988480,0,158432002048,121125302272,0
1791591167.0371678,0.0434667244553566,58761854976,0,0,85017493504,58624352256,0,137502720,0,158444609536,121125302272,0
1791591167.2380538,0.04426870495080948,58761854976,0,0,85017493504,58624352256,0,137502720,0,158444470272,121125302272,0
1791591167.4340305,0.04016455076634884,58761854976,0,0,85017493504,58624352256,0,137502720,0,158444285952,121125302272,0
1791591167.633995,0.04004259966313839,58761854976,0,0,85017493504,58624352256,0,137502720,0,158444302336,121125298176,0
1791591167.8342483,0.04021072015166283,58761854976,0,0,85017493504,58624352256,0,137502720,0,158444167168,121125298176,0
1791591168.0409093,0.04678916744887829,58761854976,0,0,85017493504,58624352256,0,137502720,0,158444257280,121125298176,0
1791591168.240039,0.04579940252006054,58761854976,0,0,85017493504,58624352256,0,137502720,0,158444077056,121125298176,0
1791591168.4371402,0.04281557537615299,58761854976,0,0,85017493504,58624352256,0,137502720,0,158444130304,121125298176,0
1791591168.639389,0.04497920721769333,58761854976,0,0,85017493504,58624352256,0,137502720,0,158444486656,121125298176,0
1791591168.8404524,0.04594353213906288,58761854976,0,0,85017493504,58624352256,0,137502720,0,158444556288,121125298176,0
1791591169.040528,0.045938191935420036,58792755200,0,0,85017493504,58643226624,0,149528576,0,158475776000,121125298176,0
1791591169.238519,0.043845340609550476,58879295488,0,0,85017493504,58741792768,0,137502720,0,158561759232,121125298176,0
1791591169.4370322,0.04227806627750397,58879295488,0,0,85017493504,58741792768,0,137502720,0,158561853440,121125298176,0
1791591169.638362,0.043523941189050674,58879295488,0,0,85017493504,58741792768,0,137502720,0,158561689600,121125298176,0
1791591169.835805,0.04088911414146423,58879295488,0,0,85017493504,58741792768,0,137502720,0,158561701888,121125298176,0
1791591170.0417988,0.04680316895246506,58879295488,0,0,85017493504,58741792768,0,137502720,0,158561804288,121125298176,0
1791591170.242404,0.047289974987506866,58879295488,0,0,85017493504,58741792768,0,137502720,0,158561894400,121125298176,0
1791591170.4414966,0.04629813693463802,58879295488,0,0,85017493504,58741792768,0,137502720,0,158561984512,121125298176,0
1791591170.638134,0.04285085387527943,58879295488,0,0,85017493504,58741792768,0,137502720,0,158561820672,121125298176,0
1791591170.8421206,0.046756016090512276,58904461312,0,0,85017493504,58766958592,0,137502720,0,158587060224,121125298176,0
1791591171.0408607,0.04540945030748844,58906558464,0,0,85017493504,58766958592,0,139599872,0,158589227008,121125298176,0
1791591171.240744,0.04520840756595135,58906558464,0,0,85017493504,58769055744,0,137502720,0,158589321216,121125298176,0
1791591171.4368908,0.04126271605491638,58908655616,0,0,85017493504,58771152896,0,137502720,0,158591508480,121125298176,0
1791591171.6349454,0.03924958594143391,58908655616,0,0,85017493504,58771152896,0,137502720,0,158591250432,121125298176,0
1791591171.8395698,0.04379109479486942,58908655616,0,0,85017493504,58771152896,0,137502720,0,158591344640,121125298176,0
1791591172.0400336,0.044171711429953575,58908659712,0,0,85017493504,58771152896,0,137506816,0,158591434752,121125298176,0
1791591172.2416325,0.04568707384169102,58908659712,0,0,85017493504,58771152896,0,137506816,0,158591533056,121125298176,0
1791591172.4504073,0.05437188409268856,58910756864,0,0,85017493504,58773250048,0,137506816,0,158593720320,121125298176,0
1791591172.64159,0.04546893760561943,58910756864,0,0,85017493504,58773250048,0,137506816,0,158594080768,121125298176,0
1791591172.8435488,0.04734448343515396,58963185664,0,0,85017493504,58825678848,0,137506816,0,158646857728,121125298176,0
1791591173.042242,0.04595489241182804,58963197952,0,0,85017493504,58825678848,0,137519104,0,158646571008,121125298176,0
1791591173.2412956,0.044923488050699234,58963197952,0,0,85017493504,58825678848,0,137519104,0,158646665216,121125298176,0
1791591173.4425995,0.046136174350976944,58963197952,0,0,85017493504,58825678848,0,137519104,0,158646857728,121125298176,0
1791591173.6426184,0.04607044905424118,58963197952,0,0,85017493504,58825678848,0,137519104,0,158646661120,121125298176,0
1791591173.8383448,0.04171535186469555,58963197952,0,0,85017493504,58825678848,0,137519104,0,158646505472,121125298176,0
1791591174.0427601,0.04604831337928772,58963197952,0,0,85017493504,58825678848,0,137519104,0,158645465088,121125298176,0
1791591174.2386982,0.04190444387495518,58963197952,0,0,85017493504,58825678848,0,137519104,0,158645276672,121125298176,0
1791591174.4439769,0.047096289694309235,58963197952,0,0,85017493504,58825678848,0,137519104,0,158645370880,121125294080,0
1791591174.644552,0.04758447781205177,58963197952,0,0,85017493504,58825678848,0,137519104,0,158645997568,121125294080,0
1791591174.844938,0.04788643680512905,58965295104,0,0,85017493504,58825678848,0,139616256,0,158648188928,121125294080,0
1791591175.0448933,0.047757843509316444,58975780864,0,0,85017493504,58838261760,0,137519104,0,158658768896,121125294080,0
1791591175.2413876,0.04416900500655174,58975780864,0,0,85017493504,58838261760,0,137519104,0,158658818048,121125294080,0
1791591175.4453273,0.048024773597717285,58975780864,0,0,85017493504,58838261760,0,137519104,0,158658609152,121125294080,0
1791591175.6437073,0.04632185585796833,58975780864,0,0,85017493504,58838261760,0,137519104,0,158658957312,121125294080,0
1791591175.8447466,0.047276975587010384,58975780864,0,0,85017493504,58838261760,0,137519104,0,158659035136,121125294080,0
1791591176.0457106,0.04814889654517174,59036598272,0,0,85017493504,58899079168,0,137519104,0,158719946752,121125294080,0
1791591176.2456646,0.04801489599049091,59036598272,0,0,85017493504,58899079168,0,137519104,0,158719725568,121125294080,0
1791591176.44584,0.04807094857096672,59036598272,0,0,85017493504,58899079168,0,137519104,0,158719823872,121125294080,0
1791591176.6448572,0.047000983729958534,59036598272,0,0,85017493504,58899079168,0,137519104,0,158719913984,121125294080,0
1791591176.8435886,0.045644355937838554,59036598272,0,0,85017493504,58899079168,0,137519104,0,158719430656,121125294080,0
1791591177.0451863,0.04715649411082268,59036598272,0,0,85017493504,58899079168,0,137519104,0,158719401984,121125294080,0
1791591177.2441554,0.04604661837220192,59036598272,0,0,85017493504,58899079168,0,137519104,0,158719344640,121125294080,0
1791591177.4432538,0.04502102732658386,59036598272,0,0,85017493504,58899079168,0,137519104,0,158719209472,121125294080,0
1791591177.6437328,0.04541393555700779,59086929920,0,0,85017493504,58943651840,0,143278080,0,158769807360,121125294080,0
1791591177.848232,0.04982754960656166,59086929920,0,0,85017493504,58949410816,0,137519104,0,158769594368,121125294080,0
1791591178.0426712,0.044186683371663094,59086929920,0,0,85017493504,58949410816,0,137519104,0,158769684480,121125294080,0
1791591178.2460463,0.047477008774876595,59086929920,0,0,85017493504,58949410816,0,137519104,0,158769750016,121125294080,0
1791591178.4463053,0.047628818079829216,59086929920,0,0,85017493504,58949410816,0,137519104,0,158769848320,121125294080,0
1791591178.6435025,0.04474353604018688,59086929920,0,0,85017493504,58949410816,0,137519104,0,158769709056,121125294080,0
1791591178.8452938,0.04645109176635742,59097415680,0,0,85017493504,58959896576,0,137519104,0,158780559360,121125294080,0
1791591179.0452144,0.046286409720778465,59097415680,0,0,85017493504,58959896576,0,137519104,0,158780383232,121125294080,0
1791591179.2428882,0.043897323310375214,59097415680,0,0,85017493504,58959896576,0,137519104,0,158780395520,121125294080,0
1791591179.4449778,0.045903682708740234,59097415680,0,0,85017493504,58959896576,0,137519104,0,158780493824,121125294080,0
1791591179.6437657,0.044609224423766136,59097415680,0,0,85017493504,58959896576,0,137519104,0,158779822080,121125294080,0
1791591179.8407366,0.04149993881583214,59097415680,0,0,85017493504,58959896576,0,137519104,0,158779834368,121125294080,0
1791591180.0432928,0.0439760759472847,59097415680,0,0,85017493504,58959896576,0,137519104,0,158779650048,121125294080,0
1791591180.2446387,0.04523995518684387,59097415680,0,0,85017493504,58959896576,0,137519104,0,158779756544,121125294080,0
1791591180.4461079,0.046625442802906036,59097415680,0,0,85017493504,58959896576,0,137519104,0,158780211200,121125294080,0
1791591180.647825,0.048257939517498016,59114192896,0,0,85017493504,58964090880,0,150102016,0,158797078528,121125294080,0
1791591180.8478472,0.048198090866208076,59147747328,0,0,85017493504,59010228224,0,137519104,0,158830706688,121125294080,0
1791591181.0484333,0.04869601130485535,59147747328,0,0,85017493504,59010228224,0,137519104,0,158831030272,121125289984,0
1791591181.2476363,0.04781216196715832,59147747328,0,0,85017493504,59010228224,0,137519104,0,158831116288,121125289984,0
1791591181.4463546,0.0464452113956213,59161600000,0,0,85017493504,59011182592,0,150417408,0,158844530688,121125289984,0
1791591181.6462796,0.04628642462193966,59166621696,0,0,85017493504,59029102592,0,137519104,0,158849351680,121125289984,0
1791591181.8464005,0.04632196016609669,59166621696,0,0,85017493504,59029102592,0,137519104,0,158848946176,121125289984,0
1791591182.0476792,0.047518687322735786,59166621696,0,0,85017493504,59029102592,0,137519104,0,158849007616,121125289984,0
1791591182.2485795,0.04833407700061798,59166621696,0,0,85017493504,59029102592,0,137519104,0,158849073152,121125289984,0
1791591182.4480877,0.04776259325444698,59166621696,0,0,85017493504,59029102592,0,137519104,0,158848671744,121125289984,0
1791591182.6468947,0.046487195417284966,59200176128,0,0,85017493504,59062657024,0,137519104,0,158882574336,121125289984,0
1791591182.8489058,0.04841783829033375,59200176128,0,0,85017493504,59062657024,0,137519104,0,158882127872,121125289984,0
1791591183.0497804,0.049208784475922585,59200176128,0,0,85017493504,59062657024,0,137519104,0,158882476032,121125289984,0
1791591183.2483933,0.04774016700685024,59200176128,0,0,85017493504,59062657024,0,137519104,0,158882574336,121125289984,0
1791591183.4479825,0.0472449567168951,59200176128,0,0,85017493504,59062657024,0,137519104,0,158882635776,121125289984,0
1791591183.6482887,0.04746476747095585,59200176128,0,0,85017493504,59062657024,0,137519104,0,158882734080,121125289984,0
1791591183.8442569,0.04334893636405468,59200176128,0,0,85017493504,59062657024,0,137519104,0,158883033088,121125289984,0
1791591184.0448906,0.043904123827815056,59200176128,0,0,85017493504,59062657024,0,137519104,0,158882754560,121125289984,0
1791591184.2498622,0.04879302345216274,59200176128,0,0,85017493504,59062657024,0,137519104,0,158882848768,121125289984,0
1791591184.4536822,0.05252939835190773,59221016576,0,0,85017493504,59064754176,0,156262400,0,158904164352,121125289984,0
1791591184.649063,0.047826776280999184,59248410624,0,0,85017493504,59110891520,0,137519104,0,158931517440,121125289984,0
1791591184.847508,0.046187231317162514,59250507776,0,0,85017493504,59112988672,0,137519104,0,158933446656,121125289984,0
1791591185.0482926,0.046888502314686775,59250507776,0,0,85017493504,59112988672,0,137519104,0,158933286912,121125289984,0
1791591185.2500975,0.04860915057361126,59250507776,0,0,85017493504,59112988672,0,137519104,0,158933082112,121125289984,0
1791591185.448058,0.04648703150451183,59250507776,0,0,85017493504,59112988672,0,137519104,0,158933520384,121125289984,0
1791591185.6493542,0.04769897274672985,59250507776,0,0,85017493504,59112988672,0,137519104,0,158933798912,121125289984,0
1791591185.8479834,0.04624870605766773,59250507776,0,0,85017493504,59112988672,0,137519104,0,158933901312,121125289984,0
1791591186.0461185,0.044301820918917656,59250507776,0,0,85017493504,59112988672,0,137519104,0,158933450752,121125289984,0
1791591186.2459555,0.044056810438632965,59250507776,0,0,85017493504,59112988672,0,137519104,0,158933540864,121125289984,0
1791591186.4506297,0.048644497990608215,59250507776,0,0,85017493504,59112988672,0,137519104,0,158933622784,121125289984,0
1791591186.6523583,0.0502860713750124,59250507776,0,0,85017493504,59112988672,0,137519104,0,158933647360,121125289984,0
1791591186.8523355,0.05017411708831787,59250507776,0,0,85017493504,59112988672,0,137519104,0,158933901312,121125289984,0
1791591187.0505364,0.04829373583197594,59250507776,0,0,85017493504,59112988672,0,137519104,0,158933987328,121125289984,0
1791591187.2512417,0.04891359806060791,59250507776,0,0,85017493504,59112988672,0,137519104,0,158934069248,121125289984,0
1791591187.453281,0.05086925067007542,59313422336,0,0,85017493504,59154984960,0,158437376,0,158996828160,121125289984,0
1791591187.6798127,0.07729418762028217,59313422336,0,0,85017493504,59175903232,0,137519104,0,158996455424,121125289984,0
1791591187.8503897,0.04776708222925663,59313422336,0,0,85017493504,59175903232,0,137519104,0,158996447232,121125285888,0
1791591188.0493145,0.046605434268713,59313422336,0,0,85017493504,59175903232,0,137519104,0,158996365312,121125285888,0
1791591188.2465234,0.04371085204184055,59313422336,0,0,85017493504,59175903232,0,137519104,0,158996193280,121125285888,0
1791591188.4448717,0.041975315660238266,59313422336,0,0,85017493504,59175903232,0,137519104,0,158996291584,121125285888,0
1791591188.652936,0.049939583986997604,59313422336,0,0,85017493504,59175903232,0,137519104,0,158996381696,121125285888,0
1791591188.8497853,0.04670781083405018,59313422336,0,0,85017493504,59175903232,0,137519104,0,158996717568,121125285888,0
1791591189.0512311,0.04808112420141697,59313422336,0,0,85017493504,59175903232,0,137519104,0,158996422656,121125285888,0
1791591189.248885,0.04565626010298729,59334393856,0,0,85017493504,59196874752,0,137519104,0,159017541632,121125285888,0
1791591189.452259,0.04894710332155228,59334393856,0,0,85017493504,59196874752,0,137519104,0,159017869312,121125285888,0
1791591189.65589,0.05249405652284622,59334393856,0,0,85017493504,59196874752,0,137519104,0,159017750528,121125285888,0
1791591189.8536448,0.05016835778951645,59334393856,0,0,85017493504,59196874752,0,137519104,0,159017824256,121125285888,0
1791591190.054878,0.05131937190890312,59334393856,0,0,85017493504,59196874752,0,137519104,0,159017525248,121125285888,0
1791591190.244463,0.04081566818058491,59334393856,0,0,85017493504,59196874752,0,137519104,0,159016456192,121125285888,0
1791591190.448564,0.044806668534874916,59334393856,0,0,85017493504,59196874752,0,137519104,0,159017046016,121125281792,0
1791591190.652411,0.04858940839767456,59334393856,0,0,85017493504,59196874752,0,137519104,0,159016960000,121125281792,0
1791591190.8550704,0.051165057346224785,59367948288,0,0,85017493504,59230429184,0,137519104,0,159050883072,121125281792,0
1791591191.0545328,0.05054594948887825,59367948288,0,0,85017493504,59230429184,0,137519104,0,159050977280,121125281792,0
1791591191.2541397,0.05007185600697994,59367948288,0,0,85017493504,59230429184,0,137519104,0,159050866688,121125281792,0
1791591191.450699,0.046548034995794296,59367948288,0,0,85017493504,59230429184,0,137519104,0,159051108352,121125281792,0
1791591191.6480944,0.04385874979197979,59367948288,0,0,85017493504,59230429184,0,137519104,0,159050645504,121125281792,0
1791591191.8472586,0.04294096678495407,59367948288,0,0,85017493504,59230429184,0,137519104,0,159050694656,121125281792,0
1791591192.0519903,0.04759163782000542,59367948288,0,0,85017493504,59230429184,0,137519104,0,159050706944,121125281792,0
1791591192.252645,0.04816420562565327,59382628352,0,0,85017493504,59232526336,0,150102016,0,159065468928,121125281792,0
1791591192.4559774,0.05141819082200527,59403599872,0,0,85017493504,59266080768,0,137519104,0,159086530560,121125281792,0
1791591192.6546688,0.05003038048744202,59403599872,0,0,85017493504,59266080768,0,137519104,0,159086587904,121125281792,0
1791591192.8559263,0.05119622312486172,59403599872,0,0,85017493504,59266080768,0,137519104,0,159086870528,121125281792,0
1791591193.052818,0.047993214800953865,59403599872,0,0,85017493504,59266080768,0,137519104,0,159086841856,121125281792,0
1791591193.254857,0.049931760877370834,59403599872,0,0,85017493504,59266080768,0,137519104,0,159086678016,121125281792,0
1791591193.4541712,0.04916187562048435,59414085632,0,0,85017493504,59276566528,0,137519104,0,159097257984,121125281792,0
1791591193.6531627,0.048072416335344315,59414085632,0,0,85017493504,59276566528,0,137519104,0,159097503744,121125281792,0
1791591193.8508794,0.045706607401371,59414085632,0,0,85017493504,59276566528,0,137519104,0,159097450496,121125281792,0
1791591194.055971,0.05070631019771099,59414085632,0,0,85017493504,59276566528,0,137519104,0,159096860672,121125281792,0
1791591194.255793,0.0504304114729166,59414085632,0,0,85017493504,59276566528,0,137519104,0,159096815616,121125281792,0
1791591194.4568343,0.05138324946165085,59414085632,0,0,85017493504,59276566528,0,137519104,0,159096877056,121125216256,0
1791591194.653519,0.04795759916305542,59414085632,0,0,85017493504,59276566528,0,137519104,0,159096942592,121125216256,0
1791591194.8535392,0.047895707190036774,59414085632,0,0,85017493504,59276566528,0,137519104,0,159097028608,121125216256,0
1791591195.0559993,0.050269678235054016,59460222976,0,0,85017493504,59317465088,0,142757888,0,159142993920,121125216256,0
1791591195.2545424,0.048723917454481125,59460222976,0,0,85017493504,59322703872,0,137519104,0,159143075840,121125216256,0
1791591195.4605346,0.054624781012535095,59460222976,0,0,85017493504,59322703872,0,137519104,0,159143481344,121125216256,0
1791591195.6598732,0.05387572571635246,59460222976,0,0,85017493504,59322703872,0,137519104,0,159142866944,121125216256,0
1791591195.8559341,0.04985364153981209,59460222976,0,0,85017493504,59322703872,0,137519104,0,159142899712,121125216256,0
1791591196.0518074,0.04564185440540314,59460222976,0,0,85017493504,59322703872,0,137519104,0,159143223296,121125216256,0
1791591196.245856,0.039610207080841064,59460222976,0,0,85017493504,59322703872,0,137519104,0,159143116800,121125216256,0
1791591196.4543998,0.04807040095329285,59472805888,0,0,85017493504,59335286784,0,137519104,0,159156203520,121125216256,0
1791591196.6558814,0.04946379363536835,59472805888,0,0,85017493504,59335286784,0,137519104,0,159156269056,121125216256,0
1791591196.8559644,0.04946405068039894,59472805888,0,0,85017493504,59335286784,0,137519104,0,159155908608,121125216256,0
1791591197.0611746,0.05458071269094944,59472805888,0,0,85017493504,59335286784,0,137519104,0,159155654656,121125216256,0
1791591197.257953,0.05127226188778877,59472805888,0,0,85017493504,59335286784,0,137519104,0,159155642368,121125216256,0
1791591197.4577234,0.05095887370407581,59472809984,0,0,85017493504,59335286784,0,137523200,0,159155707904,121125216256,0
1791591197.66339,0.05653435364365578,59472809984,0,0,85017493504,59335286784,0,137523200,0,159155671040,121125216256,0
1791591197.8623772,0.05543351173400879,59506364416,0,0,85017493504,59368841216,0,137523200,0,159189471232,121125216256,0
1791591198.0622458,0.05521731078624725,59506364416,0,0,85017493504,59368841216,0,137523200,0,159189483520,121125216256,0
1791591198.263603,0.05648726224899292,59506364416,0,0,85017493504,59368841216,0,137523200,0,159189463040,121125216256,0
1791591198.447339,0.04013814404606819,59506376704,0,0,85017493504,59368841216,0,137535488,0,159189286912,121125216256,0
1791591198.654441,0.04715596325695515,59506376704,0,0,85017493504,59368841216,0,137535488,0,159189139456,121125216256,0
1791591198.858214,0.0508430041372776,59506376704,0,0,85017493504,59368841216,0,137535488,0,159189229568,121125216256,0
1791591199.0594578,0.05200653523206711,59506376704,0,0,85017493504,59368841216,0,137535488,0,159189221376,121125216256,0
1791591199.263918,0.056371551007032394,59506376704,0,0,85017493504,59368841216,0,137535488,0,159189819392,121125216256,0
1791591199.463223,0.05558818019926548,59506376704,0,0,85017493504,59368841216,0,137535488,0,159189561344,121125216256,0
1791591199.6627202,0.05499531514942646,59506376704,0,0,85017493504,59368841216,0,137535488,0,159189577728,121125216256,0
1791591199.8643959,0.056586386635899544,59506376704,0,0,85017493504,59368841216,0,137535488,0,159189463040,121125216256,0
1791591200.062833,0.05494132451713085,59531542528,0,0,85017493504,59379326976,0,152215552,0,159214456832,121125216256,0
1791591200.2634866,0.055501917377114296,59539931136,0,0,85017493504,59402395648,0,137535488,0,159222935552,121125216256,0
1791591200.4644413,0.05636465176939964,59539931136,0,0,85017493504,59402395648,0,137535488,0,159223123968,121125216256,0
1791591200.6628284,0.054666658863425255,59539931136,0,0,85017493504,59402395648,0,137535488,0,159223341056,121125216256,0
1791591200.86707,0.058613866567611694,59539931136,0,0,85017493504,59402395648,0,137535488,0,159222951936,121125216256,0
1791591201.062028,0.05349062941968441,59539931136,0,0,85017493504,59402395648,0,137535488,0,159222923264,121125216256,0
1791591201.2620041,0.053372081369161606,59544522752,0,0,85017493504,59402395648,0,142127104,0,159227613184,121125216256,0
1791591201.4650779,0.05636435188353062,59552514048,0,0,85017493504,59414978560,0,137535488,0,159235805184,121125216256,0
1791591201.6613,0.05250752344727516,59552514048,0,0,85017493504,59414978560,0,137535488,0,159235887104,121125216256,0
1791591201.860103,0.05123011767864227,59552514048,0,0,85017493504,59414978560,0,137535488,0,159235870720,121125216256,0
1791591202.0596256,0.05067213997244835,59552514048,0,0,85017493504,59414978560,0,137535488,0,159235485696,121125216256,0
1791591202.2642858,0.05522928386926651,59552514048,0,0,85017493504,59414978560,0,137535488,0,159235497984,121125216256,0
1791591202.46133,0.052184585481882095,59552514048,0,0,85017493504,59414978560,0,137535488,0,159235801088,121125216256,0
1791591202.6616778,0.052435846999287605,59552514048,0,0,85017493504,59414978560,0,137535488,0,159235710976,121125216256,0
1791591202.8613963,0.052072660997509956,59552514048,0,0,85017493504,59414978560,0,137535488,0,159235579904,121125216256,0
1791591203.064209,0.054786739870905876,59552514048,0,0,85017493504,59414978560,0,137535488,0,159235903488,121125216256,0
1791591203.2636786,0.0541753564029932,59552514048,0,0,85017493504,59414978560,0,137535488,0,159235522560,121125216256,0
1791591203.4643075,0.054720718413591385,59556208640,0,0,85017493504,59414978560,0,141230080,0,159239753728,121125216256,0
1791591203.6643653,0.054694682359695435,59600748544,0,0,85017493504,59463213056,0,137535488,0,159284064256,121125216256,0
1791591203.8634362,0.0536856334656477,59600748544,0,0,85017493504,59463213056,0,137535488,0,159284162560,121125216256,0
1791591204.0612254,0.051396435126662254,59600748544,0,0,85017493504,59463213056,0,137535488,0,159284252672,121125216256,0
1791591204.2598546,0.049945808947086334,59600748544,0,0,85017493504,59463213056,0,137535488,0,159284219904,121125216256,0
1791591204.4643326,0.05433862842619419,59600748544,0,0,85017493504,59463213056,0,137535488,0,159283974144,121125216256,0
1791591204.6644511,0.054350223392248154,59600748544,0,0,85017493504,59463213056,0,137535488,0,159283916800,121125216256,0
1791591204.86359,0.0533662810921669,59600748544,0,0,85017493504,59463213056,0,137535488,0,159284273152,121125216256,0
1791591205.0622883,0.05198025144636631,59600748544,0,0,85017493504,59463213056,0,137535488,0,159284641792,121125216256,0
1791591205.2662375,0.055837852880358696,59613331456,0,0,85017493504,59475795968,0,137535488,0,159297482752,121125216256,0
1791591205.4668734,0.056389279663562775,59613331456,0,0,85017493504,59475795968,0,137535488,0,159297646592,121125216256,0
1791591205.665603,0.05502955615520477,59613331456,0,0,85017493504,59475795968,0,137535488,0,159297318912,121125216256,0
1791591205.8662002,0.05554828606545925,59613331456,0,0,85017493504,59475795968,0,137535488,0,159297409024,121125216256,0
1791591206.0633726,0.05264001153409481,59613331456,0,0,85017493504,59475795968,0,137535488,0,159297499136,121125216256,0
1791591206.2644808,0.05366606451570988,59646885888,0,0,85017493504,59509350400,0,137535488,0,159331127296,121125216256,0
1791591206.4632366,0.052323510870337486,59646885888,0,0,85017493504,59509350400,0,137535488,0,159330516992,121125216256,0
1791591206.6662118,0.05521087907254696,59646885888,0,0,85017493504,59509350400,0,137535488,0,159330553856,121125216256,0
1791591206.8697512,0.05866722762584686,59646885888,0,0,85017493504,59509350400,0,137535488,0,159330168832,121125216256,0
1791591207.06714,0.05597727932035923,59646885888,0,0,85017493504,59509350400,0,137535488,0,159329992704,121125216256,0
1791591207.2650816,0.053868431597948074,59646885888,0,0,85017493504,59509350400,0,137535488,0,159330299904,121125216256,0
1791591207.4647489,0.05345612391829491,59646885888,0,0,85017493504,59509350400,0,137535488,0,159330033664,121125216256,0
1791591207.6662822,0.054911158978939056,59688828928,0,0,85017493504,59551293440,0,137535488,0,159372316672,121125216256,0
1791591207.8631682,0.05171720311045647,59688828928,0,0,85017493504,59551293440,0,137535488,0,159372390400,121125216256,0
1791591208.061415,0.04988192766904831,59688828928,0,0,85017493504,59551293440,0,137535488,0,159372259328,121125216256,0
1791591208.265835,0.05422329716384411,59688828928,0,0,85017493504,59551293440,0,137535488,0,159372017664,121125216256,0
1791591208.4668474,0.05514381267130375,59688828928,0,0,85017493504,59551293440,0,137535488,0,159372361728,121125216256,0
1791591208.6653998,0.05361594259738922,59688828928,0,0,85017493504,59551293440,0,137535488,0,159372197888,121125216256,0
1791591208.8664083,0.054535577073693275,59701411840,0,0,85017493504,59563876352,0,137535488,0,159385378816,121125216256,0
1791591209.0642972,0.052343644201755524,59701411840,0,0,85017493504,59563876352,0,137535488,0,159385210880,121125216256,0
1791591209.2640524,0.052020031958818436,59703508992,0,0,85017493504,59565973504,0,137535488,0,159387394048,121125216256,0
1791591209.4665823,0.05445191636681557,59703508992,0,0,85017493504,59565973504,0,137535488,0,159387394048,121125216256,0
1791591209.6649845,0.05277438275516033,59703508992,0,0,85017493504,59565973504,0,137535488,0,159387365376,121125216256,0
1791591209.8630693,0.05077877454459667,59703508992,0,0,85017493504,59565973504,0,137535488,0,159387131904,121125216256,0
1791591210.0666478,0.054275715723633766,59703508992,0,0,85017493504,59565973504,0,137535488,0,159387230208,121125216256,0
1791591210.2700438,0.057588664814829826,59703508992,0,0,85017493504,59565973504,0,137535488,0,159387529216,121125216256,0
1791591210.468125,0.05557638593018055,59703508992,0,0,85017493504,59565973504,0,137535488,0,159388205056,121125216256,0
1791591210.6663415,0.05369722656905651,59703508992,0,0,85017493504,59565973504,0,137535488,0,159387869184,121125216256,0
1791591210.8659286,0.053198354318737984,59703508992,0,0,85017493504,59565973504,0,137535488,0,159387910144,121125216256,0
1791591211.0666227,0.0538087822496891,59703508992,0,0,85017493504,59565973504,0,137535488,0,159387987968,121125216256,0
1791591211.2639525,0.051054976880550385,59703508992,0,0,85017493504,59565973504,0,137535488,0,159387803648,121125216256,0
1791591211.4683795,0.055387137457728386,59749646336,0,0,85017493504,59612110848,0,137535488,0,159434063872,121125216256,0
1791591211.6733289,0.06025415472686291,59749646336,0,0,85017493504,59612110848,0,137535488,0,159433981952,121125216256,0
1791591211.869551,0.05639404430985451,59749646336,0,0,85017493504,59612110848,0,137535488,0,159433474048,121125216256,0
1791591212.064651,0.05141230300068855,59749646336,0,0,85017493504,59612110848,0,137535488,0,159432753152,121125216256,0
1791591212.267051,0.05373211391270161,59749646336,0,0,85017493504,59612110848,0,137535488,0,159432773632,121125216256,0
1791591212.4693515,0.05594722926616669,59749646336,0,0,85017493504,59612110848,0,137535488,0,159433396224,121125216256,0
1791591212.6684957,0.05500912107527256,59749646336,0,0,85017493504,59612110848,0,137535488,0,159432871936,121125216256,0
1791591212.8703868,0.056815266609191895,59762229248,0,0,85017493504,59624693760,0,137535488,0,159446048768,121125216256,0
1791591213.0724132,0.05875656194984913,59762229248,0,0,85017493504,59624693760,0,137535488,0,159445983232,121125216256,0
1791591213.2704806,0.056743230670690536,59762229248,0,0,85017493504,59624693760,0,137535488,0,159446056960,121125216256,0
1791591213.4701102,0.056291183456778526,59762229248,0,0,85017493504,59624693760,0,137535488,0,159446020096,121125216256,0
1791591213.6668887,0.05298609845340252,59762229248,0,0,85017493504,59624693760,0,137535488,0,159445835776,121125216256,0
1791591213.8646326,0.05064709112048149,59762229248,0,0,85017493504,59624693760,0,137535488,0,159445909504,121125216256,0
1791591214.0675087,0.053442200645804405,59806269440,0,0,85017493504,59668733952,0,137535488,0,159490039808,121125216256,0
1791591214.2706578,0.056510547176003456,59806269440,0,0,85017493504,59668733952,0,137535488,0,159490113536,121125216256,0
1791591214.470693,0.056455500423908234,59806269440,0,0,85017493504,59668733952,0,137535488,0,159490428928,121125216256,0
1791591214.6699347,0.055610354989767075,59806269440,0,0,85017493504,59668733952,0,137535488,0,159490441216,121125216256,0
1791591214.876415,0.06200937181711197,59839823872,0,0,85017493504,59684962304,0,154861568,0,159524134912,121125216256,0
1791591215.0726051,0.05811362527310848,59841921024,0,0,85017493504,59704385536,0,137535488,0,159526305792,121125216256,0
1791591215.2736416,0.05907074920833111,59841921024,0,0,85017493504,59704385536,0,137535488,0,159526404096,121125216256,0
1791591215.4735713,0.05891900509595871,59841921024,0,0,85017493504,59704385536,0,137535488,0,159526723584,121125216256,0
1791591215.6734474,0.0587144885212183,59841921024,0,0,85017493504,59704385536,0,137535488,0,159526088704,121125216256,0
1791591215.8719301,0.05711498484015465,59841921024,0,0,85017493504,59704385536,0,137535488,0,159526187008,121125216256,0
1791591216.071553,0.05665760859847069,59852406784,0,0,85017493504,59714871296,0,137535488,0,159536758784,121125216256,0
1791591216.273637,0.05866065248847008,59852406784,0,0,85017493504,59714871296,0,137535488,0,159536996352,121125216256,0
1791591216.4722621,0.05719982460141182,59852406784,0,0,85017493504,59714871296,0,137535488,0,159537086464,121125216256,0
1791591216.673578,0.05843693017959595,59852406784,0,0,85017493504,59714871296,0,137535488,0,159537438720,121125216256,0
1791591216.8724463,0.05722196027636528,59852406784,0,0,85017493504,59714871296,0,137535488,0,159537561600,121125216256,0
1791591217.0710886,0.05578281357884407,59852406784,0,0,85017493504,59714871296,0,137535488,0,159537651712,121125216256,0
1791591217.2865958,0.07120449095964432,59885043712,0,0,85017493504,59726843904,0,158199808,0,159569768448,121125216256,0
1791591217.4759545,0.06048337183892727,59898544128,0,0,85017493504,59761008640,0,137535488,0,159582920704,121125216256,0
1791591217.6760914,0.06053197756409645,59898544128,0,0,85017493504,59761008640,0,137535488,0,159582978048,121125216256,0
1791591217.8775797,0.061941277235746384,59898544128,0,0,85017493504,59761008640,0,137535488,0,159582785536,121125216256,0
1791591218.0723495,0.05663175322115421,59898544128,0,0,85017493504,59761008640,0,137535488,0,159582609408,121125216256,0
1791591218.2756438,0.059845007956027985,59898544128,0,0,85017493504,59761008640,0,137535488,0,159582666752,121125216256,0
1791591218.4747338,0.05885619483888149,59898544128,0,0,85017493504,59761008640,0,137535488,0,159582744576,121125216256,0
1791591218.673668,0.05770057253539562,59898544128,0,0,85017493504,59761008640,0,137535488,0,159583096832,121125216256,0
1791591218.8726385,0.05659177899360657,59898544128,0,0,85017493504,59761008640,0,137535488,0,159583133696,121125216256,0
1791591219.074921,0.058789126574993134,59898544128,0,0,85017493504,59761008640,0,137535488,0,159583211520,121125216256,0
1791591219.2721543,0.055941902101039886,59898544128,0,0,85017493504,59761008640,0,137535488,0,159583055872,121125216256,0
1791591219.4726672,0.05637088790535927,59898544128,0,0,85017493504,59761008640,0,137535488,0,159582740480,121125216256,0
1791591219.673923,0.05754709243774414,59909029888,0,0,85017493504,59771494400,0,137535488,0,159593197568,121125216256,0
1791591219.87007,0.053613170981407166,59909029888,0,0,85017493504,59771494400,0,137535488,0,159593287680,121125216256,0
1791591220.0702379,0.053698955103755,59909029888,0,0,85017493504,59771494400,0,137535488,0,159593390080,121125216256,0
1791591220.2777185,0.0610947422683239,59909029888,0,0,85017493504,59771494400,0,137535488,0,159593005056,121125216256,0
1791591220.4747283,0.058018023148179054,59909029888,0,0,85017493504,59771494400,0,137535488,0,159593439232,121125216256,0
1791591220.6735163,0.05671728402376175,59909029888,0,0,85017493504,59771494400,0,137535488,0,159593177088,121125216256,0
1791591220.880574,0.06369058042764664,59938390016,0,0,85017493504,59781980160,0,156409856,0,159622627328,121125216256,0
1791591221.0765078,0.059539057314395905,59944681472,0,0,85017493504,59807145984,0,137535488,0,159628984320,121125216256,0
1791591221.2760088,0.05895967409014702,59944681472,0,0,85017493504,59807145984,0,137535488,0,159629078528,121125216256,0
1791591221.4743524,0.05722224898636341,59944681472,0,0,85017493504,59807145984,0,137535488,0,159629172736,121125216256,0
1791591221.6700108,0.0528002493083477,59944681472,0,0,85017493504,59807145984,0,137535488,0,159629156352,121125216256,0
1791591221.8755846,0.05829230882227421,59944681472,0,0,85017493504,59807145984,0,137535488,0,159629017088,121125216256,0
1791591222.0764034,0.05903179757297039,59944681472,0,0,85017493504,59807145984,0,137535488,0,159629111296,121125216256,0
1791591222.2750685,0.05761824920773506,59944681472,0,0,85017493504,59807145984,0,137535488,0,159628890112,121125216256,0
1791591222.4750934,0.05756140314042568,59944681472,0,0,85017493504,59807145984,0,137535488,0,159628795904,121125216256,0
1791591222.6767156,0.059094348922371864,59944681472,0,0,85017493504,59807145984,0,137535488,0,159629254656,121125216256,0
1791591222.876532,0.058830032125115395,59944685568,0,0,85017493504,59807145984,0,137539584,0,159629336576,121125216256,0
1791591223.0767343,0.058952733874320984,59944685568,0,0,85017493504,59807145984,0,137539584,0,159629426688,121125216256,0
1791591223.2771146,0.059250228106975555,59963559936,0,0,85017493504,59811131392,0,152428544,0,159648124928,121125216256,0
1791591223.4770942,0.059147557243704796,59978240000,0,0,85017493504,59840700416,0,137539584,0,159662690304,121125216256,0
1791591223.6819282,0.06389855779707432,59978240000,0,0,85017493504,59840700416,0,137539584,0,159662673920,121125216256,0
1791591223.8766217,0.05850962921977043,59978252288,0,0,85017493504,59840700416,0,137551872,0,159662784512,121125216256,0
1791591224.0724921,0.05428653955459595,59978252288,0,0,85017493504,59840700416,0,137551872,0,159662882816,121125216256,0
1791591224.2728004,0.05451350659132004,59978252288,0,0,85017493504,59840700416,0,137551872,0,159662518272,121125216256,0
1791591224.4787743,0.06038426607847214,59992932352,0,0,85017493504,59855380480,0,137551872,0,159677349888,121125216256,0
1791591224.702889,0.0843981709331274,59992932352,0,0,85017493504,59855380480,0,137551872,0,159677218816,121125216256,0
1791591224.881154,0.06257839873433113,59992932352,0,0,85017493504,59855380480,0,137551872,0,159677837312,121125216256,0
1791591225.0788696,0.060208071023225784,59992932352,0,0,85017493504,59855380480,0,137551872,0,159677370368,121125216256,0
1791591225.2777665,0.05899219214916229,59992932352,0,0,85017493504,59855380480,0,137551872,0,159677505536,121125216256,0
1791591225.4804935,0.06163459271192551,59992932352,0,0,85017493504,59855380480,0,137551872,0,159677792256,121125212160,0
1791591225.6836455,0.06467345543205738,60072624128,0,0,85017493504,59914100736,0,158523392,0,159757320192,121125212160,0
1791591225.8811157,0.06204862520098686,60074721280,0,0,85017493504,59937169408,0,137551872,0,159759552512,121125212160,0
1791591226.0792873,0.060138531029224396,60074721280,0,0,85017493504,59937169408,0,137551872,0,159759626240,121125212160,0
1791591226.2789593,0.0597288366407156,60074721280,0,0,85017493504,59937169408,0,137551872,0,159759298560,121125212160,0
1791591226.4808688,0.061558058485388756,60074721280,0,0,85017493504,59937169408,0,137551872,0,159759392768,121125212160,0
1791591226.6791074,0.05971004441380501,60074721280,0,0,85017493504,59937169408,0,137551872,0,159759679488,121125212160,0
1791591226.8804052,0.06092710420489311,60074721280,0,0,85017493504,59937169408,0,137551872,0,159759761408,121125212160,0
1791591227.0797913,0.06023366004228592,60083109888,0,0,85017493504,59937169408,0,145940480,0,159770193920,121125212160,0
1791591227.2792091,0.059565601870417595,60122955776,0,0,85017493504,59985403904,0,137551872,0,159808290816,121125212160,0
1791591227.4786208,0.05889339931309223,60122955776,0,0,85017493504,59985403904,0,137551872,0,159808299008,121125212160,0
1791591227.6843495,0.06454148516058922,60122955776,0,0,85017493504,59985403904,0,137551872,0,159808311296,121125212160,0
1791591227.8824341,0.06254432536661625,60122955776,0,0,85017493504,59985403904,0,137551872,0,159808389120,121125212160,0
1791591228.0795567,0.05958699248731136,60122955776,0,0,85017493504,59985403904,0,137551872,0,159808483328,121125212160,0
1791591228.2812784,0.06122836098074913,60122955776,0,0,85017493504,59985403904,0,137551872,0,159808192512,121125212160,0
1791591228.483469,0.0633342582732439,60162801664,0,0,85017493504,60004278272,0,158523392,0,159848828928,121125212160,0
1791591228.68689,0.06666923128068447,60164898816,0,0,85017493504,60027346944,0,137551872,0,159850373120,121125212160,0
1791591228.88205,0.061743345111608505,60164898816,0,0,85017493504,60027346944,0,137551872,0,159850455040,121125212160,0
1791591229.08486,0.06447255797684193,60164898816,0,0,85017493504,60027346944,0,137551872,0,159850295296,121125212160,0
1791591229.2800238,0.059555111452937126,60164898816,0,0,85017493504,60027346944,0,137551872,0,159850381312,121125212160,0
1791591229.477474,0.05692671984434128,60164898816,0,0,85017493504,60027346944,0,137551872,0,159850196992,121125212160,0
1791591229.6767132,0.05608474649488926,60164898816,0,0,85017493504,60027346944,0,137551872,0,159850029056,121125212160,0
1791591229.876218,0.05550763197243214,60168458240,0,0,85017493504,60027346944,0,141111296,0,159853547520,121125212160,0
1791591230.081295,0.06049935519695282,60204744704,0,0,85017493504,60067192832,0,137551872,0,159889715200,121125212160,0
1791591230.2828655,0.061991093680262566,60204744704,0,0,85017493504,60067192832,0,137551872,0,159889412096,121125212160,0
1791591230.4828823,0.06191282346844673,60204744704,0,0,85017493504,60067192832,0,137551872,0,159889801216,121125212160,0
1791591230.6816154,0.06056268699467182,60204744704,0,0,85017493504,60067192832,0,137551872,0,159889530880,121125212160,0
1791591230.881592,0.06045778654515743,60204744704,0,0,85017493504,60067192832,0,137551872,0,159889813504,121125212160,0
1791591231.084667,0.06345131061971188,60204744704,0,0,85017493504,60067192832,0,137551872,0,159889612800,121125212160,0
1791591231.2824528,0.06115295737981796,60204744704,0,0,85017493504,60067192832,0,137551872,0,159889645568,121125212160,0
1791591231.4843128,0.06293275952339172,60211036160,0,0,85017493504,60073484288,0,137551872,0,159896031232,121125212160,0
1791591231.6820657,0.0606044065207243,60211036160,0,0,85017493504,60073484288,0,137551872,0,159895920640,121125212160,0
1791591231.8806715,0.05913153849542141,60211036160,0,0,85017493504,60073484288,0,137551872,0,159895994368,121125212160,0
1791591232.07765,0.05602860823273659,60211036160,0,0,85017493504,60073484288,0,137551872,0,159896014848,121125212160,0
1791591232.2806127,0.058909470215439796,60211036160,0,0,85017493504,60073484288,0,137551872,0,159895654400,121125212160,0
1791591232.4771202,0.055337581783533096,60211036160,0,0,85017493504,60073484288,0,137551872,0,159895928832,121125212160,0
1791591232.6846745,0.06281007640063763,60259270656,0,0,85017493504,60119621632,0,139649024,0,159944486912,121125212160,0
1791591232.8827085,0.06075425632297993,60259270656,0,0,85017493504,60121718784,0,137551872,0,159944572928,121125212160,0
1791591233.0817845,0.05974666401743889,60259270656,0,0,85017493504,60121718784,0,137551872,0,159944601600,121125212160,0
1791591233.2945137,0.07234862633049488,60259270656,0,0,85017493504,60121718784,0,137551872,0,159944540160,121125212160,0
1791591233.4815774,0.05932244844734669,60259270656,0,0,85017493504,60121718784,0,137551872,0,159944880128,121125212160,0
1791591233.7019842,0.07961887121200562,60259270656,0,0,85017493504,60121718784,0,137551872,0,159944740864,121125212160,0
1791591233.9028792,0.08039146289229393,60259270656,0,0,85017493504,60121718784,0,137551872,0,159944613888,121125212160,0
1791591234.0985444,0.07593977637588978,60278145024,0,0,85017493504,60140593152,0,137551872,0,159963561984,121125212160,0
1791591234.2930102,0.07027346454560757,60278145024,0,0,85017493504,60140593152,0,137551872,0,159963447296,121125212160,0
1791591234.4827633,0.05995035730302334,60278145024,0,0,85017493504,60140593152,0,137551872,0,159963643904,121125212160,0
1791591234.6859605,0.06306562945246696,60278145024,0,0,85017493504,60140593152,0,137551872,0,159963459584,121125212160,0
1791591234.8864121,0.06343362852931023,60278145024,0,0,85017493504,60140593152,0,137551872,0,159963750400,121125212160,0
1791591235.1029205,0.07980866357684135,60278145024,0,0,85017493504,60140593152,0,137551872,0,159963770880,121125212160,0
1791591235.2828236,0.05963342450559139,60278145024,0,0,85017493504,60140593152,0,137551872,0,159963693056,121125212160,0
1791591235.5013347,0.07800981402397156,60315893760,0,0,85017493504,60178341888,0,137551872,0,160001495040,121125212160,0
1791591235.6801298,0.05669514276087284,60315893760,0,0,85017493504,60178341888,0,137551872,0,160001503232,121125212160,0
1791591235.888594,0.06503800489008427,60315893760,0,0,85017493504,60178341888,0,137551872,0,160001597440,121125212160,0
1791591236.096702,0.07300498709082603,60315893760,0,0,85017493504,60178341888,0,137551872,0,160001462272,121125212160,0
1791591236.2912264,0.06743188202381134,60315893760,0,0,85017493504,60178341888,0,137551872,0,160001286144,121125212160,0
1791591236.482138,0.058270467445254326,60315893760,0,0,85017493504,60178341888,0,137551872,0,160001368064,121125212160,0
1791591236.6941545,0.07016907818615437,60315893760,0,0,85017493504,60178341888,0,137551872,0,160001347584,121125212160,0
1791591236.896061,0.07196018658578396,60315893760,0,0,85017493504,60178341888,0,137551872,0,160001007616,121125212160,0
1791591237.095943,0.07172415591776371,60359933952,0,0,85017493504,60206346240,0,153587712,0,160045318144,121125212160,0
1791591237.2974064,0.07305066287517548,60359933952,0,0,85017493504,60222382080,0,137551872,0,160045305856,121125212160,0
1791591237.4716604,0.04721897281706333,60359933952,0,0,85017493504,60222382080,0,137551872,0,160045395968,121125212160,0
1791591237.6925492,0.06799951754510403,60359933952,0,0,85017493504,60222382080,0,137551872,0,160045490176,121125212160,0
1791591237.8734765,0.04883190803229809,60359933952,0,0,85017493504,60222382080,0,137551872,0,160045314048,121125212160,0
1791591238.0962071,0.07146529853343964,60359933952,0,0,85017493504,60222382080,0,137551872,0,160045330432,121125212160,0
1791591238.286439,0.06161367893218994,60362031104,0,0,85017493504,60224479232,0,137551872,0,160047403008,121125212160,0
1791591238.4858637,0.06095745041966438,60362031104,0,0,85017493504,60224479232,0,137551872,0,160047403008,121125212160,0
1791591238.6915686,0.06657682918012142,60362031104,0,0,85017493504,60224479232,0,137551872,0,160046379008,121125212160,0
1791591238.8907874,0.0657146405428648,60362031104,0,0,85017493504,60224479232,0,137551872,0,160046469120,121125212160,0
1791591239.0866168,0.06145797297358513,60362031104,0,0,85017493504,60224479232,0,137551872,0,160046841856,121125212160,0
1791591239.2878654,0.06262394599616528,60362031104,0,0,85017493504,60224479232,0,137551872,0,160046931968,121125212160,0
1791591239.500864,0.07550505362451077,60362031104,0,0,85017493504,60224479232,0,137551872,0,160046530560,121125212160,0
1791591239.688552,0.06312480010092258,60414459904,0,0,85017493504,60276908032,0,137551872,0,160099225600,121125212160,0
1791591239.8846364,0.05912682041525841,60414459904,0,0,85017493504,60276908032,0,137551872,0,160099315712,121125212160,0
1791591240.087701,0.06210947223007679,60416557056,0,0,85017493504,60279005184,0,137551872,0,160101498880,121125212160,0
1791591240.2900982,0.06442449986934662,60416557056,0,0,85017493504,60279005184,0,137551872,0,160101826560,121125212160,0
1791591240.4862156,0.06045447662472725,60424945664,0,0,85017493504,60287393792,0,137551872,0,160110632960,121125212160,0
1791591240.689894,0.06404951214790344,60424945664,0,0,85017493504,60287393792,0,137551872,0,160110530560,121125212160,0
1791591240.8944786,0.0685503575950861,60424945664,0,0,85017493504,60287393792,0,137551872,0,160110530560,121125212160,0
1791591241.0915928,0.0655770543962717,60424945664,0,0,85017493504,60287393792,0,137551872,0,160110628864,121125212160,0
1791591241.2900577,0.06395633146166801,60435431424,0,0,85017493504,60289490944,0,145940480,0,160121208832,121125212160,0
1791591241.4928901,0.06666245497763157,60454305792,0,0,85017493504,60316753920,0,137551872,0,160140075008,121125212160,0
1791591241.6917663,0.06545831635594368,60454305792,0,0,85017493504,60316753920,0,137551872,0,160140173312,121125212160,0
1791591241.890349,0.06396458297967911,60454305792,0,0,85017493504,60316753920,0,137551872,0,160140267520,121125212160,0
1791591242.088653,0.06219031661748886,60454305792,0,0,85017493504,60316753920,0,137551872,0,160140144640,121125212160,0
1791591242.28813,0.0615872647613287,60454305792,0,0,85017493504,60316753920,0,137551872,0,160139853824,121125212160,0
1791591242.4921415,0.06551650911569595,60454305792,0,0,85017493504,60316753920,0,137551872,0,160139673600,121125212160,0
1791591242.6913164,0.06460453383624554,60454305792,0,0,85017493504,60316753920,0,137551872,0,160139980800,121125212160,0
1791591242.8941026,0.0673036053776741,60533997568,0,0,85017493504,60396445696,0,137551872,0,160219668480,121125212160,0
1791591243.0933502,0.06647214479744434,60533997568,0,0,85017493504,60396445696,0,137551872,0,160219758592,121125212160,0
1791591243.296558,0.0695830974727869,60533997568,0,0,85017493504,60396445696,0,137551872,0,160219316224,121125212160,0
1791591243.4953558,0.06829768791794777,60533997568,0,0,85017493504,60396445696,0,137551872,0,160219119616,121125212160,0
1791591243.6897523,0.06260828860104084,60533997568,0,0,85017493504,60396445696,0,137551872,0,160219209728,121125212160,0
1791591243.887596,0.06035449914634228,60533997568,0,0,85017493504,60396445696,0,137551872,0,160219271168,121125212160,0
1791591244.0938826,0.06655914522707462,60542386176,0,0,85017493504,60398542848,0,143843328,0,160227753984,121125212160,0
1791591244.2926307,0.06521768867969513,60542386176,0,0,85017493504,60404834304,0,137551872,0,160227577856,121125212160,0
1791591244.4993956,0.07189389318227768,60542386176,0,0,85017493504,60404834304,0,137551872,0,160227553280,121125212160,0
1791591244.6947129,0.06711787730455399,60594814976,0,0,85017493504,60457263104,0,137551872,0,160280444928,121125212160,0
1791591244.9013348,0.0736533123999834,60594814976,0,0,85017493504,60457263104,0,137551872,0,160280489984,121125212160,0
1791591245.0939019,0.06613730825483799,60594814976,0,0,85017493504,60457263104,0,137551872,0,160280576000,121125212160,0
1791591245.2909937,0.06314919330179691,60594814976,0,0,85017493504,60457263104,0,137551872,0,160280674304,121125212160,0
1791591245.4908128,0.06288857758045197,60594814976,0,0,85017493504,60457263104,0,137551872,0,160281391104,121125212160,0
1791591245.6856153,0.05762442760169506,60594814976,0,0,85017493504,60457263104,0,137551872,0,160281550848,121125212160,0
1791591245.8863769,0.0583203062415123,60594814976,0,0,85017493504,60457263104,0,137551872,0,160280858624,121125212160,0
1791591246.0925136,0.06438103690743446,60594814976,0,0,85017493504,60457263104,0,137551872,0,160280694784,121125212160,0
1791591246.293795,0.06557899340987206,60594814976,0,0,85017493504,60457263104,0,137551872,0,160280645632,121125212160,0
1791591246.4949458,0.06664683856070042,60607881216,0,0,85017493504,60459360256,0,148520960,0,160293842944,121125212160,0
1791591246.6964037,0.0680259745568037,60609495040,0,0,85017493504,60471943168,0,137551872,0,160295772160,121125212160,0
1791591246.90016,0.07169967144727707,60609495040,0,0,85017493504,60471943168,0,137551872,0,160295882752,121125212160,0
1791591247.0956023,0.06705966591835022,60609495040,0,0,85017493504,60471943168,0,137551872,0,160296230912,121125212160,0
1791591247.2980032,0.06937549635767937,60609495040,0,0,85017493504,60471943168,0,137551872,0,160296308736,121125212160,0
1791591247.4929938,0.06428276188671589,60609495040,0,0,85017493504,60471943168,0,137551872,0,160296173568,121125212160,0
1791591247.691094,0.062299372628331184,60609495040,0,0,85017493504,60471943168,0,137551872,0,160295763968,121125212160,0
1791591247.8940098,0.06513375230133533,60645146624,0,0,85017493504,60507594752,0,137551872,0,160331538432,121125212160,0
1791591248.0919037,0.06294692493975163,60645146624,0,0,85017493504,60507594752,0,137551872,0,160331542528,121125212160,0
1791591248.289273,0.06023634411394596,60645150720,0,0,85017493504,60507594752,0,137555968,0,160331632640,121125212160,0
1791591248.493911,0.06478668935596943,60645150720,0,0,85017493504,60507594752,0,137555968,0,160331464704,121125212160,0
1791591248.6980402,0.06882691197097301,60678705152,0,0,85017493504,60520738816,0,157966336,0,160365223936,121125212160,0
1791591248.899396,0.07010053098201752,60699676672,0,0,85017493504,60562120704,0,137555968,0,160386330624,121125212160,0
1791591249.0959868,0.06661206670105457,60699676672,0,0,85017493504,60562120704,0,137555968,0,160386056192,121125212160,0
1791591249.2962227,0.06675736978650093,60699688960,0,0,85017493504,60562120704,0,137568256,0,160385409024,121125212160,0
1791591249.4972854,0.06773364543914795,60699688960,0,0,85017493504,60562120704,0,137568256,0,160385507328,121125212160,0
1791591249.698212,0.06857908703386784,60699688960,0,0,85017493504,60562120704,0,137568256,0,160385523712,121125212160,0
1791591249.9002438,0.07052888348698616,60699688960,0,0,85017493504,60562120704,0,137568256,0,160385511424,121125212160,0
1791591250.100017,0.07021802291274071,60701786112,0,0,85017493504,60562120704,0,139665408,0,160387702784,121125212160,0
1791591250.2940252,0.0641429852694273,60701786112,0,0,85017493504,60564217856,0,137568256,0,160387768320,121125212160,0
1791591250.4933233,0.06335604377090931,60701786112,0,0,85017493504,60564217856,0,137568256,0,160387715072,121125212160,0
1791591250.6970642,0.06700952537357807,60701786112,0,0,85017493504,60564217856,0,137568256,0,160387629056,121125212160,0
1791591250.8953896,0.06525138393044472,60701786112,0,0,85017493504,60564217856,0,137568256,0,160387432448,121125212160,0
1791591251.093421,0.06320148520171642,60701786112,0,0,85017493504,60564217856,0,137568256,0,160387948544,121125212160,0
1791591251.2929544,0.06265302561223507,60701786112,0,0,85017493504,60564217856,0,137568256,0,160387928064,121125240832,0
1791591251.4976435,0.06725342757999897,60726235136,0,0,85017493504,60570218496,0,156016640,0,160413171712,121125240832,0
1791591251.7013912,0.07091748714447021,60750020608,0,0,85017493504,60612452352,0,137568256,0,160436715520,121125240832,0
1791591251.8942995,0.06374673545360565,60750020608,0,0,85017493504,60612452352,0,137568256,0,160436805632,121125240832,0
1791591252.0927217,0.062086718156933784,60750020608,0,0,85017493504,60612452352,0,137568256,0,160436858880,121125240832,0
1791591252.292633,0.061915433034300804,60750020608,0,0,85017493504,60612452352,0,137568256,0,160436678656,121125240832,0
1791591252.492356,0.061557039618492126,60750020608,0,0,85017493504,60612452352,0,137568256,0,160436776960,121125240832,0
1791591252.7002845,0.0694058071821928,60750020608,0,0,85017493504,60612452352,0,137568256,0,160436510720,121125240832,0
1791591252.895907,0.06494426354765892,60750020608,0,0,85017493504,60612452352,0,137568256,0,160436563968,121125240832,0
1791591253.0972269,0.06619713827967644,60750020608,0,0,85017493504,60612452352,0,137568256,0,160436633600,121125240832,0
1791591253.2979307,0.06682073697447777,60750020608,0,0,85017493504,60612452352,0,137568256,0,160436727808,121125240832,0
1791591253.4986482,0.06742256134748459,60767870976,0,0,85017493504,60614549504,0,153321472,0,160454819840,121125240832,0
1791591253.7049034,0.07359065301716328,60775186432,0,0,85017493504,60637618176,0,137568256,0,160461901824,121125240832,0
1791591253.8996909,0.06829663552343845,60775186432,0,0,85017493504,60637618176,0,137568256,0,160461996032,121125240832,0
1791591254.0968351,0.06535617262125015,60775186432,0,0,85017493504,60637618176,0,137568256,0,160462086144,121125240832,0
1791591254.2941663,0.06260562129318714,60775186432,0,0,85017493504,60637618176,0,137568256,0,160461852672,121125240832,0
1791591254.499804,0.06815851666033268,60775186432,0,0,85017493504,60637618176,0,137568256,0,160461664256,121125240832,0
1791591254.7028308,0.0710854921489954,60806643712,0,0,85017493504,60665298944,0,141344768,0,160492609536,121125240832,0
1791591254.9019623,0.07014359161257744,60806643712,0,0,85017493504,60669075456,0,137568256,0,160492826624,121125240832,0
1791591255.1002314,0.06832705810666084,60806643712,0,0,85017493504,60669075456,0,137568256,0,160492625920,121125212160,0
1791591255.3015778,0.06958931684494019,60806643712,0,0,85017493504,60669075456,0,137568256,0,160492503040,121125212160,0
1791591255.4976788,0.06559492833912373,60806643712,0,0,85017493504,60669075456,0,137568256,0,160492945408,121125208064,0
1791591255.69819,0.0660216175019741,60806643712,0,0,85017493504,60669075456,0,137568256,0,160493027328,121125208064,0
1791591255.900627,0.06837711296975613,60806643712,0,0,85017493504,60669075456,0,137568256,0,160493113344,121125208064,0
1791591256.1047316,0.0723947174847126,60829712384,0,0,85017493504,60671172608,0,158539776,0,160515780608,121125208064,0
1791591256.3030627,0.07064402103424072,60861169664,0,0,85017493504,60723601408,0,137568256,0,160547536896,121125208064,0
1791591256.502393,0.06989465095102787,60861169664,0,0,85017493504,60723601408,0,137568256,0,160547639296,121125208064,0
1791591256.697379,0.06479515694081783,60861169664,0,0,85017493504,60723601408,0,137568256,0,160547737600,121125208064,0
1791591256.898871,0.06619746051728725,60861169664,0,0,85017493504,60723601408,0,137568256,0,160547700736,121125208064,0
1791591257.0964248,0.06367241777479649,60861169664,0,0,85017493504,60723601408,0,137568256,0,160546263040,121125208064,0
1791591257.2989583,0.0661067683249712,60861169664,0,0,85017493504,60723601408,0,137568256,0,160546263040,121125208064,0
1791591257.5006213,0.06766095198690891,60861169664,0,0,85017493504,60723601408,0,137568256,0,160546357248,121125208064,0
1791591257.7109735,0.07791206054389477,60861169664,0,0,85017493504,60723601408,0,137568256,0,160546467840,121125208064,0
1791591257.9147267,0.08157546445727348,60861169664,0,0,85017493504,60723601408,0,137568256,0,160546455552,121125208064,0
1791591258.1137807,0.08054325170814991,60861169664,0,0,85017493504,60723601408,0,137568256,0,160546377728,121125208064,0
1791591258.3138652,0.08054812066257,60861169664,0,0,85017493504,60723601408,0,137568256,0,160546443264,121125208064,0
1791591258.5088964,0.07547821290791035,60861169664,0,0,85017493504,60723601408,0,137568256,0,160546529280,121125208064,0
1791591258.6985695,0.06507343612611294,60863266816,0,0,85017493504,60723601408,0,139665408,0,160548913152,121125208064,0
1791591258.9040291,0.07043022476136684,60913598464,0,0,85017493504,60776030208,0,137568256,0,160598949888,121125208064,0
1791591259.1140072,0.08031131699681282,60913598464,0,0,85017493504,60776030208,0,137568256,0,160599109632,121125208064,0
1791591259.3030577,0.0692717656493187,60938764288,0,0,85017493504,60801196032,0,137568256,0,160623939584,121125208064,0
1791591259.5026855,0.06881533935666084,60938764288,0,0,85017493504,60801196032,0,137568256,0,160624275456,121125208064,0
1791591259.7040966,0.06995836831629276,60938764288,0,0,85017493504,60801196032,0,137568256,0,160624287744,121125208064,0
1791591259.916402,0.08216945827007294,60938764288,0,0,85017493504,60801196032,0,137568256,0,160624181248,121125208064,0
1791591260.1087286,0.07441560365259647,60938764288,0,0,85017493504,60801196032,0,137568256,0,160624119808,121125208064,0
1791591260.3112612,0.07686726562678814,60938764288,0,0,85017493504,60801196032,0,137568256,0,160624136192,121125208064,0
1791591260.5104277,0.07594476826488972,60938764288,0,0,85017493504,60801196032,0,137568256,0,160624406528,121125208064,0
1791591260.7054117,0.07081820257008076,60961792000,0,0,85017493504,60807487488,0,154304512,0,160647675904,121125208064,0
1791591260.9108078,0.07612190395593643,60961832960,0,0,85017493504,60824264704,0,137568256,0,160647512064,121125208064,0
1791591261.10156,0.06679747626185417,60961832960,0,0,85017493504,60824264704,0,137568256,0,160647544832,121125208064,0
1791591261.3083375,0.07349468395113945,60961832960,0,0,85017493504,60824264704,0,137568256,0,160647745536,121125208064,0
1791591261.5073593,0.0724313035607338,60961832960,0,0,85017493504,60824264704,0,137568256,0,160647331840,121125208064,0
1791591261.7084816,0.07347211241722107,61007970304,0,0,85017493504,60870402048,0,137568256,0,160693727232,121125208064,0
1791591261.9171119,0.08198163472115993,61007970304,0,0,85017493504,60870402048,0,137568256,0,160693817344,121125208064,0
1791591262.1062813,0.07105693593621254,61007970304,0,0,85017493504,60870402048,0,137568256,0,160693911552,121125208064,0
1791591262.310048,0.07472890056669712,61007970304,0,0,85017493504,60870402048,0,137568256,0,160693743616,121125208064,0
1791591262.4883838,0.052971627563238144,61007970304,0,0,85017493504,60870402048,0,137568256,0,160693833728,121125208064,0
1791591262.708209,0.07269945554435253,61007970304,0,0,85017493504,60870402048,0,137568256,0,160693927936,121125208064,0
1791591262.8988733,0.06328926794230938,61007970304,0,0,85017493504,60870402048,0,137568256,0,160694198272,121125208064,0
1791591263.1208706,0.08518237806856632,61007970304,0,0,85017493504,60870402048,0,137568256,0,160694288384,121125208064,0
1791591263.2999332,0.06417195871472359,61007970304,0,0,85017493504,60870402048,0,137568256,0,160694173696,121125208064,0
1791591263.502863,0.0670170746743679,61010067456,0,0,85017493504,60872499200,0,137568256,0,160696053760,121125208064,0
1791591263.7139528,0.07798976264894009,61010067456,0,0,85017493504,60872499200,0,137568256,0,160696143872,121125208064,0
1791591263.9097342,0.07368858717381954,61010067456,0,0,85017493504,60872499200,0,137568256,0,160696152064,121125208064,0
1791591264.1057844,0.06965702399611473,61010067456,0,0,85017493504,60872499200,0,137568256,0,160696238080,121125208064,0
1791591264.3045363,0.06832735799252987,61010067456,0,0,85017493504,60872499200,0,137568256,0,160696303616,121125208064,0
1791591264.5240266,0.08769529312849045,61010067456,0,0,85017493504,60872499200,0,137568256,0,160695922688,121125208064,0
1791591264.7032266,0.06681653298437595,61062496256,0,0,85017493504,60903956480,0,158539776,0,160748961792,121125208064,0
1791591264.908447,0.07195376418530941,61064593408,0,0,85017493504,60927025152,0,137568256,0,160750850048,121125208064,0
1791591265.1250196,0.08841044828295708,61064593408,0,0,85017493504,60927025152,0,137568256,0,160750821376,121125208064,0
1791591265.3007898,0.06410952843725681,61064593408,0,0,85017493504,60927025152,0,137568256,0,160750796800,121125208064,0
1791591265.5066025,0.0698431059718132,61064593408,0,0,85017493504,60927025152,0,137568256,0,160750931968,121125208064,0
1791591265.7074413,0.07057584077119827,61064593408,0,0,85017493504,60927025152,0,137568256,0,160750850048,121125208064,0
1791591265.9080117,0.07104498706758022,61064593408,0,0,85017493504,60927025152,0,137568256,0,160750641152,121125208064,0
1791591266.1091123,0.07206075824797153,61064593408,0,0,85017493504,60927025152,0,137568256,0,160750391296,121125208064,0
1791591266.3273895,0.09014001488685608,61066690560,0,0,85017493504,60927025152,0,139665408,0,160752508928,121125208064,0
1791591266.5005097,0.06317441910505295,61102342144,0,0,85017493504,60964773888,0,137568256,0,160788041728,121125208064,0
1791591266.704484,0.06706933118402958,61102342144,0,0,85017493504,60964773888,0,137568256,0,160788312064,121125208064,0
1791591266.9019203,0.06442328914999962,61102342144,0,0,85017493504,60964773888,0,137568256,0,160788660224,121125208064,0
1791591267.102659,0.06506698578596115,61102342144,0,0,85017493504,60964773888,0,137568256,0,160788598784,121125208064,0
1791591267.312129,0.07446190156042576,61102342144,0,0,85017493504,60964773888,0,137568256,0,160788418560,121125208064,0
1791591267.5048935,0.067139508202672,61102342144,0,0,85017493504,60964773888,0,137568256,0,160788406272,121125208064,0
1791591267.7123814,0.07454859092831612,61102342144,0,0,85017493504,60964773888,0,137568256,0,160788500480,121125208064,0
1791591267.912772,0.07485833577811718,61121216512,0,0,85017493504,60983648256,0,137568256,0,160807653376,121125208064,0
1791591268.1101213,0.07212732918560505,61121216512,0,0,85017493504,60983648256,0,137568256,0,160807739392,121125208064,0
1791591268.3110478,0.0729752853512764,61121216512,0,0,85017493504,60983648256,0,137568256,0,160807747584,121125208064,0
1791591268.5138667,0.07570585235953331,61121216512,0,0,85017493504,60983648256,0,137568256,0,160807428096,121125208064,0
1791591268.7079988,0.06975904107093811,61121216512,0,0,85017493504,60983648256,0,137568256,0,160807776256,121125208064,0
1791591268.9115434,0.0732190478593111,61121216512,0,0,85017493504,60983648256,0,137568256,0,160807866368,121125208064,0
1791591269.1016123,0.06322582438588142,61121216512,0,0,85017493504,60983648256,0,137568256,0,160807952384,121125208064,0
1791591269.3060873,0.06762080639600754,61121216512,0,0,85017493504,60983648256,0,137568256,0,160808042496,121125208064,0
1791591269.507428,0.06888007931411266,61176094720,0,0,85017493504,61022601216,0,153493504,0,160863166464,121125208064,0
1791591269.7129796,0.07435216754674911,61179936768,0,0,85017493504,61042368512,0,137568256,0,160866967552,121125208064,0
1791591269.9100678,0.07136140763759613,61179936768,0,0,85017493504,61042368512,0,137568256,0,160867053568,121125208064,0
1791591270.1090505,0.07026238739490509,61179936768,0,0,85017493504,61042368512,0,137568256,0,160866885632,121125208064,0
1791591270.3087637,0.0698929000645876,61179936768,0,0,85017493504,61042368512,0,137568256,0,160866975744,121125208064,0
1791591270.5165114,0.07755715027451515,61179936768,0,0,85017493504,61042368512,0,137568256,0,160867028992,121125208064,0
1791591270.7081034,0.0690622627735138,61179936768,0,0,85017493504,61042368512,0,137568256,0,160867106816,121125208064,0
1791591270.9087846,0.06966287083923817,61184131072,0,0,85017493504,61042368512,0,141762560,0,160871383040,121125208064,0
1791591271.1115358,0.07233240827918053,61184131072,0,0,85017493504,61046562816,0,137568256,0,160871174144,121125208064,0
1791591271.3095622,0.07027698867022991,61184131072,0,0,85017493504,61046562816,0,137568256,0,160870723584,121125208064,0
1791591271.5113273,0.07195138372480869,61184131072,0,0,85017493504,61046562816,0,137568256,0,160870653952,121125208064,0
1791591271.710288,0.07082887180149555,61184131072,0,0,85017493504,61046562816,0,137568256,0,160870785024,121125208064,0
1791591271.919737,0.08019709773361683,61184131072,0,0,85017493504,61046562816,0,137568256,0,160870211584,121125208064,0
1791591272.1083095,0.06869210675358772,61226074112,0,0,85017493504,61088505856,0,137568256,0,160912691200,121125208064,0
1791591272.3150287,0.07533029839396477,61226074112,0,0,85017493504,61088505856,0,137568256,0,160912609280,121125208064,0
1791591272.50458,0.06481332518160343,61226074112,0,0,85017493504,61088505856,0,137568256,0,160912695296,121125208064,0
1791591272.7087677,0.06891560927033424,61226074112,0,0,85017493504,61088505856,0,137568256,0,160912642048,121125208064,0
1791591272.917617,0.0776773039251566,61251239936,0,0,85017493504,61113671680,0,137568256,0,160937865216,121125208064,0
1791591273.1117256,0.07170593738555908,61251239936,0,0,85017493504,61113671680,0,137568256,0,160937689088,121125208064,0
1791591273.311357,0.07125490345060825,61251239936,0,0,85017493504,61113671680,0,137568256,0,160937754624,121125208064,0
1791591273.499287,0.0590747706592083,61251239936,0,0,85017493504,61113671680,0,137568256,0,160937541632,121125208064,0
1791591273.699455,0.05916603282094002,61251244032,0,0,85017493504,61113671680,0,137572352,0,160937394176,121125208064,0
1791591273.9004223,0.060063960030674934,61251244032,0,0,85017493504,61113671680,0,137572352,0,160937480192,121125208064,0
1791591274.0996366,0.05920471251010895,61251244032,0,0,85017493504,61113671680,0,137572352,0,160937517056,121125208064,0
1791591274.299587,0.059084007516503334,61251244032,0,0,85017493504,61113671680,0,137572352,0,160937316352,121125208064,0
1791591274.501974,0.061400702223181725,61272215552,0,0,85017493504,61134643200,0,137572352,0,160958382080,121125208064,0
1791591274.7002327,0.059588467702269554,61272227840,0,0,85017493504,61134643200,0,137584640,0,160958451712,121125208064,0
1791591274.9081447,0.06739192083477974,61272227840,0,0,85017493504,61134643200,0,137584640,0,160958332928,121125208064,0
1791591275.1112404,0.07040431350469589,61272227840,0,0,85017493504,61134643200,0,137584640,0,160958414848,121125208064,0
1791591275.3109655,0.07004040665924549,61272227840,0,0,85017493504,61134643200,0,137584640,0,160958451712,121125208064,0
1791591275.513344,0.07233289629220963,61272227840,0,0,85017493504,61134643200,0,137584640,0,160958783488,121125208064,0
1791591275.7128682,0.07177425734698772,61272227840,0,0,85017493504,61134643200,0,137584640,0,160958873600,121125208064,0
1791591275.9097707,0.06852380372583866,61272227840,0,0,85017493504,61134643200,0,137584640,0,160958750720,121125208064,0
1791591276.1130302,0.0716761127114296,61272227840,0,0,85017493504,61134643200,0,137584640,0,160958832640,121125208064,0
1791591276.3118198,0.07038488797843456,61272227840,0,0,85017493504,61134643200,0,137584640,0,160958832640,121125208064,0
1791591276.5140758,0.0725580956786871,61318365184,0,0,85017493504,61180780544,0,137584640,0,161005035520,121125208064,0
1791591276.7123609,0.07076118886470795,61318365184,0,0,85017493504,61180780544,0,137584640,0,161004765184,121125208064,0
1791591276.9280424,0.08636605925858021,61318365184,0,0,85017493504,61180780544,0,137584640,0,161005051904,121125208064,0
1791591277.1123984,0.0706386286765337,61318365184,0,0,85017493504,61180780544,0,137584640,0,161004875776,121125208064,0
1791591277.3117864,0.06994413211941719,61318365184,0,0,85017493504,61180780544,0,137584640,0,161004908544,121125208064,0
1791591277.4971445,0.05521008372306824,61318365184,0,0,85017493504,61180780544,0,137584640,0,161004036096,121125208064,0
1791591277.6971967,0.05518106371164322,61318365184,0,0,85017493504,61180780544,0,137584640,0,161004384256,121125208064,0
1791591277.9016614,0.05957051180303097,61320462336,0,0,85017493504,61182877696,0,137584640,0,161006817280,121125208064,0
1791591278.1073418,0.06509370543062687,61320462336,0,0,85017493504,61182877696,0,137584640,0,161006915584,121125208064,0
1791591278.3120644,0.0697276908904314,61320462336,0,0,85017493504,61182877696,0,137584640,0,161006739456,121125208064,0
1791591278.510971,0.06854564510285854,61320462336,0,0,85017493504,61182877696,0,137584640,0,161006542848,121125208064,0
1791591278.7113929,0.06888269819319248,61320462336,0,0,85017493504,61182877696,0,137584640,0,161006637056,121125208064,0
1791591278.9123244,0.06973218731582165,61320462336,0,0,85017493504,61182877696,0,137584640,0,161006727168,121125208064,0
1791591279.1142097,0.0715098287910223,61320462336,0,0,85017493504,61182877696,0,137584640,0,161006841856,121125208064,0
1791591279.3140094,0.07122645899653435,61320462336,0,0,85017493504,61182877696,0,137584640,0,161006665728,121125208064,0
1791591279.5162082,0.07334198243916035,61320462336,0,0,85017493504,61182877696,0,137584640,0,161006706688,121125208064,0
1791591279.7164385,0.0734870657324791,61339144192,0,0,85017493504,61184974848,0,154169344,0,161025519616,121125208064,0
1791591279.9168081,0.07377331331372261,61364502528,0,0,85017493504,61226917888,0,137584640,0,161050443776,121125208064,0
1791591280.115102,0.07196153700351715,61364502528,0,0,85017493504,61226917888,0,137584640,0,161050693632,121125208064,0
1791591280.3250906,0.081875866279006,61364502528,0,0,85017493504,61226917888,0,137584640,0,161050710016,121125208064,0
1791591280.5135586,0.07026378251612186,61364502528,0,0,85017493504,61226917888,0,137584640,0,161051062272,121125208064,0
1791591280.713383,0.07000820152461529,61364502528,0,0,85017493504,61226917888,0,137584640,0,161050800128,121125208064,0
1791591280.9170654,0.07360135018825531,61364502528,0,0,85017493504,61226917888,0,137584640,0,161050812416,121125208064,0
1791591281.1188643,0.07530899532139301,61364502528,0,0,85017493504,61226917888,0,137584640,0,161050718208,121125208064,0
1791591281.3165472,0.07288588769733906,61364502528,0,0,85017493504,61226917888,0,137584640,0,161050963968,121125208064,0
1791591281.5177443,0.07399067096412182,61364502528,0,0,85017493504,61226917888,0,137584640,0,161051049984,121125208064,0
1791591281.701716,0.05786975286900997,61387571200,0,0,85017493504,61249986560,0,137584640,0,161073778688,121125208064,0
1791591281.9215004,0.07757281698286533,61387571200,0,0,85017493504,61249986560,0,137584640,0,161074036736,121125208064,0
1791591282.1095986,0.06557354517281055,61387571200,0,0,85017493504,61249986560,0,137584640,0,161074094080,121125208064,0
1791591282.3117275,0.06762516312301159,61387571200,0,0,85017493504,61249986560,0,137584640,0,161073905664,121125208064,0
1791591282.5238576,0.07963166758418083,61387571200,0,0,85017493504,61249986560,0,137584640,0,161073950720,121125208064,0
1791591282.7172122,0.07290573790669441,61387571200,0,0,85017493504,61249986560,0,137584640,0,161073770496,121125208064,0
1791591282.9188266,0.07440425455570221,61387571200,0,0,85017493504,61249986560,0,137584640,0,161073860608,121125208064,0
1791591283.1173286,0.07282319106161594,61387571200,0,0,85017493504,61249986560,0,137584640,0,161073733632,121125208064,0
1791591283.3181632,0.07357690669596195,61387571200,0,0,85017493504,61249986560,0,137584640,0,161073819648,121125208064,0
1791591283.5170038,0.0723317414522171,61387571200,0,0,85017493504,61249986560,0,137584640,0,161073856512,121125208064,0
1791591283.7175286,0.07273194380104542,61400154112,0,0,85017493504,61252083712,0,148070400,0,161086521344,121125208064,0
1791591283.9156811,0.07080472446978092,61410639872,0,0,85017493504,61273055232,0,137584640,0,161097101312,121125208064,0
1791591284.1154006,0.07045244239270687,61410639872,0,0,85017493504,61273055232,0,137584640,0,161097101312,121125208064,0
1791591284.3176305,0.07260212115943432,61410639872,0,0,85017493504,61273055232,0,137584640,0,161096732672,121125208064,0
1791591284.5172696,0.07212551869452,61410639872,0,0,85017493504,61273055232,0,137584640,0,161096814592,121125208064,0
1791591284.720352,0.0751225333660841,61410639872,0,0,85017493504,61273055232,0,137584640,0,161097179136,121125208064,0
1791591284.9274044,0.08208970353007317,61410639872,0,0,85017493504,61273055232,0,137584640,0,161097506816,121125208064,0
1791591285.1133325,0.06794026866555214,61410639872,0,0,85017493504,61273055232,0,137584640,0,161097244672,121125208064,0
1791591285.3229353,0.07743809558451176,61410639872,0,0,85017493504,61273055232,0,137584640,0,161097224192,121125208064,0
1791591285.514155,0.06857625022530556,61410639872,0,0,85017493504,61273055232,0,137584640,0,161096884224,121125208064,0
1791591285.7164202,0.07076316885650158,61410639872,0,0,85017493504,61273055232,0,137584640,0,161096908800,121125208064,0
1791591285.9208343,0.07508732937276363,61456777216,0,0,85017493504,61319192576,0,137584640,0,161143889920,121125208064,0
1791591286.118909,0.07307922653853893,61456777216,0,0,85017493504,61319192576,0,137584640,0,161143660544,121125208064,0
1791591286.3172212,0.0713232271373272,61456777216,0,0,85017493504,61319192576,0,137584640,0,161143939072,121125208064,0
1791591286.5069034,0.06093650124967098,61456777216,0,0,85017493504,61319192576,0,137584640,0,161143754752,121125208064,0
1791591286.7068145,0.06077297031879425,61456777216,0,0,85017493504,61319192576,0,137584640,0,161143767040,121125208064,0
1791591286.914517,0.06836971640586853,61456777216,0,0,85017493504,61319192576,0,137584640,0,161143689216,121125208064,0
1791591287.1145625,0.06831630878150463,61456777216,0,0,85017493504,61319192576,0,137584640,0,161143787520,121125208064,0
1791591287.3191066,0.07277165353298187,61456777216,0,0,85017493504,61319192576,0,137584640,0,161143275520,121125208064,0
1791591287.517963,0.07154406793415546,61456777216,0,0,85017493504,61319192576,0,137584640,0,161143320576,121125208064,0
1791591287.717212,0.07070532441139221,61456777216,0,0,85017493504,61319192576,0,137584640,0,161143414784,121125208064,0
1791591287.917583,0.07099043764173985,61456777216,0,0,85017493504,61319192576,0,137584640,0,161143238656,121125208064,0
1791591288.1198,0.07312187366187572,61456777216,0,0,85017493504,61319192576,0,137584640,0,161143050240,121125208064,0
1791591288.3195727,0.07281013950705528,61456777216,0,0,85017493504,61319192576,0,137584640,0,161143140352,121125208064,0
1791591288.521027,0.0741815622895956,61456777216,0,0,85017493504,61319192576,0,137584640,0,161143152640,121125208064,0
1791591288.7195568,0.07262750342488289,61456777216,0,0,85017493504,61319192576,0,137584640,0,161143246848,121125208064,0
1791591288.9187126,0.07169828377664089,61458874368,0,0,85017493504,61319192576,0,139681792,0,161145438208,121125208064,0
1791591289.1180434,0.07094632089138031,61507108864,0,0,85017493504,61369524224,0,137584640,0,161193566208,121125208064,0
1791591289.3013675,0.05420273542404175,61507108864,0,0,85017493504,61369524224,0,137584640,0,161193926656,121125208064,0
1791591289.5039709,0.056740764528512955,61507108864,0,0,85017493504,61369524224,0,137584640,0,161193984000,121125208064,0
1791591289.7220628,0.07474956288933754,61507108864,0,0,85017493504,61369524224,0,137584640,0,161194115072,121125208064,0
1791591289.9243755,0.07698283344507217,61507108864,0,0,85017493504,61369524224,0,137584640,0,161194090496,121125208064,0
1791591290.1244664,0.07699641212821007,61507108864,0,0,85017493504,61369524224,0,137584640,0,161193906176,121125208064,0
1791591290.3250315,0.07747222110629082,61507108864,0,0,85017493504,61369524224,0,137584640,0,161193897984,121125208064,0
1791591290.5061352,0.05850973166525364,61507108864,0,0,85017493504,61369524224,0,137584640,0,161194283008,121125203968,0
1791591291.1700208,0.5223280228674412,61533765632,0,1048576,85017493504,61394685952,0,140128256,0,160783810560,121125195776,0
1791591291.2566712,0.08648871071636677,61547008000,0,23068672,84995473408,61394685952,0,175390720,0,160784162816,121125195776,0
1791591291.424777,0.054525772109627724,61583880192,0,61740154880,23278387200,61394685952,61394690560,534658560,0,160801796096,121125191680,0
1791591291.6273365,0.05701513960957527,61583880192,0,61740154880,23278387200,61394685952,61394690560,534658560,0,160801710080,121125191680,0
1791591291.8333204,0.06291895732283592,61583880192,0,61740154880,23278387200,61394685952,61394690560,534658560,0,160801656832,121125191680,0
1791591292.0352926,0.06481939740478992,61583880192,0,61740154880,23278387200,61394685952,61394690560,534658560,0,160801730560,121125191680,0
1791591292.2384212,0.06787338852882385,61583880192,0,61740154880,23278387200,61394685952,61394690560,534658560,0,160801689600,121125191680,0
1791591292.442375,0.07175355590879917,61583880192,0,61740154880,23278387200,61394685952,61394690560,534658560,0,160801615872,121125191680,0
1791591292.6257584,0.055045997723937035,61583880192,0,61740154880,23278387200,61394685952,61394690560,534658560,0,160801480704,121125191680,0
1791591292.8239949,0.05321187898516655,61583880192,0,61740154880,23278387200,61394685952,61394690560,534658560,0,160801570816,121125191680,0
1791591293.024734,0.053882354870438576,61583880192,0,61740154880,23278387200,61394685952,61394690560,534658560,0,160801398784,121125191680,0
1791591293.2245827,0.05366583168506622,61583880192,0,61740154880,23278387200,61394685952,61394690560,534658560,0,160801492992,121125191680,0
1791591293.424392,0.05340953171253204,61583880192,0,61740154880,23278387200,61394685952,61394690560,534658560,0,160801656832,121125191680,0
1791591293.6286006,0.05754716694355011,61583880192,0,61740154880,23278387200,61394685952,61394690560,534658560,0,160801730560,121125191680,0
1791591293.8449152,0.0737800132483244,61583880192,0,61740154880,23278387200,61394685952,61394690560,534658560,0,160801419264,121125191680,0
1791591294.0467587,0.0755376610904932,61583880192,0,61740154880,23278387200,61394685952,61394690560,534658560,0,160801726464,121125191680,0
1791591294.2343698,0.06308265961706638,61583880192,0,61740154880,23278387200,61394685952,61394690560,534658560,0,160802070528,121125191680,0
1791591294.4393327,0.06796105392277241,61583880192,0,61740154880,23278387200,61394685952,61394690560,534658560,0,160801906688,121125191680,0
1791591294.649916,0.07846730202436447,61583880192,0,61740154880,23278387200,61394685952,61394690560,534658560,0,160801914880,121125191680,0
1791591294.844206,0.07267460413277149,61583880192,0,61740154880,23278387200,61394685952,61394690560,534658560,0,160802013184,121125191680,0
1791591295.0434701,0.0718513522297144,61583880192,0,61740154880,23278387200,61394685952,61394690560,534658560,0,160802103296,121125191680,0
1791591295.2434986,0.07179443910717964,61583880192,0,61740154880,23278387200,61394685952,61394690560,534658560,0,160802156544,121125191680,0
1791591295.4454603,0.07367859967052937,61583880192,0,61740154880,23278387200,61394685952,61394690560,534658560,0,160802525184,121125191680,0
1791591295.6447017,0.07284296490252018,61583880192,0,61740154880,23278387200,61394685952,61394690560,534658560,0,160802074624,121125191680,0
1791591295.8467782,0.0748322643339634,61583880192,0,61740154880,23278387200,61394685952,61394690560,534658560,0,160802119680,121125191680,0
1791591296.0466633,0.0746390875428915,61583880192,0,61740154880,23278387200,61394685952,61394690560,534658560,0,160802209792,121125191680,0
1791591296.2464254,0.07431773468852043,61583880192,0,61740154880,23278387200,61394685952,61394690560,534658560,0,160802017280,121125191680,0
1791591296.4473307,0.07511758990585804,61583884288,0,61740154880,23278387200,61394685952,61394690560,534662656,0,160801923072,121125191680,0
1791591296.649458,0.07715839333832264,61583884288,0,61740154880,23278387200,61394685952,61394690560,534662656,0,160801517568,121125191680,0
1791591296.8473308,0.07494139485061169,61583884288,0,61740154880,23278387200,61394685952,61394690560,534662656,0,160801583104,121125191680,0
1791591297.0480268,0.07556305639445782,61583884288,0,61740154880,23278387200,61394685952,61394690560,534662656,0,160801431552,121125191680,0
1791591297.246968,0.07442008145153522,61583884288,0,61740154880,23278387200,61394685952,61394690560,534662656,0,160801456128,121125191680,0
1791591297.4476693,0.0750361829996109,61583896576,0,61740154880,23278387200,61394685952,61394690560,534674944,0,160801460224,121125191680,0
1791591297.6470304,0.07431825250387192,61583896576,0,61740154880,23278387200,61394685952,61394690560,534674944,0,160801550336,121125191680,0
1791591297.8487659,0.07597459107637405,61583896576,0,61740154880,23278387200,61394685952,61394690560,534674944,0,160801648640,121125191680,0
1791591298.048243,0.07537215948104858,61583896576,0,61740154880,23278387200,61394685952,61394690560,534674944,0,160801734656,121125191680,0
1791591298.2487416,0.07578461430966854,61583896576,0,61740154880,23278387200,61394685952,61394690560,534674944,0,160801697792,121125191680,0
1791591298.447523,0.07448408007621765,61583896576,0,61740154880,23278387200,61394685952,61394690560,534674944,0,160801755136,121125191680,0
1791591298.6478505,0.07472443766891956,61583896576,0,61740154880,23278387200,61394685952,61394690560,534674944,0,160801574912,121125191680,0
1791591298.8472285,0.07401748932898045,61583896576,0,61740154880,23278387200,61394685952,61394690560,534674944,0,160801665024,121125191680,0
1791591299.0501459,0.07685214094817638,61583896576,0,61740154880,23278387200,61394685952,61394690560,534674944,0,160801755136,121125191680,0
1791591299.2595992,0.08622278831899166,61583896576,0,61740154880,23278387200,61394685952,61394690560,534674944,0,160802103296,121125191680,0
1791591299.4565535,0.08310210332274437,61583896576,0,61740154880,23278387200,61394685952,61394690560,534674944,0,160801738752,121125191680,0
1791591299.6420102,0.0684824213385582,61583896576,0,61740154880,23278387200,61394685952,61394690560,534674944,0,160802017280,121125191680,0
1791591299.8414364,0.06783466413617134,61583896576,0,61740154880,23278387200,61394685952,61394690560,534674944,0,160801980416,121125191680,0
1791591300.045879,0.07218616269528866,61583896576,0,61740154880,23278387200,61394685952,61394690560,534674944,0,160801841152,121125191680,0
1791591300.257532,0.08375782147049904,61583896576,0,61740154880,23278387200,61394685952,61394690560,534674944,0,160801923072,121125191680,0
1791591300.4518929,0.07804185338318348,61583896576,0,61740154880,23278387200,61394685952,61394690560,534674944,0,160802037760,121125191680,0
1791591300.640688,0.06676316261291504,61583896576,0,61740154880,23278387200,61394685952,61394690560,534674944,0,160802062336,121125191680,0
1791591300.8425186,0.06851411610841751,61583896576,0,61740154880,23278387200,61394685952,61394690560,534674944,0,160802140160,121125191680,0
1791591301.0437005,0.0696170199662447,61583896576,0,61740154880,23278387200,61394685952,61394690560,534674944,0,160801722368,121125126144,0
1791591301.2497087,0.07553674466907978,61583896576,0,61740154880,23278387200,61394685952,61394690560,534674944,0,160801587200,121125126144,0
1791591301.4556785,0.08142797462642193,61583896576,0,61740154880,23278387200,61394685952,61394690560,534674944,0,160801255424,121125126144,0
1791591301.6422985,0.06794730760157108,61583896576,0,61740154880,23278387200,61394685952,61394690560,534674944,0,160801267712,121125126144,0
1791591301.8598251,0.08537359349429607,61583896576,0,61740154880,23278387200,61394685952,61394690560,534674944,0,160801292288,121125126144,0
1791591302.0591812,0.08464991115033627,61583896576,0,61740154880,23278387200,61394685952,61394690560,534674944,0,160801271808,121125126144,0
1791591302.6340342,0.459423640742898,61583896576,0,61740154880,23278387200,61394685952,61394690560,534674944,0,160801148928,121125126144,0
1791591302.7087445,0.07438207417726517,61583896576,0,61740154880,23278387200,61394685952,61394690560,534674944,0,160801292288,121125126144,0
1791591302.9009876,0.06653158739209175,61583896576,0,61740154880,23278387200,61394685952,61394690560,534674944,0,160801316864,121125126144,0
1791591303.1023796,0.06784502416849136,61583896576,0,61740154880,23278387200,61394685952,61394690560,534674944,0,160801406976,121125126144,0
1791591303.3046432,0.07003617659211159,61583896576,0,61740154880,23278387200,61394685952,61394690560,534674944,0,160801488896,121125126144,0
1791591303.5072675,0.07257729582488537,61583896576,0,61740154880,23278387200,61394685952,61394690560,534674944,0,160801562624,121125126144,0
1791591303.7041974,0.06943250261247158,61583896576,0,61740154880,23278387200,61394685952,61394690560,534674944,0,160800882688,121125126144,0
1791591303.9154236,0.08056785725057125,61583896576,0,61740154880,23278387200,61394685952,61394690560,534674944,0,160800624640,121125126144,0
1791591304.11023,0.07529169879853725,61583896576,0,61740154880,23278387200,61394685952,61394690560,534674944,0,160800624640,121125126144,0
1791591304.3286407,0.09363178722560406,61583896576,0,61740154880,23278387200,61394685952,61394690560,534674944,0,160800624640,121125126144,0
1791591304.5045874,0.069509606808424,61583896576,0,61740154880,23278387200,61394685952,61394690560,534674944,0,160800706560,121125126144,0
1791591304.7059789,0.0708357859402895,61583896576,0,62293803008,22724739072,61394685952,61394690560,1088323072,0,160801296384,121125126144,0
1791591304.9192684,0.08405068330466747,61583896576,0,62293803008,22724739072,61394685952,61394690560,1088323072,0,160801382400,121125126144,0
1791591305.1392179,0.10393629223108292,61583896576,0,62293803008,22724739072,61394685952,61394690560,1088323072,0,160801468416,121125126144,0
1791591305.3161745,0.08082818798720837,61583896576,0,62293803008,22724739072,61394685952,61394690560,1088323072,0,160801566720,121125126144,0
1791591305.514937,0.07951696217060089,61583896576,0,62293803008,22724739072,61394685952,61394690560,1088323072,0,160801599488,121125126144,0
1791591305.6997771,0.06428332068026066,61583896576,0,62293803008,22724739072,61394685952,61394690560,1088323072,0,160801517568,121125126144,0
1791591305.9049444,0.06937292963266373,61583896576,0,62293803008,22724739072,61394685952,61394690560,1088323072,0,160801509376,121125126144,0
1791591306.1068192,0.07117156125605106,61583896576,0,62293803008,22724739072,61394685952,61394690560,1088323072,0,160801607680,121125126144,0
1791591306.3228621,0.0871472954750061,61583896576,0,62293803008,22724739072,61394685952,61394690560,1088323072,0,160801718272,121125126144,0
1791591307.04545,0.609666783362627,61583896576,0,61740154880,23278387200,61394685952,61394690560,534674944,0,160801300480,121125126144,0
1791591307.1077294,0.06208852306008339,61583896576,0,61740154880,23278387200,61394685952,61394690560,534674944,0,160801009664,121125126144,0
1791591307.3123808,0.06663312949240208,61583896576,0,61740154880,23278387200,61394685952,61394690560,534674944,0,160800604160,121125126144,0
1791591307.513882,0.06805615872144699,61583896576,0,61740154880,23278387200,61394685952,61394690560,534674944,0,160800632832,121125126144,0
1791591307.7400846,0.09417844749987125,61583896576,0,61740154880,23278387200,61394685952,61394690560,534674944,0,160800690176,121125126144,0
1791591307.9205008,0.07450706325471401,61583896576,0,61740154880,23278387200,61394685952,61394690560,534674944,0,160800780288,121125126144,0
1791591308.124154,0.07807691767811775,61583896576,0,61740154880,23278387200,61394685952,61394690560,534674944,0,160800604160,121125126144,0
1791591308.3233597,0.0772008765488863,61583896576,0,61740154880,23278387200,61394685952,61394690560,534674944,0,160800583680,121125126144,0
1791591308.5227494,0.0765012614428997,61583896576,0,61740154880,23278387200,61394685952,61394690560,534674944,0,160800604160,121125126144,0
1791591308.7339687,0.08763602003455162,61583896576,0,61740154880,23278387200,61394685952,61394690560,534674944,0,160800526336,121125126144,0
1791591308.9268587,0.08042942173779011,61583896576,0,61740154880,23278387200,61394685952,61394690560,534674944,0,160800600064,121125126144,0
1791591309.1236107,0.07709907926619053,61583896576,0,61740154880,23278387200,61394685952,61394690560,534674944,0,160800669696,121125126144,0
1791591309.3271441,0.08054809458553791,61583896576,0,61740154880,23278387200,61394685952,61394690560,534674944,0,160800653312,121125126144,0
1791591309.5234725,0.07679353095591068,61583896576,0,61740154880,23278387200,61394685952,61394690560,534674944,0,160800706560,121125126144,0
1791591309.7399666,0.09320607967674732,61583896576,0,61740154880,23278387200,61394685952,61394690560,534674944,0,160800567296,121125126144,0
1791591309.922848,0.07597032375633717,61583896576,0,61740154880,23278387200,61394685952,61394690560,534674944,0,160800763904,121125126144,0
1791591310.129357,0.0823929663747549,61583896576,0,61740154880,23278387200,61394685952,61394690560,534674944,0,160800768000,121125126144,0
1791591310.3289394,0.08189020864665508,61583896576,0,61740154880,23278387200,61394685952,61394690560,534674944,0,160800788480,121125126144,0
1791591310.5217981,0.07466481439769268,61583896576,0,61740154880,23278387200,61394685952,61394690560,534674944,0,160801120256,121125126144,0
1791591310.7309842,0.0837643388658762,61583896576,0,61740154880,23278387200,61394685952,61394690560,534674944,0,160801607680,121125126144,0
1791591310.9154062,0.06809013336896896,61583896576,0,61740154880,23278387200,61394685952,61394690560,534674944,0,160801697792,121125126144,0
1791591311.117977,0.07058106735348701,61583896576,0,61740154880,23278387200,61394685952,61394690560,534674944,0,160801742848,121125126144,0
1791591311.3215668,0.07409152388572693,61583896576,0,61740154880,23278387200,61394685952,61394690560,534674944,0,160801583104,121125126144,0
1791591311.523913,0.07635650783777237,61583896576,0,61740154880,23278387200,61394685952,61394690560,534674944,0,160802209792,121125126144,0
1791591311.7252612,0.07758643478155136,61606068224,0,61740154880,23278387200,61394685952,61394690560,556846592,0,160825110528,121125122048,0
1791591311.924311,0.07655418664216995,61585895424,0,62373494784,22645047296,61394685952,61394690560,1170013696,0,160804057088,121125122048,0
1791591312.1305592,0.08270606212317944,61586153472,0,62396563456,22621978624,61394685952,61394690560,1193340416,0,160804233216,121125122048,0
1791591312.3285336,0.08060133457183838,61586382848,0,62417534976,22601007104,61394685952,61394690560,1214541312,0,160804593664,121125122048,0
1791591312.527016,0.0790083110332489,61586382848,0,62417534976,22601007104,61394685952,61394690560,1214541312,0,160804581376,121125122048,0
1791591312.7311895,0.0831034816801548,61586382848,0,62417534976,22601007104,61394685952,61394690560,1214541312,0,160804237312,121125122048,0
1791591312.916516,0.06836056895554066,61586382848,0,62417534976,22601007104,61394685952,61394690560,1214541312,0,160804585472,121125122048,0
1791591313.1180065,0.06977620907127857,61586382848,0,62417534976,22601007104,61394685952,61394690560,1214541312,0,160804515840,121125122048,0
1791591313.32159,0.07328195497393608,61586382848,0,62417534976,22601007104,61394685952,61394690560,1214541312,0,160804290560,121125122048,0
1791591313.5220246,0.07363920286297798,61586382848,0,62417534976,22601007104,61394685952,61394690560,1214541312,0,160804036608,121125122048,0
1791591313.7237742,0.07531014271080494,61586382848,0,62417534976,22601007104,61394685952,61394690560,1214541312,0,160804134912,121125122048,0
1791591313.9207535,0.07218683697283268,61586382848,0,62417534976,22601007104,61394685952,61394690560,1214541312,0,160804159488,121125122048,0
1791591314.1236138,0.07497111335396767,61586382848,0,62417534976,22601007104,61394685952,61394690560,1214541312,0,160803987456,121125122048,0
1791591314.321885,0.07316964119672775,61586382848,0,62417534976,22601007104,61394685952,61394690560,1214541312,0,160803860480,121125122048,0
1791591314.52438,0.07558410428464413,61586382848,0,62417534976,22601007104,61394685952,61394690560,1214541312,0,160803930112,121125122048,0
1791591314.7244864,0.07561080157756805,61586382848,0,62417534976,22601007104,61394685952,61394690560,1214541312,0,160803897344,121125122048,0
1791591314.924807,0.07585151866078377,61586382848,0,62417534976,22601007104,61394685952,61394690560,1214541312,0,160803905536,121125122048,0
1791591315.1226041,0.07356726750731468,61586382848,0,62417534976,22601007104,61394685952,61394690560,1214541312,0,160803999744,121125122048,0
1791591315.3207386,0.07160243578255177,61586382848,0,62417534976,22601007104,61394685952,61394690560,1214541312,0,160803889152,121125122048,0
1791591315.5238314,0.07461397349834442,61586382848,0,62417534976,22601007104,61394685952,61394690560,1214541312,0,160804077568,121125117952,0
1791591315.7261238,0.07682578079402447,61586382848,0,62417534976,22601007104,61394685952,61394690560,1214541312,0,160804044800,121125117952,0
1791591315.925065,0.0756879523396492,61586382848,0,62417534976,22601007104,61394685952,61394690560,1214541312,0,160804134912,121125117952,0
1791591316.1247256,0.07526389695703983,61586382848,0,62417534976,22601007104,61394685952,61394690560,1214541312,0,160804065280,121125117952,0
1791591316.323888,0.07434679567813873,61586382848,0,62417534976,22601007104,61394685952,61394690560,1214541312,0,160804147200,121125117952,0
1791591316.5241425,0.07452226430177689,61586382848,0,62417534976,22601007104,61394685952,61394690560,1214541312,0,160804147200,121125117952,0
1791591316.7232742,0.07353900000452995,61586382848,0,62417534976,22601007104,61394685952,61394690560,1214541312,0,160804061184,121125117952,0
1791591316.925145,0.07531493902206421,61586382848,0,62417534976,22601007104,61394685952,61394690560,1214541312,0,160803807232,121125117952,0
1791591317.1259449,0.07603278942406178,61586382848,0,62417534976,22601007104,61394685952,61394690560,1214541312,0,160803700736,121125117952,0
1791591317.3262935,0.07629779353737831,61586382848,0,62417534976,22601007104,61394685952,61394690560,1214541312,0,160803790848,121125117952,0
1791591317.5265841,0.07650707103312016,61586382848,0,62417534976,22601007104,61394685952,61394690560,1214541312,0,160803811328,121125117952,0
1791591317.7241373,0.0739139411598444,61586382848,0,62417534976,22601007104,61394685952,61394690560,1214541312,0,160803676160,121125117952,0
1791591317.928257,0.07795104943215847,61586382848,0,62417534976,22601007104,61394685952,61394690560,1214541312,0,160803876864,121125117952,0
1791591318.1370785,0.08667860180139542,61586382848,0,62417534976,22601007104,61394685952,61394690560,1214541312,0,160803430400,121125117952,0
1791591318.3198116,0.06933754682540894,61586382848,0,62417534976,22601007104,61394685952,61394690560,1214541312,0,160803704832,121125117952,0
1791591318.5228136,0.07226540893316269,61586382848,0,62417534976,22601007104,61394685952,61394690560,1214541312,0,160804220928,121125117952,0
1791591318.732137,0.08149037696421146,61586382848,0,62417534976,22601007104,61394685952,61394690560,1214541312,0,160803418112,121125117952,0
1791591318.9213085,0.07057818584144115,61586382848,0,62417534976,22601007104,61394685952,61394690560,1214541312,0,160803655680,121125117952,0
1791591319.1220047,0.07119951583445072,61586382848,0,62417534976,22601007104,61394685952,61394690560,1214541312,0,160803606528,121125117952,0
1791591319.3225753,0.07169109396636486,61586382848,0,62417534976,22601007104,61394685952,61394690560,1214541312,0,160803688448,121125117952,0
1791591319.525709,0.07474376447498798,61586382848,0,62417534976,22601007104,61394685952,61394690560,1214541312,0,160803704832,121125117952,0
1791591319.7233112,0.07226632349193096,61586382848,0,62417534976,22601007104,61394685952,61394690560,1214541312,0,160803491840,121125117952,0
1791591319.9241405,0.07299533300101757,61586382848,0,62417534976,22601007104,61394685952,61394690560,1214541312,0,160803504128,121125117952,0
1791591320.123921,0.07269528321921825,61586382848,0,62417534976,22601007104,61394685952,61394690560,1214541312,0,160803385344,121125117952,0
1791591320.324875,0.0735703594982624,61586382848,0,62417534976,22601007104,61394685952,61394690560,1214541312,0,160803479552,121125117952,0
1791591320.5257838,0.07439643144607544,61586382848,0,62417534976,22601007104,61394685952,61394690560,1214541312,0,160803463168,121125117952,0
1791591320.7267435,0.07528202049434185,61586382848,0,62417534976,22601007104,61394685952,61394690560,1214541312,0,160803815424,121125117952,0
1791591320.924665,0.07311374321579933,61586382848,0,62417534976,22601007104,61394685952,61394690560,1214541312,0,160803577856,121125117952,0
1791591321.1250563,0.07338740862905979,61586382848,0,62417534976,22601007104,61394685952,61394690560,1214541312,0,160803344384,121125117952,0
1791591321.3255913,0.07384351082146168,61586382848,0,62417534976,22601007104,61394685952,61394690560,1214541312,0,160803266560,121125117952,0
1791591321.5248432,0.07298998348414898,61586382848,0,62417534976,22601007104,61394685952,61394690560,1214541312,0,160803373056,121125117952,0
1791591321.7260869,0.07411765865981579,61586382848,0,62417534976,22601007104,61394685952,61394690560,1214541312,0,160803319808,121125117952,0
1791591321.9348602,0.08281081542372704,61586382848,0,62417534976,22601007104,61394685952,61394690560,1214541312,0,160803430400,121125117952,0
1791591322.1336074,0.08148116990923882,61586382848,0,62417534976,22601007104,61394685952,61394690560,1214541312,0,160803495936,121125117952,0
1791591322.333168,0.08097102120518684,61586382848,0,62417534976,22601007104,61394685952,61394690560,1214541312,0,160803549184,121125117952,0
1791591322.5316632,0.07939067110419273,61586386944,0,62417534976,22601007104,61394685952,61394690560,1214545408,0,160803598336,121125117952,0
1791591322.7188985,0.06655799597501755,61586386944,0,62417534976,22601007104,61394685952,61394690560,1214545408,0,160803631104,121125117952,0
1791591322.9275677,0.0751572996377945,61586386944,0,62417534976,22601007104,61394685952,61394690560,1214545408,0,160803360768,121125117952,0
1791591323.144296,0.09178495220839977,61586386944,0,62417534976,22601007104,61394685952,61394690560,1214545408,0,160803196928,121125117952,0
1791591323.3150654,0.06248721480369568,61586386944,0,62417534976,22601007104,61394685952,61394690560,1214545408,0,160803516416,121125117952,0
1791591323.519193,0.0665514599531889,61586399232,0,62417534976,22601007104,61394685952,61394690560,1214557696,0,160803319808,121125117952,0
1791591323.7229416,0.07022815570235252,61586399232,0,62417534976,22601007104,61394685952,61394690560,1214557696,0,160803127296,121125117952,0
1791591323.9264631,0.07367189414799213,61586399232,0,62417534976,22601007104,61394685952,61394690560,1214557696,0,160803381248,121125117952,0
1791591324.136714,0.08384563587605953,61586399232,0,62417534976,22601007104,61394685952,61394690560,1214557696,0,160803495936,121125117952,0
1791591324.3346605,0.0817163698375225,61586399232,0,62417534976,22601007104,61394685952,61394690560,1214557696,0,160803426304,121125117952,0
1791591324.5216238,0.06861064955592155,61586399232,0,62417534976,22601007104,61394685952,61394690560,1214557696,0,160803639296,121125117952,0
1791591324.7213786,0.06829126365482807,61586399232,0,62417534976,22601007104,61394685952,61394690560,1214557696,0,160803700736,121125117952,0
1791591324.9289238,0.07570478692650795,61586399232,0,62417534976,22601007104,61394685952,61394690560,1214557696,0,160803794944,121125117952,0
1791591325.1280608,0.07475912757217884,61586399232,0,62417534976,22601007104,61394685952,61394690560,1214557696,0,160803897344,121125117952,0
1791591325.330155,0.07677548751235008,61586399232,0,62417534976,22601007104,61394685952,61394690560,1214557696,0,160803966976,121125117952,0
1791591325.5288103,0.07534659467637539,61586399232,0,62417534976,22601007104,61394685952,61394690560,1214557696,0,160804425728,121125117952,0
1791591325.7276044,0.07406214252114296,61586399232,0,62417534976,22601007104,61394685952,61394690560,1214557696,0,160804028416,121125117952,0
1791591325.9284415,0.07481919415295124,61586399232,0,62417534976,22601007104,61394685952,61394690560,1214557696,0,160803467264,121125117952,0
1791591326.1270938,0.0733964778482914,61586399232,0,62417534976,22601007104,61394685952,61394690560,1214557696,0,160803565568,121125117952,0
1791591326.3104377,0.05666898563504219,61586399232,0,62417534976,22601007104,61394685952,61394690560,1214557696,0,160803647488,121125117952,0
1791591326.5308495,0.07699176296591759,61586399232,0,62417534976,22601007104,61394685952,61394690560,1214557696,0,160803741696,121125117952,0
1791591326.730662,0.07673020474612713,61586399232,0,62417534976,22601007104,61394685952,61394690560,1214557696,0,160803971072,121125117952,0
1791591326.912853,0.05885417014360428,61586399232,0,62417534976,22601007104,61394685952,61394690560,1214557696,0,160803774464,121125117952,0
1791591327.1295238,0.07543757185339928,61586399232,0,62417534976,22601007104,61394685952,61394690560,1214557696,0,160803700736,121125117952,0
1791591327.3268065,0.0726501103490591,61586399232,0,62417534976,22601007104,61394685952,61394690560,1214557696,0,160803667968,121125117952,0
1791591327.5238047,0.06957610882818699,61586399232,0,62417534976,22601007104,61394685952,61394690560,1214557696,0,160803741696,121125117952,0
1791591327.7135077,0.059215206652879715,61586399232,0,62417534976,22601007104,61394685952,61394690560,1214557696,0,160803737600,121125117952,0
1791591327.9176896,0.06333311274647713,61586399232,0,62417534976,22601007104,61394685952,61394690560,1214557696,0,160803794944,121125117952,0
1791591328.1184454,0.06402125582098961,61586399232,0,62417534976,22601007104,61394685952,61394690560,1214557696,0,160803880960,121125117952,0
1791591328.321639,0.06714807078242302,61586399232,0,62417534976,22601007104,61394685952,61394690560,1214557696,0,160803917824,121125117952,0
1791591328.5270238,0.07246181555092335,61586399232,0,62417534976,22601007104,61394685952,61394690560,1214557696,0,160803745792,121125117952,0
1791591328.7303631,0.07572486996650696,61586399232,0,62417534976,22601007104,61394685952,61394690560,1214557696,0,160803827712,121125117952,0
1791591328.927961,0.07324828021228313,61586399232,0,62417534976,22601007104,61394685952,61394690560,1214557696,0,160804175872,121125117952,0
1791591329.1287036,0.07390846684575081,61586399232,0,62417534976,22601007104,61394685952,61394690560,1214557696,0,160804196352,121125117952,0
1791591329.3287585,0.07388539798557758,61586399232,0,62417534976,22601007104,61394685952,61394690560,1214557696,0,160804302848,121125117952,0
1791591329.5287676,0.07381676137447357,61586399232,0,62417534976,22601007104,61394685952,61394690560,1214557696,0,160804286464,121125117952,0
1791591329.733787,0.07875112630426884,61586399232,0,62417534976,22601007104,61394685952,61394690560,1214557696,0,160804048896,121125117952,0
1791591329.9323456,0.07721736468374729,61586399232,0,62417534976,22601007104,61394685952,61394690560,1214557696,0,160804110336,121125117952,0
1791591330.1323109,0.07710557244718075,61586399232,0,62417534976,22601007104,61394685952,61394690560,1214557696,0,160803880960,121125117952,0
1791591330.3289926,0.07371295988559723,61586399232,0,62417534976,22601007104,61394685952,61394690560,1214557696,0,160803971072,121125117952,0
1791591330.5345554,0.0791940726339817,61586399232,0,62417534976,22601007104,61394685952,61394690560,1214557696,0,160804065280,121125117952,0
1791591330.7316818,0.07624740153551102,61586399232,0,62417534976,22601007104,61394685952,61394690560,1214557696,0,160804925440,121125117952,0
1791591330.925977,0.07046455517411232,61586399232,0,62417534976,22601007104,61394685952,61394690560,1214557696,0,160804880384,121125117952,0
1791591331.1245015,0.06891660578548908,61586399232,0,62417534976,22601007104,61394685952,61394690560,1214557696,0,160804442112,121125117952,0
1791591331.3282447,0.07258588448166847,61586399232,0,62417534976,22601007104,61394685952,61394690560,1214557696,0,160804311040,121125117952,0
1791591331.5282645,0.0725266020745039,61586399232,0,62417534976,22601007104,61394685952,61394690560,1214557696,0,160804122624,121125117952,0
1791591331.731077,0.07526233233511448,61586399232,0,62417534976,22601007104,61394685952,61394690560,1214557696,0,160804040704,121125117952,0
1791591331.9389415,0.08304608054459095,61586399232,0,62417534976,22601007104,61394685952,61394690560,1214557696,0,160803917824,121125117952,0
1791591332.1253178,0.06935017555952072,61586399232,0,62417534976,22601007104,61394685952,61394690560,1214557696,0,160803684352,121125117952,0
1791591332.3265438,0.07049608416855335,61586399232,0,62417534976,22601007104,61394685952,61394690560,1214557696,0,160803700736,121125117952,0
1791591332.5291612,0.07303255051374435,61586399232,0,62417534976,22601007104,61394685952,61394690560,1214557696,0,160803713024,121125117952,0
1791591332.73201,0.07580123096704483,61586399232,0,62417534976,22601007104,61394685952,61394690560,1214557696,0,160803409920,121125117952,0
1791591332.9334264,0.07713880576193333,61586399232,0,62417534976,22601007104,61394685952,61394690560,1214557696,0,160803700736,121125117952,0
1791591333.1384094,0.08202819526195526,61586399232,0,62417534976,22601007104,61394685952,61394690560,1214557696,0,160803762176,121125117952,0
1791591333.340229,0.08377647027373314,61586399232,0,62417534976,22601007104,61394685952,61394690560,1214557696,0,160803811328,121125117952,0
1791591333.5242424,0.06771673448383808,61586399232,0,62417534976,22601007104,61394685952,61394690560,1214557696,0,160803807232,121125117952,0
1791591333.7509146,0.09430962428450584,61586399232,0,62417534976,22601007104,61394685952,61394690560,1214557696,0,160803807232,121125117952,0
1791591333.9306736,0.07399455271661282,61586399232,0,62417534976,22601007104,61394685952,61394690560,1214557696,0,160803901440,121125117952,0
1791591334.1324518,0.07569783739745617,61586399232,0,62417534976,22601007104,61394685952,61394690560,1214557696,0,160803393536,121125117952,0
1791591334.3307874,0.07396155968308449,61586399232,0,62417534976,22601007104,61394685952,61394690560,1214557696,0,160803479552,121125117952,0
1791591334.5307972,0.07389330491423607,61586399232,0,62417534976,22601007104,61394685952,61394690560,1214557696,0,160803569664,121125117952,0
1791591334.7317393,0.07475610822439194,61586399232,0,62417534976,22601007104,61394685952,61394690560,1214557696,0,160803643392,121125117952,0
1791591334.9302435,0.0731818899512291,61586399232,0,62417534976,22601007104,61394685952,61394690560,1214557696,0,160803139584,121125117952,0
1791591335.1308582,0.07371764443814754,61586399232,0,62417534976,22601007104,61394685952,61394690560,1214557696,0,160803213312,121125117952,0
1791591335.3320115,0.07477652281522751,61586399232,0,62417534976,22601007104,61394685952,61394690560,1214557696,0,160803729408,121125117952,0
1791591335.5350456,0.07773055508732796,61586399232,0,62417534976,22601007104,61394685952,61394690560,1214557696,0,160804503552,121125117952,0
1791591335.7347093,0.07731673680245876,61586399232,0,62417534976,22601007104,61394685952,61394690560,1214557696,0,160804163584,121125117952,0
1791591335.931686,0.0742159504443407,61586399232,0,62417534976,22601007104,61394685952,61394690560,1214557696,0,160803672064,121125117952,0
1791591336.1316502,0.07410325482487679,61586399232,0,62417534976,22601007104,61394685952,61394690560,1214557696,0,160803475456,121125117952,0
1791591336.331604,0.07397757098078728,61586399232,0,62417534976,22601007104,61394685952,61394690560,1214557696,0,160803237888,121125117952,0
1791591336.5340025,0.07629786431789398,61586399232,0,62417534976,22601007104,61394685952,61394690560,1214557696,0,160803332096,121125117952,0
1791591336.7348313,0.07705051079392433,61586399232,0,62417534976,22601007104,61394685952,61394690560,1214557696,0,160803401728,121125117952,0
1791591336.9436228,0.08575798012316227,61586399232,0,62417534976,22601007104,61394685952,61394690560,1214557696,0,160803749888,121125117952,0
1791591337.126852,0.06891385093331337,61586399232,0,62417534976,22601007104,61394685952,61394690560,1214557696,0,160803594240,121125117952,0
1791591337.3300226,0.07200385630130768,61586399232,0,62417534976,22601007104,61394685952,61394690560,1214557696,0,160803852288,121125117952,0
1791591337.5313344,0.07323950715363026,61586399232,0,62417534976,22601007104,61394685952,61394690560,1214557696,0,160803667968,121125117952,0
1791591337.7334137,0.07524220645427704,61586399232,0,62417534976,22601007104,61394685952,61394690560,1214557696,0,160803495936,121125117952,0
1791591337.9337478,0.07549681887030602,61586399232,0,62417534976,22601007104,61394685952,61394690560,1214557696,0,160803504128,121125117952,0
1791591338.133748,0.07541817054152489,61586399232,0,62417534976,22601007104,61394685952,61394690560,1214557696,0,160803553280,121125117952,0
1791591338.3349934,0.0765874907374382,61586399232,0,62417534976,22601007104,61394685952,61394690560,1214557696,0,160803016704,121125117952,0
1791591338.5344715,0.07598787359893322,61586399232,0,62417534976,22601007104,61394685952,61394690560,1214557696,0,160803102720,121125117952,0
1791591338.7371867,0.07862581871449947,61586399232,0,62417534976,22601007104,61394685952,61394690560,1214557696,0,160803188736,121125117952,0
1791591338.944522,0.0858738087117672,61586399232,0,62417534976,22601007104,61394685952,61394690560,1214557696,0,160803516416,121125117952,0
1791591339.1413372,0.08260560035705566,61586399232,0,62417534976,22601007104,61394685952,61394690560,1214557696,0,160803479552,121125117952,0
1791591339.3269114,0.06808597035706043,61586399232,0,62417534976,22601007104,61394685952,61394690560,1214557696,0,160803553280,121125117952,0
1791591339.5293107,0.07040647976100445,61586399232,0,62417534976,22601007104,61394685952,61394690560,1214557696,0,160803524608,121125117952,0
1791591339.7418878,0.08289992436766624,61586399232,0,62417534976,22601007104,61394685952,61394690560,1214557696,0,160803594240,121125117952,0
1791591339.9400733,0.08101336285471916,61586399232,0,62417534976,22601007104,61394685952,61394690560,1214557696,0,160803688448,121125117952,0
1791591340.1365507,0.07741767540574074,61586399232,0,62417534976,22601007104,61394685952,61394690560,1214557696,0,160803610624,121125117952,0
1791591340.3369458,0.0777412373572588,61586399232,0,62417534976,22601007104,61394685952,61394690560,1214557696,0,160803524608,121125117952,0
1791591340.539218,0.07993090339004993,61586399232,0,62417534976,22601007104,61394685952,61394690560,1214557696,0,160803934208,121125113856,0
1791591340.7252924,0.06593864969909191,61586399232,0,62417534976,22601007104,61394685952,61394690560,1214557696,0,160803946496,121125113856,0
1791591340.9313595,0.07192843221127987,61586399232,0,62417534976,22601007104,61394685952,61394690560,1214557696,0,160804003840,121125113856,0
1791591341.1329646,0.07345899939537048,61586399232,0,62417534976,22601007104,61394685952,61394690560,1214557696,0,160804069376,121125113856,0
1791591341.3369315,0.07733187265694141,61586399232,0,62417534976,22601007104,61394685952,61394690560,1214557696,0,160803725312,121125113856,0
1791591341.5354896,0.07580848224461079,61586399232,0,62417534976,22601007104,61394685952,61394690560,1214557696,0,160803684352,121125113856,0
1791591341.7354484,0.07568496279418468,61586399232,0,62417534976,22601007104,61394685952,61394690560,1214557696,0,160803094528,121125113856,0
1791591341.933882,0.07402956672012806,61586399232,0,62417534976,22601007104,61394685952,61394690560,1214557696,0,160803397632,121125113856,0
1791591342.1376932,0.07776137441396713,61586399232,0,62417534976,22601007104,61394685952,61394690560,1214557696,0,160803258368,121125113856,0
1791591342.3369048,0.0768761932849884,61586399232,0,62417534976,22601007104,61394685952,61394690560,1214557696,0,160803315712,121125113856,0
1791591342.5350008,0.07489387132227421,61586399232,0,62417534976,22601007104,61394685952,61394690560,1214557696,0,160803409920,121125113856,0
1791591342.738273,0.07806769013404846,61586399232,0,62417534976,22601007104,61394685952,61394690560,1214557696,0,160803598336,121125113856,0
1791591342.945475,0.08519083261489868,61586399232,0,62417534976,22601007104,61394685952,61394690560,1214557696,0,160803721216,121125113856,0
1791591343.126754,0.06640251353383064,61586399232,0,62417534976,22601007104,61394685952,61394690560,1214557696,0,160803786752,121125113856,0
1791591343.3325434,0.07211730070412159,61586399232,0,62417534976,22601007104,61394685952,61394690560,1214557696,0,160804093952,121125113856,0
1791591343.5409079,0.08040437288582325,61586399232,0,62417534976,22601007104,61394685952,61394690560,1214557696,0,160803823616,121125113856,0
1791591343.7283363,0.06776379235088825,61586399232,0,62417534976,22601007104,61394685952,61394690560,1214557696,0,160803729408,121125113856,0
1791591343.930708,0.07006524316966534,61586399232,0,62417534976,22601007104,61394685952,61394690560,1214557696,0,160803344384,121125113856,0
1791591344.1416838,0.08095796965062618,61586399232,0,62417534976,22601007104,61394685952,61394690560,1214557696,0,160803606528,121125113856,0
1791591344.328361,0.06756439246237278,61586399232,0,62417534976,22601007104,61394685952,61394690560,1214557696,0,160803409920,121125113856,0
1791591344.530653,0.06978814117610455,61586399232,0,62417534976,22601007104,61394685952,61394690560,1214557696,0,160803368960,121125113856,0
1791591344.7297635,0.06883246824145317,61586399232,0,62417534976,22601007104,61394685952,61394690560,1214557696,0,160803721216,121125113856,0
1791591344.921139,0.06014338694512844,61586399232,0,62417534976,22601007104,61394685952,61394690560,1214557696,0,160804012032,121125113856,0
1791591345.1248214,0.0637560561299324,61586399232,0,62417534976,22601007104,61394685952,61394690560,1214557696,0,160803835904,121125113856,0
1791591345.3322263,0.0710902251303196,61586399232,0,62417534976,22601007104,61394685952,61394690560,1214557696,0,160803500032,121125113856,0
1791591345.5423553,0.08113900385797024,61586399232,0,62417534976,22601007104,61394685952,61394690560,1214557696,0,160803770368,121125113856,0
1791591345.739474,0.07818528264760971,61586399232,0,62417534976,22601007104,61394685952,61394690560,1214557696,0,160803856384,121125113856,0
1791591345.9401133,0.07874153181910515,61586399232,0,62417534976,22601007104,61394685952,61394690560,1214557696,0,160803794944,121125113856,0
1791591346.1282983,0.06685514748096466,61586399232,0,62417534976,22601007104,61394685952,61394690560,1214557696,0,160803901440,121125113856,0
1791591346.33202,0.07049073837697506,61586399232,0,62417534976,22601007104,61394685952,61394690560,1214557696,0,160803844096,121125113856,0
1791591346.5341015,0.07249771244823933,61586399232,0,62417534976,22601007104,61394685952,61394690560,1214557696,0,160803934208,121125113856,0
1791591346.7397308,0.07805831730365753,61586399232,0,62417534976,22601007104,61394685952,61394690560,1214557696,0,160803950592,121125113856,0
1791591346.9389808,0.077230429276824,61586399232,0,62417534976,22601007104,61394685952,61394690560,1214557696,0,160803876864,121125113856,0
1791591347.1371694,0.07534010335803032,61586399232,0,62417534976,22601007104,61394685952,61394690560,1214557696,0,160803926016,121125113856,0
1791591347.3389122,0.07699580863118172,61586399232,0,62417534976,22601007104,61394685952,61394690560,1214557696,0,160803459072,121125113856,0
1791591347.5462694,0.08427536115050316,61586399232,0,62417534976,22601007104,61394685952,61394690560,1214557696,0,160803807232,121125113856,0
1791591347.7324939,0.070429228246212,61586399232,0,62417534976,22601007104,61394685952,61394690560,1214557696,0,160803565568,121125113856,0
1791591347.9332235,0.07107715494930744,61586403328,0,62417534976,22601007104,61394685952,61394690560,1214561792,0,160803397632,121125113856,0
1791591348.1481514,0.0859267096966505,61586403328,0,62417534976,22601007104,61394685952,61394690560,1214561792,0,160803495936,121125113856,0
1791591348.3314602,0.06916540302336216,61586403328,0,62417534976,22601007104,61394685952,61394690560,1214561792,0,160803565568,121125113856,0
1791591348.532722,0.0703531913459301,61586403328,0,62417534976,22601007104,61394685952,61394690560,1214561792,0,160803921920,121125113856,0
1791591348.736923,0.0744762122631073,61586403328,0,62417534976,22601007104,61394685952,61394690560,1214561792,0,160803774464,121125113856,0
1791591348.9371092,0.0745832547545433,61586415616,0,62417534976,22601007104,61394685952,61394690560,1214574080,0,160803766272,121125113856,0
1791591349.1353354,0.07273097522556782,61586415616,0,62417534976,22601007104,61394685952,61394690560,1214574080,0,160803590144,121125113856,0
1791591349.3362448,0.07356163114309311,61586415616,0,62417534976,22601007104,61394685952,61394690560,1214574080,0,160803680256,121125113856,0
1791591349.5399928,0.07723046466708183,61586415616,0,62417534976,22601007104,61394685952,61394690560,1214574080,0,160803704832,121125113856,0
1791591349.7379503,0.07510528154671192,61586415616,0,62417534976,22601007104,61394685952,61394690560,1214574080,0,160803262464,121125113856,0
1791591349.9346845,0.07176615670323372,61586415616,0,62417534976,22601007104,61394685952,61394690560,1214574080,0,160803356672,121125113856,0
1791591350.134174,0.07118164002895355,61586415616,0,62417534976,22601007104,61394685952,61394690560,1214574080,0,160803450880,121125113856,0
1791591350.334234,0.07116669975221157,61586415616,0,62417534976,22601007104,61394685952,61394690560,1214574080,0,160803536896,121125113856,0
1791591350.534693,0.07155188359320164,61586415616,0,62417534976,22601007104,61394685952,61394690560,1214574080,0,160803897344,121125113856,0
1791591350.7387593,0.07554025389254093,61586415616,0,62417534976,22601007104,61394685952,61394690560,1214574080,0,160803840000,121125113856,0
1791591350.9372332,0.07393590360879898,61586415616,0,62417534976,22601007104,61394685952,61394690560,1214574080,0,160803930112,121125113856,0
1791591351.1394184,0.07604371197521687,61586415616,0,62417534976,22601007104,61394685952,61394690560,1214574080,0,160803840000,121125113856,0
1791591351.348217,0.08475781045854092,61586415616,0,62417534976,22601007104,61394685952,61394690560,1214574080,0,160803848192,121125113856,0
1791591351.532893,0.06935298442840576,61586415616,0,62417534976,22601007104,61394685952,61394690560,1214574080,0,160803930112,121125113856,0
1791591351.7355766,0.07195829041302204,61586415616,0,62417534976,22601007104,61394685952,61394690560,1214574080,0,160803749888,121125113856,0
1791591351.9351332,0.07143967598676682,61586415616,0,62417534976,22601007104,61394685952,61394690560,1214574080,0,160803848192,121125113856,0
1791591352.1372404,0.07347501814365387,61586415616,0,62417534976,22601007104,61394685952,61394690560,1214574080,0,160803631104,121125113856,0
1791591352.338096,0.07425297237932682,61586415616,0,62417534976,22601007104,61394685952,61394690560,1214574080,0,160803463168,121125113856,0
1791591352.540974,0.07705316878855228,61586415616,0,62417534976,22601007104,61394685952,61394690560,1214574080,0,160803553280,121125113856,0
1791591352.7393844,0.07537815347313881,61586415616,0,62417534976,22601007104,61394685952,61394690560,1214574080,0,160803414016,121125113856,0
1791591352.9389155,0.07483061030507088,61586415616,0,62417534976,22601007104,61394685952,61394690560,1214574080,0,160803246080,121125113856,0
1791591353.1384945,0.07432947307825089,61586415616,0,62417534976,22601007104,61394685952,61394690560,1214574080,0,160803581952,121125113856,0
1791591353.3387792,0.07453371584415436,61586415616,0,62417534976,22601007104,61394685952,61394690560,1214574080,0,160803627008,121125113856,0
1791591353.5403585,0.07603717595338821,61586415616,0,62417534976,22601007104,61394685952,61394690560,1214574080,0,160803717120,121125113856,0
1791591353.7518582,0.08744191564619541,61586415616,0,62417534976,22601007104,61394685952,61394690560,1214574080,0,160804069376,121125113856,0
1791591353.9501922,0.0856873206794262,61586415616,0,62417534976,22601007104,61394685952,61394690560,1214574080,0,160804052992,121125113856,0
1791591354.1460829,0.08150537125766277,61586415616,0,62417534976,22601007104,61394685952,61394690560,1214574080,0,160804089856,121125113856,0
1791591354.3447213,0.08006992749869823,61586415616,0,62417534976,22601007104,61394685952,61394690560,1214574080,0,160803807232,121125113856,0
1791591354.5434506,0.07872630655765533,61586415616,0,62417534976,22601007104,61394685952,61394690560,1214574080,0,160803819520,121125113856,0
1791591354.7306902,0.06586545892059803,61586415616,0,62417534976,22601007104,61394685952,61394690560,1214574080,0,160803897344,121125113856,0
1791591354.9342105,0.06929925456643105,61586415616,0,62417534976,22601007104,61394685952,61394690560,1214574080,0,160803987456,121125113856,0
1791591355.136106,0.07111041806638241,61586415616,0,62417534976,22601007104,61394685952,61394690560,1214574080,0,160804052992,121125113856,0
1791591355.3409116,0.07582397386431694,61586415616,0,62417534976,22601007104,61394685952,61394690560,1214574080,0,160804065280,121125113856,0
1791591355.5400453,0.07483869232237339,61586415616,0,62417534976,22601007104,61394685952,61394690560,1214574080,0,160804532224,121125113856,0
1791591355.7388825,0.07358994893729687,61586415616,0,62417534976,22601007104,61394685952,61394690560,1214574080,0,160804884480,121125113856,0
1791591355.9409013,0.07551677711308002,61586415616,0,62417534976,22601007104,61394685952,61394690560,1214574080,0,160804683776,121125113856,0
1791591356.139343,0.07387631572782993,61586415616,0,62417534976,22601007104,61394685952,61394690560,1214574080,0,160804777984,121125113856,0
1791591356.3413455,0.07579619064927101,61586415616,0,62417534976,22601007104,61394685952,61394690560,1214574080,0,160804868096,121125113856,0
1791591356.542769,0.0771400686353445,61586415616,0,62417534976,22601007104,61394685952,61394690560,1214574080,0,160804134912,121125113856,0
1791591356.7418153,0.076108792796731,61586415616,0,62417534976,22601007104,61394685952,61394690560,1214574080,0,160803598336,121125113856,0
1791591356.940191,0.0744041670113802,61586415616,0,62417534976,22601007104,61394685952,61394690560,1214574080,0,160803676160,121125113856,0
1791591357.139221,0.07336176000535488,61586415616,0,62417534976,22601007104,61394685952,61394690560,1214574080,0,160803725312,121125113856,0
1791591357.3397486,0.0738089494407177,61586415616,0,62417534976,22601007104,61394685952,61394690560,1214574080,0,160803549184,121125113856,0
1791591357.5389907,0.07297934405505657,61586415616,0,62417534976,22601007104,61394685952,61394690560,1214574080,0,160803295232,121125113856,0
1791591357.7430317,0.0769411213696003,61586415616,0,62417534976,22601007104,61394685952,61394690560,1214574080,0,160803262464,121125113856,0
1791591357.9504805,0.08427019417285919,61586415616,0,62417534976,22601007104,61394685952,61394690560,1214574080,0,160803360768,121125113856,0
1791591358.1479633,0.08167890831828117,61586415616,0,62417534976,22601007104,61394685952,61394690560,1214574080,0,160803368960,121125113856,0
1791591358.3467495,0.0803914126008749,61586415616,0,62417534976,22601007104,61394685952,61394690560,1214574080,0,160803463168,121125113856,0
1791591358.5453043,0.0788768120110035,61586415616,0,62417534976,22601007104,61394685952,61394690560,1214574080,0,160803557376,121125113856,0
1791591358.7465222,0.08000861294567585,61586415616,0,62417534976,22601007104,61394685952,61394690560,1214574080,0,160803266560,121125113856,0
1791591358.9332232,0.06664257124066353,61586415616,0,62417534976,22601007104,61394685952,61394690560,1214574080,0,160803352576,121125113856,0
1791591359.1450834,0.07842883095145226,61586415616,0,62417534976,22601007104,61394685952,61394690560,1214574080,0,160803434496,121125113856,0
1791591359.3485272,0.08179683052003384,61586415616,0,62417534976,22601007104,61394685952,61394690560,1214574080,0,160803790848,121125113856,0
1791591359.5489154,0.08208830282092094,61586415616,0,62417534976,22601007104,61394685952,61394690560,1214574080,0,160803430400,121125113856,0
1791591359.7308874,0.06399290449917316,61586415616,0,62417534976,22601007104,61394685952,61394690560,1214574080,0,160803401728,121125113856,0
1791591359.9345288,0.06756366416811943,61586415616,0,62417534976,22601007104,61394685952,61394690560,1214574080,0,160803495936,121125113856,0
1791591360.1398845,0.07284697890281677,61586415616,0,62417534976,22601007104,61394685952,61394690560,1214574080,0,160803422208,121125113856,0
1791591360.338739,0.0716263297945261,61586415616,0,62417534976,22601007104,61394685952,61394690560,1214574080,0,160803479552,121125113856,0
1791591360.538688,0.07149014063179493,61586415616,0,62417534976,22601007104,61394685952,61394690560,1214574080,0,160803676160,121125113856,0
1791591360.744762,0.07749245688319206,61586415616,0,62417534976,22601007104,61394685952,61394690560,1214574080,0,160803405824,121125113856,0
1791591360.9433932,0.0760478563606739,61586415616,0,62417534976,22601007104,61394685952,61394690560,1214574080,0,160803192832,121125113856,0
1791591361.1417713,0.07434502430260181,61586415616,0,62417534976,22601007104,61394685952,61394690560,1214574080,0,160803536896,121125113856,0
1791591361.3449826,0.07745761424303055,61586415616,0,62417534976,22601007104,61394685952,61394690560,1214574080,0,160803500032,121125113856,0
1791591361.552006,0.08439897187054157,61586415616,0,62417534976,22601007104,61394685952,61394690560,1214574080,0,160803393536,121125113856,0
1791591361.736472,0.06878446042537689,61586415616,0,62417534976,22601007104,61394685952,61394690560,1214574080,0,160803713024,121125113856,0
1791591361.947849,0.08007912151515484,61586415616,0,62417534976,22601007104,61394685952,61394690560,1214574080,0,160803332096,121125113856,0
1791591362.145299,0.0774442832916975,61586415616,0,62417534976,22601007104,61394685952,61394690560,1214574080,0,160803397632,121125113856,0
1791591362.34453,0.07660592719912529,61586415616,0,62417534976,22601007104,61394685952,61394690560,1214574080,0,160803254272,121125113856,0
1791591362.5450077,0.07699458859860897,61586415616,0,62417534976,22601007104,61394685952,61394690560,1214574080,0,160803274752,121125113856,0
1791591362.7461438,0.07805965840816498,61586415616,0,62417534976,22601007104,61394685952,61394690560,1214574080,0,160803627008,121125113856,0
1791591362.9377897,0.06957039795815945,61586415616,0,62417534976,22601007104,61394685952,61394690560,1214574080,0,160803463168,121125113856,0
1791591363.1417403,0.07342247851192951,61586415616,0,62417534976,22601007104,61394685952,61394690560,1214574080,0,160803561472,121125113856,0
1791591363.3489602,0.08056914433836937,61586415616,0,62417534976,22601007104,61394685952,61394690560,1214574080,0,160803434496,121125113856,0
1791591363.5400627,0.07159111648797989,61586415616,0,62417534976,22601007104,61394685952,61394690560,1214574080,0,160803700736,121125113856,0
1791591363.7468812,0.07833613455295563,61586415616,0,62417534976,22601007104,61394685952,61394690560,1214574080,0,160803434496,121125113856,0
1791591363.9489846,0.08035379648208618,61586415616,0,62417534976,22601007104,61394685952,61394690560,1214574080,0,160803442688,121125113856,0
1791591364.1464996,0.07779726572334766,61586415616,0,62417534976,22601007104,61394685952,61394690560,1214574080,0,160803532800,121125113856,0
1791591364.3445585,0.07578999735414982,61586415616,0,62417534976,22601007104,61394685952,61394690560,1214574080,0,160803532800,121125113856,0
1791591364.544624,0.07578592002391815,61586415616,0,62417534976,22601007104,61394685952,61394690560,1214574080,0,160803852288,121125113856,0
1791591364.7524529,0.0835431944578886,61586415616,0,62417534976,22601007104,61394685952,61394690560,1214574080,0,160803926016,121125113856,0
1791591364.9388413,0.06984188035130501,61586415616,0,62417534976,22601007104,61394685952,61394690560,1214574080,0,160803401728,121125113856,0
1791591365.1414585,0.07238278910517693,61586415616,0,62417534976,22601007104,61394685952,61394690560,1214574080,0,160803667968,121125113856,0
1791591365.3513246,0.08217458240687847,61586415616,0,62417534976,22601007104,61394685952,61394690560,1214574080,0,160803721216,121125113856,0
1791591365.5373886,0.06815354712307453,61586415616,0,62417534976,22601007104,61394685952,61394690560,1214574080,0,160803848192,121125109760,0
1791591365.7371905,0.06788613833487034,61586415616,0,62417534976,22601007104,61394685952,61394690560,1214574080,0,160803917824,121125109760,0
1791591365.9423707,0.07298696227371693,61586415616,0,62417534976,22601007104,61394685952,61394690560,1214574080,0,160803971072,121125109760,0
1791591366.1459334,0.07647388055920601,61586415616,0,62417534976,22601007104,61394685952,61394690560,1214574080,0,160803799040,121125109760,0
1791591366.3439984,0.07446016184985638,61586415616,0,62417534976,22601007104,61394685952,61394690560,1214574080,0,160803889152,121125109760,0
1791591366.5444918,0.07487396150827408,61586415616,0,62417534976,22601007104,61394685952,61394690560,1214574080,0,160803811328,121125109760,0
1791591366.7446923,0.07499527744948864,61586415616,0,62417534976,22601007104,61394685952,61394690560,1214574080,0,160803602432,121125109760,0
1791591366.946037,0.07625971920788288,61586415616,0,62417534976,22601007104,61394685952,61394690560,1214574080,0,160803700736,121125109760,0
1791591367.1444948,0.0746412891894579,61586415616,0,62417534976,22601007104,61394685952,61394690560,1214574080,0,160803762176,121125109760,0
1791591367.3440783,0.07414861395955086,61586415616,0,62417534976,22601007104,61394685952,61394690560,1214574080,0,160803495936,121125109760,0
1791591367.5440853,0.07407573610544205,61586415616,0,62417534976,22601007104,61394685952,61394690560,1214574080,0,160803565568,121125109760,0
1791591367.7448475,0.0747622400522232,61586432000,0,62419632128,22598909952,61394685952,61394690560,1216687616,0,160803389440,121125109760,0
1791591367.9470978,0.0769257228821516,61586432000,0,62419632128,22598909952,61394685952,61394690560,1216687616,0,160803352576,121125109760,0
1791591368.1560817,0.08583134040236473,61586432000,0,62419632128,22598909952,61394685952,61394690560,1216687616,0,160803319808,121125109760,0
1791591368.3537526,0.08342576213181019,61586432000,0,62419632128,22598909952,61394685952,61394690560,1216687616,0,160803356672,121125109760,0
1791591368.5419104,0.07151011750102043,61586432000,0,62419632128,22598909952,61394685952,61394690560,1216687616,0,160803438592,121125109760,0
1791591368.7507563,0.08028319291770458,61586432000,0,62419632128,22598909952,61394685952,61394690560,1216687616,0,160803463168,121125109760,0
1791591368.9487946,0.0782462265342474,61586432000,0,62419632128,22598909952,61394685952,61394690560,1216687616,0,160803655680,121125109760,0
1791591369.1289306,0.058311983942985535,61586432000,0,62419632128,22598909952,61394685952,61394690560,1216687616,0,160803721216,121125109760,0
1791591369.3289337,0.058248190209269524,61586432000,0,62419632128,22598909952,61394685952,61394690560,1216687616,0,160804069376,121125109760,0
1791591369.5293796,0.05862972512841225,61586432000,0,62419632128,22598909952,61394685952,61394690560,1216687616,0,160804130816,121125109760,0
1791591369.7491434,0.07829339802265167,61586432000,0,62419632128,22598909952,61394685952,61394690560,1216687616,0,160803794944,121125109760,0
1791591369.9347062,0.06378787569701672,61586432000,0,62419632128,22598909952,61394685952,61394690560,1216687616,0,160803880960,121125109760,0
1791591370.1377418,0.06675477884709835,61586432000,0,62419632128,22598909952,61394685952,61394690560,1216687616,0,160803975168,121125109760,0
1791591370.343457,0.07239836640655994,61586432000,0,62419632128,22598909952,61394685952,61394690560,1216687616,0,160804306944,121125109760,0
1791591370.5424435,0.0712929219007492,61586432000,0,62419632128,22598909952,61394685952,61394690560,1216687616,0,160804409344,121125109760,0
1791591370.7428203,0.07158945500850677,61586432000,0,62419632128,22598909952,61394685952,61394690560,1216687616,0,160803934208,121125109760,0
1791591370.9433587,0.07204737327992916,61586432000,0,62419632128,22598909952,61394685952,61394690560,1216687616,0,160803979264,121125109760,0
1791591371.1467848,0.07538890279829502,61586432000,0,62419632128,22598909952,61394685952,61394690560,1216687616,0,160803975168,121125109760,0
1791591371.3557732,0.0842879880219698,61586432000,0,62419632128,22598909952,61394685952,61394690560,1216687616,0,160804216832,121125109760,0
1791591371.5406773,0.06912017986178398,61586432000,0,62419632128,22598909952,61394685952,61394690560,1216687616,0,160804306944,121125109760,0
1791591371.7448,0.07315908744931221,61586432000,0,62419632128,22598909952,61394685952,61394690560,1216687616,0,160803794944,121125109760,0
1791591371.951183,0.07943957857787609,61586432000,0,62419632128,22598909952,61394685952,61394690560,1216687616,0,160803983360,121125109760,0
1791591372.1532,0.08136322349309921,61586432000,0,62419632128,22598909952,61394685952,61394690560,1216687616,0,160804249600,121125109760,0
1791591372.3541532,0.0822181198745966,61586432000,0,62419632128,22598909952,61394685952,61394690560,1216687616,0,160803999744,121125109760,0
1791591372.5507855,0.07878049835562706,61586432000,0,62419632128,22598909952,61394685952,61394690560,1216687616,0,160804007936,121125109760,0
1791591372.7591486,0.08705037273466587,61586432000,0,62419632128,22598909952,61394685952,61394690560,1216687616,0,160804147200,121125109760,0
1791591372.9507577,0.07858522795140743,61586432000,0,62419632128,22598909952,61394685952,61394690560,1216687616,0,160803954688,121125109760,0
1791591373.1426964,0.07044338621199131,61586432000,0,62419632128,22598909952,61394685952,61394690560,1216687616,0,160804044800,121125109760,0
1791591373.341802,0.06947045773267746,61586436096,0,62419632128,22598909952,61394685952,61394690560,1216691712,0,160804376576,121125109760,0
1791591373.5464904,0.07407887652516365,61586436096,0,62419632128,22598909952,61394685952,61394690560,1216691712,0,160803930112,121125109760,0
1791591373.7470098,0.07452022470533848,61586436096,0,62419632128,22598909952,61394685952,61394690560,1216691712,0,160803831808,121125109760,0
1791591373.9494658,0.07689765468239784,61586436096,0,62419632128,22598909952,61394685952,61394690560,1216691712,0,160803942400,121125109760,0
1791591374.1570945,0.08444930799305439,61586436096,0,62419632128,22598909952,61394685952,61394690560,1216691712,0,160804048896,121125109760,0
1791591374.3409054,0.0681865531951189,61586448384,0,62419632128,22598909952,61394685952,61394690560,1216704000,0,160804106240,121125109760,0
1791591374.5433378,0.07054071687161922,61586448384,0,62419632128,22598909952,61394685952,61394690560,1216704000,0,160804200448,121125109760,0
1791591374.7459967,0.07308977656066418,61586448384,0,62419632128,22598909952,61394685952,61394690560,1216704000,0,160803643392,121125109760,0
1791591374.949759,0.07677180506289005,61586448384,0,62419632128,22598909952,61394685952,61394690560,1216704000,0,160803688448,121125109760,0
1791591375.1488085,0.07573763653635979,61586448384,0,62419632128,22598909952,61394685952,61394690560,1216704000,0,160803725312,121125109760,0
1791591375.3495185,0.07636578753590584,61586448384,0,62419632128,22598909952,61394685952,61394690560,1216704000,0,160803823616,121125109760,0
1791591375.5473099,0.07407236844301224,61586448384,0,62419632128,22598909952,61394685952,61394690560,1216704000,0,160803737600,121125109760,0
1791591375.748873,0.07555371522903442,61586448384,0,62419632128,22598909952,61394685952,61394690560,1216704000,0,160804016128,121125109760,0
1791591375.9505289,0.07712597772479057,61586448384,0,62419632128,22598909952,61394685952,61394690560,1216704000,0,160804114432,121125109760,0
1791591376.1504676,0.07699439115822315,61586448384,0,62419632128,22598909952,61394685952,61394690560,1216704000,0,160804147200,121125109760,0
1791591376.3582282,0.0846781563013792,61586448384,0,62419632128,22598909952,61394685952,61394690560,1216704000,0,160804237312,121125109760,0
1791591376.5546389,0.08101428300142288,61586448384,0,62419632128,22598909952,61394685952,61394690560,1216704000,0,160804319232,121125109760,0
1791591376.7522087,0.07850976288318634,61586448384,0,62419632128,22598909952,61394685952,61394690560,1216704000,0,160804679680,121125109760,0
1791591376.9301033,0.05634198524057865,61586448384,0,62419632128,22598909952,61394685952,61394690560,1216704000,0,160803848192,121125109760,0
1791591377.12944,0.05560457333922386,61586448384,0,62419632128,22598909952,61394685952,61394690560,1216704000,0,160803414016,121125109760,0
1791591377.330045,0.05613512732088566,61586448384,0,62419632128,22598909952,61394685952,61394690560,1216704000,0,160803524608,121125109760,0
1791591377.5362666,0.06225540116429329,61586448384,0,62419632128,22598909952,61394685952,61394690560,1216704000,0,160803454976,121125109760,0
1791591377.7408066,0.06669717095792294,61586448384,0,62419632128,22598909952,61394685952,61394690560,1216704000,0,160803291136,121125109760,0
1791591377.9460485,0.0717586986720562,61586448384,0,62419632128,22598909952,61394685952,61394690560,1216704000,0,160803172352,121125109760,0
1791591378.1438298,0.06945477053523064,61586448384,0,62419632128,22598909952,61394685952,61394690560,1216704000,0,160803274752,121125109760,0
1791591378.3580852,0.08360869251191616,61586448384,0,62419632128,22598909952,61394685952,61394690560,1216704000,0,160803196928,121125109760,0
1791591378.556752,0.08218353241682053,61586448384,0,62419632128,22598909952,61394685952,61394690560,1216704000,0,160803069952,121125109760,0
1791591378.7568903,0.0822347067296505,61586448384,0,62419632128,22598909952,61394685952,61394690560,1216704000,0,160803078144,121125109760,0
1791591378.9545107,0.07976482808589935,61586448384,0,62419632128,22598909952,61394685952,61394690560,1216704000,0,160803303424,121125109760,0
1791591379.1423404,0.06750970147550106,61586448384,0,62419632128,22598909952,61394685952,61394690560,1216704000,0,160803188736,121125109760,0
1791591379.3464065,0.0714951641857624,61586448384,0,62419632128,22598909952,61394685952,61394690560,1216704000,0,160803287040,121125109760,0
1791591379.5477123,0.0727178230881691,61586448384,0,62419632128,22598909952,61394685952,61394690560,1216704000,0,160803348480,121125109760,0
1791591379.7496934,0.07461733184754848,61586448384,0,62419632128,22598909952,61394685952,61394690560,1216704000,0,160803061760,121125109760,0
1791591379.94842,0.07325899414718151,61586448384,0,62419632128,22598909952,61394685952,61394690560,1216704000,0,160803115008,121125109760,0
1791591380.160222,0.08495053462684155,61586448384,0,62419632128,22598909952,61394685952,61394690560,1216704000,0,160803086336,121125109760,0
1791591380.3604276,0.08506312966346741,61586448384,0,62419632128,22598909952,61394685952,61394690560,1216704000,0,160812740608,121125109760,0
1791591380.555539,0.08007214777171612,61586448384,0,62419632128,22598909952,61394685952,61394690560,1216704000,0,160803635200,121125109760,0
1791591380.7620177,0.08645315654575825,61586448384,0,62419632128,22598909952,61394685952,61394690560,1216704000,0,160803450880,121125109760,0
1791591380.961962,0.0862978883087635,61586448384,0,62419632128,22598909952,61394685952,61394690560,1216704000,0,160803491840,121125109760,0
1791591381.1591382,0.08337212540209293,61586448384,0,62419632128,22598909952,61394685952,61394690560,1216704000,0,160803631104,121125109760,0
1791591381.3573802,0.08151821978390217,61586448384,0,62419632128,22598909952,61394685952,61394690560,1216704000,0,160803508224,121125109760,0
1791591381.55522,0.07927070930600166,61586448384,0,62419632128,22598909952,61394685952,61394690560,1216704000,0,160803586048,121125109760,0
1791591381.743642,0.06762224994599819,61586448384,0,62419632128,22598909952,61394685952,61394690560,1216704000,0,160803938304,121125109760,0
1791591381.9470327,0.0709294956177473,61586448384,0,62419632128,22598909952,61394685952,61394690560,1216704000,0,160804085760,121125109760,0
1791591382.1547456,0.07850811257958412,61586448384,0,62419632128,22598909952,61394685952,61394690560,1216704000,0,160804196352,121125109760,0
1791591382.3552802,0.07896172441542149,61586448384,0,62419632128,22598909952,61394685952,61394690560,1216704000,0,160804286464,121125109760,0
1791591382.55446,0.0780569575726986,61586448384,0,62419632128,22598909952,61394685952,61394690560,1216704000,0,160804376576,121125109760,0
1791591382.7521522,0.07566584087908268,61586448384,0,62419632128,22598909952,61394685952,61394690560,1216704000,0,160804470784,121125109760,0
1791591382.9556243,0.07905100658535957,61586448384,0,62419632128,22598909952,61394685952,61394690560,1216704000,0,160804265984,121125109760,0
1791591383.1445012,0.06785185262560844,61586448384,0,62419632128,22598909952,61394685952,61394690560,1216704000,0,160804306944,121125109760,0
1791591383.3643358,0.08758816123008728,61586448384,0,62419632128,22598909952,61394685952,61394690560,1216704000,0,160804626432,121125109760,0
1791591383.54865,0.07181650958955288,61586448384,0,62419632128,22598909952,61394685952,61394690560,1216704000,0,160803966976,121125109760,0
1791591383.7495081,0.07258897460997105,61586448384,0,62419632128,22598909952,61394685952,61394690560,1216704000,0,160804048896,121125109760,0
1791591383.9505725,0.07357614487409592,61586448384,0,62419632128,22598909952,61394685952,61394690560,1216704000,0,160803844096,121125109760,0
1791591384.15444,0.07736403495073318,61586448384,0,62419632128,22598909952,61394685952,61394690560,1216704000,0,160803606528,121125109760,0
1791591384.355164,0.07800833322107792,61586448384,0,62419632128,22598909952,61394685952,61394690560,1216704000,0,160803684352,121125109760,0
1791591384.5533428,0.07610984705388546,61586448384,0,62419632128,22598909952,61394685952,61394690560,1216704000,0,160803561472,121125109760,0
1791591384.7548192,0.07750518433749676,61586448384,0,62419632128,22598909952,61394685952,61394690560,1216704000,0,160803446784,121125109760,0
1791591384.955126,0.0777303259819746,61586448384,0,62419632128,22598909952,61394685952,61394690560,1216704000,0,160803397632,121125109760,0
1791591385.15558,0.07809990458190441,61586448384,0,62419632128,22598909952,61394685952,61394690560,1216704000,0,160803491840,121125109760,0
1791591385.3772688,0.09970537573099136,61586448384,0,62421729280,22596812800,61394685952,61394690560,1218801152,0,160819687424,121125109760,0
1791591385.5542035,0.07655308395624161,61586448384,0,62419632128,22598909952,61394685952,61394690560,1216704000,0,160803938304,121125109760,0
1791591385.7552488,0.07751320488750935,61586448384,0,62419632128,22598909952,61394685952,61394690560,1216704000,0,160803684352,121125109760,0
1791591385.9561236,0.07830061577260494,61586448384,0,62419632128,22598909952,61394685952,61394690560,1216704000,0,160803643392,121125109760,0
1791591386.1542642,0.07635912112891674,61586448384,0,62419632128,22598909952,61394685952,61394690560,1216704000,0,160803991552,121125109760,0
1791591386.3637345,0.08574172109365463,61586448384,0,62419632128,22598909952,61394685952,61394690560,1216704000,0,160803856384,121125109760,0
1791591386.5615947,0.08352056704461575,61586448384,0,62419632128,22598909952,61394685952,61394690560,1216704000,0,160803700736,121125109760,0
1791591386.7567248,0.07857119478285313,61586448384,0,62419632128,22598909952,61394685952,61394690560,1216704000,0,160803770368,121125109760,0
1791591386.9590604,0.08085399121046066,61586448384,0,62419632128,22598909952,61394685952,61394690560,1216704000,0,160803807232,121125109760,0
1791591387.1344318,0.05616240203380585,61586448384,0,62419632128,22598909952,61394685952,61394690560,1216704000,0,160803639296,121125109760,0
1791591387.3357308,0.05739535763859749,61586448384,0,62419632128,22598909952,61394685952,61394690560,1216704000,0,160803176448,121125109760,0
1791591387.5534177,0.0749822799116373,61586448384,0,62419632128,22598909952,61394685952,61394690560,1216704000,0,160803229696,121125109760,0
1791591387.7556636,0.07714672945439816,61586448384,0,62419632128,22598909952,61394685952,61394690560,1216704000,0,160803315712,121125109760,0
1791591387.9424858,0.06386738456785679,61586448384,0,62419632128,22598909952,61394685952,61394690560,1216704000,0,160803659776,121125109760,0
1791591388.153976,0.07527450285851955,61586448384,0,62419632128,22598909952,61394685952,61394690560,1216704000,0,160803569664,121125109760,0
1791591388.3521392,0.07335508987307549,61586448384,0,62419632128,22598909952,61394685952,61394690560,1216704000,0,160803893248,121125109760,0
1791591388.5521367,0.07328350096940994,61586448384,0,62419632128,22598909952,61394685952,61394690560,1216704000,0,160803958784,121125109760,0
1791591388.7543592,0.07542439922690392,61586448384,0,62419632128,22598909952,61394685952,61394690560,1216704000,0,160803700736,121125109760,0
1791591388.9563785,0.07736831530928612,61586448384,0,62419632128,22598909952,61394685952,61394690560,1216704000,0,160803790848,121125109760,0
1791591389.1593215,0.08021312952041626,61586448384,0,62419632128,22598909952,61394685952,61394690560,1216704000,0,160803377152,121125109760,0
1791591389.346185,0.06695950403809547,61586448384,0,62419632128,22598909952,61394685952,61394690560,1216704000,0,160803733504,121125109760,0
1791591389.5501294,0.07083439454436302,61586448384,0,62419632128,22598909952,61394685952,61394690560,1216704000,0,160803655680,121125109760,0
1791591389.7527864,0.07341492548584938,61586448384,0,62419632128,22598909952,61394685952,61394690560,1216704000,0,160803655680,121125109760,0
1791591389.9547145,0.07526442408561707,61586448384,0,62419632128,22598909952,61394685952,61394690560,1216704000,0,160803729408,121125109760,0
1791591390.1627986,0.08326198160648346,61586448384,0,62419632128,22598909952,61394685952,61394690560,1216704000,0,160803831808,121125109760,0
1791591390.3565197,0.07687653601169586,61586448384,0,62419632128,22598909952,61394685952,61394690560,1216704000,0,160805097472,121125109760,0
1791591390.5526667,0.07293469086289406,61586448384,0,62419632128,22598909952,61394685952,61394690560,1216704000,0,160804220928,121125105664,0
1791591390.761701,0.08186838030815125,61586448384,0,62419632128,22598909952,61394685952,61394690560,1216704000,0,160803786752,121125105664,0
1791591390.9599133,0.07998951897025108,61586448384,0,62419632128,22598909952,61394685952,61394690560,1216704000,0,160803549184,121125105664,0
1791591391.148688,0.06867029331624508,61586448384,0,62419632128,22598909952,61394685952,61394690560,1216704000,0,160803172352,121125105664,0
1791591391.3588004,0.07869959250092506,61586448384,0,62419632128,22598909952,61394685952,61394690560,1216704000,0,160803504128,121125105664,0
1791591391.549396,0.06916520744562149,61586448384,0,62419632128,22598909952,61394685952,61394690560,1216704000,0,160803799040,121125105664,0
1791591391.759857,0.07954596541821957,61586448384,0,62419632128,22598909952,61394685952,61394690560,1216704000,0,160803860480,121125105664,0
1791591391.9470735,0.06668270751833916,61586448384,0,62419632128,22598909952,61394685952,61394690560,1216704000,0,160803651584,121125105664,0
1791591392.152304,0.07183259539306164,61586448384,0,62419632128,22598909952,61394685952,61394690560,1216704000,0,160803422208,121125105664,0
1791591392.3580525,0.07750486396253109,61586448384,0,62419632128,22598909952,61394685952,61394690560,1216704000,0,160803713024,121125105664,0
1791591392.5495503,0.06890717148780823,61586448384,0,62419632128,22598909952,61394685952,61394690560,1216704000,0,160803565568,121125105664,0
1791591392.7639008,0.0831845123320818,61586448384,0,62419632128,22598909952,61394685952,61394690560,1216704000,0,160803504128,121125105664,0
1791591392.9602468,0.07945936173200607,61586448384,0,62419632128,22598909952,61394685952,61394690560,1216704000,0,160803528704,121125105664,0
1791591393.1470835,0.06622486375272274,61586448384,0,62419632128,22598909952,61394685952,61394690560,1216704000,0,160803885056,121125105664,0
1791591393.3533192,0.07235482335090637,61586448384,0,62419632128,22598909952,61394685952,61394690560,1216704000,0,160803807232,121125105664,0
1791591393.5686367,0.08759472891688347,61586448384,0,62419632128,22598909952,61394685952,61394690560,1216704000,0,160803889152,121125105664,0
1791591393.7512178,0.07008292153477669,61586448384,0,62419632128,22598909952,61394685952,61394690560,1216704000,0,160803770368,121124909056,0
1791591393.9608955,0.07967610098421574,61586448384,0,62419632128,22598909952,61394685952,61394690560,1216704000,0,160804073472,121124909056,0
1791591394.158525,0.07721742056310177,61586448384,0,62419632128,22598909952,61394685952,61394690560,1216704000,0,160803930112,121124909056,0
1791591394.3611958,0.07980918139219284,61586448384,0,62419632128,22598909952,61394685952,61394690560,1216704000,0,160803954688,121124909056,0
1791591394.5504692,0.0686414074152708,61586448384,0,62419632128,22598909952,61394685952,61394690560,1216704000,0,160803942400,121124909056,0
1791591394.75126,0.06935817934572697,61586448384,0,62419632128,22598909952,61394685952,61394690560,1216704000,0,160803540992,121124909056,0
1791591394.9585054,0.07650932855904102,61586448384,0,62419632128,22598909952,61394685952,61394690560,1216704000,0,160803360768,121124909056,0
1791591395.1586316,0.07654751278460026,61586448384,0,62419632128,22598909952,61394685952,61394690560,1216704000,0,160803430400,121124909056,0
1791591395.3577735,0.07559954188764095,61586448384,0,62419632128,22598909952,61394685952,61394690560,1216704000,0,160807690240,121124909056,0
1791591395.5566976,0.07443150505423546,61586448384,0,62419632128,22598909952,61394685952,61394690560,1216704000,0,160803737600,121124909056,0
1791591395.755157,0.0728045254945755,61586448384,0,62419632128,22598909952,61394685952,61394690560,1216704000,0,160804003840,121124909056,0
1791591395.9577854,0.07535284012556076,61586448384,0,62419632128,22598909952,61394685952,61394690560,1216704000,0,160804110336,121124909056,0
1791591396.1641383,0.08162187784910202,61586448384,0,62419632128,22598909952,61394685952,61394690560,1216704000,0,160804229120,121124909056,0
1791591396.364389,0.08176448196172714,61606662144,0,67098378240,17920163840,61394685952,61394690560,5915663872,0,160823951360,121124896768,0
1791591396.5915256,0.10880403220653534,61606846464,0,67075309568,17943232512,61394685952,61394690560,5892779520,0,160824311808,121124896768,0
1791591396.7714345,0.08864781260490417,61606875136,0,67092086784,17926455296,61394685952,61394690560,5909585408,0,160824406016,121124896768,0
1791591396.984025,0.10116078518331051,61606903808,0,67087892480,17930649600,61394685952,61394690560,5905419776,0,160824340480,121124896768,0
1791591397.164747,0.08180316537618637,61606936576,0,67136126976,17882415104,61394685952,61394690560,5953687040,0,160824700928,121124896768,0
1791591397.3755114,0.09250113368034363,61607034880,0,67138224128,17880317952,61394685952,61394690560,5955882496,0,160824692736,121124896768,0
1791591397.5407517,0.057658085599541664,61607051264,0,67092086784,17926455296,61394685952,61394690560,5909761536,0,160824999936,121124896768,0
1791591397.7655754,0.08241618052124977,61607075840,0,67102572544,17915969536,61394685952,61394690560,5920271872,0,160824561664,121124896768,0
1791591397.9734948,0.09026900306344032,61607100416,0,67104669696,17913872384,61394685952,61394690560,5922393600,0,160824885248,121124896768,0
1791591398.1845334,0.10123892314732075,61607120896,0,67100475392,17918066688,61394685952,61394690560,5918219776,0,160824639488,121124896768,0
1791591398.3709977,0.08763771690428257,61607145472,0,67108864000,17909678080,61394685952,61394690560,5926632960,0,160824463360,121124892672,0
1791591398.5719793,0.08855175226926804,61607165952,0,67110961152,17907580928,61394685952,61394690560,5928750592,0,160824590336,121124892672,0
1791591398.7665684,0.08307534456253052,61607194624,0,67140321280,17878220800,61394685952,61394690560,5958139392,0,160824688640,121124892672,0
1791591398.9793313,0.09577337838709354,61607215104,0,67108864000,17909678080,61394685952,61394690560,5926702592,0,160824770560,121124892672,0
1791591399.1683276,0.08469118550419807,61607235584,0,67113058304,17905483776,61394685952,61394690560,5930917376,0,160825028608,121124892672,0
1791591399.3801484,0.09642971307039261,61607264256,0,67119349760,17899192320,61394685952,61394690560,5937237504,0,160824586240,121124892672,0
1791591399.578864,0.09506656974554062,61607284736,0,67148709888,17869832192,61394685952,61394690560,5966618112,0,160824840192,121124892672,0
1791591399.780239,0.09637019969522953,61607317504,0,67142418432,17876123648,61394685952,61394690560,5960359424,0,160824680448,121124892672,0
1791591399.9724967,0.0885459203273058,61607337984,0,67152904192,17865637888,61394685952,61394690560,5970865664,0,160824766464,121124892672,0
1791591400.1689522,0.08493770100176334,61607362560,0,67167584256,17850957824,61394685952,61394690560,5985570304,0,160824430592,121124892672,0
1791591400.3658476,0.08176685869693756,61607383040,0,67157098496,17861443584,61394685952,61394690560,5975105024,0,160840753152,121124892672,0
1791591400.5940473,0.10987650044262409,61607403520,0,67159195648,17859346432,61394685952,61394690560,5977222656,0,160824705024,121124892672,0
1791591400.7786412,0.09440265968441963,61607428096,0,67117252608,17901289472,61394685952,61394690560,5935304192,0,160824762368,121124892672,0
1791591400.970436,0.08613249100744724,61607452672,0,67175972864,17842569216,61394685952,61394690560,5994049024,0,160824598528,121124892672,0
1791591401.1644065,0.08004172705113888,61607473152,0,67125641216,17892900864,61394685952,61394690560,5943737856,0,160824627200,121124892672,0
1791591401.358555,0.07411426864564419,61607510016,0,67140321280,17878220800,61394685952,61394690560,5958454784,0,160824713216,121124892672,0
1791591401.5653942,0.08087410405278206,61607546880,0,67136126976,17882415104,61394685952,61394690560,5954297344,0,160824995840,121124888576,0
1791591401.7658284,0.08122996054589748,61607567360,0,67159195648,17859346432,61394685952,61394690560,5977386496,0,160825081856,121124888576,0
1791591401.9612353,0.07657250016927719,61607587840,0,67175972864,17842569216,61394685952,61394690560,5994184192,0,160825094144,121124888576,0
1791591402.1761985,0.09146484732627869,61607612416,0,67146612736,17871929344,61394685952,61394690560,5964848640,0,160825360384,121124888576,0
1791591402.3838668,0.09906296245753765,61607624704,0,5649727488,79368814592,61394685952,61394690560,,1,160811245568,121124880384,0
1791591402.5112748,0.026387035846710205,41505062912,0,4194304,85014347776,0,0,,1,140676255744,121124876288,0
1791591402.7129505,0.02794671431183815,1495597056,0,4194304,85014347776,0,0,,1,100219772928,121124876288,0
