unix_seconds,sample_duration_seconds,host_tree_rss_bytes,host_tree_swap_bytes,whole_gpu_used_bytes,whole_gpu_free_bytes,resident_host_W_lower_bound_bytes,resident_device_W_bytes,sampled_temporary_bytes,W_transition_incomplete,cgroup_memory_current_bytes,disk_available_bytes,smaps_read_failures
1791583510.0219371,0.030549855902791023,49897472,0,0,85017493504,0,0,49897472,0,125934284800,121167245312,0
1791583510.21824,0.026785261929035187,79040512,0,0,85017493504,0,0,79040512,0,125963104256,121167241216,0
1791583510.4201393,0.028601566329598427,79310848,0,0,85017493504,0,0,79310848,0,125963145216,121167241216,0
1791583510.619621,0.028002358973026276,79310848,0,0,85017493504,0,0,79310848,0,125962964992,121167241216,0
1791583510.818944,0.027244839817285538,79310848,0,0,85017493504,0,0,79310848,0,125963059200,121167241216,0
1791583511.0182307,0.026451274752616882,79310848,0,0,85017493504,0,0,79310848,0,125963149312,121167241216,0
1791583511.2464228,0.0545626450330019,79310848,0,0,85017493504,0,0,79310848,0,125963112448,121167241216,0
1791583511.4189396,0.026998991146683693,79310848,0,0,85017493504,0,0,79310848,0,125963206656,121167241216,0
1791583511.620383,0.028349781408905983,79310848,0,0,85017493504,0,0,79310848,0,125962989568,121167241216,0
1791583511.8187423,0.026627255603671074,79310848,0,0,85017493504,0,0,79310848,0,125963079680,121167241216,0
1791583512.0183053,0.026110194623470306,79314944,0,0,85017493504,0,0,79314944,0,125963091968,121167241216,0
1791583512.2235613,0.03128589130938053,79314944,0,0,85017493504,0,0,79314944,0,125963173888,121167241216,0
1791583512.423296,0.030936850234866142,79314944,0,0,85017493504,0,0,79314944,0,125963272192,121167241216,0
1791583512.6211061,0.028660954907536507,88113152,0,0,85017493504,0,0,88113152,0,125972127744,121167241216,0
1791583512.8195608,0.027028053998947144,88113152,0,0,85017493504,0,0,88113152,0,125971705856,121167241216,0
1791583513.0219264,0.029307156801223755,88113152,0,0,85017493504,0,0,88113152,0,125970866176,121167241216,0
1791583513.2186363,0.025935404002666473,88117248,0,0,85017493504,0,0,88117248,0,125970808832,121167241216,0
1791583513.4178205,0.025039542466402054,88117248,0,0,85017493504,0,0,88117248,0,125970894848,121167241216,0
1791583513.6253974,0.032529136165976524,88117248,0,0,85017493504,0,0,88117248,0,125970718720,121167241216,0
1791583513.8234406,0.030480964109301567,88117248,0,0,85017493504,0,0,88117248,0,125970817024,121167241216,0
1791583514.0241528,0.03110608085989952,88117248,0,0,85017493504,0,0,88117248,0,125971169280,121167241216,0
1791583514.2205303,0.0274015124887228,88117248,0,0,85017493504,0,0,88117248,0,125971263488,121167241216,0
1791583514.4222658,0.029050150886178017,88117248,0,0,85017493504,0,0,88117248,0,125971202048,121167241216,0
1791583514.623446,0.030149195343255997,88117248,0,0,85017493504,0,0,88117248,0,125970964480,121167241216,0
1791583514.8178618,0.0244826041162014,88117248,0,0,85017493504,0,0,88117248,0,125971058688,121167241216,0
1791583515.019917,0.026448488235473633,96038912,0,0,85017493504,0,0,96038912,0,125979189248,121167241216,0
1791583515.213984,0.020452817901968956,96907264,0,0,85017493504,0,0,96907264,0,125980069888,121167241216,0
1791583515.4157217,0.022129204124212265,96907264,0,0,85017493504,0,0,96907264,0,125979938816,121167241216,0
1791583515.6133525,0.019698593765497208,96907264,0,0,85017493504,0,0,96907264,0,125980053504,121167241216,0
1791583515.8134828,0.01976831443607807,96907264,0,0,85017493504,0,0,96907264,0,125980135424,121167241216,0
1791583516.0135267,0.01975186914205551,96907264,0,0,85017493504,0,0,96907264,0,125979959296,121167241216,0
1791583516.2216153,0.02776479162275791,96907264,0,0,85017493504,0,0,96907264,0,125979967488,121167241216,0
1791583516.4242175,0.030280927196145058,96907264,0,0,85017493504,0,0,96907264,0,125983232000,121167241216,0
1791583516.6234872,0.02944209985435009,96911360,0,0,85017493504,0,0,96911360,0,125983318016,121167241216,0
1791583516.8239253,0.029803527519106865,96911360,0,0,85017493504,0,0,96911360,0,125983903744,121167241216,0
1791583517.0241861,0.029970448464155197,96911360,0,0,85017493504,0,0,96911360,0,125984043008,121167241216,0
1791583517.2236385,0.02929062396287918,96911360,0,0,85017493504,0,0,96911360,0,125983612928,121167237120,0
1791583517.42888,0.034442996606230736,96911360,0,0,85017493504,0,0,96911360,0,125989666816,121167237120,0
1791583517.6231232,0.028589846566319466,130179072,0,0,85017493504,0,0,130179072,0,126025633792,121167233024,0
1791583517.8292,0.03457554802298546,130338816,0,0,85017493504,0,0,130338816,0,126025740288,121167233024,0
1791583518.0239258,0.02922162413597107,130338816,0,0,85017493504,0,0,130338816,0,126025781248,121167233024,0
1791583518.2251222,0.030336493626236916,130338816,0,0,85017493504,0,0,130338816,0,126025900032,121167233024,0
1791583518.4247656,0.02989908866584301,130338816,0,0,85017493504,0,0,130338816,0,126026227712,121167233024,0
1791583518.6196141,0.02467264235019684,130338816,0,0,85017493504,0,0,130338816,0,126025625600,121167233024,0
1791583518.8242857,0.029258744791150093,130338816,0,0,85017493504,0,0,130338816,0,126025891840,121167233024,0
1791583519.025067,0.029951021075248718,130338816,0,0,85017493504,0,0,130338816,0,126025400320,121167233024,0
1791583519.2224882,0.027285397052764893,130338816,0,0,85017493504,0,0,130338816,0,126025482240,121167233024,0
1791583519.434068,0.03873339109122753,130338816,0,0,85017493504,0,0,130338816,0,126025433088,121167233024,0
1791583519.633518,0.03810368664562702,130338816,0,0,85017493504,0,0,130338816,0,126025437184,121167233024,0
1791583519.8247817,0.029282353818416595,130338816,0,0,85017493504,0,0,130338816,0,126025084928,121167233024,0
1791583520.0249329,0.02935294806957245,130338816,0,0,85017493504,0,0,130338816,0,126025736192,121167233024,0
1791583520.2245715,0.028909338638186455,141168640,0,0,85017493504,0,0,141168640,0,126036541440,121167233024,0
1791583520.424533,0.028789440169930458,141168640,0,0,85017493504,0,0,141168640,0,126036635648,121167233024,0
1791583520.6239073,0.028097154572606087,141168640,0,0,85017493504,0,0,141168640,0,126036934656,121167233024,0
1791583520.8254876,0.02959335222840309,141168640,0,0,85017493504,0,0,141168640,0,126037012480,121167233024,0
1791583521.0209036,0.02492571994662285,141168640,0,0,85017493504,0,0,141168640,0,126037106688,121167233024,0
1791583521.2208965,0.024836013093590736,141168640,0,0,85017493504,0,0,141168640,0,126037204992,121167233024,0
1791583521.4251552,0.029001440852880478,141168640,0,0,85017493504,0,0,141168640,0,126037078016,121167233024,0
1791583521.62495,0.028708824887871742,141168640,0,0,85017493504,0,0,141168640,0,126036574208,121167233024,0
1791583521.8232927,0.026964491233229637,141172736,0,0,85017493504,0,0,141172736,0,126036332544,121167233024,0
1791583522.0228992,0.026484278962016106,141172736,0,0,85017493504,0,0,141172736,0,126036410368,121167233024,0
1791583522.227056,0.030555306002497673,141172736,0,0,85017493504,0,0,141172736,0,126036500480,121167233024,0
1791583522.4244275,0.027839379385113716,141172736,0,0,85017493504,0,0,141172736,0,126036623360,121167233024,0
1791583522.622498,0.02583572454750538,147951616,0,0,85017493504,0,0,147951616,0,126043586560,121167233024,0
1791583522.8257723,0.029035121202468872,147951616,0,0,85017493504,0,0,147951616,0,126043385856,121167233024,0
1791583523.0270698,0.03024703450500965,147951616,0,0,85017493504,0,0,147951616,0,126043303936,121167233024,0
1791583523.2230625,0.026140430942177773,147951616,0,0,85017493504,0,0,147951616,0,126043406336,121167233024,0
1791583523.4260116,0.029006456956267357,147951616,0,0,85017493504,0,0,147951616,0,126043504640,121167233024,0
1791583523.6262257,0.02913464792072773,147951616,0,0,85017493504,0,0,147951616,0,126043549696,121167233024,0
1791583523.8270786,0.02986864745616913,147951616,0,0,85017493504,0,0,147951616,0,126043623424,121167233024,0
1791583524.0274756,0.030162662267684937,147951616,0,0,85017493504,0,0,147951616,0,126043328512,121167233024,0
1791583524.2253366,0.02792692929506302,147951616,0,0,85017493504,0,0,147951616,0,126043332608,121167233024,0
1791583524.425235,0.02775665745139122,147951616,0,0,85017493504,0,0,147951616,0,126043303936,121167233024,0
1791583524.627612,0.030051380395889282,147951616,0,0,85017493504,0,0,147951616,0,126043906048,121167228928,0
1791583524.8228953,0.025248924270272255,147951616,0,0,85017493504,0,0,147951616,0,126043500544,121167228928,0
1791583525.0265439,0.028809797018766403,136966144,0,0,85017493504,0,0,136966144,0,126032842752,121167224832,0
1791583525.2269256,0.029106248170137405,136982528,0,0,85017493504,0,0,136982528,0,126032453632,121167224832,0
1791583525.4273477,0.02944735437631607,136994816,0,0,85017493504,0,0,136994816,0,126032654336,121167224832,0
1791583525.624103,0.026117639616131783,137007104,0,0,85017493504,0,0,137007104,0,126032748544,121167224832,0
1791583525.8227756,0.024708691984415054,137007104,0,0,85017493504,0,0,137007104,0,126032568320,121167224832,0
1791583526.041274,0.04312537610530853,295800832,0,0,85017493504,130924544,0,164876288,0,126191972352,121167220736,0
1791583526.2422059,0.043975651264190674,481255424,0,0,85017493504,317132800,0,164122624,0,126377594880,121167220736,0
1791583526.4440377,0.04572339728474617,666791936,0,0,85017493504,506540032,0,160251904,0,126564057088,121167220736,0
1791583526.648903,0.05049746111035347,852049920,0,0,85017493504,691240960,0,160808960,0,126749626368,121167220736,0
1791583526.8472676,0.04878258891403675,1032687616,0,0,85017493504,873259008,0,159428608,0,126930591744,121167220736,0
1791583527.0503416,0.05177569203078747,1216987136,0,0,85017493504,1057075200,0,159911936,0,127115223040,121167220736,0
1791583527.2538562,0.05520728789269924,1405018112,0,0,85017493504,1244971008,0,160047104,0,127303192576,121167220736,0
1791583527.4591599,0.06042768806219101,1583767552,0,0,85017493504,1422110720,0,161656832,0,127482322944,121167220736,0
1791583527.663711,0.06489508040249348,1768603648,0,0,85017493504,1607491584,0,161112064,0,127667736576,121167220736,0
1791583527.8705935,0.07169419527053833,1955897344,0,0,85017493504,1791844352,0,164052992,0,127855259648,121167220736,0
1791583528.0756822,0.07670562155544758,2142203904,0,0,85017493504,1979183104,0,163020800,0,128042258432,121167220736,0
1791583528.2706506,0.07159596122801304,2319187968,0,0,85017493504,2159620096,0,159567872,0,128219557888,121167220736,0
1791583528.4796104,0.08047804795205593,2508525568,0,0,85017493504,2346876928,0,161648640,0,128409296896,121167220736,0
1791583528.6833742,0.08416285738348961,2687397888,0,0,85017493504,2528919552,0,158478336,0,128588087296,121167220736,0
1791583528.8764477,0.0771656446158886,2857680896,0,0,85017493504,2704207872,0,153473024,0,128758833152,121167220736,0
1791583529.0809147,0.08155804686248302,3048226816,0,0,85017493504,2886217728,0,162009088,0,128949772288,121167220736,0
1791583529.2870767,0.0876445434987545,3241426944,0,0,85017493504,3080237056,0,161189888,0,129141489664,121167220736,0
1791583529.4880865,0.08858480677008629,3429818368,0,0,85017493504,3269259264,0,160559104,0,129321172992,121167220736,0
1791583529.6884665,0.08889361470937729,3618328576,0,0,85017493504,3457531904,0,160796672,0,129508638720,121167220736,0
1791583529.8889542,0.08931503258645535,3806478336,0,0,85017493504,3645222912,0,161255424,0,129696874496,121167220736,0
1791583530.0821254,0.0824215654283762,3987292160,0,0,85017493504,3826458624,0,160833536,0,129878327296,121167220736,0
1791583530.2915056,0.09173653088510036,4183347200,0,0,85017493504,4022562816,0,160784384,0,130074644480,121167220736,0
1791583530.4834335,0.083583889529109,4362694656,0,0,85017493504,4202405888,0,160288768,0,130254110720,121167220736,0
1791583530.681795,0.08188147842884064,4547182592,0,0,85017493504,4385705984,0,161476608,0,130438545408,121167220736,0
1791583530.9005592,0.10058133117854595,4751724544,0,0,85017493504,4592074752,0,159649792,0,130643791872,121167220736,0
1791583531.1016676,0.10162463411688805,4940947456,0,0,85017493504,4780720128,0,160227328,0,130833408000,121167220736,0
1791583531.2993975,0.09928959421813488,5127102464,0,0,85017493504,4969263104,0,157839360,0,131020005376,121167220736,0
1791583531.5035834,0.10338855162262917,5318832128,0,0,85017493504,5158400000,0,160432128,0,131212161024,121167220736,0
1791583531.7077463,0.10748725198209286,5510459392,0,0,85017493504,5349965824,0,160493568,0,131404140544,121167216640,0
1791583531.9104311,0.11010895855724812,5700567040,0,0,85017493504,5539844096,0,160722944,0,131595137024,121167216640,0
1791583532.1004534,0.10006937570869923,5878939648,0,0,85017493504,5718597632,0,160342016,0,131773624320,121167216640,0
1791583532.3154845,0.11503333784639835,6081855488,0,0,85017493504,5922889728,0,158965760,0,131976646656,121167216640,0
1791583532.5097787,0.10924810543656349,6263529472,0,0,85017493504,6101921792,0,161607680,0,132159180800,121167216640,0
1791583532.7188065,0.11820985190570354,6459006976,0,0,85017493504,6299910144,0,159096832,0,132354732032,121167216640,0
1791583532.9113734,0.11071128770709038,6638141440,0,0,85017493504,6476984320,0,161157120,0,132533465088,121167216640,0
1791583533.1293643,0.12863796763122082,6842028032,0,0,85017493504,6679883776,0,162144256,0,132738027520,121167216640,0
1791583533.3296561,0.1288660168647766,7029571584,0,0,85017493504,6870528000,0,159043584,0,132925812736,121167216640,0
1791583533.5344417,0.1335854921489954,7221350400,0,0,85017493504,7061286912,0,160063488,0,133118033920,121167216640,0
1791583533.737348,0.13642691262066364,7413510144,0,0,85017493504,7253442560,0,160067584,0,133310529536,121167216640,0
1791583533.939924,0.13893910497426987,7606607872,0,0,85017493504,7446482944,0,160124928,0,133504077824,121167216640,0
1791583534.1266363,0.1255878210067749,7784906752,0,0,85017493504,7621939200,0,162967552,0,133682671616,121167216640,0
1791583534.3447897,0.14367587305605412,7993270272,0,0,85017493504,7833776128,0,159494144,0,133891670016,121167216640,0
1791583534.531137,0.12994222715497017,8169553920,0,0,85017493504,8007217152,0,162336768,0,134068428800,121167216640,0
1791583534.7509377,0.14967812597751617,8379019264,0,0,85017493504,8219602944,0,159416320,0,134277947392,121167216640,0
1791583534.9349647,0.13364235498011112,8553254912,0,0,85017493504,8390569984,0,162684928,0,134452514816,121167216640,0
1791583535.1592174,0.15783023089170456,8766541824,0,0,85017493504,8605958144,0,160583680,0,134666612736,121167216640,0
1791583535.362726,0.16127294301986694,8960380928,0,0,85017493504,8801153024,0,159227904,0,134860759040,121167216640,0
1791583535.5648258,0.16330826096236706,9148805120,0,0,85017493504,8989818880,0,158986240,0,135049592832,121167216640,0
1791583535.768226,0.1666422002017498,9343504384,0,0,85017493504,9184530432,0,158973952,0,135244988416,121167216640,0
1791583535.9722145,0.17056522704660892,9538129920,0,0,85017493504,9378406400,0,159723520,0,135439798272,121167216640,0
1791583536.1497033,0.14799297973513603,9706639360,0,0,85017493504,9544024064,0,162615296,0,135608692736,121167216640,0
1791583536.3759992,0.17422457598149776,9920581632,0,0,85017493504,9761779712,0,158801920,0,135822848000,121167216640,0
1791583536.5533886,0.15155229344964027,10087477248,0,0,85017493504,9926529024,0,160948224,0,135990091776,121167216640,0
1791583536.7876523,0.18575122766196728,10298396672,0,0,85017493504,10141036544,0,157360128,0,136201457664,121167216640,0
1791583536.9574058,0.1554415039718151,10454798336,0,0,85017493504,10296225792,0,158572544,0,136358305792,121167216640,0
1791583537.190859,0.1888305526226759,10668969984,0,0,85017493504,10506399744,0,162570240,0,136573087744,121167216640,0
1791583537.395852,0.19376206398010254,10864136192,0,0,85017493504,10702286848,0,161849344,0,136768995328,121167216640,0
1791583537.597868,0.1957156490534544,11056537600,0,0,85017493504,10896171008,0,160366592,0,136961462272,121167216640,0
1791583537.8002748,0.19808967225253582,11249291264,0,0,85017493504,11089670144,0,159621120,0,137154744320,121167216640,0
1791583538.004191,0.20194373466074467,11442950144,0,0,85017493504,11282878464,0,160071680,0,137348546560,121167216640,0
1791583538.1748893,0.170547591522336,11603808256,0,0,85017493504,11442524160,0,161284096,0,137509859328,121167216640,0
1791583538.411583,0.2071746215224266,11828301824,0,0,85017493504,11665620992,0,162680832,0,137734615040,121167216640,0
1791583538.6208622,0.20911661721765995,12025114624,0,0,85017493504,11865059328,0,160055296,0,137931788288,121167212544,0
1791583538.8017745,0.18076199479401112,12193583104,0,0,85017493504,12032016384,0,161566720,0,138100326400,121167212544,0
1791583539.0373058,0.21623088419437408,12409147392,0,0,85017493504,12249264128,0,159883264,0,138316423168,121167212544,0
1791583539.2577872,0.2203306145966053,12616896512,0,0,85017493504,12457058304,0,159838208,0,138524651520,121167212544,0
1791583539.4860585,0.22812043689191341,12835143680,0,0,85017493504,12674985984,0,160157696,0,138742546432,121167212544,0
1791583539.718406,0.23222165368497372,13053423616,0,0,85017493504,12893093888,0,160329728,0,138961158144,121167212544,0
1791583539.9530427,0.23448491096496582,13274251264,0,0,85017493504,13114093568,0,160157696,0,139182505984,121167212544,0
1791583540.1510198,0.19783359952270985,13458534400,0,0,85017493504,13297053696,0,161480704,0,139373699072,121167212544,0
1791583540.325805,0.1725570298731327,13621698560,0,0,85017493504,13462450176,0,159248384,0,139531501568,121167212544,0
1791583540.528744,0.17543328739702702,13811363840,0,0,85017493504,13649334272,0,162029568,0,139721646080,121167212544,0
1791583540.7981105,0.24473783187568188,14055940096,0,0,85017493504,13893967872,0,161972224,0,139966832640,121167212544,0
1791583541.0027668,0.20449675619602203,14246256640,0,0,85017493504,14083969024,0,162287616,0,140157140992,121167212544,0
1791583541.2529817,0.25006108172237873,14481809408,0,0,85017493504,14320758784,0,161050624,0,140393095168,121167212544,0
1791583541.5060928,0.2529532201588154,14725455872,0,0,85017493504,14565273600,0,160182272,0,140637212672,121167212544,0
1791583541.7642114,0.2579575851559639,14970101760,0,0,85017493504,14809296896,0,160804864,0,140882391040,121167212544,0
1791583542.0260513,0.26168729178607464,15217827840,0,0,85017493504,15058087936,0,159739904,0,141130649600,121167212544,0
1791583542.2526338,0.22644620202481747,15421751296,0,0,85017493504,15258148864,0,163602432,0,141334949888,121167212544,0
1791583542.5248451,0.27205860055983067,15663419392,0,0,85017493504,15500767232,0,162652160,0,141576916992,121167212544,0
1791583542.744668,0.2196701169013977,15869255680,0,0,85017493504,15709691904,0,159563776,0,141783052288,121167212544,0
1791583542.941172,0.19635045528411865,16052383744,0,0,85017493504,15893364736,0,159019008,0,141966630912,121167212544,0
1791583543.1455262,0.20064398273825645,16243068928,0,0,85017493504,16080302080,0,162766848,0,142157750272,121167212544,0
1791583543.4255447,0.2798651959747076,16507764736,0,0,85017493504,16346419200,0,161345536,0,142422806528,121167212544,0
1791583543.7116752,0.28597270511090755,16781307904,0,0,85017493504,16619048960,0,162258944,0,142697099264,121167212544,0
1791583544.0026355,0.2908046431839466,17056702464,0,0,85017493504,16896356352,0,160346112,0,142971965440,121167212544,0
1791583544.2489033,0.246121509000659,17287532544,0,0,85017493504,17126318080,0,161214464,0,143202967552,121167212544,0
1791583544.5518446,0.30275916308164597,17569976320,0,0,85017493504,17410060288,0,159916032,0,143485739008,121167212544,0
1791583544.7663922,0.214396758005023,17771319296,0,0,85017493504,17612075008,0,159244288,0,143687589888,121167212544,0
1791583545.0006893,0.23415540903806686,17990664192,0,0,85017493504,17814384640,0,176279552,0,143923847168,121167212544,0
1791583545.2315793,0.2307429350912571,18197671936,0,0,85017493504,18030587904,0,167084032,0,144115134464,121167212544,0
1791583545.5476243,0.3158974349498749,18485997568,0,0,85017493504,18324385792,0,161611776,0,144404086784,121167212544,0
1791583545.869822,0.3220375534147024,18789122048,0,0,85017493504,18627031040,0,162091008,0,144707747840,121167212544,0
1791583546.1957731,0.3257990647107363,19090620416,0,0,85017493504,18928906240,0,161714176,0,145010348032,121167212544,0
1791583546.524293,0.3283680956810713,19403354112,0,0,85017493504,19243945984,0,159408128,0,145322901504,121167212544,0
1791583546.8001397,0.27570425905287266,19648602112,0,0,85017493504,19488968704,0,159633408,0,145568518144,121167212544,0
1791583547.0400486,0.23975097574293613,19871625216,0,0,85017493504,19710427136,0,161198080,0,145792430080,121167208448,0
1791583547.3834012,0.34321519173681736,20191617024,0,0,85017493504,20032188416,0,159428608,0,146113331200,121167208448,0
1791583547.7331924,0.3496448192745447,20516872192,0,0,85017493504,20356460544,0,160411648,0,146439004160,121167208448,0
1791583548.0877056,0.35436565801501274,20841738240,0,0,85017493504,20681834496,0,159903744,0,146764185600,121167208448,0
1791583548.3769917,0.28914386592805386,21113139200,0,0,85017493504,20953997312,0,159141888,0,147036377088,121167208448,0
1791583548.6322541,0.2551230676472187,21352386560,0,0,85017493504,21192249344,0,160137216,0,147276320768,121167208448,0
1791583548.888443,0.25604909285902977,21581770752,0,0,85017493504,21430595584,0,151175168,0,147505422336,121167208448,0
1791583549.1541865,0.2656085789203644,21727186944,0,0,85017493504,21575036928,0,152150016,0,147651514368,121167208448,0
1791583549.5278656,0.3735328558832407,22052388864,0,0,85017493504,21894266880,0,158121984,0,147977703424,121167208448,0
1791583549.9060767,0.37805972807109356,22408257536,0,0,85017493504,22246768640,0,161488896,0,148334051328,121167208448,0
1791583550.2905219,0.3843377698212862,22770638848,0,0,85017493504,22609072128,0,161566720,0,148697505792,121167204352,0
1791583550.682735,0.3920674752444029,23133560832,0,0,85017493504,22970806272,0,162754560,0,149060829184,121167204352,0
1791583551.0007765,0.31790001317858696,23433867264,0,0,85017493504,23272050688,0,161816576,0,149362110464,121167204352,0
1791583551.3991876,0.3982665594667196,23812489216,0,0,85017493504,23650918400,0,161570816,0,149741371392,121167204352,0
1791583551.8018694,0.4025334008038044,24194891776,0,0,85017493504,24034996224,0,159895552,0,150124175360,121167204352,0
1791583552.2118447,0.40982512570917606,24583847936,0,0,85017493504,24422932480,0,160915456,0,150514061312,121167204352,0
1791583552.5441303,0.33214674331247807,24896999424,0,0,85017493504,24736100352,0,160899072,0,150827704320,121167204352,0
1791583552.8375568,0.29328035563230515,25174138880,0,0,85017493504,25014427648,0,159711232,0,151105409024,121167204352,0
1791583553.1337705,0.29607548750936985,25448669184,0,0,85017493504,25286586368,0,162082816,0,151380525056,121167204352,0
1791583553.564582,0.43066423386335373,25846784000,0,0,85017493504,25683632128,0,163151872,0,151779332096,121167204352,0
1791583554.0008013,0.4360735695809126,26259021824,0,0,85017493504,26095812608,0,163209216,0,152192278528,121167204352,0
1791583554.352735,0.351794371381402,26590859264,0,0,85017493504,26431619072,0,159240192,0,152525008896,121167204352,0
1791583554.662658,0.30978563241660595,26882957312,0,0,85017493504,26722377728,0,160579584,0,152818077696,121167204352,0
1791583554.9715767,0.3087780475616455,27174260736,0,0,85017493504,27015028736,0,159232000,0,153109921792,121167204352,0
1791583555.2850587,0.31333762034773827,27469828096,0,0,85017493504,27308769280,0,161058816,0,153406468096,121167204352,0
1791583555.743742,0.45855280943214893,27905429504,0,0,85017493504,27743678464,0,161751040,0,153842479104,121167204352,0
1791583556.2104216,0.4665362313389778,28347445248,0,0,85017493504,28185772032,0,161673216,0,154285228032,121167204352,0
1791583556.5899773,0.3794120363891125,28700434432,0,0,85017493504,28542287872,0,158146560,0,154638684160,121167204352,0
1791583557.066404,0.47627981938421726,29151772672,0,0,85017493504,28989882368,0,161890304,0,155090960384,121167204352,0
1791583557.5494325,0.4828831721097231,29610598400,0,0,85017493504,29449584640,0,161013760,0,155550609408,121167204352,0
1791583558.0387914,0.48921170458197594,30075838464,0,0,85017493504,29915541504,0,160296960,0,156016787456,121167204352,0
1791583558.445183,0.40624755062162876,30449598464,0,0,85017493504,30287130624,0,162467840,0,156391280640,121167204352,0
1791583558.7941985,0.3488741908222437,30779310080,0,0,85017493504,30615990272,0,163319808,0,156721594368,121167204352,0
1791583559.301755,0.5074015539139509,31261188096,0,0,85017493504,31099195392,0,161992704,0,157204561920,121167200256,0
1791583559.817296,0.5153955351561308,31750766592,0,0,85017493504,31589220352,0,161546240,0,157694971904,121167200256,0
1791583560.3390708,0.5216303952038288,32220176384,0,0,85017493504,32060768256,0,159408128,0,158165184512,121167200256,0
1791583560.7679987,0.4288077875971794,32619110400,0,0,85017493504,32460328960,0,158781440,0,158565036032,121167200256,0
1791583561.1384852,0.3703482709825039,32969744384,0,0,85017493504,32808103936,0,161640448,0,158916190208,121167200256,0
1791583561.6772268,0.5385932791978121,33477222400,0,0,85017493504,33321607168,0,155615232,0,159425069056,121167200256,0
1791583562.2226195,0.5452457815408707,33990676480,0,0,85017493504,33829744640,0,160931840,0,159938998272,121167200256,0
1791583562.7804794,0.55771204829216,34521210880,0,0,85017493504,34360987648,0,160223232,0,160470487040,121167200256,0
1791583563.2369788,0.45635684207081795,34951716864,0,0,85017493504,34788052992,0,163663872,0,160902234112,121167200256,0
1791583563.8055685,0.568440530449152,35478224896,0,0,85017493504,35316363264,0,161861632,0,161429741568,121167200256,0
1791583564.3799326,0.5742174834012985,36014514176,0,0,85017493504,35854348288,0,160165888,0,161967202304,121167200256,0
1791583564.851049,0.4709745142608881,36459503616,0,0,85017493504,36299206656,0,160296960,0,162413035520,121167200256,0
1791583565.257694,0.40650738030672073,36843032576,0,0,85017493504,36683673600,0,159358976,0,162797748224,121167200256,0
1791583565.6716387,0.41380287520587444,37223534592,0,0,85017493504,37063516160,0,160018432,0,163179204608,121167200256,0
1791583566.2678874,0.5960998963564634,37779005440,0,0,85017493504,37619105792,0,159899648,0,163735306240,121167200256,0
1791583566.7606623,0.49263177067041397,38243983360,0,0,85017493504,38082719744,0,161263616,0,164201193472,121167200256,0
1791583567.1862707,0.4254691153764725,38646022144,0,0,85017493504,38483734528,0,162287616,0,164604071936,121167200256,0
1791583567.8049228,0.6184985209256411,39212023808,0,0,85017493504,39051010048,0,161013760,0,165170872320,121167200256,0
1791583568.432972,0.6279056388884783,39808548864,0,0,85017493504,39647244288,0,161304576,0,165768638464,121167200256,0
1791583569.0749283,0.6418107636272907,40410406912,0,0,85017493504,40248999936,0,161406976,0,166371835904,121167200256,0
1791583569.7260234,0.65094880387187,41022447616,0,0,85017493504,40861167616,0,161280000,0,166985003008,121167200256,0
1791583570.3912861,0.6651174053549767,41654611968,0,0,85017493504,41493737472,0,160874496,0,167619260416,121167200256,0
1791583570.9414566,0.5500296130776405,42150322176,0,0,85017493504,41987338240,0,162983936,0,168115494912,121167200256,0
1791583571.615304,0.6736978385597467,42793398272,0,0,85017493504,42631557120,0,161841152,0,168759947264,121167200256,0
1791583572.3012104,0.6857539042830467,43434369024,0,0,85017493504,43273318400,0,161050624,0,169401683968,121167200256,0
1791583572.867757,0.5664011556655169,43958329344,0,0,85017493504,43796656128,0,161673216,0,169927094272,121167200256,0
1791583573.3530133,0.48510979302227497,44415037440,0,0,85017493504,44251422720,0,163614720,0,170383958016,121167200256,0
1791583574.0689812,0.7158185131847858,45087711232,0,0,85017493504,44926705664,0,161005568,0,171057991680,121167200256,0
1791583574.656202,0.5870749112218618,45619310592,0,0,85017493504,45460418560,0,158892032,0,171590373376,121167200256,0
1791583575.1503367,0.4939827285706997,46086397952,0,0,85017493504,45926916096,0,159481856,0,172058468352,121167200256,0
1791583575.6785808,0.5280969701707363,46586482688,0,0,85017493504,46398644224,0,187838464,0,172559364096,121167200256,0
1791583576.4210021,0.7422693446278572,47275933696,0,0,85017493504,47117303808,0,158629888,0,173250060288,121167200256,0
1791583577.2592814,0.838128823786974,48059105280,0,0,85017493504,47688753152,0,370352128,0,174034370560,121167200256,0
1791583578.044649,0.7852142807096243,48766574592,0,0,85017493504,48604831744,0,161742848,0,174743461888,121167200256,0
1791583578.68629,0.6414772607386112,49354956800,0,0,85017493504,49186992128,0,167964672,0,175333249024,121167196160,0
1791583579.2429643,0.5565343182533979,49846272000,0,0,85017493504,49683623936,0,162648064,0,175825276928,121167196160,0
1791583580.038745,0.7956215683370829,50600734720,0,0,85017493504,50440171520,0,160563200,0,176581894144,121167192064,0
1791583580.6897984,0.650905529037118,51206914048,0,0,85017493504,51045085184,0,161828864,0,177189330944,121167192064,0
1791583581.2512052,0.5612579882144928,51717931008,0,0,85017493504,51557494784,0,160436224,0,177701609472,121167192064,0
1791583581.8034792,0.5521211009472609,52235853824,0,0,85017493504,52076736512,0,159117312,0,178220486656,121167192064,0
1791583582.3707976,0.5671679619699717,52760338432,0,0,85017493504,52597485568,0,162852864,0,178745925632,121167192064,0
1791583583.2060995,0.8351516220718622,53547667456,0,0,85017493504,53384900608,0,162766848,0,179534569472,121167192064,0
1791583584.0498798,0.8436181135475636,54351884288,0,0,85017493504,54190534656,0,161349632,0,180340391936,121167192064,0
1791583584.7500758,0.7000423483550549,54994759680,0,0,85017493504,54834896896,0,159862784,0,180984840192,121167192064,0
1791583585.337663,0.5874754171818495,55544913920,0,0,85017493504,55384928256,0,159985664,0,181535805440,121167192064,0
1791583585.943504,0.6056965328752995,56093106176,0,0,85017493504,55932411904,0,160694272,0,182084317184,121167192064,0
1791583586.8310287,0.8873636703938246,56928948224,0,0,85017493504,56767385600,0,161562624,0,182922108928,121167192064,0
1791583587.5650723,0.7338883318006992,57604255744,0,0,85017493504,57442930688,0,161325056,0,183598989312,121167192064,0
1791583588.281575,0.7163824271410704,58270687232,0,0,85017493504,58019602432,0,251084800,0,184266244096,121167192064,0
1791583589.276837,0.9951107408851385,59193737216,0,0,85017493504,58688376832,0,505360384,0,185191092224,121167192064,0
1791583590.4348764,1.1578889433294535,60275888128,0,0,85017493504,59900227584,0,375660544,0,186276478976,121167192064,0
1791583591.2067032,0.7716822661459446,60977270784,0,0,85017493504,60818108416,0,159162368,0,186978566144,121167192064,0
1791583592.2359142,1.0290622189640999,61533589504,0,1048576,85017493504,61394554880,0,140083200,0,187527688192,121167183872,0
1791583593.0868995,0.8508526980876923,61534179328,0,4194304,85014347776,61394554880,0,143818752,0,187527995392,121167183872,0
1791583593.7916806,0.7046296708285809,61592932352,0,23068672,84995473408,61394554880,0,221446144,0,187528282112,121167183872,0
1791583595.08429,1.292455431073904,61595607040,0,24117248,84994424832,61394554880,0,225169408,0,187528929280,121167183872,0
1791583595.8074539,0.723023122176528,61598228480,0,24117248,84994424832,61394554880,0,227790848,0,187529543680,121167183872,0
1791583596.6774042,0.8698017951101065,61632819200,0,32505856,84986036224,61394554880,0,,1,187547140096,121167179776,0
1791583597.446266,0.7687255255877972,61632999424,0,61741203456,23277338624,61394554880,0,,1,187547234304,121167179776,0
1791583598.1311355,0.684726670384407,61632999424,0,61741203456,23277338624,61394554880,61394690560,584957440,0,187547058176,121167179776,0
1791583598.7808917,0.649545082822442,61632999424,0,61741203456,23277338624,61394554880,61394690560,584957440,0,187547148288,121167179776,0
1791583599.4319272,0.6508809886872768,61632999424,0,61741203456,23277338624,61394554880,61394690560,584957440,0,187547082752,121167179776,0
1791583600.36817,0.9360862597823143,61632999424,0,61741203456,23277338624,61394554880,61394690560,584957440,0,187547209728,121167179776,0
1791583601.023565,0.6552441287785769,61632999424,0,61741203456,23277338624,61394554880,61394690560,584957440,0,187546931200,121167179776,0
1791583601.6753142,0.6515934076160192,61632999424,0,61741203456,23277338624,61394554880,61394690560,584957440,0,187546992640,121167179776,0
1791583602.3319468,0.6564796380698681,61632999424,0,61741203456,23277338624,61394554880,61394690560,584957440,0,187547045888,121167179776,0
1791583603.597732,1.2656278610229492,61633003520,0,61741203456,23277338624,61394554880,61394690560,584961536,0,187546849280,121167179776,0
1791583604.3363354,0.7384391259402037,61633003520,0,61741203456,23277338624,61394554880,61394690560,584961536,0,187547205632,121167175680,0
1791583604.9913328,0.6548449993133545,61633003520,0,61741203456,23277338624,61394554880,61394690560,584961536,0,187554426880,121167175680,0
1791583605.640913,0.649424122646451,61633003520,0,61741203456,23277338624,61394554880,61394690560,584961536,0,187547889664,121167175680,0
1791583606.337567,0.6965014897286892,61633007616,0,61741203456,23277338624,61394554880,61394690560,584965632,0,187546824704,121167175680,0
1791583607.3000488,0.9623329564929008,61633015808,0,61741203456,23277338624,61394554880,61394690560,584973824,0,187547250688,121167175680,0
1791583607.9709556,0.6706943921744823,61633015808,0,61741203456,23277338624,61394554880,61394690560,584973824,0,187547058176,121167175680,0
1791583608.7388885,0.7677827086299658,61633015808,0,61741203456,23277338624,61394554880,61394690560,584973824,0,187546886144,121167175680,0
1791583609.4777083,0.7386660370975733,61633015808,0,61741203456,23277338624,61394554880,61394690560,584973824,0,187547160576,121167175680,0
1791583610.130879,0.6530150473117828,61633015808,0,61741203456,23277338624,61394554880,61394690560,584973824,0,187547488256,121167171584,0
1791583610.7824917,0.6514638178050518,61633015808,0,61741203456,23277338624,61394554880,61394690560,584973824,0,187547226112,121167171584,0
1791583611.6744692,0.8918242193758488,61633015808,0,61741203456,23277338624,61394554880,61394690560,584973824,0,187546845184,121167171584,0
1791583612.7293632,1.0547453369945288,61633015808,0,61741203456,23277338624,61394554880,61394690560,584973824,0,187546873856,121167171584,0
1791583613.3820837,0.6525671072304249,61633015808,0,61741203456,23277338624,61394554880,61394690560,584973824,0,187546910720,121167171584,0
1791583614.0384471,0.6562009323388338,61633015808,0,61741203456,23277338624,61394554880,61394690560,584973824,0,187547004928,121167171584,0
1791583614.6967216,0.6581266950815916,61633015808,0,61741203456,23277338624,61394554880,61394690560,584973824,0,187547066368,121167171584,0
1791583615.3787222,0.6818479150533676,61633015808,0,61741203456,23277338624,61394554880,61394690560,584973824,0,187547279360,121167171584,0
1791583616.1186924,0.7398176491260529,61633015808,0,61741203456,23277338624,61394554880,61394690560,584973824,0,187547226112,121167171584,0
1791583616.7941031,0.6752622872591019,61633015808,0,61741203456,23277338624,61394554880,61394690560,584973824,0,187547328512,121167171584,0
1791583617.446638,0.652377400547266,61633015808,0,61741203456,23277338624,61394554880,61394690560,584973824,0,187547013120,121167171584,0
1791583618.1119375,0.6651599165052176,61633015808,0,61741203456,23277338624,61394554880,61394690560,584973824,0,187547369472,121167171584,0
1791583618.7624927,0.6504176501184702,61633015808,0,61741203456,23277338624,61394554880,61394690560,584973824,0,187547451392,121167171584,0
1791583619.4450831,0.6824474893510342,61633015808,0,61741203456,23277338624,61394554880,61394690560,584973824,0,187547525120,121167171584,0
1791583620.098862,0.653623154386878,61633015808,0,61741203456,23277338624,61394554880,61394690560,584973824,0,187547799552,121167171584,0
1791583620.7533312,0.6543285474181175,61633015808,0,61741203456,23277338624,61394554880,61394690560,584973824,0,187547701248,121167171584,0
1791583621.4033663,0.6498772967606783,61635571712,0,61772660736,23245881344,61394554880,61394690560,618987008,0,187550179328,121167163392,0
1791583622.051915,0.6484082750976086,61653245952,0,64412975104,20605566976,61394554880,61394690560,3276975616,0,187567108096,121167163392,0
1791583622.7053578,0.6533011961728334,61653901312,0,65486716928,19531825152,61394554880,61394690560,4351372800,0,187567120384,121167163392,0
1791583623.3524892,0.6469802632927895,61653917696,0,65486716928,19531825152,61394554880,61394690560,4351389184,0,187566870528,121167159296,0
1791583624.0184512,0.6658212468028069,61653999616,0,65486716928,19531825152,61394554880,61394690560,4351471104,0,187567489024,121167159296,0
1791583624.6872149,0.668601680546999,61654142976,0,64412975104,20605566976,61394554880,61394690560,3277872640,0,187567927296,121167155200,0
1791583625.3399816,0.6526315677911043,61654253568,0,65486716928,19531825152,61394554880,61394690560,4351725056,0,187567689728,121167155200,0
1791583626.000697,0.6605759412050247,61654343680,0,65486716928,19531825152,61394554880,61394690560,4351815168,0,187567726592,121167155200,0
1791583626.6558506,0.6549340710043907,61654454272,0,65486716928,19531825152,61394554880,61394690560,4351925760,0,187567493120,121167155200,0
1791583627.304807,0.648808715865016,61654536192,0,64412975104,20605566976,61394554880,61394690560,3278265856,0,187567714304,121167151104,0
1791583627.9585729,0.6536308787763119,61654654976,0,65486716928,19531825152,61394554880,61394690560,4352126464,0,187567992832,121167151104,0
1791583628.6161997,0.6574702393263578,61654732800,0,65486716928,19531825152,61394554880,61394690560,4352204288,0,187567751168,121167151104,0
1791583629.2934835,0.6771433483809233,61654839296,0,65218281472,19800260608,61394554880,61394690560,4083875328,0,187568033792,121167151104,0
1791583629.948949,0.655325273051858,61654913024,0,64412975104,20605566976,61394554880,61394690560,3278642688,0,187568050176,121167151104,0
1791583630.603104,0.6539865154772997,61655027712,0,65486716928,19531825152,61394554880,61394690560,4352499200,0,187568529408,121167151104,0
1791583631.262849,0.6595833450555801,61655105536,0,65486716928,19531825152,61394554880,61394690560,4352577024,0,187568136192,121167147008,0
1791583631.9173417,0.6543580573052168,61655212032,0,65486716928,19531825152,61394554880,61394690560,4352683520,0,187568492544,121167147008,0
1791583632.5767672,0.659285943955183,61655293952,0,64412975104,20605566976,61394554880,61394690560,3279023616,0,187568504832,121167147008,0
1791583633.2615085,0.6846054643392563,61655343104,0,65486716928,19531825152,61394554880,61394690560,4352814592,0,187568799744,121167147008,0
1791583633.9666696,0.7050047684460878,61655355392,0,65486716928,19531825152,61394554880,61394690560,4352826880,0,187569049600,121167147008,0
1791583634.6552324,0.6884229928255081,61655359488,0,65486716928,19531825152,61394554880,61394690560,4352830976,0,187569041408,121167147008,0
1791583635.306317,0.6509374193847179,61655363584,0,65218281472,19800260608,61394554880,61394690560,4084399616,0,187569483776,121167138816,0
1791583635.9783638,0.6719085741788149,61655371776,0,64412975104,20605566976,61394554880,61394690560,3279101440,0,187568963584,121167138816,0
1791583636.646251,0.6677468791604042,61655375872,0,65486716928,19531825152,61394554880,61394690560,4352847360,0,187568197632,121167138816,0
1791583637.3102937,0.6639009714126587,61655384064,0,65486716928,19531825152,61394554880,61394690560,4352855552,0,187568467968,121167134720,0
1791583637.9748585,0.6644298508763313,61655384064,0,65218281472,19800260608,61394554880,61394690560,4084420096,0,187568558080,121167134720,0
1791583638.6399171,0.6649130284786224,61655388160,0,64412975104,20605566976,61394554880,61394690560,3279117824,0,187568455680,121167134720,0
1791583639.3095384,0.6694882195442915,61655396352,0,65486716928,19531825152,61394554880,61394690560,4352867840,0,187568185344,121167134720,0
1791583639.9613287,0.6516354717314243,61655400448,0,65486716928,19531825152,61394554880,61394690560,4352871936,0,187568513024,121167134720,0
1791583640.6136851,0.6522188652306795,61655404544,0,65486716928,19531825152,61394554880,61394690560,4352876032,0,187568607232,121167134720,0
1791583641.265944,0.652108944952488,61655412736,0,65218281472,19800260608,61394554880,61394690560,4084448768,0,187569401856,121167130624,0
1791583641.924934,0.65885597653687,61655416832,0,64412975104,20605566976,61394554880,61394690560,3279146496,0,187569192960,121167130624,0
1791583642.7607987,0.8357014153152704,61655425024,0,65486716928,19531825152,61394554880,61394690560,4352896512,0,187569147904,121167130624,0
1791583643.4819984,0.7210470922291279,61655429120,0,65486716928,19531825152,61394554880,61394690560,4352900608,0,187568955392,121167130624,0
1791583644.1343517,0.6521991733461618,61655433216,0,65218281472,19800260608,61394554880,61394690560,4084469248,0,187568951296,121167126528,0
1791583644.7888682,0.654379216954112,61655441408,0,64412975104,20605566976,61394554880,61394690560,3279171072,0,187569041408,121167126528,0
1791583645.4313774,0.6423576846718788,61655445504,0,65486716928,19531825152,61394554880,61394690560,4352916992,0,187569164288,121167122432,0
1791583646.077976,0.6464598700404167,61655445504,0,65486716928,19531825152,61394554880,61394690560,4352916992,0,187568144384,121167122432,0
1791583646.7209938,0.6428814027458429,61654376448,0,65486716928,19531825152,61394554880,61394690560,4351847936,0,187567915008,121167122432,0
1791583647.3617804,0.6406281851232052,61654437888,0,65218281472,19800260608,61394554880,61394690560,4083473920,0,187568271360,121167118336,0
1791583648.0077715,0.6458532400429249,61654515712,0,64412975104,20605566976,61394554880,61394690560,3278245376,0,187568287744,121167118336,0
1791583648.653739,0.6458133440464735,61654634496,0,65486716928,19531825152,61394554880,61394690560,4352105984,0,187568291840,121167118336,0
1791583649.3022926,0.6484021842479706,61654716416,0,65486716928,19531825152,61394554880,61394690560,4352187904,0,187568287744,121167118336,0
1791583649.9526908,0.6502557825297117,61654827008,0,65486716928,19531825152,61394554880,61394690560,4352298496,0,187568652288,121167118336,0
1791583650.5958366,0.6430053375661373,61654913024,0,65218281472,19800260608,61394554880,61394690560,4083949056,0,187568898048,121167118336,0
1791583651.240573,0.6445880960673094,61655023616,0,64412975104,20605566976,61394554880,61394690560,3278753280,0,187568865280,121167114240,0
1791583651.8843172,0.6436081435531378,61655109632,0,65486716928,19531825152,61394554880,61394690560,4352581120,0,187569065984,121167114240,0
1791583652.5263798,0.6419122479856014,61655220224,0,65486716928,19531825152,61394554880,61394690560,4352691712,0,187569086464,121167114240,0
1791583653.179706,0.6531891170889139,61655302144,0,65486716928,19531825152,61394554880,61394690560,4352773632,0,187569283072,121167114240,0
1791583653.823787,0.6439313944429159,61655351296,0,65218281472,19800260608,61394554880,61394690560,4084387328,0,187568934912,121167114240,0
1791583654.4730878,0.6491629425436258,61655359488,0,64412975104,20605566976,61394554880,61394690560,3279089152,0,187568963584,121167114240,0
1791583655.11357,0.6403278671205044,61655363584,0,65486716928,19531825152,61394554880,61394690560,4352835072,0,187569410048,121167114240,0
1791583655.7551441,0.6414198763668537,61655371776,0,65486716928,19531825152,61394554880,61394690560,4352843264,0,187569192960,121167110144,0
1791583656.4056947,0.6504026092588902,61655379968,0,65486716928,19531825152,61394554880,61394690560,4352851456,0,187569291264,121167110144,0
1791583657.0491204,0.643287681043148,61655384064,0,65218281472,19800260608,61394554880,61394690560,4084420096,0,187569381376,121167110144,0
1791583657.6894066,0.6401247028261423,61655392256,0,64412975104,20605566976,61394554880,61394690560,3279121920,0,187569471488,121167106048,0
1791583658.3439045,0.654363751411438,61655392256,0,65486716928,19531825152,61394554880,61394690560,4352863744,0,187569385472,121167106048,0
1791583658.9844222,0.6403479799628258,61655396352,0,65486716928,19531825152,61394554880,61394690560,4352867840,0,187569479680,121167106048,0
1791583659.6258104,0.6412494126707315,61655404544,0,65486716928,19531825152,61394554880,61394690560,4352876032,0,187569364992,121167106048,0
1791583660.2727363,0.6467765029519796,61655408640,0,65218281472,19800260608,61394554880,61394690560,4084444672,0,187569664000,121167101952,0
1791583660.915871,0.6429984495043755,61655412736,0,64412975104,20605566976,61394554880,61394690560,3279142400,0,187569868800,121167101952,0
1791583661.5618134,0.6457912232726812,61655420928,0,65486716928,19531825152,61394554880,61394690560,4352892416,0,187569946624,121167101952,0
1791583662.2039437,0.641975250095129,61655425024,0,65486716928,19531825152,61394554880,61394690560,4352896512,0,187569831936,121167097856,0
1791583662.8576136,0.653520355001092,61655433216,0,65486716928,19531825152,61394554880,61394690560,4352904704,0,187569881088,121167093760,0
1791583663.5002651,0.6425144430249929,61655437312,0,65218281472,19800260608,61394554880,61394690560,4084473344,0,187569569792,121167093760,0
1791583664.143842,0.6434361319988966,61655441408,0,64412975104,20605566976,61394554880,61394690560,3279171072,0,187569655808,121167093760,0
1791583664.78791,0.6439324151724577,61655449600,0,65486716928,19531825152,61394554880,61394690560,4352921088,0,187569729536,121167093760,0
1791583665.4358432,0.6477907206863165,61655453696,0,65486716928,19531825152,61394554880,61394690560,4352925184,0,187569913856,121167089664,0
1791583666.0788236,0.6428422536700964,61655453696,0,65486716928,19531825152,61394554880,61394690560,4352925184,0,187568422912,121167089664,0
1791583666.7203395,0.6413762141019106,61654384640,0,65218281472,19800260608,61394554880,61394690560,4083420672,0,187568435200,121167089664,0
1791583667.3682618,0.6477900985628366,61654446080,0,64412975104,20605566976,61394554880,61394690560,3278175744,0,187568795648,121167089664,0
1791583668.0093203,0.6409098114818335,61654523904,0,65486716928,19531825152,61394554880,61394690560,4351995392,0,187568599040,121167089664,0
1791583668.6518989,0.6424284148961306,61654642688,0,65486716928,19531825152,61394554880,61394690560,4352114176,0,187568951296,121167085568,0
1791583669.294525,0.6424879152327776,61654720512,0,65486716928,19531825152,61394554880,61394690560,4352192000,0,187568775168,121167085568,0
1791583669.9411554,0.6464932691305876,61654839296,0,65218281472,19800260608,61394554880,61394690560,4083875328,0,187569131520,121167085568,0
1791583670.58359,0.6422762479633093,61654925312,0,64412975104,20605566976,61394554880,61394690560,3278654976,0,187570098176,121167085568,0
1791583671.2275283,0.6438041124492884,61655035904,0,65486716928,19531825152,61394554880,61394690560,4352507392,0,187569741824,121167085568,0
1791583671.8748677,0.647184943780303,61655121920,0,65486716928,19531825152,61394554880,61394690560,4352593408,0,187570053120,121167081472,0
1791583672.5188768,0.643869437277317,61655232512,0,65486716928,19531825152,61394554880,61394690560,4352704000,0,187569872896,121167081472,0
1791583673.1676133,0.6485830396413803,61655314432,0,65218281472,19800260608,61394554880,61394690560,4084350464,0,187569803264,121167081472,0
1791583673.814637,0.6468897573649883,61655363584,0,64412975104,20605566976,61394554880,61394690560,3279093248,0,187569737728,121167081472,0
1791583674.457127,0.6423353292047977,61655371776,0,65486716928,19531825152,61394554880,61394690560,4352843264,0,187569618944,121167081472,0
1791583675.1084082,0.6511223148554564,61655375872,0,65486716928,19531825152,61394554880,61394690560,4352847360,0,187569528832,121167081472,0
1791583675.7504091,0.6418545488268137,61655379968,0,65486716928,19531825152,61394554880,61394690560,4352851456,0,187569426432,121167077376,0
1791583676.39302,0.6424667686223984,61655388160,0,65218281472,19800260608,61394554880,61394690560,4084424192,0,187569233920,121167077376,0
1791583677.0393019,0.6461382303386927,61655392256,0,64412975104,20605566976,61394554880,61394690560,3279121920,0,187569078272,121167077376,0
1791583677.6807399,0.6413011848926544,61655400448,0,65486716928,19531825152,61394554880,61394690560,4352871936,0,187569082368,121167077376,0
1791583678.3267055,0.6458163857460022,61655400448,0,65486716928,19531825152,61394554880,61394690560,4352871936,0,187569156096,121167073280,0
1791583678.9755173,0.648675324395299,61655404544,0,65486716928,19531825152,61394554880,61394690560,4352876032,0,187568963584,121167073280,0
1791583679.615895,0.640227111056447,61655412736,0,65218281472,19800260608,61394554880,61394690560,4084448768,0,187568906240,121167073280,0
1791583680.269562,0.6535311732441187,61655416832,0,64412975104,20605566976,61394554880,61394690560,3279146496,0,187569111040,121167073280,0
1791583680.9109051,0.6411951519548893,61655420928,0,65486716928,19531825152,61394554880,61394690560,4352892416,0,187569393664,121167073280,0
1791583681.5674036,0.6563344094902277,61655429120,0,65486716928,19531825152,61394554880,61394690560,4352900608,0,187569332224,121167069184,0
1791583682.21078,0.643237266689539,61655433216,0,65486716928,19531825152,61394554880,61394690560,4352904704,0,187569332224,121167065088,0
1791583682.868536,0.6576180458068848,61655441408,0,65218281472,19800260608,61394554880,61394690560,4084477440,0,187568345088,121167065088,0
1791583683.5533917,0.6847111098468304,61655445504,0,61997056000,23021486080,61394554880,61394690560,863256064,0,187568590848,121167065088,0
1791583684.2111075,0.6575765889137983,61655449600,0,65486716928,19531825152,61394554880,61394690560,4352921088,0,187568324608,121167065088,0
1791583684.8790855,0.6678260080516338,61655457792,0,65486716928,19531825152,61394554880,61394690560,4352929280,0,187568304128,121167065088,0
1791583685.5442734,0.6650702245533466,61655461888,0,65486716928,19531825152,61394554880,61394690560,4352933376,0,187568558080,121167060992,0
1791583686.1935422,0.6491256039589643,61655461888,0,65218281472,19800260608,61394554880,61394690560,4084497920,0,187567771648,121167056896,0
1791583686.8535442,0.6598656456917524,61654388736,0,64412975104,20605566976,61394554880,61394690560,3278118400,0,187567738880,121167056896,0
1791583687.4984844,0.6448003891855478,61654450176,0,65486716928,19531825152,61394554880,61394690560,4351921664,0,187567833088,121167056896,0
1791583688.1490188,0.6503944806754589,61654532096,0,65486716928,19531825152,61394554880,61394690560,4352003584,0,187567538176,121167056896,0
1791583688.7955236,0.6463686767965555,61654650880,0,65486716928,19531825152,61394554880,61394690560,4352122368,0,187568156672,121167052800,0
1791583689.4434748,0.6478151269257069,61654728704,0,65218281472,19800260608,61394554880,61394690560,4083764736,0,187568156672,121167052800,0
1791583690.0891538,0.645539615303278,61654847488,0,64412975104,20605566976,61394554880,61394690560,3278577152,0,187568709632,121167052800,0
1791583690.7359986,0.6467053759843111,61654933504,0,65486716928,19531825152,61394554880,61394690560,4352404992,0,187568861184,121167052800,0
1791583691.3890326,0.6528946068137884,61655056384,0,65486716928,19531825152,61394554880,61394690560,4352527872,0,187568877568,121167052800,0
1791583692.0408154,0.6516484841704369,61655142400,0,65486716928,19531825152,61394554880,61394690560,4352613888,0,187569147904,121167052800,0
1791583692.685968,0.6450096499174833,61655252992,0,65218281472,19800260608,61394554880,61394690560,4084289024,0,187569238016,121167048704,0
1791583693.3422136,0.656110592186451,61655334912,0,64412975104,20605566976,61394554880,61394690560,3279064576,0,187569512448,121167048704,0
1791583694.0068223,0.6644696239382029,61655384064,0,65486716928,19531825152,61394554880,61394690560,4352855552,0,187569635328,121167048704,0
1791583694.662738,0.6557760760188103,61655392256,0,65486716928,19531825152,61394554880,61394690560,4352863744,0,187569737728,121167048704,0
1791583695.3079941,0.6451204214245081,61655396352,0,65486716928,19531825152,61394554880,61394690560,4352867840,0,187569729536,121167048704,0
1791583695.9594069,0.6512800734490156,61655400448,0,65218281472,19800260608,61394554880,61394690560,4084436480,0,187569598464,121167048704,0
1791583696.6093192,0.6497544217854738,61655408640,0,64412975104,20605566976,61394554880,61394690560,3279138304,0,187569577984,121167044608,0
1791583697.2588139,0.6493596229702234,61655412736,0,65486716928,19531825152,61394554880,61394690560,4352884224,0,187569307648,121167044608,0
1791583697.9320633,0.6731074564158916,61655420928,0,65486716928,19531825152,61394554880,61394690560,4352892416,0,187568934912,121167044608,0
1791583698.5970004,0.664814131334424,61655420928,0,65218281472,19800260608,61394554880,61394690560,4084456960,0,187568943104,121167044608,0
1791583699.270904,0.6737642399966717,61655425024,0,64412975104,20605566976,61394554880,61394690560,3279154688,0,187568676864,121167040512,0
1791583699.937632,0.6665906105190516,61655433216,0,65486716928,19531825152,61394554880,61394690560,4352904704,0,187568758784,121167040512,0
1791583700.5835514,0.6457720287144184,61655437312,0,65486716928,19531825152,61394554880,61394690560,4352908800,0,187568836608,121167036416,0
1791583701.2384143,0.6547287497669458,61655441408,0,65486716928,19531825152,61394554880,61394690560,4352912896,0,187569106944,121167036416,0
1791583701.8882017,0.6495136506855488,61655449600,0,65218281472,19800260608,61394554880,61394690560,4084485632,0,187569078272,121167036416,0
1791583702.543583,0.6552431341260672,61655453696,0,64412975104,20605566976,61394554880,61394690560,3279183360,0,187568590848,121167036416,0
1791583703.1959321,0.6521328445523977,61655461888,0,65486716928,19531825152,61394554880,61394690560,4352933376,0,187568963584,121167036416,0
1791583703.8404238,0.6443502455949783,61655465984,0,65486716928,19531825152,61394554880,61394690560,4352937472,0,187569160192,121167032320,0
1791583704.4977276,0.6571671850979328,61655470080,0,65486716928,19531825152,61394554880,61394690560,4352941568,0,187569111040,121167032320,0
1791583705.1462893,0.6484273876994848,61655478272,0,65218281472,19800260608,61394554880,61394690560,4084514304,0,187569475584,121167032320,0
1791583705.801001,0.6545591745525599,61655482368,0,64412975104,20605566976,61394554880,61394690560,3279212032,0,187569537024,121167032320,0
1791583706.455119,0.6539771500974894,61655482368,0,65486716928,19531825152,61394554880,61394690560,4352953856,0,187568230400,121167032320,0
1791583707.1044505,0.649175887927413,61654409216,0,65486716928,19531825152,61394554880,61394690560,4351880704,0,187568238592,121167028224,0
1791583707.7684278,0.6638362389057875,61654470656,0,65486716928,19531825152,61394554880,61394690560,4351942144,0,187568123904,121167028224,0
1791583708.4227278,0.6541481222957373,61654548480,0,65218281472,19800260608,61394554880,61394690560,4083584512,0,187567980544,121167028224,0
1791583709.082213,0.6593511812388897,61654667264,0,64412975104,20605566976,61394554880,61394690560,3278396928,0,187568816128,121167028224,0
1791583709.7401862,0.6578261982649565,61654745088,0,65486716928,19531825152,61394554880,61394690560,4352216576,0,187568730112,121167028224,0
1791583710.40554,0.665206016972661,61654863872,0,65486716928,19531825152,61394554880,61394690560,4352335360,0,187568582656,121167020032,0
1791583711.07101,0.6653342992067337,61654945792,0,65218281472,19800260608,61394554880,61394690560,4083981824,0,187568599040,121167020032,0
1791583711.7379687,0.6668172013014555,61655056384,0,64412975104,20605566976,61394554880,61394690560,3278786048,0,187568869376,121167020032,0
1791583712.4134076,0.6752931773662567,61655142400,0,65486716928,19531825152,61394554880,61394690560,4352613888,0,187568459776,121167020032,0
1791583713.076706,0.6631617285311222,61655252992,0,65486716928,19531825152,61394554880,61394690560,4352724480,0,187568812032,121167015936,0
1791583713.7417994,0.6649530008435249,61655339008,0,65218281472,19800260608,61394554880,61394690560,4084375040,0,187569192960,121167015936,0
1791583714.3996987,0.657757056877017,61655388160,0,64412975104,20605566976,61394554880,61394690560,3279117824,0,187568898048,121167015936,0
1791583715.0536003,0.6537626888602972,61655392256,0,65486716928,19531825152,61394554880,61394690560,4352863744,0,187569463296,121167015936,0
1791583715.711977,0.6582224052399397,61655396352,0,65486716928,19531825152,61394554880,61394690560,4352867840,0,187569147904,121167015936,0
1791583716.374075,0.6619551200419664,61655400448,0,65486716928,19531825152,61394554880,61394690560,4352871936,0,187569463296,121167015936,0
1791583717.031575,0.6573896370828152,61655408640,0,64412975104,20605566976,61394554880,61394690560,3279138304,0,187569037312,121167011840,0
1791583717.6931825,0.6614660434424877,61655412736,0,65486716928,19531825152,61394554880,61394690560,4352884224,0,187568783360,121167011840,0
1791583718.3488767,0.6555342078208923,61655416832,0,65486716928,19531825152,61394554880,61394690560,4352888320,0,187568766976,121167011840,0
1791583719.0082948,0.6592751611024141,61655416832,0,65486716928,19531825152,61394554880,61394690560,4352888320,0,187568824320,121167011840,0
1791583719.6710272,0.6625610869377851,61655420928,0,65218281472,19800260608,61394554880,61394690560,4084456960,0,187568812032,121167003648,0
1791583720.3297026,0.6585348751395941,61655429120,0,64412975104,20605566976,61394554880,61394690560,3279158784,0,187568988160,121167003648,0
1791583720.9991527,0.6692918613553047,61655433216,0,65486716928,19531825152,61394554880,61394690560,4352904704,0,187569221632,121167003648,0
1791583721.6557918,0.6564754247665405,61655437312,0,65486716928,19531825152,61394554880,61394690560,4352908800,0,187569352704,121167003648,0
1791583722.3228562,0.6669196002185345,61655445504,0,65218281472,19800260608,61394554880,61394690560,4084481536,0,187569438720,121167003648,0
1791583722.9786136,0.6556074675172567,61655449600,0,64412975104,20605566976,61394554880,61394690560,3279179264,0,187569270784,121167003648,0
1791583723.6248555,0.6460882239043713,61655453696,0,65486716928,19531825152,61394554880,61394690560,4352925184,0,187569360896,121166999552,0
1791583724.283521,0.6585257109254599,61655457792,0,65486716928,19531825152,61394554880,61394690560,4352929280,0,187569451008,121166999552,0
1791583724.9294019,0.645742392167449,61655461888,0,65486716928,19531825152,61394554880,61394690560,4352933376,0,187569733632,121166999552,0
1791583725.573954,0.6443989146500826,61655470080,0,65218281472,19800260608,61394554880,61394690560,4084506112,0,187569876992,121166999552,0
1791583726.2320495,0.6579570416361094,61655474176,0,64412975104,20605566976,61394554880,61394690560,3279203840,0,187569635328,121166999552,0
1791583726.874887,0.6427000034600496,61655474176,0,65486716928,19531825152,61394554880,61394690560,4352945664,0,187568648192,121166999552,0
1791583727.540984,0.6659554354846478,61654409216,0,65486716928,19531825152,61394554880,61394690560,4351880704,0,187568652288,121166995456,0
1791583728.2094257,0.6683019287884235,61654474752,0,65218281472,19800260608,61394554880,61394690560,4083510784,0,187569606656,121166995456,0
1791583728.8869858,0.6774193290621042,61654552576,0,64412975104,20605566976,61394554880,61394690560,3278282240,0,187569291264,121166995456,0
1791583729.5496821,0.6625529527664185,61654671360,0,65486716928,19531825152,61394554880,61394690560,4352142848,0,187569377280,121166991360,0
1791583730.1974826,0.6476592272520065,61654749184,0,65486716928,19531825152,61394554880,61394690560,4352220672,0,187569045504,121166987264,0
1791583730.8492258,0.6516059413552284,61654867968,0,65486716928,19531825152,61394554880,61394690560,4352339456,0,187569369088,121166987264,0
1791583731.4909525,0.6415745466947556,61654949888,0,65218281472,19800260608,61394554880,61394690560,4083985920,0,187569082368,121166987264,0
1791583732.1317158,0.6406282316893339,61655060480,0,64412975104,20605566976,61394554880,61394690560,3278790144,0,187569397760,121166987264,0
1791583732.7747304,0.6428668517619371,61655146496,0,65486716928,19531825152,61394554880,61394690560,4352617984,0,187569664000,121166987264,0
1791583733.415652,0.6407751068472862,61655257088,0,65486716928,19531825152,61394554880,61394690560,4352728576,0,187569487872,121166983168,0
1791583734.0618584,0.6460650470107794,61655343104,0,65486716928,19531825152,61394554880,61394690560,4352814592,0,187568824320,121166983168,0
1791583734.7225282,0.6605292484164238,61655388160,0,65218281472,19800260608,61394554880,61394690560,4084424192,0,187568865280,121166983168,0
1791583735.3700871,0.6474102381616831,61655392256,0,64412975104,20605566976,61394554880,61394690560,3279121920,0,187569094656,121166983168,0
1791583736.0273457,0.6571476235985756,61655400448,0,65486716928,19531825152,61394554880,61394690560,4352871936,0,187569188864,121166983168,0
1791583736.6745791,0.6470734588801861,61655404544,0,65486716928,19531825152,61394554880,61394690560,4352876032,0,187568779264,121166979072,0
1791583738.9259255,2.2512033246457577,61655412736,0,65218281472,19800260608,61394554880,61394690560,4084448768,0,187568726016,121166979072,0
1791583739.853306,0.9272481296211481,61655416832,0,62265491456,22753050624,61394554880,61394690560,1131662848,0,187568799744,121166979072,0
1791583740.6195984,0.7661408204585314,61655420928,0,65486716928,19531825152,61394554880,61394690560,4352892416,0,187568533504,121166970880,0
1791583741.5679317,0.9481892921030521,61655425024,0,65486716928,19531825152,61394554880,61394690560,4352896512,0,187568910336,121166970880,0
1791583742.5740187,1.0059442035853863,61655429120,0,65218281472,19800260608,61394554880,61394690560,4084465152,0,187568943104,121166970880,0
1791583743.329174,0.7549667805433273,61655437312,0,62802362368,22216179712,61394554880,61394690560,1668554240,0,187569029120,121166970880,0
1791583744.5880332,1.2587131969630718,61655441408,0,64412975104,20605566976,61394554880,61394690560,3279171072,0,187569102848,121166966784,0
1791583745.2302907,0.6421209033578634,61655441408,0,65486716928,19531825152,61394554880,61394690560,4352912896,0,187569721344,121166966784,0
1791583745.878776,0.6483385805040598,61655445504,0,65486716928,19531825152,61394554880,61394690560,4352916992,0,187569164288,121166966784,0
1791583746.520667,0.641745924949646,61655453696,0,65486716928,19531825152,61394554880,61394690560,4352925184,0,187569254400,121166966784,0
1791583747.164606,0.6437913924455643,61655457792,0,65218281472,19800260608,61394554880,61394690560,4084493824,0,187569078272,121166966784,0
1791583747.8124166,0.6476721484214067,61655461888,0,64412975104,20605566976,61394554880,61394690560,3279191552,0,187569451008,121166966784,0
1791583748.4534326,0.6408642586320639,61655465984,0,65486716928,19531825152,61394554880,61394690560,4352937472,0,187569545216,121166966784,0
1791583749.0985396,0.6449575405567884,61655470080,0,65486716928,19531825152,61394554880,61394690560,4352941568,0,187569618944,121166962688,0
1791583749.746344,0.647662315517664,61655478272,0,65486716928,19531825152,61394554880,61394690560,4352949760,0,187569979392,121166962688,0
1791583750.3900638,0.6435779593884945,61655482368,0,65218281472,19800260608,61394554880,61394690560,4084518400,0,187569971200,121166962688,0
1791583751.0387485,0.6485597733408213,61655482368,0,64412975104,20605566976,61394554880,61394690560,3279212032,0,187568676864,121166958592,0
1791583751.6873603,0.6484737899154425,61654413312,0,65486716928,19531825152,61394554880,61394690560,4351884800,0,187568881664,121166958592,0
1791583752.3308365,0.6433251425623894,61654478848,0,65486716928,19531825152,61394554880,61394690560,4351950336,0,187568771072,121166958592,0
1791583752.9800363,0.6490610204637051,61654556672,0,65486716928,19531825152,61394554880,61394690560,4352028160,0,187568979968,121166958592,0
1791583753.6201646,0.6399762779474258,61654675456,0,65218281472,19800260608,61394554880,61394690560,4083711488,0,187569049600,121166958592,0
1791583754.2712958,0.6509893927723169,61654753280,0,64412975104,20605566976,61394554880,61394690560,3278482944,0,187569324032,121166958592,0
1791583754.9143295,0.6428803354501724,61654872064,0,65486716928,19531825152,61394554880,61394690560,4352343552,0,187569340416,121166958592,0
1791583755.5599058,0.6454238910228014,61654953984,0,65486716928,19531825152,61394554880,61394690560,4352425472,0,187569885184,121166950400,0
1791583756.2079983,0.6479522045701742,61655064576,0,65486716928,19531825152,61394554880,61394690560,4352536064,0,187569500160,121166950400,0
1791583756.8510568,0.6429228596389294,61655150592,0,65218281472,19800260608,61394554880,61394690560,4084186624,0,187569647616,121166950400,0
1791583757.5044224,0.6532356347888708,61655261184,0,64412975104,20605566976,61394554880,61394690560,3278990848,0,187569344512,121166950400,0
1791583758.23031,0.725753540173173,61655347200,0,65486716928,19531825152,61394554880,61394690560,4352818688,0,187581116416,121166954496,0
1791583758.8854,0.6548121646046638,61655396352,0,65486716928,19531825152,61394554880,61394690560,4352867840,0,187581947904,121166843904,0
1791583759.5395575,0.6540154870599508,61655400448,0,65486716928,19531825152,61394554880,61394690560,4352871936,0,187571892224,121165520896,0
1791583760.1921322,0.6524276323616505,61655404544,0,65218281472,19800260608,61394554880,61394690560,4084440576,0,187571695616,121165455360,0
1791583760.8397577,0.6474764309823513,61655408640,0,64412975104,20605566976,61394554880,61394690560,3279138304,0,187571363840,121165451264,0
1791583761.4937046,0.6538094393908978,61655416832,0,65486716928,19531825152,61394554880,61394690560,4352888320,0,187571146752,121165451264,0
1791583762.1455767,0.6517283990979195,61655420928,0,65486716928,19531825152,61394554880,61394690560,4352892416,0,187571412992,121165451264,0
1791583762.8233392,0.6776230931282043,61655425024,0,65218281472,19800260608,61394554880,61394690560,4084461056,0,187571400704,121165451264,0
1791583763.4908283,0.6673467122018337,61655425024,0,62198382592,22820159488,61394554880,61394690560,1064562176,0,187571204096,121165451264,0
1791583764.773477,1.282498076558113,61655429120,0,64412975104,20605566976,61394554880,61394690560,3279158784,0,187571220480,121165451264,0
1791583765.4248133,0.651196138933301,61655429120,0,65486716928,19531825152,61394554880,61394690560,4352900608,0,187571552256,121165451264,0
1791583766.0822866,0.6573210153728724,61655437312,0,65486716928,19531825152,61394554880,61394690560,4352908800,0,187571163136,121165447168,0
1791583766.7390945,0.6566651575267315,61655441408,0,65486716928,19531825152,61394554880,61394690560,4352912896,0,187570810880,121165447168,0
1791583767.3874106,0.6481709741055965,61655445504,0,65218281472,19800260608,61394554880,61394690560,4084481536,0,187570798592,121165447168,0
1791583768.0474687,0.6599127184599638,61655453696,0,64412975104,20605566976,61394554880,61394690560,3279183360,0,187570905088,121165447168,0
1791583768.698469,0.65086261741817,61655457792,0,65486716928,19531825152,61394554880,61394690560,4352929280,0,187570970624,121165447168,0
1791583769.3586023,0.6599811017513275,61655461888,0,65486716928,19531825152,61394554880,61394690560,4352933376,0,187570745344,121165443072,0
1791583770.0090225,0.6502793468534946,61655465984,0,65486716928,19531825152,61394554880,61394690560,4352937472,0,187587072000,121165443072,0
1791583770.6632283,0.6540475841611624,61655470080,0,65218281472,19800260608,61394554880,61394690560,4084506112,0,187571089408,121165443072,0
1791583771.3184543,0.6550904177129269,61655478272,0,64412975104,20605566976,61394554880,61394690560,3279207936,0,187571081216,121165443072,0
1791583771.9682064,0.6496002562344074,61655482368,0,65486716928,19531825152,61394554880,61394690560,4352953856,0,187571171328,121165443072,0
1791583772.631783,0.663426736369729,61655482368,0,65486716928,19531825152,61394554880,61394690560,4352953856,0,187570434048,121165438976,0
1791583773.283139,0.651218194514513,61654417408,0,65486716928,19531825152,61394554880,61394690560,4351888896,0,187570339840,121165438976,0
1791583773.938078,0.6547937225550413,61654478848,0,65218281472,19800260608,61394554880,61394690560,4083514880,0,187570167808,121165438976,0
1791583774.590932,0.6527482941746712,61654556672,0,64412975104,20605566976,61394554880,61394690560,3278286336,0,187570446336,121165438976,0
1791583775.2431483,0.6520793810486794,61654679552,0,65486716928,19531825152,61394554880,61394690560,4352151040,0,187570393088,121165438976,0
1791583775.9065561,0.6632561404258013,61654757376,0,65486716928,19531825152,61394554880,61394690560,4352228864,0,187570368512,121165434880,0
1791583776.5597525,0.6530547067523003,61654876160,0,65486716928,19531825152,61394554880,61394690560,4352347648,0,187570266112,121165434880,0
1791583777.2158387,0.6559334043413401,61654953984,0,64412975104,20605566976,61394554880,61394690560,3278683648,0,187570438144,121165434880,0
1791583777.8731441,0.6571660116314888,61655072768,0,65486716928,19531825152,61394554880,61394690560,4352544256,0,187570757632,121165434880,0
1791583778.5460136,0.6727225389331579,61655171072,0,65486716928,19531825152,61394554880,61394690560,4352642560,0,187570421760,121165434880,0
1791583779.2500515,0.703895190730691,61655281664,0,65218281472,19800260608,61394554880,61394690560,4084317696,0,187570229248,121165434880,0
1791583779.9116411,0.6614552531391382,61655367680,0,64412975104,20605566976,61394554880,61394690560,3279097344,0,187570405376,121165430784,0
1791583780.5803483,0.6685678530484438,61655412736,0,65486716928,19531825152,61394554880,61394690560,4352884224,0,187570339840,121165426688,0
1791583781.231859,0.6513649560511112,61655420928,0,65486716928,19531825152,61394554880,61394690560,4352892416,0,187570384896,121165426688,0
1791583781.8832428,0.6512400396168232,61655429120,0,65486716928,19531825152,61394554880,61394690560,4352900608,0,187570409472,121165422592,0
1791583782.5424588,0.6590738669037819,61655433216,0,65218281472,19800260608,61394554880,61394690560,4084469248,0,187571023872,121165422592,0
1791583783.1925824,0.6499836519360542,61655441408,0,64412975104,20605566976,61394554880,61394690560,3279171072,0,187570622464,121165422592,0
1791583783.846873,0.6541536785662174,61655445504,0,65486716928,19531825152,61394554880,61394690560,4352916992,0,187570364416,121165422592,0
1791583784.5041506,0.6571367122232914,61655449600,0,65486716928,19531825152,61394554880,61394690560,4352921088,0,187570974720,121165422592,0
1791583785.154952,0.6506570167839527,61655453696,0,65486716928,19531825152,61394554880,61394690560,4352925184,0,187570675712,121165422592,0
1791583785.8142898,0.6591982468962669,61655457792,0,65218281472,19800260608,61394554880,61394690560,4084493824,0,187570606080,121165418496,0
1791583786.4635348,0.6491097044199705,61655465984,0,64412975104,20605566976,61394554880,61394690560,3279195648,0,187570688000,121165418496,0
1791583787.116406,0.6527315489947796,61655470080,0,65486716928,19531825152,61394554880,61394690560,4352941568,0,187570647040,121165418496,0
1791583787.7637854,0.6472410447895527,61655474176,0,65486716928,19531825152,61394554880,61394690560,4352945664,0,187570737152,121165418496,0
1791583788.4142127,0.6502904333174229,61655482368,0,65486716928,19531825152,61394554880,61394690560,4352953856,0,187570778112,121165418496,0
1791583789.062631,0.6482818070799112,61655486464,0,65218281472,19800260608,61394554880,61394690560,4084522496,0,187570810880,121165418496,0
1791583789.7112098,0.6484385374933481,61655490560,0,61997056000,23021486080,61394554880,61394690560,863301120,0,187571142656,121165414400,0
1791583790.36386,0.652513088658452,61655498752,0,65486716928,19531825152,61394554880,61394690560,4352970240,0,187571478528,121165414400,0
1791583791.0171952,0.6531973760575056,61655502848,0,65486716928,19531825152,61394554880,61394690560,4352974336,0,187570778112,121165414400,0
1791583791.6695385,0.6522053610533476,61655511040,0,65486716928,19531825152,61394554880,61394690560,4352982528,0,187570864128,121165414400,0
1791583792.3235865,0.6539047006517649,61655515136,0,65218281472,19800260608,61394554880,61394690560,4084551168,0,187570868224,121165410304,0
1791583792.977237,0.6535119004547596,61655515136,0,64412975104,20605566976,61394554880,61394690560,3279244800,0,187569868800,121165410304,0
1791583793.6243992,0.6470225397497416,61654441984,0,65486716928,19531825152,61394554880,61394690560,4351913472,0,187569844224,121165410304,0
1791583794.2827148,0.6581767909228802,61654503424,0,65486716928,19531825152,61394554880,61394690560,4351974912,0,187569934336,121165410304,0
1791583794.9308708,0.6480191648006439,61654581248,0,65486716928,19531825152,61394554880,61394690560,4352052736,0,187570008064,121165410304,0
1791583795.58858,0.6575726345181465,61654700032,0,65218281472,19800260608,61394554880,61394690560,4083736064,0,187570241536,121165410304,0
1791583796.2363224,0.6476039811968803,61654777856,0,64412975104,20605566976,61394554880,61394690560,3278507520,0,187570118656,121165406208,0
1791583796.8897831,0.6533237639814615,61654896640,0,65486716928,19531825152,61394554880,61394690560,4352368128,0,187570356224,121165406208,0
1791583797.544243,0.6543204709887505,61654974464,0,65486716928,19531825152,61394554880,61394690560,4352445952,0,187570122752,121165406208,0
1791583798.1993093,0.6549277026206255,61655093248,0,65486716928,19531825152,61394554880,61394690560,4352564736,0,187570454528,121165406208,0
1791583798.86504,0.6655675787478685,61655179264,0,65218281472,19800260608,61394554880,61394690560,4084215296,0,187570597888,121165406208,0
1791583799.515861,0.6506795231252909,61655289856,0,64412975104,20605566976,61394554880,61394690560,3279019520,0,187570696192,121165406208,0
1791583800.1718254,0.6558102667331696,61655375872,0,65486716928,19531825152,61394554880,61394690560,4352847360,0,187571073024,121165406208,0
1791583800.8410907,0.6691153943538666,61655425024,0,65486716928,19531825152,61394554880,61394690560,4352896512,0,187570864128,121165402112,0
1791583801.4984586,0.6572702713310719,61655429120,0,65218281472,19800260608,61394554880,61394690560,4084465152,0,187570880512,121165402112,0
1791583802.1684957,0.6698953937739134,61655437312,0,64412975104,20605566976,61394554880,61394690560,3279166976,0,187570814976,121165402112,0
1791583802.8272414,0.6585925538092852,61655441408,0,65486716928,19531825152,61394554880,61394690560,4352912896,0,187570786304,121165398016,0
1791583803.4916084,0.6642179656773806,61655449600,0,65486716928,19531825152,61394554880,61394690560,4352921088,0,187570798592,121165398016,0
1791583804.157887,0.6661347113549709,61655453696,0,65218281472,19800260608,61394554880,61394690560,4084489728,0,187570876416,121165398016,0
1791583804.814121,0.6560774203389883,61655457792,0,64412975104,20605566976,61394554880,61394690560,3279187456,0,187570892800,121165398016,0
1791583805.4775577,0.663294292986393,61655461888,0,65486716928,19531825152,61394554880,61394690560,4352933376,0,187571470336,121165393920,0
1791583806.126258,0.6485483441501856,61655465984,0,65486716928,19531825152,61394554880,61394690560,4352937472,0,187571482624,121165389824,0
1791583806.7782063,0.6517172530293465,61655474176,0,65486716928,19531825152,61394554880,61394690560,4352945664,0,187570941952,121165389824,0
1791583807.435596,0.6572470925748348,61655478272,0,65218281472,19800260608,61394554880,61394690560,4084514304,0,187570900992,121165389824,0
1791583808.0839424,0.648208774626255,61655482368,0,64412975104,20605566976,61394554880,61394690560,3279212032,0,187570917376,121165389824,0
1791583808.7341497,0.650053359568119,61655490560,0,65486716928,19531825152,61394554880,61394690560,4352962048,0,187571204096,121165389824,0
1791583809.382603,0.6482998430728912,61655494656,0,65486716928,19531825152,61394554880,61394690560,4352966144,0,187571290112,121165385728,0
1791583810.0350983,0.6523550655692816,61655498752,0,65486716928,19531825152,61394554880,61394690560,4352970240,0,187571339264,121165385728,0
1791583810.698536,0.6632934026420116,61655506944,0,65218281472,19800260608,61394554880,61394690560,4084542976,0,187571265536,121165385728,0
1791583811.3479388,0.6492611765861511,61655511040,0,64412975104,20605566976,61394554880,61394690560,3279240704,0,187571404800,121165385728,0
1791583812.014505,0.6664243526756763,61655519232,0,65486716928,19531825152,61394554880,61394690560,4352990720,0,187571384320,121165385728,0
1791583812.668412,0.6537574082612991,61655523328,0,65486716928,19531825152,61394554880,61394690560,4352994816,0,187570987008,121165381632,0
1791583813.3310814,0.6625325214117765,61655523328,0,65486716928,19531825152,61394554880,61394690560,4352994816,0,187569926144,121165381632,0
1791583813.9949348,0.663749584928155,61654446080,0,64412975104,20605566976,61394554880,61394690560,3278175744,0,187569946624,121165381632,0
1791583814.6770327,0.6819619797170162,61654507520,0,65486716928,19531825152,61394554880,61394690560,4351979008,0,187570298880,121165381632,0
1791583815.399448,0.7222621869295835,61654585344,0,65486716928,19531825152,61394554880,61394690560,4352056832,0,187570589696,121165381632,0
1791583816.1052742,0.7056879214942455,61654704128,0,65218281472,19800260608,61394554880,61394690560,4083740160,0,187570327552,121165377536,0
1791583816.7862597,0.6808482855558395,61654781952,0,64412975104,20605566976,61394554880,61394690560,3278511616,0,187570225152,121165377536,0
1791583817.4516666,0.6652568131685257,61654900736,0,65486716928,19531825152,61394554880,61394690560,4352372224,0,187570434048,121165377536,0
1791583818.1083274,0.6565033122897148,61654978560,0,65486716928,19531825152,61394554880,61394690560,4352450048,0,187570180096,121165377536,0
1791583818.7689807,0.6605158988386393,61655097344,0,65486716928,19531825152,61394554880,61394690560,4352568832,0,187570061312,121165373440,0
1791583819.4222639,0.6531463265419006,61655179264,0,65218281472,19800260608,61394554880,61394690560,4084215296,0,187570855936,121165373440,0
1791583820.0743024,0.651891591027379,61655289856,0,64412975104,20605566976,61394554880,61394690560,3279019520,0,187570995200,121165373440,0
1791583820.735804,0.6613664664328098,61655375872,0,65486716928,19531825152,61394554880,61394690560,4352847360,0,187570769920,121165373440,0
1791583821.3835907,0.647651182487607,61655420928,0,65486716928,19531825152,61394554880,61394690560,4352892416,0,187570720768,121165373440,0
1791583822.0419757,0.6582455635070801,61655425024,0,65486716928,19531825152,61394554880,61394690560,4352896512,0,187570814976,121165373440,0
1791583822.6925423,0.6504160836338997,61655433216,0,65218281472,19800260608,61394554880,61394690560,4084469248,0,187570806784,121165369344,0
1791583823.351494,0.6588104031980038,61655437312,0,64412975104,20605566976,61394554880,61394690560,3279166976,0,187570749440,121165369344,0
1791583824.0088205,0.6571854017674923,61655445504,0,65486716928,19531825152,61394554880,61394690560,4352916992,0,187570733056,121165369344,0
1791583824.6595356,0.6505621615797281,61655449600,0,65486716928,19531825152,61394554880,61394690560,4352921088,0,187570823168,121165369344,0
1791583825.3166962,0.6570202894508839,61655453696,0,65486716928,19531825152,61394554880,61394690560,4352925184,0,187570941952,121165369344,0
1791583825.9728317,0.6559920907020569,61655457792,0,65218281472,19800260608,61394554880,61394690560,4084493824,0,187570921472,121165369344,0
1791583826.620039,0.6470499988645315,61655461888,0,64412975104,20605566976,61394554880,61394690560,3279191552,0,187571265536,121165365248,0
1791583827.2772682,0.6570874936878681,61655470080,0,65486716928,19531825152,61394554880,61394690560,4352941568,0,187571027968,121165365248,0
1791583827.921057,0.6436318531632423,61655474176,0,65486716928,19531825152,61394554880,61394690560,4352945664,0,187571388416,121165365248,0
1791583828.570642,0.6494553703814745,61655478272,0,65486716928,19531825152,61394554880,61394690560,4352949760,0,187571200000,121165365248,0
1791583829.21469,0.6438916213810444,61655486464,0,65218281472,19800260608,61394554880,61394690560,4084522496,0,187571298304,121165361152,0
1791583829.863514,0.6486839484423399,61655490560,0,64412975104,20605566976,61394554880,61394690560,3279220224,0,187571384320,121165361152,0
1791583830.5147207,0.6510532218962908,61655494656,0,65486716928,19531825152,61394554880,61394690560,4352966144,0,187576442880,121165357056,0
1791583831.1654437,0.65057023614645,61655502848,0,65486716928,19531825152,61394554880,61394690560,4352974336,0,187572334592,121165357056,0
1791583831.8173912,0.6518082972615957,61655506944,0,65486716928,19531825152,61394554880,61394690560,4352978432,0,187571924992,121165357056,0
1791583832.4667885,0.6492561046034098,61655515136,0,65218281472,19800260608,61394554880,61394690560,4084551168,0,187571277824,121165357056,0
1791583833.109775,0.6428369618952274,61655519232,0,64412975104,20605566976,61394554880,61394690560,3279248896,0,187571191808,121165352960,0
1791583833.7594485,0.6495360117405653,61655519232,0,65486716928,19531825152,61394554880,61394690560,4352990720,0,187569942528,121165352960,0
1791583834.401139,0.6415495313704014,61654450176,0,65486716928,19531825152,61394554880,61394690560,4351921664,0,187570458624,121165352960,0
1791583835.0488396,0.6475598197430372,61654507520,0,65486716928,19531825152,61394554880,61394690560,4351979008,0,187570716672,121165352960,0
1791583835.6905317,0.6415427029132843,61654589440,0,65218281472,19800260608,61394554880,61394690560,4083625472,0,187570745344,121165352960,0
1791583836.3369803,0.646310655400157,61654708224,0,64412975104,20605566976,61394554880,61394690560,3278437888,0,187570737152,121165352960,0
1791583836.9903579,0.6532231885939837,61654786048,0,65486716928,19531825152,61394554880,61394690560,4352257536,0,187570741248,121165352960,0
1791583837.6340141,0.6435091160237789,61654904832,0,65486716928,19531825152,61394554880,61394690560,4352376320,0,187570552832,121165348864,0
1791583838.2840009,0.6498456355184317,61654982656,0,65486716928,19531825152,61394554880,61394690560,4352454144,0,187570835456,121165348864,0
1791583838.9345648,0.6504224706441164,61655101440,0,65218281472,19800260608,61394554880,61394690560,4084137472,0,187570917376,121165348864,0
1791583839.582752,0.6480395160615444,61655183360,0,64412975104,20605566976,61394554880,61394690560,3278913024,0,187570679808,121165344768,0
1791583840.2289324,0.6460416615009308,61655293952,0,65486716928,19531825152,61394554880,61394690560,4352765440,0,187570868224,121165344768,0
1791583840.87842,0.6493406426161528,61655379968,0,65486716928,19531825152,61394554880,61394690560,4352851456,0,187571036160,121165344768,0
1791583841.5331457,0.6545901875942945,61655429120,0,65486716928,19531825152,61394554880,61394690560,4352900608,0,187571126272,121165344768,0
1791583842.1852007,0.6519031450152397,61655433216,0,65218281472,19800260608,61394554880,61394690560,4084469248,0,187571216384,121165344768,0
1791583842.8303072,0.6449692528694868,61655441408,0,64412975104,20605566976,61394554880,61394690560,3279171072,0,187571306496,121165344768,0
1791583843.4805322,0.65008713491261,61655445504,0,65486716928,19531825152,61394554880,61394690560,4352916992,0,187571154944,121165344768,0
1791583844.1302843,0.6496054828166962,61655453696,0,65486716928,19531825152,61394554880,61394690560,4352925184,0,187571232768,121165340672,0
1791583844.7770488,0.6466260813176632,61655457792,0,65486716928,19531825152,61394554880,61394690560,4352929280,0,187571306496,121165340672,0
1791583845.4304552,0.6532693132758141,61655461888,0,65218281472,19800260608,61394554880,61394690560,4084497920,0,187571548160,121165340672,0
1791583846.0781238,0.6475291717797518,61655465984,0,64412975104,20605566976,61394554880,61394690560,3279195648,0,187571343360,121165340672,0
1791583846.7349813,0.6567125897854567,61655470080,0,65486716928,19531825152,61394554880,61394690560,4352941568,0,187571167232,121165340672,0
1791583847.3828151,0.6476944200694561,61655478272,0,65486716928,19531825152,61394554880,61394690560,4352949760,0,187571228672,121165336576,0
1791583848.0294912,0.6465379521250725,61655482368,0,65486716928,19531825152,61394554880,61394690560,4352953856,0,187571306496,121165336576,0
1791583848.6842997,0.654666455462575,61655486464,0,65218281472,19800260608,61394554880,61394690560,4084522496,0,187571400704,121165336576,0
1791583849.3324175,0.6479799300432205,61655494656,0,64412975104,20605566976,61394554880,61394690560,3279224320,0,187571236864,121165336576,0
1791583849.984443,0.6518769450485706,61655498752,0,65486716928,19531825152,61394554880,61394690560,4352970240,0,187571105792,121165336576,0
1791583850.6307476,0.6461564358323812,61655502848,0,65486716928,19531825152,61394554880,61394690560,4352974336,0,187571539968,121165332480,0
1791583851.2792141,0.6483266595751047,61655511040,0,65486716928,19531825152,61394554880,61394690560,4352982528,0,187571150848,121165332480,0
1791583851.9333155,0.6539648324251175,61655515136,0,65218281472,19800260608,61394554880,61394690560,4084551168,0,187571134464,121165332480,0
1791583852.5801919,0.6467291601002216,61655523328,0,64412975104,20605566976,61394554880,61394690560,3279252992,0,187571220480,121165332480,0
1791583853.2327147,0.6523833516985178,61655527424,0,65486716928,19531825152,61394554880,61394690560,4352998912,0,187570790400,121165332480,0
1791583853.8937898,0.6609307955950499,61655527424,0,65486716928,19531825152,61394554880,61394690560,4352998912,0,187570315264,121165328384,0
1791583854.5534642,0.6595320608466864,61654454272,0,65486716928,19531825152,61394554880,61394690560,4351925760,0,187570335744,121165328384,0
1791583855.2289407,0.6753323562443256,61654511616,0,64412975104,20605566976,61394554880,61394690560,3278241280,0,187570024448,121165324288,0
1791583855.894411,0.6653253603726625,61654593536,0,65486716928,19531825152,61394554880,61394690560,4352065024,0,187569680384,121165324288,0
1791583856.5690753,0.674522140994668,61654712320,0,65486716928,19531825152,61394554880,61394690560,4352183808,0,187570020352,121165324288,0
1791583857.2331564,0.6639669444411993,61654790144,0,65218281472,19800260608,61394554880,61394690560,4083826176,0,187570106368,121165324288,0
1791583857.9020798,0.6687723994255066,61654908928,0,64412975104,20605566976,61394554880,61394690560,3278638592,0,187570188288,121165320192,0
1791583858.5762286,0.6740402020514011,61654990848,0,65486716928,19531825152,61394554880,61394690560,4352462336,0,187570466816,121165320192,0
1791583859.2378104,0.6614366434514523,61655109632,0,65486716928,19531825152,61394554880,61394690560,4352581120,0,187570749440,121165320192,0
1791583859.9047644,0.6668125316500664,61655191552,0,65218281472,19800260608,61394554880,61394690560,4084227584,0,187571027968,121165316096,0
1791583860.5718014,0.6668966002762318,61655302144,0,64412975104,20605566976,61394554880,61394690560,3279031808,0,187571339264,121165316096,0
1791583861.2283504,0.6564078833907843,61655388160,0,65486716928,19531825152,61394554880,61394690560,4352859648,0,187570843648,121165316096,0
1791583861.892386,0.6638938300311565,61655445504,0,65486716928,19531825152,61394554880,61394690560,4352916992,0,187571007488,121165316096,0
1791583862.5435479,0.6510225385427475,61655449600,0,65486716928,19531825152,61394554880,61394690560,4352921088,0,187571060736,121165316096,0
1791583863.2032108,0.6595249138772488,61655457792,0,65218281472,19800260608,61394554880,61394690560,4084493824,0,187570786304,121165316096,0
1791583863.853009,0.6496445331722498,61655461888,0,64412975104,20605566976,61394554880,61394690560,3279191552,0,187571249152,121165312000,0
1791583864.5073118,0.6541626304388046,61655465984,0,65486716928,19531825152,61394554880,61394690560,4352937472,0,187570954240,121165312000,0
1791583865.1650455,0.6575851123780012,61655470080,0,65486716928,19531825152,61394554880,61394690560,4352941568,0,187571560448,121165312000,0
1791583865.8157506,0.6505642253905535,61655474176,0,65486716928,19531825152,61394554880,61394690560,4352945664,0,187571335168,121165312000,0
1791583867.6683075,1.8524094354361296,61655478272,0,62097719296,22920822784,61394554880,61394690560,963952128,0,187570982912,121165307904,0
1791583868.318357,0.6499120369553566,61655482368,0,65486716928,19531825152,61394554880,61394690560,4352953856,0,187570982912,121165307904,0
1791583868.969277,0.6507802605628967,61655486464,0,65486716928,19531825152,61394554880,61394690560,4352957952,0,187571064832,121165307904,0
1791583869.6183114,0.64889757335186,61655490560,0,65486716928,19531825152,61394554880,61394690560,4352962048,0,187571015680,121165307904,0
1791583870.2841935,0.6657340917736292,61655494656,0,65218281472,19800260608,61394554880,61394690560,4084530688,0,187571175424,121165303808,0
1791583870.9360094,0.6516782362014055,61655498752,0,64412975104,20605566976,61394554880,61394690560,3279228416,0,187571204096,121165303808,0
1791583871.597024,0.6608749143779278,61655502848,0,65486716928,19531825152,61394554880,61394690560,4352974336,0,187570769920,121165303808,0
1791583872.24847,0.6512995511293411,61655506944,0,65486716928,19531825152,61394554880,61394690560,4352978432,0,187570786304,121165303808,0
1791583872.9010847,0.6524767987430096,61655515136,0,65486716928,19531825152,61394554880,61394690560,4352986624,0,187570855936,121165303808,0
1791583873.566849,0.6656628120690584,61655519232,0,65218281472,19800260608,61394554880,61394690560,4084555264,0,187571146752,121165303808,0
1791583874.2156818,0.6486941836774349,61655523328,0,64412975104,20605566976,61394554880,61394690560,3279252992,0,187570864128,121165299712,0
1791583874.8630362,0.6472166292369366,61655527424,0,65486716928,19531825152,61394554880,61394690560,4352998912,0,187571146752,121165299712,0
1791583875.5409338,0.6777441427111626,61655531520,0,65486716928,19531825152,61394554880,61394690560,4353003008,0,187569692672,121165299712,0
1791583876.2829173,0.7418289911001921,61654478848,0,65218281472,19800260608,61394554880,61394690560,4083514880,0,187569618944,121165299712,0
1791583877.0363922,0.7533365786075592,61654536192,0,64412975104,20605566976,61394554880,61394690560,3278265856,0,187569606656,121165299712,0
1791583877.7861192,0.7495343778282404,61654618112,0,65486716928,19531825152,61394554880,61394690560,4352089600,0,187569516544,121165299712,0
1791583878.5367153,0.7504339776933193,61654732800,0,65486716928,19531825152,61394554880,61394690560,4352204288,0,187569872896,121165295616,0
1791583879.2961583,0.759294118732214,61654810624,0,65218281472,19800260608,61394554880,61394690560,4083846656,0,187569999872,121165295616,0
1791583880.0553741,0.7590444013476372,61654929408,0,64412975104,20605566976,61394554880,61394690560,3278659072,0,187570147328,121165287424,0
1791583880.8183403,0.7628307361155748,61655007232,0,65486716928,19531825152,61394554880,61394690560,4352478720,0,187570098176,121165287424,0
1791583881.5646973,0.7462125811725855,61655126016,0,65486716928,19531825152,61394554880,61394690560,4352597504,0,187570425856,121165287424,0
1791583882.3171997,0.7523496858775616,61655203840,0,65218281472,19800260608,61394554880,61394690560,4084239872,0,187570589696,121165287424,0
1791583883.0623863,0.7450466118752956,61655322624,0,64412975104,20605566976,61394554880,61394690560,3279052288,0,187570741248,121165287424,0
1791583883.8164825,0.7539490796625614,61655408640,0,65486716928,19531825152,61394554880,61394690560,4352880128,0,187570327552,121165283328,0
1791583884.5686293,0.7519993092864752,61655449600,0,65486716928,19531825152,61394554880,61394690560,4352921088,0,187570876416,121165283328,0
1791583885.3183212,0.7495410069823265,61655453696,0,65218281472,19800260608,61394554880,61394690560,4084489728,0,187571216384,121165283328,0
1791583886.07525,0.756779259070754,61655461888,0,64412975104,20605566976,61394554880,61394690560,3279191552,0,187570941952,121165283328,0
1791583886.8235693,0.7481680791825056,61655465984,0,65486716928,19531825152,61394554880,61394690560,4352937472,0,187570573312,121165283328,0
1791583887.5982876,0.7745473757386208,61655470080,0,65486716928,19531825152,61394554880,61394690560,4352941568,0,187570855936,121165279232,0
1791583888.3411193,0.7426919136196375,61655474176,0,65218281472,19800260608,61394554880,61394690560,4084510208,0,187570798592,121165279232,0
1791583889.0924764,0.7512097209692001,61655478272,0,64412975104,20605566976,61394554880,61394690560,3279207936,0,187570790400,121165275136,0
1791583889.8406692,0.7480560131371021,61655482368,0,65486716928,19531825152,61394554880,61394690560,4352953856,0,187570810880,121165275136,0
1791583890.602737,0.7619214467704296,61655482368,0,65486716928,19531825152,61394554880,61394690560,4352953856,0,187570692096,121165275136,0
1791583891.3519847,0.7491058595478535,61655486464,0,65218281472,19800260608,61394554880,61394690560,4084522496,0,187571019776,121165275136,0
1791583892.1036203,0.7514959312975407,61655494656,0,64412975104,20605566976,61394554880,61394690560,3279224320,0,187571011584,121165275136,0
1791583892.9543028,0.850514380261302,61655494656,0,65486716928,19531825152,61394554880,61394690560,4352966144,0,187570876416,121165271040,0
1791583893.6819184,0.7273727022111416,61655502848,0,65486716928,19531825152,61394554880,61394690560,4352974336,0,187570786304,121165271040,0
1791583894.4292753,0.7472139317542315,61655506944,0,65218281472,19800260608,61394554880,61394690560,4084542976,0,187571036160,121165271040,0
1791583895.2184808,0.788921631872654,61655511040,0,64412975104,20605566976,61394554880,61394690560,3279240704,0,187570876416,121165271040,0
1791583896.0110216,0.7923875171691179,61655519232,0,65486716928,19531825152,61394554880,61394690560,4352990720,0,187571060736,121165266944,0
1791583896.737671,0.7264780215919018,61655523328,0,65486716928,19531825152,61394554880,61394690560,4352994816,0,187571388416,121165266944,0
1791583897.3957162,0.6579029057174921,61655531520,0,65218281472,19800260608,61394554880,61394690560,4084567552,0,187571150848,121165262848,0
1791583898.0492234,0.6533548720180988,61655535616,0,64412975104,20605566976,61394554880,61394690560,3279265280,0,187571261440,121165262848,0
1791583898.7012687,0.651888944208622,61655535616,0,65486716928,19531825152,61394554880,61394690560,4353007104,0,187569930240,121165262848,0
1791583899.3606677,0.65925133228302,61654474752,0,65486716928,19531825152,61394554880,61394690560,4351946240,0,187569811456,121165262848,0
1791583900.0119762,0.6511725503951311,61654532096,0,65486716928,19531825152,61394554880,61394690560,4352003584,0,187585818624,121165262848,0
1791583900.661801,0.6496818400919437,61654614016,0,65218281472,19800260608,61394554880,61394690560,4083650048,0,187570483200,121165262848,0
1791583901.3183165,0.6563660483807325,61654732800,0,64412975104,20605566976,61394554880,61394690560,3278462464,0,187570065408,121165258752,0
1791583902.143901,0.8254465144127607,61654810624,0,65486716928,19531825152,61394554880,61394690560,4352282112,0,187570409472,121165258752,0
1791583903.192509,1.0484450794756413,61654929408,0,65486716928,19531825152,61394554880,61394690560,4352400896,0,187570348032,121165258752,0
1791583903.8438077,0.6511596664786339,61655007232,0,65218281472,19800260608,61394554880,61394690560,4084043264,0,187570241536,121165258752,0
1791583904.5055153,0.6615687254816294,61655126016,0,64412975104,20605566976,61394554880,61394690560,3278855680,0,187570565120,121165254656,0
1791583905.1611214,0.6554690413177013,61655207936,0,65486716928,19531825152,61394554880,61394690560,4352679424,0,187570769920,121165250560,0
1791583905.854479,0.693203691393137,61655322624,0,65486716928,19531825152,61394554880,61394690560,4352794112,0,187571093504,121165250560,0
1791583906.6776543,0.8230319228023291,61655408640,0,64412975104,20605566976,61394554880,61394690560,3279138304,0,187571089408,121165246464,0
1791583907.3488286,0.6710366439074278,61655453696,0,65486716928,19531825152,61394554880,61394690560,4352925184,0,187571384320,121165246464,0
1791583908.003339,0.6543647740036249,61655457792,0,65486716928,19531825152,61394554880,61394690560,4352929280,0,187571429376,121165246464,0
1791583908.6544628,0.6509842667728662,61655465984,0,65486716928,19531825152,61394554880,61394690560,4352937472,0,187571179520,121165246464,0
1791583909.3056467,0.6510458067059517,61655470080,0,65218281472,19800260608,61394554880,61394690560,4084506112,0,187571191808,121165246464,0
1791583909.985448,0.6796520724892616,61655474176,0,64412975104,20605566976,61394554880,61394690560,3279203840,0,187571245056,121165242368,0
1791583910.6387036,0.6531203519552946,61655478272,0,65486716928,19531825152,61394554880,61394690560,4352949760,0,187571654656,121165242368,0
1791583911.29559,0.6567334178835154,61655482368,0,65486716928,19531825152,61394554880,61394690560,4352953856,0,187571322880,121165242368,0
1791583911.9554803,0.6597490776330233,61655486464,0,65486716928,19531825152,61394554880,61394690560,4352957952,0,187571126272,121165242368,0
1791583912.6182842,0.6626514121890068,61655490560,0,65218281472,19800260608,61394554880,61394690560,4084526592,0,187571216384,121165242368,0
1791583913.284551,0.6661299504339695,61655494656,0,64412975104,20605566976,61394554880,61394690560,3279224320,0,187571032064,121165242368,0
1791583913.9354246,0.6507309414446354,61655498752,0,65486716928,19531825152,61394554880,61394690560,4352970240,0,187570790400,121165242368,0
1791583914.5973403,0.6617686562240124,61655502848,0,65486716928,19531825152,61394554880,61394690560,4352974336,0,187570745344,121165238272,0
1791583915.245167,0.6476872973144054,61655506944,0,65486716928,19531825152,61394554880,61394690560,4352978432,0,187571064832,121165238272,0
1791583915.8987339,0.653421476483345,61655511040,0,65218281472,19800260608,61394554880,61394690560,4084547072,0,187570757632,121165238272,0
1791583916.5533094,0.6544331517070532,61655515136,0,64412975104,20605566976,61394554880,61394690560,3279244800,0,187571363840,121165234176,0
1791583917.2000825,0.6466302052140236,61655523328,0,65486716928,19531825152,61394554880,61394690560,4352994816,0,187571286016,121165234176,0
1791583917.8494275,0.6491866502910852,61655527424,0,65486716928,19531825152,61394554880,61394690560,4352998912,0,187571187712,121165234176,0
1791583918.5028646,0.653296547010541,61655531520,0,65486716928,19531825152,61394554880,61394690560,4353003008,0,187571159040,121165234176,0
1791583919.1580603,0.6550542488694191,61655535616,0,65218281472,19800260608,61394554880,61394690560,4084571648,0,187571458048,121165234176,0
1791583919.8139546,0.6557640470564365,61655535616,0,64412975104,20605566976,61394554880,61394690560,3279265280,0,187570380800,121165234176,0
1791583920.4679604,0.6538651995360851,61654482944,0,65486716928,19531825152,61394554880,61394690560,4351954432,0,187570675712,121165234176,0
1791583921.1130571,0.644957372918725,61654540288,0,65486716928,19531825152,61394554880,61394690560,4352011776,0,187570692096,121165230080,0
1791583921.776782,0.6635937336832285,61654622208,0,65486716928,19531825152,61394554880,61394690560,4352093696,0,187570937856,121165230080,0
1791583922.426372,0.6494499556720257,61654736896,0,65218281472,19800260608,61394554880,61394690560,4083772928,0,187571322880,121165230080,0
1791583923.0821338,0.6556212194263935,61654814720,0,64412975104,20605566976,61394554880,61394690560,3278544384,0,187570860032,121165230080,0
1791583923.731131,0.6488568484783173,61654933504,0,65486716928,19531825152,61394554880,61394690560,4352404992,0,187570954240,121165230080,0
1791583924.3799334,0.6486484203487635,61655011328,0,65486716928,19531825152,61394554880,61394690560,4352482816,0,187571236864,121165225984,0
1791583925.0377061,0.6576305404305458,61655130112,0,65486716928,19531825152,61394554880,61394690560,4352601600,0,187571527680,121165225984,0
1791583925.6841602,0.6463124938309193,61655207936,0,65218281472,19800260608,61394554880,61394690560,4084243968,0,187571429376,121165225984,0
1791583926.332128,0.647823316976428,61655326720,0,64412975104,20605566976,61394554880,61394690560,3279056384,0,187571249152,121165225984,0
1791583926.9937568,0.6614778116345406,61655412736,0,65486716928,19531825152,61394554880,61394690560,4352884224,0,187571142656,121165225984,0
1791583927.6398392,0.6459365207701921,61655453696,0,65486716928,19531825152,61394554880,61394690560,4352925184,0,187571146752,121165221888,0
1791583928.2943416,0.6543631702661514,61655457792,0,65486716928,19531825152,61394554880,61394690560,4352929280,0,187570872320,121165221888,0
1791583928.941379,0.6468959636986256,61655465984,0,65218281472,19800260608,61394554880,61394690560,4084502016,0,187570966528,121165221888,0
1791583929.5902922,0.6487695127725601,61655470080,0,64412975104,20605566976,61394554880,61394690560,3279199744,0,187570937856,121165221888,0
1791583930.2576058,0.667178513482213,61655474176,0,65486716928,19531825152,61394554880,61394690560,4352945664,0,187571191808,121165156352,0
1791583930.9048858,0.6471330747008324,61655478272,0,65486716928,19531825152,61394554880,61394690560,4352949760,0,187570966528,121165152256,0
1791583931.5783236,0.6732936035841703,61655482368,0,65218281472,19800260608,61394554880,61394690560,4084518400,0,187571089408,121165152256,0
1791583932.2544596,0.6759830266237259,61655486464,0,64412975104,20605566976,61394554880,61394690560,3279216128,0,187571257344,121165152256,0
1791583932.9164488,0.6618449110537767,61655486464,0,65486716928,19531825152,61394554880,61394690560,4352957952,0,187571085312,121165152256,0
1791583933.564644,0.6480402052402496,61655490560,0,65486716928,19531825152,61394554880,61394690560,4352962048,0,187571097600,121165152256,0
1791583934.2138968,0.6491152606904507,61655498752,0,65486716928,19531825152,61394554880,61394690560,4352970240,0,187571331072,121165152256,0
1791583934.867258,0.6532110925763845,61655498752,0,65218281472,19800260608,61394554880,61394690560,4084534784,0,187570954240,121165238272,0
1791583935.5200322,0.6526348292827606,61655506944,0,64412975104,20605566976,61394554880,61394690560,3279236608,0,187570974720,121165238272,0
1791583936.1663103,0.6461272723972797,61655511040,0,65486716928,19531825152,61394554880,61394690560,4352982528,0,187570954240,121165238272,0
1791583936.8134923,0.6470281556248665,61655515136,0,65486716928,19531825152,61394554880,61394690560,4352986624,0,187571027968,121165209600,0
1791583937.4630797,0.6494510229676962,61655523328,0,65486716928,19531825152,61394554880,61394690560,4352994816,0,187570987008,121165205504,0
1791583938.1090066,0.6458163894712925,61655527424,0,65218281472,19800260608,61394554880,61394690560,4084563456,0,187571179520,121165205504,0
1791583938.7666361,0.65748705342412,61655535616,0,64412975104,20605566976,61394554880,61394690560,3279265280,0,187570884608,121165205504,0
1791583939.4130993,0.6463273670524359,61655539712,0,65486716928,19531825152,61394554880,61394690560,4353011200,0,187570933760,121165205504,0
1791583940.072625,0.6593769639730453,61655539712,0,65486716928,19531825152,61394554880,61394690560,4353011200,0,187570196480,121165205504,0
1791583940.7228973,0.6501355208456516,61654478848,0,65486716928,19531825152,61394554880,61394690560,4351950336,0,187570192384,121165205504,0
1791583941.3727221,0.6496832761913538,61654536192,0,65218281472,19800260608,61394554880,61394690560,4083572224,0,187570012160,121165201408,0
1791583942.0334265,0.660567257553339,61654618112,0,64412975104,20605566976,61394554880,61394690560,3278347776,0,187570163712,121165201408,0
1791583942.6805265,0.646959500387311,61654736896,0,65486716928,19531825152,61394554880,61394690560,4352208384,0,187570237440,121165201408,0
1791583943.3292205,0.6485520526766777,61654814720,0,65486716928,19531825152,61394554880,61394690560,4352286208,0,187570466816,121165201408,0
1791583943.984049,0.6546914521604776,61654933504,0,65486716928,19531825152,61394554880,61394690560,4352404992,0,187570548736,121165197312,0
1791583944.6377122,0.6534308269619942,61655011328,0,65218281472,19800260608,61394554880,61394690560,4084047360,0,187570708480,121165197312,0
1791583945.2807386,0.6428836416453123,61655130112,0,64412975104,20605566976,61394554880,61394690560,3278859776,0,187571064832,121165197312,0
1791583945.926599,0.645723033696413,61655212032,0,65486716928,19531825152,61394554880,61394690560,4352683520,0,187571003392,121165197312,0
1791583946.567999,0.6412575226277113,61655326720,0,65486716928,19531825152,61394554880,61394690560,4352798208,0,187571396608,121165197312,0
1791583947.2096658,0.6415285002440214,61655412736,0,65486716928,19531825152,61394554880,61394690560,4352884224,0,187571249152,121165197312,0
1791583947.8576558,0.6478468161076307,61655457792,0,65218281472,19800260608,61394554880,61394690560,4084493824,0,187571445760,121165193216,0
1791583948.5009542,0.6431589648127556,61655461888,0,64412975104,20605566976,61394554880,61394690560,3279191552,0,187571445760,121165193216,0
1791583949.1443388,0.643244419246912,61655470080,0,65486716928,19531825152,61394554880,61394690560,4352941568,0,187571068928,121165193216,0
1791583949.7973099,0.6528254803270102,61655486464,0,65486716928,19531825152,61394554880,61394690560,4352957952,0,187571703808,121165193216,0
1791583950.460016,0.6625675894320011,61655490560,0,65486716928,19531825152,61394554880,61394690560,4352962048,0,187571183616,121165193216,0
1791583951.1109464,0.6507901512086391,61655494656,0,65218281472,19800260608,61394554880,61394690560,4084530688,0,187571175424,121165193216,0
1791583951.75645,0.6453608386218548,61655498752,0,64412975104,20605566976,61394554880,61394690560,3279228416,0,187571159040,121165189120,0
1791583952.4063368,0.6497471369802952,61655502848,0,65486716928,19531825152,61394554880,61394690560,4352974336,0,187571109888,121165189120,0
1791583953.0687053,0.6622193399816751,61655506944,0,65486716928,19531825152,61394554880,61394690560,4352978432,0,187571204096,121165189120,0
1791583953.770123,0.7012808732688427,61655511040,0,65218281472,19800260608,61394554880,61394690560,4084547072,0,187571138560,121165189120,0
1791583954.5963578,0.8260725159198046,61655515136,0,64412975104,20605566976,61394554880,61394690560,3279244800,0,187571122176,121165185024,0
1791583955.346081,0.7495842296630144,61655519232,0,65486716928,19531825152,61394554880,61394690560,4352990720,0,187571367936,121165123584,0
1791583956.0132105,0.6669957898557186,61655523328,0,65486716928,19531825152,61394554880,61394690560,4352994816,0,187571064832,121165123584,0
1791583956.6566055,0.6432536877691746,61655527424,0,65486716928,19531825152,61394554880,61394690560,4352998912,0,187571343360,121165123584,0
1791583957.3059323,0.6491864863783121,61655531520,0,65218281472,19800260608,61394554880,61394690560,4084567552,0,187571597312,121165123584,0
1791583957.9510427,0.6449600756168365,61655539712,0,64412975104,20605566976,61394554880,61394690560,3279269376,0,187571322880,121165119488,0
1791583958.594744,0.6435598954558372,61655543808,0,65486716928,19531825152,61394554880,61394690560,4353015296,0,187571408896,121165119488,0
1791583959.2483778,0.6534838825464249,61655547904,0,65486716928,19531825152,61394554880,61394690560,4353019392,0,187571351552,121165119488,0
1791583959.892898,0.6443865522742271,61655552000,0,65486716928,19531825152,61394554880,61394690560,4353023488,0,187571429376,121165119488,0
1791583960.5356317,0.6425927896052599,61655552000,0,65218281472,19800260608,61394554880,61394690560,4084588032,0,187570483200,121165119488,0
1791583961.1784744,0.6427044440060854,61654499328,0,64412975104,20605566976,61394554880,61394690560,3278228992,0,187570503680,121165119488,0
1791583961.824204,0.6455914285033941,61654556672,0,65486716928,19531825152,61394554880,61394690560,4352028160,0,187570585600,121165119488,0
1791583962.4680068,0.6436551734805107,61654638592,0,65486716928,19531825152,61394554880,61394690560,4352110080,0,187570442240,121165115392,0
1791583963.127158,0.6590073332190514,61654753280,0,65486716928,19531825152,61394554880,61394690560,4352224768,0,187570970624,121165115392,0
1791583963.7712464,0.6439417544752359,61654831104,0,65218281472,19800260608,61394554880,61394690560,4083867136,0,187570876416,121165115392,0
1791583964.4268308,0.6554370280355215,61654949888,0,64412975104,20605566976,61394554880,61394690560,3278679552,0,187571126272,121165111296,0
1791583965.0706146,0.6436471976339817,61655027712,0,65486716928,19531825152,61394554880,61394690560,4352499200,0,187571408896,121165111296,0
1791583965.7217257,0.6509685553610325,61655146496,0,65486716928,19531825152,61394554880,61394690560,4352617984,0,187571408896,121165111296,0
1791583966.3717244,0.6498581580817699,61655224320,0,65486716928,19531825152,61394554880,61394690560,4352695808,0,187571286016,121165111296,0
1791583967.0142207,0.6423500441014767,61655343104,0,65218281472,19800260608,61394554880,61394690560,4084379136,0,187571372032,121165111296,0
1791583967.6690857,0.6547273248434067,61655429120,0,64412975104,20605566976,61394554880,61394690560,3279158784,0,187571331072,121165111296,0
1791583968.3241577,0.6549555566161871,61655470080,0,65486716928,19531825152,61394554880,61394690560,4352941568,0,187571298304,121165111296,0
1791583968.9703774,0.6460667494684458,61655474176,0,65486716928,19531825152,61394554880,61394690560,4352945664,0,187571580928,121165107200,0
1791583969.6135497,0.6430325992405415,61655482368,0,65486716928,19531825152,61394554880,61394690560,4352953856,0,187571929088,121165107200,0
1791583970.2598598,0.6461727526038885,61655486464,0,65218281472,19800260608,61394554880,61394690560,4084522496,0,187572289536,121165107200,0
1791583970.9036057,0.6436029318720102,61655490560,0,64412975104,20605566976,61394554880,61394690560,3279220224,0,187571912704,121165107200,0
1791583971.556158,0.6524148918688297,61655494656,0,65486716928,19531825152,61394554880,61394690560,4352966144,0,187571720192,121165107200,0
1791583972.1982002,0.6418965198099613,61655498752,0,65486716928,19531825152,61394554880,61394690560,4352970240,0,187572035584,121165103104,0
1791583972.8441503,0.6458101868629456,61655502848,0,65486716928,19531825152,61394554880,61394690560,4352974336,0,187571707904,121165103104,0
1791583973.4980838,0.6537787113338709,61655502848,0,65218281472,19800260608,61394554880,61394690560,4084538880,0,187571892224,121165103104,0
1791583974.1411555,0.6429668162018061,61655506944,0,64412975104,20605566976,61394554880,61394690560,3279236608,0,187572285440,121165103104,0
1791583974.7935655,0.6522568538784981,61655515136,0,65486716928,19531825152,61394554880,61394690560,4352986624,0,187572191232,121165103104,0
1791583975.4528854,0.659178651869297,61655515136,0,65486716928,19531825152,61394554880,61394690560,4352986624,0,187572293632,121165099008,0
1791583976.102564,0.6495413891971111,61655523328,0,65486716928,19531825152,61394554880,61394690560,4352994816,0,187572101120,121165099008,0
1791583976.750227,0.6475283000618219,61655527424,0,65218281472,19800260608,61394554880,61394690560,4084563456,0,187571847168,121165099008,0
1791583977.3923745,0.6420055795460939,61655531520,0,64412975104,20605566976,61394554880,61394690560,3279261184,0,187571810304,121165099008,0
1791583978.039771,0.6472624633461237,61655539712,0,65486716928,19531825152,61394554880,61394690560,4353011200,0,187570991104,121165099008,0
1791583978.688711,0.6487959790974855,61655543808,0,65486716928,19531825152,61394554880,61394690560,4353015296,0,187571343360,121165094912,0
1791583979.3317714,0.6429247539490461,61655552000,0,65486716928,19531825152,61394554880,61394690560,4353023488,0,187571306496,121165094912,0
1791583979.9808643,0.6489520408213139,61655556096,0,65218281472,19800260608,61394554880,61394690560,4084592128,0,187571396608,121165094912,0
1791583980.6238565,0.6428545266389847,61655556096,0,64412975104,20605566976,61394554880,61394690560,3279285760,0,187570442240,121165094912,0
1791583981.272388,0.6483934577554464,61654495232,0,65486716928,19531825152,61394554880,61394690560,4351966720,0,187570192384,121165094912,0
1791583981.9205968,0.6480696815997362,61654552576,0,65486716928,19531825152,61394554880,61394690560,4352024064,0,187570319360,121165094912,0
1791583982.5665777,0.6458434462547302,61654634496,0,65486716928,19531825152,61394554880,61394690560,4352105984,0,187570335744,121165090816,0
1791583983.2212448,0.6545279826968908,61654753280,0,65218281472,19800260608,61394554880,61394690560,4083789312,0,187570663424,121165090816,0
1791583983.8665907,0.6452034395188093,61654831104,0,64412975104,20605566976,61394554880,61394690560,3278560768,0,187570540544,121165090816,0
1791583984.5159063,0.649177910760045,61654949888,0,65486716928,19531825152,61394554880,61394690560,4352421376,0,187570806784,121165090816,0
1791583985.1658084,0.6497615166008472,61655027712,0,65486716928,19531825152,61394554880,61394690560,4352499200,0,187571118080,121165086720,0
1791583985.8078837,0.6419391669332981,61655146496,0,65486716928,19531825152,61394554880,61394690560,4352617984,0,187570962432,121165086720,0
1791583986.4685688,0.6605416107922792,61655228416,0,65218281472,19800260608,61394554880,61394690560,4084264448,0,187571036160,121165086720,0
1791583987.1220565,0.6533515248447657,61655339008,0,64412975104,20605566976,61394554880,61394690560,3279068672,0,187570741248,121165086720,0
1791583987.7655907,0.6434048470109701,61655425024,0,65486716928,19531825152,61394554880,61394690560,4352896512,0,187570921472,121165086720,0
1791583988.4324336,0.6666966732591391,61655470080,0,65486716928,19531825152,61394554880,61394690560,4352941568,0,187570913280,121165086720,0
1791583989.0780823,0.6455106846988201,61655474176,0,65486716928,19531825152,61394554880,61394690560,4352945664,0,187570970624,121165082624,0
1791583989.7355554,0.65736935287714,61655482368,0,65218281472,19800260608,61394554880,61394690560,4084518400,0,187570974720,121165082624,0
1791583990.386452,0.6507513653486967,61655486464,0,64412975104,20605566976,61394554880,61394690560,3279216128,0,187571245056,121165082624,0
1791583991.0322795,0.6456893384456635,61655490560,0,65486716928,19531825152,61394554880,61394690560,4352962048,0,187571318784,121165082624,0
1791583991.6811695,0.6487369108945131,61655494656,0,65486716928,19531825152,61394554880,61394690560,4352966144,0,187571408896,121165082624,0
1791583992.324102,0.6427834536880255,61655498752,0,65486716928,19531825152,61394554880,61394690560,4352970240,0,187571761152,121165082624,0
1791583992.980496,0.6562402676790953,61655502848,0,65218281472,19800260608,61394554880,61394690560,4084538880,0,187571675136,121165078528,0
1791583993.6254988,0.6448532696813345,61655506944,0,64412975104,20605566976,61394554880,61394690560,3279236608,0,187572084736,121165078528,0
1791583994.2670765,0.6414377614855766,61655511040,0,65486716928,19531825152,61394554880,61394690560,4352982528,0,187571965952,121165078528,0
1791583994.9230094,0.6558256391435862,61655515136,0,65486716928,19531825152,61394554880,61394690560,4352986624,0,187571716096,121165078528,0
1791583995.5657928,0.6426437888294458,61655519232,0,65486716928,19531825152,61394554880,61394690560,4352990720,0,187571863552,121165074432,0
1791583996.207908,0.6419722605496645,61655523328,0,65218281472,19800260608,61394554880,61394690560,4084559360,0,187571511296,121165074432,0
1791583996.8620887,0.6540330927819014,61655527424,0,64412975104,20605566976,61394554880,61394690560,3279257088,0,187571228672,121165074432,0
1791583997.5022283,0.6400440149009228,61655531520,0,65486716928,19531825152,61394554880,61394690560,4353003008,0,187571048448,121165074432,0
1791583998.1518235,0.6494527477771044,61655539712,0,65486716928,19531825152,61394554880,61394690560,4353011200,0,187571138560,121165074432,0
1791583998.797397,0.645432548597455,61655543808,0,65486716928,19531825152,61394554880,61394690560,4353015296,0,187571138560,121165074432,0
1791583999.4398282,0.6422874871641397,61655547904,0,65218281472,19800260608,61394554880,61394690560,4084583936,0,187571224576,121165070336,0
1791584000.0863106,0.6463445965200663,61655552000,0,64412975104,20605566976,61394554880,61394690560,3279281664,0,187571445760,121165070336,0
1791584000.7292228,0.642761467024684,61655552000,0,65486716928,19531825152,61394554880,61394690560,4353023488,0,187570364416,121165070336,0
1791584001.3774514,0.6480796206742525,61654499328,0,65486716928,19531825152,61394554880,61394690560,4351970816,0,187570520064,121165070336,0
1791584002.017453,0.6398632600903511,61654556672,0,65486716928,19531825152,61394554880,61394690560,4352028160,0,187570610176,121165070336,0
1791584002.6611657,0.6435736939311028,61654638592,0,65218281472,19800260608,61394554880,61394690560,4083674624,0,187570614272,121165070336,0
1791584003.3092377,0.6478503383696079,61654753280,0,64412975104,20605566976,61394554880,61394690560,3278482944,0,187570708480,121165066240,0
1791584003.950394,0.6410189978778362,61654831104,0,65486716928,19531825152,61394554880,61394690560,4352302592,0,187571240960,121165066240,0
1791584004.597878,0.6473367288708687,61654949888,0,65486716928,19531825152,61394554880,61394690560,4352421376,0,187571023872,121165066240,0
1791584005.2428956,0.6448808759450912,61655027712,0,65486716928,19531825152,61394554880,61394690560,4352499200,0,187571261440,121165066240,0
1791584005.8915966,0.6485509648919106,61655146496,0,65218281472,19800260608,61394554880,61394690560,4084182528,0,187572051968,121165123584,0
1791584006.5386271,0.6468955799937248,61655224320,0,64412975104,20605566976,61394554880,61394690560,3278953984,0,187571896320,121165123584,0
1791584007.1786866,0.6399109959602356,61655343104,0,65486716928,19531825152,61394554880,61394690560,4352814592,0,187571720192,121165123584,0
1791584007.825514,0.6466753724962473,61655429120,0,65486716928,19531825152,61394554880,61394690560,4352900608,0,187571560448,121165123584,0
1791584008.4706922,0.6450389474630356,61655470080,0,65486716928,19531825152,61394554880,61394690560,4352941568,0,187571310592,121165123584,0
1791584009.1194286,0.6485960800200701,61655474176,0,65218281472,19800260608,61394554880,61394690560,4084510208,0,187571306496,121165123584,0
1791584009.7672384,0.6476568635553122,61655482368,0,64412975104,20605566976,61394554880,61394690560,3279212032,0,187571654656,121165119488,0
1791584010.4059286,0.6385549008846283,61655486464,0,65486716928,19531825152,61394554880,61394690560,4352957952,0,187571752960,121165119488,0
1791584011.0517159,0.6456419881433249,61655490560,0,65486716928,19531825152,61394554880,61394690560,4352962048,0,187571806208,121165119488,0
1791584011.7000763,0.6480417717248201,61655494656,0,65486716928,19531825152,61394554880,61394690560,4352966144,0,187572105216,121165119488,0
1791584012.341972,0.6417291648685932,61655498752,0,65218281472,19800260608,61394554880,61394690560,4084534784,0,187571785728,121165107200,0
1791584012.99541,0.6533005330711603,61655502848,0,64412975104,20605566976,61394554880,61394690560,3279232512,0,187571609600,121165107200,0
1791584013.6383617,0.6427963674068451,61655502848,0,65486716928,19531825152,61394554880,61394690560,4352974336,0,187571695616,121165107200,0
1791584014.2920146,0.6535049844533205,61655506944,0,65486716928,19531825152,61394554880,61394690560,4352978432,0,187571654656,121165103104,0
1791584014.935027,0.642873901873827,61655515136,0,65486716928,19531825152,61394554880,61394690560,4352986624,0,187571994624,121165103104,0
1791584015.590758,0.6555906999856234,61655515136,0,65218281472,19800260608,61394554880,61394690560,4084551168,0,187571961856,121165103104,0
1791584016.2381651,0.6472630966454744,61655523328,0,64412975104,20605566976,61394554880,61394690560,3279252992,0,187571359744,121165099008,0
1791584016.8817263,0.6434174086898565,61655527424,0,65486716928,19531825152,61394554880,61394690560,4352998912,0,187571449856,121165099008,0
1791584017.5394723,0.6575982365757227,61655531520,0,65486716928,19531825152,61394554880,61394690560,4353003008,0,187571539968,121165099008,0
1791584018.1964154,0.656807865947485,61655539712,0,65486716928,19531825152,61394554880,61394690560,4353011200,0,187571372032,121165099008,0
1791584018.837329,0.6407706532627344,61655543808,0,65218281472,19800260608,61394554880,61394690560,4084579840,0,187571191808,121165099008,0
1791584019.479502,0.6420351210981607,61655552000,0,64412975104,20605566976,61394554880,61394690560,3279281664,0,187571535872,121165099008,0
1791584020.121562,0.6419101823121309,61655556096,0,65486716928,19531825152,61394554880,61394690560,4353027584,0,187571683328,121165099008,0
1791584020.771453,0.6497430894523859,61655556096,0,65486716928,19531825152,61394554880,61394690560,4353027584,0,187570708480,121165094912,0
1791584021.417824,0.6461718045175076,61654495232,0,65486716928,19531825152,61394554880,61394690560,4351966720,0,187570421760,121165094912,0
1791584022.0595853,0.6416215524077415,61654552576,0,65218281472,19800260608,61394554880,61394690560,4083588608,0,187570466816,121165094912,0
1791584022.711377,0.6516441591084003,61654634496,0,64412975104,20605566976,61394554880,61394690560,3278364160,0,187570720768,121165094912,0
1791584023.3545334,0.6430186573415995,61654753280,0,65486716928,19531825152,61394554880,61394690560,4352224768,0,187570798592,121165094912,0
1791584024.0098488,0.6551645640283823,61654831104,0,65486716928,19531825152,61394554880,61394690560,4352302592,0,187571044352,121165090816,0
1791584024.6531112,0.6431220080703497,61654949888,0,65486716928,19531825152,61394554880,61394690560,4352421376,0,187571109888,121165090816,0
1791584025.2961242,0.6428589224815369,61655027712,0,65218281472,19800260608,61394554880,61394690560,4084063744,0,187571363840,121165090816,0
1791584025.947802,0.6515380647033453,61690290176,0,62020124672,22998417408,61394554880,61394690560,921169408,0,187607093248,121165090816,0
1791584026.5921204,0.6441688165068626,61714501632,0,61741203456,23277338624,61394554880,61394690560,666459648,0,187630952448,121165086720,0
1791584027.2483256,0.6560594160109758,61714616320,0,61741203456,23277338624,61394554880,61394690560,666574336,0,187631026176,121165086720,0
1791584027.9018948,0.6534161325544119,61714616320,0,61741203456,23277338624,61394554880,61394690560,666574336,0,187630604288,121165086720,0
1791584028.5448945,0.6428507938981056,61714616320,0,61741203456,23277338624,61394554880,61394690560,666574336,0,187630698496,121165086720,0
1791584029.2028954,0.657851142808795,61714620416,0,61741203456,23277338624,61394554880,61394690560,666578432,0,187630739456,121165086720,0
1791584029.8465986,0.6435502115637064,61714620416,0,61741203456,23277338624,61394554880,61394690560,666578432,0,187630780416,121165086720,0
1791584030.5001607,0.653409656137228,61714620416,0,61741203456,23277338624,61394554880,61394690560,666578432,0,187630358528,121165037568,0
1791584031.146749,0.6464176010340452,61714620416,0,61741203456,23277338624,61394554880,61394690560,666578432,0,187630444544,121165037568,0
1791584031.7910984,0.6441985927522182,61714620416,0,61741203456,23277338624,61394554880,61394690560,666578432,0,187630477312,121165037568,0
1791584032.4393878,0.6481364071369171,61714632704,0,61741203456,23277338624,61394554880,61394690560,666590720,0,187630481408,121165037568,0
1791584033.0835946,0.6440580599009991,61714632704,0,61741203456,23277338624,61394554880,61394690560,666590720,0,187630829568,121165037568,0
1791584033.7252047,0.6414648611098528,61714632704,0,61741203456,23277338624,61394554880,61394690560,666590720,0,187630661632,121165037568,0
1791584034.3666465,0.6412950959056616,61714632704,0,61741203456,23277338624,61394554880,61394690560,666590720,0,187630624768,121165037568,0
1791584035.0350888,0.6682921182364225,61714632704,0,61741203456,23277338624,61394554880,61394690560,666590720,0,187630292992,121165037568,0
1791584035.7302687,0.6950328350067139,61714632704,0,61741203456,23277338624,61394554880,61394690560,666590720,0,187629920256,121165037568,0
1791584036.4195452,0.6890777219086885,61714632704,0,61741203456,23277338624,61394554880,61394690560,666590720,0,187629953024,121165037568,0
1791584037.1043332,0.684645764529705,61714632704,0,61741203456,23277338624,61394554880,61394690560,666590720,0,187630182400,121165037568,0
1791584037.7898026,0.685326712206006,61714632704,0,61741203456,23277338624,61394554880,61394690560,666590720,0,187629879296,121165037568,0
1791584038.4362369,0.6462906748056412,61714632704,0,61741203456,23277338624,61394554880,61394690560,666590720,0,187630190592,121165037568,0
1791584039.086419,0.6500401850789785,61714632704,0,61741203456,23277338624,61394554880,61394690560,666590720,0,187630227456,121165037568,0
1791584039.7291796,0.6426188834011555,61714632704,0,61741203456,23277338624,61394554880,61394690560,666590720,0,187630317568,121165037568,0
1791584040.3744395,0.6451177876442671,61714632704,0,61741203456,23277338624,61394554880,61394690560,666590720,0,187630481408,121165037568,0
1791584041.0234275,0.6488441545516253,61714632704,0,61741203456,23277338624,61394554880,61394690560,666590720,0,187630534656,121165037568,0
1791584041.6661544,0.6425864435732365,61714632704,0,61741203456,23277338624,61394554880,61394690560,666590720,0,187630628864,121165037568,0
1791584042.3207824,0.6544839534908533,61714632704,0,61741203456,23277338624,61394554880,61394690560,666590720,0,187630690304,121165037568,0
1791584042.9640317,0.6431096363812685,61714632704,0,61741203456,23277338624,61394554880,61394690560,666590720,0,187630780416,121165037568,0
1791584043.6125057,0.6483318079262972,61714632704,0,61741203456,23277338624,61394554880,61394690560,666590720,0,187630440448,121165037568,0
1791584044.2539032,0.6412559002637863,61714632704,0,61741203456,23277338624,61394554880,61394690560,666590720,0,187630534656,121165037568,0
1791584044.8958468,0.6418031360954046,61714632704,0,61741203456,23277338624,61394554880,61394690560,666590720,0,187630628864,121165037568,0
1791584045.545439,0.6494508050382137,61714632704,0,61741203456,23277338624,61394554880,61394690560,666590720,0,187631063040,121165037568,0
1791584046.1942523,0.6486705485731363,61714632704,0,61741203456,23277338624,61394554880,61394690560,666590720,0,187630575616,121165037568,0
1791584046.836223,0.6418282818049192,61714632704,0,61741203456,23277338624,61394554880,61394690560,666590720,0,187630678016,121165037568,0
1791584047.4896376,0.65327512845397,61714632704,0,61741203456,23277338624,61394554880,61394690560,666590720,0,187630530560,121165037568,0
1791584048.134328,0.6445524841547012,61714632704,0,61741203456,23277338624,61394554880,61394690560,666590720,0,187630305280,121165037568,0
1791584048.7753901,0.640924509614706,61714632704,0,61741203456,23277338624,61394554880,61394690560,666590720,0,187630399488,121165037568,0
1791584049.41672,0.6411894634366035,61714632704,0,61741203456,23277338624,61394554880,61394690560,666590720,0,187630174208,121165037568,0
1791584050.0582435,0.6413775440305471,61714632704,0,61741203456,23277338624,61394554880,61394690560,666590720,0,187630551040,121165037568,0
1791584050.7016187,0.6432375311851501,61714632704,0,61741203456,23277338624,61394554880,61394690560,666590720,0,187630645248,121165037568,0
1791584051.344114,0.6423511318862438,61714632704,0,61741203456,23277338624,61394554880,61394690560,666590720,0,187630465024,121165037568,0
1791584051.986722,0.6424625460058451,61714632704,0,61741203456,23277338624,61394554880,61394690560,666590720,0,187630559232,121165037568,0
1791584052.6303961,0.6435332875698805,61714632704,0,61741203456,23277338624,61394554880,61394690560,666590720,0,187630505984,121165037568,0
1791584053.2748299,0.6442816536873579,61714632704,0,61741203456,23277338624,61394554880,61394690560,666590720,0,187630800896,121165037568,0
1791584053.9187768,0.6437944397330284,61714632704,0,61741203456,23277338624,61394554880,61394690560,666590720,0,187630702592,121165037568,0
1791584054.570316,0.6513888332992792,61714632704,0,61741203456,23277338624,61394554880,61394690560,666590720,0,187630739456,121165037568,0
1791584055.2145338,0.6440673358738422,61714632704,0,61741203456,23277338624,61394554880,61394690560,666590720,0,187631108096,121165037568,0
1791584055.8647833,0.6500986404716969,61714632704,0,61741203456,23277338624,61394554880,61394690560,666590720,0,187631022080,121165037568,0
1791584056.515272,0.6503453720360994,61714632704,0,61741203456,23277338624,61394554880,61394690560,666590720,0,187630477312,121165037568,0
1791584057.160402,0.6449801884591579,61714632704,0,61741203456,23277338624,61394554880,61394690560,666590720,0,187630292992,121165037568,0
1791584057.818629,0.6580875851213932,61714632704,0,61741203456,23277338624,61394554880,61394690560,666590720,0,187630362624,121165037568,0
1791584058.4628425,0.6440657153725624,61714632704,0,61741203456,23277338624,61394554880,61394690560,666590720,0,187630387200,121165037568,0
1791584059.120693,0.6577009800821543,61714632704,0,61741203456,23277338624,61394554880,61394690560,666590720,0,187630407680,121165037568,0
1791584059.767141,0.6463070157915354,61714632704,0,61741203456,23277338624,61394554880,61394690560,666590720,0,187630297088,121165037568,0
1791584060.4103382,0.6430489271879196,61714632704,0,61741203456,23277338624,61394554880,61394690560,666590720,0,187630592000,121165037568,0
1791584061.065027,0.654541002586484,61714632704,0,61741203456,23277338624,61394554880,61394690560,666590720,0,187630682112,121165037568,0
1791584061.7093372,0.644154280424118,61714632704,0,61741203456,23277338624,61394554880,61394690560,666590720,0,187630776320,121165037568,0
1791584062.3599682,0.6504813525825739,61714632704,0,61741203456,23277338624,61394554880,61394690560,666590720,0,187630862336,121165037568,0
1791584063.0019271,0.6418027132749557,61714710528,0,61741203456,23277338624,61394554880,61394690560,666668544,0,187631374336,121165008896,0
1791584063.6426387,0.640570254996419,61714710528,0,61741203456,23277338624,61394599936,61394690560,666623488,0,187631190016,121165008896,0
1791584064.2894695,0.6466777510941029,61714792448,0,61741203456,23277338624,61394653184,61394690560,666652160,0,187631218688,121165008896,0
1791584064.9334307,0.6438094470649958,61714944000,0,61741203456,23277338624,61394657280,61394690560,666799616,0,187631046656,121165008896,0
1791584065.581265,0.6476845797151327,61714952192,0,61741203456,23277338624,61394653184,61394690560,666811904,0,187631427584,121165008896,0
1791584066.2333033,0.6518895700573921,61714972672,0,61741203456,23277338624,61394673664,61394690560,666811904,0,187631779840,121165008896,0
1791584066.875958,0.6425053291022778,61715763200,0,61741203456,23277338624,61394685952,61394690560,667590144,0,187632238592,121165008896,0
1791584067.528875,0.6527720373123884,61715836928,0,61741203456,23277338624,61394546688,61394690560,667803136,0,187632582656,121165008896,0
1791584068.1694682,0.6404373906552792,61716512768,0,61741203456,23277338624,61394546688,61394690560,668478976,0,187633504256,121165008896,0
1791584068.8164396,0.6468097921460867,61716512768,0,61741203456,23277338624,61394546688,61394690560,668478976,0,187633434624,121164943360,0
1791584069.4577034,0.6411158889532089,61716516864,0,61741203456,23277338624,61394546688,61394690560,668483072,0,187632975872,121164943360,0
1791584070.1003668,0.6425133813172579,61716516864,0,61741203456,23277338624,61394550784,61394690560,668478976,0,187633618944,121164943360,0
1791584070.7470636,0.6465479917824268,61716520960,0,61741203456,23277338624,61394550784,61394690560,668483072,0,187633594368,121164943360,0
1791584071.3967545,0.6495658606290817,61716525056,0,61741203456,23277338624,61394554880,61394690560,668483072,0,187633606656,121164943360,0
1791584072.0399218,0.643019400537014,61716525056,0,61741203456,23277338624,61394558976,61394690560,668478976,0,187633201152,121164943360,0
1791584072.6833434,0.6432767901569605,61716529152,0,61741203456,23277338624,61394558976,61394690560,668483072,0,187633254400,121164943360,0
1791584073.3246782,0.6411792878061533,61716533248,0,61741203456,23277338624,61394563072,61394690560,668483072,0,187633184768,121164943360,0
1791584073.9777718,0.6529424171894789,61716533248,0,61741203456,23277338624,61394567168,61394690560,668478976,0,187633164288,121164943360,0
1791584074.620192,0.6422704476863146,61716537344,0,61741203456,23277338624,61394567168,61394690560,668483072,0,187633233920,121164943360,0
1791584075.2634776,0.6431353688240051,61716537344,0,61741203456,23277338624,61394571264,61394690560,668478976,0,187633557504,121164943360,0
1791584075.908695,0.645067298784852,61716541440,0,61741203456,23277338624,61394571264,61394690560,668483072,0,187633172480,121164943360,0
1791584076.5513952,0.6425568759441376,61716545536,0,61741203456,23277338624,61394575360,61394690560,668483072,0,187633438720,121164943360,0
1791584077.1984496,0.6469086762517691,61716545536,0,61741203456,23277338624,61394579456,61394690560,668478976,0,187633508352,121164943360,0
1791584077.8465958,0.6480051819235086,61716549632,0,61741203456,23277338624,61394579456,61394690560,668483072,0,187633319936,121164943360,0
1791584078.489051,0.6423080023378134,61716549632,0,61741203456,23277338624,61394583552,61394690560,668478976,0,187633545216,121165041664,0
1791584079.1355712,0.6463831998407841,61716553728,0,61741203456,23277338624,61394583552,61394690560,668483072,0,187633610752,121165041664,0
1791584079.7825868,0.646865401417017,61716557824,0,61741203456,23277338624,61394587648,61394690560,668483072,0,187633410048,121165041664,0
1791584080.425572,0.6428371388465166,61716557824,0,61741203456,23277338624,61394591744,61394690560,668478976,0,187633344512,121165041664,0
1791584081.0728395,0.6471203193068504,61716561920,0,61741203456,23277338624,61394591744,61394690560,668483072,0,187633373184,121165041664,0
1791584081.7160769,0.6430886331945658,61716566016,0,61741203456,23277338624,61394595840,61394690560,668483072,0,187633364992,121165041664,0
1791584082.3582864,0.6420998815447092,61716566016,0,61741203456,23277338624,61394599936,61394690560,668478976,0,187633160192,121165041664,0
1791584083.0161872,0.6577622313052416,61716570112,0,61741203456,23277338624,61394599936,61394690560,668483072,0,187633360896,121165041664,0
1791584083.6585426,0.6422144807875156,61716570112,0,61741203456,23277338624,61394604032,61394690560,668478976,0,187633614848,121165041664,0
1791584084.3130407,0.654347401112318,61716574208,0,61741203456,23277338624,61394604032,61394690560,668483072,0,187633324032,121165041664,0
1791584084.9555302,0.6423458158969879,61716578304,0,61741203456,23277338624,61394608128,61394690560,668483072,0,187633258496,121165041664,0
1791584085.6032147,0.6475428491830826,61716578304,0,61741203456,23277338624,61394612224,61394690560,668478976,0,187633385472,121165041664,0
1791584086.2507856,0.6474205404520035,61716582400,0,61741203456,23277338624,61394612224,61394690560,668483072,0,187633139712,121165041664,0
1791584086.8919947,0.6410560421645641,61716586496,0,61741203456,23277338624,61394616320,61394690560,668483072,0,187632701440,121165041664,0
1791584087.534756,0.6425938215106726,61716586496,0,61741203456,23277338624,61394620416,61394690560,668478976,0,187632709632,121164980224,0
1791584088.1888428,0.6539379619061947,61716590592,0,61741203456,23277338624,61394620416,61394690560,668483072,0,187633037312,121164980224,0
1791584088.833597,0.6446049157530069,61716590592,0,61741203456,23277338624,61394624512,61394690560,668478976,0,187632644096,121164980224,0
1791584089.4814472,0.6477079764008522,61716594688,0,61741203456,23277338624,61394624512,61394690560,668483072,0,187632881664,121164980224,0
1791584090.1316276,0.6500383224338293,61716598784,0,61741203456,23277338624,61394628608,61394690560,668483072,0,187633287168,121164980224,0
1791584090.775693,0.6439151093363762,61716598784,0,61741203456,23277338624,61394632704,61394690560,668478976,0,187633360896,121164980224,0
1791584091.4303882,0.654547868296504,61716602880,0,61741203456,23277338624,61394632704,61394690560,668483072,0,187633418240,121164980224,0
1791584092.0787117,0.6481738016009331,61716602880,0,61741203456,23277338624,61394636800,61394690560,668478976,0,187633229824,121164980224,0
1791584092.7329798,0.6541181243956089,61716606976,0,61741203456,23277338624,61394636800,61394690560,668483072,0,187633078272,121164980224,0
1791584093.3832953,0.6501661222428083,61716611072,0,61741203456,23277338624,61394640896,61394690560,668483072,0,187632603136,121164980224,0
1791584094.0308368,0.6473897285759449,61716611072,0,61741203456,23277338624,61394644992,61394690560,668478976,0,187632680960,121164980224,0
1791584094.6898327,0.6588465496897697,61716615168,0,61741203456,23277338624,61394644992,61394690560,668483072,0,187632926720,121164980224,0
1791584095.3410857,0.6511065810918808,61716619264,0,61741203456,23277338624,61394649088,61394690560,668483072,0,187632988160,121164980224,0
1791584095.9890242,0.6478387843817472,61716619264,0,61741203456,23277338624,61394653184,61394690560,668478976,0,187632824320,121164980224,0
1791584096.6407053,0.651538698002696,61716623360,0,61741203456,23277338624,61394653184,61394690560,668483072,0,187633164288,121164980224,0
1791584097.2873733,0.6465201433748007,61716623360,0,61741203456,23277338624,61394657280,61394690560,668478976,0,187632918528,121164980224,0
1791584097.9317522,0.6442299839109182,61716627456,0,61741203456,23277338624,61394657280,61394690560,668483072,0,187633180672,121164980224,0
1791584098.579045,0.6471415441483259,61716631552,0,61741203456,23277338624,61394661376,61394690560,668483072,0,187633250304,121164980224,0
1791584099.2256734,0.6464883144944906,61716631552,0,61741203456,23277338624,61394665472,61394690560,668478976,0,187633049600,121164980224,0
1791584099.8820858,0.6562630832195282,61716635648,0,61741203456,23277338624,61394665472,61394690560,668483072,0,187632844800,121164980224,0
1791584100.5289316,0.646741971373558,61716639744,0,61741203456,23277338624,61394669568,61394690560,668483072,0,187633020928,121164943360,0
1791584101.1801376,0.6510544661432505,61716639744,0,61741203456,23277338624,61394673664,61394690560,668478976,0,187633033216,121164943360,0
1791584101.8255985,0.6453048326075077,61716643840,0,61741203456,23277338624,61394673664,61394690560,668483072,0,187633106944,121164943360,0
1791584102.4979892,0.6722411550581455,61716643840,0,61741203456,23277338624,61394677760,61394690560,668478976,0,187632603136,121164943360,0
1791584103.1484895,0.6503581702709198,61716647936,0,61741203456,23277338624,61394677760,61394690560,668483072,0,187632635904,121164943360,0
1791584103.7958589,0.64722646959126,61716652032,0,61741203456,23277338624,61394681856,61394690560,668483072,0,187632467968,121164943360,0
1791584104.4448926,0.6488807201385498,61716652032,0,61741203456,23277338624,61394685952,61394690560,668478976,0,187631472640,121164943360,0
1791584105.1009061,0.6558644026517868,61715808256,0,61741203456,23277338624,61394685952,61394690560,667635200,0,187631665152,121164943360,0
1791584105.7494102,0.6483617108315229,61715881984,0,61741203456,23277338624,61394685952,61394690560,667708928,0,187632205824,121164943360,0
1791584106.430917,0.6813595313578844,61715988480,0,62294851584,22723690496,61394685952,61394690560,1221463552,0,187632021504,121164943360,0
1791584107.0769544,0.645899124443531,61715996672,0,62294851584,22723690496,61394685952,61394690560,1221471744,0,187632099328,121164943360,0
1791584107.7452977,0.668203504756093,61716058112,0,62294851584,22723690496,61394685952,61394690560,1221533184,0,187632410624,121164943360,0
1791584108.6090436,0.8635995164513588,61716070400,0,61741203456,23277338624,61394685952,61394690560,667897344,0,187632021504,121164943360,0
1791584109.256852,0.6476627849042416,61715963904,0,61741203456,23277338624,61394685952,61394690560,667790848,0,187631984640,121164943360,0
1791584109.92068,0.6636841148138046,61715963904,0,61741203456,23277338624,61394685952,61394690560,667790848,0,187632046080,121164943360,0
1791584110.5757332,0.6549076121300459,61715963904,0,61741203456,23277338624,61394685952,61394690560,667790848,0,187632160768,121164943360,0
1791584111.2287927,0.6529177445918322,61715963904,0,61741203456,23277338624,61394685952,61394690560,667790848,0,187632136192,121164943360,0
1791584111.876915,0.6479799877852201,61715968000,0,61741203456,23277338624,61394685952,61394690560,667794944,0,187632480256,121164943360,0
1791584112.52814,0.6510828193277121,61716316160,0,61741203456,23277338624,61394685952,61394690560,668143104,0,187632386048,121164943360,0
1791584113.1840808,0.6557934060692787,61716316160,0,61741203456,23277338624,61394685952,61394690560,668143104,0,187632480256,121164943360,0
1791584113.8374288,0.6532425079494715,61716316160,0,61741203456,23277338624,61394685952,61394690560,668143104,0,187632771072,121164943360,0
1791584114.4866843,0.6491121388971806,61716320256,0,61741203456,23277338624,61394685952,61394690560,668147200,0,187632779264,121164943360,0
1791584115.140817,0.6539860274642706,61716328448,0,61741203456,23277338624,61394685952,61394690560,668155392,0,187632943104,121164943360,0
1791584115.7893796,0.6484150402247906,61716328448,0,61741203456,23277338624,61394685952,61394690560,668155392,0,187632656384,121164943360,0
1791584116.4414797,0.6519570481032133,61716328448,0,61741203456,23277338624,61394685952,61394690560,668155392,0,187632746496,121164943360,0
1791584117.0885637,0.6469378992915154,61716328448,0,61741203456,23277338624,61394685952,61394690560,668155392,0,187632648192,121164943360,0
1791584117.7453904,0.6566799897700548,61716332544,0,61741203456,23277338624,61394685952,61394690560,668159488,0,187632877568,121164943360,0
1791584118.4016275,0.6560950074344873,61716332544,0,61741203456,23277338624,61394685952,61394690560,668159488,0,187632599040,121164943360,0
1791584119.0486102,0.6468357313424349,61716332544,0,61741203456,23277338624,61394685952,61394690560,668159488,0,187632418816,121164943360,0
1791584119.7118976,0.6631421037018299,61716332544,0,61741203456,23277338624,61394685952,61394690560,668159488,0,187632504832,121164943360,0
1791584120.3606575,0.6486119963228703,61716332544,0,61741203456,23277338624,61394685952,61394690560,668159488,0,187632775168,121164943360,0
1791584121.0134022,0.6525958236306906,61716332544,0,61741203456,23277338624,61394685952,61394690560,668159488,0,187632873472,121164943360,0
1791584121.6653724,0.651819609105587,61716332544,0,61741203456,23277338624,61394685952,61394690560,668159488,0,187632443392,121164943360,0
1791584122.3150241,0.6495057381689548,61716332544,0,61741203456,23277338624,61394685952,61394690560,668159488,0,187632533504,121164943360,0
1791584122.9670968,0.6519230399280787,61716336640,0,61741203456,23277338624,61394685952,61394690560,668163584,0,187632197632,121164943360,0
1791584123.6206255,0.6533771920949221,61716336640,0,61741203456,23277338624,61394685952,61394690560,668163584,0,187632140288,121164943360,0
1791584124.2745445,0.6537708174437284,61716336640,0,61741203456,23277338624,61394685952,61394690560,668163584,0,187632115712,121164943360,0
1791584124.9449506,0.6702516190707684,61716336640,0,61741203456,23277338624,61394685952,61394690560,668163584,0,187632201728,121164943360,0
1791584125.5943298,0.6492189485579729,61716336640,0,61741203456,23277338624,61394685952,61394690560,668163584,0,187632644096,121164943360,0
1791584126.2522624,0.6577735431492329,61716336640,0,61741203456,23277338624,61394685952,61394690560,668163584,0,187632754688,121164943360,0
1791584126.9080174,0.6556028798222542,61716336640,0,61741203456,23277338624,61394685952,61394690560,668163584,0,187632562176,121164943360,0
1791584127.8101993,0.9020307585597038,61716336640,0,61741203456,23277338624,61394685952,61394690560,668163584,0,187632599040,121164943360,0
1791584128.4636564,0.6533041875809431,61716340736,0,61741203456,23277338624,61394685952,61394690560,668167680,0,187632926720,121164943360,0
1791584129.1423097,0.6785020753741264,61716340736,0,61741203456,23277338624,61394685952,61394690560,668167680,0,187632529408,121164943360,0
1791584129.788,0.6455448660999537,61716340736,0,61741203456,23277338624,61394685952,61394690560,668167680,0,187632349184,121164943360,0
1791584130.7518547,0.9637131467461586,61716340736,0,61741203456,23277338624,61394685952,61394690560,668167680,0,187632742400,121164943360,0
1791584131.4700568,0.7180593684315681,61716340736,0,61741203456,23277338624,61394685952,61394690560,668167680,0,187632820224,121164943360,0
1791584132.1115198,0.6413342971354723,61716340736,0,61741203456,23277338624,61394685952,61394690560,668167680,0,187632533504,121164943360,0
1791584132.7537506,0.6420817114412785,61716340736,0,61741203456,23277338624,61394685952,61394690560,668167680,0,187632566272,121164943360,0
1791584133.4024985,0.6485996171832085,61716344832,0,61741203456,23277338624,61394685952,61394690560,668171776,0,187632656384,121164943360,0
1791584134.0594988,0.6568539123982191,61716344832,0,61741203456,23277338624,61394685952,61394690560,668171776,0,187632467968,121164943360,0
1791584134.8218682,0.7622281927615404,61716344832,0,61741203456,23277338624,61394685952,61394690560,668171776,0,187632123904,121164943360,0
1791584135.4785836,0.6565038319677114,61716344832,0,61741203456,23277338624,61394685952,61394690560,668171776,0,187632971776,121164943360,0
1791584136.128672,0.6499379128217697,61716344832,0,61741203456,23277338624,61394685952,61394690560,668171776,0,187632877568,121164943360,0
1791584136.7834778,0.654625479131937,61716344832,0,61741203456,23277338624,61394685952,61394690560,668171776,0,187632893952,121164943360,0
1791584137.4430969,0.65946289524436,61716344832,0,61741203456,23277338624,61394685952,61394690560,668171776,0,187632959488,121164943360,0
1791584138.1055424,0.6622912995517254,61716344832,0,61741203456,23277338624,61394685952,61394690560,668171776,0,187633090560,121164943360,0
1791584138.7717383,0.6660456266254187,61716348928,0,61741203456,23277338624,61394685952,61394690560,668175872,0,187632623616,121164943360,0
1791584139.418334,0.6464450005441904,61716348928,0,61741203456,23277338624,61394685952,61394690560,668175872,0,187632918528,121164943360,0
1791584140.0769088,0.6584248542785645,61716348928,0,61741203456,23277338624,61394685952,61394690560,668175872,0,187633160192,121164943360,0
1791584140.7215567,0.6445067822933197,61716348928,0,61741203456,23277338624,61394685952,61394690560,668175872,0,187632992256,121164943360,0
1791584141.3749008,0.6531954240053892,61716348928,0,61741203456,23277338624,61394685952,61394690560,668175872,0,187632836608,121164943360,0
1791584142.0255556,0.6504974942654371,61716348928,0,61741203456,23277338624,61394685952,61394690560,668175872,0,187632844800,121164943360,0
1791584142.6740572,0.6483491379767656,61716348928,0,61741203456,23277338624,61394685952,61394690560,668175872,0,187632775168,121164943360,0
1791584143.3373387,0.6631490159779787,61716348928,0,61741203456,23277338624,61394685952,61394690560,668175872,0,187632640000,121164943360,0
1791584143.9814537,0.6439730264246464,61716353024,0,61741203456,23277338624,61394685952,61394690560,668179968,0,187632676864,121164943360,0
1791584144.6356988,0.6541028544306755,61716353024,0,61741203456,23277338624,61394685952,61394690560,668179968,0,187632705536,121164943360,0
1791584145.2783778,0.6425215769559145,61716353024,0,61741203456,23277338624,61394685952,61394690560,668179968,0,187633020928,121164943360,0
1791584145.922733,0.644203782081604,61716353024,0,61741203456,23277338624,61394685952,61394690560,668179968,0,187633020928,121164943360,0
1791584146.6110492,0.6881761569529772,61716353024,0,61741203456,23277338624,61394685952,61394690560,668179968,0,187632230400,121164943360,0
1791584147.272835,0.661644758656621,61716353024,0,61741203456,23277338624,61394685952,61394690560,668179968,0,187632275456,121164943360,0
1791584147.9202487,0.6472704987972975,61716353024,0,61741203456,23277338624,61394685952,61394690560,668179968,0,187632361472,121164943360,0
1791584148.5809352,0.6605434063822031,61716353024,0,61741203456,23277338624,61394685952,61394690560,668179968,0,187632721920,121164943360,0
1791584149.2348568,0.6537715755403042,61716357120,0,61741203456,23277338624,61394685952,61394690560,668184064,0,187632369664,121164943360,0
1791584149.8831534,0.6481356639415026,61716357120,0,61741203456,23277338624,61394685952,61394690560,668184064,0,187632390144,121164943360,0
1791584150.533728,0.6504201553761959,61716357120,0,61741203456,23277338624,61394685952,61394690560,668184064,0,187632734208,121164943360,0
1791584151.179892,0.6460168175399303,61716357120,0,61741203456,23277338624,61394685952,61394690560,668184064,0,187632766976,121164943360,0
1791584151.8702428,0.6902066208422184,61716357120,0,61741203456,23277338624,61394685952,61394690560,668184064,0,187632635904,121164943360,0
1791584152.5166576,0.6462710630148649,61716357120,0,61741203456,23277338624,61394685952,61394690560,668184064,0,187632357376,121164943360,0
1791584153.172085,0.6552852485328913,61716357120,0,61741203456,23277338624,61394685952,61394690560,668184064,0,187632451584,121164943360,0
1791584153.815103,0.6429165992885828,61716357120,0,61741203456,23277338624,61394685952,61394690560,668184064,0,187632451584,121164943360,0
1791584154.464639,0.6493863109499216,61716361216,0,61741203456,23277338624,61394685952,61394690560,668188160,0,187632410624,121164943360,0
1791584155.1166587,0.6518786195665598,61716361216,0,61741203456,23277338624,61394685952,61394690560,668188160,0,187632775168,121164943360,0
1791584155.7607899,0.6439776699990034,61716361216,0,61741203456,23277338624,61394685952,61394690560,668188160,0,187632529408,121164943360,0
1791584156.4034796,0.6425445955246687,61716361216,0,61741203456,23277338624,61394685952,61394690560,668188160,0,187632488448,121164943360,0
1791584157.0612879,0.6576595362275839,61716361216,0,61741203456,23277338624,61394685952,61394690560,668188160,0,187632582656,121164943360,0
1791584157.704921,0.6434826292097569,61716361216,0,61741203456,23277338624,61394685952,61394690560,668188160,0,187632844800,121164943360,0
1791584158.353917,0.6488457527011633,61716361216,0,61741203456,23277338624,61394685952,61394690560,668188160,0,187632713728,121164943360,0
1791584159.003236,0.6491735707968473,61716361216,0,61741203456,23277338624,61394685952,61394690560,668188160,0,187632537600,121164943360,0
1791584159.6487527,0.6453659813851118,61716365312,0,61741203456,23277338624,61394685952,61394690560,668192256,0,187632492544,121164943360,0
1791584160.302688,0.653741741552949,61716365312,0,61741203456,23277338624,61394685952,61394690560,668192256,0,187633156096,121164943360,0
1791584160.9432342,0.6403985880315304,61716365312,0,61741203456,23277338624,61394685952,61394690560,668192256,0,187632988160,121164943360,0
1791584161.5950067,0.651623547077179,61716365312,0,61741203456,23277338624,61394685952,61394690560,668192256,0,187632775168,121164943360,0
1791584162.23536,0.6402025483548641,61716365312,0,61741203456,23277338624,61394685952,61394690560,668192256,0,187632758784,121164943360,0
1791584162.8759525,0.6404452193528414,61716365312,0,61741203456,23277338624,61394685952,61394690560,668192256,0,187632852992,121164943360,0
1791584163.5298357,0.65373301692307,61716365312,0,61741203456,23277338624,61394685952,61394690560,668192256,0,187632644096,121164943360,0
1791584164.1695597,0.6395692899823189,61716365312,0,61741203456,23277338624,61394685952,61394690560,668192256,0,187632742400,121164943360,0
1791584164.8144562,0.64474624581635,61716369408,0,61741203456,23277338624,61394685952,61394690560,668196352,0,187632828416,121164943360,0
1791584165.4682894,0.6536783594638109,61716369408,0,61741203456,23277338624,61394685952,61394690560,668196352,0,187633283072,121164943360,0
1791584166.10846,0.6400212775915861,61716369408,0,61741203456,23277338624,61394685952,61394690560,668196352,0,187634880512,121164943360,0
1791584166.7488325,0.6402240749448538,61716369408,0,61741203456,23277338624,61394685952,61394690560,668196352,0,187642261504,121164943360,0
1791584167.3932946,0.6443127915263176,61716369408,0,61741203456,23277338624,61394685952,61394690560,668196352,0,187633860608,121164943360,0
1791584168.0334985,0.6400535199791193,61716369408,0,61741203456,23277338624,61394685952,61394690560,668196352,0,187633610752,121164943360,0
1791584168.6760118,0.6423593815416098,61716369408,0,61741203456,23277338624,61394685952,61394690560,668196352,0,187633430528,121164943360,0
1791584169.3148189,0.6386575791984797,61716369408,0,61741203456,23277338624,61394685952,61394690560,668196352,0,187633250304,121164943360,0
1791584169.9617968,0.6468310263007879,61716373504,0,61741203456,23277338624,61394685952,61394690560,668200448,0,187633340416,121164943360,0
1791584170.607416,0.64545963332057,61716373504,0,61741203456,23277338624,61394685952,61394690560,668200448,0,187633393664,121164943360,0
1791584171.2461064,0.6385506205260754,61716373504,0,61741203456,23277338624,61394685952,61394690560,668200448,0,187633491968,121164943360,0
1791584171.8900132,0.6437603905797005,61716373504,0,61741203456,23277338624,61394685952,61394690560,668200448,0,187633176576,121164943360,0
1791584172.5359523,0.6458012759685516,61716373504,0,61741203456,23277338624,61394685952,61394690560,668200448,0,187633262592,121164943360,0
1791584173.175429,0.6393292918801308,61716373504,0,61741203456,23277338624,61394685952,61394690560,668200448,0,187633561600,121164943360,0
1791584173.8167212,0.6411541290581226,61716373504,0,61741203456,23277338624,61394685952,61394690560,668200448,0,187633373184,121164943360,0
1791584174.4614394,0.6445763241499662,61716373504,0,61741203456,23277338624,61394685952,61394690560,668200448,0,187633467392,121164943360,0
1791584175.0996342,0.6380540672689676,61716377600,0,61741203456,23277338624,61394685952,61394690560,668204544,0,187633639424,121164943360,0
1791584175.7471704,0.6473871488124132,61716377600,0,61741203456,23277338624,61394685952,61394690560,668204544,0,187633455104,121164943360,0
1791584176.388858,0.6414830926805735,61716377600,0,61741203456,23277338624,61394685952,61394690560,668204544,0,187632988160,121164943360,0
1791584177.0281575,0.6391576360911131,61716377600,0,61741203456,23277338624,61394685952,61394690560,668204544,0,187632689152,121164943360,0
1791584177.6810308,0.6527173481881618,61716377600,0,61741203456,23277338624,61394685952,61394690560,668204544,0,187632750592,121164943360,0
1791584178.3232908,0.6421170327812433,61716377600,0,61741203456,23277338624,61394685952,61394690560,668204544,0,187632484352,121164943360,0
1791584178.97473,0.6512948907911777,61716377600,0,61741203456,23277338624,61394685952,61394690560,668204544,0,187632574464,121164943360,0
1791584179.614922,0.6400462109595537,61716377600,0,61741203456,23277338624,61394685952,61394690560,668204544,0,187632668672,121164943360,0
1791584180.256442,0.6413784120231867,61716381696,0,61741203456,23277338624,61394685952,61394690560,668208640,0,187632865280,121164943360,0
1791584180.9077268,0.6511254254728556,61716381696,0,61741203456,23277338624,61394685952,61394690560,668208640,0,187632959488,121164943360,0
1791584181.5467842,0.6389049645513296,61716381696,0,61741203456,23277338624,61394685952,61394690560,668208640,0,187633299456,121164943360,0
1791584182.186095,0.6391641609370708,61716381696,0,61741203456,23277338624,61394685952,61394690560,668208640,0,187633135616,121164939264,0
1791584182.8376539,0.6514119114726782,61716381696,0,61741203456,23277338624,61394685952,61394690560,668208640,0,187633221632,121164939264,0
1791584183.482829,0.645028131082654,61716381696,0,61741203456,23277338624,61394685952,61394690560,668208640,0,187632599040,121164939264,0
1791584184.1245415,0.6415607687085867,61716381696,0,61741203456,23277338624,61394685952,61394690560,668208640,0,187632615424,121164939264,0
1791584184.7769656,0.6522733848541975,61716381696,0,61741203456,23277338624,61394685952,61394690560,668208640,0,187632291840,121164939264,0
1791584185.4173841,0.6402641348540783,61716385792,0,61741203456,23277338624,61394685952,61394690560,668212736,0,187632451584,121164939264,0
1791584186.0687976,0.6512648183852434,61716385792,0,61741203456,23277338624,61394685952,61394690560,668212736,0,187632803840,121164939264,0
1791584186.7081518,0.639202032238245,61716385792,0,61741203456,23277338624,61394685952,61394690560,668212736,0,187632361472,121164939264,0
1791584187.359352,0.6510453149676323,61716385792,0,61741203456,23277338624,61394685952,61394690560,668212736,0,187632689152,121164939264,0
1791584188.0044925,0.6449917331337929,61716385792,0,61741203456,23277338624,61394685952,61394690560,668212736,0,187632779264,121164939264,0
1791584188.646744,0.6421046014875174,61716385792,0,61741203456,23277338624,61394685952,61394690560,668212736,0,187632877568,121164939264,0
1791584189.292305,0.6454127673059702,61716385792,0,61741203456,23277338624,61394685952,61394690560,668212736,0,187632697344,121164939264,0
1791584189.938823,0.646368520334363,61716385792,0,61741203456,23277338624,61394685952,61394690560,668212736,0,187632324608,121164939264,0
1791584190.5820935,0.6431247983127832,61716389888,0,61741203456,23277338624,61394685952,61394690560,668216832,0,187632734208,121164939264,0
1791584191.2299974,0.6477426402270794,61716389888,0,61741203456,23277338624,61394685952,61394690560,668216832,0,187632832512,121164939264,0
1791584191.8779047,0.6477563269436359,61716389888,0,61741203456,23277338624,61394685952,61394690560,668216832,0,187632345088,121164939264,0
1791584192.5193,0.6412422023713589,61716389888,0,61741203456,23277338624,61394685952,61394690560,668216832,0,187632439296,121164939264,0
1791584193.1679006,0.64845010638237,61716389888,0,61741203456,23277338624,61394685952,61394690560,668216832,0,187632533504,121164939264,0
1791584193.8094816,0.6414225790649652,61716389888,0,61741203456,23277338624,61394685952,61394690560,668216832,0,187632361472,121164939264,0
1791584194.4516556,0.642023891210556,61716389888,0,61741203456,23277338624,61394685952,61394690560,668216832,0,187632451584,121164939264,0
1791584195.1004994,0.6486415583640337,61716393984,0,61741203456,23277338624,61394685952,61394690560,668220928,0,187632668672,121164939264,0
1791584195.7406776,0.6400285921990871,61716398080,0,61741203456,23277338624,61394685952,61394690560,668225024,0,187633004544,121164939264,0
1791584196.3930128,0.6521820165216923,61716398080,0,61741203456,23277338624,61394685952,61394690560,668225024,0,187633082368,121164939264,0
1791584197.033768,0.6406056135892868,61716398080,0,61741203456,23277338624,61394685952,61394690560,668225024,0,187641925632,121164939264,0
1791584197.9422138,0.9082895498722792,61716402176,0,61741203456,23277338624,61394685952,61394690560,668229120,0,187633033216,121164935168,0
1791584198.692268,0.7499047722667456,61716410368,0,61741203456,23277338624,61394685952,61394690560,668237312,0,187632943104,121164935168,0
1791584199.3334522,0.6410333663225174,61716410368,0,61741203456,23277338624,61394685952,61394690560,668237312,0,187632734208,121164935168,0
1791584200.0026753,0.6690813824534416,61716410368,0,61741203456,23277338624,61394685952,61394690560,668237312,0,187633795072,121164951552,0
1791584200.6537848,0.6509661991149187,61716414464,0,61741203456,23277338624,61394685952,61394690560,668241408,0,187633258496,121164951552,0
1791584201.2965047,0.6425776518881321,61716414464,0,61741203456,23277338624,61394685952,61394690560,668241408,0,187633209344,121164951552,0
1791584201.9527564,0.6561098378151655,61716414464,0,61741203456,23277338624,61394685952,61394690560,668241408,0,187632877568,121164951552,0
1791584202.5932808,0.6403776444494724,61716414464,0,61741203456,23277338624,61394685952,61394690560,668241408,0,187632963584,121164951552,0
1791584203.242046,0.6486220769584179,61716414464,0,61741203456,23277338624,61394685952,61394690560,668241408,0,187632820224,121164951552,0
1791584203.8807178,0.6385297402739525,61716414464,0,61741203456,23277338624,61394685952,61394690560,668241408,0,187632893952,121164951552,0
1791584204.5175662,0.636707991361618,61716414464,0,61741203456,23277338624,61394685952,61394690560,668241408,0,187632979968,121164951552,0
1791584205.1677613,0.6500561181455851,61716414464,0,61741203456,23277338624,61394685952,61394690560,668241408,0,187633160192,121164951552,0
1791584205.8072135,0.6393135637044907,61716418560,0,61741203456,23277338624,61394685952,61394690560,668245504,0,187633221632,121164951552,0
1791584206.4496672,0.6423143539577723,61716418560,0,61741203456,23277338624,61394685952,61394690560,668245504,0,187632967680,121164951552,0
1791584207.0924475,0.6426378469914198,61716418560,0,61741203456,23277338624,61394685952,61394690560,668245504,0,187633057792,121164951552,0
1791584207.728885,0.6362961139529943,61716418560,0,61741203456,23277338624,61394685952,61394690560,668245504,0,187633152000,121164951552,0
1791584208.3707166,0.6416905373334885,61716418560,0,61741203456,23277338624,61394685952,61394690560,668245504,0,187633246208,121164951552,0
1791584209.0169978,0.6461374647915363,61716418560,0,61741203456,23277338624,61394685952,61394690560,668245504,0,187632807936,121164951552,0
1791584209.6555898,0.6384508945047855,61716418560,0,61741203456,23277338624,61394685952,61394690560,668245504,0,187633143808,121164951552,0
1791584210.3020554,0.6463243216276169,61716418560,0,61741203456,23277338624,61394685952,61394690560,668245504,0,187633537024,121164935168,0
1791584210.9401128,0.6379273142665625,61716422656,0,61741203456,23277338624,61394685952,61394690560,668249600,0,187633389568,121164935168,0
1791584211.583171,0.6429149191826582,61716422656,0,61741203456,23277338624,61394685952,61394690560,668249600,0,187633233920,121164935168,0
1791584212.2272916,0.6439740806818008,61716422656,0,61741203456,23277338624,61394685952,61394690560,668249600,0,187633045504,121164935168,0
1791584212.8635147,0.6360806692391634,61716422656,0,61741203456,23277338624,61394685952,61394690560,668249600,0,187633106944,121164935168,0
1791584213.5124376,0.6487798765301704,61716422656,0,61741203456,23277338624,61394685952,61394690560,668249600,0,187633201152,121164935168,0
1791584214.1483462,0.6357662007212639,61716422656,0,61741203456,23277338624,61394685952,61394690560,668249600,0,187633184768,121164935168,0
1791584214.7846024,0.6361164078116417,61716422656,0,61741203456,23277338624,61394685952,61394690560,668249600,0,187633283072,121164935168,0
1791584215.43412,0.649378327652812,61716422656,0,61741203456,23277338624,61394685952,61394690560,668249600,0,187633455104,121164935168,0
1791584216.0696635,0.635396821424365,61716422656,0,61741203456,23277338624,61394685952,61394690560,668249600,0,187633532928,121164935168,0
1791584216.7058969,0.6360927298665047,61716426752,0,61741203456,23277338624,61394685952,61394690560,668253696,0,187633627136,121164935168,0
1791584217.3470137,0.6409751567989588,61716426752,0,61741203456,23277338624,61394685952,61394690560,668253696,0,187633537024,121164935168,0
1791584217.9905794,0.6434247642755508,61716426752,0,61741203456,23277338624,61394685952,61394690560,668253696,0,187633348608,121164935168,0
1791584218.629504,0.6387855540961027,61716426752,0,61741203456,23277338624,61394685952,61394690560,668253696,0,187633442816,121164935168,0
1791584219.2819118,0.6522558033466339,61716426752,0,61741203456,23277338624,61394685952,61394690560,668253696,0,187633217536,121164935168,0
1791584219.9190626,0.6370083913207054,61716426752,0,61741203456,23277338624,61394685952,61394690560,668253696,0,187632926720,121164935168,0
1791584220.5742698,0.655082318931818,61716426752,0,61741203456,23277338624,61394685952,61394690560,668253696,0,187632783360,121164935168,0
1791584221.217001,0.6425690781325102,61716426752,0,61741203456,23277338624,61394685952,61394690560,668253696,0,187632844800,121164935168,0
1791584221.8607147,0.643563961610198,61716430848,0,61741203456,23277338624,61394685952,61394690560,668257792,0,187632783360,121164935168,0
1791584222.5169208,0.6560554392635822,61716430848,0,61741203456,23277338624,61394685952,61394690560,668257792,0,187632812032,121164935168,0
1791584223.1593118,0.6422410234808922,61716430848,0,61741203456,23277338624,61394685952,61394690560,668257792,0,187632783360,121164935168,0
1791584223.81205,0.6525899562984705,61716430848,0,61741203456,23277338624,61394685952,61394690560,668257792,0,187633065984,121164935168,0
1791584224.4537964,0.6416085362434387,61716430848,0,61741203456,23277338624,61394685952,61394690560,668257792,0,187633094656,121164935168,0
1791584225.0965664,0.6426218673586845,61716430848,0,61741203456,23277338624,61394685952,61394690560,668257792,0,187633537024,121164935168,0
1791584225.749928,0.653202798217535,61716430848,0,61741203456,23277338624,61394685952,61394690560,668257792,0,187633442816,121164935168,0
1791584226.3926556,0.6425759475678205,61716430848,0,61741203456,23277338624,61394685952,61394690560,668257792,0,187632943104,121164935168,0
1791584227.0466254,0.6538205649703741,61716434944,0,61741203456,23277338624,61394685952,61394690560,668261888,0,187633111040,121164935168,0
1791584227.6903296,0.6435516923666,61716434944,0,61741203456,23277338624,61394685952,61394690560,668261888,0,187632873472,121164935168,0
1791584228.3572338,0.6667584907263517,61716434944,0,61741203456,23277338624,61394685952,61394690560,668261888,0,187632832512,121164935168,0
1791584229.0028021,0.6453608777374029,61716434944,0,61741203456,23277338624,61394685952,61394690560,668261888,0,187633184768,121164935168,0
1791584229.6434562,0.6405068263411522,61716434944,0,61741203456,23277338624,61394685952,61394690560,668261888,0,187632918528,121164935168,0
1791584230.2993093,0.6557056158781052,61716434944,0,61741203456,23277338624,61394685952,61394690560,668261888,0,187633471488,121164935168,0
1791584230.942649,0.6431854218244553,61716434944,0,61741203456,23277338624,61394685952,61394690560,668261888,0,187632943104,121164935168,0
1791584231.5898318,0.647036399692297,61716434944,0,61741203456,23277338624,61394685952,61394690560,668261888,0,187632742400,121164935168,0
1791584232.2395606,0.6495892759412527,61716439040,0,61741203456,23277338624,61394685952,61394690560,668265984,0,187632766976,121164935168,0
1791584232.8827488,0.6430383902043104,61716439040,0,61741203456,23277338624,61394685952,61394690560,668265984,0,187632852992,121164935168,0
1791584233.5354304,0.6525318808853626,61716439040,0,61741203456,23277338624,61394685952,61394690560,668265984,0,187632881664,121164935168,0
1791584234.179266,0.643683286383748,61716439040,0,61741203456,23277338624,61394685952,61394690560,668265984,0,187632656384,121164935168,0
1791584234.8234212,0.644006846472621,61716439040,0,61741203456,23277338624,61394685952,61394690560,668265984,0,187632746496,121164935168,0
1791584235.4775872,0.6540159676223993,61716439040,0,61741203456,23277338624,61394685952,61394690560,668265984,0,187632926720,121164935168,0
1791584236.1216345,0.6439008880406618,61716439040,0,61741203456,23277338624,61394685952,61394690560,668265984,0,187632930816,121164935168,0
1791584236.7713463,0.6495643313974142,61716439040,0,61741203456,23277338624,61394685952,61394690560,668265984,0,187633000448,121164935168,0
1791584237.4142203,0.6427238807082176,61716443136,0,61741203456,23277338624,61394685952,61394690560,668270080,0,187632685056,121164935168,0
1791584238.0547647,0.6403958052396774,61716443136,0,61741203456,23277338624,61394685952,61394690560,668270080,0,187632689152,121164935168,0
1791584238.6962163,0.6413045283406973,61716443136,0,61741203456,23277338624,61394685952,61394690560,668270080,0,187632664576,121164935168,0
1791584239.3412912,0.6449261959642172,61716443136,0,61741203456,23277338624,61394685952,61394690560,668270080,0,187632918528,121164935168,0
1791584239.990465,0.6490262635052204,61716443136,0,61741203456,23277338624,61394685952,61394690560,668270080,0,187633012736,121164935168,0
1791584240.63353,0.6429132837802172,61716443136,0,61741203456,23277338624,61394685952,61394690560,668270080,0,187633176576,121164935168,0
1791584241.2747145,0.6410355642437935,61716443136,0,61741203456,23277338624,61394685952,61394690560,668270080,0,187632963584,121164935168,0
1791584241.9292448,0.6543806679546833,61716443136,0,61741203456,23277338624,61394685952,61394690560,668270080,0,187632955392,121164935168,0
1791584242.5717747,0.6423780340701342,61716447232,0,61741203456,23277338624,61394685952,61394690560,668274176,0,187632836608,121164935168,0
1791584243.2211242,0.6492004226893187,61716447232,0,61741203456,23277338624,61394685952,61394690560,668274176,0,187632652288,121164935168,0
1791584243.8652189,0.6439410038292408,61716447232,0,61741203456,23277338624,61394685952,61394690560,668274176,0,187632979968,121164935168,0
1791584244.5075758,0.642206834629178,61716447232,0,61741203456,23277338624,61394685952,61394690560,668274176,0,187632680960,121164935168,0
1791584245.1559536,0.6482228636741638,61716447232,0,61741203456,23277338624,61394685952,61394690560,668274176,0,187633311744,121164935168,0
1791584245.8038416,0.647741787135601,61716447232,0,61741203456,23277338624,61394685952,61394690560,668274176,0,187633389568,121164935168,0
1791584246.4505017,0.6465065833181143,61716447232,0,61741203456,23277338624,61394685952,61394690560,668274176,0,187633446912,121164935168,0
1791584247.0991478,0.6484888065606356,61716451328,0,61741203456,23277338624,61394685952,61394690560,668278272,0,187633405952,121164935168,0
1791584247.7570736,0.6577701028436422,61716451328,0,61741203456,23277338624,61394685952,61394690560,668278272,0,187632930816,121164935168,0
1791584248.4192677,0.6620805654674768,61716451328,0,61741203456,23277338624,61394685952,61394690560,668278272,0,187633254400,121164935168,0
1791584249.1008701,0.6814600899815559,61716451328,0,61741203456,23277338624,61394685952,61394690560,668278272,0,187632676864,121164935168,0
1791584249.753553,0.6525386720895767,61716451328,0,61741203456,23277338624,61394685952,61394690560,668278272,0,187632680960,121164935168,0
1791584250.4274964,0.6738025657832623,61716451328,0,61741203456,23277338624,61394685952,61394690560,668278272,0,187632664576,121164935168,0
1791584251.101521,0.6738815363496542,61716451328,0,61741203456,23277338624,61394685952,61394690560,668278272,0,187632447488,121164935168,0
1791584251.7635205,0.661852290853858,61716451328,0,61741203456,23277338624,61394685952,61394690560,668278272,0,187632427008,121164935168,0
1791584252.4382017,0.6745140962302685,61716455424,0,61741203456,23277338624,61394685952,61394690560,668282368,0,187632406528,121164935168,0
1791584253.107769,0.6694121584296227,61716455424,0,61741203456,23277338624,61394685952,61394690560,668282368,0,187632488448,121164935168,0
1791584253.7729769,0.6650590505450964,61716455424,0,61741203456,23277338624,61394685952,61394690560,668282368,0,187632578560,121164935168,0
1791584254.446347,0.6732228044420481,61716455424,0,61741203456,23277338624,61394685952,61394690560,668282368,0,187632570368,121164935168,0
1791584255.124108,0.6776131354272366,61716455424,0,61741203456,23277338624,61394685952,61394690560,668282368,0,187632726016,121164935168,0
1791584255.7816162,0.6573535446077585,61716455424,0,61741203456,23277338624,61394685952,61394690560,668282368,0,187632373760,121164935168,0
1791584256.4560885,0.6743160244077444,61716455424,0,61741203456,23277338624,61394685952,61394690560,668282368,0,187632332800,121164935168,0
1791584257.1373253,0.6810841336846352,61716455424,0,61741203456,23277338624,61394685952,61394690560,668282368,0,187632582656,121164935168,0
1791584257.7948773,0.657409904524684,61716459520,0,61741203456,23277338624,61394685952,61394690560,668286464,0,187632668672,121164935168,0
1791584258.4794006,0.6843724064528942,61716459520,0,61741203456,23277338624,61394685952,61394690560,668286464,0,187632279552,121164935168,0
1791584259.1489418,0.6693809200078249,61716459520,0,61741203456,23277338624,61394685952,61394690560,668286464,0,187632267264,121164935168,0
1791584259.8044925,0.6553967874497175,61716459520,0,61741203456,23277338624,61394685952,61394690560,668286464,0,187632553984,121164935168,0
1791584260.4824586,0.6778179798275232,61716459520,0,61741203456,23277338624,61394685952,61394690560,668286464,0,187632631808,121164935168,0
1791584261.1556368,0.6730088293552399,61716459520,0,61741203456,23277338624,61394685952,61394690560,668286464,0,187632746496,121164935168,0
1791584261.8195035,0.6637157574295998,61716459520,0,61741203456,23277338624,61394685952,61394690560,668286464,0,187633205248,121164935168,0
1791584262.4899607,0.6703075487166643,61716459520,0,61741203456,23277338624,61394685952,61394690560,668286464,0,187632971776,121164935168,0
1791584263.2567997,0.7666851170361042,61716463616,0,61741203456,23277338624,61394685952,61394690560,668290560,0,187631960064,121164935168,0
1791584263.9084253,0.6514769159257412,61716463616,0,61741203456,23277338624,61394685952,61394690560,668290560,0,187631951872,121164935168,0
1791584264.5715141,0.662932962179184,61716463616,0,61741203456,23277338624,61394685952,61394690560,668290560,0,187632209920,121164935168,0
1791584265.2218287,0.650160713121295,61716463616,0,61741203456,23277338624,61394685952,61394690560,668290560,0,187632312320,121164935168,0
1791584265.8707364,0.6487569957971573,61716463616,0,61741203456,23277338624,61394685952,61394690560,668290560,0,187632218112,121164935168,0
1791584266.530139,0.6592522114515305,61716463616,0,61741203456,23277338624,61394685952,61394690560,668290560,0,187632295936,121164935168,0
1791584267.1789138,0.6486186068505049,61716463616,0,61741203456,23277338624,61394685952,61394690560,668290560,0,187632369664,121164935168,0
1791584267.8295949,0.6505318749696016,61716467712,0,61741203456,23277338624,61394685952,61394690560,668294656,0,187632988160,121164935168,0
1791584268.490292,0.6605457942932844,61716467712,0,61741203456,23277338624,61394685952,61394690560,668294656,0,187633287168,121164935168,0
1791584269.1387455,0.6483039185404778,61716467712,0,61741203456,23277338624,61394685952,61394690560,668294656,0,187632787456,121164935168,0
1791584269.7938128,0.65491708740592,61716467712,0,61741203456,23277338624,61394685952,61394690560,668294656,0,187632762880,121164935168,0
1791584270.4499874,0.6560295335948467,61716467712,0,61741203456,23277338624,61394685952,61394690560,668294656,0,187633033216,121164935168,0
1791584271.1010044,0.6508685518056154,61716467712,0,61741203456,23277338624,61394685952,61394690560,668294656,0,187633029120,121164935168,0
1791584271.7861655,0.6850093565881252,61716467712,0,61741203456,23277338624,61394685952,61394690560,668294656,0,187633131520,121164935168,0
1791584272.4441612,0.6578293554484844,61716467712,0,61741203456,23277338624,61394685952,61394690560,668294656,0,187633156096,121164935168,0
1791584273.108607,0.6642876993864775,61716471808,0,61741203456,23277338624,61394685952,61394690560,668298752,0,187633274880,121164935168,0
1791584273.7602062,0.6514455229043961,61716471808,0,61741203456,23277338624,61394685952,61394690560,668298752,0,187633061888,121164935168,0
1791584274.4304564,0.670102221891284,61716471808,0,61741203456,23277338624,61394685952,61394690560,668298752,0,187633131520,121164935168,0
1791584275.0973222,0.6667147763073444,61716471808,0,61741203456,23277338624,61394685952,61394690560,668298752,0,187633188864,121164935168,0
1791584275.762349,0.6648738235235214,61716471808,0,61741203456,23277338624,61394685952,61394690560,668298752,0,187633000448,121164935168,0
1791584276.4319437,0.6694417838007212,61716471808,0,61741203456,23277338624,61394685952,61394690560,668298752,0,187633090560,121164935168,0
1791584277.0987654,0.6666717603802681,61716471808,0,61741203456,23277338624,61394685952,61394690560,668298752,0,187632918528,121164935168,0
1791584277.7672203,0.6682980265468359,61716471808,0,61741203456,23277338624,61394685952,61394690560,668298752,0,187632762880,121164935168,0
1791584278.445595,0.6782166752964258,61716480000,0,61741203456,23277338624,61394685952,61394690560,668306944,0,187632857088,121164935168,0
1791584279.097354,0.6516042798757553,61716480000,0,61741203456,23277338624,61394685952,61394690560,668306944,0,187633213440,121164935168,0
1791584279.7625089,0.6650045700371265,61716480000,0,61741203456,23277338624,61394685952,61394690560,668306944,0,187633283072,121164935168,0
1791584280.414407,0.6517457384616137,61716480000,0,61741203456,23277338624,61394685952,61394690560,668306944,0,187633139712,121164935168,0
1791584281.071143,0.6565920729190111,61716484096,0,61741203456,23277338624,61394685952,61394690560,668311040,0,187633229824,121164935168,0
1791584281.7299337,0.6586271021515131,61716492288,0,61741203456,23277338624,61394685952,61394690560,668319232,0,187633041408,121164935168,0
1791584282.3788435,0.6487596277147532,61716492288,0,61741203456,23277338624,61394685952,61394690560,668319232,0,187633115136,121164935168,0
1791584283.039079,0.6600947771221399,61716492288,0,61741203456,23277338624,61394685952,61394690560,668319232,0,187633176576,121164935168,0
1791584283.7121253,0.6729362476617098,61716496384,0,61741203456,23277338624,61394685952,61394690560,668323328,0,187633250304,121164935168,0
1791584284.3820763,0.6697990950196981,61716496384,0,61741203456,23277338624,61394685952,61394690560,668323328,0,187633598464,121164935168,0
1791584285.065148,0.6829608157277107,61716496384,0,61741203456,23277338624,61394685952,61394690560,668323328,0,187633725440,121164935168,0
1791584285.7331555,0.6678499132394791,61716496384,0,61741203456,23277338624,61394685952,61394690560,668323328,0,187633598464,121164935168,0
1791584286.4140396,0.6807304881513119,61716496384,0,61741203456,23277338624,61394685952,61394690560,668323328,0,187633676288,121164935168,0
1791584287.1222925,0.7081034760922194,61716496384,0,61741203456,23277338624,61394685952,61394690560,668323328,0,187632492544,121164935168,0
1791584287.7866144,0.6641750726848841,61716496384,0,61741203456,23277338624,61394685952,61394690560,668323328,0,187632812032,121164935168,0
1791584288.4520054,0.6652334202080965,61716496384,0,61741203456,23277338624,61394685952,61394690560,668323328,0,187632812032,121164935168,0
1791584289.1153133,0.6631451454013586,61716500480,0,61741203456,23277338624,61394685952,61394690560,668327424,0,187632803840,121164935168,0
1791584289.8037963,0.6883270312100649,61716500480,0,61741203456,23277338624,61394685952,61394690560,668327424,0,187633127424,121164935168,0
1791584290.8468804,1.0429256185889244,61716500480,0,61741203456,23277338624,61394685952,61394690560,668327424,0,187632852992,121164935168,0
1791584292.2063715,1.3593454975634813,61716500480,0,61741203456,23277338624,61394685952,61394690560,668327424,0,187632685056,121164935168,0
1791584292.8724513,0.6659277677536011,61716500480,0,61741203456,23277338624,61394685952,61394690560,668327424,0,187632484352,121164935168,0
1791584293.5334973,0.6609024368226528,61716500480,0,61741203456,23277338624,61394685952,61394690560,668327424,0,187632562176,121164935168,0
1791584294.1907105,0.6570632327347994,61716504576,0,61741203456,23277338624,61394685952,61394690560,668331520,0,187632652288,121164935168,0
1791584295.2121086,1.021255474537611,61716504576,0,61741203456,23277338624,61394685952,61394690560,668331520,0,187632844800,121164869632,0
1791584295.85851,0.6462550982832909,61716504576,0,61741203456,23277338624,61394685952,61394690560,668331520,0,187632893952,121164869632,0
1791584296.5128856,0.6542258877307177,61716504576,0,61741203456,23277338624,61394685952,61394690560,668331520,0,187633012736,121164869632,0
1791584297.1687133,0.6556714959442616,61716504576,0,61741203456,23277338624,61394685952,61394690560,668331520,0,187633094656,121164869632,0
1791584297.815847,0.6469772029668093,61716504576,0,61741203456,23277338624,61394685952,61394690560,668331520,0,187633430528,121164947456,0
1791584298.5942156,0.7782154530286789,61716504576,0,61741203456,23277338624,61394685952,61394690560,668331520,0,187633025024,121164947456,0
1791584299.2394302,0.6450335290282965,61716508672,0,61741203456,23277338624,61394685952,61394690560,668335616,0,187632840704,121164931072,0
1791584299.9020712,0.6624901723116636,61716508672,0,61741203456,23277338624,61394685952,61394690560,668335616,0,187632865280,121164931072,0
1791584300.5566795,0.6544962655752897,61716508672,0,61741203456,23277338624,61394685952,61394690560,668335616,0,187632713728,121164931072,0
1791584301.2050984,0.6482660006731749,61716508672,0,61741203456,23277338624,61394685952,61394690560,668335616,0,187632803840,121164931072,0
1791584301.871958,0.6667018886655569,61716508672,0,61741203456,23277338624,61394685952,61394690560,668335616,0,187633061888,121164931072,0
1791584302.5184362,0.6463294085115194,61716508672,0,61741203456,23277338624,61394685952,61394690560,668335616,0,187632529408,121164931072,0
1791584303.1646562,0.6460719387978315,61716508672,0,61741203456,23277338624,61394685952,61394690560,668335616,0,187632820224,121164931072,0
1791584303.8257313,0.6609173025935888,61716508672,0,61741203456,23277338624,61394685952,61394690560,668335616,0,187632893952,121164931072,0
1791584304.4726233,0.6467414889484644,61716512768,0,61741203456,23277338624,61394685952,61394690560,668339712,0,187633233920,121164931072,0
1791584305.1244874,0.651720441877842,61716512768,0,61741203456,23277338624,61394685952,61394690560,668339712,0,187633561600,121164931072,0
1791584305.7730896,0.6484484765678644,61716512768,0,61741203456,23277338624,61394685952,61394690560,668339712,0,187632680960,121164931072,0
1791584306.422981,0.6497937887907028,61716512768,0,61741203456,23277338624,61394685952,61394690560,668339712,0,187632779264,121164931072,0
1791584307.0669422,0.6438173092901707,61716512768,0,61741203456,23277338624,61394685952,61394690560,668339712,0,187632869376,121164931072,0
1791584307.7101233,0.6430374290794134,61716512768,0,61741203456,23277338624,61394685952,61394690560,668339712,0,187632762880,121164931072,0
1791584308.3556104,0.6453424207866192,61716512768,0,61741203456,23277338624,61394685952,61394690560,668339712,0,187632652288,121164931072,0
1791584308.9980493,0.6422973070293665,61716512768,0,61741203456,23277338624,61394685952,61394690560,668339712,0,187632705536,121164931072,0
1791584309.6398625,0.6416769176721573,61716516864,0,61741203456,23277338624,61394685952,61394690560,668343808,0,187632779264,121164931072,0
1791584310.2827172,0.642712626606226,61716516864,0,61741203456,23277338624,61394685952,61394690560,668343808,0,187633205248,121164931072,0
1791584310.9383764,0.6555191650986671,61716516864,0,61741203456,23277338624,61394685952,61394690560,668343808,0,187632484352,121164931072,0
1791584311.5803146,0.6417965833097696,61716516864,0,61741203456,23277338624,61394685952,61394690560,668343808,0,187632553984,121164931072,0
1791584312.2248356,0.6443796586245298,61716516864,0,61741203456,23277338624,61394685952,61394690560,668343808,0,187632644096,121164931072,0
1791584312.8680348,0.6430576667189598,61716516864,0,61741203456,23277338624,61394685952,61394690560,668343808,0,187632447488,121164931072,0
1791584313.5099769,0.6418034117668867,61716516864,0,61741203456,23277338624,61394685952,61394690560,668343808,0,187632521216,121164931072,0
1791584314.1526892,0.6425698436796665,61716516864,0,61741203456,23277338624,61394685952,61394690560,668343808,0,187632619520,121164931072,0
1791584314.794687,0.641853703185916,61716520960,0,61741203456,23277338624,61394685952,61394690560,668347904,0,187632427008,121164931072,0
1791584315.4443486,0.6495177522301674,61716520960,0,61741203456,23277338624,61394685952,61394690560,668347904,0,187632848896,121164869632,0
1791584316.0892816,0.6447931248694658,61716520960,0,61741203456,23277338624,61394685952,61394690560,668347904,0,187632922624,121164869632,0
1791584316.7441022,0.6546793393790722,61716520960,0,61741203456,23277338624,61394685952,61394690560,668347904,0,187633000448,121164869632,0
1791584317.3870053,0.6427572593092918,61716520960,0,61741203456,23277338624,61394685952,61394690560,668347904,0,187632570368,121164869632,0
1791584318.034879,0.6477275360375643,61716520960,0,61741203456,23277338624,61394685952,61394690560,668347904,0,187633094656,121164869632,0
1791584318.683028,0.6480056848376989,61716520960,0,61741203456,23277338624,61394685952,61394690560,668347904,0,187633123328,121164869632,0
1791584319.32523,0.6420629285275936,61716520960,0,61741203456,23277338624,61394685952,61394690560,668347904,0,187632951296,121164869632,0
1791584319.975581,0.6502088718116283,61716525056,0,61741203456,23277338624,61394685952,61394690560,668352000,0,187632988160,121164869632,0
1791584320.6242385,0.6485147327184677,61716525056,0,61741203456,23277338624,61394685952,61394690560,668352000,0,187633102848,121164869632,0
1791584321.2748187,0.6504383087158203,61716525056,0,61741203456,23277338624,61394685952,61394690560,668352000,0,187632508928,121164869632,0
1791584321.9204621,0.6454997751861811,61716525056,0,61741203456,23277338624,61394685952,61394690560,668352000,0,187632607232,121164869632,0
1791584322.5637915,0.6431877668946981,61716525056,0,61741203456,23277338624,61394685952,61394690560,668352000,0,187632488448,121164869632,0
1791584323.217382,0.653447488322854,61716525056,0,61741203456,23277338624,61394685952,61394690560,668352000,0,187632578560,121164869632,0
1791584323.8643897,0.6468651201575994,61716525056,0,61741203456,23277338624,61394685952,61394690560,668352000,0,187632734208,121164869632,0
1791584324.5089996,0.6444651316851377,61716525056,0,61741203456,23277338624,61394685952,61394690560,668352000,0,187632820224,121164869632,0
1791584325.1589794,0.6498376149684191,61716529152,0,61741203456,23277338624,61394685952,61394690560,668356096,0,187632893952,121164869632,0
1791584325.8019252,0.6428032647818327,61716529152,0,61741203456,23277338624,61394685952,61394690560,668356096,0,187632930816,121164869632,0
1791584326.4518607,0.6497939545661211,61716529152,0,61741203456,23277338624,61394685952,61394690560,668356096,0,187632857088,121164869632,0
1791584327.1006896,0.6486892886459827,61716529152,0,61741203456,23277338624,61394685952,61394690560,668356096,0,187632857088,121164869632,0
1791584327.7433238,0.6424915585666895,61716529152,0,61741203456,23277338624,61394685952,61394690560,668356096,0,187632951296,121164869632,0
1791584328.3915489,0.6480841971933842,61716529152,0,61741203456,23277338624,61394685952,61394690560,668356096,0,187632816128,121164869632,0
1791584329.0447912,0.6531005557626486,61716529152,0,61741203456,23277338624,61394685952,61394690560,668356096,0,187632803840,121164869632,0
1791584329.687665,0.6427323613315821,61716529152,0,61741203456,23277338624,61394685952,61394690560,668356096,0,187632898048,121164869632,0
1791584330.343585,0.6557778026908636,61716533248,0,61741203456,23277338624,61394685952,61394690560,668360192,0,187633291264,121164869632,0
1791584330.9904943,0.6467670779675245,61716533248,0,61741203456,23277338624,61394685952,61394690560,668360192,0,187633106944,121164869632,0
1791584331.6433563,0.6527186762541533,61716533248,0,61741203456,23277338624,61394685952,61394690560,668360192,0,187633451008,121164869632,0
1791584332.287315,0.6438153740018606,61716533248,0,61741203456,23277338624,61394685952,61394690560,668360192,0,187633528832,121164869632,0
1791584332.947763,0.6603068225085735,61716533248,0,61741203456,23277338624,61394685952,61394690560,668360192,0,187633586176,121164869632,0
1791584333.5915115,0.6436068210750818,61716533248,0,61741203456,23277338624,61394685952,61394690560,668360192,0,187633348608,121164869632,0
1791584334.2378209,0.6461597662419081,61716533248,0,61741203456,23277338624,61394685952,61394690560,668360192,0,187633438720,121164869632,0
1791584334.8881457,0.6501736305654049,61716533248,0,61741203456,23277338624,61394685952,61394690560,668360192,0,187633532928,121164869632,0
1791584335.530703,0.642403706908226,61716537344,0,61741203456,23277338624,61394685952,61394690560,668364288,0,187633971200,121164869632,0
1791584336.1770751,0.6462213564664125,61716537344,0,61741203456,23277338624,61394685952,61394690560,668364288,0,187634069504,121164869632,0
1791584336.824114,0.6469296123832464,61716537344,0,61741203456,23277338624,61394685952,61394690560,668364288,0,187634147328,121164869632,0
1791584337.4670105,0.6427401397377253,61716537344,0,61741203456,23277338624,61394685952,61394690560,668364288,0,187633217536,121164869632,0
1791584338.1217847,0.6546244248747826,61716537344,0,61741203456,23277338624,61394685952,61394690560,668364288,0,187633311744,121164869632,0
1791584338.765131,0.6431967318058014,61716537344,0,61741203456,23277338624,61394685952,61394690560,668364288,0,187633233920,121164869632,0
1791584339.4221313,0.6568446140736341,61716537344,0,61741203456,23277338624,61394685952,61394690560,668364288,0,187633242112,121164869632,0
1791584340.0657501,0.6434341743588448,61716537344,0,61741203456,23277338624,61394685952,61394690560,668364288,0,187633692672,121164869632,0
1791584340.711663,0.6457604169845581,61716541440,0,61741203456,23277338624,61394685952,61394690560,668368384,0,187633426432,121164869632,0
1791584341.36429,0.6524058636277914,61716541440,0,61741203456,23277338624,61394685952,61394690560,668368384,0,187632988160,121164869632,0
1791584342.005656,0.6412150412797928,61716541440,0,61741203456,23277338624,61394685952,61394690560,668368384,0,187633053696,121164869632,0
1791584342.6578357,0.6520271226763725,61716541440,0,61741203456,23277338624,61394685952,61394690560,668368384,0,187632881664,121164869632,0
1791584343.298986,0.6410018838942051,61716541440,0,61741203456,23277338624,61394685952,61394690560,668368384,0,187632971776,121164869632,0
1791584343.9398642,0.6407271660864353,61716541440,0,61741203456,23277338624,61394685952,61394690560,668368384,0,187633061888,121164869632,0
1791584344.596246,0.656230915337801,61716541440,0,61741203456,23277338624,61394685952,61394690560,668368384,0,187633160192,121164869632,0
1791584345.2391362,0.6427414175122976,61716541440,0,61741203456,23277338624,61394685952,61394690560,668368384,0,187633545216,121164869632,0
1791584345.8859148,0.6466246470808983,61716545536,0,61741203456,23277338624,61394685952,61394690560,668372480,0,187633635328,121164869632,0
1791584346.5348177,0.6487535890191793,61716545536,0,61741203456,23277338624,61394685952,61394690560,668372480,0,187633471488,121164869632,0
1791584347.17891,0.6439422443509102,61716545536,0,61741203456,23277338624,61394685952,61394690560,668372480,0,187633274880,121164869632,0
1791584347.8330545,0.6539918296039104,61716545536,0,61741203456,23277338624,61394685952,61394690560,668372480,0,187633102848,121164869632,0
1791584348.4745798,0.6413939520716667,61716545536,0,61741203456,23277338624,61394685952,61394690560,668372480,0,187633197056,121164869632,0
1791584349.1285892,0.6538583301007748,61716545536,0,61741203456,23277338624,61394685952,61394690560,668372480,0,187633287168,121164869632,0
1791584349.7717037,0.6429602764546871,61716545536,0,61741203456,23277338624,61394685952,61394690560,668372480,0,187633373184,121164869632,0
1791584350.414083,0.6422264240682125,61716545536,0,61741203456,23277338624,61394685952,61394690560,668372480,0,187633541120,121164869632,0
1791584351.0596077,0.6454209052026272,61716549632,0,61741203456,23277338624,61394685952,61394690560,668376576,0,187633631232,121164869632,0
1791584351.7033243,0.6435735188424587,61716549632,0,61741203456,23277338624,61394685952,61394690560,668376576,0,187633475584,121164869632,0
1791584352.351271,0.647805018350482,61716549632,0,61741203456,23277338624,61394685952,61394690560,668376576,0,187633565696,121164869632,0
1791584352.994618,0.6431978661566973,61716549632,0,61741203456,23277338624,61394685952,61394690560,668376576,0,187633459200,121164869632,0
1791584353.6375928,0.6428330317139626,61716549632,0,61741203456,23277338624,61394685952,61394690560,668376576,0,187633528832,121164869632,0
1791584354.2851837,0.6474431306123734,61716549632,0,61741203456,23277338624,61394685952,61394690560,668376576,0,187633623040,121164869632,0
1791584354.9389665,0.653632391244173,61716549632,0,61741203456,23277338624,61394685952,61394690560,668376576,0,187633225728,121164869632,0
1791584355.581357,0.6422518733888865,61716549632,0,61741203456,23277338624,61394685952,61394690560,668376576,0,187633659904,121164869632,0
1791584356.2225246,0.6410077288746834,61716553728,0,61741203456,23277338624,61394685952,61394690560,668380672,0,187633750016,121164869632,0
1791584356.8724613,0.6497853416949511,61716553728,0,61741203456,23277338624,61394685952,61394690560,668380672,0,187633569792,121164869632,0
1791584357.5210075,0.6483946666121483,61716553728,0,61741203456,23277338624,61394685952,61394690560,668380672,0,187633659904,121164869632,0
1791584358.1650448,0.6438965685665607,61716553728,0,61741203456,23277338624,61394685952,61394690560,668380672,0,187633528832,121164869632,0
1791584358.8077855,0.6425966620445251,61716553728,0,61741203456,23277338624,61394685952,61394690560,668380672,0,187633348608,121164869632,0
1791584359.4494987,0.6415605843067169,61716553728,0,61741203456,23277338624,61394685952,61394690560,668380672,0,187633381376,121164869632,0
1791584360.091004,0.6413577739149332,61716553728,0,61741203456,23277338624,61394685952,61394690560,668380672,0,187633324032,121164869632,0
1791584360.7467434,0.6555935051292181,61716553728,0,61741203456,23277338624,61394685952,61394690560,668380672,0,187633016832,121164869632,0
1791584361.3932834,0.6463935449719429,61716557824,0,61741203456,23277338624,61394685952,61394690560,668384768,0,187632828416,121164869632,0
1791584362.0466447,0.6532116364687681,61716557824,0,61741203456,23277338624,61394685952,61394690560,668384768,0,187632906240,121164869632,0
1791584362.687821,0.6410223972052336,61716561920,0,61741203456,23277338624,61394685952,61394690560,668388864,0,187633000448,121164869632,0
1791584363.3346422,0.6466729715466499,61716561920,0,61741203456,23277338624,61394685952,61394690560,668388864,0,187633094656,121164869632,0
1791584363.9776893,0.6428974159061909,61716561920,0,61741203456,23277338624,61394685952,61394690560,668388864,0,187633188864,121164869632,0
1791584364.620159,0.6423090975731611,61716561920,0,61741203456,23277338624,61394685952,61394690560,668388864,0,187633278976,121164869632,0
1791584365.2614644,0.6411469019949436,61716566016,0,61741203456,23277338624,61394685952,61394690560,668392960,0,187633680384,121164869632,0
1791584365.9082491,0.6466359030455351,61716574208,0,61741203456,23277338624,61394685952,61394690560,668401152,0,187632873472,121164869632,0
1791584366.5501814,0.6417838968336582,61716578304,0,61741203456,23277338624,61394685952,61394690560,668405248,0,187632963584,121164869632,0
1791584367.191478,0.6411453112959862,61716578304,0,61741203456,23277338624,61394685952,61394690560,668405248,0,187633053696,121164869632,0
1791584367.8348587,0.6432318333536386,61716578304,0,61741203456,23277338624,61394685952,61394690560,668405248,0,187632869376,121164869632,0
1791584368.4830053,0.6479943413287401,61716578304,0,61741203456,23277338624,61394685952,61394690560,668405248,0,187632697344,121164869632,0
1791584369.1314878,0.6483312230557203,61716578304,0,61741203456,23277338624,61394685952,61394690560,668405248,0,187632791552,121164869632,0
1791584369.7734303,0.6417963206768036,61716578304,0,61741203456,23277338624,61394685952,61394690560,668405248,0,187632885760,121164869632,0
1791584370.427914,0.6543330010026693,61716578304,0,61741203456,23277338624,61394685952,61394690560,668405248,0,187633328128,121164869632,0
1791584371.0692163,0.6411516405642033,61716578304,0,61741203456,23277338624,61394685952,61394690560,668405248,0,187633131520,121164869632,0
1791584371.7225134,0.6531443353742361,61716582400,0,61741203456,23277338624,61394685952,61394690560,668409344,0,187632877568,121164869632,0
1791584372.365917,0.6432516388595104,61716582400,0,61741203456,23277338624,61394685952,61394690560,668409344,0,187632967680,121164869632,0
1791584373.015297,0.6492273434996605,61716582400,0,61741203456,23277338624,61394685952,61394690560,668409344,0,187633065984,121164869632,0
1791584373.6566834,0.6412364952266216,61716582400,0,61741203456,23277338624,61394685952,61394690560,668409344,0,187633160192,121164869632,0
1791584374.298186,0.6413480155169964,61716582400,0,61741203456,23277338624,61394685952,61394690560,668409344,0,187633246208,121164869632,0
1791584374.9396424,0.6412977632135153,61716582400,0,61741203456,23277338624,61394685952,61394690560,668409344,0,187633324032,121164476416,0
1791584375.5899315,0.650136087089777,61716582400,0,61741203456,23277338624,61394685952,61394690560,668409344,0,187633491968,121164476416,0
1791584376.2332966,0.6432151813060045,61716582400,0,61741203456,23277338624,61394685952,61394690560,668409344,0,187633295360,121164476416,0
1791584376.8752732,0.6418280936777592,61716586496,0,61741203456,23277338624,61394685952,61394690560,668413440,0,187633115136,121164476416,0
1791584377.523153,0.6477285325527191,61716586496,0,61741203456,23277338624,61394685952,61394690560,668413440,0,187632992256,121164476416,0
1791584378.1649752,0.641659326851368,61716586496,0,61741203456,23277338624,61394685952,61394690560,668413440,0,187633352704,121164476416,0
1791584378.8163276,0.6512041557580233,61716586496,0,61741203456,23277338624,61394685952,61394690560,668413440,0,187633438720,121164476416,0
1791584379.4609718,0.6444164160639048,61716586496,0,61741203456,23277338624,61394685952,61394690560,668413440,0,187633270784,121164476416,0
1791584380.103787,0.6426630672067404,61716586496,0,61741203456,23277338624,61394685952,61394690560,668413440,0,187633668096,121164476416,0
1791584380.759009,0.6550663132220507,61716586496,0,61741203456,23277338624,61394685952,61394690560,668413440,0,187633741824,121164476416,0
1791584381.403607,0.6444476824253798,61716586496,0,61741203456,23277338624,61394685952,61394690560,668413440,0,187633479680,121164476416,0
1791584382.0581317,0.6543760560452938,61716590592,0,61741203456,23277338624,61394685952,61394690560,668417536,0,187633831936,121164476416,0
1791584382.7003984,0.642114270478487,61716590592,0,61741203456,23277338624,61394685952,61394690560,668417536,0,187633917952,121164476416,0
1791584383.3506372,0.6500887274742126,61716590592,0,61741203456,23277338624,61394685952,61394690560,668417536,0,187633975296,121164476416,0
1791584384.000836,0.6500488817691803,61716590592,0,61741203456,23277338624,61394685952,61394690560,668417536,0,187633803264,121164476416,0
1791584384.6451318,0.644146803766489,61716590592,0,61741203456,23277338624,61394685952,61394690560,668417536,0,187633635328,121164476416,0
1791584385.2875779,0.6422917749732733,61716590592,0,61741203456,23277338624,61394685952,61394690560,668417536,0,187633991680,121164476416,0
1791584385.9361913,0.6484620459377766,61716590592,0,61741203456,23277338624,61394685952,61394690560,668417536,0,187633491968,121164476416,0
1791584386.5819619,0.6456155814230442,61716590592,0,61741203456,23277338624,61394685952,61394690560,668417536,0,187634143232,121164476416,0
1791584387.2305822,0.6484706625342369,61716594688,0,61741203456,23277338624,61394685952,61394690560,668421632,0,187633233920,121164476416,0
1791584387.8802576,0.6495284717530012,61716594688,0,61741203456,23277338624,61394685952,61394690560,668421632,0,187633332224,121164476416,0
1791584388.5258434,0.6454338654875755,61716594688,0,61741203456,23277338624,61394685952,61394690560,668421632,0,187633152000,121164476416,0
1791584389.1766016,0.650609128177166,61716594688,0,61741203456,23277338624,61394685952,61394690560,668421632,0,187633246208,121164476416,0
1791584389.8208551,0.6441014371812344,61716594688,0,61741203456,23277338624,61394685952,61394690560,668421632,0,187633336320,121164476416,0
1791584390.467875,0.6468683388084173,61716594688,0,61741203456,23277338624,61394685952,61394690560,668421632,0,187633483776,121164476416,0
1791584391.1101146,0.6420885156840086,61716594688,0,61741203456,23277338624,61394685952,61394690560,668421632,0,187632955392,121164476416,0
1791584391.7539828,0.6437106132507324,61716594688,0,61741203456,23277338624,61394685952,61394690560,668421632,0,187633029120,121164476416,0
1791584392.4083917,0.6542584486305714,61716598784,0,61741203456,23277338624,61394685952,61394690560,668425728,0,187632766976,121164476416,0
1791584393.0525908,0.6440482158213854,61716598784,0,61741203456,23277338624,61394685952,61394690560,668425728,0,187632861184,121164476416,0
1791584393.6979024,0.6451548989862204,61716598784,0,61741203456,23277338624,61394685952,61394690560,668425728,0,187632947200,121164476416,0
1791584394.3512402,0.6531890612095594,61716598784,0,61741203456,23277338624,61394685952,61394690560,668425728,0,187633037312,121164476416,0
1791584394.9932315,0.6418407745659351,61716598784,0,61741203456,23277338624,61394685952,61394690560,668425728,0,187633131520,121164476416,0
1791584395.6428282,0.6494465470314026,61716598784,0,61741203456,23277338624,61394685952,61394690560,668425728,0,187632918528,121164476416,0
1791584396.2871141,0.6441348269581795,61716598784,0,61741203456,23277338624,61394685952,61394690560,668425728,0,187633266688,121164476416,0
1791584396.9302962,0.6430272720754147,61716602880,0,61741203456,23277338624,61394685952,61394690560,668429824,0,187633065984,121164476416,0
1791584397.5836947,0.6532458383589983,61716602880,0,61741203456,23277338624,61394685952,61394690560,668429824,0,187633061888,121164476416,0
1791584398.225705,0.6418646797537804,61716602880,0,61741203456,23277338624,61394685952,61394690560,668429824,0,187633156096,121164476416,0
1791584398.8781555,0.6523000206798315,61716602880,0,61741203456,23277338624,61394685952,61394690560,668429824,0,187633221632,121164476416,0
1791584399.5201485,0.6418347209692001,61716602880,0,61741203456,23277338624,61394685952,61394690560,668429824,0,187632955392,121164476416,0
1791584400.1630254,0.642723748460412,61716602880,0,61741203456,23277338624,61394685952,61394690560,668429824,0,187633614848,121164476416,0
1791584400.8133209,0.6501400321722031,61716602880,0,61741203456,23277338624,61394685952,61394690560,668429824,0,187633631232,121164443648,0
1791584401.4556262,0.6421567630022764,61716602880,0,61741203456,23277338624,61394685952,61394690560,668429824,0,187633577984,121164443648,0
1791584402.1007907,0.645015949383378,61716606976,0,61741203456,23277338624,61394685952,61394690560,668433920,0,187633156096,121164443648,0
1791584402.7511032,0.6501618232578039,61716606976,0,61741203456,23277338624,61394685952,61394690560,668433920,0,187632910336,121164443648,0
1791584403.400934,0.6496759261935949,61716606976,0,61741203456,23277338624,61394685952,61394690560,668433920,0,187632787456,121164443648,0
1791584404.046327,0.6452413722872734,61716606976,0,61741203456,23277338624,61394685952,61394690560,668433920,0,187632508928,121164443648,0
1791584404.7005937,0.6541212107986212,61716606976,0,61741203456,23277338624,61394685952,61394690560,668433920,0,187632525312,121164443648,0
1791584405.343264,0.6425209157168865,61716606976,0,61741203456,23277338624,61394685952,61394690560,668433920,0,187633242112,121164443648,0
1791584405.9881065,0.6446907501667738,61716606976,0,61741203456,23277338624,61394685952,61394690560,668433920,0,187632943104,121164443648,0
1791584406.6361382,0.6478767320513725,61716606976,0,61741203456,23277338624,61394685952,61394690560,668433920,0,187632783360,121164443648,0
1791584407.2785103,0.6422161161899567,61716611072,0,61741203456,23277338624,61394685952,61394690560,668438016,0,187632865280,121164443648,0
1791584407.9369454,0.6582846529781818,61716611072,0,61741203456,23277338624,61394685952,61394690560,668438016,0,187632955392,121164443648,0
1791584408.583145,0.6460469607263803,61716611072,0,61741203456,23277338624,61394685952,61394690560,668438016,0,187633045504,121164443648,0
1791584409.235423,0.6521099079400301,61716611072,0,61741203456,23277338624,61394685952,61394690560,668438016,0,187632852992,121164443648,0
1791584409.8874803,0.6519002802670002,61716611072,0,61741203456,23277338624,61394685952,61394690560,668438016,0,187632934912,121164443648,0
1791584410.655805,0.7681667599827051,61716611072,0,61741203456,23277338624,61394685952,61394690560,668438016,0,187633524736,121164443648,0
1791584411.394747,0.7388021592050791,61716611072,0,61741203456,23277338624,61394685952,61394690560,668438016,0,187633192960,121164443648,0
1791584412.0420053,0.6471123434603214,61716615168,0,61741203456,23277338624,61394685952,61394690560,668442112,0,187633135616,121164443648,0
1791584412.6846585,0.6424953434616327,61716615168,0,61741203456,23277338624,61394685952,61394690560,668442112,0,187632922624,121164443648,0
1791584413.3381586,0.6533519048243761,61716615168,0,61741203456,23277338624,61394685952,61394690560,668442112,0,187633012736,121164443648,0
1791584413.978666,0.6403350327163935,61716615168,0,61741203456,23277338624,61394685952,61394690560,668442112,0,187633102848,121164443648,0
1791584414.6249413,0.6461268216371536,61716615168,0,61741203456,23277338624,61394685952,61394690560,668442112,0,187632992256,121164443648,0
1791584415.276328,0.6511849258095026,61716615168,0,61741203456,23277338624,61394685952,61394690560,668442112,0,187633102848,121164443648,0
1791584415.9171627,0.6406845021992922,61716615168,0,61741203456,23277338624,61394685952,61394690560,668442112,0,187632914432,121164443648,0
1791584416.5691404,0.6518226843327284,61716615168,0,61741203456,23277338624,61394685952,61394690560,668442112,0,187632996352,121164443648,0
1791584417.2125819,0.6432886198163033,61716619264,0,61741203456,23277338624,61394685952,61394690560,668446208,0,187633250304,121164443648,0
1791584417.857783,0.6450508292764425,61716619264,0,61741203456,23277338624,61394685952,61394690560,668446208,0,187633098752,121164443648,0
1791584418.5058987,0.6479671057313681,61716619264,0,61741203456,23277338624,61394685952,61394690560,668446208,0,187633233920,121164443648,0
1791584419.1480904,0.6420498304069042,61716619264,0,61741203456,23277338624,61394685952,61394690560,668446208,0,187633217536,121164443648,0
1791584419.8027978,0.6545519717037678,61716619264,0,61741203456,23277338624,61394685952,61394690560,668446208,0,187633504256,121164443648,0
1791584420.4481535,0.6452051233500242,61716619264,0,61741203456,23277338624,61394685952,61394690560,668446208,0,187633549312,121164443648,0
1791584421.095796,0.647492315620184,61716619264,0,61741203456,23277338624,61394685952,61394690560,668446208,0,187633016832,121164443648,0
1791584421.7488534,0.6529076974838972,61716619264,0,61741203456,23277338624,61394685952,61394690560,668446208,0,187633106944,121164443648,0
1791584422.392214,0.6432086601853371,61716623360,0,61741203456,23277338624,61394685952,61394690560,668450304,0,187633164288,121164443648,0
1791584423.0445917,0.6522327475249767,61716623360,0,61741203456,23277338624,61394685952,61394690560,668450304,0,187632939008,121164443648,0
1791584423.687394,0.6426612362265587,61716623360,0,61741203456,23277338624,61394685952,61394690560,668450304,0,187633197056,121164443648,0
1791584424.3391178,0.6515841390937567,61716623360,0,61741203456,23277338624,61394685952,61394690560,668450304,0,187632877568,121164443648,0
1791584424.9826148,0.6433397810906172,61716623360,0,61741203456,23277338624,61394685952,61394690560,668450304,0,187632975872,121164443648,0
1791584425.6230936,0.640333104878664,61716623360,0,61741203456,23277338624,61394685952,61394690560,668450304,0,187633221632,121164443648,0
1791584426.271111,0.6478653904050589,61716623360,0,61741203456,23277338624,61394685952,61394690560,668450304,0,187632926720,121164443648,0
1791584426.9109216,0.6396578755229712,61716623360,0,61741203456,23277338624,61394685952,61394690560,668450304,0,187632939008,121164443648,0
1791584427.5522654,0.64119628444314,61716627456,0,61741203456,23277338624,61394685952,61394690560,668454400,0,187632922624,121164443648,0
1791584428.2040093,0.6515950709581375,61716627456,0,61741203456,23277338624,61394685952,61394690560,668454400,0,187632881664,121164443648,0
1791584428.8566573,0.6524995546787977,61716627456,0,61741203456,23277338624,61394685952,61394690560,668454400,0,187633082368,121164443648,0
1791584429.505361,0.6485580988228321,61716627456,0,61741203456,23277338624,61394685952,61394690560,668454400,0,187633434624,121164443648,0
1791584430.1495204,0.6440072692930698,61716627456,0,61741203456,23277338624,61394685952,61394690560,668454400,0,187633864704,121164443648,0
1791584430.7891428,0.6394787915050983,61716627456,0,61741203456,23277338624,61394685952,61394690560,668454400,0,187633270784,121164443648,0
1791584431.4419012,0.652597414329648,61716627456,0,61741203456,23277338624,61394685952,61394690560,668454400,0,187633545216,121164443648,0
1791584432.0840886,0.6420435532927513,61716627456,0,61741203456,23277338624,61394685952,61394690560,668454400,0,187633401856,121164443648,0
1791584432.7335842,0.6493445727974176,61716631552,0,61741203456,23277338624,61394685952,61394690560,668458496,0,187633491968,121164443648,0
1791584433.3794615,0.6456808838993311,61716631552,0,61741203456,23277338624,61394685952,61394690560,668458496,0,187633451008,121164443648,0
1791584434.0192792,0.6396719608455896,61716631552,0,61741203456,23277338624,61394685952,61394690560,668458496,0,187633815552,121164443648,0
1791584434.671182,0.6517558880150318,61716631552,0,61741203456,23277338624,61394685952,61394690560,668458496,0,187633917952,121164443648,0
1791584435.3138053,0.6424682289361954,61716631552,0,61741203456,23277338624,61394685952,61394690560,668458496,0,187633598464,121164443648,0
1791584435.9610946,0.6471500415354967,61716631552,0,61741203456,23277338624,61394685952,61394690560,668458496,0,187633668096,121164443648,0
1791584436.6082463,0.6470033004879951,61716631552,0,61741203456,23277338624,61394685952,61394690560,668458496,0,187633717248,121164443648,0
1791584437.2501187,0.641724506393075,61716631552,0,61741203456,23277338624,61394685952,61394690560,668458496,0,187633733632,121164443648,0
1791584437.9009187,0.6506535224616528,61716635648,0,61741203456,23277338624,61394685952,61394690560,668462592,0,187634065408,121164443648,0
1791584438.5418532,0.640787098556757,61716635648,0,61741203456,23277338624,61394685952,61394690560,668462592,0,187634139136,121164443648,0
1791584439.187275,0.6452717483043671,61716635648,0,61741203456,23277338624,61394685952,61394690560,668462592,0,187634221056,121164443648,0
1791584439.8338425,0.646418321877718,61716635648,0,61741203456,23277338624,61394685952,61394690560,668462592,0,187634573312,121164443648,0
1791584440.4766793,0.6426843665540218,61716635648,0,61741203456,23277338624,61394685952,61394690560,668462592,0,187634466816,121164443648,0
1791584441.1282506,0.6514245811849833,61716635648,0,61741203456,23277338624,61394685952,61394690560,668462592,0,187634290688,121164443648,0
1791584441.7701218,0.6417234260588884,61716635648,0,61741203456,23277338624,61394685952,61394690560,668462592,0,187634368512,121164443648,0
1791584442.415768,0.6454970669001341,61716635648,0,61741203456,23277338624,61394685952,61394690560,668462592,0,187634380800,121164443648,0
1791584443.0630293,0.647111838683486,61716639744,0,61741203456,23277338624,61394685952,61394690560,668466688,0,187634442240,121164443648,0
1791584443.7029405,0.6397593207657337,61716639744,0,61741203456,23277338624,61394685952,61394690560,668466688,0,187634262016,121164443648,0
1791584444.342633,0.6395442485809326,61716639744,0,61741203456,23277338624,61394685952,61394690560,668466688,0,187634356224,121164443648,0
1791584444.9972763,0.6544968578964472,61716643840,0,61741203456,23277338624,61394685952,61394690560,668470784,0,187633946624,121164443648,0
1791584445.6377838,0.6403621751815081,61716643840,0,61741203456,23277338624,61394685952,61394690560,668470784,0,187634388992,121164443648,0
1791584446.2877543,0.6498151756823063,61716643840,0,61741203456,23277338624,61394685952,61394690560,668470784,0,187634475008,121164443648,0
1791584446.9297817,0.641879228875041,61716643840,0,61741203456,23277338624,61394685952,61394690560,668470784,0,187633905664,121164443648,0
1791584447.5762446,0.6463152132928371,61716647936,0,61741203456,23277338624,61394685952,61394690560,668474880,0,187634024448,121164443648,0
1791584448.2228312,0.6464357152581215,61716660224,0,61741203456,23277338624,61394685952,61394690560,668487168,0,187634036736,121164443648,0
1791584448.8643398,0.6413597706705332,61716660224,0,61741203456,23277338624,61394685952,61394690560,668487168,0,187633483776,121164443648,0
1791584449.5159519,0.651470985263586,61716660224,0,61741203456,23277338624,61394685952,61394690560,668487168,0,187633623040,121164443648,0
1791584450.159315,0.6432080864906311,61716660224,0,61741203456,23277338624,61394685952,61394690560,668487168,0,187634266112,121164443648,0
1791584450.8014097,0.6419522073119879,61716660224,0,61741203456,23277338624,61394685952,61394690560,668487168,0,187633455104,121164443648,0
1791584451.4639993,0.662449300289154,61716660224,0,61741203456,23277338624,61394685952,61394690560,668487168,0,187633233920,121164443648,0
1791584452.1156287,0.6514829862862825,61716660224,0,61741203456,23277338624,61394685952,61394690560,668487168,0,187633192960,121164443648,0
1791584452.7585897,0.642809558659792,61716660224,0,61741203456,23277338624,61394685952,61394690560,668487168,0,187632926720,121164443648,0
1791584453.4125504,0.6538194622844458,61716664320,0,61741203456,23277338624,61394685952,61394690560,668491264,0,187633180672,121164443648,0
1791584454.0571556,0.6444588918238878,61716664320,0,61741203456,23277338624,61394685952,61394690560,668491264,0,187633577984,121164443648,0
1791584454.7127616,0.6554565709084272,61716664320,0,61741203456,23277338624,61394685952,61394690560,668491264,0,187633823744,121164443648,0
1791584455.3556035,0.6426951047033072,61716664320,0,61741203456,23277338624,61394685952,61394690560,668491264,0,187634106368,121164443648,0
1791584455.9987955,0.6430493239313364,61716664320,0,61741203456,23277338624,61394685952,61394690560,668491264,0,187633668096,121164443648,0
1791584456.653358,0.6544202156364918,61716664320,0,61741203456,23277338624,61394685952,61394690560,668491264,0,187633967104,121164443648,0
1791584457.2951527,0.6416502669453621,61716664320,0,61741203456,23277338624,61394685952,61394690560,668491264,0,187633786880,121164443648,0
1791584457.9484522,0.6531466599553823,61716664320,0,61741203456,23277338624,61394685952,61394690560,668491264,0,187633876992,121164443648,0
1791584458.5916765,0.6430781167000532,61716668416,0,61741203456,23277338624,61394685952,61394690560,668495360,0,187633750016,121164443648,0
1791584459.238956,0.6471290569752455,61716668416,0,61741203456,23277338624,61394685952,61394690560,668495360,0,187633840128,121164443648,0
1791584459.891244,0.6520542558282614,61716668416,0,61741203456,23277338624,61394685952,61394690560,668495360,0,187633987584,121164443648,0
1791584460.5363827,0.6449909079819918,61716668416,0,61741203456,23277338624,61394685952,61394690560,668495360,0,187633848320,121164443648,0
1791584461.1863549,0.6498224548995495,61716668416,0,61741203456,23277338624,61394685952,61394690560,668495360,0,187633864704,121164443648,0
1791584461.8381648,0.6516615841537714,61716668416,0,61741203456,23277338624,61394685952,61394690560,668495360,0,187633344512,121164443648,0
1791584462.4810922,0.6427741516381502,61716668416,0,61741203456,23277338624,61394685952,61394690560,668495360,0,187633438720,121164443648,0
1791584463.1355636,0.6543204840272665,61716668416,0,61741203456,23277338624,61394685952,61394690560,668495360,0,187633537024,121164443648,0
1791584463.781534,0.645823922008276,61716672512,0,61741203456,23277338624,61394685952,61394690560,668499456,0,187633086464,121164443648,0
1791584464.430876,0.6491915546357632,61716672512,0,61741203456,23277338624,61394685952,61394690560,668499456,0,187633180672,121164443648,0
1791584465.0798993,0.6488846465945244,61716672512,0,61741203456,23277338624,61394685952,61394690560,668499456,0,187633627136,121164443648,0
1791584465.7221048,0.642064344137907,61716672512,0,61741203456,23277338624,61394685952,61394690560,668499456,0,187633414144,121164443648,0
1791584466.3759358,0.6536806989461184,61716672512,0,61741203456,23277338624,61394685952,61394690560,668499456,0,187633373184,121164443648,0
1791584467.019143,0.6430558264255524,61716672512,0,61741203456,23277338624,61394685952,61394690560,668499456,0,187633438720,121164443648,0
1791584467.6668074,0.6475135926157236,61716672512,0,61741203456,23277338624,61394685952,61394690560,668499456,0,187633262592,121164443648,0
1791584468.3140638,0.6471096891909838,61716672512,0,61741203456,23277338624,61394685952,61394690560,668499456,0,187633360896,121164443648,0
1791584468.9558558,0.6416679359972477,61716676608,0,61741203456,23277338624,61394685952,61394690560,668503552,0,187633451008,121164443648,0
1791584469.6043684,0.6483567301183939,61716676608,0,61741203456,23277338624,61394685952,61394690560,668503552,0,187633545216,121164443648,0
1791584470.251109,0.646592790260911,61716676608,0,61741203456,23277338624,61394685952,61394690560,668503552,0,187633991680,121164443648,0
1791584470.9008768,0.6496119257062674,61716676608,0,61741203456,23277338624,61394685952,61394690560,668503552,0,187633639424,121164443648,0
1791584471.5514774,0.6504533048719168,61716676608,0,61741203456,23277338624,61394685952,61394690560,668503552,0,187633455104,121164443648,0
1791584472.1953027,0.6436363980174065,61716676608,0,61741203456,23277338624,61394685952,61394690560,668503552,0,187633528832,121164443648,0
1791584472.8375688,0.6421158369630575,61716676608,0,61741203456,23277338624,61394685952,61394690560,668503552,0,187633602560,121164443648,0
1791584473.492627,0.6549080889672041,61716676608,0,61741203456,23277338624,61394685952,61394690560,668503552,0,187633586176,121164443648,0
1791584474.1371405,0.6443698946386576,61716680704,0,61741203456,23277338624,61394685952,61394690560,668507648,0,187633672192,121164443648,0
1791584474.7919245,0.6546331383287907,61716680704,0,61741203456,23277338624,61394685952,61394690560,668507648,0,187633766400,121164443648,0
1791584475.434727,0.6426580436527729,61716680704,0,61741203456,23277338624,61394685952,61394690560,668507648,0,187634360320,121164443648,0
1791584476.0852888,0.6504208445549011,61716680704,0,61741203456,23277338624,61394685952,61394690560,668507648,0,187634409472,121164443648,0
1791584476.7341223,0.6486819069832563,61716680704,0,61741203456,23277338624,61394685952,61394690560,668507648,0,187634229248,121164443648,0
1791584477.3776257,0.6433588415384293,61716680704,0,61741203456,23277338624,61394685952,61394690560,668507648,0,187633758208,121164443648,0
1791584478.0259774,0.6482107248157263,61716680704,0,61741203456,23277338624,61394685952,61394690560,668507648,0,187633848320,121164443648,0
1791584478.6745431,0.6484204549342394,61716680704,0,61741203456,23277338624,61394685952,61394690560,668507648,0,187633717248,121164443648,0
1791584479.320259,0.6455733086913824,61716684800,0,61741203456,23277338624,61394685952,61394690560,668511744,0,187633537024,121164443648,0
1791584479.9766674,0.6562616042792797,61716684800,0,61741203456,23277338624,61394685952,61394690560,668511744,0,187633774592,121164443648,0
1791584480.6216533,0.6448441240936518,61716684800,0,61741203456,23277338624,61394685952,61394690560,668511744,0,187634155520,121164443648,0
1791584481.2641964,0.6423976588994265,61716684800,0,61741203456,23277338624,61394685952,61394690560,668511744,0,187633987584,121164443648,0
1791584481.9173062,0.6529597081243992,61716684800,0,61741203456,23277338624,61394685952,61394690560,668511744,0,187633553408,121164443648,0
1791584482.559689,0.6422319393604994,61716684800,0,61741203456,23277338624,61394685952,61394690560,668511744,0,187633618944,121164443648,0
1791584483.211583,0.651744119822979,61716684800,0,61741203456,23277338624,61394685952,61394690560,668511744,0,187633438720,121164443648,0
1791584483.8544505,0.6427212748676538,61716684800,0,61741203456,23277338624,61394685952,61394690560,668511744,0,187633537024,121164443648,0
1791584484.4969385,0.6423393674194813,61716688896,0,61741203456,23277338624,61394685952,61394690560,668515840,0,187633631232,121164443648,0
1791584485.1482303,0.6511393636465073,61716688896,0,61741203456,23277338624,61394685952,61394690560,668515840,0,187634016256,121164443648,0
1791584485.7905192,0.6421514078974724,61716688896,0,61741203456,23277338624,61394685952,61394690560,668515840,0,187633963008,121164443648,0
1791584486.440622,0.6499597989022732,61716688896,0,61741203456,23277338624,61394685952,61394690560,668515840,0,187634032640,121164443648,0
1791584487.0834517,0.6426848545670509,61716688896,0,61741203456,23277338624,61394685952,61394690560,668515840,0,187633836032,121164443648,0
1791584487.7258358,0.6422388311475515,61716688896,0,61741203456,23277338624,61394685952,61394690560,668515840,0,187633913856,121164443648,0
1791584488.3795168,0.6535326670855284,61716688896,0,61741203456,23277338624,61394685952,61394690560,668515840,0,187634012160,121164443648,0
1791584489.0219002,0.6422340199351311,61716688896,0,61741203456,23277338624,61394685952,61394690560,668515840,0,187633827840,121164443648,0
1791584489.6686108,0.6465554144233465,61716692992,0,61741203456,23277338624,61394685952,61394690560,668519936,0,187633655808,121164443648,0
1791584490.3108008,0.642042700201273,61716692992,0,61741203456,23277338624,61394685952,61394690560,668519936,0,187634106368,121164443648,0
1791584490.9547696,0.6438219845294952,61716692992,0,61741203456,23277338624,61394685952,61394690560,668519936,0,187633917952,121164443648,0
1791584491.6109047,0.6559848394244909,61716692992,0,61741203456,23277338624,61394685952,61394690560,668519936,0,187633905664,121164443648,0
1791584492.2548077,0.643760671839118,61716692992,0,61741203456,23277338624,61394685952,61394690560,668519936,0,187633496064,121164443648,0
1791584492.9000237,0.6450709532946348,61716692992,0,61741203456,23277338624,61394685952,61394690560,668519936,0,187633463296,121164443648,0
1791584493.5527632,0.6525987181812525,61716692992,0,61741203456,23277338624,61394685952,61394690560,668519936,0,187633561600,121164443648,0
1791584494.1984744,0.6455704607069492,61716692992,0,61741203456,23277338624,61394685952,61394690560,668519936,0,187633602560,121164443648,0
1791584494.8539026,0.6552861090749502,61716697088,0,61741203456,23277338624,61394685952,61394690560,668524032,0,187633680384,121164443648,0
1791584495.4992445,0.6452005598694086,61716697088,0,61741203456,23277338624,61394685952,61394690560,668524032,0,187633774592,121164443648,0
1791584496.1480298,0.6486431360244751,61716697088,0,61741203456,23277338624,61394685952,61394690560,668524032,0,187633598464,121164443648,0
1791584496.7994072,0.6512246504426003,61716697088,0,61741203456,23277338624,61394685952,61394690560,668524032,0,187633668096,121164443648,0
1791584497.4420927,0.6425388231873512,61716697088,0,61741203456,23277338624,61394685952,61394690560,668524032,0,187633758208,121164443648,0
1791584498.0955882,0.653344439342618,61716697088,0,61741203456,23277338624,61394685952,61394690560,668524032,0,187633774592,121164443648,0
1791584498.7382402,0.6425052788108587,61716697088,0,61741203456,23277338624,61394685952,61394690560,668524032,0,187633483776,121164443648,0
1791584499.388032,0.6496494542807341,61716697088,0,61741203456,23277338624,61394685952,61394690560,668524032,0,187633508352,121164443648,0
1791584500.0423808,0.6541997194290161,61716701184,0,61741203456,23277338624,61394685952,61394690560,668528128,0,187633954816,121164443648,0
1791584500.6950393,0.6525124814361334,61716713472,0,61741203456,23277338624,61394685952,61394690560,668540416,0,187633643520,121164443648,0
1791584501.4458091,0.7506243158131838,61716717568,0,61741203456,23277338624,61394685952,61394690560,668544512,0,187633713152,121164443648,0
1791584502.0941865,0.6482309103012085,61716803584,0,61741203456,23277338624,61394685952,61394690560,668630528,0,187633733632,121164443648,0
1791584502.737665,0.6433303952217102,61716848640,0,61741203456,23277338624,61394685952,61394690560,668675584,0,187633545216,121164443648,0
1791584503.390687,0.6528728920966387,61716852736,0,61741203456,23277338624,61394685952,61394690560,668679680,0,187633610752,121164443648,0
1791584504.0339878,0.6431590039283037,61716860928,0,61741203456,23277338624,61394685952,61394690560,668687872,0,187633692672,121164443648,0
1791584504.6849976,0.6508596483618021,61716865024,0,61741203456,23277338624,61394685952,61394690560,668691968,0,187633782784,121164443648,0
1791584505.3285573,0.6433693543076515,61716869120,0,61741203456,23277338624,61394685952,61394690560,668696064,0,187633954816,121164443648,0
1791584505.9767776,0.6480769328773022,61716881408,0,61741203456,23277338624,61394685952,61394690560,668708352,0,187634294784,121164443648,0
1791584506.6261525,0.6492272280156612,61716881408,0,61741203456,23277338624,61394685952,61394690560,668708352,0,187634147328,121164443648,0
1791584507.2696195,0.6433074213564396,61716885504,0,61741203456,23277338624,61394685952,61394690560,668712448,0,187634237440,121164443648,0
1791584507.9227004,0.6529274955391884,61716893696,0,61741203456,23277338624,61394685952,61394690560,668720640,0,187633803264,121164443648,0
1791584508.566896,0.6440471634268761,61716893696,0,61741203456,23277338624,61394685952,61394690560,668720640,0,187632791552,121164443648,0
1791584509.2169816,0.6499372478574514,61715959808,0,61741203456,23277338624,61394685952,61394690560,667786752,0,187633078272,121164443648,0
1791584509.8603773,0.6432466842234135,61716074496,0,61741203456,23277338624,61394685952,61394690560,667901440,0,187633164288,121164443648,0
1791584510.5031316,0.6426057405769825,61716078592,0,61741203456,23277338624,61394685952,61394690560,667905536,0,187633541120,121164443648,0
1791584511.1458304,0.6425478532910347,61716168704,0,61741203456,23277338624,61394685952,61394690560,667995648,0,187633639424,121164443648,0
1791584511.7943287,0.6483481675386429,61716254720,0,61741203456,23277338624,61394685952,61394690560,668081664,0,187633401856,121164443648,0
1791584512.4381514,0.6436753943562508,61716369408,0,61741203456,23277338624,61394685952,61394690560,668196352,0,187633737728,121164443648,0
1791584513.0917177,0.653405636548996,61716455424,0,61741203456,23277338624,61394685952,61394690560,668282368,0,187634614272,121164828672,0
1791584513.7361238,0.6442571319639683,61716570112,0,61741203456,23277338624,61394685952,61394690560,668397056,0,187634176000,121164828672,0
1791584514.3906274,0.6543484143912792,61716660224,0,61741203456,23277338624,61394685952,61394690560,668487168,0,187634458624,121164828672,0
1791584515.0372956,0.6465202774852514,61716774912,0,61741203456,23277338624,61394685952,61394690560,668601856,0,187634622464,121164800000,0
1791584515.6852212,0.647782389074564,61716774912,0,61741203456,23277338624,61394685952,61394690560,668601856,0,187633975296,121164800000,0
1791584516.3300312,0.6446695644408464,61715988480,0,61741203456,23277338624,61394685952,61394690560,667815424,0,187634262016,121164800000,0
1791584516.974351,0.6441670693457127,61715992576,0,61741203456,23277338624,61394685952,61394690560,667819520,0,187634302976,121164800000,0
1791584517.619773,0.645275179296732,61716078592,0,61741203456,23277338624,61394685952,61394690560,667905536,0,187633713152,121164800000,0
1791584518.2625527,0.6426318194717169,61716193280,0,61741203456,23277338624,61394685952,61394690560,668020224,0,187633811456,121164800000,0
1791584518.9064653,0.6437620725482702,61716283392,0,61741203456,23277338624,61394685952,61394690560,668110336,0,187633827840,121164800000,0
1791584519.5614026,0.6547887716442347,61716398080,0,61741203456,23277338624,61394685952,61394690560,668225024,0,187633913856,121164800000,0
1791584520.203768,0.6422189045697451,61716488192,0,61741203456,23277338624,61394685952,61394690560,668315136,0,187634229248,121164800000,0
1791584520.8555493,0.6516426280140877,61716606976,0,61741203456,23277338624,61394685952,61394690560,668433920,0,187634307072,121164800000,0
1791584521.502952,0.6472580190747976,61716697088,0,61741203456,23277338624,61394685952,61394690560,668524032,0,187634327552,121164800000,0
1791584522.1509748,0.6478761322796345,61716811776,0,61741203456,23277338624,61394685952,61394690560,668638720,0,187634577408,121164800000,0
1791584522.80092,0.6498001366853714,61716811776,0,61741203456,23277338624,61394685952,61394690560,668638720,0,187633438720,121164800000,0
1791584523.444852,0.6437836233526468,61716008960,0,61741203456,23277338624,61394685952,61394690560,667835904,0,187633709056,121164800000,0
1791584524.0971446,0.652145667001605,61716013056,0,61741203456,23277338624,61394685952,61394690560,667840000,0,187633545216,121164800000,0
1791584524.742677,0.645375981926918,61716103168,0,61741203456,23277338624,61394685952,61394690560,667930112,0,187633311744,121164800000,0
1791584525.392528,0.6497075092047453,61716217856,0,61741203456,23277338624,61394685952,61394690560,668044800,0,187633504256,121164800000,0
1791584526.0438037,0.6511106118559837,61716312064,0,61741203456,23277338624,61394685952,61394690560,668139008,0,187633664000,121164636160,0
1791584526.688788,0.6448342353105545,61716426752,0,61741203456,23277338624,61394685952,61394690560,668253696,0,187633762304,121164636160,0
1791584527.333893,0.6449596546590328,61716520960,0,61741203456,23277338624,61394685952,61394690560,668347904,0,187634053120,121164660736,0
1791584527.984931,0.650898028165102,61716635648,0,61741203456,23277338624,61394685952,61394690560,668462592,0,187634143232,121164660736,0
1791584528.6301653,0.6450933422893286,61716725760,0,61741203456,23277338624,61394685952,61394690560,668552704,0,187634159616,121164660736,0
1791584529.2783973,0.648083072155714,61716840448,0,61741203456,23277338624,61394685952,61394690560,668667392,0,187634253824,121164660736,0
1791584529.922686,0.6441405322402716,61716840448,0,61741203456,23277338624,61394685952,61394690560,668667392,0,187633381376,121164660736,0
1791584530.5713441,0.6485121436417103,61716041728,0,61741203456,23277338624,61394685952,61394690560,667868672,0,187633496064,121164660736,0
1791584531.2160056,0.6445080004632473,61716049920,0,61741203456,23277338624,61394685952,61394690560,667876864,0,187633532928,121164660736,0
1791584531.8640015,0.6478449385613203,61716140032,0,61741203456,23277338624,61394685952,61394690560,667966976,0,187633790976,121164660736,0
1791584532.514724,0.650577524676919,61716254720,0,61741203456,23277338624,61394685952,61394690560,668081664,0,187633606656,121164660736,0
1791584533.157464,0.6425914037972689,61716344832,0,61741203456,23277338624,61394685952,61394690560,668171776,0,187633631232,121164660736,0
1791584533.8070285,0.6494164727628231,61716459520,0,61741203456,23277338624,61394685952,61394690560,668286464,0,187633963008,121164660736,0
1791584534.4512138,0.6440399307757616,61716545536,0,61741203456,23277338624,61394685952,61394690560,668372480,0,187633987584,121164660736,0
1791584535.0940232,0.642659230157733,61716668416,0,61741203456,23277338624,61394685952,61394690560,668495360,0,187634196480,121164636160,0
1791584535.7489386,0.6547781731933355,61716754432,0,61741203456,23277338624,61394685952,61394690560,668581376,0,187634495488,121164636160,0
1791584536.3930225,0.6439349092543125,61716877312,0,61741203456,23277338624,61394685952,61394690560,668704256,0,187634741248,121164636160,0
1791584537.0369928,0.6438220981508493,61716885504,0,61741203456,23277338624,61394685952,61394690560,668712448,0,187634524160,121164636160,0
1791584537.6801395,0.6430002525448799,61716889600,0,61741203456,23277338624,61394685952,61394690560,668716544,0,187634343936,121164636160,0
1791584538.3240588,0.6437712479382753,61716897792,0,61741203456,23277338624,61394685952,61394690560,668724736,0,187634442240,121164636160,0
1791584538.9792159,0.6550274714827538,61716905984,0,61741203456,23277338624,61394685952,61394690560,668732928,0,187634294784,121164636160,0
1791584539.62486,0.6455001179128885,61716910080,0,61741203456,23277338624,61394685952,61394690560,668737024,0,187633844224,121164636160,0
1791584540.2748866,0.6498847510665655,61716918272,0,61741203456,23277338624,61394685952,61394690560,668745216,0,187634421760,121164636160,0
1791584540.9267995,0.651764115318656,61716930560,0,61741203456,23277338624,61394685952,61394690560,668757504,0,187634491392,121164636160,0
1791584541.5707543,0.6438087467104197,61716934656,0,61741203456,23277338624,61394685952,61394690560,668761600,0,187634327552,121164636160,0
1791584542.2275414,0.6566396560519934,61716942848,0,61741203456,23277338624,61394685952,61394690560,668769792,0,187634552832,121164636160,0
1791584542.8743563,0.6466668155044317,61716942848,0,61741203456,23277338624,61394685952,61394690560,668769792,0,187633270784,121164636160,0
1791584543.5180218,0.6435250137001276,61716017152,0,61741203456,23277338624,61394685952,61394690560,667844096,0,187633274880,121164636160,0
1791584544.1733918,0.6552252471446991,61716021248,0,61741203456,23277338624,61394685952,61394690560,667848192,0,187633360896,121164636160,0
1791584544.8177707,0.6442250199615955,61716107264,0,61741203456,23277338624,61394685952,61394690560,667934208,0,187633127424,121164636160,0
1791584545.4724011,0.6544844917953014,61716226048,0,61741203456,23277338624,61394685952,61394690560,668052992,0,187633729536,121164636160,0
1791584546.1173918,0.6448483467102051,61716316160,0,61741203456,23277338624,61394685952,61394690560,668143104,0,187633754112,121164636160,0
1791584546.7618606,0.6443191859871149,61716430848,0,61741203456,23277338624,61394685952,61394690560,668257792,0,187633688576,121164636160,0
1791584547.4175975,0.6555894408375025,61716520960,0,61741203456,23277338624,61394685952,61394690560,668347904,0,187633979392,121164636160,0
1791584548.060911,0.6431682128459215,61716635648,0,61741203456,23277338624,61394685952,61394690560,668462592,0,187633803264,121164636160,0
1791584548.713457,0.6523991115391254,61716725760,0,61741203456,23277338624,61394685952,61394690560,668552704,0,187634089984,121164636160,0
1791584549.3598824,0.6462779752910137,61716840448,0,61741203456,23277338624,61394685952,61394690560,668667392,0,187634176000,121164636160,0
1791584550.0036635,0.6436329148709774,61716840448,0,61741203456,23277338624,61394685952,61394690560,668667392,0,187633455104,121164636160,0
1791584550.6648777,0.6610637418925762,61716041728,0,61741203456,23277338624,61394685952,61394690560,667868672,0,187634102272,121164636160,0
1791584551.3116717,0.6466496661305428,61716045824,0,61741203456,23277338624,61394685952,61394690560,667872768,0,187633844224,121164636160,0
1791584551.9634957,0.6516710575670004,61716135936,0,61741203456,23277338624,61394685952,61394690560,667962880,0,187633950720,121164636160,0
1791584552.6161034,0.6524591594934464,61716250624,0,61741203456,23277338624,61394685952,61394690560,668077568,0,187634008064,121164636160,0
1791584553.26321,0.6469535734504461,61716340736,0,61741203456,23277338624,61394685952,61394690560,668167680,0,187634225152,121164636160,0
1791584553.9179215,0.6545638740062714,61716455424,0,61741203456,23277338624,61394685952,61394690560,668282368,0,187633995776,121164636160,0
1791584554.5624144,0.6443474050611258,61716545536,0,61741203456,23277338624,61394685952,61394690560,668372480,0,187634020352,121164636160,0
1791584555.2144415,0.6518764328211546,61716664320,0,61741203456,23277338624,61394685952,61394690560,668491264,0,187634425856,121164636160,0
1791584555.862553,0.6478712800890207,61716754432,0,61741203456,23277338624,61394685952,61394690560,668581376,0,187634397184,121164636160,0
1791584556.517545,0.6548440363258123,61716869120,0,61741203456,23277338624,61394685952,61394690560,668696064,0,187634618368,121164636160,0
1791584557.1760533,0.658361105248332,61716869120,0,61741203456,23277338624,61394685952,61394690560,668696064,0,187633463296,121164636160,0
1791584557.8243084,0.6481215320527554,61716058112,0,61741203456,23277338624,61394685952,61394690560,667885056,0,187633709056,121164636160,0
1791584558.5032706,0.6788158155977726,61716062208,0,61741203456,23277338624,61394685952,61394690560,667889152,0,187633557504,121164636160,0
1791584559.1577349,0.6542869936674833,61716152320,0,61741203456,23277338624,61394685952,61394690560,667979264,0,187633770496,121164636160,0
1791584559.8073401,0.6494612898677588,61716267008,0,61741203456,23277338624,61394685952,61394690560,668093952,0,187633774592,121164636160,0
1791584560.4614131,0.6539223194122314,61716361216,0,61741203456,23277338624,61394685952,61394690560,668188160,0,187634040832,121164636160,0
1791584561.1126165,0.6510539297014475,61716475904,0,61741203456,23277338624,61394685952,61394690560,668302848,0,187634130944,121164636160,0
1791584561.760081,0.647310696542263,61716566016,0,61741203456,23277338624,61394685952,61394690560,668392960,0,187634008064,121164636160,0
1791584562.4235618,0.6633593793958426,61716680704,0,61741203456,23277338624,61394685952,61394690560,668507648,0,187634008064,121164636160,0
1791584563.072406,0.6486969757825136,61716770816,0,61741203456,23277338624,61394685952,61394690560,668597760,0,187634290688,121164636160,0
1791584563.7301688,0.6576091833412647,61716885504,0,61741203456,23277338624,61394685952,61394690560,668712448,0,187634593792,121164636160,0
1791584564.3802612,0.6499405670911074,61716885504,0,61741203456,23277338624,61394685952,61394690560,668712448,0,187633475584,121164636160,0
1791584565.0452204,0.6648122351616621,61716074496,0,61741203456,23277338624,61394685952,61394690560,667901440,0,187633950720,121164636160,0
1791584565.6948967,0.649512255564332,61716082688,0,61741203456,23277338624,61394685952,61394690560,667909632,0,187633483776,121164636160,0
1791584566.3452253,0.6501794047653675,61716168704,0,61741203456,23277338624,61394685952,61394690560,667995648,0,187633811456,121164636160,0
1791584567.00239,0.6570171285420656,61716291584,0,61741203456,23277338624,61394685952,61394690560,668118528,0,187633893376,121164636160,0
1791584567.6544223,0.6518862526863813,61716373504,0,61741203456,23277338624,61394685952,61394690560,668200448,0,187634180096,121164636160,0
1791584568.3020713,0.6475022751837969,61716496384,0,61741203456,23277338624,61394685952,61394690560,668323328,0,187634163712,121164636160,0
1791584568.962207,0.6600194200873375,61716578304,0,61741203456,23277338624,61394685952,61394690560,668405248,0,187634446336,121164636160,0
1791584569.6110177,0.6486631035804749,61716701184,0,61741203456,23277338624,61394685952,61394690560,668528128,0,187634298880,121164636160,0
1791584570.2588413,0.6476738639175892,61716787200,0,61741203456,23277338624,61394685952,61394690560,668614144,0,187634438144,121164636160,0
1791584570.9161544,0.657172366976738,61716910080,0,61741203456,23277338624,61394685952,61394690560,668737024,0,187634790400,121164636160,0
1791584571.562759,0.6464513726532459,61716918272,0,61741203456,23277338624,61394685952,61394690560,668745216,0,187634626560,121164636160,0
1791584572.2195663,0.6566625200212002,61716922368,0,61741203456,23277338624,61394685952,61394690560,668749312,0,187634515968,121164636160,0
1791584572.8699207,0.6502137389034033,61716926464,0,61741203456,23277338624,61394685952,61394690560,668753408,0,187634864128,121164636160,0
1791584573.519238,0.6491705439984798,61716934656,0,61741203456,23277338624,61394685952,61394690560,668761600,0,187634835456,121164636160,0
1791584574.1671042,0.6477234847843647,61716938752,0,61741203456,23277338624,61394685952,61394690560,668765696,0,187634909184,121164636160,0
1791584574.8118196,0.6445639748126268,61716946944,0,61741203456,23277338624,61394685952,61394690560,668773888,0,187634987008,121164636160,0
1791584575.4693491,0.657381584867835,61716955136,0,61741203456,23277338624,61394685952,61394690560,668782080,0,187634900992,121164636160,0
1791584576.1109433,0.6414478495717049,61716959232,0,61741203456,23277338624,61394685952,61394690560,668786176,0,187634733056,121164636160,0
1791584576.753211,0.6421194691210985,61716963328,0,61741203456,23277338624,61394685952,61394690560,668790272,0,187634827264,121164636160,0
1791584577.4017496,0.6483901217579842,61716963328,0,61741203456,23277338624,61394685952,61394690560,668790272,0,187633442816,121164636160,0
1791584578.04998,0.6480883937329054,61716049920,0,61741203456,23277338624,61394685952,61394690560,667876864,0,187633725440,121164636160,0
1791584578.6937103,0.6435791663825512,61716054016,0,61741203456,23277338624,61394685952,61394690560,667880960,0,187633549312,121164636160,0
1791584579.3422031,0.6483486667275429,61716140032,0,61741203456,23277338624,61394685952,61394690560,667966976,0,187633569792,121164636160,0
1791584579.9902155,0.6478636786341667,61716258816,0,61741203456,23277338624,61394685952,61394690560,668085760,0,187633922048,121164636160,0
1791584580.6330175,0.6426509693264961,61716348928,0,61741203456,23277338624,61394685952,61394690560,668175872,0,187634302976,121164636160,0
1791584581.285477,0.6523104161024094,61716463616,0,61741203456,23277338624,61394685952,61394690560,668290560,0,187634393088,121164636160,0
1791584581.92825,0.6426283325999975,61716553728,0,61741203456,23277338624,61394685952,61394690560,668380672,0,187634401280,121164636160,0
1791584582.579152,0.65074772387743,61716668416,0,61741203456,23277338624,61394685952,61394690560,668495360,0,187634233344,121164636160,0
1791584583.222994,0.6436891406774521,61716758528,0,61741203456,23277338624,61394685952,61394690560,668585472,0,187634458624,121164636160,0
1791584583.8647933,0.6416543815284967,61716873216,0,61741203456,23277338624,61394685952,61394690560,668700160,0,187634552832,121164636160,0
1791584584.5203915,0.655444422736764,61716873216,0,61741203456,23277338624,61394685952,61394690560,668700160,0,187633704960,121164636160,0
1791584585.1636264,0.6430930029600859,61716074496,0,61741203456,23277338624,61394685952,61394690560,667901440,0,187634257920,121164636160,0
1791584585.8057947,0.6420273967087269,61716078592,0,61741203456,23277338624,61394685952,61394690560,667905536,0,187634151424,121164636160,0
1791584586.4585624,0.6526169124990702,61716168704,0,61741203456,23277338624,61394685952,61394690560,667995648,0,187634188288,121164636160,0
1791584587.1002436,0.6415353268384933,61716283392,0,61741203456,23277338624,61394685952,61394690560,668110336,0,187634012160,121164636160,0
1791584587.7476249,0.6472320258617401,61716373504,0,61741203456,23277338624,61394685952,61394690560,668200448,0,187634212864,121164636160,0
1791584588.396793,0.6490220222622156,61716488192,0,61741203456,23277338624,61394685952,61394690560,668315136,0,187634307072,121164636160,0
1791584589.039204,0.6422608401626348,61716578304,0,61741203456,23277338624,61394685952,61394690560,668405248,0,187634593792,121164636160,0
1791584589.6906595,0.6513060238212347,61716692992,0,61741203456,23277338624,61394685952,61394690560,668519936,0,187634536448,121164636160,0
1791584590.3348951,0.6440841127187014,61716787200,0,61741203456,23277338624,61394685952,61394690560,668614144,0,187634675712,121164636160,0
1791584590.987448,0.6524101421236992,61716901888,0,61741203456,23277338624,61394685952,61394690560,668728832,0,187635019776,121164636160,0
1791584591.6306305,0.6430331226438284,61716901888,0,61741203456,23277338624,61394685952,61394690560,668728832,0,187634139136,121164636160,0
1791584592.2753572,0.6445755138993263,61716090880,0,61741203456,23277338624,61394685952,61394690560,667917824,0,187633897472,121164636160,0
1791584592.929533,0.6540288887917995,61716094976,0,61741203456,23277338624,61394685952,61394690560,667921920,0,187633729536,121164636160,0
1791584593.5718157,0.6421295441687107,61716185088,0,61741203456,23277338624,61394685952,61394690560,668012032,0,187634020352,121164636160,0
1791584594.2144256,0.6424591727554798,61716299776,0,61741203456,23277338624,61394685952,61394690560,668126720,0,187634368512,121164636160,0
1791584594.8658712,0.6512985285371542,61716393984,0,61741203456,23277338624,61394685952,61394690560,668220928,0,187634376704,121164636160,0
1791584595.5080616,0.6420357711613178,61716508672,0,61741203456,23277338624,61394685952,61394690560,668335616,0,187635122176,121164636160,0
1791584596.159136,0.6509486827999353,61716598784,0,61741203456,23277338624,61394685952,61394690560,668425728,0,187635044352,121164636160,0
1791584596.8052793,0.6459479127079248,61716713472,0,61741203456,23277338624,61394685952,61394690560,668540416,0,187635142656,121164636160,0
1791584597.4487443,0.6433161683380604,61716799488,0,61741203456,23277338624,61394685952,61394690560,668626432,0,187635384320,121164636160,0
1791584598.1026716,0.6537803132086992,61716922368,0,61741203456,23277338624,61394685952,61394690560,668749312,0,187635482624,121164636160,0
1791584598.74703,0.6442105062305927,61716922368,0,61741203456,23277338624,61394685952,61394690560,668749312,0,187634356224,121164636160,0
1791584599.3985252,0.6513389274477959,61716103168,0,61741203456,23277338624,61394685952,61394690560,667930112,0,187634630656,121164636160,0
1791584600.0457578,0.6470854766666889,61716115456,0,61741203456,23277338624,61394685952,61394690560,667942400,0,187634720768,121164636160,0
1791584600.696501,0.6506028212606907,61716197376,0,61741203456,23277338624,61394685952,61394690560,668024320,0,187634393088,121164636160,0
1791584601.3463955,0.64974051900208,61716320256,0,61741203456,23277338624,61394685952,61394690560,668147200,0,187634475008,121164636160,0
1791584601.991227,0.6446837764233351,61716402176,0,61741203456,23277338624,61394685952,61394690560,668229120,0,187634290688,121164636160,0
1791584602.6421297,0.6507563646882772,61716525056,0,61741203456,23277338624,61394685952,61394690560,668352000,0,187634593792,121164636160,0
1791584603.297893,0.6556083727627993,61716606976,0,61741203456,23277338624,61394685952,61394690560,668433920,0,187634163712,121164636160,0
1791584603.9422333,0.6441985797137022,61716729856,0,61741203456,23277338624,61394685952,61394690560,668556800,0,187634163712,121164636160,0
1791584604.5954354,0.6530501339584589,61716811776,0,61741203456,23277338624,61394685952,61394690560,668638720,0,187634446336,121164636160,0
1791584605.238442,0.6428518891334534,61716938752,0,61741203456,23277338624,61394685952,61394690560,668765696,0,187634634752,121164636160,0
1791584605.888316,0.6497324649244547,61716946944,0,61741203456,23277338624,61394685952,61394690560,668773888,0,187634946048,121164636160,0
1791584606.535017,0.6465521212667227,61716951040,0,61741203456,23277338624,61394685952,61394690560,668777984,0,187634933760,121164636160,0
1791584607.1779141,0.6427492033690214,61716955136,0,61741203456,23277338624,61394685952,61394690560,668782080,0,187635032064,121164636160,0
1791584607.832385,0.6543245762586594,61716963328,0,61741203456,23277338624,61394685952,61394690560,668790272,0,187635105792,121164636160,0
1791584608.477995,0.6454618107527494,61716967424,0,61741203456,23277338624,61394685952,61394690560,668794368,0,187635073024,121164636160,0
1791584609.1264303,0.6482856720685959,61716971520,0,61741203456,23277338624,61394685952,61394690560,668798464,0,187634892800,121164636160,0
1791584609.7758758,0.6492982525378466,61716987904,0,61741203456,23277338624,61394685952,61394690560,668814848,0,187635032064,121164636160,0
1791584610.4184966,0.6424759197980165,61716992000,0,61741203456,23277338624,61394685952,61394690560,668818944,0,187634966528,121164636160,0
1791584611.06513,0.6464875023812056,61716996096,0,61741203456,23277338624,61394685952,61394690560,668823040,0,187635060736,121164636160,0
1791584611.7108984,0.6456135585904121,61716996096,0,61741203456,23277338624,61394685952,61394690560,668823040,0,187633811456,121164636160,0
1791584612.3559968,0.6449500788003206,61716086784,0,61741203456,23277338624,61394685952,61394690560,667913728,0,187634094080,121164636160,0
1791584613.0089982,0.6528515592217445,61716103168,0,61741203456,23277338624,61394685952,61394690560,667930112,0,187633963008,121164636160,0
1791584613.6522677,0.6431195288896561,61716189184,0,61741203456,23277338624,61394685952,61394690560,668016128,0,187634241536,121164636160,0
1791584614.3021376,0.6497223116457462,61716303872,0,61741203456,23277338624,61394685952,61394690560,668130816,0,187634331648,121164636160,0
1791584614.9499784,0.6476858593523502,61716398080,0,61741203456,23277338624,61394685952,61394690560,668225024,0,187634356224,121164636160,0
1791584615.592346,0.6422183234244585,61716512768,0,61741203456,23277338624,61394685952,61394690560,668339712,0,187634900992,121164787712,0
1791584616.243601,0.6511087156832218,61716602880,0,61741203456,23277338624,61394685952,61394690560,668429824,0,187634778112,121164787712,0
1791584616.8866894,0.6429356317967176,61716717568,0,61741203456,23277338624,61394685952,61394690560,668544512,0,187634393088,121164787712,0
1791584617.5383527,0.6515136975795031,61716807680,0,61741203456,23277338624,61394685952,61394690560,668634624,0,187634380800,121164787712,0
1791584618.1788595,0.6403579600155354,61716922368,0,61741203456,23277338624,61394685952,61394690560,668749312,0,187634720768,121164787712,0
1791584618.822922,0.6439132820814848,61716922368,0,61741203456,23277338624,61394685952,61394690560,668749312,0,187633852416,121164787712,0
1791584619.4764526,0.6533822063356638,61716123648,0,61741203456,23277338624,61394685952,61394690560,667950592,0,187633868800,121164787712,0
1791584620.1211245,0.6444962471723557,61716127744,0,61741203456,23277338624,61394685952,61394690560,667954688,0,187634298880,121164787712,0
1791584620.7634134,0.6421179696917534,61716217856,0,61741203456,23277338624,61394685952,61394690560,668044800,0,187634319360,121164644352,0
1791584621.4148166,0.6512541398406029,61716332544,0,61741203456,23277338624,61394685952,61394690560,668159488,0,187634655232,121164644352,0
1791584622.05689,0.6419305559247732,61716422656,0,61741203456,23277338624,61394685952,61394690560,668249600,0,187634077696,121164644352,0
1791584622.7087789,0.651742173358798,61716537344,0,61741203456,23277338624,61394685952,61394690560,668364288,0,187634421760,121164644352,0
1791584623.3518689,0.6429416537284851,61716627456,0,61741203456,23277338624,61394685952,61394690560,668454400,0,187634704384,121164644352,0
1791584623.9934814,0.6414702888578176,61716742144,0,61741203456,23277338624,61394685952,61394690560,668569088,0,187634786304,121164644352,0
1791584624.6387582,0.6451315730810165,61716836352,0,61741203456,23277338624,61394685952,61394690560,668663296,0,187635077120,121164644352,0
1791584625.2804425,0.6415350679308176,61716951040,0,61741203456,23277338624,61394685952,61394690560,668777984,0,187635515392,121164640256,0
1791584625.9260721,0.6454826146364212,61716951040,0,61741203456,23277338624,61394685952,61394690560,668777984,0,187634348032,121164640256,0
1791584626.5691884,0.6430012211203575,61716140032,0,61741203456,23277338624,61394685952,61394690560,667966976,0,187634073600,121164640256,0
1791584627.2111514,0.641814187169075,61716144128,0,61741203456,23277338624,61394685952,61394690560,667971072,0,187634163712,121164640256,0
1791584627.8515272,0.640213692560792,61716234240,0,61741203456,23277338624,61394685952,61394690560,668061184,0,187634454528,121164640256,0
1791584628.4942498,0.6425728257745504,61716348928,0,61741203456,23277338624,61394685952,61394690560,668175872,0,187634458624,121164640256,0
1791584629.1361227,0.6417240481823683,61716443136,0,61741203456,23277338624,61394685952,61394690560,668270080,0,187634692096,121164640256,0
1791584629.7784016,0.6421247385442257,61716557824,0,61741203456,23277338624,61394685952,61394690560,668384768,0,187634593792,121164640256,0
1791584630.419921,0.6413733270019293,61716643840,0,61741203456,23277338624,61394685952,61394690560,668470784,0,187634970624,121164640256,0
1791584631.0624166,0.6423471961170435,61716766720,0,61741203456,23277338624,61394685952,61394690560,668593664,0,187634802688,121164640256,0
1791584631.706558,0.6439915429800749,61716848640,0,61741203456,23277338624,61394685952,61394690560,668675584,0,187634819072,121164640256,0
1791584632.3476803,0.6409742347896099,61716971520,0,61741203456,23277338624,61394685952,61394690560,668798464,0,187634810880,121164640256,0
1791584632.9998405,0.6520130001008511,61716979712,0,61741203456,23277338624,61394685952,61394690560,668806656,0,187634769920,121164640256,0
1791584633.6426384,0.6426433026790619,61716983808,0,61741203456,23277338624,61394685952,61394690560,668810752,0,187634831360,121164640256,0
1791584634.297587,0.6547998953610659,61716996096,0,61741203456,23277338624,61394685952,61394690560,668823040,0,187634352128,121164640256,0
1791584634.940554,0.6428253669291735,61717004288,0,61741203456,23277338624,61394685952,61394690560,668831232,0,187634483200,121164640256,0
1791584635.588251,0.6475523598492146,61717008384,0,61741203456,23277338624,61394685952,61394690560,668835328,0,187634933760,121164640256,0
1791584636.2453876,0.65699627622962,61717016576,0,61741203456,23277338624,61394685952,61394690560,668843520,0,187634667520,121164640256,0
1791584636.8928742,0.64734554477036,61717024768,0,61741203456,23277338624,61394685952,61394690560,668851712,0,187634638848,121164640256,0
1791584637.5393662,0.6463407576084137,61717028864,0,61741203456,23277338624,61394685952,61394690560,668855808,0,187634126848,121164640256,0
1791584638.1981354,0.6586313080042601,61717037056,0,61741203456,23277338624,61394685952,61394690560,668864000,0,187633917952,121164640256,0
1791584638.8442638,0.6459744796156883,61717041152,0,61741203456,23277338624,61394685952,61394690560,668868096,0,187632947200,121164640256,0
1791584639.4917257,0.6473070383071899,61716115456,0,61741203456,23277338624,61394685952,61394690560,667942400,0,187632287744,121164640256,0
1791584640.1497505,0.6578805614262819,61716119552,0,61741203456,23277338624,61394685952,61394690560,667946496,0,187632467968,121164640256,0
1791584640.797122,0.6472311224788427,61716205568,0,61741203456,23277338624,61394685952,61394690560,668032512,0,187632427008,121164640256,0
1791584641.4537377,0.656464384868741,61716320256,0,61741203456,23277338624,61394685952,61394690560,668147200,0,187632721920,121164640256,0
1791584642.0999799,0.6460985150188208,61716410368,0,61741203456,23277338624,61394685952,61394690560,668237312,0,187632996352,121164640256,0
1791584642.7462409,0.6461119670420885,61716525056,0,61741203456,23277338624,61394685952,61394690560,668352000,0,187632803840,121164640256,0
1791584643.3971026,0.6507140081375837,61716615168,0,61741203456,23277338624,61394685952,61394690560,668442112,0,187633090560,121164640256,0
1791584644.0427344,0.6454795990139246,61716733952,0,61741203456,23277338624,61394685952,61394690560,668560896,0,187633082368,121164640256,0
1791584644.7020357,0.6591478921473026,61716824064,0,61741203456,23277338624,61394685952,61394690560,668651008,0,187633364992,121164640256,0
1791584645.3492901,0.6471035555005074,61716938752,0,61741203456,23277338624,61394685952,61394690560,668765696,0,187633238016,121164439552,0
1791584646.00052,0.6510836184024811,61716938752,0,61741203456,23277338624,61394685952,61394690560,668765696,0,187632861184,121164439552,0
1791584646.656126,0.6554640755057335,61716135936,0,61741203456,23277338624,61394685952,61394690560,667962880,0,187632824320,121164439552,0
1791584647.3004029,0.6441259179264307,61716140032,0,61741203456,23277338624,61394685952,61394690560,667966976,0,187632914432,121164439552,0
1791584647.9450128,0.6444604732096195,61716230144,0,61741203456,23277338624,61394685952,61394690560,668057088,0,187633201152,121164439552,0
1791584648.5998147,0.654655747115612,61716344832,0,61741203456,23277338624,61394685952,61394690560,668171776,0,187633283072,121164439552,0
1791584649.2443612,0.6443997696042061,61716439040,0,61741203456,23277338624,61394685952,61394690560,668265984,0,187633307648,121164439552,0
1791584649.8996487,0.6551334634423256,61716553728,0,61741203456,23277338624,61394685952,61394690560,668380672,0,187633655808,121164439552,0
1791584650.5432062,0.643415467813611,61716643840,0,61741203456,23277338624,61394685952,61394690560,668470784,0,187633909760,121164439552,0
1791584651.1959257,0.6525771208107471,61716758528,0,61741203456,23277338624,61394685952,61394690560,668585472,0,187634016256,121164439552,0
1791584651.8467398,0.6506748963147402,61716848640,0,61741203456,23277338624,61394685952,61394690560,668675584,0,187633807360,121164439552,0
1791584652.4907756,0.6438948642462492,61716963328,0,61741203456,23277338624,61394685952,61394690560,668790272,0,187633897472,121164439552,0
1791584653.143557,0.6526402477174997,61716963328,0,61741203456,23277338624,61394685952,61394690560,668790272,0,187633012736,121164439552,0
1791584653.7873795,0.6436772085726261,61716152320,0,61741203456,23277338624,61394685952,61394690560,667979264,0,187633020928,121164439552,0
1791584654.4302745,0.6427559461444616,61716160512,0,61741203456,23277338624,61394685952,61394690560,667987456,0,187633119232,121164439552,0
1791584655.0833278,0.6529029440134764,61716250624,0,61741203456,23277338624,61394685952,61394690560,668077568,0,187633762304,121164439552,0
1791584655.7255216,0.6420465502887964,61716365312,0,61741203456,23277338624,61394685952,61394690560,668192256,0,187633762304,121164439552,0
1791584656.3704417,0.6447817422449589,61716455424,0,61741203456,23277338624,61394685952,61394690560,668282368,0,187633803264,121164439552,0
1791584657.026538,0.6559516433626413,61716570112,0,61741203456,23277338624,61394685952,61394690560,668397056,0,187634118656,121164439552,0
1791584657.6712465,0.6445672959089279,61716660224,0,61741203456,23277338624,61394685952,61394690560,668487168,0,187633836032,121164439552,0
1791584658.3158252,0.644431734457612,61716774912,0,61741203456,23277338624,61394685952,61394690560,668601856,0,187633516544,121164439552,0
1791584658.9624827,0.6465096175670624,61716869120,0,61741203456,23277338624,61394685952,61394690560,668696064,0,187633074176,121164439552,0
1791584659.6154473,0.6528181079775095,61716983808,0,61741203456,23277338624,61394685952,61394690560,668810752,0,187633127424,121164439552,0
1791584660.2569993,0.641407310962677,61716983808,0,61741203456,23277338624,61394685952,61394690560,668810752,0,187632807936,121164439552,0
1791584660.9070897,0.6499449778348207,61716168704,0,61741203456,23277338624,61394685952,61394690560,667995648,0,187632594944,121164439552,0
1791584661.5531733,0.6459261532872915,61716176896,0,61741203456,23277338624,61394685952,61394690560,668003840,0,187632689152,121164439552,0
1791584662.1948109,0.6414886079728603,61716262912,0,61741203456,23277338624,61394685952,61394690560,668089856,0,187632959488,121164439552,0
1791584662.8427272,0.6477750856429338,61716385792,0,61741203456,23277338624,61394685952,61394690560,668212736,0,187633315840,121164439552,0
1791584663.4933202,0.650453170761466,61716467712,0,61741203456,23277338624,61394685952,61394690560,668294656,0,187633336320,121164439552,0
1791584664.137465,0.644007571041584,61716594688,0,61741203456,23277338624,61394685952,61394690560,668421632,0,187633565696,121164439552,0
1791584664.7931848,0.6555743720382452,61716676608,0,61741203456,23277338624,61394685952,61394690560,668503552,0,187633074176,121164439552,0
1791584665.436802,0.6434720829129219,61716799488,0,61741203456,23277338624,61394685952,61394690560,668626432,0,187633553408,121164439552,0
1791584666.081824,0.6448780354112387,61716881408,0,61741203456,23277338624,61394685952,61394690560,668708352,0,187633287168,121164439552,0
1791584666.7330835,0.6510438155382872,61717004288,0,61741203456,23277338624,61394685952,61394690560,668831232,0,187633647616,121164439552,0
1791584667.3750803,0.6418921481817961,61717012480,0,61741203456,23277338624,61394685952,61394690560,668839424,0,187633696768,121164439552,0
1791584668.0270665,0.6518781241029501,61717016576,0,61741203456,23277338624,61394685952,61394690560,668843520,0,187633795072,121164439552,0
1791584668.6687853,0.6415993794798851,61717020672,0,61741203456,23277338624,61394685952,61394690560,668847616,0,187633811456,121164439552,0
1791584669.3130863,0.6441521346569061,61717032960,0,61741203456,23277338624,61394685952,61394690560,668859904,0,187633639424,121164439552,0
1791584669.9593923,0.6461845934391022,61717037056,0,61741203456,23277338624,61394685952,61394690560,668864000,0,187633733632,121164439552,0
1791584670.6039276,0.644391056150198,61717041152,0,61741203456,23277338624,61394685952,61394690560,668868096,0,187633647616,121164439552,0
1791584671.2526767,0.6486026216298342,61717049344,0,61741203456,23277338624,61394685952,61394690560,668876288,0,187634003968,121164439552,0
1791584671.893762,0.6409331429749727,61717053440,0,61741203456,23277338624,61394685952,61394690560,668880384,0,187633631232,121164439552,0
1791584672.5348887,0.6409773621708155,61717057536,0,61741203456,23277338624,61394685952,61394690560,668884480,0,187633688576,121164439552,0
1791584673.186806,0.6517696250230074,61717057536,0,61741203456,23277338624,61394685952,61394690560,668884480,0,187632726016,121164439552,0
1791584673.8324852,0.645530903711915,61716148224,0,61741203456,23277338624,61394685952,61394690560,667975168,0,187632558080,121164439552,0
1791584674.48823,0.6555988863110542,61716152320,0,61741203456,23277338624,61394685952,61394690560,667979264,0,187632578560,121164439552,0
1791584675.1320648,0.6436948459595442,61716238336,0,61741203456,23277338624,61394685952,61394690560,668065280,0,187632607232,121164439552,0
1791584675.7828853,0.6506992690265179,61716353024,0,61741203456,23277338624,61394685952,61394690560,668179968,0,187632939008,121164439552,0
1791584676.4338005,0.6507132053375244,61716443136,0,61741203456,23277338624,61394685952,61394690560,668270080,0,187632566272,121164439552,0
1791584677.0784047,0.644457483664155,61716557824,0,61741203456,23277338624,61394685952,61394690560,668384768,0,187632902144,121164439552,0
1791584677.7335165,0.6549707129597664,61716647936,0,61741203456,23277338624,61394685952,61394690560,668474880,0,187633188864,121164439552,0
1791584678.3783975,0.6447429545223713,61716762624,0,61741203456,23277338624,61394685952,61394690560,668589568,0,187633045504,121164439552,0
1791584679.0258584,0.6473199240863323,61716856832,0,61741203456,23277338624,61394685952,61394690560,668683776,0,187633348608,121164439552,0
1791584679.6739235,0.6479256562888622,61716971520,0,61741203456,23277338624,61394685952,61394690560,668798464,0,187633381376,121164439552,0
1791584680.316599,0.6425328478217125,61716971520,0,61741203456,23277338624,61394685952,61394690560,668798464,0,187632828416,121164439552,0
1791584680.9600067,0.6432684995234013,61716168704,0,61741203456,23277338624,61394685952,61394690560,667995648,0,187632594944,121164439552,0
1791584681.6141999,0.6540496777743101,61716172800,0,61741203456,23277338624,61394685952,61394690560,667999744,0,187632685056,121164439552,0
1791584682.2555642,0.6412234716117382,61716262912,0,61741203456,23277338624,61394685952,61394690560,668089856,0,187632709632,121164439552,0
1791584682.9022672,0.6465608105063438,61716377600,0,61741203456,23277338624,61394685952,61394690560,668204544,0,187632807936,121164439552,0
1791584683.5436327,0.6412244867533445,61716471808,0,61741203456,23277338624,61394685952,61394690560,668298752,0,187633090560,121164439552,0
1791584684.2085342,0.6647623386234045,61716586496,0,61741203456,23277338624,61394685952,61394690560,668413440,0,187633180672,121164439552,0
1791584684.87015,0.6614674013108015,61716676608,0,61741203456,23277338624,61394685952,61394690560,668503552,0,187633471488,121164439552,0
1791584685.5267227,0.656414482742548,61716791296,0,61741203456,23277338624,61394685952,61394690560,668618240,0,187634171904,121164439552,0
1791584686.1897662,0.6629013884812593,61716881408,0,61741203456,23277338624,61394685952,61394690560,668708352,0,187633930240,121164439552,0
1791584686.8541536,0.664246454834938,61716996096,0,61741203456,23277338624,61394685952,61394690560,668823040,0,187634081792,121164439552,0
1791584687.4968505,0.6425529196858406,61716996096,0,61741203456,23277338624,61394685952,61394690560,668823040,0,187633139712,121164439552,0
1791584688.14455,0.6475524790585041,61716185088,0,61741203456,23277338624,61394685952,61394690560,668012032,0,187633164288,121164439552,0
1791584688.7884529,0.643760047852993,61716193280,0,61741203456,23277338624,61394685952,61394690560,668020224,0,187633074176,121164439552,0
1791584689.43017,0.6415740810334682,61716283392,0,61741203456,23277338624,61394685952,61394690560,668110336,0,187632787456,121164439552,0
1791584690.0794084,0.6490943524986506,61716398080,0,61741203456,23277338624,61394685952,61394690560,668225024,0,187632996352,121164439552,0
1791584690.722613,0.643065083771944,61716488192,0,61741203456,23277338624,61394685952,61394690560,668315136,0,187632734208,121164439552,0
1791584691.3760357,0.6532846037298441,61716602880,0,61741203456,23277338624,61394685952,61394690560,668429824,0,187633139712,121164439552,0
1791584692.0191214,0.6429405137896538,61716697088,0,61741203456,23277338624,61394685952,61394690560,668524032,0,187633418240,121164439552,0
1791584692.7153761,0.6961096413433552,61716811776,0,61741203456,23277338624,61394685952,61394690560,668638720,0,187632930816,121164439552,0
1791584693.3611012,0.6455806363373995,61716901888,0,61741203456,23277338624,61394685952,61394690560,668728832,0,187633209344,121164439552,0
1791584694.002219,0.6409683488309383,61717024768,0,61741203456,23277338624,61394685952,61394690560,668851712,0,187633291264,121164439552,0
1791584694.6519673,0.6496062278747559,61717024768,0,61741203456,23277338624,61394685952,61394690560,668851712,0,187632836608,121164439552,0
1791584695.2986076,0.6464982684701681,61716217856,0,61741203456,23277338624,61394685952,61394690560,668044800,0,187633102848,121164439552,0
1791584695.9463685,0.6476129703223705,61716226048,0,61741203456,23277338624,61394685952,61394690560,668052992,0,187633164288,121164439552,0
1791584696.6011002,0.6545910835266113,61716307968,0,61741203456,23277338624,61394685952,61394690560,668134912,0,187633324032,121164439552,0
1791584697.3058043,0.7045331001281738,61716430848,0,61741203456,23277338624,61394685952,61394690560,668257792,0,187632508928,121164439552,0
1791584697.9808624,0.6748697031289339,61716512768,0,61741203456,23277338624,61394685952,61394690560,668339712,0,187632762880,121164439552,0
1791584698.6375554,0.6565473228693008,61716639744,0,61741203456,23277338624,61394685952,61394690560,668466688,0,187633119232,121164439552,0
1791584699.2791085,0.6414051577448845,61716721664,0,61741203456,23277338624,61394685952,61394690560,668548608,0,187632877568,121164439552,0
1791584699.933092,0.6538338158279657,61716844544,0,61741203456,23277338624,61394685952,61394690560,668671488,0,187633233920,121164439552,0
1791584700.5758429,0.6426005065441132,61716926464,0,61741203456,23277338624,61394685952,61394690560,668753408,0,187633594368,121164439552,0
1791584701.2238238,0.6478346213698387,61717049344,0,61741203456,23277338624,61394685952,61394690560,668876288,0,187633680384,121164439552,0
1791584701.8719049,0.6479344479739666,61717057536,0,61741203456,23277338624,61394685952,61394690560,668884480,0,187633430528,121164439552,0
1791584702.5145204,0.6424716394394636,61717061632,0,61741203456,23277338624,61394685952,61394690560,668888576,0,187633524736,121164439552,0
1791584703.1610768,0.6464115642011166,61717069824,0,61741203456,23277338624,61394685952,61394690560,668896768,0,187633610752,121164439552,0
1791584703.8511171,0.6899288762360811,61717078016,0,61741203456,23277338624,61394685952,61394690560,668904960,0,187633532928,121164439552,0
1791584704.4939945,0.642731811851263,61717082112,0,61741203456,23277338624,61394685952,61394690560,668909056,0,187633352704,121164439552,0
1791584705.4800806,0.9859453234821558,61717086208,0,61741203456,23277338624,61394685952,61394690560,668913152,0,187634016256,121164439552,0
1791584706.2048721,0.7246678322553635,61717094400,0,61741203456,23277338624,61394685952,61394690560,668921344,0,187634286592,121164439552,0
1791584706.8694282,0.664416341111064,61717098496,0,61741203456,23277338624,61394685952,61394690560,668925440,0,187633856512,121164439552,0
1791584707.519057,0.6494861841201782,61717102592,0,61741203456,23277338624,61394685952,61394690560,668929536,0,187637956608,121164439552,0
1791584708.1684244,0.6492380686104298,61717106688,0,61741203456,23277338624,61394685952,61394690560,668933632,0,187636948992,121164439552,0
1791584708.8210487,0.6524847652763128,61716197376,0,61741203456,23277338624,61394685952,61394690560,668024320,0,187633713152,121164439552,0
1791584709.7663279,0.945139029994607,61716201472,0,61741203456,23277338624,61394685952,61394690560,668028416,0,187633971200,121164439552,0
1791584710.5595875,0.7931141294538975,61716287488,0,61741203456,23277338624,61394685952,61394690560,668114432,0,187632652288,121164439552,0
1791584711.2070162,0.6472882013767958,61716402176,0,61741203456,23277338624,61394685952,61394690560,668229120,0,187632750592,121164439552,0
1791584711.8522716,0.6451007220894098,61716492288,0,61741203456,23277338624,61394685952,61394690560,668319232,0,187632549888,121164439552,0
1791584712.555603,0.7031816691160202,61716606976,0,61741203456,23277338624,61394685952,61394690560,668433920,0,187632795648,121164439552,0
1791584713.1977258,0.6419737823307514,61716701184,0,61741203456,23277338624,61394685952,61394690560,668528128,0,187633074176,121164439552,0
1791584713.8450973,0.6471872888505459,61716815872,0,61741203456,23277338624,61394685952,61394690560,668642816,0,187633434624,121164439552,0
1791584714.4844878,0.6392429880797863,61716905984,0,61741203456,23277338624,61394685952,61394690560,668732928,0,187633192960,121164439552,0
1791584715.3621163,0.8774839490652084,61717020672,0,61741203456,23277338624,61394685952,61394690560,668847616,0,187633606656,121164439552,0
1791584716.0773132,0.7150483597069979,61717020672,0,61741203456,23277338624,61394685952,61394690560,668847616,0,187632984064,121164439552,0
1791584716.730679,0.6532203331589699,61716217856,0,61741203456,23277338624,61394685952,61394690560,668044800,0,187632848896,121164439552,0
1791584717.375093,0.644266152754426,61716221952,0,61741203456,23277338624,61394685952,61394690560,668048896,0,187632943104,121164439552,0
1791584718.0523646,0.6771150026470423,61716316160,0,61741203456,23277338624,61394685952,61394690560,668143104,0,187632521216,121164439552,0
1791584718.70417,0.6516629736870527,61716430848,0,61741203456,23277338624,61394685952,61394690560,668257792,0,187632812032,121164439552,0
1791584719.3476026,0.6432800982147455,61716520960,0,61741203456,23277338624,61394685952,61394690560,668347904,0,187632611328,121164439552,0
1791584719.9981318,0.6503825504332781,61716635648,0,61741203456,23277338624,61394685952,61394690560,668462592,0,187633065984,121164439552,0
1791584720.6432564,0.6449169758707285,61716725760,0,61741203456,23277338624,61394685952,61394690560,668552704,0,187632869376,121164439552,0
1791584721.2859192,0.6425185557454824,61716840448,0,61741203456,23277338624,61394685952,61394690560,668667392,0,187633119232,121164439552,0
1791584721.9321184,0.6460556760430336,61716930560,0,61741203456,23277338624,61394685952,61394690560,668757504,0,187633098752,121164439552,0
1791584722.5742881,0.6420256812125444,61717045248,0,61741203456,23277338624,61394685952,61394690560,668872192,0,187633455104,121164439552,0
1791584723.2245142,0.6500834003090858,61717049344,0,61741203456,23277338624,61394685952,61394690560,668876288,0,187632803840,121164439552,0
1791584723.8753626,0.6507103238254786,61716238336,0,61741203456,23277338624,61394685952,61394690560,668065280,0,187632787456,121164439552,0
1791584724.5212488,0.6457348465919495,61716242432,0,61741203456,23277338624,61394685952,61394690560,668069376,0,187632803840,121164439552,0
1791584725.1806214,0.6592323910444975,61716332544,0,61741203456,23277338624,61394685952,61394690560,668159488,0,187633422336,121164439552,0
1791584725.8243535,0.643592095002532,61716447232,0,61741203456,23277338624,61394685952,61394690560,668274176,0,187632676864,121164439552,0
1791584726.4729993,0.6484963595867157,61716537344,0,61741203456,23277338624,61394685952,61394690560,668364288,0,187633008640,121164439552,0
1791584727.1259062,0.6527596469968557,61716652032,0,61741203456,23277338624,61394685952,61394690560,668478976,0,187633360896,121164439552,0
1791584727.773151,0.6470914706587791,61716738048,0,61741203456,23277338624,61394685952,61394690560,668564992,0,187632967680,121164439552,0
1791584728.4246368,0.6513406299054623,61716865024,0,61741203456,23277338624,61394685952,61394690560,668691968,0,187633291264,121164439552,0
1791584729.081887,0.657100573182106,61716946944,0,61741203456,23277338624,61394685952,61394690560,668773888,0,187633471488,121164439552,0
1791584729.728495,0.6464586462825537,61717069824,0,61741203456,23277338624,61394685952,61394690560,668896768,0,187633537024,121164439552,0
1791584730.381614,0.652974084019661,61717078016,0,61741203456,23277338624,61394685952,61394690560,668904960,0,187633938432,121164439552,0
1791584731.0232818,0.6415250487625599,61717082112,0,61741203456,23277338624,61394685952,61394690560,668909056,0,187634028544,121164439552,0
1791584731.6725676,0.6491398885846138,61717090304,0,61741203456,23277338624,61394685952,61394690560,668917248,0,187634135040,121164439552,0
1791584732.3288372,0.6561266351491213,61717098496,0,61741203456,23277338624,61394685952,61394690560,668925440,0,187633713152,121164439552,0
1791584732.9743917,0.6454026959836483,61717106688,0,61741203456,23277338624,61394685952,61394690560,668933632,0,187633799168,121164439552,0
1791584733.627245,0.6527021490037441,61717114880,0,61741203456,23277338624,61394685952,61394690560,668941824,0,187633795072,121164439552,0
1791584734.2756677,0.6482745874673128,61717123072,0,61741203456,23277338624,61394685952,61394690560,668950016,0,187633885184,121164439552,0
1791584734.9229963,0.6471796352416277,61717127168,0,61741203456,23277338624,61394685952,61394690560,668954112,0,187634036736,121164439552,0
1791584735.5730908,0.6499485820531845,61717135360,0,61741203456,23277338624,61394685952,61394690560,668962304,0,187633844224,121164439552,0
1791584736.22109,0.6478364262729883,61717135360,0,61741203456,23277338624,61394685952,61394690560,668962304,0,187632869376,121164439552,0
1791584736.8724349,0.6511877402663231,61716209664,0,61741203456,23277338624,61394685952,61394690560,668036608,0,187633156096,121164439552,0
1791584737.5126684,0.640085119754076,61716213760,0,61741203456,23277338624,61394685952,61394690560,668040704,0,187632955392,121164439552,0
1791584738.1574717,0.6446552705019712,61716303872,0,61741203456,23277338624,61394685952,61394690560,668130816,0,187632771072,121164439552,0
1791584738.8080213,0.650401595979929,61716418560,0,61741203456,23277338624,61394685952,61394690560,668245504,0,187633115136,121164439552,0
1791584739.4594069,0.6512349415570498,61716508672,0,61741203456,23277338624,61394685952,61394690560,668335616,0,187633078272,121164439552,0
1791584740.1036265,0.6440783645957708,61716623360,0,61741203456,23277338624,61394685952,61394690560,668450304,0,187633987584,121164439552,0
1791584740.7588546,0.6550821661949158,61716713472,0,61741203456,23277338624,61394685952,61394690560,668540416,0,187633745920,121164439552,0
1791584741.4022439,0.6432475261390209,61716828160,0,61741203456,23277338624,61394685952,61394690560,668655104,0,187633819648,121164439552,0
1791584742.0539608,0.6515754479914904,61716918272,0,61741203456,23277338624,61394685952,61394690560,668745216,0,187633872896,121164439552,0
1791584742.7096689,0.6555557921528816,61717037056,0,61741203456,23277338624,61394685952,61394690560,668864000,0,187633639424,121164439552,0
1791584743.3600364,0.6502243615686893,61717037056,0,61741203456,23277338624,61394685952,61394690560,668864000,0,187632918528,121164439552,0
1791584744.027044,0.6668571103364229,61716234240,0,61741203456,23277338624,61394685952,61394690560,668061184,0,187632451584,121164439552,0
1791584744.673055,0.645867582410574,61716238336,0,61741203456,23277338624,61394685952,61394690560,668065280,0,187632451584,121164439552,0
1791584745.322423,0.649235974997282,61716328448,0,61741203456,23277338624,61394685952,61394690560,668155392,0,187633057792,121164439552,0
1791584745.9695523,0.6469866447150707,61716443136,0,61741203456,23277338624,61394685952,61394690560,668270080,0,187633057792,121164439552,0
1791584746.613921,0.6442275121808052,61716533248,0,61741203456,23277338624,61394685952,61394690560,668360192,0,187633131520,121164439552,0
1791584747.2641582,0.6500971056520939,61716647936,0,61741203456,23277338624,61394685952,61394690560,668474880,0,187633299456,121164439552,0
1791584747.9104443,0.6461369153112173,61716742144,0,61741203456,23277338624,61394685952,61394690560,668569088,0,187633590272,121164439552,0
1791584748.5519407,0.6413466557860374,61716856832,0,61741203456,23277338624,61394685952,61394690560,668683776,0,187633577984,121164439552,0
1791584749.205075,0.6529821790754795,61716946944,0,61741203456,23277338624,61394685952,61394690560,668773888,0,187634122752,121164439552,0
1791584749.893923,0.6887330934405327,61717061632,0,61741203456,23277338624,61394685952,61394690560,668888576,0,187633668096,121164439552,0
1791584750.5408618,0.6468006353825331,61717061632,0,61741203456,23277338624,61394685952,61394690560,668888576,0,187632828416,121164439552,0
1791584751.1841407,0.6431345734745264,61716250624,0,61741203456,23277338624,61394685952,61394690560,668077568,0,187632779264,121164439552,0
1791584751.8225327,0.6382472924888134,61716254720,0,61741203456,23277338624,61394685952,61394690560,668081664,0,187632521216,121164439552,0
1791584752.5118327,0.689158920198679,61716344832,0,61741203456,23277338624,61394685952,61394690560,668171776,0,187632635904,121164439552,0
1791584753.1534321,0.6414539329707623,61716463616,0,61741203456,23277338624,61394685952,61394690560,668290560,0,187632726016,121164439552,0
1791584753.7993648,0.645783917978406,61716553728,0,61741203456,23277338624,61394685952,61394690560,668380672,0,187632586752,121164439552,0
1791584754.4498003,0.6502827759832144,61716668416,0,61741203456,23277338624,61394685952,61394690560,668495360,0,187633205248,121164439552,0
1791584755.089724,0.639771044254303,61716758528,0,61741203456,23277338624,61394685952,61394690560,668585472,0,187633303552,121164439552,0
1791584755.7383893,0.6485154237598181,61716873216,0,61741203456,23277338624,61394685952,61394690560,668700160,0,187633573888,121164439552,0
1791584756.383245,0.644705343991518,61716963328,0,61741203456,23277338624,61394685952,61394690560,668790272,0,187633324032,121164439552,0
1791584757.0242682,0.6408775094896555,61717078016,0,61741203456,23277338624,61394685952,61394690560,668904960,0,187633942528,121164439552,0
1791584757.669239,0.6448209192603827,61717082112,0,61741203456,23277338624,61394685952,61394690560,668909056,0,187632816128,121164439552,0
1791584758.3176658,0.6482822112739086,61716267008,0,61741203456,23277338624,61394685952,61394690560,668093952,0,187633078272,121164439552,0
1791584758.9574482,0.6396333836019039,61716275200,0,61741203456,23277338624,61394685952,61394690560,668102144,0,187633160192,121164439552,0
1791584759.6124363,0.654847914353013,61716361216,0,61741203456,23277338624,61394685952,61394690560,668188160,0,187632914432,121164439552,0
1791584760.254785,0.6422054544091225,61716484096,0,61741203456,23277338624,61394685952,61394690560,668311040,0,187633598464,121164439552,0
1791584760.901977,0.6470407228916883,61716566016,0,61741203456,23277338624,61394685952,61394690560,668392960,0,187633553408,121164439552,0
1791584761.5533879,0.6512644346803427,61716688896,0,61741203456,23277338624,61394685952,61394690560,668515840,0,187633303552,121164439552,0
1791584762.1959727,0.6424422021955252,61716770816,0,61741203456,23277338624,61394685952,61394690560,668597760,0,187633160192,121164439552,0
1791584762.8549745,0.6588535271584988,61716897792,0,61741203456,23277338624,61394685952,61394690560,668724736,0,187632951296,121164439552,0
1791584763.5053859,0.650259293615818,61716979712,0,61741203456,23277338624,61394685952,61394690560,668806656,0,187633238016,121164439552,0
1791584764.146527,0.640986168757081,61717102592,0,61741203456,23277338624,61394685952,61394690560,668929536,0,187633332224,121164439552,0
1791584764.8012393,0.654561460018158,61717110784,0,61741203456,23277338624,61394685952,61394690560,668937728,0,187633467392,121164439552,0
1791584765.4417777,0.6403969004750252,61717114880,0,61741203456,23277338624,61394685952,61394690560,668941824,0,187633840128,121164439552,0
1791584766.0837822,0.6418553236871958,61717118976,0,61741203456,23277338624,61394685952,61394690560,668945920,0,187633389568,121164439552,0
1791584766.7406576,0.6567284092307091,61717127168,0,61741203456,23277338624,61394685952,61394690560,668954112,0,187633418240,121164439552,0
1791584767.3843737,0.6435678824782372,61717135360,0,61741203456,23277338624,61394685952,61394690560,668962304,0,187633508352,121164439552,0
1791584768.0401216,0.655594002455473,61717139456,0,61741203456,23277338624,61394685952,61394690560,668966400,0,187633561600,121164439552,0
1791584768.6837986,0.6435200721025467,61717147648,0,61741203456,23277338624,61394685952,61394690560,668974592,0,187633643520,121164439552,0
1791584769.335945,0.65199732221663,61717151744,0,61741203456,23277338624,61394685952,61394690560,668978688,0,187633348608,121164439552,0
1791584769.984266,0.6481630858033895,61717155840,0,61741203456,23277338624,61394685952,61394690560,668982784,0,187633434624,121164439552,0
1791584770.6274645,0.6430501714348793,61717155840,0,61741203456,23277338624,61394685952,61394690560,668982784,0,187632758784,121164439552,0
1791584771.2767956,0.6491825543344021,61716242432,0,61741203456,23277338624,61394685952,61394690560,668069376,0,187632988160,121164439552,0
1791584771.9266686,0.6497316770255566,61716246528,0,61741203456,23277338624,61394685952,61394690560,668073472,0,187633012736,121164439552,0
1791584772.5715165,0.6447019092738628,61716336640,0,61741203456,23277338624,61394685952,61394690560,668163584,0,187633266688,121164439552,0
1791584773.2262638,0.6545922718942165,61716451328,0,61741203456,23277338624,61394685952,61394690560,668278272,0,187632734208,121164439552,0
1791584773.9429407,0.7165297009050846,61716541440,0,61741203456,23277338624,61394685952,61394690560,668368384,0,187632750592,121164439552,0
1791584774.6406722,0.6975417025387287,61716656128,0,61741203456,23277338624,61394685952,61394690560,668483072,0,187633065984,121164439552,0
1791584775.2910962,0.6502770502120256,61716746240,0,61741203456,23277338624,61394685952,61394690560,668573184,0,187633573888,121164439552,0
1791584775.9387178,0.6474653799086809,61716860928,0,61741203456,23277338624,61394685952,61394690560,668687872,0,187633283072,121164439552,0
1791584776.5969772,0.6581097301095724,61716951040,0,61741203456,23277338624,61394685952,61394690560,668777984,0,187633147904,121164439552,0
1791584777.2413092,0.6441880837082863,61717069824,0,61741203456,23277338624,61394685952,61394690560,668896768,0,187633352704,121164439552,0
1791584777.8931732,0.6517142243683338,61717069824,0,61741203456,23277338624,61394685952,61394690560,668896768,0,187632476160,121164439552,0
1791584778.5351582,0.6418336052447557,61716267008,0,61741203456,23277338624,61394685952,61394690560,668093952,0,187632484352,121164439552,0
1791584779.1761029,0.6407962124794722,61716271104,0,61741203456,23277338624,61394685952,61394690560,668098048,0,187632570368,121164439552,0
1791584779.828994,0.6527411621063948,61716361216,0,61741203456,23277338624,61394685952,61394690560,668188160,0,187632824320,121164439552,0
1791584780.470984,0.6418461445719004,61716475904,0,61741203456,23277338624,61394685952,61394690560,668302848,0,187632877568,121164439552,0
1791584781.1119258,0.6407974474132061,61716566016,0,61741203456,23277338624,61394685952,61394690560,668392960,0,187632902144,121164439552,0
1791584781.7634225,0.6513465568423271,61716680704,0,61741203456,23277338624,61394685952,61394690560,668507648,0,187632848896,121164439552,0
1791584782.4046936,0.6411174479871988,61716774912,0,61741203456,23277338624,61394685952,61394690560,668601856,0,187633090560,121164439552,0
1791584783.0473876,0.642546845600009,61716889600,0,61741203456,23277338624,61394685952,61394690560,668716544,0,187633127424,121164439552,0
1791584783.693711,0.6461750846356153,61716979712,0,61741203456,23277338624,61394685952,61394690560,668806656,0,187633307648,121164439552,0
1791584784.3420422,0.6481836345046759,61717094400,0,61741203456,23277338624,61394685952,61394690560,668921344,0,187633520640,121164439552,0
1791584784.9938781,0.6516924444586039,61717094400,0,61741203456,23277338624,61394685952,61394690560,668921344,0,187632644096,121164439552,0
1791584785.6329312,0.6389011796563864,61716283392,0,61741203456,23277338624,61394685952,61394690560,668110336,0,187632291840,121164439552,0
1791584786.2935662,0.6604936830699444,61716287488,0,61741203456,23277338624,61394685952,61394690560,668114432,0,187632566272,121164439552,0
1791584786.9562294,0.662512892857194,61716381696,0,61741203456,23277338624,61394685952,61394690560,668208640,0,187632476160,121164439552,0
1791584787.6098328,0.6534477695822716,61716496384,0,61741203456,23277338624,61394685952,61394690560,668323328,0,187632713728,121164439552,0
1791584788.2664893,0.6565020456910133,61716586496,0,61741203456,23277338624,61394685952,61394690560,668413440,0,187632734208,121164439552,0
1791584788.9845698,0.7179234903305769,61716701184,0,61741203456,23277338624,61394685952,61394690560,668528128,0,187633070080,121164439552,0
1791584789.629473,0.6447567716240883,61716791296,0,61741203456,23277338624,61394685952,61394690560,668618240,0,187633008640,121164439552,0
1791584790.2859588,0.6563372649252415,61716905984,0,61741203456,23277338624,61394685952,61394690560,668732928,0,187633504256,121164439552,0
1791584790.9322793,0.6461697779595852,61716992000,0,61741203456,23277338624,61394685952,61394690560,668818944,0,187633147904,121164439552,0
1791584791.5818353,0.649406161159277,61717114880,0,61741203456,23277338624,61394685952,61394690560,668941824,0,187633246208,121164439552,0
1791584792.2408097,0.6588177047669888,61717118976,0,61741203456,23277338624,61394685952,61394690560,668945920,0,187632226304,121164439552,0
1791584792.8860722,0.6451076660305262,61716299776,0,61741203456,23277338624,61394685952,61394690560,668126720,0,187632365568,121164439552,0
1791584793.5442228,0.6580217499285936,61716307968,0,61741203456,23277338624,61394685952,61394690560,668134912,0,187632353280,121164439552,0
1791584794.4864492,0.9420755486935377,61716389888,0,61741203456,23277338624,61394685952,61394690560,668216832,0,187632586752,121164439552,0
1791584795.2650545,0.7784569133073092,61716512768,0,61741203456,23277338624,61394685952,61394690560,668339712,0,187632910336,121164439552,0
1791584795.9110868,0.6459004133939743,61716594688,0,61741203456,23277338624,61394685952,61394690560,668421632,0,187633016832,121164439552,0
1791584796.5666025,0.6553582698106766,61716717568,0,61741203456,23277338624,61394685952,61394690560,668544512,0,187633369088,121164439552,0
1791584797.2114336,0.6446820478886366,61716803584,0,61741203456,23277338624,61394685952,61394690560,668630528,0,187633278976,121164439552,0
1791584797.8580585,0.6464761700481176,61716926464,0,61741203456,23277338624,61394685952,61394690560,668753408,0,187633352704,121164439552,0
1791584798.8352046,0.9770211037248373,61717008384,0,61741203456,23277338624,61394685952,61394690560,668835328,0,187633369088,121164439552,0
1791584799.604652,0.7692973874509335,61717131264,0,61741203456,23277338624,61394685952,61394690560,668958208,0,187633541120,121164439552,0
1791584800.2515175,0.6467158496379852,61717139456,0,61741203456,23277338624,61394685952,61394690560,668966400,0,187633922048,121164439552,0
1791584800.8939672,0.6423011757433414,61717143552,0,61741203456,23277338624,61394685952,61394690560,668970496,0,187633963008,121164439552,0
1791584801.5455742,0.6514571346342564,61717147648,0,61741203456,23277338624,61394685952,61394690560,668974592,0,187633786880,121164439552,0
1791584802.1862388,0.6405160799622536,61717159936,0,61741203456,23277338624,61394685952,61394690560,668986880,0,187633876992,121164439552,0
1791584802.840147,0.653759453445673,61717164032,0,61741203456,23277338624,61394685952,61394690560,668990976,0,187633750016,121164439552,0
1791584803.4816394,0.6413230672478676,61717168128,0,61741203456,23277338624,61394685952,61394690560,668995072,0,187633848320,121164439552,0
1791584804.1303174,0.6485268697142601,61717176320,0,61741203456,23277338624,61394685952,61394690560,669003264,0,187633934336,121164439552,0
1791584804.7747111,0.6442148201167583,61717180416,0,61741203456,23277338624,61394685952,61394690560,669007360,0,187634008064,121164439552,0
1791584805.4190333,0.6441739238798618,61717184512,0,61741203456,23277338624,61394685952,61394690560,669011456,0,187634409472,121164439552,0
1791584806.0616302,0.6424442790448666,61717184512,0,61741203456,23277338624,61394685952,61394690560,669011456,0,187633106944,121164439552,0
1791584806.7066014,0.6448263823986053,61716279296,0,61741203456,23277338624,61394685952,61394690560,668106240,0,187632640000,121164439552,0
1791584807.352507,0.6457618363201618,61716283392,0,61741203456,23277338624,61394685952,61394690560,668110336,0,187632869376,121164439552,0
1791584808.0038006,0.6511388961225748,61716369408,0,61741203456,23277338624,61394685952,61394690560,668196352,0,187632623616,121164439552,0
1791584808.6591148,0.655168991535902,61716484096,0,61741203456,23277338624,61394685952,61394690560,668311040,0,187632979968,121164439552,0
1791584809.3034,0.6441299766302109,61716574208,0,61741203456,23277338624,61394685952,61394690560,668401152,0,187632922624,121164439552,0
1791584809.9560988,0.6525467243045568,61716688896,0,61741203456,23277338624,61394685952,61394690560,668515840,0,187633254400,121164439552,0
1791584810.599146,0.6428917683660984,61716779008,0,61741203456,23277338624,61394685952,61394690560,668605952,0,187633795072,121164439552,0
1791584811.259376,0.6600766256451607,61716893696,0,61741203456,23277338624,61394685952,61394690560,668720640,0,187632963584,121164439552,0
1791584811.9030378,0.6435107234865427,61716987904,0,61741203456,23277338624,61394685952,61394690560,668814848,0,187633143808,121164439552,0
1791584812.552501,0.6493130922317505,61717102592,0,61741203456,23277338624,61394685952,61394690560,668929536,0,187633233920,121164439552,0
1791584813.2020247,0.649367792531848,61717102592,0,61741203456,23277338624,61394685952,61394690560,668929536,0,187632623616,121164439552,0
1791584813.84529,0.6431166157126427,61716299776,0,61741203456,23277338624,61394685952,61394690560,668126720,0,187632640000,121164439552,0
1791584814.492921,0.647478861734271,61716303872,0,61741203456,23277338624,61394685952,61394690560,668130816,0,187632472064,121164439552,0
1791584815.1386447,0.6455751303583384,61716393984,0,61741203456,23277338624,61394685952,61394690560,668220928,0,187633074176,121164439552,0
1791584815.782795,0.6439978182315826,61716508672,0,61741203456,23277338624,61394685952,61394690560,668335616,0,187633377280,121164439552,0
1791584816.4295504,0.6466040313243866,61716598784,0,61741203456,23277338624,61394685952,61394690560,668425728,0,187633401856,121164439552,0
1791584817.0784128,0.6487125419080257,61716717568,0,61741203456,23277338624,61394685952,61394690560,668544512,0,187633680384,121164439552,0
1791584817.7205772,0.6420245878398418,61716807680,0,61741203456,23277338624,61394685952,61394690560,668634624,0,187633434624,121164439552,0
1791584818.5890868,0.8683630730956793,61716922368,0,61741203456,23277338624,61394685952,61394690560,668749312,0,187633721344,121164439552,0
1791584819.320087,0.7308471482247114,61717012480,0,61741203456,23277338624,61394685952,61394690560,668839424,0,187633745920,121164439552,0
1791584819.964363,0.6441192086786032,61717127168,0,61741203456,23277338624,61394685952,61394690560,668954112,0,187633561600,121164439552,0
1791584820.6095693,0.6450555827468634,61717127168,0,61741203456,23277338624,61394685952,61394690560,668954112,0,187632713728,121164439552,0
1791584821.3092544,0.6995342746376991,61716316160,0,61741203456,23277338624,61394685952,61394690560,668143104,0,187632402432,121164439552,0
1791584821.9531336,0.6437341496348381,61716324352,0,61741203456,23277338624,61394685952,61394690560,668151296,0,187632398336,121164439552,0
1791584822.598515,0.6452276185154915,61716414464,0,61741203456,23277338624,61394685952,61394690560,668241408,0,187632566272,121164439552,0
1791584823.2460063,0.6473408322781324,61716529152,0,61741203456,23277338624,61394685952,61394690560,668356096,0,187632705536,121164439552,0
1791584823.888,0.6418452467769384,61716619264,0,61741203456,23277338624,61394685952,61394690560,668446208,0,187632803840,121164439552,0
1791584824.5303485,0.6421928405761719,61716733952,0,61741203456,23277338624,61394685952,61394690560,668560896,0,187632750592,121164439552,0
1791584825.184681,0.6541835218667984,61716819968,0,61741203456,23277338624,61394685952,61394690560,668646912,0,187633561600,121164439552,0
1791584825.8295655,0.6447447966784239,61716942848,0,61741203456,23277338624,61394685952,61394690560,668769792,0,187633471488,121164439552,0
1791584826.4747698,0.6450523063540459,61717024768,0,61741203456,23277338624,61394685952,61394690560,668851712,0,187633102848,121164439552,0
1791584827.1249907,0.6500782929360867,61717151744,0,61741203456,23277338624,61394685952,61394690560,668978688,0,187633463296,121164439552,0
1791584827.7670748,0.6419375464320183,61717159936,0,61741203456,23277338624,61394685952,61394690560,668986880,0,187633516544,121164439552,0
1791584828.4225237,0.6553356945514679,61717164032,0,61741203456,23277338624,61394685952,61394690560,668990976,0,187633307648,121164439552,0
1791584829.0658278,0.6431651599705219,61717172224,0,61741203456,23277338624,61394685952,61394690560,668999168,0,187633393664,121164439552,0
1791584829.7213097,0.6553381234407425,61717180416,0,61741203456,23277338624,61394685952,61394690560,669007360,0,187633360896,121164439552,0
1791584830.3658645,0.644412400200963,61717184512,0,61741203456,23277338624,61394685952,61394690560,669011456,0,187633545216,121164439552,0
1791584831.0142782,0.6482685636729002,61717192704,0,61741203456,23277338624,61394685952,61394690560,669019648,0,187633405952,121164439552,0
1791584831.6619382,0.6475188098847866,61717204992,0,61741203456,23277338624,61394685952,61394690560,669031936,0,187633655808,121164439552,0
1791584832.3041046,0.6420227121561766,61717209088,0,61741203456,23277338624,61394685952,61394690560,669036032,0,187633737728,121164439552,0
1791584832.951856,0.6475979257375002,61717217280,0,61741203456,23277338624,61394685952,61394690560,669044224,0,187633786880,121164439552,0
1791584833.5985026,0.6464987620711327,61717217280,0,61741203456,23277338624,61394685952,61394690560,669044224,0,187632766976,121164439552,0
1791584834.2400985,0.6414557714015245,61716291584,0,61741203456,23277338624,61394685952,61394690560,668118528,0,187632787456,121164439552,0
1791584834.8907118,0.6504617836326361,61716295680,0,61741203456,23277338624,61394685952,61394690560,668122624,0,187632877568,121164439552,0
1791584835.5359006,0.6450366545468569,61716381696,0,61741203456,23277338624,61394685952,61394690560,668208640,0,187633242112,121164439552,0
1791584836.1773856,0.6413329262286425,61716496384,0,61741203456,23277338624,61394685952,61394690560,668323328,0,187632996352,121164439552,0
1791584836.8196127,0.6420787218958139,61716590592,0,61741203456,23277338624,61394685952,61394690560,668417536,0,187632996352,121164439552,0
1791584837.4644144,0.6446539126336575,61716705280,0,61741203456,23277338624,61394685952,61394690560,668532224,0,187632787456,121164439552,0
1791584838.1144607,0.6498992629349232,61716795392,0,61741203456,23277338624,61394685952,61394690560,668622336,0,187632988160,121164439552,0
1791584838.764828,0.650214234367013,61716910080,0,61741203456,23277338624,61394685952,61394690560,668737024,0,187633340416,121164439552,0
1791584839.4098423,0.6448635831475258,61717000192,0,61741203456,23277338624,61394685952,61394690560,668827136,0,187633348608,121164439552,0
1791584840.0632088,0.6532180476933718,61717114880,0,61741203456,23277338624,61394685952,61394690560,668941824,0,187633819648,121164439552,0
1791584840.707491,0.6441387757658958,61717114880,0,61741203456,23277338624,61394685952,61394690560,668941824,0,187632803840,121164439552,0
1791584841.3512967,0.6436631605029106,61716316160,0,61741203456,23277338624,61394685952,61394690560,668143104,0,187632795648,121164439552,0
1791584841.9980288,0.6465830449014902,61716320256,0,61741203456,23277338624,61394685952,61394690560,668147200,0,187632889856,121164439552,0
1791584842.6397417,0.6415612455457449,61716410368,0,61741203456,23277338624,61394685952,61394690560,668237312,0,187633176576,121164439552,0
1791584843.2840009,0.6441078465431929,61716525056,0,61741203456,23277338624,61394685952,61394690560,668352000,0,187632910336,121164439552,0
1791584843.9379952,0.6538460049778223,61716615168,0,61741203456,23277338624,61394685952,61394690560,668442112,0,187633139712,121164439552,0
1791584844.5822973,0.6441520769149065,61716729856,0,61741203456,23277338624,61394685952,61394690560,668556800,0,187633418240,121164439552,0
1791584845.2391834,0.6567421425133944,61716819968,0,61741203456,23277338624,61394685952,61394690560,668646912,0,187633696768,121164439552,0
1791584845.9324744,0.6931165251880884,61716934656,0,61741203456,23277338624,61394685952,61394690560,668761600,0,187633401856,121164439552,0
1791584846.57853,0.6459080465137959,61717028864,0,61741203456,23277338624,61394685952,61394690560,668855808,0,187633164288,121164439552,0
1791584847.2253065,0.6466247066855431,61717143552,0,61741203456,23277338624,61394685952,61394690560,668970496,0,187633520640,121164439552,0
1791584847.8673081,0.6418511252850294,61717143552,0,61741203456,23277338624,61394685952,61394690560,668970496,0,187632902144,121164439552,0
1791584848.550418,0.6829605922102928,61716332544,0,61741203456,23277338624,61394685952,61394690560,668159488,0,187632357376,121164439552,0
1791584849.2056527,0.6550826914608479,61716336640,0,61741203456,23277338624,61394685952,61394690560,668163584,0,187632439296,121164439552,0
1791584849.8505638,0.6447623856365681,61716426752,0,61741203456,23277338624,61394685952,61394690560,668253696,0,187632496640,121164439552,0
1791584850.5038056,0.6530988682061434,61716541440,0,61741203456,23277338624,61394685952,61394690560,668368384,0,187632680960,121164439552,0
1791584851.1481943,0.6442324761301279,61716635648,0,61741203456,23277338624,61394685952,61394690560,668462592,0,187632668672,121164439552,0
1791584851.7908504,0.6425039730966091,61716750336,0,61741203456,23277338624,61394685952,61394690560,668577280,0,187633209344,121164439552,0
1791584852.44502,0.6540216691792011,61716840448,0,61741203456,23277338624,61394685952,61394690560,668667392,0,187633463296,121164439552,0
1791584853.0877101,0.6425412148237228,61716955136,0,61741203456,23277338624,61394685952,61394690560,668782080,0,187633352704,121164439552,0
1791584853.742149,0.6542897820472717,61717045248,0,61741203456,23277338624,61394685952,61394690560,668872192,0,187633377280,121164439552,0
1791584854.3869452,0.6446398757398129,61717159936,0,61741203456,23277338624,61394685952,61394690560,668986880,0,187633336320,121164439552,0
1791584855.0392294,0.6521345973014832,61717159936,0,61741203456,23277338624,61394685952,61394690560,668986880,0,187648663552,121164595200,0
1791584855.69535,0.655970361083746,61716344832,0,61741203456,23277338624,61394685952,61394690560,668171776,0,187632656384,121164685312,0
1791584856.3398643,0.6443654838949442,61716357120,0,61741203456,23277338624,61394685952,61394690560,668184064,0,187632648192,121164685312,0
1791584856.9952402,0.6552175469696522,61716443136,0,61741203456,23277338624,61394685952,61394690560,668270080,0,187632906240,121164685312,0
1791584857.6368535,0.6414619404822588,61716566016,0,61741203456,23277338624,61394685952,61394690560,668392960,0,187632701440,121164685312,0
1791584858.2805893,0.6435840502381325,61716647936,0,61741203456,23277338624,61394685952,61394690560,668474880,0,187632828416,121164685312,0
1791584858.9329267,0.6521917898207903,61716770816,0,61741203456,23277338624,61394685952,61394690560,668597760,0,187632893952,121164685312,0
1791584859.5789914,0.6459131166338921,61716852736,0,61741203456,23277338624,61394685952,61394690560,668679680,0,187633160192,121164685312,0
1791584860.2218025,0.6426597256213427,61716975616,0,61741203456,23277338624,61394685952,61394690560,668802560,0,187633213440,121164685312,0
1791584860.8785167,0.6565700676292181,61717061632,0,61741203456,23277338624,61394685952,61394690560,668888576,0,187633487872,121164685312,0
1791584861.5218759,0.64320626296103,61717184512,0,61741203456,23277338624,61394685952,61394690560,669011456,0,187633807360,121164685312,0
1791584862.1696281,0.6476094853132963,61717192704,0,61741203456,23277338624,61394685952,61394690560,669019648,0,187633856512,121164685312,0
1791584862.824501,0.654728626832366,61717196800,0,61741203456,23277338624,61394685952,61394690560,669023744,0,187633717248,121164685312,0
1791584863.473992,0.6493374966084957,61717200896,0,61741203456,23277338624,61394685952,61394690560,669027840,0,187633532928,121164685312,0
1791584864.1259532,0.6518163960427046,61717209088,0,61741203456,23277338624,61394685952,61394690560,669036032,0,187633696768,121164685312,0
1791584864.7723823,0.6462933905422688,61717213184,0,61741203456,23277338624,61394685952,61394690560,669040128,0,187633770496,121164685312,0
1791584865.4224594,0.6499279607087374,61717217280,0,61741203456,23277338624,61394685952,61394690560,669044224,0,187633901568,121164529664,0
1791584866.0688972,0.6462878510355949,61717229568,0,61741203456,23277338624,61394685952,61394690560,669056512,0,187633991680,121164529664,0
1791584866.7126226,0.6435740441083908,61717233664,0,61741203456,23277338624,61394685952,61394690560,669060608,0,187633807360,121164529664,0
1791584867.3649075,0.6521339453756809,61717237760,0,61741203456,23277338624,61394685952,61394690560,669064704,0,187633893376,121164529664,0
1791584868.0080185,0.6429617777466774,61717237760,0,61741203456,23277338624,61394685952,61394690560,669064704,0,187632955392,121164529664,0
1791584868.657446,0.6492592599242926,61716324352,0,61741203456,23277338624,61394685952,61394690560,668151296,0,187632820224,121164439552,0
1791584869.3022497,0.6446500793099403,61716328448,0,61741203456,23277338624,61394685952,61394690560,668155392,0,187632660480,121164439552,0
1791584869.9497676,0.647368174046278,61716414464,0,61741203456,23277338624,61394685952,61394690560,668241408,0,187632939008,121164439552,0
1791584870.603161,0.653239045292139,61716533248,0,61741203456,23277338624,61394685952,61394690560,668360192,0,187632996352,121164439552,0
1791584871.2480314,0.6447151731699705,61716623360,0,61741203456,23277338624,61394685952,61394690560,668450304,0,187632918528,121164439552,0
1791584871.9043581,0.6561737824231386,61716738048,0,61741203456,23277338624,61394685952,61394690560,668564992,0,187632914432,121164439552,0
1791584872.5495763,0.6450692601501942,61716828160,0,61741203456,23277338624,61394685952,61394690560,668655104,0,187633094656,121164439552,0
1791584873.1933007,0.6435727290809155,61716942848,0,61741203456,23277338624,61394685952,61394690560,668769792,0,187633053696,121164439552,0
1791584873.8464198,0.6529669277369976,61717032960,0,61741203456,23277338624,61394685952,61394690560,668859904,0,187633332224,121164439552,0
1791584874.48788,0.641316544264555,61717147648,0,61741203456,23277338624,61394685952,61394690560,668974592,0,187633426432,121164439552,0
1791584875.128621,0.6405917834490538,61717147648,0,61741203456,23277338624,61394685952,61394690560,668974592,0,187633414144,121164439552,0
1791584875.7803943,0.6516333427280188,61716348928,0,61741203456,23277338624,61394685952,61394690560,668175872,0,187633442816,121164439552,0
1791584876.4209929,0.6404536888003349,61716353024,0,61741203456,23277338624,61394685952,61394690560,668179968,0,187633205248,121164439552,0
1791584877.0689514,0.6478091198951006,61716443136,0,61741203456,23277338624,61394685952,61394690560,668270080,0,187633229824,121164439552,0
1791584877.7177246,0.648621853441,61716557824,0,61741203456,23277338624,61394685952,61394690560,668384768,0,187633336320,121164439552,0
1791584878.3590024,0.6411220524460077,61716647936,0,61741203456,23277338624,61394685952,61394690560,668474880,0,187632926720,121164439552,0
1791584879.009581,0.650429667904973,61716762624,0,61741203456,23277338624,61394685952,61394690560,668589568,0,187633278976,121164439552,0
1791584879.6515741,0.6418365463614464,61716852736,0,61741203456,23277338624,61394685952,61394690560,668679680,0,187633090560,121164439552,0
1791584880.2985096,0.6467798221856356,61716971520,0,61741203456,23277338624,61394685952,61394690560,668798464,0,187633483776,121164439552,0
1791584880.9459393,0.6472775526344776,61717061632,0,61741203456,23277338624,61394685952,61394690560,668888576,0,187633205248,121164439552,0
1791584881.6021194,0.6560399755835533,61717176320,0,61741203456,23277338624,61394685952,61394690560,669003264,0,187633410048,121164439552,0
1791584882.251632,0.6493574529886246,61717176320,0,61741203456,23277338624,61394685952,61394690560,669003264,0,187632472064,121164439552,0
1791584882.900066,0.6482370458543301,61716365312,0,61741203456,23277338624,61394685952,61394690560,668192256,0,187632594944,121164439552,0
1791584883.5409205,0.6407336760312319,61716369408,0,61741203456,23277338624,61394685952,61394690560,668196352,0,187632689152,121164439552,0
1791584884.204977,0.6638970356434584,61716459520,0,61741203456,23277338624,61394685952,61394690560,668286464,0,187632742400,121164439552,0
1791584884.8483577,0.6432289946824312,61716574208,0,61741203456,23277338624,61394685952,61394690560,668401152,0,187632816128,121164439552,0
1791584885.4919024,0.64338986761868,61716668416,0,61741203456,23277338624,61394685952,61394690560,668495360,0,187632885760,121164439552,0
1791584886.1403525,0.6482814885675907,61716783104,0,61741203456,23277338624,61394685952,61394690560,668610048,0,187632799744,121164439552,0
1791584886.7824583,0.6419587153941393,61716873216,0,61741203456,23277338624,61394685952,61394690560,668700160,0,187633074176,121164439552,0
1791584887.4253042,0.6426949314773083,61716987904,0,61741203456,23277338624,61394685952,61394690560,668814848,0,187632971776,121164439552,0
1791584888.0741942,0.6487295757979155,61717073920,0,61741203456,23277338624,61394685952,61394690560,668900864,0,187633303552,121164439552,0
1791584888.717929,0.6435824036598206,61717196800,0,61741203456,23277338624,61394685952,61394690560,669023744,0,187633160192,121164439552,0
1791584889.4058053,0.6877309400588274,61717196800,0,61741203456,23277338624,61394685952,61394690560,669023744,0,187632553984,121164439552,0
1791584890.0504706,0.6445161905139685,61716377600,0,61741203456,23277338624,61394685952,61394690560,668204544,0,187633147904,121164439552,0
1791584890.6965163,0.6458947993814945,61716385792,0,61741203456,23277338624,61394685952,61394690560,668212736,0,187632615424,121164439552,0
1791584891.3389487,0.642278827726841,61716164608,0,61741203456,23277338624,61394685952,61394690560,667991552,0,187632623616,121164439552,0
1791584891.9816492,0.6425494588911533,61716287488,0,61741203456,23277338624,61394685952,61394690560,668114432,0,187632685056,121164439552,0
1791584892.6293533,0.6475568041205406,61716369408,0,61741203456,23277338624,61394685952,61394690560,668196352,0,187632971776,121164439552,0
1791584893.2764018,0.646899726241827,61716492288,0,61741203456,23277338624,61394685952,61394690560,668319232,0,187633328128,121164439552,0
1791584893.9180834,0.6415354236960411,61716574208,0,61741203456,23277338624,61394685952,61394690560,668401152,0,187633086464,121164439552,0
1791584894.5666752,0.6484876200556755,61716697088,0,61741203456,23277338624,61394685952,61394690560,668524032,0,187633278976,121164439552,0
1791584895.2110744,0.6442507561296225,61716779008,0,61741203456,23277338624,61394685952,61394690560,668605952,0,187633651712,121164439552,0
1791584895.8536255,0.6424378510564566,61716901888,0,61741203456,23277338624,61394685952,61394690560,668728832,0,187633938432,121164439552,0
1791584896.4956048,0.6418281123042107,61716910080,0,61741203456,23277338624,61394685952,61394690560,668737024,0,187633721344,121164439552,0
1791584897.137734,0.6419828552752733,61716914176,0,61741203456,23277338624,61394685952,61394690560,668741120,0,187633549312,121164439552,0
1791584897.7916093,0.6537268832325935,61716918272,0,61741203456,23277338624,61394685952,61394690560,668745216,0,187633643520,121164439552,0
1791584898.4334106,0.6416540686041117,61716926464,0,61741203456,23277338624,61394685952,61394690560,668753408,0,187633733632,121164439552,0
1791584899.0809965,0.6474453564733267,61716930560,0,61741203456,23277338624,61394685952,61394690560,668757504,0,187633823744,121164439552,0
1791584899.7245274,0.6433812882751226,61716934656,0,61741203456,23277338624,61394685952,61394690560,668761600,0,187633332224,121164439552,0
1791584900.3681946,0.6435255240648985,61716942848,0,61741203456,23277338624,61394685952,61394690560,668769792,0,187633721344,121164439552,0
1791584901.010683,0.6423410773277283,61716946944,0,61741203456,23277338624,61394685952,61394690560,668773888,0,187633811456,121164439552,0
1791584901.657227,0.6463894359767437,61716951040,0,61741203456,23277338624,61394685952,61394690560,668777984,0,187633623040,121164439552,0
1791584902.3001535,0.6427773907780647,61716951040,0,61741203456,23277338624,61394685952,61394690560,668777984,0,187632930816,121164439552,0
1791584902.9503088,0.650003319606185,61716041728,0,61741203456,23277338624,61394685952,61394690560,667868672,0,187632746496,121164439552,0
1791584903.6009254,0.6503756586462259,61716045824,0,61741203456,23277338624,61394685952,61394690560,667872768,0,187632295936,121164439552,0
1791584904.2764583,0.6753804627805948,61716131840,0,61741203456,23277338624,61394685952,61394690560,667958784,0,187632001024,121164439552,0
1791584904.9312327,0.6546323075890541,61716246528,0,61741203456,23277338624,61394685952,61394690560,668073472,0,187632250880,121164439552,0
1791584905.5767777,0.6453892551362514,61716336640,0,61741203456,23277338624,61394685952,61394690560,668163584,0,187632775168,121164439552,0
1791584906.2290416,0.6521125249564648,61716451328,0,61741203456,23277338624,61394685952,61394690560,668278272,0,187632869376,121164439552,0
1791584906.8748684,0.6456788666546345,61716541440,0,61741203456,23277338624,61394685952,61394690560,668368384,0,187633012736,121164439552,0
1791584907.5249515,0.6499413922429085,61716656128,0,61741203456,23277338624,61394685952,61394690560,668483072,0,187632623616,121164439552,0
1791584908.1615064,0.6364101339131594,61716746240,0,61741203456,23277338624,61394685952,61394690560,668573184,0,187632885760,121164439552,0
1791584908.7968667,0.6352204103022814,61716860928,0,61741203456,23277338624,61394685952,61394690560,668687872,0,187633397760,121164439552,0
1791584909.4319224,0.6349181402474642,61716860928,0,61741203456,23277338624,61394685952,61394690560,668687872,0,187632570368,121164439552,0
1791584910.0727353,0.6406698692589998,61716058112,0,61741203456,23277338624,61394685952,61394690560,667885056,0,187632939008,121164439552,0
1791584910.749063,0.6761868000030518,61716062208,0,61741203456,23277338624,61394685952,61394690560,667889152,0,187632144384,121164439552,0
1791584911.3962016,0.647013284265995,61716152320,0,61741203456,23277338624,61394685952,61394690560,667979264,0,187632353280,121164439552,0
1791584912.031277,0.634930619969964,61716267008,0,61741203456,23277338624,61394685952,61394690560,668093952,0,187632435200,121164439552,0
1791584912.6707933,0.6393682174384594,61716357120,0,61741203456,23277338624,61394685952,61394690560,668184064,0,187632664576,121164439552,0
1791584913.3096685,0.638726657256484,61716471808,0,61741203456,23277338624,61394685952,61394690560,668298752,0,187632615424,121164439552,0
1791584913.950562,0.640755794942379,61716561920,0,61741203456,23277338624,61394685952,61394690560,668388864,0,187632717824,121164439552,0
1791584914.6255214,0.6747352816164494,61716676608,0,61741203456,23277338624,61394685952,61394690560,668503552,0,187632812032,121164439552,0
1791584915.5907958,0.9651355240494013,61716766720,0,61741203456,23277338624,61394685952,61394690560,668593664,0,187633102848,121164439552,0
1791584916.2289648,0.6380315870046616,61716881408,0,61741203456,23277338624,61394685952,61394690560,668708352,0,187633160192,121164439552,0
1791584916.8682714,0.6391639988869429,61716881408,0,61741203456,23277338624,61394685952,61394690560,668708352,0,187632214016,121164439552,0
1791584917.5067072,0.6382928043603897,61716070400,0,61741203456,23277338624,61394685952,61394690560,667897344,0,187632406528,121164439552,0
1791584918.4844701,0.9776125065982342,61716074496,0,61741203456,23277338624,61394685952,61394690560,667901440,0,187632201728,121164439552,0
1791584919.2480657,0.7634547427296638,61716164608,0,61741203456,23277338624,61394685952,61394690560,667991552,0,187632148480,121164439552,0
1791584919.8936205,0.645273957401514,61716279296,0,61741203456,23277338624,61394685952,61394690560,668106240,0,187632463872,121164439552,0
1791584920.53207,0.6382976118475199,61716369408,0,61741203456,23277338624,61394685952,61394690560,668196352,0,187632521216,121164439552,0
1791584921.1804018,0.6482161562889814,61716484096,0,61741203456,23277338624,61394685952,61394690560,668311040,0,187632873472,121164439552,0
1791584921.8157527,0.6352022234350443,61716570112,0,61741203456,23277338624,61394685952,61394690560,668397056,0,187632721920,121164439552,0
1791584922.4509919,0.6350902356207371,61716692992,0,61741203456,23277338624,61394685952,61394690560,668519936,0,187633029120,121164439552,0
1791584923.0990744,0.6479416228830814,61716774912,0,61741203456,23277338624,61394685952,61394690560,668601856,0,187633557504,121164439552,0
1791584923.7348068,0.6356214117258787,61716897792,0,61741203456,23277338624,61394685952,61394690560,668724736,0,187633119232,121164439552,0
1791584924.3746874,0.6397398803383112,61716905984,0,61741203456,23277338624,61394685952,61394690560,668732928,0,187633102848,121164439552,0
1791584925.0177014,0.6428714543581009,61716910080,0,61741203456,23277338624,61394685952,61394690560,668737024,0,187637170176,121164439552,0
1791584925.6559901,0.6381461694836617,61716918272,0,61741203456,23277338624,61394685952,61394690560,668745216,0,187633389568,121164439552,0
1791584926.296488,0.6403513588011265,61716926464,0,61741203456,23277338624,61394685952,61394690560,668753408,0,187633729536,121164439552,0
1791584926.9367938,0.6401606388390064,61716930560,0,61741203456,23277338624,61394685952,61394690560,668757504,0,187633684480,121164439552,0
1791584927.5731885,0.6362448260188103,61716938752,0,61741203456,23277338624,61394685952,61394690560,668765696,0,187633512448,121164439552,0
1791584928.217345,0.6440056227147579,61716946944,0,61741203456,23277338624,61394685952,61394690560,668773888,0,187633606656,121164439552,0
1791584928.8528779,0.6353852525353432,61716951040,0,61741203456,23277338624,61394685952,61394690560,668777984,0,187633700864,121164439552,0
1791584929.4962268,0.643200634047389,61716959232,0,61741203456,23277338624,61394685952,61394690560,668786176,0,187633795072,121164439552,0
1791584930.1360042,0.639627804979682,61716959232,0,61741203456,23277338624,61394685952,61394690560,668786176,0,187632877568,121164439552,0
1791584930.7710435,0.6348982080817223,61716033536,0,61741203456,23277338624,61394685952,61394690560,667860480,0,187633045504,121164439552,0
1791584931.4173248,0.6461376957595348,61716037632,0,61741203456,23277338624,61394685952,61394690560,667864576,0,187632865280,121164439552,0
1791584932.0524557,0.6349820215255022,61716123648,0,61741203456,23277338624,61394685952,61394690560,667950592,0,187632631808,121164439552,0
1791584932.688502,0.6358929798007011,61716238336,0,61741203456,23277338624,61394685952,61394690560,668065280,0,187632648192,121164439552,0
1791584933.3315358,0.6428856886923313,61716328448,0,61741203456,23277338624,61394685952,61394690560,668155392,0,187632910336,121164439552,0
1791584933.9667416,0.635052127763629,61716443136,0,61741203456,23277338624,61394685952,61394690560,668270080,0,187633008640,121164439552,0
1791584934.611802,0.6449117492884398,61716533248,0,61741203456,23277338624,61394685952,61394690560,668360192,0,187633020928,121164439552,0
1791584935.2478278,0.6358800940215588,61716647936,0,61741203456,23277338624,61394685952,61394690560,668474880,0,187632910336,121164439552,0
1791584935.8831246,0.635154340416193,61716738048,0,61741203456,23277338624,61394685952,61394690560,668564992,0,187633188864,121164439552,0
1791584936.5306242,0.6473458036780357,61716852736,0,61741203456,23277338624,61394685952,61394690560,668679680,0,187633278976,121164439552,0
1791584937.166674,0.6358987223356962,61716852736,0,61741203456,23277338624,61394685952,61394690560,668679680,0,187632332800,121164439552,0
1791584937.811694,0.6448726560920477,61716049920,0,61741203456,23277338624,61394685952,61394690560,667876864,0,187632357376,121164439552,0
1791584938.4460714,0.6342275626957417,61716054016,0,61741203456,23277338624,61394685952,61394690560,667880960,0,187632447488,121164439552,0
1791584939.0890136,0.6428254134953022,61716144128,0,61741203456,23277338624,61394685952,61394690560,667971072,0,187632726016,121164439552,0
1791584939.7242978,0.6351394969969988,61716258816,0,61741203456,23277338624,61394685952,61394690560,668085760,0,187632558080,121164439552,0
1791584940.359363,0.6349210366606712,61716348928,0,61741203456,23277338624,61394685952,61394690560,668175872,0,187632934912,121164439552,0
1791584941.0524585,0.6929549761116505,61716463616,0,61741203456,23277338624,61394685952,61394690560,668290560,0,187632619520,121164439552,0
1791584941.6907446,0.638141693547368,61716553728,0,61741203456,23277338624,61394685952,61394690560,668380672,0,187632570368,121164439552,0
1791584942.328391,0.6374944802373648,61716668416,0,61741203456,23277338624,61394685952,61394690560,668495360,0,187632922624,121164439552,0
1791584942.9741147,0.6455723848193884,61716758528,0,61741203456,23277338624,61394685952,61394690560,668585472,0,187633168384,121164439552,0
1791584943.6105099,0.6362384334206581,61716873216,0,61741203456,23277338624,61394685952,61394690560,668700160,0,187633258496,121164439552,0
1791584944.254363,0.6437008194625378,61716873216,0,61741203456,23277338624,61394685952,61394690560,668700160,0,187632381952,121164439552,0
1791584944.8982987,0.643783450126648,61716062208,0,61741203456,23277338624,61394685952,61394690560,667889152,0,187632668672,121164439552,0
1791584945.536997,0.6385482549667358,61716066304,0,61741203456,23277338624,61394685952,61394690560,667893248,0,187632541696,121164439552,0
1791584946.1853106,0.6481696218252182,61716156416,0,61741203456,23277338624,61394685952,61394690560,667983360,0,187632807936,121164439552,0
1791584946.8217256,0.6362719107419252,61716271104,0,61741203456,23277338624,61394685952,61394690560,668098048,0,187632869376,121164439552,0
1791584947.4652858,0.6434185039252043,61716361216,0,61741203456,23277338624,61394685952,61394690560,668188160,0,187633147904,121164439552,0
1791584948.102747,0.6372603364288807,61716475904,0,61741203456,23277338624,61394685952,61394690560,668302848,0,187633225728,121164439552,0
1791584948.7379894,0.6350984517484903,61716566016,0,61741203456,23277338624,61394685952,61394690560,668392960,0,187632979968,121164439552,0
1791584949.384032,0.6458937488496304,61716680704,0,61741203456,23277338624,61394685952,61394690560,668507648,0,187632820224,121164439552,0
1791584950.0188727,0.6346802674233913,61716770816,0,61741203456,23277338624,61394685952,61394690560,668597760,0,187635691520,121164439552,0
1791584950.6642358,0.6452128440141678,61716885504,0,61741203456,23277338624,61394685952,61394690560,668712448,0,187633381376,121164439552,0
1791584951.3099046,0.6454442571848631,61716885504,0,61741203456,23277338624,61394685952,61394690560,668712448,0,187632275456,121164439552,0
1791584951.9471211,0.6370638646185398,61716070400,0,61741203456,23277338624,61394685952,61394690560,667897344,0,187632558080,121164439552,0
1791584952.6171937,0.6699227094650269,61716078592,0,61741203456,23277338624,61394685952,61394690560,667905536,0,187632766976,121164439552,0
1791584953.2648668,0.647532133385539,61716164608,0,61741203456,23277338624,61394685952,61394690560,667991552,0,187632152576,121164439552,0
1791584953.9035454,0.6385331191122532,61716287488,0,61741203456,23277338624,61394685952,61394690560,668114432,0,187632504832,121164439552,0
1791584954.5514417,0.6477426718920469,61716369408,0,61741203456,23277338624,61394685952,61394690560,668196352,0,187632529408,121164439552,0
1791584955.1904576,0.6388674452900887,61716492288,0,61741203456,23277338624,61394685952,61394690560,668319232,0,187633180672,121164439552,0
1791584955.8390033,0.6484022364020348,61716574208,0,61741203456,23277338624,61394685952,61394690560,668401152,0,187633725440,121164439552,0
1791584956.4739604,0.6348114404827356,61716697088,0,61741203456,23277338624,61394685952,61394690560,668524032,0,187633553408,121164439552,0
1791584957.1124194,0.6383075341582298,61716779008,0,61741203456,23277338624,61394685952,61394690560,668605952,0,187633262592,121164439552,0
1791584957.7544322,0.6418615151196718,61716901888,0,61741203456,23277338624,61394685952,61394690560,668728832,0,187633438720,121164439552,0
1791584958.391903,0.6373296193778515,61716910080,0,61741203456,23277338624,61394685952,61394690560,668737024,0,187633225728,121164439552,0
1791584959.0351825,0.6431323885917664,61716914176,0,61741203456,23277338624,61394685952,61394690560,668741120,0,187633324032,121164439552,0
1791584959.680272,0.6449389979243279,61716918272,0,61741203456,23277338624,61394685952,61394690560,668745216,0,187633455104,121164439552,0
1791584960.3186982,0.6382766123861074,61716926464,0,61741203456,23277338624,61394685952,61394690560,668753408,0,187633930240,121164439552,0
1791584960.9689698,0.6501286029815674,61716930560,0,61741203456,23277338624,61394685952,61394690560,668757504,0,187633516544,121164439552,0
1791584961.6059337,0.63681367225945,61716934656,0,61741203456,23277338624,61394685952,61394690560,668761600,0,187633610752,121164439552,0
1791584962.2506235,0.6445470750331879,61716942848,0,61741203456,23277338624,61394685952,61394690560,668769792,0,187633364992,121164439552,0
1791584962.8926353,0.6418641433119774,61716946944,0,61741203456,23277338624,61394685952,61394690560,668773888,0,187633401856,121164439552,0
1791584963.531258,0.6384679954499006,61716951040,0,61741203456,23277338624,61394685952,61394690560,668777984,0,187633479680,121164439552,0
1791584964.171279,0.6398681774735451,61716951040,0,61741203456,23277338624,61394685952,61394690560,668777984,0,187632787456,121164439552,0
1791584964.8071876,0.6357583180069923,61716037632,0,61741203456,23277338624,61394685952,61394690560,667864576,0,187632594944,121164439552,0
1791584965.4424176,0.6350863315165043,61716041728,0,61741203456,23277338624,61394685952,61394690560,667868672,0,187632914432,121164439552,0
1791584966.079845,0.6372822765260935,61716127744,0,61741203456,23277338624,61394685952,61394690560,667954688,0,187632943104,121164439552,0
1791584966.7214327,0.6414352543652058,61716242432,0,61741203456,23277338624,61394685952,61394690560,668069376,0,187632799744,121164439552,0
1791584967.3626592,0.6410805322229862,61716332544,0,61741203456,23277338624,61394685952,61394690560,668159488,0,187633082368,121164439552,0
1791584968.0034962,0.640692912042141,61716447232,0,61741203456,23277338624,61394685952,61394690560,668274176,0,187633078272,121164439552,0
1791584968.6495495,0.6459021437913179,61716537344,0,61741203456,23277338624,61394685952,61394690560,668364288,0,187633266688,121164439552,0
1791584969.285876,0.6361810024827719,61716652032,0,61741203456,23277338624,61394685952,61394690560,668478976,0,187633164288,121164439552,0
1791584969.9228415,0.6368185617029667,61716742144,0,61741203456,23277338624,61394685952,61394690560,668569088,0,187633438720,121164439552,0
1791584970.5644095,0.6414171885699034,61716856832,0,61741203456,23277338624,61394685952,61394690560,668683776,0,187633549312,121164439552,0
1791584971.2062297,0.6415148936212063,61716856832,0,61741203456,23277338624,61394685952,61394690560,668683776,0,187632541696,121164439552,0
1791584971.8729227,0.6665490157902241,61716054016,0,61741203456,23277338624,61394685952,61394690560,667880960,0,187632562176,121164439552,0
1791584972.522115,0.6490460466593504,61716058112,0,61741203456,23277338624,61394685952,61394690560,667885056,0,187632566272,121164439552,0
1791584973.1595733,0.6373056005686522,61716148224,0,61741203456,23277338624,61394685952,61394690560,667975168,0,187632500736,121164439552,0
1791584973.8043532,0.6446314007043839,61716262912,0,61741203456,23277338624,61394685952,61394690560,668089856,0,187632869376,121164439552,0
1791584974.4442987,0.6397935654968023,61716353024,0,61741203456,23277338624,61394685952,61394690560,668179968,0,187632627712,121164439552,0
1791584975.088037,0.6435870975255966,61716467712,0,61741203456,23277338624,61394685952,61394690560,668294656,0,187632984064,121164439552,0
1791584975.780925,0.692732060328126,61716557824,0,61741203456,23277338624,61394685952,61394690560,668384768,0,187633217536,121164439552,0
1791584976.4189465,0.6378710810095072,61716672512,0,61741203456,23277338624,61394685952,61394690560,668499456,0,187633569792,121164439552,0
1791584977.05959,0.6404926013201475,61716762624,0,61741203456,23277338624,61394685952,61394690560,668589568,0,187633508352,121164439552,0
1791584977.7037861,0.6440528798848391,61716877312,0,61741203456,23277338624,61394685952,61394690560,668704256,0,187633594368,121164439552,0
1791584978.344934,0.6409957241266966,61716877312,0,61741203456,23277338624,61394685952,61394690560,668704256,0,187632074752,121164439552,0
1791584979.1133947,0.7683145310729742,61716066304,0,61741203456,23277338624,61394685952,61394690560,667893248,0,187632472064,121164439552,0
1791584979.7504988,0.6369609199464321,61716070400,0,61741203456,23277338624,61394685952,61394690560,667897344,0,187632300032,121164439552,0
1791584980.3966618,0.6460134107619524,61716160512,0,61741203456,23277338624,61394685952,61394690560,667987456,0,187632877568,121164439552,0
1791584981.0425377,0.6457279212772846,61716275200,0,61741203456,23277338624,61394685952,61394690560,668102144,0,187632291840,121164439552,0
1791584981.6798475,0.6371629126369953,61716365312,0,61741203456,23277338624,61394685952,61394690560,668192256,0,187632578560,121164439552,0
1791584982.3273106,0.6473080944269896,61716480000,0,61741203456,23277338624,61394685952,61394690560,668306944,0,187632668672,121164439552,0
1791584983.1106966,0.7832351382821798,61716570112,0,61741203456,23277338624,61394685952,61394690560,668397056,0,187632627712,121164439552,0
1791584983.7559066,0.6450603809207678,61716684800,0,61741203456,23277338624,61394685952,61394690560,668511744,0,187632648192,121164439552,0
1791584984.3993888,0.6433351244777441,61716770816,0,61741203456,23277338624,61394685952,61394690560,668597760,0,187632922624,121164439552,0
1791584985.0412843,0.6417525317519903,61716893696,0,61741203456,23277338624,61394685952,61394690560,668720640,0,187649626112,121164439552,0
1791584985.6854231,0.6439879313111305,61716893696,0,61741203456,23277338624,61394685952,61394690560,668720640,0,187632611328,121164439552,0
1791584986.3288584,0.6432891208678484,61716074496,0,61741203456,23277338624,61394685952,61394690560,667901440,0,187632041984,121164439552,0
1791584986.9687133,0.6397088766098022,61716082688,0,61741203456,23277338624,61394685952,61394690560,667909632,0,187632050176,121164439552,0
1791584987.6207514,0.6518984045833349,61716164608,0,61741203456,23277338624,61394685952,61394690560,667991552,0,187632291840,121164439552,0
1791584988.2604082,0.6395079083740711,61716287488,0,61741203456,23277338624,61394685952,61394690560,668114432,0,187633119232,121164632064,0
1791584988.9144595,0.6539041604846716,61716369408,0,61741203456,23277338624,61394685952,61394690560,668196352,0,187633139712,121164632064,0
1791584989.5557024,0.6410939674824476,61716492288,0,61741203456,23277338624,61394685952,61394690560,668319232,0,187633463296,121164632064,0
1791584990.1970253,0.6411749850958586,61716574208,0,61741203456,23277338624,61394685952,61394690560,668401152,0,187632570368,121164632064,0
1791584990.847375,0.6502059195190668,61716697088,0,61741203456,23277338624,61394685952,61394690560,668524032,0,187632857088,121164632064,0
1791584991.4885864,0.6410644389688969,61716779008,0,61741203456,23277338624,61394685952,61394690560,668605952,0,187632877568,121164632064,0
1791584992.1328754,0.644134134054184,61716901888,0,61741203456,23277338624,61394685952,61394690560,668728832,0,187633229824,121164632064,0
1791584992.777744,0.6447199527174234,61716910080,0,61741203456,23277338624,61394685952,61394690560,668737024,0,187633016832,121164632064,0
1791584993.4227042,0.6448144391179085,61716914176,0,61741203456,23277338624,61394685952,61394690560,668741120,0,187632787456,121164632064,0
1791584994.1170242,0.6940758991986513,61716918272,0,61741203456,23277338624,61394685952,61394690560,668745216,0,187633094656,121164632064,0
1791584994.7630546,0.6458847988396883,61716926464,0,61741203456,23277338624,61394685952,61394690560,668753408,0,187633168384,121164632064,0
1791584995.4043126,0.6411264445632696,61716930560,0,61741203456,23277338624,61394685952,61394690560,668757504,0,187633590272,121164500992,0
1791584996.0537357,0.6492777708917856,61716934656,0,61741203456,23277338624,61394685952,61394690560,668761600,0,187633397760,121164500992,0
1791584996.692703,0.6388223320245743,61716942848,0,61741203456,23277338624,61394685952,61394690560,668769792,0,187633201152,121164500992,0
1791584997.3374643,0.644614340737462,61716946944,0,61741203456,23277338624,61394685952,61394690560,668773888,0,187633270784,121164500992,0
1791584998.1093123,0.771697461605072,61716951040,0,61741203456,23277338624,61394685952,61394690560,668777984,0,187633364992,121164500992,0
1791584998.8398237,0.73036302998662,61716951040,0,61741203456,23277338624,61394685952,61394690560,668777984,0,187632041984,121164500992,0
1791584999.4876752,0.6477043572813272,61716041728,0,61741203456,23277338624,61394685952,61394690560,667868672,0,187632324608,121164500992,0
1791585000.1292381,0.6414187755435705,61716045824,0,61741203456,23277338624,61394685952,61394690560,667872768,0,187632717824,121164500992,0
1791585000.811859,0.6824697777628899,61716131840,0,61741203456,23277338624,61394685952,61394690560,667958784,0,187632287744,121164500992,0
1791585001.450572,0.6385428532958031,61716246528,0,61741203456,23277338624,61394685952,61394690560,668073472,0,187632357376,121164242944,0
1791585002.093314,0.6425915453583002,61716336640,0,61741203456,23277338624,61394685952,61394690560,668163584,0,187632476160,121164242944,0
1791585002.9222274,0.8287594560533762,61716451328,0,61741203456,23277338624,61394685952,61394690560,668278272,0,187632336896,121164242944,0
1791585003.5647075,0.6423218064010143,61716541440,0,61741203456,23277338624,61394685952,61394690560,668368384,0,187632545792,121164242944,0
1791585004.2174804,0.6526179239153862,61716656128,0,61741203456,23277338624,61394685952,61394690560,668483072,0,187632640000,121164242944,0
1791585004.8906538,0.6730223353952169,61716746240,0,61741203456,23277338624,61394685952,61394690560,668573184,0,187632721920,121164242944,0
1791585005.5607064,0.6699021961539984,61716860928,0,61761126400,23257415680,61394685952,61394690560,688610816,0,187633438720,121164242944,0
1791585006.2002883,0.639429135248065,61716860928,0,62294851584,22723690496,61394685952,61394690560,1222336000,0,187632504832,121164242944,0
1791585006.8603325,0.6598929427564144,61716058112,0,62294851584,22723690496,61394685952,61394690560,1221533184,0,187632480256,121164242944,0
1791585007.7366364,0.8761550337076187,61716062208,0,61741203456,23277338624,61394685952,61394690560,667889152,0,187632566272,121164242944,0
1791585008.3769383,0.6401481162756681,61716152320,0,61741203456,23277338624,61394685952,61394690560,667979264,0,187632304128,121164242944,0
1791585009.031897,0.6548095848411322,61716267008,0,61741203456,23277338624,61394685952,61394690560,668093952,0,187632750592,121164242944,0
1791585009.6800573,0.6480072736740112,61716357120,0,61741203456,23277338624,61394685952,61394690560,668184064,0,187632463872,121164242944,0
1791585010.320637,0.6404510550200939,61716471808,0,61741203456,23277338624,61394685952,61394690560,668298752,0,187633156096,121164242944,0
1791585010.959188,0.6383985430002213,61716561920,0,61741203456,23277338624,61394685952,61394690560,668388864,0,187633442816,121164242944,0
1791585011.5974255,0.6380831897258759,61716676608,0,61741203456,23277338624,61394685952,61394690560,668503552,0,187632939008,121164242944,0
1791585012.251737,0.6541590690612793,61716766720,0,61741203456,23277338624,61394685952,61394690560,668593664,0,187633188864,121164242944,0
1791585013.214585,0.9626957830041647,61716881408,0,61741203456,23277338624,61394685952,61394690560,668708352,0,187633524736,121164242944,0
1791585013.9748325,0.7600932810455561,61716881408,0,61741203456,23277338624,61394685952,61394690560,668708352,0,187632697344,121164242944,0
1791585014.6152565,0.6402730327099562,61716070400,0,61741203456,23277338624,61394685952,61394690560,667897344,0,187632979968,121164242944,0
1791585015.2678738,0.6524612735956907,61716074496,0,61741203456,23277338624,61394685952,61394690560,667901440,0,187633143808,121164242944,0
1791585015.9083154,0.6402903888374567,61716164608,0,61741203456,23277338624,61394685952,61394690560,667991552,0,187633090560,121164242944,0
1791585016.558662,0.6501940172165632,61716279296,0,61741203456,23277338624,61394685952,61394690560,668106240,0,187633324032,121164242944,0
1791585017.2026715,0.6438592877238989,61716369408,0,61741203456,23277338624,61394685952,61394690560,668196352,0,187633074176,121164242944,0
1791585017.841093,0.6382720377296209,61716484096,0,61741203456,23277338624,61394685952,61394690560,668311040,0,187632902144,121164242944,0
1791585018.4867003,0.6454577650874853,61716570112,0,61741203456,23277338624,61394685952,61394690560,668397056,0,187632848896,121164242944,0
1791585019.124765,0.6379215642809868,61716692992,0,61741203456,23277338624,61394685952,61394690560,668519936,0,187632930816,121164242944,0
1791585019.7631109,0.6382015235722065,61716774912,0,61741203456,23277338624,61394685952,61394690560,668601856,0,187632918528,121164242944,0
1791585020.4138515,0.6505824830383062,61716897792,0,61741203456,23277338624,61394685952,61394690560,668724736,0,187633299456,121164242944,0
1791585021.0512524,0.6372550390660763,61716905984,0,61741203456,23277338624,61394685952,61394690560,668732928,0,187633348608,121164242944,0
1791585021.699515,0.6481137368828058,61716910080,0,61741203456,23277338624,61394685952,61394690560,668737024,0,187633414144,121164242944,0
1791585022.337398,0.6377366278320551,61716918272,0,61741203456,23277338624,61394685952,61394690560,668745216,0,187633496064,121164242944,0
1791585022.984308,0.6467596665024757,61716926464,0,61741203456,23277338624,61394685952,61394690560,668753408,0,187633582080,121164242944,0
1791585023.6295154,0.6450631972402334,61716930560,0,61741203456,23277338624,61394685952,61394690560,668757504,0,187633631232,121164242944,0
1791585024.3105981,0.6809341721236706,61716938752,0,61741203456,23277338624,61394685952,61394690560,668765696,0,187633254400,121164242944,0
1791585024.9569824,0.6462368704378605,61716946944,0,61741203456,23277338624,61394685952,61394690560,668773888,0,187633070080,121164242944,0
1791585025.599724,0.6425882186740637,61716951040,0,61741203456,23277338624,61394685952,61394690560,668777984,0,187633500160,121164242944,0
1791585026.2448566,0.6449796333909035,61716959232,0,61741203456,23277338624,61394685952,61394690560,668786176,0,187633836032,121164242944,0
1791585026.9004767,0.655472045764327,61716959232,0,61741203456,23277338624,61394685952,61394690560,668786176,0,187632205824,121164242944,0
1791585027.8337073,0.9305081143975258,61716033536,0,61741203456,23277338624,61394685952,61394690560,667860480,0,187632369664,121164242944,0
1791585028.7807467,0.9468690603971481,61716037632,0,61741203456,23277338624,61394685952,61394690560,667864576,0,187632058368,121164242944,0
1791585029.7093983,0.9284822531044483,61716123648,0,61741203456,23277338624,61394685952,61394690560,667950592,0,187632263168,121164242944,0
1791585030.6501968,0.9406288508325815,61716238336,0,61741203456,23277338624,61394685952,61394690560,668065280,0,187632553984,121164242944,0
1791585031.544392,0.8940241616219282,61716328448,0,61741203456,23277338624,61394685952,61394690560,668155392,0,187632795648,121164242944,0
1791585032.1910036,0.646467013284564,61716443136,0,61741203456,23277338624,61394685952,61394690560,668270080,0,187632467968,121164242944,0
1791585032.8346598,0.6435133907943964,61716533248,0,61741203456,23277338624,61394685952,61394690560,668360192,0,187632865280,121164242944,0
1791585033.48785,0.6530495584011078,61716647936,0,61741203456,23277338624,61394685952,61394690560,668474880,0,187632947200,121164242944,0
1791585034.1303048,0.642314026132226,61716738048,0,61741203456,23277338624,61394685952,61394690560,668564992,0,187633119232,121164242944,0
1791585034.7732904,0.6428343560546637,61716852736,0,61741203456,23277338624,61394685952,61394690560,668679680,0,187633459200,121164242944,0
1791585035.4244554,0.651015492156148,61716852736,0,61741203456,23277338624,61394685952,61394690560,668679680,0,187632533504,121164242944,0
1791585036.0784066,0.6538044549524784,61716049920,0,61741203456,23277338624,61394685952,61394690560,667876864,0,187632410624,121164242944,0
1791585036.721366,0.642810333520174,61716054016,0,61741203456,23277338624,61394685952,61394690560,667880960,0,187632566272,121164242944,0
1791585037.364221,0.6427115704864264,61716144128,0,61741203456,23277338624,61394685952,61394690560,667971072,0,187632467968,121164242944,0
1791585038.0040038,0.6396312918514013,61716258816,0,61741203456,23277338624,61394685952,61394690560,668085760,0,187632427008,121164242944,0
1791585038.6496193,0.6454737577587366,61716348928,0,61741203456,23277338624,61394685952,61394690560,668175872,0,187632861184,121164242944,0
1791585039.2962165,0.6464565917849541,61716463616,0,61741203456,23277338624,61394685952,61394690560,668290560,0,187632955392,121164242944,0
1791585039.9379964,0.6416286770254374,61716553728,0,61741203456,23277338624,61394685952,61394690560,668380672,0,187632713728,121164242944,0
1791585040.5927074,0.6545665245503187,61716668416,0,61741203456,23277338624,61394685952,61394690560,668495360,0,187633025024,121164242944,0
1791585041.2364674,0.6436101980507374,61716758528,0,61741203456,23277338624,61394685952,61394690560,668585472,0,187632861184,121164242944,0
1791585041.884163,0.647549832239747,61716873216,0,61741203456,23277338624,61394685952,61394690560,668700160,0,187633364992,121164242944,0
1791585042.5295925,0.6452807318419218,61716873216,0,61741203456,23277338624,61394685952,61394690560,668700160,0,187632230400,121164242944,0
1791585043.1756086,0.6458654254674911,61716062208,0,61741203456,23277338624,61394685952,61394690560,667889152,0,187632312320,121164242944,0
1791585043.8242598,0.6485036555677652,61716066304,0,61741203456,23277338624,61394685952,61394690560,667893248,0,187632300032,121164242944,0
1791585044.473366,0.6489560436457396,61716156416,0,61741203456,23277338624,61394685952,61394690560,667983360,0,187632201728,121164242944,0
1791585045.1153047,0.6417914181947708,61716271104,0,61741203456,23277338624,61394685952,61394690560,668098048,0,187632898048,121164242944,0
1791585045.7598195,0.6443666201084852,61716361216,0,61741203456,23277338624,61394685952,61394690560,668188160,0,187632857088,121164242944,0
1791585046.4045167,0.6445548627525568,61716475904,0,61741203456,23277338624,61394685952,61394690560,668302848,0,187632873472,121164242944,0
1791585047.0461404,0.6414730921387672,61716566016,0,61741203456,23277338624,61394685952,61394690560,668392960,0,187633074176,121164242944,0
1791585047.7033174,0.6570324208587408,61716680704,0,61741203456,23277338624,61394685952,61394690560,668507648,0,187633299456,121164242944,0
1791585048.3452644,0.6418030690401793,61716770816,0,61741203456,23277338624,61394685952,61394690560,668597760,0,187633315840,121164242944,0
1791585048.9962997,0.6508959885686636,61716885504,0,61741203456,23277338624,61394685952,61394690560,668712448,0,187633541120,121164242944,0
1791585049.6384437,0.6419988069683313,61716885504,0,61741203456,23277338624,61394685952,61394690560,668712448,0,187632033792,121164242944,0
1791585050.2805004,0.6419026479125023,61716070400,0,61741203456,23277338624,61394685952,61394690560,667897344,0,187632361472,121164242944,0
1791585050.9220016,0.6413481365889311,61716078592,0,61741203456,23277338624,61394685952,61394690560,667905536,0,187632390144,121164242944,0
1791585051.563753,0.6416110564023256,61716164608,0,61741203456,23277338624,61394685952,61394690560,667991552,0,187632574464,121164242944,0
1791585052.2040286,0.6401321105659008,61716287488,0,61741203456,23277338624,61394685952,61394690560,668114432,0,187632500736,121164242944,0
1791585052.855962,0.6517838165163994,61716369408,0,61741203456,23277338624,61394685952,61394690560,668196352,0,187632779264,121164242944,0
1791585053.4992223,0.6431226227432489,61716492288,0,61741203456,23277338624,61394685952,61394690560,668319232,0,187632873472,121164242944,0
1791585054.139379,0.6400148421525955,61716574208,0,61741203456,23277338624,61394685952,61394690560,668401152,0,187633143808,121164242944,0
1791585054.791886,0.6523648109287024,61716697088,0,61741203456,23277338624,61394685952,61394690560,668524032,0,187632881664,121164242944,0
1791585055.4305487,0.638523206114769,61716779008,0,61741203456,23277338624,61394685952,61394690560,668605952,0,187633389568,121164242944,0
1791585056.0807197,0.6500352919101715,61716901888,0,61741203456,23277338624,61394685952,61394690560,668728832,0,187633541120,121164242944,0
1791585056.722055,0.6411927528679371,61716910080,0,61741203456,23277338624,61394685952,61394690560,668737024,0,187633582080,121164242944,0
1791585057.3687603,0.6465713065117598,61716914176,0,61741203456,23277338624,61394685952,61394690560,668741120,0,187633479680,121164242944,0
1791585058.0238981,0.6549899876117706,61716918272,0,61741203456,23277338624,61394685952,61394690560,668745216,0,187633479680,121164242944,0
1791585058.6639748,0.6399263255298138,61716926464,0,61741203456,23277338624,61394685952,61394690560,668753408,0,187633430528,121164242944,0
1791585059.3133035,0.64918995462358,61716930560,0,61741203456,23277338624,61394685952,61394690560,668757504,0,187633512448,121164242944,0
1791585059.970091,0.6565568633377552,61716934656,0,61741203456,23277338624,61394685952,61394690560,668761600,0,187633582080,121164242944,0
1791585060.6157255,0.6454812549054623,61716942848,0,61741203456,23277338624,61394685952,61394690560,668769792,0,187633545216,121164242944,0
1791585061.2672317,0.651358112692833,61716946944,0,61741203456,23277338624,61394685952,61394690560,668773888,0,187633250304,121164242944,0
1791585061.9149878,0.6476088296622038,61716951040,0,61741203456,23277338624,61394685952,61394690560,668777984,0,187633356800,121164242944,0
1791585062.5605865,0.6454496923834085,61716951040,0,61741203456,23277338624,61394685952,61394690560,668777984,0,187632492544,121164242944,0
1791585063.2610652,0.7003259398043156,61716037632,0,61741203456,23277338624,61394685952,61394690560,667864576,0,187632168960,121164242944,0
1791585063.9024966,0.6413061413913965,61716041728,0,61741203456,23277338624,61394685952,61394690560,667868672,0,187632156672,121164242944,0
1791585064.5515332,0.6488822307437658,61716127744,0,61741203456,23277338624,61394685952,61394690560,667954688,0,187632427008,121164242944,0
1791585065.1946106,0.6429324857890606,61716242432,0,61741203456,23277338624,61394685952,61394690560,668069376,0,187632537600,121164242944,0
1791585065.840881,0.6461225803941488,61716332544,0,61741203456,23277338624,61394685952,61394690560,668159488,0,187632824320,121164242944,0
1791585066.4899569,0.64893295802176,61716447232,0,61741203456,23277338624,61394685952,61394690560,668274176,0,187632812032,121164242944,0
1791585067.2659745,0.7758713085204363,61716537344,0,61741203456,23277338624,61394685952,61394690560,668364288,0,187632562176,121164242944,0
1791585067.9155462,0.6494298707693815,61716652032,0,61741203456,23277338624,61394685952,61394690560,668478976,0,187632795648,121164242944,0
1791585068.5563068,0.6406142059713602,61716742144,0,61741203456,23277338624,61394685952,61394690560,668569088,0,187632750592,121164242944,0
1791585069.196948,0.6404963359236717,61716856832,0,61741203456,23277338624,61394685952,61394690560,668683776,0,187632967680,121164242944,0
1791585069.8412838,0.6441910676658154,61716856832,0,61741203456,23277338624,61394685952,61394690560,668683776,0,187632095232,121164242944,0
1791585070.4820864,0.6406502015888691,61716054016,0,61741203456,23277338624,61394685952,61394690560,667880960,0,187632340992,121164242944,0
1791585071.121196,0.6390119157731533,61716058112,0,61741203456,23277338624,61394685952,61394690560,667885056,0,187632365568,121164242944,0
1791585071.7705255,0.6491832174360752,61716148224,0,61741203456,23277338624,61394685952,61394690560,667975168,0,187632574464,121164242944,0
1791585072.4111948,0.640523374080658,61716262912,0,61741203456,23277338624,61394685952,61394690560,668089856,0,187632447488,121164242944,0
1791585073.0578623,0.6465265564620495,61716353024,0,61741203456,23277338624,61394685952,61394690560,668179968,0,187632668672,121164242944,0
1791585073.7019365,0.643937112763524,61716467712,0,61741203456,23277338624,61394685952,61394690560,668294656,0,187632672768,121164242944,0
1791585074.3402379,0.6381551772356033,61716557824,0,61741203456,23277338624,61394685952,61394690560,668384768,0,187632877568,121164242944,0
1791585074.9833705,0.6429833248257637,61716672512,0,61741203456,23277338624,61394685952,61394690560,668499456,0,187632971776,121164242944,0
1791585075.6221151,0.6386004537343979,61716762624,0,61741203456,23277338624,61394685952,61394690560,668589568,0,187633594368,121164242944,0
1791585076.2669005,0.6446345914155245,61716877312,0,61741203456,23277338624,61394685952,61394690560,668704256,0,187633094656,121164242944,0
1791585076.912538,0.6454889122396708,61716877312,0,61741203456,23277338624,61394685952,61394690560,668704256,0,187632488448,121164242944,0
1791585077.5553725,0.6426873449236155,61716066304,0,61741203456,23277338624,61394685952,61394690560,667893248,0,187632488448,121164242944,0
1791585078.1953526,0.6398386545479298,61716070400,0,61741203456,23277338624,61394685952,61394690560,667897344,0,187632521216,121164242944,0
1791585078.837099,0.6416000854223967,61716160512,0,61741203456,23277338624,61394685952,61394690560,667987456,0,187632496640,121164242944,0
1791585079.4768732,0.6396226659417152,61716275200,0,61741203456,23277338624,61394685952,61394690560,668102144,0,187632779264,121164242944,0
1791585080.114146,0.6371322683990002,61716365312,0,61741203456,23277338624,61394685952,61394690560,668192256,0,187633168384,121164242944,0
1791585080.7528276,0.6385329626500607,61716480000,0,61741203456,23277338624,61394685952,61394690560,668306944,0,187633094656,121164242944,0
1791585081.3922873,0.639317262917757,61716570112,0,61741203456,23277338624,61394685952,61394690560,668397056,0,187633119232,121164242944,0
1791585082.0367436,0.6443091630935669,61716684800,0,61741203456,23277338624,61394685952,61394690560,668511744,0,187633405952,121164242944,0
1791585082.6763358,0.6394444648176432,61716770816,0,61741203456,23277338624,61394685952,61394690560,668597760,0,187633336320,121164242944,0
1791585083.3256485,0.6491646077483892,61716893696,0,61741203456,23277338624,61394685952,61394690560,668720640,0,187632885760,121164242944,0
1791585083.9656672,0.6398736760020256,61716893696,0,61741203456,23277338624,61394685952,61394690560,668720640,0,187632005120,121164242944,0
1791585084.606155,0.6403379440307617,61716074496,0,61741203456,23277338624,61394685952,61394690560,667901440,0,187632279552,121164242944,0
1791585085.2540147,0.647700984030962,61716082688,0,61741203456,23277338624,61394685952,61394690560,667909632,0,187632357376,121164242944,0
1791585085.8931284,0.6389626879245043,61716164608,0,61741203456,23277338624,61394685952,61394690560,667991552,0,187632644096,121164242944,0
1791585086.5309305,0.637644687667489,61716287488,0,61741203456,23277338624,61394685952,61394690560,668114432,0,187632685056,121164242944,0
1791585087.1902416,0.6591697372496128,61716369408,0,61741203456,23277338624,61394685952,61394690560,668196352,0,187632447488,121164242944,0
1791585087.830223,0.6398340594023466,61716492288,0,61741203456,23277338624,61394685952,61394690560,668319232,0,187632799744,121164242944,0
1791585088.4674952,0.6371241267770529,61716574208,0,61741203456,23277338624,61394685952,61394690560,668401152,0,187633090560,121164242944,0
1791585089.105126,0.637479992583394,61716697088,0,61741203456,23277338624,61394685952,61394690560,668524032,0,187633184768,121164242944,0
1791585089.7432778,0.6379991322755814,61716779008,0,61741203456,23277338624,61394685952,61394690560,668605952,0,187633467392,121164242944,0
1791585090.4498227,0.7063954025506973,61716901888,0,61741203456,23277338624,61394685952,61394690560,668728832,0,187633651712,121164242944,0
1791585091.0898829,0.639911238104105,61716910080,0,61741203456,23277338624,61394685952,61394690560,668737024,0,187633471488,121164242944,0
1791585091.7346294,0.6445934064686298,61716914176,0,61741203456,23277338624,61394685952,61394690560,668741120,0,187633287168,121164242944,0
1791585092.377489,0.6426448244601488,61716918272,0,61741203456,23277338624,61394685952,61394690560,668745216,0,187633315840,121164242944,0
1791585093.014036,0.6364062484353781,61716926464,0,61741203456,23277338624,61394685952,61394690560,668753408,0,187633405952,121164242944,0
1791585093.6633706,0.6491896491497755,61716930560,0,61741203456,23277338624,61394685952,61394690560,668757504,0,187633500160,121164242944,0
1791585094.544618,0.8810997568070889,61716934656,0,61741203456,23277338624,61394685952,61394690560,668761600,0,187633586176,121164242944,0
1791585095.6029494,1.058185251429677,61716942848,0,61741203456,23277338624,61394685952,61394690560,668769792,0,187633750016,121164242944,0
1791585096.2407637,0.6376721672713757,61716946944,0,61741203456,23277338624,61394685952,61394690560,668773888,0,187633614848,121164242944,0
1791585096.8796878,0.6387678422033787,61716951040,0,61741203456,23277338624,61394685952,61394690560,668777984,0,187633307648,121164242944,0
1791585097.571246,0.6914078965783119,61716951040,0,61741203456,23277338624,61394685952,61394690560,668777984,0,187631910912,121164242944,0
1791585098.2104096,0.6390143260359764,61716041728,0,61741203456,23277338624,61394685952,61394690560,667868672,0,187632443392,121164242944,0
1791585098.8627934,0.6522261071950197,61716045824,0,61741203456,23277338624,61394685952,61394690560,667872768,0,187632300032,121164242944,0
1791585099.5026777,0.639740327373147,61716131840,0,61741203456,23277338624,61394685952,61394690560,667958784,0,187632484352,121164242944,0
1791585100.1415734,0.6387538239359856,61716246528,0,61741203456,23277338624,61394685952,61394690560,668073472,0,187632914432,121164242944,0
1791585100.7930586,0.6513328105211258,61716336640,0,61741203456,23277338624,61394685952,61394690560,668163584,0,187633172480,121164242944,0
1791585101.4312563,0.6380690485239029,61716451328,0,61741203456,23277338624,61394685952,61394690560,668278272,0,187632996352,121164242944,0
1791585102.0753722,0.64397176168859,61716541440,0,61741203456,23277338624,61394685952,61394690560,668368384,0,187633201152,121164242944,0
1791585102.7227178,0.647195490077138,61716656128,0,61741203456,23277338624,61394685952,61394690560,668483072,0,187632873472,121164242944,0
1791585103.3618207,0.6389604937285185,61716746240,0,61741203456,23277338624,61394685952,61394690560,668573184,0,187633074176,121164242944,0
1791585104.0075963,0.6456348933279514,61716860928,0,61741203456,23277338624,61394685952,61394690560,668687872,0,187633164288,121164242944,0
1791585104.6526797,0.6449407134205103,61716860928,0,61741203456,23277338624,61394685952,61394690560,668687872,0,187632472064,121164242944,0
1791585105.2947571,0.6419341657310724,61716058112,0,61741203456,23277338624,61394685952,61394690560,667885056,0,187632844800,121164242944,0
1791585105.9388258,0.6439164951443672,61716062208,0,61741203456,23277338624,61394685952,61394690560,667889152,0,187632672768,121164242944,0
1791585106.5789227,0.6399437002837658,61716152320,0,61741203456,23277338624,61394685952,61394690560,667979264,0,187632959488,121164242944,0
1791585107.225618,0.646544398739934,61716267008,0,61741203456,23277338624,61394685952,61394690560,668093952,0,187632861184,121164242944,0
1791585107.8746593,0.6488873697817326,61716357120,0,61741203456,23277338624,61394685952,61394690560,668184064,0,187632803840,121164242944,0
1791585108.515368,0.6405607666820288,61716471808,0,61741203456,23277338624,61394685952,61394690560,668298752,0,187633143808,121164242944,0
1791585109.1588466,0.6433287393301725,61716561920,0,61741203456,23277338624,61394685952,61394690560,668388864,0,187633160192,121164242944,0
1791585109.798441,0.6394487377256155,61716676608,0,61741203456,23277338624,61394685952,61394690560,668503552,0,187633238016,121164242944,0
1791585110.4425836,0.6440006997436285,61716766720,0,61741203456,23277338624,61394685952,61394690560,668593664,0,187633582080,121164242944,0
1791585111.0873623,0.644626734778285,61716881408,0,61741203456,23277338624,61394685952,61394690560,668708352,0,187633557504,121164242944,0
1791585111.727924,0.6404158398509026,61716881408,0,61741203456,23277338624,61394685952,61394690560,668708352,0,187632693248,121164242944,0
1791585112.37215,0.6440846007317305,61716070400,0,61741203456,23277338624,61394685952,61394690560,667897344,0,187633233920,121164242944,0
1791585113.0175755,0.6452659480273724,61716074496,0,61741203456,23277338624,61394685952,61394690560,667901440,0,187632914432,121164242944,0
1791585113.655793,0.6380638554692268,61716164608,0,61741203456,23277338624,61394685952,61394690560,667991552,0,187633188864,121164242944,0
1791585114.3000267,0.6440820135176182,61716279296,0,61741203456,23277338624,61394685952,61394690560,668106240,0,187633254400,121164242944,0
1791585114.9378145,0.6376315429806709,61716369408,0,61741203456,23277338624,61394685952,61394690560,668196352,0,187633283072,121164242944,0
1791585115.5765204,0.6385532170534134,61716484096,0,61741203456,23277338624,61394685952,61394690560,668311040,0,187633623040,121164242944,0
1791585116.2159603,0.6392993424087763,61716570112,0,61741203456,23277338624,61394685952,61394690560,668397056,0,187633135616,121164242944,0
1791585116.8538756,0.6377741601318121,61716692992,0,61741203456,23277338624,61394685952,61394690560,668519936,0,187633491968,121164242944,0
1791585117.500798,0.6467690523713827,61716774912,0,61741203456,23277338624,61394685952,61394690560,668601856,0,187633209344,121164242944,0
1791585118.1393147,0.6383664812892675,61716897792,0,61741203456,23277338624,61394685952,61394690560,668724736,0,187633266688,121164242944,0
1791585118.7819805,0.6425139121711254,61716905984,0,61741203456,23277338624,61394685952,61394690560,668732928,0,187633635328,121164578816,0
1791585119.4200425,0.6379155125468969,61716910080,0,61741203456,23277338624,61394685952,61394690560,668737024,0,187633401856,121164578816,0
1791585120.0591903,0.6390020586550236,61716918272,0,61741203456,23277338624,61394685952,61394690560,668745216,0,187633577984,121164578816,0
1791585120.7037697,0.6444346532225609,61716926464,0,61741203456,23277338624,61394685952,61394690560,668753408,0,187633668096,121164578816,0
1791585121.3425524,0.638635216280818,61716930560,0,61741203456,23277338624,61394685952,61394690560,668757504,0,187633737728,121164578816,0
1791585122.0208719,0.6781723778694868,61716938752,0,61741203456,23277338624,61394685952,61394690560,668765696,0,187632951296,121164578816,0
1791585122.6707082,0.6496895868331194,61716946944,0,61741203456,23277338624,61394685952,61394690560,668773888,0,187633348608,121164578816,0
1791585123.3136995,0.6428402960300446,61716951040,0,61741203456,23277338624,61394685952,61394690560,668777984,0,187633696768,121164578816,0
1791585123.9524572,0.638615207746625,61716959232,0,61741203456,23277338624,61394685952,61394690560,668786176,0,187633786880,121164578816,0
1791585124.5938442,0.6412385459989309,61716959232,0,61741203456,23277338624,61394685952,61394690560,668786176,0,187632742400,121164578816,0
1791585125.270185,0.6761906910687685,61716033536,0,61741203456,23277338624,61394685952,61394690560,667860480,0,187632361472,121164472320,0
1791585125.9157023,0.6453710161149502,61716037632,0,61741203456,23277338624,61394685952,61394690560,667864576,0,187632394240,121164472320,0
1791585126.5566158,0.6407613679766655,61716123648,0,61741203456,23277338624,61394685952,61394690560,667950592,0,187632107520,121164472320,0
1791585127.2057734,0.6490083001554012,61716238336,0,61741203456,23277338624,61394685952,61394690560,668065280,0,187632357376,121164472320,0
1791585127.8451962,0.639278395101428,61716328448,0,61741203456,23277338624,61394685952,61394690560,668155392,0,187632377856,121164472320,0
1791585128.4840007,0.6386645082384348,61716443136,0,61741203456,23277338624,61394685952,61394690560,668270080,0,187632738304,121164472320,0
1791585129.122778,0.6386306434869766,61716533248,0,61741203456,23277338624,61394685952,61394690560,668360192,0,187632852992,121164472320,0
1791585129.7612846,0.6383575461804867,61716647936,0,61741203456,23277338624,61394685952,61394690560,668474880,0,187632947200,121164472320,0
1791585130.4015155,0.6400811150670052,61716738048,0,61741203456,23277338624,61394685952,61394690560,668564992,0,187633209344,121164472320,0
1791585131.0403638,0.6386998239904642,61716852736,0,61741203456,23277338624,61394685952,61394690560,668679680,0,187633000448,121164472320,0
1791585131.6791928,0.6386804711073637,61716852736,0,61741203456,23277338624,61394685952,61394690560,668679680,0,187632234496,121164472320,0
1791585132.3398938,0.6605511866509914,61716049920,0,61741203456,23277338624,61394685952,61394690560,667876864,0,187632156672,121164472320,0
1791585132.98046,0.6404260955750942,61716054016,0,61741203456,23277338624,61394685952,61394690560,667880960,0,187632058368,121164472320,0
1791585133.6226797,0.6420815866440535,61716144128,0,61741203456,23277338624,61394685952,61394690560,667971072,0,187632320512,121164472320,0
1791585134.2645001,0.6416683699935675,61716258816,0,61741203456,23277338624,61394685952,61394690560,668085760,0,187632312320,121164472320,0
1791585134.912736,0.6480823755264282,61716348928,0,61741203456,23277338624,61394685952,61394690560,668175872,0,187632447488,121164472320,0
1791585135.5628102,0.6499237138777971,61716463616,0,61741203456,23277338624,61394685952,61394690560,668290560,0,187632529408,121164472320,0
1791585136.204236,0.6412625405937433,61716553728,0,61741203456,23277338624,61394685952,61394690560,668380672,0,187632816128,121164242944,0
1791585136.8536546,0.6492679119110107,61716668416,0,61741203456,23277338624,61394685952,61394690560,668495360,0,187633123328,121164242944,0
1791585137.5008147,0.6470168270170689,61716758528,0,61741203456,23277338624,61394685952,61394690560,668585472,0,187633123328,121164242944,0
1791585138.1427581,0.6417984832078218,61716873216,0,61741203456,23277338624,61394685952,61394690560,668700160,0,187632943104,121164242944,0
1791585138.7842863,0.6413783878087997,61716873216,0,61741203456,23277338624,61394685952,61394690560,668700160,0,187632275456,121164242944,0
1791585139.4231703,0.6387359648942947,61716062208,0,61741203456,23277338624,61394685952,61394690560,667889152,0,187632295936,121164242944,0
1791585140.0648978,0.6415756959468126,61716066304,0,61741203456,23277338624,61394685952,61394690560,667893248,0,187632889856,121164242944,0
1791585140.707119,0.6420739777386189,61716156416,0,61741203456,23277338624,61394685952,61394690560,667983360,0,187632570368,121164242944,0
1791585141.3479896,0.6407153103500605,61716271104,0,61741203456,23277338624,61394685952,61394690560,668098048,0,187632574464,121164242944,0
1791585142.0019763,0.6538327317684889,61716361216,0,61741203456,23277338624,61394685952,61394690560,668188160,0,187632865280,121164242944,0
1791585142.6452615,0.643133420497179,61716475904,0,61741203456,23277338624,61394685952,61394690560,668302848,0,187632939008,121164242944,0
1791585143.287112,0.6416992824524641,61716566016,0,61741203456,23277338624,61394685952,61394690560,668392960,0,187633049600,121164242944,0
1791585143.9260254,0.63875712454319,61716680704,0,61741203456,23277338624,61394685952,61394690560,668507648,0,187633147904,121164242944,0
1791585144.5724235,0.6462510880082846,61716770816,0,61741203456,23277338624,61394685952,61394690560,668597760,0,187633434624,121164242944,0
1791585145.20983,0.637253500521183,61716885504,0,61741203456,23277338624,61394685952,61394690560,668712448,0,187633479680,121164242944,0
1791585145.8495977,0.6396229788661003,61716885504,0,61741203456,23277338624,61394685952,61394690560,668712448,0,187632537600,121164242944,0
1791585146.494379,0.6446376442909241,61716070400,0,61741203456,23277338624,61394685952,61394690560,667897344,0,187632418816,121164242944,0
1791585147.1434517,0.6489173080772161,61716078592,0,61741203456,23277338624,61394685952,61394690560,667905536,0,187632173056,121164242944,0
1791585147.786061,0.6424615383148193,61716164608,0,61741203456,23277338624,61394685952,61394690560,667991552,0,187632361472,121164242944,0
1791585148.4339144,0.6477265805006027,61716287488,0,61741203456,23277338624,61394685952,61394690560,668114432,0,187632439296,121164242944,0
1791585149.0757759,0.6417172215878963,61716369408,0,61741203456,23277338624,61394685952,61394690560,668196352,0,187632656384,121164242944,0
1791585149.7304883,0.6545628570020199,61716492288,0,61741203456,23277338624,61394685952,61394690560,668319232,0,187632742400,121164242944,0
1791585150.3706257,0.6399821639060974,61716574208,0,61741203456,23277338624,61394685952,61394690560,668401152,0,187633713152,121164242944,0
1791585151.0156062,0.6448316965252161,61716697088,0,61741203456,23277338624,61394685952,61394690560,668524032,0,187633586176,121164242944,0
1791585151.6593592,0.6436066832393408,61716779008,0,61741203456,23277338624,61394685952,61394690560,668605952,0,187633860608,121164242944,0
1791585152.2965837,0.6370702441781759,61716901888,0,61741203456,23277338624,61394685952,61394690560,668728832,0,187633954816,121164242944,0
1791585152.9383852,0.6416512671858072,61716910080,0,61741203456,23277338624,61394685952,61394690560,668737024,0,187634323456,121164242944,0
1791585153.5831985,0.6446644365787506,61716914176,0,61741203456,23277338624,61394685952,61394690560,668741120,0,187634130944,121164242944,0
1791585154.2207718,0.637420853599906,61716918272,0,61741203456,23277338624,61394685952,61394690560,668745216,0,187634229248,121164242944,0
1791585154.8764462,0.6555187124758959,61716926464,0,61741203456,23277338624,61394685952,61394690560,668753408,0,187633668096,121164242944,0
1791585155.5232868,0.6466919258236885,61716930560,0,61741203456,23277338624,61394685952,61394690560,668757504,0,187634098176,121164242944,0
1791585156.1635358,0.6401034761220217,61716934656,0,61741203456,23277338624,61394685952,61394690560,668761600,0,187633897472,121164242944,0
1791585156.8135626,0.649882335215807,61716942848,0,61741203456,23277338624,61394685952,61394690560,668769792,0,187633586176,121164242944,0
1791585157.45425,0.6405373029410839,61716946944,0,61741203456,23277338624,61394685952,61394690560,668773888,0,187633221632,121164242944,0
1791585158.0974717,0.6430786345154047,61716951040,0,61741203456,23277338624,61394685952,61394690560,668777984,0,187633303552,121164242944,0
1791585158.7390618,0.6414461825042963,61716951040,0,61741203456,23277338624,61394685952,61394690560,668777984,0,187632603136,121164242944,0
1791585159.3887591,0.649573115631938,61716037632,0,61741203456,23277338624,61394685952,61394690560,667864576,0,187632177152,121164242944,0
1791585160.0499203,0.6610216367989779,61716041728,0,61741203456,23277338624,61394685952,61394690560,667868672,0,187648229376,121164242944,0
1791585160.6949008,0.6448256876319647,61716127744,0,61741203456,23277338624,61394685952,61394690560,667954688,0,187632463872,121164242944,0
1791585161.3502343,0.6551832407712936,61716242432,0,61741203456,23277338624,61394685952,61394690560,668069376,0,187632267264,121164242944,0
1791585161.9934952,0.6431183312088251,61716332544,0,61741203456,23277338624,61394685952,61394690560,668159488,0,187632549888,121164242944,0
1791585162.6325371,0.6389015726745129,61716447232,0,61741203456,23277338624,61394685952,61394690560,668274176,0,187633115136,121164242944,0
1791585163.2812166,0.6485235244035721,61716537344,0,61741203456,23277338624,61394685952,61394690560,668364288,0,187632836608,121164242944,0
1791585163.9268382,0.6454738471657038,61716652032,0,61741203456,23277338624,61394685952,61394690560,668478976,0,187632783360,121164242944,0
1791585164.5682402,0.6412578895688057,61716742144,0,61741203456,23277338624,61394685952,61394690560,668569088,0,187632803840,121164242944,0
1791585165.2132366,0.6448481846600771,61716856832,0,61741203456,23277338624,61394685952,61394690560,668683776,0,187633508352,121164242944,0
1791585165.9491663,0.7357858568429947,61716856832,0,61741203456,23277338624,61394685952,61394690560,668683776,0,187631984640,121164242944,0
1791585166.5880668,0.6387539356946945,61716054016,0,61741203456,23277338624,61394685952,61394690560,667880960,0,187632263168,121164242944,0
1791585167.2241278,0.6359414272010326,61716058112,0,61741203456,23277338624,61394685952,61394690560,667885056,0,187632357376,121164242944,0
1791585167.8634217,0.6391444802284241,61716148224,0,61741203456,23277338624,61394685952,61394690560,667975168,0,187632242688,121164242944,0
1791585168.5022354,0.6386714968830347,61716262912,0,61741203456,23277338624,61394685952,61394690560,668089856,0,187632582656,121164242944,0
1791585169.1395705,0.6371918432414532,61716353024,0,61741203456,23277338624,61394685952,61394690560,668179968,0,187632869376,121164242944,0
1791585169.7824845,0.6427747812122107,61716467712,0,61741203456,23277338624,61394685952,61394690560,668294656,0,187632885760,121164242944,0
1791585170.418843,0.6362180169671774,61716557824,0,61741203456,23277338624,61394685952,61394690560,668384768,0,187633463296,121164242944,0
1791585171.0564606,0.6374714989215136,61716672512,0,61741203456,23277338624,61394685952,61394690560,668499456,0,187633500160,121164242944,0
1791585171.6999445,0.6433418579399586,61716762624,0,61741203456,23277338624,61394685952,61394690560,668589568,0,187633344512,121164242944,0
1791585172.3421035,0.6420161128044128,61716877312,0,61741203456,23277338624,61394685952,61394690560,668704256,0,187633438720,121164242944,0
1791585172.9799864,0.6377366278320551,61716877312,0,61741203456,23277338624,61394685952,61394690560,668704256,0,187632836608,121164242944,0
1791585173.6270552,0.6469209343194962,61716066304,0,61741203456,23277338624,61394685952,61394690560,667893248,0,187632586752,121164242944,0
1791585174.2638648,0.6366773117333651,61716070400,0,61741203456,23277338624,61394685952,61394690560,667897344,0,187632685056,121164242944,0
1791585174.9081998,0.6441886480897665,61716160512,0,61741203456,23277338624,61394685952,61394690560,667987456,0,187632967680,121164242944,0
1791585175.5507073,0.6423659157007933,61716275200,0,61741203456,23277338624,61394685952,61394690560,668102144,0,187633106944,121164242944,0
1791585176.1865633,0.6357129495590925,61716365312,0,61741203456,23277338624,61394685952,61394690560,668192256,0,187632807936,121164242944,0
1791585176.83088,0.6441769655793905,61716480000,0,61741203456,23277338624,61394685952,61394690560,668306944,0,187633160192,121164242944,0
1791585177.4677124,0.6366945262998343,61716570112,0,61741203456,23277338624,61394685952,61394690560,668397056,0,187633205248,121164242944,0
1791585178.104213,0.6363620180636644,61716684800,0,61741203456,23277338624,61394685952,61394690560,668511744,0,187633565696,121164242944,0
1791585178.7477572,0.6434030644595623,61716770816,0,61741203456,23277338624,61394685952,61394690560,668597760,0,187633397760,121164242944,0
1791585179.3875082,0.6396124325692654,61716893696,0,61741203456,23277338624,61394685952,61394690560,668720640,0,187633106944,121164242944,0
1791585180.0260863,0.6384287364780903,61716893696,0,61741203456,23277338624,61394685952,61394690560,668720640,0,187642683392,121164242944,0
1791585180.6735063,0.6473198607563972,61716074496,0,61741203456,23277338624,61394685952,61394690560,667901440,0,187632476160,121164242944,0
1791585181.3192708,0.6456246245652437,61716082688,0,61741203456,23277338624,61394685952,61394690560,667909632,0,187632504832,121164242944,0
1791585181.9580112,0.6385983303189278,61716164608,0,61741203456,23277338624,61394685952,61394690560,667991552,0,187632754688,121164242944,0
1791585182.6029913,0.6448373086750507,61716287488,0,61741203456,23277338624,61394685952,61394690560,668114432,0,187632844800,121164337152,0
1791585183.24819,0.6450449787080288,61716369408,0,61741203456,23277338624,61394685952,61394690560,668196352,0,187632513024,121164337152,0
1791585183.886012,0.6376751232892275,61716492288,0,61741203456,23277338624,61394685952,61394690560,668319232,0,187632603136,121164337152,0
1791585184.5269468,0.6407845821231604,61716574208,0,61741203456,23277338624,61394685952,61394690560,668401152,0,187632889856,121164337152,0
1791585185.1720798,0.6449836418032646,61716697088,0,61741203456,23277338624,61394685952,61394690560,668524032,0,187633041408,121164337152,0
1791585185.809905,0.6377201844006777,61716779008,0,61741203456,23277338624,61394685952,61394690560,668605952,0,187633119232,121164337152,0
1791585186.4503005,0.6402488648891449,61716901888,0,61741203456,23277338624,61394685952,61394690560,668728832,0,187633205248,121164337152,0
1791585187.142616,0.6921654250472784,61716910080,0,61741203456,23277338624,61394685952,61394690560,668737024,0,187633061888,121164337152,0
1791585187.7817526,0.638991616666317,61716914176,0,61741203456,23277338624,61394685952,61394690560,668741120,0,187633152000,121164337152,0
1791585188.4259694,0.6440673973411322,61716918272,0,61741203456,23277338624,61394685952,61394690560,668745216,0,187633242112,121164337152,0
1791585189.0722282,0.6461143009364605,61716926464,0,61741203456,23277338624,61394685952,61394690560,668753408,0,187633119232,121164337152,0
1791585189.7125967,0.6402299515902996,61716930560,0,61741203456,23277338624,61394685952,61394690560,668757504,0,187633205248,121164337152,0
1791585190.3503416,0.6376024298369884,61716934656,0,61741203456,23277338624,61394685952,61394690560,668761600,0,187633430528,121164242944,0
1791585191.2610226,0.9105378240346909,61716942848,0,61741203456,23277338624,61394685952,61394690560,668769792,0,187633340416,121164242944,0
1791585192.3134134,1.0522445123642683,61716946944,0,61741203456,23277338624,61394685952,61394690560,668773888,0,187633332224,121164242944,0
1791585192.9534433,0.6398749724030495,61716951040,0,61741203456,23277338624,61394685952,61394690560,668777984,0,187633303552,121164242944,0
1791585193.6014774,0.6478795502334833,61716951040,0,61741203456,23277338624,61394685952,61394690560,668777984,0,187632164864,121164242944,0
1791585194.274543,0.6729172337800264,61716041728,0,61741203456,23277338624,61394685952,61394690560,667868672,0,187632037888,121164242944,0
1791585194.9140885,0.6393924001604319,61716045824,0,61741203456,23277338624,61394685952,61394690560,667872768,0,187632390144,121164242944,0
1791585195.559984,0.645741967484355,61716131840,0,61741203456,23277338624,61394685952,61394690560,667958784,0,187632185344,121164242944,0
1791585196.199894,0.6397569701075554,61716246528,0,61741203456,23277338624,61394685952,61394690560,668073472,0,187632500736,121164242944,0
1791585196.8383687,0.6383232232183218,61716336640,0,61741203456,23277338624,61394685952,61394690560,668163584,0,187632533504,121164242944,0
1791585197.485425,0.6469031162559986,61716451328,0,61741203456,23277338624,61394685952,61394690560,668278272,0,187632885760,121164242944,0
1791585198.1244912,0.6389123648405075,61716541440,0,61741203456,23277338624,61394685952,61394690560,668368384,0,187633176576,121164242944,0
1791585198.7647047,0.6400647200644016,61716656128,0,61741203456,23277338624,61394685952,61394690560,668483072,0,187633262592,121164242944,0
1791585199.4104273,0.6455697137862444,61716746240,0,61741203456,23277338624,61394685952,61394690560,668573184,0,187633467392,121164242944,0
1791585200.0505192,0.6399438958615065,61716860928,0,61741203456,23277338624,61394685952,61394690560,668687872,0,187633901568,121164242944,0
1791585200.6936593,0.6429915856570005,61716860928,0,61741203456,23277338624,61394685952,61394690560,668687872,0,187633078272,121164242944,0
1791585201.3324275,0.6386252995580435,61716058112,0,61741203456,23277338624,61394685952,61394690560,667885056,0,187633098752,121164242944,0
1791585201.9777882,0.6452054623514414,61716062208,0,61741203456,23277338624,61394685952,61394690560,667889152,0,187632861184,121164242944,0
1791585202.6161094,0.6380931697785854,61716152320,0,61741203456,23277338624,61394685952,61394690560,667979264,0,187633115136,121164242944,0
1791585203.255336,0.6390713360160589,61716267008,0,61741203456,23277338624,61394685952,61394690560,668093952,0,187633209344,121164242944,0
1791585203.897831,0.6423551756888628,61716357120,0,61741203456,23277338624,61394685952,61394690560,668184064,0,187633393664,121164242944,0
1791585204.5389094,0.640925969928503,61716471808,0,61741203456,23277338624,61394685952,61394690560,668298752,0,187633537024,121164242944,0
1791585205.182181,0.6431224681437016,61716561920,0,61741203456,23277338624,61394685952,61394690560,668388864,0,187633664000,121164242944,0
1791585205.824952,0.6426207013428211,61716676608,0,61741203456,23277338624,61394685952,61394690560,668503552,0,187633725440,121164242944,0
1791585206.464291,0.6391896177083254,61716766720,0,61741203456,23277338624,61394685952,61394690560,668593664,0,187633680384,121164242944,0
1791585207.1157167,0.6512764748185873,61716881408,0,61741203456,23277338624,61394685952,61394690560,668708352,0,187633889280,121164242944,0
1791585207.7610343,0.6451647747308016,61716881408,0,61741203456,23277338624,61394685952,61394690560,668708352,0,187633029120,121164242944,0
1791585208.403491,0.6423102878034115,61716070400,0,61741203456,23277338624,61394685952,61394690560,667897344,0,187633324032,121164242944,0
1791585209.0484624,0.644823731854558,61716074496,0,61741203456,23277338624,61394685952,61394690560,667901440,0,187633147904,121164242944,0
1791585209.6897497,0.641139617189765,61716164608,0,61741203456,23277338624,61394685952,61394690560,667991552,0,187632861184,121164242944,0
1791585210.3426912,0.6527885533869267,61716279296,0,61741203456,23277338624,61394685952,61394690560,668106240,0,187633573888,121164242944,0
1791585210.9807425,0.6379040237516165,61716369408,0,61741203456,23277338624,61394685952,61394690560,668196352,0,187633319936,121164242944,0
1791585211.6268482,0.6459629759192467,61716484096,0,61741203456,23277338624,61394685952,61394690560,668311040,0,187633127424,121164242944,0
1791585212.2718449,0.6448501292616129,61716570112,0,61741203456,23277338624,61394685952,61394690560,668397056,0,187633225728,121164242944,0
1791585212.9121945,0.640192287042737,61716692992,0,61741203456,23277338624,61394685952,61394690560,668519936,0,187633324032,121164242944,0
1791585213.5617328,0.6493879426270723,61716774912,0,61741203456,23277338624,61394685952,61394690560,668601856,0,187633610752,121164242944,0
1791585214.2013447,0.6394627522677183,61716897792,0,61741203456,23277338624,61394685952,61394690560,668724736,0,187633700864,121164242944,0
1791585214.8386288,0.6371354553848505,61716905984,0,61741203456,23277338624,61394685952,61394690560,668732928,0,187633369088,121164242944,0
1791585215.4884431,0.6496725678443909,61716910080,0,61741203456,23277338624,61394685952,61394690560,668737024,0,187633360896,121164242944,0
1791585216.126558,0.6379683278501034,61716918272,0,61741203456,23277338624,61394685952,61394690560,668745216,0,187633389568,121164242944,0
1791585216.776496,0.6497967131435871,61716926464,0,61741203456,23277338624,61394685952,61394690560,668753408,0,187633741824,121164242944,0
1791585217.4571707,0.6805358659476042,61716930560,0,61741203456,23277338624,61394685952,61394690560,668757504,0,187633180672,121164242944,0
1791585218.094879,0.6375620681792498,61716938752,0,61741203456,23277338624,61394685952,61394690560,668765696,0,187633172480,121164242944,0
1791585218.7349837,0.6399592962116003,61716946944,0,61741203456,23277338624,61394685952,61394690560,668773888,0,187633348608,121164242944,0
1791585219.3730268,0.6379008442163467,61716951040,0,61741203456,23277338624,61394685952,61394690560,668777984,0,187633360896,121164242944,0
1791585220.0263016,0.6531323473900557,61716959232,0,61741203456,23277338624,61394685952,61394690560,668786176,0,187643801600,121164242944,0
1791585220.708361,0.6819113120436668,61716959232,0,61741203456,23277338624,61394685952,61394690560,668786176,0,187632521216,121164242944,0
1791585221.354604,0.6460961010307074,61716033536,0,61741203456,23277338624,61394685952,61394690560,667860480,0,187632775168,121164242944,0
1791585222.0078673,0.6531134024262428,61716037632,0,61741203456,23277338624,61394685952,61394690560,667864576,0,187632390144,121164242944,0
1791585222.646039,0.6380211561918259,61716123648,0,61741203456,23277338624,61394685952,61394690560,667950592,0,187632672768,121164242944,0
1791585223.2828662,0.6366832312196493,61716238336,0,61741203456,23277338624,61394685952,61394690560,668065280,0,187632762880,121164242944,0
1791585223.919365,0.6363502163439989,61716328448,0,61741203456,23277338624,61394685952,61394690560,668155392,0,187632779264,121164242944,0
1791585224.5591135,0.6395927518606186,61716443136,0,61741203456,23277338624,61394685952,61394690560,668270080,0,187632869376,121164242944,0
1791585225.2090406,0.6497777700424194,61716533248,0,61741203456,23277338624,61394685952,61394690560,668360192,0,187633250304,121164242944,0
1791585225.8468375,0.6376517713069916,61716647936,0,61741203456,23277338624,61394685952,61394690560,668474880,0,187633270784,121164242944,0
1791585226.496894,0.6499090250581503,61716738048,0,61741203456,23277338624,61394685952,61394690560,668564992,0,187633434624,121164242944,0
1791585227.139876,0.6427587531507015,61716852736,0,61741203456,23277338624,61394685952,61394690560,668679680,0,187633778688,121164242944,0
1791585227.7972436,0.6572186164557934,61716852736,0,61741203456,23277338624,61394685952,61394690560,668679680,0,187632607232,121164242944,0
1791585228.4414935,0.6439894866198301,61716049920,0,61741203456,23277338624,61394685952,61394690560,667876864,0,187632607232,121164242944,0
1791585229.083815,0.6421748045831919,61716054016,0,61741203456,23277338624,61394685952,61394690560,667880960,0,187632537600,121164242944,0
1791585229.9361928,0.8522288985550404,61716144128,0,61741203456,23277338624,61394685952,61394690560,667971072,0,187633016832,121164242944,0
1791585230.6611738,0.7248257789760828,61716258816,0,61741203456,23277338624,61394685952,61394690560,668085760,0,187632713728,121164242944,0
1791585231.3098447,0.6485090628266335,61716348928,0,61741203456,23277338624,61394685952,61394690560,668175872,0,187632996352,121164242944,0
1791585231.9626238,0.6526301577687263,61716463616,0,61741203456,23277338624,61394685952,61394690560,668290560,0,187633352704,121164242944,0
1791585232.6090255,0.6462512761354446,61716553728,0,61741203456,23277338624,61394685952,61394690560,668380672,0,187633172480,121164242944,0
1791585233.2615564,0.6523864362388849,61716668416,0,61741203456,23277338624,61394685952,61394690560,668495360,0,187633524736,121164242944,0
1791585233.9283175,0.6666164211928844,61716758528,0,61741203456,23277338624,61394685952,61394690560,668585472,0,187633430528,121164242944,0
1791585234.5833344,0.6548713557422161,61716873216,0,61741203456,23277338624,61394685952,61394690560,668700160,0,187633475584,121164242944,0
1791585235.2336688,0.6501894630491734,61716873216,0,61741203456,23277338624,61394685952,61394690560,668700160,0,187632861184,121164242944,0
1791585235.8846524,0.6508307568728924,61716062208,0,61741203456,23277338624,61394685952,61394690560,667889152,0,187632848896,121164242944,0
1791585236.5512328,0.6664242632687092,61716066304,0,61741203456,23277338624,61394685952,61394690560,667893248,0,187632562176,121164242944,0
1791585237.1970997,0.6457106824964285,61716156416,0,61741203456,23277338624,61394685952,61394690560,667983360,0,187632648192,121164242944,0
1791585237.845643,0.648387199267745,61716271104,0,61741203456,23277338624,61394685952,61394690560,668098048,0,187632418816,121164242944,0
1791585238.4911106,0.6453148350119591,61716361216,0,61741203456,23277338624,61394685952,61394690560,668188160,0,187632697344,121164242944,0
1791585239.129046,0.6377796791493893,61716475904,0,61741203456,23277338624,61394685952,61394690560,668302848,0,187633025024,121164242944,0
1791585239.778074,0.6488843038678169,61716566016,0,61741203456,23277338624,61394685952,61394690560,668392960,0,187633307648,121164242944,0
1791585240.416113,0.6379271727055311,61716680704,0,61741203456,23277338624,61394685952,61394690560,668507648,0,187633164288,121164242944,0
1791585241.059047,0.6427782904356718,61716770816,0,61741203456,23277338624,61394685952,61394690560,668597760,0,187633147904,121164242944,0
1791585241.7077928,0.6486048996448517,61716885504,0,61741203456,23277338624,61394685952,61394690560,668712448,0,187632955392,121164242944,0
1791585242.3461561,0.6382135320454836,61716885504,0,61741203456,23277338624,61394685952,61394690560,668712448,0,187632361472,121164242944,0
1791585242.9918947,0.6455844677984715,61716070400,0,61741203456,23277338624,61394685952,61394690560,667897344,0,187632381952,121164242944,0
1791585243.6311147,0.6390666160732508,61716078592,0,61741203456,23277338624,61394685952,61394690560,667905536,0,187632230400,121164242944,0
1791585244.2830591,0.6517912056297064,61716164608,0,61741203456,23277338624,61394685952,61394690560,667991552,0,187632517120,121164242944,0
1791585244.923967,0.6407778840512037,61716287488,0,61741203456,23277338624,61394685952,61394690560,668114432,0,187632480256,121164242944,0
1791585245.5632858,0.639167619869113,61716369408,0,61741203456,23277338624,61394685952,61394690560,668196352,0,187632775168,121164242944,0
1791585246.2072458,0.6438090335577726,61716492288,0,61741203456,23277338624,61394685952,61394690560,668319232,0,187632869376,121164242944,0
1791585246.842668,0.6352778039872646,61716574208,0,61741203456,23277338624,61394685952,61394690560,668401152,0,187632627712,121164242944,0
1791585247.4849384,0.6421235669404268,61716697088,0,61741203456,23277338624,61394685952,61394690560,668524032,0,187632979968,121164242944,0
1791585248.1262093,0.6411192566156387,61716779008,0,61741203456,23277338624,61394685952,61394690560,668605952,0,187632746496,121164242944,0
1791585248.7626038,0.6362443268299103,61716901888,0,61741203456,23277338624,61394685952,61394690560,668728832,0,187633287168,121164242944,0
1791585249.408969,0.6462222281843424,61716910080,0,61741203456,23277338624,61394685952,61394690560,668737024,0,187633090560,121164242944,0
1791585250.0474358,0.6383082885295153,61716914176,0,61741203456,23277338624,61394685952,61394690560,668741120,0,187649380352,121164242944,0
1791585250.6922307,0.6446444876492023,61716918272,0,61741203456,23277338624,61394685952,61394690560,668745216,0,187633442816,121164242944,0
1791585251.3355367,0.6431560758501291,61716926464,0,61741203456,23277338624,61394685952,61394690560,668753408,0,187633287168,121164242944,0
1791585251.9724035,0.6367133315652609,61716930560,0,61741203456,23277338624,61394685952,61394690560,668757504,0,187633381376,121164242944,0
1791585252.6240225,0.651461698114872,61716934656,0,61741203456,23277338624,61394685952,61394690560,668761600,0,187633209344,121164242944,0
1791585253.2626772,0.6385034639388323,61716942848,0,61741203456,23277338624,61394685952,61394690560,668769792,0,187633721344,121164242944,0
1791585253.92868,0.6658541150391102,61716946944,0,61741203456,23277338624,61394685952,61394690560,668773888,0,187633303552,121164525568,0
1791585254.5769923,0.648170055821538,61716951040,0,61741203456,23277338624,61394685952,61394690560,668777984,0,187633397760,121164525568,0
1791585255.2209814,0.6438265405595303,61716951040,0,61741203456,23277338624,61394685952,61394690560,668777984,0,187632693248,121164443648,0
1791585255.871938,0.6508116461336613,61716037632,0,61741203456,23277338624,61394685952,61394690560,667864576,0,187632402432,121164443648,0
1791585256.5131829,0.6410863827914,61716041728,0,61741203456,23277338624,61394685952,61394690560,667868672,0,187632492544,121164443648,0
1791585257.1584823,0.6451570242643356,61716127744,0,61741203456,23277338624,61394685952,61394690560,667954688,0,187632508928,121164443648,0
1791585257.8067899,0.6481543891131878,61716242432,0,61741203456,23277338624,61394685952,61394690560,668069376,0,187632594944,121164443648,0
1791585258.4477522,0.6408080402761698,61716332544,0,61741203456,23277338624,61394685952,61394690560,668159488,0,187632308224,121164443648,0
1791585259.0987847,0.6508831083774567,61716447232,0,61741203456,23277338624,61394685952,61394690560,668274176,0,187632640000,121164443648,0
1791585259.7402928,0.641353951767087,61716537344,0,61741203456,23277338624,61394685952,61394690560,668364288,0,187632852992,121164443648,0
1791585260.3896902,0.6492418684065342,61716652032,0,61741203456,23277338624,61394685952,61394690560,668478976,0,187632775168,121164443648,0
1791585261.026886,0.6370457857847214,61716742144,0,61741203456,23277338624,61394685952,61394690560,668569088,0,187633020928,121164443648,0
1791585261.669172,0.6421451512724161,61716856832,0,61741203456,23277338624,61394685952,61394690560,668683776,0,187633115136,121164443648,0
1791585262.310584,0.6412617079913616,61716856832,0,61741203456,23277338624,61394685952,61394690560,668683776,0,187632504832,121164443648,0
1791585262.946115,0.6353839598596096,61716054016,0,61741203456,23277338624,61394685952,61394690560,667880960,0,187632533504,121164443648,0
1791585263.5812545,0.6349834222346544,61716058112,0,61741203456,23277338624,61394685952,61394690560,667885056,0,187632357376,121164443648,0
1791585264.227204,0.6458030175417662,61716148224,0,61741203456,23277338624,61394685952,61394690560,667975168,0,187632463872,121164443648,0
1791585264.864834,0.637479305267334,61716262912,0,61741203456,23277338624,61394685952,61394690560,668089856,0,187632549888,121164443648,0
1791585265.5079463,0.6429603081196547,61716353024,0,61741203456,23277338624,61394685952,61394690560,668179968,0,187632930816,121164443648,0
1791585266.1504102,0.6423152592033148,61716467712,0,61741203456,23277338624,61394685952,61394690560,668294656,0,187633020928,121164443648,0
1791585266.787116,0.636553568765521,61716557824,0,61741203456,23277338624,61394685952,61394690560,668384768,0,187633295360,121164443648,0
1791585267.4345553,0.6472865846008062,61716672512,0,61741203456,23277338624,61394685952,61394690560,668499456,0,187633651712,121164443648,0
1791585268.0762415,0.6415380854159594,61716762624,0,61741203456,23277338624,61394685952,61394690560,668589568,0,187633426432,121164443648,0
1791585268.720323,0.6439110059291124,61716877312,0,61741203456,23277338624,61394685952,61394690560,668704256,0,187633762304,121164242944,0
1791585269.357123,0.636653607711196,61716877312,0,61741203456,23277338624,61394685952,61394690560,668704256,0,187632615424,121164242944,0
1791585269.9943018,0.6370267141610384,61716066304,0,61741203456,23277338624,61394685952,61394690560,667893248,0,187632893952,121164242944,0
1791585270.6309254,0.6364711504429579,61716070400,0,61741203456,23277338624,61394685952,61394690560,667897344,0,187633328128,121164242944,0
1791585271.2678103,0.6367346737533808,61716160512,0,61741203456,23277338624,61394685952,61394690560,667987456,0,187633319936,121164242944,0
1791585271.9058335,0.6378728691488504,61716275200,0,61741203456,23277338624,61394685952,61394690560,668102144,0,187633373184,121164242944,0
1791585272.5445058,0.6385230198502541,61716365312,0,61741203456,23277338624,61394685952,61394690560,668192256,0,187633127424,121164242944,0
1791585273.180344,0.6356903053820133,61716480000,0,61741203456,23277338624,61394685952,61394690560,668306944,0,187633750016,121164242944,0
1791585273.81724,0.6367464009672403,61716570112,0,61741203456,23277338624,61394685952,61394690560,668397056,0,187633623040,121164242944,0
1791585274.4580457,0.6406643185764551,61716684800,0,61741203456,23277338624,61394685952,61394690560,668511744,0,187633442816,121164242944,0
1791585275.0948935,0.6367054954171181,61716770816,0,61741203456,23277338624,61394685952,61394690560,668597760,0,187633778688,121164242944,0
1791585275.731231,0.6361963301897049,61716893696,0,61741203456,23277338624,61394685952,61394690560,668720640,0,187633172480,121164242944,0
1791585276.3690023,0.6376325115561485,61716893696,0,61741203456,23277338624,61394685952,61394690560,668720640,0,187632304128,121164242944,0
1791585277.01682,0.6476776711642742,61716074496,0,61741203456,23277338624,61394685952,61394690560,667901440,0,187632140288,121164242944,0
1791585277.6647818,0.6478182673454285,61716082688,0,61741203456,23277338624,61394685952,61394690560,667909632,0,187632492544,121164242944,0
1791585278.301528,0.6366035416722298,61716164608,0,61741203456,23277338624,61394685952,61394690560,667991552,0,187632541696,121164242944,0
1791585278.9435055,0.6418265737593174,61716287488,0,61741203456,23277338624,61394685952,61394690560,668114432,0,187632373760,121164242944,0
1791585279.5878024,0.6441425289958715,61716369408,0,61741203456,23277338624,61394685952,61394690560,668196352,0,187632656384,121164242944,0
1791585280.2292943,0.6413412354886532,61716492288,0,61741203456,23277338624,61394685952,61394690560,668319232,0,187632799744,121164242944,0
1791585280.8744729,0.6450319513678551,61716574208,0,61741203456,23277338624,61394685952,61394690560,668401152,0,187633033216,121164242944,0
1791585281.520179,0.645555667579174,61716697088,0,61741203456,23277338624,61394685952,61394690560,668524032,0,187633303552,121164242944,0
1791585282.157318,0.6369933988898993,61716779008,0,61741203456,23277338624,61394685952,61394690560,668605952,0,187633065984,121164242944,0
1791585282.8041127,0.6466454472392797,61716901888,0,61741203456,23277338624,61394685952,61394690560,668728832,0,187633422336,121164242944,0
1791585283.4424367,0.6381656602025032,61716910080,0,61741203456,23277338624,61394685952,61394690560,668737024,0,187633491968,121164242944,0
1791585284.0832942,0.640712222084403,61716914176,0,61741203456,23277338624,61394685952,61394690560,668741120,0,187633586176,121164242944,0
1791585284.7278686,0.6444271020591259,61716918272,0,61741203456,23277338624,61394685952,61394690560,668745216,0,187633680384,121164242944,0
1791585285.365573,0.6375516653060913,61716926464,0,61741203456,23277338624,61394685952,61394690560,668753408,0,187633852416,121164242944,0
1791585286.0121908,0.6464757733047009,61716930560,0,61741203456,23277338624,61394685952,61394690560,668757504,0,187633676288,121164242944,0
1791585286.648022,0.6356834433972836,61716934656,0,61741203456,23277338624,61394685952,61394690560,668761600,0,187633766400,121164242944,0
1791585287.5545452,0.906365716829896,61716942848,0,61741203456,23277338624,61394685952,61394690560,668769792,0,187633790976,121164242944,0
1791585288.6007075,1.0460009016096592,61716946944,0,61741203456,23277338624,61394685952,61394690560,668773888,0,187633876992,121164242944,0
1791585289.242382,0.6415270734578371,61716951040,0,61741203456,23277338624,61394685952,61394690560,668777984,0,187633700864,121164242944,0
1791585289.8834898,0.6409548465162516,61716951040,0,61741203456,23277338624,61394685952,61394690560,668777984,0,187632734208,121164242944,0
1791585290.5559914,0.6723547987639904,61716041728,0,61741203456,23277338624,61394685952,61394690560,667868672,0,187632140288,121164242944,0
1791585291.1925132,0.6363762337714434,61716045824,0,61741203456,23277338624,61394685952,61394690560,667872768,0,187632164864,121164242944,0
1791585291.840625,0.6479595843702555,61716131840,0,61741203456,23277338624,61394685952,61394690560,667958784,0,187632513024,121164242944,0
1791585292.4772787,0.6365069150924683,61716246528,0,61741203456,23277338624,61394685952,61394690560,668073472,0,187632861184,121164242944,0
1791585293.123785,0.6463555861264467,61716336640,0,61741203456,23277338624,61394685952,61394690560,668163584,0,187633139712,121164242944,0
1791585293.7600973,0.6361588463187218,61716451328,0,61741203456,23277338624,61394685952,61394690560,668278272,0,187633491968,121164242944,0
1791585294.409541,0.6492850314825773,61716541440,0,61741203456,23277338624,61394685952,61394690560,668368384,0,187633512448,121164242944,0
1791585295.0515764,0.6418846100568771,61716656128,0,61741203456,23277338624,61394685952,61394690560,668483072,0,187633631232,121164242944,0
1791585295.6879504,0.6362246554344893,61716746240,0,61741203456,23277338624,61394685952,61394690560,668573184,0,187633315840,121164242944,0
1791585296.3356524,0.647553501650691,61716860928,0,61741203456,23277338624,61394685952,61394690560,668687872,0,187633647616,121164242944,0
1791585296.9711945,0.6353922337293625,61716860928,0,61741203456,23277338624,61394685952,61394690560,668687872,0,187632513024,121164242944,0
1791585297.6084707,0.6371302045881748,61716058112,0,61741203456,23277338624,61394685952,61394690560,667885056,0,187632521216,121164242944,0
1791585298.266968,0.6583511512726545,61716062208,0,61741203456,23277338624,61394685952,61394690560,667889152,0,187632603136,121164242944,0
1791585298.9050002,0.6378822699189186,61716152320,0,61741203456,23277338624,61394685952,61394690560,667979264,0,187632611328,121164242944,0
1791585299.542237,0.6370876841247082,61716267008,0,61741203456,23277338624,61394685952,61394690560,668093952,0,187632705536,121164242944,0
1791585300.1796165,0.6372269839048386,61716357120,0,61741203456,23277338624,61394685952,61394690560,668184064,0,187632918528,121164242944,0
1791585300.8164864,0.6367142703384161,61716471808,0,61741203456,23277338624,61394685952,61394690560,668298752,0,187632922624,121164242944,0
1791585301.4542408,0.6376023050397635,61716561920,0,61741203456,23277338624,61394685952,61394690560,668388864,0,187633192960,121164242944,0
1791585302.0962203,0.6418329831212759,61716676608,0,61741203456,23277338624,61394685952,61394690560,668503552,0,187633278976,121164242944,0
1791585302.734933,0.6385608669370413,61716766720,0,61741203456,23277338624,61394685952,61394690560,668593664,0,187633496064,121164242944,0
1791585303.3860624,0.6509737148880959,61716881408,0,61741203456,23277338624,61394685952,61394690560,668708352,0,187633823744,121164242944,0
1791585304.0245254,0.6383406389504671,61716881408,0,61741203456,23277338624,61394685952,61394690560,668708352,0,187632955392,121164242944,0
1791585304.6602292,0.6355524901300669,61716070400,0,61741203456,23277338624,61394685952,61394690560,667897344,0,187632984064,121164242944,0
1791585305.3015795,0.6412013955414295,61716074496,0,61741203456,23277338624,61394685952,61394690560,667901440,0,187633414144,121164242944,0
1791585305.9389758,0.6372442077845335,61716164608,0,61741203456,23277338624,61394685952,61394690560,667991552,0,187633131520,121164242944,0
1791585306.5784998,0.6393654253333807,61716279296,0,61741203456,23277338624,61394685952,61394690560,668106240,0,187633315840,121164242944,0
1791585307.2165625,0.6379065643996,61716369408,0,61741203456,23277338624,61394685952,61394690560,668196352,0,187633295360,121164242944,0
1791585307.8533528,0.6366398986428976,61716484096,0,61741203456,23277338624,61394685952,61394690560,668311040,0,187632963584,121164242944,0
1791585308.4996052,0.6461048014461994,61716570112,0,61741203456,23277338624,61394685952,61394690560,668397056,0,187632746496,121164242944,0
1791585309.1496658,0.6499091126024723,61716692992,0,61741203456,23277338624,61394685952,61394690560,668519936,0,187633102848,121164242944,0
1791585309.789537,0.6397292837500572,61716774912,0,61741203456,23277338624,61394685952,61394690560,668601856,0,187633393664,121164242944,0
1791585310.429083,0.6394083686172962,61716897792,0,61741203456,23277338624,61394685952,61394690560,668724736,0,187633524736,121164242944,0
1791585311.0667071,0.6375231202691793,61716905984,0,61741203456,23277338624,61394685952,61394690560,668732928,0,187633283072,121164242944,0
1791585311.703061,0.6362111326307058,61716910080,0,61741203456,23277338624,61394685952,61394690560,668737024,0,187633344512,121164242944,0
1791585312.3416476,0.6384600196033716,61716918272,0,61741203456,23277338624,61394685952,61394690560,668745216,0,187633442816,121164242944,0
1791585312.9781182,0.6363316886126995,61716926464,0,61741203456,23277338624,61394685952,61394690560,668753408,0,187634061312,121164242944,0
1791585313.6198301,0.6415638737380505,61716930560,0,61741203456,23277338624,61394685952,61394690560,668757504,0,187633881088,121164242944,0
1791585314.2569087,0.6369387563318014,61716938752,0,61741203456,23277338624,61394685952,61394690560,668765696,0,187634647040,121164242944,0
1791585314.89282,0.6357722897082567,61716951040,0,61741203456,23277338624,61394685952,61394690560,668777984,0,187634262016,121164500992,0
1791585315.5296707,0.6367005053907633,61716955136,0,61741203456,23277338624,61394685952,61394690560,668782080,0,187634016256,121164500992,0
1791585316.1725972,0.642779715359211,61716963328,0,61741203456,23277338624,61394685952,61394690560,668790272,0,187633750016,121164500992,0
1791585316.81395,0.6412130314856768,61716963328,0,61741203456,23277338624,61394685952,61394690560,668790272,0,187632332800,121164500992,0
1791585317.4606433,0.6465510111302137,61716037632,0,61741203456,23277338624,61394685952,61394690560,667864576,0,187632615424,121164500992,0
1791585318.447611,0.9868189189583063,61716041728,0,61741203456,23277338624,61394685952,61394690560,667868672,0,187632631808,121164500992,0
1791585319.2121878,0.7644338589161634,61716127744,0,61741203456,23277338624,61394685952,61394690560,667954688,0,187632865280,121164500992,0
1791585319.8506722,0.6383409481495619,61716242432,0,61741203456,23277338624,61394685952,61394690560,668069376,0,187633319936,121164500992,0
1791585320.4986157,0.6477966699749231,61716332544,0,61741203456,23277338624,61394685952,61394690560,668159488,0,187633426432,121164431360,0
1791585321.1395528,0.6407917067408562,61716447232,0,61741203456,23277338624,61394685952,61394690560,668274176,0,187633291264,121164431360,0
1791585321.777225,0.6375313699245453,61716537344,0,61741203456,23277338624,61394685952,61394690560,668364288,0,187632988160,121164431360,0
1791585322.4202816,0.6429178081452847,61716652032,0,61741203456,23277338624,61394685952,61394690560,668478976,0,187633336320,121164431360,0
1791585323.0643902,0.6439662594348192,61716742144,0,61741203456,23277338624,61394685952,61394690560,668569088,0,187633332224,121164431360,0
1791585323.7184498,0.6539198402315378,61716856832,0,61741203456,23277338624,61394685952,61394690560,668683776,0,187633324032,121164431360,0
1791585324.3644824,0.6458823047578335,61716856832,0,61741203456,23277338624,61394685952,61394690560,668683776,0,187632345088,121164431360,0
1791585325.0108237,0.6461972203105688,61716054016,0,61741203456,23277338624,61394685952,61394690560,667880960,0,187632541696,121164431360,0
1791585325.6500552,0.6390803661197424,61716058112,0,61741203456,23277338624,61394685952,61394690560,667885056,0,187632779264,121164046336,0
1791585326.3035579,0.6533706076443195,61716148224,0,61741203456,23277338624,61394685952,61394690560,667975168,0,187633049600,121164046336,0
1791585326.9415698,0.6378595940768719,61716262912,0,61741203456,23277338624,61394685952,61394690560,668089856,0,187633139712,121164046336,0
1791585327.58445,0.6427300870418549,61716353024,0,61741203456,23277338624,61394685952,61394690560,668179968,0,187633451008,121164046336,0
1791585328.2282739,0.6436807401478291,61716467712,0,61741203456,23277338624,61394685952,61394690560,668294656,0,187633176576,121164046336,0
1791585328.8713965,0.6429818831384182,61716557824,0,61741203456,23277338624,61394685952,61394690560,668384768,0,187633041408,121164046336,0
1791585329.5199075,0.64837178401649,61716672512,0,61741203456,23277338624,61394685952,61394690560,668499456,0,187633004544,121164046336,0
1791585330.1545322,0.6344886906445026,61716762624,0,61741203456,23277338624,61394685952,61394690560,668589568,0,187633266688,121164046336,0
1791585330.7967544,0.6420820392668247,61716877312,0,61741203456,23277338624,61394685952,61394690560,668704256,0,187633336320,121164046336,0
1791585331.4400043,0.6431103404611349,61716877312,0,61741203456,23277338624,61394685952,61394690560,668704256,0,187632463872,121164046336,0
1791585332.0784938,0.6383491791784763,61716066304,0,61741203456,23277338624,61394685952,61394690560,667893248,0,187632492544,121164046336,0
1791585332.7196088,0.6409688536077738,61716070400,0,61741203456,23277338624,61394685952,61394690560,667897344,0,187632386048,121164046336,0
1791585333.3739495,0.6541933659464121,61716160512,0,61741203456,23277338624,61394685952,61394690560,667987456,0,187632398336,121164046336,0
1791585334.011558,0.6374617107212543,61716275200,0,61741203456,23277338624,61394685952,61394690560,668102144,0,187633016832,121164046336,0
1791585334.6530273,0.6413177754729986,61716365312,0,61741203456,23277338624,61394685952,61394690560,668192256,0,187633303552,121164046336,0
1791585335.2943814,0.6412003971636295,61716480000,0,61741203456,23277338624,61394685952,61394690560,668306944,0,187633700864,121164046336,0
1791585335.930223,0.6356919892132282,61716570112,0,61741203456,23277338624,61394685952,61394690560,668397056,0,187633557504,121164046336,0
1791585336.585724,0.6553506758064032,61716684800,0,61741203456,23277338624,61394685952,61394690560,668511744,0,187633266688,121164046336,0
1791585337.2581224,0.6722577922046185,61716774912,0,61741203456,23277338624,61394685952,61394690560,668601856,0,187633545216,121164046336,0
1791585337.9055722,0.6472994554787874,61716889600,0,61741203456,23277338624,61394685952,61394690560,668716544,0,187633635328,121164046336,0
1791585338.5466218,0.6409022398293018,61716889600,0,61741203456,23277338624,61394685952,61394690560,668716544,0,187633197056,121164046336,0
1791585339.1877315,0.6409574635326862,61716074496,0,61741203456,23277338624,61394685952,61394690560,667901440,0,187632861184,121164046336,0
1791585339.8382277,0.6503441296517849,61716082688,0,61741203456,23277338624,61394685952,61394690560,667909632,0,187632672768,121164046336,0
1791585340.4762383,0.6378616560250521,61716168704,0,61741203456,23277338624,61394685952,61394690560,667995648,0,187633008640,121164046336,0
1791585341.1316133,0.6552240494638681,61716291584,0,61741203456,23277338624,61394685952,61394690560,668118528,0,187633004544,121164046336,0
1791585341.7796638,0.6479094512760639,61716373504,0,61741203456,23277338624,61394685952,61394690560,668200448,0,187632996352,121164046336,0
1791585342.4206529,0.6408496648073196,61716496384,0,61741203456,23277338624,61394685952,61394690560,668323328,0,187632832512,121164046336,0
1791585343.0628977,0.6421058550477028,61716578304,0,61741203456,23277338624,61394685952,61394690560,668405248,0,187632783360,121164046336,0
1791585343.701858,0.6387770157307386,61716701184,0,61741203456,23277338624,61394685952,61394690560,668528128,0,187633111040,121164046336,0
1791585344.3397496,0.6377525497227907,61716783104,0,61741203456,23277338624,61394685952,61394690560,668610048,0,187633131520,121164046336,0
1791585344.9898765,0.6499817594885826,61716905984,0,61741203456,23277338624,61394685952,61394690560,668732928,0,187633446912,121164046336,0
1791585345.6298258,0.6398064084351063,61716914176,0,61741203456,23277338624,61394685952,61394690560,668741120,0,187633319936,121164046336,0
1791585346.279882,0.6499137505888939,61716918272,0,61741203456,23277338624,61394685952,61394690560,668745216,0,187633418240,121164046336,0
1791585346.9210672,0.6410425007343292,61716922368,0,61741203456,23277338624,61394685952,61394690560,668749312,0,187633426432,121164046336,0
1791585347.558421,0.6372350212186575,61716930560,0,61741203456,23277338624,61394685952,61394690560,668757504,0,187633520640,121164046336,0
1791585348.2122512,0.653686648234725,61716934656,0,61741203456,23277338624,61394685952,61394690560,668761600,0,187633172480,121164046336,0
1791585348.89066,0.6782632786780596,61716938752,0,61741203456,23277338624,61394685952,61394690560,668765696,0,187633262592,121164046336,0
1791585349.5319474,0.6411387361586094,61716946944,0,61741203456,23277338624,61394685952,61394690560,668773888,0,187633303552,121164046336,0
1791585350.1796677,0.6475686710327864,61716951040,0,61741203456,23277338624,61394685952,61394690560,668777984,0,187633262592,121164046336,0
1791585351.0410333,0.8612112384289503,61716955136,0,61741203456,23277338624,61394685952,61394690560,668782080,0,187633197056,121164046336,0
1791585351.692059,0.650872265920043,61716955136,0,61741203456,23277338624,61394685952,61394690560,668782080,0,187632500736,121164046336,0
1791585352.3302076,0.6380219981074333,61716041728,0,61741203456,23277338624,61394685952,61394690560,667868672,0,187632500736,121164046336,0
1791585352.9771554,0.6467973254621029,61716045824,0,61741203456,23277338624,61394685952,61394690560,667872768,0,187632250880,121164046336,0
1791585353.6135356,0.6362335719168186,61716131840,0,61741203456,23277338624,61394685952,61394690560,667958784,0,187632533504,121164046336,0
1791585354.2541294,0.640448484569788,61716246528,0,61741203456,23277338624,61394685952,61394690560,668073472,0,187632885760,121164046336,0
1791585355.0195942,0.765244085341692,61716336640,0,61741203456,23277338624,61394685952,61394690560,668163584,0,187633016832,121164046336,0
1791585355.6598902,0.6401471961289644,61716451328,0,61741203456,23277338624,61394685952,61394690560,668278272,0,187632955392,121164046336,0
1791585356.3053105,0.6452807765454054,61716541440,0,61741203456,23277338624,61394685952,61394690560,668368384,0,187632959488,121164046336,0
1791585356.948627,0.6431736573576927,61716656128,0,61741203456,23277338624,61394685952,61394690560,668483072,0,187633274880,121164046336,0
1791585357.5899367,0.6411665976047516,61716746240,0,61741203456,23277338624,61394685952,61394690560,668573184,0,187633147904,121164046336,0
1791585358.2379706,0.6478948257863522,61716860928,0,61741203456,23277338624,61394685952,61394690560,668687872,0,187633016832,121164046336,0
1791585358.884816,0.6467011291533709,61716860928,0,61741203456,23277338624,61394685952,61394690560,668687872,0,187632218112,121164046336,0
1791585359.5322907,0.6473255529999733,61716058112,0,61741203456,23277338624,61394685952,61394690560,667885056,0,187632750592,121164046336,0
1791585360.1811242,0.6486865319311619,61716062208,0,61741203456,23277338624,61394685952,61394690560,667889152,0,187632873472,121164046336,0
1791585360.8232708,0.6419914364814758,61716152320,0,61741203456,23277338624,61394685952,61394690560,667979264,0,187632480256,121164046336,0
1791585361.4641743,0.6407516058534384,61716267008,0,61741203456,23277338624,61394685952,61394690560,668093952,0,187632525312,121164046336,0
1791585362.1181033,0.6537766046822071,61716357120,0,61741203456,23277338624,61394685952,61394690560,668184064,0,187632570368,121164046336,0
1791585362.7582347,0.6399775221943855,61716471808,0,61741203456,23277338624,61394685952,61394690560,668298752,0,187632660480,121164046336,0
1791585363.4005346,0.6421519797295332,61716561920,0,61741203456,23277338624,61394685952,61394690560,668388864,0,187632939008,121164046336,0
1791585364.0447211,0.644036402925849,61716676608,0,61741203456,23277338624,61394685952,61394690560,668503552,0,187633029120,121164046336,0
1791585364.6914058,0.6465361639857292,61716766720,0,61741203456,23277338624,61394685952,61394690560,668593664,0,187633319936,121164046336,0
1791585365.3845978,0.6930431704968214,61716881408,0,61741203456,23277338624,61394685952,61394690560,668708352,0,187633500160,121164046336,0
1791585366.022011,0.63726706802845,61716881408,0,61741203456,23277338624,61394685952,61394690560,668708352,0,187632627712,121164046336,0
1791585366.659651,0.6374952755868435,61716070400,0,61741203456,23277338624,61394685952,61394690560,667897344,0,187632648192,121164046336,0
1791585367.3058946,0.6461037714034319,61716074496,0,61741203456,23277338624,61394685952,61394690560,667901440,0,187632738304,121164046336,0
1791585367.9429266,0.636890597641468,61716164608,0,61741203456,23277338624,61394685952,61394690560,667991552,0,187633016832,121164046336,0
1791585368.587979,0.6449086870998144,61716279296,0,61741203456,23277338624,61394685952,61394690560,668106240,0,187633057792,121164046336,0
1791585369.5107133,0.9225921425968409,61716369408,0,61741203456,23277338624,61394685952,61394690560,668196352,0,187632771072,121164046336,0
1791585370.247579,0.7367247678339481,61716484096,0,61741203456,23277338624,61394685952,61394690560,668311040,0,187649069056,121164046336,0
1791585370.8903415,0.6426145881414413,61716574208,0,61741203456,23277338624,61394685952,61394690560,668401152,0,187633438720,121164046336,0
1791585371.5294409,0.6389497853815556,61716688896,0,61741203456,23277338624,61394685952,61394690560,668515840,0,187633463296,121164046336,0
1791585372.245706,0.7161113638430834,61716774912,0,61741203456,23277338624,61394685952,61394690560,668601856,0,187633061888,121164046336,0
1791585372.885966,0.6401074752211571,61716897792,0,61741203456,23277338624,61394685952,61394690560,668724736,0,187633344512,121164046336,0
1791585373.531339,0.6452163122594357,61716897792,0,61741203456,23277338624,61394685952,61394690560,668724736,0,187632111616,121164046336,0
1791585374.1736395,0.6421486679464579,61716078592,0,61741203456,23277338624,61394685952,61394690560,667905536,0,187632578560,121164046336,0
1791585374.8080525,0.6342663541436195,61716086784,0,61741203456,23277338624,61394685952,61394690560,667913728,0,187632402432,121164046336,0
1791585375.4555264,0.6473385896533728,61716168704,0,61741203456,23277338624,61394685952,61394690560,667995648,0,187632717824,121164046336,0
1791585376.0918155,0.6361357234418392,61716291584,0,61741203456,23277338624,61394685952,61394690560,668118528,0,187633061888,121164046336,0
1791585376.7386575,0.6466954853385687,61716373504,0,61741203456,23277338624,61394685952,61394690560,668200448,0,187633315840,121164046336,0
1791585377.3808448,0.6420363560318947,61716496384,0,61741203456,23277338624,61394685952,61394690560,668323328,0,187633020928,121164046336,0
1791585378.0224576,0.6414683759212494,61716578304,0,61741203456,23277338624,61394685952,61394690560,668405248,0,187633664000,121164046336,0
1791585378.6611865,0.6385893393307924,61716701184,0,61741203456,23277338624,61394685952,61394690560,668528128,0,187633496064,121164476416,0
1791585379.2994778,0.6381540298461914,61716783104,0,61741203456,23277338624,61394685952,61394690560,668610048,0,187633668096,121164476416,0
1791585379.9492292,0.6496002972126007,61716905984,0,61741203456,23277338624,61394685952,61394690560,668732928,0,187633844224,121164476416,0
1791585380.5876822,0.6383019238710403,61716914176,0,61741203456,23277338624,61394685952,61394690560,668741120,0,187634245632,121164476416,0
1791585381.2301242,0.6422932166606188,61716918272,0,61741203456,23277338624,61394685952,61394690560,668745216,0,187634339840,121164476416,0
1791585381.8761294,0.6458510812371969,61716922368,0,61741203456,23277338624,61394685952,61394690560,668749312,0,187634216960,121164476416,0
1791585382.5173345,0.6410484630614519,61716930560,0,61741203456,23277338624,61394685952,61394690560,668757504,0,187634225152,121164476416,0
1791585383.1629684,0.6454656347632408,61716934656,0,61741203456,23277338624,61394685952,61394690560,668761600,0,187633729536,121164300288,0
1791585383.8060536,0.642863692715764,61716938752,0,61741203456,23277338624,61394685952,61394690560,668765696,0,187633758208,121164300288,0
1791585384.4495428,0.6433557663112879,61716946944,0,61741203456,23277338624,61394685952,61394690560,668773888,0,187633340416,121164300288,0
1791585385.0944026,0.6446978114545345,61716951040,0,61741203456,23277338624,61394685952,61394690560,668777984,0,187634044928,121164242944,0
1791585385.7333796,0.6388236340135336,61716955136,0,61741203456,23277338624,61394685952,61394690560,668782080,0,187633889280,121164242944,0
1791585386.3822675,0.6487428043037653,61716955136,0,61741203456,23277338624,61394685952,61394690560,668782080,0,187633188864,121164242944,0
1791585387.0230582,0.6406406369060278,61716045824,0,61741203456,23277338624,61394685952,61394690560,667872768,0,187633205248,121164242944,0
1791585387.660561,0.6373732890933752,61716049920,0,61741203456,23277338624,61394685952,61394690560,667876864,0,187633295360,121164242944,0
1791585388.3116698,0.650960760191083,61716135936,0,61741203456,23277338624,61394685952,61394690560,667962880,0,187633319936,121164242944,0
1791585388.950392,0.6385824419558048,61716250624,0,61741203456,23277338624,61394685952,61394690560,668077568,0,187633106944,121164242944,0
1791585389.6011605,0.6506232041865587,61716340736,0,61741203456,23277338624,61394685952,61394690560,668167680,0,187633332224,121164242944,0
1791585390.2523143,0.6509925797581673,61716455424,0,61741203456,23277338624,61394685952,61394690560,668282368,0,187632984064,121164242944,0
1791585390.8911686,0.6387052144855261,61716545536,0,61741203456,23277338624,61394685952,61394690560,668372480,0,187633537024,121164242944,0
1791585391.5335557,0.642233032733202,61716660224,0,61741203456,23277338624,61394685952,61394690560,668487168,0,187633893376,121164242944,0
1791585392.1763835,0.6426783017814159,61716750336,0,61741203456,23277338624,61394685952,61394690560,668577280,0,187633422336,121164242944,0
1791585392.814352,0.6378238033503294,61716865024,0,61741203456,23277338624,61394685952,61394690560,668691968,0,187633508352,121164242944,0
1791585393.461283,0.6467851642519236,61716865024,0,61741203456,23277338624,61394685952,61394690560,668691968,0,187632635904,121164242944,0
1791585394.1004648,0.6390353962779045,61716062208,0,61741203456,23277338624,61394685952,61394690560,667889152,0,187632631808,121164242944,0
1791585394.74681,0.646198607981205,61716066304,0,61741203456,23277338624,61394685952,61394690560,667893248,0,187632721920,121164242944,0
1791585395.3861465,0.639188701286912,61716156416,0,61741203456,23277338624,61394685952,61394690560,667983360,0,187632267264,121164242944,0
1791585396.09834,0.7119372338056564,61716271104,0,61741203456,23277338624,61394685952,61394690560,668098048,0,187632799744,121164242944,0
1791585396.7396576,0.6411711126565933,61716361216,0,61741203456,23277338624,61394685952,61394690560,668188160,0,187633012736,121164242944,0
1791585397.3781898,0.6383865624666214,61716475904,0,61741203456,23277338624,61394685952,61394690560,668302848,0,187633102848,121164242944,0
1791585398.022134,0.6437950003892183,61716566016,0,61741203456,23277338624,61394685952,61394690560,668392960,0,187633102848,121164242944,0
1791585398.6962888,0.6740013603121042,61716680704,0,61741203456,23277338624,61394685952,61394690560,668507648,0,187632914432,121164242944,0
1791585399.3346734,0.638240747153759,61716770816,0,61741203456,23277338624,61394685952,61394690560,668597760,0,187633192960,121164242944,0
1791585399.9798176,0.6449912171810865,61716885504,0,61741203456,23277338624,61394685952,61394690560,668712448,0,187632955392,121164242944,0
1791585400.619103,0.6391388550400734,61716885504,0,61741203456,23277338624,61394685952,61394690560,668712448,0,187632455680,121164242944,0
1791585401.2618337,0.6425758544355631,61716074496,0,61741203456,23277338624,61394685952,61394690560,667901440,0,187632476160,121164242944,0
1791585401.9044757,0.6424859315156937,61716078592,0,61741203456,23277338624,61394685952,61394690560,667905536,0,187632304128,121164242944,0
1791585402.5427666,0.6381424088031054,61716168704,0,61741203456,23277338624,61394685952,61394690560,667995648,0,187632578560,121164242944,0
1791585403.1938365,0.6509186457842588,61716283392,0,61741203456,23277338624,61394685952,61394690560,668110336,0,187632656384,121164242944,0
1791585403.8317153,0.6377301812171936,61716373504,0,61741203456,23277338624,61394685952,61394690560,668200448,0,187632922624,121164242944,0
1791585404.4799106,0.6480458211153746,61716488192,0,61741203456,23277338624,61394685952,61394690560,668315136,0,187633397760,121164242944,0
1791585405.1216836,0.6416240483522415,61716574208,0,61741203456,23277338624,61394685952,61394690560,668401152,0,187633471488,121164242944,0
1791585405.764804,0.6429758984595537,61716697088,0,61741203456,23277338624,61394685952,61394690560,668524032,0,187633860608,121164242944,0
1791585406.4133477,0.6483983788639307,61716779008,0,61741203456,23277338624,61394685952,61394690560,668605952,0,187633307648,121164242944,0
1791585407.0521383,0.6386367287486792,61716901888,0,61741203456,23277338624,61394685952,61394690560,668728832,0,187633471488,121164242944,0
1791585407.7018964,0.6495997179299593,61716910080,0,61741203456,23277338624,61394685952,61394690560,668737024,0,187633131520,121164242944,0
1791585408.347635,0.6455925591289997,61716914176,0,61741203456,23277338624,61394685952,61394690560,668741120,0,187633127424,121164242944,0
1791585408.9908617,0.643072847276926,61716922368,0,61741203456,23277338624,61394685952,61394690560,668749312,0,187633152000,121164242944,0
1791585409.640763,0.6497513260692358,61716930560,0,61741203456,23277338624,61394685952,61394690560,668757504,0,187633246208,121164242944,0
1791585410.2795818,0.6386677287518978,61716934656,0,61741203456,23277338624,61394685952,61394690560,668761600,0,187633614848,121164242944,0
1791585410.9281323,0.6484077479690313,61716942848,0,61741203456,23277338624,61394685952,61394690560,668769792,0,187633168384,121164242944,0
1791585411.564968,0.6366827543824911,61716951040,0,61741203456,23277338624,61394685952,61394690560,668777984,0,187633528832,121164242944,0
1791585412.2049952,0.6398810986429453,61716955136,0,61741203456,23277338624,61394685952,61394690560,668782080,0,187633430528,121164242944,0
1791585412.8439934,0.6388505082577467,61716963328,0,61741203456,23277338624,61394685952,61394690560,668790272,0,187633315840,121164242944,0
1791585413.4832292,0.6390884276479483,61716963328,0,61741203456,23277338624,61394685952,61394690560,668790272,0,187632328704,121164242944,0
1791585414.1280532,0.6446718033403158,61716037632,0,61741203456,23277338624,61394685952,61394690560,667864576,0,187632545792,121164242944,0
1791585414.7730308,0.644846361130476,61716041728,0,61741203456,23277338624,61394685952,61394690560,667868672,0,187632463872,121164242944,0
1791585415.4121687,0.6389840450137854,61716127744,0,61741203456,23277338624,61394685952,61394690560,667954688,0,187632771072,121164242944,0
1791585416.0619557,0.6496355663985014,61716242432,0,61741203456,23277338624,61394685952,61394690560,668069376,0,187632660480,121164242944,0
1791585416.701222,0.6391137521713972,61716332544,0,61741203456,23277338624,61394685952,61394690560,668159488,0,187632676864,121164242944,0
1791585417.3526032,0.6512261871248484,61716447232,0,61741203456,23277338624,61394685952,61394690560,668274176,0,187633008640,121164242944,0
1791585417.996533,0.643781466409564,61716537344,0,61741203456,23277338624,61394685952,61394690560,668364288,0,187633553408,121164242944,0
1791585418.6346881,0.6380107086151838,61716652032,0,61741203456,23277338624,61394685952,61394690560,668478976,0,187633651712,121164242944,0
1791585419.2828887,0.6480495426803827,61716742144,0,61741203456,23277338624,61394685952,61394690560,668569088,0,187633582080,121164242944,0
1791585419.9233537,0.640318438410759,61716856832,0,61741203456,23277338624,61394685952,61394690560,668683776,0,187633197056,121164242944,0
1791585420.568629,0.645131004974246,61716856832,0,61741203456,23277338624,61394685952,61394690560,668683776,0,187632951296,121164242944,0
1791585421.211077,0.6422980334609747,61716054016,0,61741203456,23277338624,61394685952,61394690560,667880960,0,187632435200,121164242944,0
1791585421.8636918,0.6525047365576029,61716058112,0,61741203456,23277338624,61394685952,61394690560,667885056,0,187632353280,121164242944,0
1791585422.5105305,0.6466969344764948,61716148224,0,61741203456,23277338624,61394685952,61394690560,667975168,0,187632361472,121164242944,0
1791585423.150277,0.6395929604768753,61716262912,0,61741203456,23277338624,61394685952,61394690560,668089856,0,187632590848,121164242944,0
1791585423.79513,0.6447061467915773,61716353024,0,61741203456,23277338624,61394685952,61394690560,668179968,0,187632877568,121164242944,0
1791585424.4429138,0.6475915797054768,61716467712,0,61741203456,23277338624,61394685952,61394690560,668294656,0,187632975872,121164242944,0
1791585425.083398,0.6403343323618174,61716557824,0,61741203456,23277338624,61394685952,61394690560,668384768,0,187633344512,121164242944,0
1791585425.7366047,0.653058934956789,61716672512,0,61741203456,23277338624,61394685952,61394690560,668499456,0,187633704960,121164242944,0
1791585426.3741646,0.6374147888273001,61716762624,0,61741203456,23277338624,61394685952,61394690560,668589568,0,187633340416,121164242944,0
1791585427.024893,0.650574317201972,61716877312,0,61741203456,23277338624,61394685952,61394690560,668704256,0,187633385472,121164242944,0
1791585427.6656327,0.6406012997031212,61716877312,0,61741203456,23277338624,61394685952,61394690560,668704256,0,187632488448,121164242944,0
1791585428.3131962,0.6474188007414341,61716066304,0,61741203456,23277338624,61394685952,61394690560,667893248,0,187632619520,121164242944,0
1791585428.991717,0.6783671956509352,61716070400,0,61741203456,23277338624,61394685952,61394690560,667897344,0,187632553984,121164242944,0
1791585429.63025,0.6383831072598696,61716160512,0,61741203456,23277338624,61394685952,61394690560,667987456,0,187632656384,121164242944,0
1791585430.2766752,0.6462746113538742,61716275200,0,61741203456,23277338624,61394685952,61394690560,668102144,0,187633201152,121164242944,0
1791585430.9223027,0.6454772539436817,61716365312,0,61741203456,23277338624,61394685952,61394690560,668192256,0,187633205248,121164242944,0
1791585431.5595798,0.6371349282562733,61716480000,0,61741203456,23277338624,61394685952,61394690560,668306944,0,187633172480,121164242944,0
1791585432.2159505,0.6562172658741474,61716570112,0,61741203456,23277338624,61394685952,61394690560,668397056,0,187633041408,121164242944,0
1791585432.8588333,0.6427350807935,61716684800,0,61741203456,23277338624,61394685952,61394690560,668511744,0,187633364992,121164242944,0
1791585433.5039973,0.6450166888535023,61716774912,0,61741203456,23277338624,61394685952,61394690560,668601856,0,187633389568,121164242944,0
1791585434.153833,0.6496754568070173,61716889600,0,61741203456,23277338624,61394685952,61394690560,668716544,0,187633475584,121164242944,0
1791585434.956762,0.8027749452739954,61716889600,0,61741203456,23277338624,61394685952,61394690560,668716544,0,187632640000,121164242944,0
1791585435.6110315,0.6541177816689014,61716074496,0,61741203456,23277338624,61394685952,61394690560,667901440,0,187632816128,121164242944,0
1791585436.2536166,0.6424326281994581,61716082688,0,61741203456,23277338624,61394685952,61394690560,667909632,0,187632906240,121164242944,0
1791585436.9003096,0.6465447060763836,61716168704,0,61741203456,23277338624,61394685952,61394690560,667995648,0,187632414720,121164242944,0
1791585437.5416632,0.6412045881152153,61716291584,0,61741203456,23277338624,61394685952,61394690560,668118528,0,187632508928,121164242944,0
1791585438.1902108,0.6483979895710945,61716373504,0,61741203456,23277338624,61394685952,61394690560,668200448,0,187632934912,121164242944,0
1791585438.8384962,0.6481328550726175,61716496384,0,61741203456,23277338624,61394685952,61394690560,668323328,0,187633065984,121164242944,0
1791585439.4796019,0.6409494932740927,61716578304,0,61741203456,23277338624,61394685952,61394690560,668405248,0,187632992256,121164242944,0
1791585440.1243694,0.6446178760379553,61716701184,0,61741203456,23277338624,61394685952,61394690560,668528128,0,187633598464,121164242944,0
1791585440.7711139,0.6466029528528452,61716783104,0,61741203456,23277338624,61394685952,61394690560,668610048,0,187633426432,121164242944,0
1791585441.411316,0.6400584392249584,61716905984,0,61741203456,23277338624,61394685952,61394690560,668732928,0,187633754112,121164242944,0
1791585442.060993,0.649529155343771,61716914176,0,61741203456,23277338624,61394685952,61394690560,668741120,0,187633741824,121164242944,0
1791585442.7007844,0.6396513525396585,61716918272,0,61741203456,23277338624,61394685952,61394690560,668745216,0,187633836032,121164242944,0
1791585443.3446321,0.6437079943716526,61716922368,0,61741203456,23277338624,61394685952,61394690560,668749312,0,187633438720,121164242944,0
1791585443.9826283,0.6378546133637428,61716930560,0,61741203456,23277338624,61394685952,61394690560,668757504,0,187633180672,121164242944,0
1791585444.6268358,0.6440667156130075,61716934656,0,61741203456,23277338624,61394685952,61394690560,668761600,0,187633278976,121164242944,0
1791585445.2722926,0.6453048307448626,61716938752,0,61741203456,23277338624,61394685952,61394690560,668765696,0,187633684480,121164242944,0
1791585445.9090977,0.6366585697978735,61716946944,0,61741203456,23277338624,61394685952,61394690560,668773888,0,187633741824,121164242944,0
1791585446.5459738,0.636725440621376,61716951040,0,61741203456,23277338624,61394685952,61394690560,668777984,0,187633823744,121164242944,0
1791585447.1908917,0.6447676103562117,61716955136,0,61741203456,23277338624,61394685952,61394690560,668782080,0,187633848320,121164242944,0
1791585447.8277326,0.6366866268217564,61716955136,0,61741203456,23277338624,61394685952,61394690560,668782080,0,187632889856,121164242944,0
1791585448.4716256,0.6437474992126226,61716041728,0,61741203456,23277338624,61394685952,61394690560,667868672,0,187632910336,121164242944,0
1791585449.1104398,0.6386677715927362,61716045824,0,61741203456,23277338624,61394685952,61394690560,667872768,0,187632988160,121164242944,0
1791585449.7542188,0.6436316836625338,61716131840,0,61741203456,23277338624,61394685952,61394690560,667958784,0,187633266688,121164242944,0
1791585450.4038212,0.6494545117020607,61716246528,0,61741203456,23277338624,61394685952,61394690560,668073472,0,187633225728,121164242944,0
1791585451.0424738,0.638510012999177,61716336640,0,61741203456,23277338624,61394685952,61394690560,668163584,0,187633369088,121164242944,0
1791585451.6841047,0.6414829194545746,61716451328,0,61741203456,23277338624,61394685952,61394690560,668278272,0,187633201152,121164242944,0
1791585452.323624,0.6393651813268661,61716541440,0,61741203456,23277338624,61394685952,61394690560,668368384,0,187633426432,121164242944,0
1791585452.9617012,0.6379303466528654,61716656128,0,61741203456,23277338624,61394685952,61394690560,668483072,0,187633500160,121164242944,0
1791585453.603301,0.6414488237351179,61716746240,0,61741203456,23277338624,61394685952,61394690560,668573184,0,187633782784,121164242944,0
1791585454.2431204,0.639671390876174,61716860928,0,61741203456,23277338624,61394685952,61394690560,668687872,0,187633225728,121164242944,0
1791585454.891183,0.6479162573814392,61716860928,0,61741203456,23277338624,61394685952,61394690560,668687872,0,187632218112,121164242944,0
1791585455.536215,0.644891707226634,61716058112,0,61741203456,23277338624,61394685952,61394690560,667885056,0,187632197632,121164242944,0
1791585456.173552,0.6371950674802065,61716062208,0,61741203456,23277338624,61394685952,61394690560,667889152,0,187632275456,121164242944,0
1791585456.8182244,0.6445309277623892,61716152320,0,61741203456,23277338624,61394685952,61394690560,667979264,0,187632799744,121164242944,0
1791585457.4563408,0.6379620730876923,61716267008,0,61741203456,23277338624,61394685952,61394690560,668093952,0,187632865280,121164242944,0
1791585458.1047778,0.6482777278870344,61716357120,0,61741203456,23277338624,61394685952,61394690560,668184064,0,187632820224,121164242944,0
1791585458.7499225,0.6449907775968313,61716471808,0,61741203456,23277338624,61394685952,61394690560,668298752,0,187633172480,121164242944,0
1791585459.3904963,0.6404261607676744,61716561920,0,61741203456,23277338624,61394685952,61394690560,668388864,0,187632877568,121164242944,0
1791585460.0419464,0.6513088215142488,61716742144,0,61741203456,23277338624,61394685952,61394690560,668569088,0,187649531904,121164242944,0
1791585460.6810737,0.6389788556843996,61716832256,0,61741203456,23277338624,61394685952,61394690560,668659200,0,187633709056,121164242944,0
1791585461.3307097,0.649520855396986,61716946944,0,61741203456,23277338624,61394685952,61394690560,668773888,0,187633508352,121164242944,0
1791585462.012561,0.6817032732069492,61716946944,0,61741203456,23277338624,61394685952,61394690560,668773888,0,187632447488,121164242944,0
1791585462.6524081,0.6397003885358572,61716135936,0,61741203456,23277338624,61394685952,61394690560,667962880,0,187632738304,121164242944,0
1791585463.2977448,0.6451842598617077,61716140032,0,61741203456,23277338624,61394685952,61394690560,667966976,0,187632660480,121164242944,0
1791585463.9344876,0.6366005409508944,61716230144,0,61741203456,23277338624,61394685952,61394690560,668057088,0,187632943104,121164242944,0
1791585464.5708902,0.6362567394971848,61716344832,0,61741203456,23277338624,61394685952,61394690560,668171776,0,187633037312,121164242944,0
1791585465.2195902,0.6485619843006134,61716434944,0,61741203456,23277338624,61394685952,61394690560,668261888,0,187633135616,121164242944,0
1791585465.8569405,0.63720035366714,61716549632,0,61741203456,23277338624,61394685952,61394690560,668376576,0,187633205248,121164242944,0
1791585466.9075809,1.0504960492253304,61716639744,0,61741203456,23277338624,61394685952,61394690560,668466688,0,187633201152,121164242944,0
1791585467.5464184,0.6386973857879639,61716754432,0,61741203456,23277338624,61394685952,61394690560,668581376,0,187633287168,121164242944,0
1791585468.193498,0.6469336412847042,61716840448,0,61741203456,23277338624,61394685952,61394690560,668667392,0,187633577984,121164242944,0
1791585468.863257,0.6696169078350067,61716963328,0,61741203456,23277338624,61394685952,61394690560,668790272,0,187633266688,121164242944,0
1791585469.7916477,0.9282202012836933,61716963328,0,61741203456,23277338624,61394685952,61394690560,668790272,0,187632685056,121164242944,0
1791585470.6545706,0.8627483919262886,61716144128,0,61741203456,23277338624,61394685952,61394690560,667971072,0,187632570368,121164242944,0
1791585471.3028405,0.6481261420994997,61716152320,0,61741203456,23277338624,61394685952,61394690560,667979264,0,187632562176,121164242944,0
1791585471.9465299,0.6435374729335308,61716234240,0,61741203456,23277338624,61394685952,61394690560,668061184,0,187632549888,121164242944,0
1791585472.5884986,0.6418212801218033,61716357120,0,61741203456,23277338624,61394685952,61394690560,668184064,0,187632705536,121164242944,0
1791585473.234306,0.6456564664840698,61716439040,0,61741203456,23277338624,61394685952,61394690560,668265984,0,187632918528,121164242944,0
1791585473.8762496,0.6417964641004801,61716561920,0,61741203456,23277338624,61394685952,61394690560,668388864,0,187633786880,121164439552,0
1791585474.5169747,0.6405778042972088,61716643840,0,61741203456,23277338624,61394685952,61394690560,668470784,0,187633741824,121164439552,0
1791585475.1648028,0.6476703770458698,61716766720,0,61741203456,23277338624,61394685952,61394690560,668593664,0,187634008064,121164398592,0
1791585475.8043869,0.639436025172472,61716848640,0,61741203456,23277338624,61394685952,61394690560,668675584,0,187634024448,121164398592,0
1791585476.4487948,0.6442708149552345,61716971520,0,61741203456,23277338624,61394685952,61394690560,668798464,0,187633930240,121164398592,0
1791585477.0877976,0.638857351616025,61716979712,0,61741203456,23277338624,61394685952,61394690560,668806656,0,187634003968,121164398592,0
1791585477.7254,0.6374570745974779,61716983808,0,61741203456,23277338624,61394685952,61394690560,668810752,0,187634294784,121164398592,0
1791585478.371994,0.6464383192360401,61716987904,0,61741203456,23277338624,61394685952,61394690560,668814848,0,187634204672,121164242944,0
1791585479.0117257,0.6395926121622324,61716996096,0,61741203456,23277338624,61394685952,61394690560,668823040,0,187634298880,121164242944,0
1791585479.6554441,0.6435657553374767,61717000192,0,61741203456,23277338624,61394685952,61394690560,668827136,0,187634008064,121164242944,0
1791585480.2976782,0.6420905813574791,61717004288,0,61741203456,23277338624,61394685952,61394690560,668831232,0,187634335744,121164242944,0
1791585480.9330611,0.6352420672774315,61717012480,0,61741203456,23277338624,61394685952,61394690560,668839424,0,187634544640,121164242944,0
1791585481.5740402,0.6408516597002745,61717016576,0,61741203456,23277338624,61394685952,61394690560,668843520,0,187634270208,121164242944,0
1791585482.2118497,0.63766467012465,61717020672,0,61741203456,23277338624,61394685952,61394690560,668847616,0,187634114560,121164242944,0
1791585482.8510807,0.6390791460871696,61717020672,0,61741203456,23277338624,61394685952,61394690560,668847616,0,187632951296,121164242944,0
1791585483.5178971,0.6667104139924049,61716111360,0,61741203456,23277338624,61394685952,61394690560,667938304,0,187632820224,121164242944,0
1791585484.1561956,0.6381482761353254,61716115456,0,61741203456,23277338624,61394685952,61394690560,667942400,0,187632803840,121164242944,0
1791585484.802471,0.6461215037852526,61716201472,0,61741203456,23277338624,61394685952,61394690560,668028416,0,187633004544,121164242944,0
1791585485.4429774,0.640352601185441,61716316160,0,61741203456,23277338624,61394685952,61394690560,668143104,0,187633143808,121164242944,0
1791585486.0810888,0.6379577908664942,61716406272,0,61741203456,23277338624,61394685952,61394690560,668233216,0,187633426432,121164242944,0
1791585486.7200224,0.6387818232178688,61716520960,0,61741203456,23277338624,61394685952,61394690560,668347904,0,187633217536,121164242944,0
1791585487.3594387,0.6392715312540531,61716611072,0,61741203456,23277338624,61394685952,61394690560,668438016,0,187632771072,121164242944,0
1791585488.0030596,0.643480921164155,61716725760,0,61741203456,23277338624,61394685952,61394690560,668552704,0,187632865280,121164242944,0
1791585488.6474717,0.6442833971232176,61716815872,0,61741203456,23277338624,61394685952,61394690560,668642816,0,187633131520,121164242944,0
1791585489.2851944,0.6375735644251108,61716930560,0,61741203456,23277338624,61394685952,61394690560,668757504,0,187633217536,121164242944,0
1791585489.9363272,0.6509822886437178,61716930560,0,61741203456,23277338624,61394685952,61394690560,668757504,0,187632422912,121164242944,0
1791585490.5738578,0.6373861338943243,61716127744,0,61741203456,23277338624,61394685952,61394690560,667954688,0,187633037312,121164242944,0
1791585491.2107203,0.6367179770022631,61716131840,0,61741203456,23277338624,61394685952,61394690560,667958784,0,187632865280,121164242944,0
1791585491.853916,0.6430473048239946,61716221952,0,61741203456,23277338624,61394685952,61394690560,668048896,0,187632726016,121164242944,0
1791585492.4927728,0.638712078332901,61716336640,0,61741203456,23277338624,61394685952,61394690560,668163584,0,187633045504,121164242944,0
1791585493.1795561,0.686635211110115,61716426752,0,61741203456,23277338624,61394685952,61394690560,668253696,0,187632517120,121164242944,0
1791585493.8167663,0.6370667405426502,61716541440,0,61741203456,23277338624,61394685952,61394690560,668368384,0,187632812032,121164242944,0
1791585494.4594207,0.6425030287355185,61716631552,0,61741203456,23277338624,61394685952,61394690560,668458496,0,187632807936,121164242944,0
1791585495.1008976,0.6413292083889246,61716746240,0,61741203456,23277338624,61394685952,61394690560,668573184,0,187633471488,121164242944,0
1791585495.7393322,0.6382843777537346,61716836352,0,61741203456,23277338624,61394685952,61394690560,668663296,0,187633467392,121164242944,0
1791585496.430703,0.6912204585969448,61716951040,0,61741203456,23277338624,61394685952,61394690560,668777984,0,187633123328,121164242944,0
1791585497.0875456,0.6566877570003271,61716951040,0,61741203456,23277338624,61394685952,61394690560,668777984,0,187632238592,121164242944,0
1791585497.7283924,0.6407041195780039,61716140032,0,61741203456,23277338624,61394685952,61394690560,667966976,0,187632312320,121164242944,0
1791585498.3711886,0.6426536329090595,61716144128,0,61741203456,23277338624,61394685952,61394690560,667971072,0,187632386048,121164242944,0
1791585499.0094712,0.638137387111783,61716234240,0,61741203456,23277338624,61394685952,61394690560,668061184,0,187632644096,121164242944,0
1791585499.6530387,0.6434217877686024,61716348928,0,61741203456,23277338624,61394685952,61394690560,668175872,0,187632451584,121164242944,0
1791585500.2911835,0.6379969790577888,61716439040,0,61741203456,23277338624,61394685952,61394690560,668265984,0,187633057792,121164242944,0
1791585500.928741,0.637409932911396,61716553728,0,61741203456,23277338624,61394685952,61394690560,668380672,0,187633070080,121164242944,0
1791585501.5729387,0.6440509408712387,61716639744,0,61741203456,23277338624,61394685952,61394690560,668466688,0,187633319936,121164242944,0
1791585502.2097108,0.6366148591041565,61716762624,0,61741203456,23277338624,61394685952,61394690560,668589568,0,187633086464,121164242944,0
1791585502.8562915,0.6464334167540073,61716844544,0,61741203456,23277338624,61394685952,61394690560,668671488,0,187633135616,121164242944,0
1791585503.5103507,0.6539162714034319,61716967424,0,61741203456,23277338624,61394685952,61394690560,668794368,0,187633405952,121164242944,0
1791585504.1506226,0.6401187516748905,61716975616,0,61741203456,23277338624,61394685952,61394690560,668802560,0,187633360896,121164242944,0
1791585504.797937,0.6471656709909439,61716979712,0,61741203456,23277338624,61394685952,61394690560,668806656,0,187633295360,121164242944,0
1791585505.4514904,0.6534107699990273,61716987904,0,61741203456,23277338624,61394685952,61394690560,668814848,0,187633385472,121164242944,0
1791585506.0920525,0.6404141634702682,61716996096,0,61741203456,23277338624,61394685952,61394690560,668823040,0,187633364992,121164242944,0
1791585506.7475772,0.6553895305842161,61717000192,0,61741203456,23277338624,61394685952,61394690560,668827136,0,187633463296,121164242944,0
1791585507.3867965,0.6390611361712217,61717008384,0,61741203456,23277338624,61394685952,61394690560,668835328,0,187633553408,121164242944,0
1791585508.0365481,0.6496014520525932,61717016576,0,61741203456,23277338624,61394685952,61394690560,668843520,0,187633561600,121164242944,0
1791585508.6764202,0.639725549146533,61717020672,0,61741203456,23277338624,61394685952,61394690560,668847616,0,187633651712,121164242944,0
1791585509.327253,0.6506829727441072,61717028864,0,61741203456,23277338624,61394685952,61394690560,668855808,0,187633311744,121164242944,0
1791585509.978344,0.6509426441043615,61717028864,0,61741203456,23277338624,61394685952,61394690560,668855808,0,187632476160,121164242944,0
1791585510.622901,0.6444118041545153,61716103168,0,61741203456,23277338624,61394685952,61394690560,667930112,0,187632406528,121164275712,0
1791585511.276563,0.653514550998807,61716107264,0,61741203456,23277338624,61394685952,61394690560,667934208,0,187632492544,121164275712,0
1791585511.9479513,0.6712444443255663,61716193280,0,61741203456,23277338624,61394685952,61394690560,668020224,0,187632627712,121164275712,0
1791585512.62082,0.6727220788598061,61716307968,0,61741203456,23277338624,61394685952,61394690560,668134912,0,187632594944,121164275712,0
1791585513.2662854,0.645321074873209,61716398080,0,61741203456,23277338624,61394685952,61394690560,668225024,0,187632500736,121164275712,0
1791585513.9218872,0.6554507631808519,61716512768,0,61741203456,23277338624,61394685952,61394690560,668339712,0,187632754688,121164275712,0
1791585514.5879676,0.6659391839057207,61716602880,0,61741203456,23277338624,61394685952,61394690560,668429824,0,187632664576,121164275712,0
1791585515.2267172,0.6385989338159561,61716717568,0,61741203456,23277338624,61394685952,61394690560,668544512,0,187633295360,121164275712,0
1791585515.8909526,0.664079874753952,61716807680,0,61741203456,23277338624,61394685952,61394690560,668634624,0,187633188864,121164275712,0
1791585516.5511074,0.6600046809762716,61716922368,0,61741203456,23277338624,61394685952,61394690560,668749312,0,187633422336,121164275712,0
1791585517.2021315,0.6508724316954613,61716922368,0,61741203456,23277338624,61394685952,61394690560,668749312,0,187632263168,121164275712,0
1791585517.8597064,0.6574239581823349,61716119552,0,61741203456,23277338624,61394685952,61394690560,667946496,0,187632422912,121164275712,0
1791585518.5171425,0.6572829596698284,61716123648,0,61741203456,23277338624,61394685952,61394690560,667950592,0,187632410624,121164275712,0
1791585519.1725593,0.6552671529352665,61716213760,0,61741203456,23277338624,61394685952,61394690560,668040704,0,187632697344,121164275712,0
1791585519.8250248,0.6523144356906414,61716328448,0,61741203456,23277338624,61394685952,61394690560,668155392,0,187632611328,121164275712,0
1791585520.4864306,0.6612596996128559,61716418560,0,61741203456,23277338624,61394685952,61394690560,668245504,0,187632615424,121164242944,0
1791585521.1313138,0.6447330396622419,61716533248,0,61741203456,23277338624,61394685952,61394690560,668360192,0,187632963584,121164242944,0
1791585521.7873695,0.6559061408042908,61716623360,0,61741203456,23277338624,61394685952,61394690560,668450304,0,187632955392,121164242944,0
1791585522.4340227,0.6465128026902676,61716738048,0,61741203456,23277338624,61394685952,61394690560,668564992,0,187633225728,121164242944,0
1791585523.0916429,0.6574710626155138,61716828160,0,61741203456,23277338624,61394685952,61394690560,668655104,0,187633070080,121164242944,0
1791585523.75146,0.6596610154956579,61716942848,0,61741203456,23277338624,61394685952,61394690560,668769792,0,187633156096,121164242944,0
1791585524.395139,0.6435315646231174,61716942848,0,61741203456,23277338624,61394685952,61394690560,668769792,0,187632271360,121164242944,0
1791585525.0543542,0.659060537815094,61716131840,0,61741203456,23277338624,61394685952,61394690560,667958784,0,187632742400,121164242944,0
1791585525.7082832,0.6537811402231455,61716135936,0,61741203456,23277338624,61394685952,61394690560,667962880,0,187632726016,121164242944,0
1791585526.3507264,0.6422929745167494,61716226048,0,61741203456,23277338624,61394685952,61394690560,668052992,0,187632820224,121164242944,0
1791585526.99808,0.647211791947484,61716340736,0,61741203456,23277338624,61394685952,61394690560,668167680,0,187632574464,121164242944,0
1791585527.649399,0.651211304590106,61716430848,0,61741203456,23277338624,61394685952,61394690560,668257792,0,187632754688,121164242944,0
1791585528.2889879,0.6394380610436201,61716545536,0,61741203456,23277338624,61394685952,61394690560,668372480,0,187633082368,121164242944,0
1791585528.9396718,0.6505343988537788,61716635648,0,61741203456,23277338624,61394685952,61394690560,668462592,0,187633029120,121164242944,0
1791585529.584027,0.6442067325115204,61716750336,0,61741203456,23277338624,61394685952,61394690560,668577280,0,187633164288,121164242944,0
1791585530.2286932,0.6445120740681887,61716840448,0,61741203456,23277338624,61394685952,61394690560,668667392,0,187633348608,121164242944,0
1791585530.8890586,0.6602236405014992,61716955136,0,61741203456,23277338624,61394685952,61394690560,668782080,0,187633709056,121164242944,0
1791585531.5401094,0.6509229429066181,61716955136,0,61741203456,23277338624,61394685952,61394690560,668782080,0,187632390144,121164242944,0
1791585532.4272323,0.8869493119418621,61716140032,0,61741203456,23277338624,61394685952,61394690560,667966976,0,187632488448,121164242944,0
1791585533.0685945,0.6412190888077021,61716148224,0,61741203456,23277338624,61394685952,61394690560,667975168,0,187632578560,121164242944,0
1791585533.7171443,0.6483970768749714,61716234240,0,61741203456,23277338624,61394685952,61394690560,668061184,0,187632803840,121164242944,0
1791585534.3642566,0.6469525396823883,61716357120,0,61741203456,23277338624,61394685952,61394690560,668184064,0,187632795648,121164242944,0
1791585535.006721,0.6423104722052813,61716439040,0,61741203456,23277338624,61394685952,61394690560,668265984,0,187632799744,121164242944,0
1791585535.658031,0.6511588376015425,61716561920,0,61741203456,23277338624,61394685952,61394690560,668388864,0,187633131520,121164242944,0
1791585536.3008862,0.6427007801830769,61716643840,0,61741203456,23277338624,61394685952,61394690560,668470784,0,187633123328,121164242944,0
1791585536.9485145,0.6474764626473188,61716766720,0,61741203456,23277338624,61394685952,61394690560,668593664,0,187632881664,121164242944,0
1791585537.5932965,0.6446400098502636,61716848640,0,61741203456,23277338624,61394685952,61394690560,668675584,0,187633164288,121164242944,0
1791585538.230381,0.6369323916733265,61716971520,0,61741203456,23277338624,61394685952,61394690560,668798464,0,187633229824,121164242944,0
1791585538.8793018,0.6487764790654182,61716979712,0,61741203456,23277338624,61394685952,61394690560,668806656,0,187633295360,121164242944,0
1791585539.5184007,0.6389459017664194,61716983808,0,61741203456,23277338624,61394685952,61394690560,668810752,0,187633631232,121164242944,0
1791585540.155083,0.6365340333431959,61716987904,0,61741203456,23277338624,61394685952,61394690560,668814848,0,187633815552,121164242944,0
1791585540.8026354,0.6474494691938162,61716996096,0,61741203456,23277338624,61394685952,61394690560,668823040,0,187633901568,121164242944,0
1791585541.4395628,0.6367758363485336,61717000192,0,61741203456,23277338624,61394685952,61394690560,668827136,0,187633631232,121164242944,0
1791585542.0870779,0.6473696026951075,61717004288,0,61741203456,23277338624,61394685952,61394690560,668831232,0,187633205248,121164242944,0
1791585542.7249525,0.6377690006047487,61717012480,0,61741203456,23277338624,61394685952,61394690560,668839424,0,187633283072,121164242944,0
1791585543.3756063,0.6505086980760098,61717016576,0,61741203456,23277338624,61394685952,61394690560,668843520,0,187633270784,121164242944,0
1791585544.0121286,0.6363773550838232,61717020672,0,61741203456,23277338624,61394685952,61394690560,668847616,0,187633455104,121164242944,0
1791585544.6503057,0.6380317565053701,61717020672,0,61741203456,23277338624,61394685952,61394690560,668847616,0,187632128000,121164242944,0
1791585545.2918017,0.6413420718163252,61716107264,0,61741203456,23277338624,61394685952,61394690560,667934208,0,187632762880,121164242944,0
1791585545.9281945,0.6362454537302256,61716111360,0,61741203456,23277338624,61394685952,61394690560,667938304,0,187632824320,121164242944,0
1791585546.5678291,0.6394890155643225,61716197376,0,61741203456,23277338624,61394685952,61394690560,668024320,0,187633082368,121164242944,0
1791585547.2153492,0.6473778448998928,61716312064,0,61741203456,23277338624,61394685952,61394690560,668139008,0,187632750592,121164242944,0
1791585547.8606,0.6451037619262934,61716402176,0,61741203456,23277338624,61394685952,61394690560,668229120,0,187632709632,121164242944,0
1791585548.504208,0.6434594597667456,61716516864,0,61741203456,23277338624,61394685952,61394690560,668343808,0,187632693248,121164242944,0
1791585549.1478267,0.6434683259576559,61716606976,0,61741203456,23277338624,61394685952,61394690560,668433920,0,187632963584,121164242944,0
1791585549.7864978,0.6385217383503914,61716721664,0,61741203456,23277338624,61394685952,61394690560,668548608,0,187633057792,121164242944,0
1791585550.4275591,0.6409182604402304,61716811776,0,61741203456,23277338624,61394685952,61394690560,668638720,0,187633606656,121164242944,0
1791585551.0673683,0.639662055298686,61716926464,0,61741203456,23277338624,61394685952,61394690560,668753408,0,187633565696,121164242944,0
1791585551.7115436,0.6440315041691065,61716926464,0,61741203456,23277338624,61394685952,61394690560,668753408,0,187632263168,121164242944,0
1791585552.3523881,0.640698479488492,61716123648,0,61741203456,23277338624,61394685952,61394690560,667950592,0,187632467968,121164242944,0
1791585552.9912686,0.6387267112731934,61716127744,0,61741203456,23277338624,61394685952,61394690560,667954688,0,187632709632,121164242944,0
1791585553.6309133,0.6394910272210836,61716217856,0,61741203456,23277338624,61394685952,61394690560,668044800,0,187632693248,121164242944,0
1791585554.2677033,0.6366369277238846,61716332544,0,61741203456,23277338624,61394685952,61394690560,668159488,0,187633283072,121164242944,0
1791585554.9045784,0.6367250289767981,61716422656,0,61741203456,23277338624,61394685952,61394690560,668249600,0,187632619520,121164242944,0
1791585555.5605211,0.6557601187378168,61716537344,0,61741203456,23277338624,61394685952,61394690560,668364288,0,187633053696,121164242944,0
1791585556.1982038,0.6375342719256878,61716627456,0,61741203456,23277338624,61394685952,61394690560,668454400,0,187633119232,121164242944,0
1791585556.8371916,0.63884018920362,61716742144,0,61741203456,23277338624,61394685952,61394690560,668569088,0,187633209344,121164242944,0
1791585557.4902377,0.652903264388442,61716832256,0,61741203456,23277338624,61394685952,61394690560,668659200,0,187633278976,121164242944,0
1791585558.1316862,0.6413029823452234,61716946944,0,61741203456,23277338624,61394685952,61394690560,668773888,0,187633287168,121164242944,0
1791585558.834817,0.7029933929443359,61716946944,0,61741203456,23277338624,61394685952,61394690560,668773888,0,187632578560,121164242944,0
1791585559.475565,0.6406004950404167,61716135936,0,61741203456,23277338624,61394685952,61394690560,667962880,0,187632259072,121164242944,0
1791585560.119199,0.6434847321361303,61716140032,0,61741203456,23277338624,61394685952,61394690560,667966976,0,187632693248,121164242944,0
1791585560.760901,0.6415637638419867,61716230144,0,61741203456,23277338624,61394685952,61394690560,668057088,0,187633250304,121164242944,0
1791585561.3980947,0.6370498277246952,61716344832,0,61741203456,23277338624,61394685952,61394690560,668171776,0,187633278976,121164242944,0
1791585562.0414147,0.6431722473353148,61716434944,0,61741203456,23277338624,61394685952,61394690560,668261888,0,187633545216,121164242944,0
1791585562.6829138,0.6412785463035107,61716549632,0,61741203456,23277338624,61394685952,61394690560,668376576,0,187633897472,121164242944,0
1791585563.6888108,1.0057479422539473,61716639744,0,61741203456,23277338624,61394685952,61394690560,668466688,0,187633635328,121164242944,0
1791585564.4484828,0.7595196980983019,61716754432,0,61741203456,23277338624,61394685952,61394690560,668581376,0,187633995776,121164242944,0
1791585565.087924,0.6392917670309544,61716840448,0,61741203456,23277338624,61394685952,61394690560,668667392,0,187634855936,121164242944,0
1791585565.7404077,0.6523415856063366,61716963328,0,61741203456,23277338624,61394685952,61394690560,668790272,0,187634114560,121164398592,0
1791585566.4113312,0.6707770675420761,61716963328,0,61741203456,23277338624,61394685952,61394690560,668790272,0,187632447488,121164398592,0
1791585567.0644014,0.6529217250645161,61716144128,0,61741203456,23277338624,61394685952,61394690560,667971072,0,187632472064,121164398592,0
1791585567.7073615,0.6427930761128664,61716152320,0,61741203456,23277338624,61394685952,61394690560,667979264,0,187632197632,121164398592,0
1791585568.352727,0.6452241502702236,61716234240,0,61741203456,23277338624,61394685952,61394690560,668061184,0,187632398336,121164398592,0
1791585569.0006537,0.6477280855178833,61716357120,0,61741203456,23277338624,61394685952,61394690560,668184064,0,187632754688,121164398592,0
1791585569.6429498,0.6421521957963705,61716439040,0,61741203456,23277338624,61394685952,61394690560,668265984,0,187632775168,121164398592,0
1791585570.2879794,0.6448890473693609,61716561920,0,61741203456,23277338624,61394685952,61394690560,668388864,0,187633422336,121164398592,0
1791585570.9319384,0.6438111290335655,61716643840,0,61741203456,23277338624,61394685952,61394690560,668470784,0,187633446912,121164398592,0
1791585571.574267,0.6421768274158239,61716766720,0,61741203456,23277338624,61394685952,61394690560,668593664,0,187633512448,121164398592,0
1791585572.2178957,0.6434746216982603,61716848640,0,61741203456,23277338624,61394685952,61394690560,668675584,0,187633418240,121164398592,0
1791585572.861064,0.643013184890151,61716971520,0,61741203456,23277338624,61394685952,61394690560,668798464,0,187633442816,121164263424,0
1791585573.500532,0.6393460854887962,61716979712,0,61741203456,23277338624,61394685952,61394690560,668806656,0,187633516544,121164263424,0
1791585574.150764,0.6500955503433943,61716983808,0,61741203456,23277338624,61394685952,61394690560,668810752,0,187633430528,121164263424,0
1791585574.7898264,0.6389235444366932,61716987904,0,61741203456,23277338624,61394685952,61394690560,668814848,0,187633463296,121164263424,0
1791585575.4398842,0.6499076094478369,61716996096,0,61741203456,23277338624,61394685952,61394690560,668823040,0,187633836032,121164263424,0
1791585576.0788512,0.6388187929987907,61717000192,0,61741203456,23277338624,61394685952,61394690560,668827136,0,187633926144,121164263424,0
1791585576.725008,0.6460033059120178,61717004288,0,61741203456,23277338624,61394685952,61394690560,668831232,0,187633799168,121164263424,0
1791585577.3716536,0.6464947741478682,61717012480,0,61741203456,23277338624,61394685952,61394690560,668839424,0,187633885184,121164263424,0
1791585578.01144,0.6396320443600416,61717016576,0,61741203456,23277338624,61394685952,61394690560,668843520,0,187634470912,121164263424,0
1791585578.9589717,0.9473817069083452,61717020672,0,61741203456,23277338624,61394685952,61394690560,668847616,0,187634745344,121164263424,0
1791585579.71989,0.7607656288892031,61717020672,0,61741203456,23277338624,61394685952,61394690560,668847616,0,187632971776,121164263424,0
1791585580.367438,0.6473949272185564,61716111360,0,61741203456,23277338624,61394685952,61394690560,667938304,0,187632472064,121164263424,0
1791585581.0125365,0.6449493933469057,61716115456,0,61741203456,23277338624,61394685952,61394690560,667942400,0,187632562176,121164263424,0
1791585581.652528,0.6398393716663122,61716201472,0,61741203456,23277338624,61394685952,61394690560,668028416,0,187632803840,121164263424,0
1791585582.3034678,0.650792671367526,61716316160,0,61741203456,23277338624,61394685952,61394690560,668143104,0,187633102848,121164263424,0
1791585582.9445715,0.640953442081809,61716406272,0,61741203456,23277338624,61394685952,61394690560,668233216,0,187633102848,121164263424,0
1791585583.5890307,0.6443002559244633,61716520960,0,61741203456,23277338624,61394685952,61394690560,668347904,0,187633184768,121164263424,0
1791585584.2321649,0.6429811343550682,61716611072,0,61741203456,23277338624,61394685952,61394690560,668438016,0,187632939008,121164263424,0
1791585584.8698862,0.6375689823180437,61716725760,0,61741203456,23277338624,61394685952,61394690560,668552704,0,187633278976,121164263424,0
1791585585.5187857,0.6487551815807819,61716815872,0,61741203456,23277338624,61394685952,61394690560,668642816,0,187633913856,121164242944,0
1791585586.15574,0.6368059981614351,61716930560,0,61741203456,23277338624,61394685952,61394690560,668757504,0,187633741824,121164242944,0
1791585586.7984688,0.6425757762044668,61716930560,0,61741203456,23277338624,61394685952,61394690560,668757504,0,187632783360,121164242944,0
1791585587.4465966,0.6479771640151739,61716127744,0,61741203456,23277338624,61394685952,61394690560,667954688,0,187633061888,121164242944,0
1791585588.0830224,0.6362780630588531,61716131840,0,61741203456,23277338624,61394685952,61394690560,667958784,0,187632885760,121164242944,0
1791585588.7244313,0.6412604004144669,61716221952,0,61741203456,23277338624,61394685952,61394690560,668048896,0,187633152000,121164242944,0
1791585589.3680747,0.6434917878359556,61716336640,0,61741203456,23277338624,61394685952,61394690560,668163584,0,187633250304,121164242944,0
1791585590.0062099,0.638022281229496,61716426752,0,61741203456,23277338624,61394685952,61394690560,668253696,0,187633258496,121164242944,0
1791585590.7047164,0.6983579080551863,61716541440,0,61741203456,23277338624,61394685952,61394690560,668368384,0,187633012736,121164242944,0
1791585591.3437655,0.6389007270336151,61716631552,0,61741203456,23277338624,61394685952,61394690560,668458496,0,187633295360,121164242944,0
1791585591.9868555,0.642935287207365,61716746240,0,61741203456,23277338624,61394685952,61394690560,668573184,0,187633389568,121164242944,0
1791585592.6304307,0.6434278674423695,61716836352,0,61741203456,23277338624,61394685952,61394690560,668663296,0,187633623040,121164242944,0
1791585593.2888048,0.6582236029207706,61716951040,0,61741203456,23277338624,61394685952,61394690560,668777984,0,187632992256,121164242944,0
1791585593.9417207,0.6527415439486504,61716951040,0,61741203456,23277338624,61394685952,61394690560,668777984,0,187632353280,121164242944,0
1791585594.580349,0.6384857799857855,61716140032,0,61741203456,23277338624,61394685952,61394690560,667966976,0,187632381952,121164242944,0
1791585595.2196367,0.6391288563609123,61716144128,0,61741203456,23277338624,61394685952,61394690560,667971072,0,187632865280,121164242944,0
1791585595.859793,0.6400081943720579,61716234240,0,61741203456,23277338624,61394685952,61394690560,668061184,0,187632963584,121164242944,0
1791585596.498132,0.6381968073546886,61716348928,0,61741203456,23277338624,61394685952,61394690560,668175872,0,187633049600,121164242944,0
1791585597.1422687,0.643986489623785,61716439040,0,61741203456,23277338624,61394685952,61394690560,668265984,0,187633102848,121164242944,0
1791585597.781856,0.6394364945590496,61716553728,0,61741203456,23277338624,61394685952,61394690560,668380672,0,187633086464,121164242944,0
1791585598.423231,0.6412260215729475,61716639744,0,61741203456,23277338624,61394685952,61394690560,668466688,0,187633369088,121164242944,0
1791585599.0648086,0.6414297334849834,61716762624,0,61741203456,23277338624,61394685952,61394690560,668589568,0,187633446912,121164242944,0
1791585599.7143555,0.6493994183838367,61716844544,0,61741203456,23277338624,61394685952,61394690560,668671488,0,187633467392,121164242944,0
1791585600.3545244,0.6400199439376593,61716967424,0,61741203456,23277338624,61394685952,61394690560,668794368,0,187633307648,121164242944,0
1791585600.9941344,0.6394650004804134,61716975616,0,61741203456,23277338624,61394685952,61394690560,668802560,0,187633278976,121164242944,0
1791585601.6329901,0.6386981401592493,61716979712,0,61741203456,23277338624,61394685952,61394690560,668806656,0,187633373184,121164242944,0
1791585602.279165,0.6460289396345615,61716987904,0,61741203456,23277338624,61394685952,61394690560,668814848,0,187633364992,121164242944,0
1791585602.93142,0.6520979423075914,61716996096,0,61741203456,23277338624,61394685952,61394690560,668823040,0,187633340416,121164242944,0
1791585603.571507,0.6399351581931114,61717000192,0,61741203456,23277338624,61394685952,61394690560,668827136,0,187633430528,121164242944,0
1791585604.2096019,0.6379370149224997,61717008384,0,61741203456,23277338624,61394685952,61394690560,668835328,0,187633348608,121164242944,0
1791585604.8552496,0.6454953830689192,61717016576,0,61741203456,23277338624,61394685952,61394690560,668843520,0,187633958912,121164242944,0
1791585605.4988756,0.6434766240417957,61717020672,0,61741203456,23277338624,61394685952,61394690560,668847616,0,187634376704,121164242944,0
1791585606.1370564,0.6380350906401873,61717028864,0,61741203456,23277338624,61394685952,61394690560,668855808,0,187634208768,121164242944,0
1791585606.784906,0.647717596963048,61717028864,0,61741203456,23277338624,61394685952,61394690560,668855808,0,187633233920,121164242944,0
1791585607.4259527,0.6409009043127298,61716103168,0,61741203456,23277338624,61394685952,61394690560,667930112,0,187633123328,121164242944,0
1791585608.0691428,0.6430440247058868,61716107264,0,61741203456,23277338624,61394685952,61394690560,667934208,0,187632840704,121164242944,0
1791585608.7160845,0.6467880979180336,61716193280,0,61741203456,23277338624,61394685952,61394690560,668020224,0,187632508928,121164242944,0
1791585609.35806,0.6418256741017103,61716307968,0,61741203456,23277338624,61394685952,61394690560,668134912,0,187632631808,121164242944,0
1791585610.0241935,0.6660020053386688,61716398080,0,61741203456,23277338624,61394685952,61394690560,668225024,0,187632885760,121164242944,0
1791585610.6687558,0.6444089394062757,61716512768,0,61741203456,23277338624,61394685952,61394690560,668339712,0,187633582080,121164242944,0
1791585611.321496,0.6525793746113777,61716602880,0,61741203456,23277338624,61394685952,61394690560,668429824,0,187633176576,121164242944,0
1791585611.997576,0.6759275384247303,61716717568,0,61741203456,23277338624,61394685952,61394690560,668544512,0,187633389568,121164242944,0
1791585612.6409698,0.6432404350489378,61716807680,0,61741203456,23277338624,61394685952,61394690560,668634624,0,187633414144,121164242944,0
1791585613.285794,0.6446726638823748,61716922368,0,61741203456,23277338624,61394685952,61394690560,668749312,0,187633766400,121164242944,0
1791585613.9256666,0.6397191304713488,61716922368,0,61741203456,23277338624,61394685952,61394690560,668749312,0,187632812032,121164242944,0
1791585614.5832038,0.6573840714991093,61716119552,0,61741203456,23277338624,61394685952,61394690560,667946496,0,187633016832,121164242944,0
1791585615.2236109,0.64025161229074,61716123648,0,61741203456,23277338624,61394685952,61394690560,667950592,0,187632885760,121164242944,0
1791585615.8688529,0.6450869403779507,61716213760,0,61741203456,23277338624,61394685952,61394690560,668040704,0,187633082368,121164242944,0
1791585616.520091,0.6510487552732229,61716328448,0,61741203456,23277338624,61394685952,61394690560,668155392,0,187632898048,121164242944,0
1791585617.1603646,0.6401200760155916,61716418560,0,61741203456,23277338624,61394685952,61394690560,668245504,0,187633176576,121164242944,0
1791585617.8088822,0.6483734995126724,61716533248,0,61741203456,23277338624,61394685952,61394690560,668360192,0,187633156096,121164242944,0
1791585618.4507864,0.6417608074843884,61716623360,0,61741203456,23277338624,61394685952,61394690560,668450304,0,187633438720,121164242944,0
1791585619.1026342,0.6516961045563221,61716738048,0,61741203456,23277338624,61394685952,61394690560,668564992,0,187633520640,121164242944,0
1791585619.7500217,0.6472374368458986,61716828160,0,61741203456,23277338624,61394685952,61394690560,668655104,0,187633537024,121164242944,0
1791585620.39285,0.6426805388182402,61716942848,0,61741203456,23277338624,61394685952,61394690560,668769792,0,187633930240,121164242944,0
1791585621.0393336,0.6463381797075272,61716942848,0,61741203456,23277338624,61394685952,61394690560,668769792,0,187633324032,121164242944,0
1791585621.6842005,0.6447180360555649,61716131840,0,61741203456,23277338624,61394685952,61394690560,667958784,0,187633299456,121164242944,0
1791585622.324259,0.6399026457220316,61716135936,0,61741203456,23277338624,61394685952,61394690560,667962880,0,187633377280,121164242944,0
1791585622.969427,0.6450237650424242,61716226048,0,61741203456,23277338624,61394685952,61394690560,668052992,0,187633397760,121164242944,0
1791585623.6207938,0.6512149143964052,61716340736,0,61741203456,23277338624,61394685952,61394690560,668167680,0,187632848896,121164242944,0
1791585624.2750957,0.654149267822504,61716430848,0,61741203456,23277338624,61394685952,61394690560,668257792,0,187632635904,121164242944,0
1791585624.9363115,0.6610636804252863,61716545536,0,61741203456,23277338624,61394685952,61394690560,668372480,0,187632836608,121164242944,0
1791585625.5821588,0.645696884021163,61716635648,0,61741203456,23277338624,61394685952,61394690560,668462592,0,187632803840,121164242944,0
1791585626.236541,0.6542299166321754,61716750336,0,61741203456,23277338624,61394685952,61394690560,668577280,0,187633090560,121164242944,0
1791585626.893099,0.6564113441854715,61716840448,0,61741203456,23277338624,61394685952,61394690560,668667392,0,187633287168,121164242944,0
1791585627.5510302,0.6577836759388447,61716955136,0,61741203456,23277338624,61394685952,61394690560,668782080,0,187633229824,121164242944,0
1791585628.2157066,0.66452257335186,61716955136,0,61741203456,23277338624,61394685952,61394690560,668782080,0,187632541696,121164242944,0
1791585628.8697643,0.6539030596613884,61716140032,0,61741203456,23277338624,61394685952,61394690560,667966976,0,187632685056,121164242944,0
1791585629.520136,0.6502184364944696,61716148224,0,61741203456,23277338624,61394685952,61394690560,667975168,0,187632721920,121164242944,0
1791585630.173721,0.6534305959939957,61716234240,0,61741203456,23277338624,61394685952,61394690560,668061184,0,187633012736,121164242944,0
1791585630.8218284,0.6479491461068392,61716357120,0,61741203456,23277338624,61394685952,61394690560,668184064,0,187632730112,121164242944,0
1791585631.4719677,0.6499877795577049,61716439040,0,61741203456,23277338624,61394685952,61394690560,668265984,0,187632619520,121164242944,0
1791585632.1310353,0.6588329486548901,61716561920,0,61741203456,23277338624,61394685952,61394690560,668388864,0,187632881664,121164242944,0
1791585632.7787433,0.6475594900548458,61716643840,0,61741203456,23277338624,61394685952,61394690560,668470784,0,187632979968,121164242944,0
1791585633.4772537,0.6983544826507568,61716766720,0,61741203456,23277338624,61394685952,61394690560,668593664,0,187633061888,121164242944,0
1791585634.122397,0.6449928246438503,61716848640,0,61741203456,23277338624,61394685952,61394690560,668675584,0,187633373184,121164242944,0
1791585634.7682683,0.6457231994718313,61716971520,0,61741203456,23277338624,61394685952,61394690560,668798464,0,187633348608,121164242944,0
1791585635.4127035,0.6442820392549038,61716979712,0,61741203456,23277338624,61394685952,61394690560,668806656,0,187633897472,121164242944,0
1791585636.061408,0.6485554352402687,61716983808,0,61741203456,23277338624,61394685952,61394690560,668810752,0,187633688576,121164242944,0
1791585636.7126982,0.6511373110115528,61716987904,0,61741203456,23277338624,61394685952,61394690560,668814848,0,187633692672,121164242944,0
1791585637.3562646,0.6434180494397879,61716996096,0,61741203456,23277338624,61394685952,61394690560,668823040,0,187633745920,121164242944,0
1791585638.0053728,0.648956436663866,61717000192,0,61741203456,23277338624,61394685952,61394690560,668827136,0,187633782784,121164242944,0
1791585638.6490169,0.6434949915856123,61717004288,0,61741203456,23277338624,61394685952,61394690560,668831232,0,187633745920,121164242944,0
1791585639.2945862,0.6454199142754078,61717012480,0,61741203456,23277338624,61394685952,61394690560,668839424,0,187633614848,121164242944,0
1791585639.943155,0.6484192665666342,61717016576,0,61741203456,23277338624,61394685952,61394690560,668843520,0,187633577984,121164242944,0
1791585640.588873,0.6455716472119093,61717020672,0,61741203456,23277338624,61394685952,61394690560,668847616,0,187633639424,121164242944,0
1791585641.2339985,0.6449861098080873,61717020672,0,61741203456,23277338624,61394685952,61394690560,668847616,0,187632885760,121164242944,0
1791585641.8848152,0.6506717894226313,61716107264,0,61741203456,23277338624,61394685952,61394690560,667934208,0,187632553984,121164242944,0
1791585642.5284162,0.6434505935758352,61716111360,0,61741203456,23277338624,61394685952,61394690560,667938304,0,187632603136,121164242944,0
1791585643.1824763,0.6539195105433464,61716197376,0,61741203456,23277338624,61394685952,61394690560,668024320,0,187632766976,121164242944,0
1791585643.8274086,0.6447863932698965,61716312064,0,61741203456,23277338624,61394685952,61394690560,668139008,0,187632791552,121164242944,0
1791585644.4784327,0.6508774310350418,61716402176,0,61741203456,23277338624,61394685952,61394690560,668229120,0,187633033216,121164242944,0
1791585645.1258476,0.6472230479121208,61716516864,0,61741203456,23277338624,61394685952,61394690560,668343808,0,187633389568,121164242944,0
1791585645.7712615,0.6452658157795668,61716606976,0,61741203456,23277338624,61394685952,61394690560,668433920,0,187633565696,121164242944,0
1791585646.4266584,0.6552462130784988,61716721664,0,61741203456,23277338624,61394685952,61394690560,668548608,0,187633549312,121164242944,0
1791585647.0726948,0.6458897106349468,61716811776,0,61741203456,23277338624,61394685952,61394690560,668638720,0,187633233920,121164242944,0
1791585647.7195072,0.6466612257063389,61716926464,0,61741203456,23277338624,61394685952,61394690560,668753408,0,187633221632,121164242944,0
1791585648.375997,0.6563436985015869,61716926464,0,61741203456,23277338624,61394685952,61394690560,668753408,0,187632205824,121164242944,0
1791585649.0278213,0.6516790147870779,61716123648,0,61741203456,23277338624,61394685952,61394690560,667950592,0,187632484352,121164242944,0
1791585649.6759646,0.6479951869696379,61716127744,0,61741203456,23277338624,61394685952,61394690560,667954688,0,187632549888,121164242944,0
1791585650.3247068,0.6485929638147354,61716217856,0,61741203456,23277338624,61394685952,61394690560,668044800,0,187632939008,121164242944,0
1791585650.9767668,0.6519124079495668,61716332544,0,61741203456,23277338624,61394685952,61394690560,668159488,0,187633172480,121164242944,0
1791585651.6344745,0.6575576514005661,61716422656,0,61741203456,23277338624,61394685952,61394690560,668249600,0,187633205248,121164242944,0
1791585652.2850966,0.6504723560065031,61716537344,0,61741203456,23277338624,61394685952,61394690560,668364288,0,187633000448,121164242944,0
1791585652.9420958,0.6568387467414141,61716627456,0,61741203456,23277338624,61394685952,61394690560,668454400,0,187633057792,121164242944,0
1791585653.5879426,0.6456915810704231,61716742144,0,61741203456,23277338624,61394685952,61394690560,668569088,0,187633152000,121164242944,0
1791585654.2341554,0.6460649631917477,61716832256,0,61741203456,23277338624,61394685952,61394690560,668659200,0,187633364992,121164242944,0
1791585654.8958204,0.6615196075290442,61716946944,0,61741203456,23277338624,61394685952,61394690560,668773888,0,187633086464,121164242944,0
1791585655.5489292,0.6529537737369537,61716946944,0,61741203456,23277338624,61394685952,61394690560,668773888,0,187632607232,121164242944,0
1791585656.1929073,0.6438329759985209,61716135936,0,61741203456,23277338624,61394685952,61394690560,667962880,0,187632320512,121164242944,0
1791585656.8494124,0.6563558503985405,61716140032,0,61741203456,23277338624,61394685952,61394690560,667966976,0,187632549888,121164242944,0
1791585657.494323,0.6447727400809526,61716230144,0,61741203456,23277338624,61394685952,61394690560,668057088,0,187632746496,121164242944,0
1791585658.1408577,0.6463960818946362,61716344832,0,61741203456,23277338624,61394685952,61394690560,668171776,0,187632820224,121164242944,0
1791585658.7976792,0.656678544357419,61716434944,0,61741203456,23277338624,61394685952,61394690560,668261888,0,187633389568,121164242944,0
1791585659.5856693,0.7878459524363279,61716549632,0,61741203456,23277338624,61394685952,61394690560,668376576,0,187633319936,121164242944,0
1791585660.3210425,0.7352315671741962,61716639744,0,61741203456,23277338624,61394685952,61394690560,668466688,0,187634102272,121164242944,0
1791585660.9684644,0.647278256714344,61716754432,0,61741203456,23277338624,61394685952,61394690560,668581376,0,187633532928,121164242944,0
1791585661.6236339,0.6550280079245567,61716840448,0,61741203456,23277338624,61394685952,61394690560,668667392,0,187633680384,121164242944,0
1791585662.27109,0.6473081614822149,61716963328,0,61741203456,23277338624,61394685952,61394690560,668790272,0,187633455104,121164242944,0
1791585662.9196517,0.6484502498060465,61716963328,0,61741203456,23277338624,61394685952,61394690560,668790272,0,187632611328,121164242944,0
1791585663.5705051,0.6506986767053604,61716144128,0,61741203456,23277338624,61394685952,61394690560,667971072,0,187632701440,121164242944,0
1791585664.2174788,0.6468257680535316,61716152320,0,61741203456,23277338624,61394685952,61394690560,667979264,0,187632795648,121164242944,0
1791585664.863738,0.6461125500500202,61716234240,0,61741203456,23277338624,61394685952,61394690560,668061184,0,187633176576,121164242944,0
1791585665.5193448,0.6554624307900667,61716357120,0,61741203456,23277338624,61394685952,61394690560,668184064,0,187633598464,121164242944,0
1791585666.1646347,0.6451455317437649,61716439040,0,61741203456,23277338624,61394685952,61394690560,668265984,0,187633807360,121164242944,0
1791585666.814734,0.6499569173902273,61716561920,0,61741203456,23277338624,61394685952,61394690560,668388864,0,187633647616,121164242944,0
1791585667.4606998,0.6458188071846962,61716643840,0,61741203456,23277338624,61394685952,61394690560,668470784,0,187633782784,121164242944,0
1791585668.1064901,0.6456456482410431,61716766720,0,61741203456,23277338624,61394685952,61394690560,668593664,0,187633827840,121164242944,0
1791585668.7615821,0.6549541652202606,61716848640,0,61741203456,23277338624,61394685952,61394690560,668675584,0,187633786880,121164242944,0
1791585669.4074838,0.645755285397172,61716971520,0,61741203456,23277338624,61394685952,61394690560,668798464,0,187634089984,121164242944,0
1791585670.0628748,0.6552363615483046,61716979712,0,61741203456,23277338624,61394685952,61394690560,668806656,0,187634417664,121164242944,0
1791585670.7065923,0.6435659546405077,61716983808,0,61741203456,23277338624,61394685952,61394690560,668810752,0,187634307072,121164242944,0
1791585671.3561144,0.6493689958006144,61716987904,0,61741203456,23277338624,61394685952,61394690560,668814848,0,187633475584,121164242944,0
1791585672.014467,0.6582034379243851,61716996096,0,61741203456,23277338624,61394685952,61394690560,668823040,0,187633545216,121164242944,0
1791585672.661058,0.6464438512921333,61717000192,0,61741203456,23277338624,61394685952,61394690560,668827136,0,187633795072,121164242944,0
1791585673.3088975,0.647711057215929,61717004288,0,61741203456,23277338624,61394685952,61394690560,668831232,0,187633885184,121164242944,0
1791585673.9687533,0.6597037278115749,61717012480,0,61741203456,23277338624,61394685952,61394690560,668839424,0,187633954816,121164242944,0
1791585674.6143825,0.6454785000532866,61717016576,0,61741203456,23277338624,61394685952,61394690560,668843520,0,187633709056,121164242944,0
1791585675.2594056,0.6448832415044308,61717020672,0,61741203456,23277338624,61394685952,61394690560,668847616,0,187633934336,121164242944,0
1791585675.9220104,0.6624601017683744,61717020672,0,61741203456,23277338624,61394685952,61394690560,668847616,0,187632427008,121164242944,0
1791585676.5715728,0.6494235564023256,61716111360,0,61741203456,23277338624,61394685952,61394690560,667938304,0,187632644096,121164242944,0
1791585677.2318354,0.6601126808673143,61716115456,0,61741203456,23277338624,61394685952,61394690560,667942400,0,187632369664,121164242944,0
1791585677.886338,0.6543621718883514,61716201472,0,61741203456,23277338624,61394685952,61394690560,668028416,0,187632549888,121164242944,0
1791585678.5492544,0.6627629138529301,61716316160,0,61741203456,23277338624,61394685952,61394690560,668143104,0,187632885760,121164242944,0
1791585679.2119126,0.6625175904482603,61716406272,0,61741203456,23277338624,61394685952,61394690560,668233216,0,187632582656,121164242944,0
1791585679.8532598,0.6412064246833324,61716520960,0,61741203456,23277338624,61394685952,61394690560,668347904,0,187632930816,121164242944,0
1791585680.5053408,0.6519417054951191,61716611072,0,61741203456,23277338624,61394685952,61394690560,668438016,0,187633287168,121164242944,0
1791585681.1475635,0.6420841757208109,61716725760,0,61741203456,23277338624,61394685952,61394690560,668552704,0,187633303552,121164242944,0
1791585681.7920704,0.6443670000880957,61716815872,0,61741203456,23277338624,61394685952,61394690560,668642816,0,187633238016,121164242944,0
1791585682.440285,0.6480067260563374,61716930560,0,61741203456,23277338624,61394685952,61394690560,668757504,0,187633577984,121164242944,0
1791585683.0829525,0.6425314769148827,61716930560,0,61741203456,23277338624,61394685952,61394690560,668757504,0,187632386048,121164242944,0
1791585683.729316,0.6462194658815861,61716127744,0,61741203456,23277338624,61394685952,61394690560,667954688,0,187632558080,121164242944,0
1791585684.3753335,0.6458742935210466,61716131840,0,61741203456,23277338624,61394685952,61394690560,667958784,0,187632648192,121164242944,0
1791585685.0172462,0.6417720429599285,61716221952,0,61741203456,23277338624,61394685952,61394690560,668048896,0,187632910336,121164242944,0
1791585685.6672359,0.6498470641672611,61716336640,0,61741203456,23277338624,61394685952,61394690560,668163584,0,187633102848,121164242944,0
1791585686.3091214,0.6417423393577337,61716426752,0,61741203456,23277338624,61394685952,61394690560,668253696,0,187633119232,121164242944,0
1791585686.9591017,0.649824820458889,61716541440,0,61741203456,23277338624,61394685952,61394690560,668368384,0,187633127424,121164242944,0
1791585687.5991244,0.6398763209581375,61716631552,0,61741203456,23277338624,61394685952,61394690560,668458496,0,187633414144,121164242944,0
1791585688.2379956,0.6387230325490236,61716746240,0,61741203456,23277338624,61394685952,61394690560,668573184,0,187633516544,121164242944,0
1791585688.888817,0.6506794206798077,61716836352,0,61741203456,23277338624,61394685952,61394690560,668663296,0,187633410048,121164242944,0
1791585689.5287466,0.6397864539176226,61716951040,0,61741203456,23277338624,61394685952,61394690560,668777984,0,187633233920,121164242944,0
1791585690.1675303,0.6386428121477365,61716951040,0,61741203456,23277338624,61394685952,61394690560,668777984,0,187632984064,121164046336,0
1791585690.8129432,0.6452713944017887,61716140032,0,61741203456,23277338624,61394685952,61394690560,667966976,0,187632697344,121164046336,0
1791585691.4534984,0.6404168736189604,61716144128,0,61741203456,23277338624,61394685952,61394690560,667971072,0,187632783360,121164046336,0
1791585692.1023927,0.6487526595592499,61716234240,0,61741203456,23277338624,61394685952,61394690560,668061184,0,187633041408,121164046336,0
1791585692.7673123,0.6647783573716879,61716348928,0,61741203456,23277338624,61394685952,61394690560,668175872,0,187632701440,121164046336,0
1791585693.4450133,0.6775491777807474,61716439040,0,61741203456,23277338624,61394685952,61394690560,668265984,0,187632930816,121164046336,0
1791585694.1055295,0.6603744719177485,61716553728,0,61741203456,23277338624,61394685952,61394690560,668380672,0,187633016832,121164046336,0
1791585694.7502863,0.6446158494800329,61716639744,0,61741203456,23277338624,61394685952,61394690560,668466688,0,187633160192,121164046336,0
1791585695.402913,0.6524733398109674,61716762624,0,61741203456,23277338624,61394685952,61394690560,668589568,0,187633373184,121164046336,0
1791585696.0429513,0.6398977804929018,61716844544,0,61741203456,23277338624,61394685952,61394690560,668671488,0,187633377280,121164046336,0
1791585696.6858063,0.6427136175334454,61716967424,0,61741203456,23277338624,61394685952,61394690560,668794368,0,187633569792,121164046336,0
1791585697.3339224,0.6479742918163538,61716975616,0,61741203456,23277338624,61394685952,61394690560,668802560,0,187633283072,121164046336,0
1791585697.975497,0.6414310913532972,61716979712,0,61741203456,23277338624,61394685952,61394690560,668806656,0,187633360896,121164046336,0
1791585698.6245406,0.6488990690559149,61716987904,0,61741203456,23277338624,61394685952,61394690560,668814848,0,187633455104,121164046336,0
1791585699.2719064,0.6472217049449682,61716996096,0,61741203456,23277338624,61394685952,61394690560,668823040,0,187633475584,121164046336,0
1791585699.9140382,0.6419843193143606,61717000192,0,61741203456,23277338624,61394685952,61394690560,668827136,0,187633319936,121164046336,0
1791585700.5571532,0.6429683435708284,61717008384,0,61741203456,23277338624,61394685952,61394690560,668835328,0,187633995776,121164046336,0
1791585701.204662,0.6473612915724516,61717016576,0,61741203456,23277338624,61394685952,61394690560,668843520,0,187633741824,121164046336,0
1791585701.849049,0.6442402917891741,61717020672,0,61741203456,23277338624,61394685952,61394690560,668847616,0,187633131520,121164046336,0
1791585702.5035632,0.6543756257742643,61717028864,0,61741203456,23277338624,61394685952,61394690560,668855808,0,187633479680,121164046336,0
1791585703.1462574,0.6425491534173489,61717028864,0,61741203456,23277338624,61394685952,61394690560,668855808,0,187632500736,121164046336,0
1791585703.8340929,0.6876935288310051,61716103168,0,61741203456,23277338624,61394685952,61394690560,667930112,0,187632238592,121164046336,0
1791585704.47479,0.6406035013496876,61716107264,0,61741203456,23277338624,61394685952,61394690560,667934208,0,187632328704,121164046336,0
1791585705.2632117,0.7882794160395861,61716193280,0,61741203456,23277338624,61394685952,61394690560,668020224,0,187633082368,121164046336,0
1791585706.3172863,1.0539295077323914,61716307968,0,61741203456,23277338624,61394685952,61394690560,668134912,0,187633377280,121164046336,0
1791585706.9631116,0.6456752195954323,61716398080,0,61741203456,23277338624,61394685952,61394690560,668225024,0,187633262592,121164046336,0
1791585707.6075156,0.6442576050758362,61716512768,0,61741203456,23277338624,61394685952,61394690560,668339712,0,187633393664,121164046336,0
1791585708.2520816,0.6444240584969521,61716602880,0,61741203456,23277338624,61394685952,61394690560,668429824,0,187633299456,121164046336,0
1791585708.9032493,0.6510620974004269,61716717568,0,61741203456,23277338624,61394685952,61394690560,668544512,0,187633561600,121164046336,0
1791585709.5529966,0.6496043484658003,61716807680,0,61741203456,23277338624,61394685952,61394690560,668634624,0,187633725440,121164046336,0
1791585710.2129767,0.659842511638999,61716922368,0,61741203456,23277338624,61394685952,61394690560,668749312,0,187633549312,121164046336,0
1791585710.9185913,0.7053950559347868,61716922368,0,61741203456,23277338624,61394685952,61394690560,668749312,0,187632726016,121164046336,0
1791585711.5657675,0.6470331251621246,61716119552,0,61741203456,23277338624,61394685952,61394690560,667946496,0,187632963584,121164046336,0
1791585712.2238138,0.6578925773501396,61716123648,0,61741203456,23277338624,61394685952,61394690560,667950592,0,187632865280,121164046336,0
1791585712.9000387,0.6760720498859882,61716213760,0,61741203456,23277338624,61394685952,61394690560,668040704,0,187632771072,121164046336,0
1791585713.5475848,0.6473979167640209,61716328448,0,61741203456,23277338624,61394685952,61394690560,668155392,0,187632594944,121164046336,0
1791585714.1889474,0.641221672296524,61716418560,0,61741203456,23277338624,61394685952,61394690560,668245504,0,187632877568,121164046336,0
1791585714.8405263,0.6514358818531036,61716533248,0,61741203456,23277338624,61394685952,61394690560,668360192,0,187632971776,121164046336,0
1791585715.8404763,0.9998054876923561,61716623360,0,61741203456,23277338624,61394685952,61394690560,668450304,0,187633491968,121164046336,0
1791585716.4825475,0.6419205963611603,61716738048,0,61741203456,23277338624,61394685952,61394690560,668564992,0,187633573888,121164046336,0
1791585717.1321552,0.6494632586836815,61716828160,0,61741203456,23277338624,61394685952,61394690560,668655104,0,187633598464,121164046336,0
1791585717.807117,0.6748076546937227,61716942848,0,61741203456,23277338624,61394685952,61394690560,668769792,0,187633369088,121164046336,0
1791585718.448388,0.641116164624691,61716942848,0,61741203456,23277338624,61394685952,61394690560,668769792,0,187632492544,121164046336,0
1791585719.102571,0.6540414299815893,61716131840,0,61741203456,23277338624,61394685952,61394690560,667958784,0,187632517120,121164046336,0
1791585719.747816,0.6450959574431181,61716135936,0,61741203456,23277338624,61394685952,61394690560,667962880,0,187632578560,121164046336,0
1791585720.3990927,0.6511339750140905,61716226048,0,61741203456,23277338624,61394685952,61394690560,668052992,0,187646783488,121164337152,0
1791585721.0527508,0.6535020563751459,61716340736,0,61741203456,23277338624,61394685952,61394690560,668167680,0,187633381376,121164337152,0
1791585721.6974459,0.6445454340428114,61716430848,0,61741203456,23277338624,61394685952,61394690560,668257792,0,187633336320,121164337152,0
1791585722.3484726,0.6508831810206175,61716545536,0,61741203456,23277338624,61394685952,61394690560,668372480,0,187633410048,121164337152,0
1791585722.990772,0.6421567369252443,61716635648,0,61741203456,23277338624,61394685952,61394690560,668462592,0,187633418240,121164337152,0
1791585723.6389275,0.6480070892721415,61716750336,0,61741203456,23277338624,61394685952,61394690560,668577280,0,187633418240,121164337152,0
1791585724.2871602,0.6480921283364296,61716840448,0,61741203456,23277338624,61394685952,61394690560,668667392,0,187633528832,121164337152,0
1791585724.9303977,0.6430846862494946,61716955136,0,61741203456,23277338624,61394685952,61394690560,668782080,0,187633889280,121164337152,0
1791585725.5834715,0.6529036555439234,61716955136,0,61741203456,23277338624,61394685952,61394690560,668782080,0,187633254400,121164234752,0
1791585726.2288628,0.6452390663325787,61716140032,0,61741203456,23277338624,61394685952,61394690560,667966976,0,187633242112,121164234752,0
1791585726.878241,0.6492359284311533,61716148224,0,61741203456,23277338624,61394685952,61394690560,667975168,0,187633303552,121164234752,0
1791585727.5304048,0.6520208772271872,61716234240,0,61741203456,23277338624,61394685952,61394690560,668061184,0,187633274880,121164234752,0
1791585728.1744745,0.6439169328659773,61716357120,0,61741203456,23277338624,61394685952,61394690560,668184064,0,187633098752,121164234752,0
1791585728.8237855,0.6491656117141247,61716439040,0,61741203456,23277338624,61394685952,61394690560,668265984,0,187633364992,121164234752,0
1791585729.4635186,0.6395874377340078,61716561920,0,61741203456,23277338624,61394685952,61394690560,668388864,0,187633360896,121164234752,0
1791585730.1173708,0.6537127755582333,61716643840,0,61741203456,23277338624,61394685952,61394690560,668470784,0,187633709056,121164234752,0
1791585730.7681499,0.6506271492689848,61716766720,0,61741203456,23277338624,61394685952,61394690560,668593664,0,187633692672,121164234752,0
1791585731.408772,0.6404625233262777,61716848640,0,61741203456,23277338624,61394685952,61394690560,668675584,0,187633717248,121164234752,0
1791585732.0557132,0.6467947568744421,61716971520,0,61741203456,23277338624,61394685952,61394690560,668798464,0,187633860608,121164234752,0
1791585732.7049022,0.6490436997264624,61716979712,0,61741203456,23277338624,61394685952,61394690560,668806656,0,187633651712,121164234752,0
1791585733.3492675,0.6442145276814699,61716983808,0,61741203456,23277338624,61394685952,61394690560,668810752,0,187633741824,121164234752,0
1791585733.996107,0.6466892194002867,61716987904,0,61741203456,23277338624,61394685952,61394690560,668814848,0,187633758208,121164234752,0
1791585734.6376305,0.6413733325898647,61716996096,0,61741203456,23277338624,61394685952,61394690560,668823040,0,187633733632,121164234752,0
1791585735.2873461,0.6495698913931847,61717000192,0,61741203456,23277338624,61394685952,61394690560,668827136,0,187634049024,121164046336,0
1791585735.933489,0.6460033189505339,61717004288,0,61741203456,23277338624,61394685952,61394690560,668831232,0,187633889280,121164046336,0
1791585736.581346,0.647704716771841,61717012480,0,61741203456,23277338624,61394685952,61394690560,668839424,0,187633938432,121164046336,0
1791585737.232144,0.6506600510329008,61717016576,0,61741203456,23277338624,61394685952,61394690560,668843520,0,187633340416,121164046336,0
1791585737.877893,0.6455904562026262,61717020672,0,61741203456,23277338624,61394685952,61394690560,668847616,0,187633647616,121164046336,0
1791585738.5347404,0.6567051913589239,61717020672,0,61741203456,23277338624,61394685952,61394690560,668847616,0,187632766976,121164046336,0
1791585739.1900406,0.6551567669957876,61716107264,0,61741203456,23277338624,61394685952,61394690560,667934208,0,187632734208,121164046336,0
1791585739.8457108,0.655524542555213,61716111360,0,61741203456,23277338624,61394685952,61394690560,667938304,0,187632500736,121164046336,0
1791585740.5390933,0.6932066325098276,61716197376,0,61741203456,23277338624,61394685952,61394690560,668024320,0,187632504832,121164046336,0
1791585741.2897832,0.750488393008709,61716312064,0,61741203456,23277338624,61394685952,61394690560,668139008,0,187632857088,121164046336,0
1791585741.9367976,0.6468647159636021,61716402176,0,61741203456,23277338624,61394685952,61394690560,668229120,0,187633074176,121164046336,0
1791585742.5824735,0.6455198880285025,61716516864,0,61741203456,23277338624,61394685952,61394690560,668343808,0,187633168384,121164046336,0
1791585743.2254379,0.6428137067705393,61716606976,0,61741203456,23277338624,61394685952,61394690560,668433920,0,187633262592,121164046336,0
1791585743.8764036,0.6508171688765287,61716721664,0,61741203456,23277338624,61394685952,61394690560,668548608,0,187633618944,121164046336,0
1791585744.522822,0.6462644170969725,61716811776,0,61741203456,23277338624,61394685952,61394690560,668638720,0,187633635328,121164046336,0
1791585745.1614552,0.6384884063154459,61716926464,0,61741203456,23277338624,61394685952,61394690560,668753408,0,187633967104,121164046336,0
1791585745.8123076,0.6507003158330917,61716926464,0,61741203456,23277338624,61394685952,61394690560,668753408,0,187633090560,121164046336,0
1791585746.4948213,0.6823695413768291,61716123648,0,61741203456,23277338624,61394685952,61394690560,667950592,0,187632365568,121164046336,0
1791585747.1444588,0.6494950912892818,61716127744,0,61741203456,23277338624,61394685952,61394690560,667954688,0,187632455680,121164046336,0
1791585747.7835288,0.6389180384576321,61716217856,0,61741203456,23277338624,61394685952,61394690560,668044800,0,187632738304,121164046336,0
1791585748.435174,0.6514908447861671,61716332544,0,61741203456,23277338624,61394685952,61394690560,668159488,0,187633094656,121164046336,0
1791585749.0758276,0.6405013147741556,61716422656,0,61741203456,23277338624,61394685952,61394690560,668249600,0,187632812032,121164046336,0
1791585749.7589226,0.6829460803419352,61716537344,0,61741203456,23277338624,61394685952,61394690560,668364288,0,187632910336,121164046336,0
1791585750.4091926,0.6501202844083309,61716627456,0,61741203456,23277338624,61394685952,61394690560,668454400,0,187633283072,121164046336,0
1791585751.0506313,0.6412870846688747,61716742144,0,61741203456,23277338624,61394685952,61394690560,668569088,0,187633111040,121164046336,0
1791585751.6992512,0.6484702117741108,61716832256,0,61741203456,23277338624,61394685952,61394690560,668659200,0,187633389568,121164046336,0
1791585752.3373985,0.6380000505596399,61716946944,0,61741203456,23277338624,61394685952,61394690560,668773888,0,187633479680,121164046336,0
1791585752.985779,0.6482309605926275,61716946944,0,61741203456,23277338624,61394685952,61394690560,668773888,0,187632484352,121164046336,0
1791585753.633132,0.6472005881369114,61716135936,0,61741203456,23277338624,61394685952,61394690560,667962880,0,187632771072,121164046336,0
1791585754.2730865,0.639802660793066,61716140032,0,61741203456,23277338624,61394685952,61394690560,667966976,0,187632861184,121164046336,0
1791585754.9248898,0.6516494601964951,61716230144,0,61741203456,23277338624,61394685952,61394690560,668057088,0,187632676864,121164046336,0
1791585755.5648968,0.6398545019328594,61716344832,0,61741203456,23277338624,61394685952,61394690560,668171776,0,187632754688,121164046336,0
1791585756.2111545,0.6461112909018993,61716434944,0,61741203456,23277338624,61394685952,61394690560,668261888,0,187632918528,121164046336,0
1791585756.8500853,0.6387722957879305,61716549632,0,61741203456,23277338624,61394685952,61394690560,668376576,0,187632947200,121164046336,0
1791585757.4911344,0.6408919002860785,61716639744,0,61741203456,23277338624,61394685952,61394690560,668466688,0,187633217536,121164046336,0
1791585758.1347606,0.6434691585600376,61716754432,0,61741203456,23277338624,61394685952,61394690560,668581376,0,187633152000,121164046336,0
1791585758.783663,0.648755157366395,61716840448,0,61741203456,23277338624,61394685952,61394690560,668667392,0,187633176576,121164046336,0
1791585759.4252613,0.6414522062987089,61716963328,0,61741203456,23277338624,61394685952,61394690560,668790272,0,187633467392,121164046336,0
1791585760.0717702,0.6463551688939333,61716963328,0,61741203456,23277338624,61394685952,61394690560,668790272,0,187633053696,121164046336,0
1791585760.7116702,0.6397506278008223,61716144128,0,61741203456,23277338624,61394685952,61394690560,667971072,0,187633008640,121164046336,0
1791585761.3594403,0.6476214472204447,61716152320,0,61741203456,23277338624,61394685952,61394690560,667979264,0,187633098752,121164046336,0
1791585762.0036619,0.6440801694989204,61716234240,0,61741203456,23277338624,61394685952,61394690560,668061184,0,187633369088,121164046336,0
1791585762.6412346,0.6374271046370268,61716357120,0,61741203456,23277338624,61394685952,61394690560,668184064,0,187633459200,121164046336,0
1791585763.2916236,0.6502383500337601,61716439040,0,61741203456,23277338624,61394685952,61394690560,668265984,0,187633405952,121164046336,0
1791585763.930739,0.6389646921306849,61716561920,0,61741203456,23277338624,61394685952,61394690560,668388864,0,187633762304,121164046336,0
1791585764.5784948,0.6475988645106554,61716643840,0,61741203456,23277338624,61394685952,61394690560,668470784,0,187633520640,121164046336,0
1791585765.2229931,0.6443490162491798,61716766720,0,61741203456,23277338624,61394685952,61394690560,668593664,0,187633876992,121164046336,0
1791585765.8658867,0.6427426971495152,61716848640,0,61741203456,23277338624,61394685952,61394690560,668675584,0,187633643520,121164046336,0
1791585766.5129018,0.646864278241992,61716971520,0,61741203456,23277338624,61394685952,61394690560,668798464,0,187633733632,121164046336,0
1791585767.1513028,0.638247650116682,61716979712,0,61741203456,23277338624,61394685952,61394690560,668806656,0,187633803264,121164046336,0
1791585767.7907677,0.6393148452043533,61716983808,0,61741203456,23277338624,61394685952,61394690560,668810752,0,187633897472,121164046336,0
1791585768.4340568,0.6431415136903524,61716987904,0,61741203456,23277338624,61394685952,61394690560,668814848,0,187633991680,121164046336,0
1791585769.0731401,0.6389520838856697,61716996096,0,61741203456,23277338624,61394685952,61394690560,668823040,0,187634057216,121164046336,0
1791585769.7138014,0.6405057292431593,61717000192,0,61741203456,23277338624,61394685952,61394690560,668827136,0,187633938432,121164046336,0
1791585770.363922,0.6499711647629738,61717004288,0,61741203456,23277338624,61394685952,61394690560,668831232,0,187633860608,121164046336,0
1791585771.0034556,0.6393928844481707,61717012480,0,61741203456,23277338624,61394685952,61394690560,668839424,0,187633954816,121164046336,0
1791585771.655751,0.6521432623267174,61717016576,0,61741203456,23277338624,61394685952,61394690560,668843520,0,187633954816,121164046336,0
1791585772.2979386,0.6420391760766506,61717020672,0,61741203456,23277338624,61394685952,61394690560,668847616,0,187633782784,121164046336,0
1791585772.9429643,0.6448774114251137,61717020672,0,61741203456,23277338624,61394685952,61394690560,668847616,0,187632783360,121164046336,0
1791585773.584916,0.6418069675564766,61716111360,0,61741203456,23277338624,61394685952,61394690560,667938304,0,187632762880,121164046336,0
1791585774.2263203,0.6412480715662241,61716115456,0,61741203456,23277338624,61394685952,61394690560,667942400,0,187632840704,121164046336,0
1791585774.8882732,0.6618024930357933,61716201472,0,61741203456,23277338624,61394685952,61394690560,668028416,0,187632861184,121164046336,0
1791585775.5373542,0.6489320192486048,61716316160,0,61741203456,23277338624,61394685952,61394690560,668143104,0,187633197056,121164046336,0
1791585776.1757824,0.638276468962431,61716406272,0,61741203456,23277338624,61394685952,61394690560,668233216,0,187633221632,121164046336,0
1791585776.8142767,0.6383414473384619,61716520960,0,61741203456,23277338624,61394685952,61394690560,668347904,0,187633131520,121164046336,0
1791585777.4574304,0.6430075485259295,61716611072,0,61741203456,23277338624,61394685952,61394690560,668438016,0,187633410048,121164046336,0
1791585778.0994098,0.641829838976264,61716725760,0,61741203456,23277338624,61394685952,61394690560,668552704,0,187633229824,121164046336,0
1791585778.7500875,0.650530556216836,61716815872,0,61741203456,23277338624,61394685952,61394690560,668642816,0,187633524736,121164046336,0
1791585779.3916895,0.6414492521435022,61716930560,0,61741203456,23277338624,61394685952,61394690560,668757504,0,187633328128,121164046336,0
1791585780.0462892,0.6544501073658466,61716930560,0,61741203456,23277338624,61394685952,61394690560,668757504,0,187648741376,121164046336,0
1791585780.690706,0.6442356500774622,61716127744,0,61741203456,23277338624,61394685952,61394690560,667954688,0,187632746496,121164046336,0
1791585781.331017,0.6401632893830538,61716131840,0,61741203456,23277338624,61394685952,61394690560,667958784,0,187633086464,121164046336,0
1791585782.032004,0.7008401863276958,61716221952,0,61741203456,23277338624,61394685952,61394690560,668048896,0,187632689152,121164046336,0
1791585782.6813006,0.6491475906223059,61716336640,0,61741203456,23277338624,61394685952,61394690560,668163584,0,187633045504,121164046336,0
1791585783.3251877,0.6437447369098663,61716426752,0,61741203456,23277338624,61394685952,61394690560,668253696,0,187633061888,121164046336,0
1791585783.979037,0.6536908037960529,61716541440,0,61741203456,23277338624,61394685952,61394690560,668368384,0,187633410048,121164046336,0
1791585784.624496,0.6453084945678711,61716631552,0,61741203456,23277338624,61394685952,61394690560,668458496,0,187633504256,121164046336,0
1791585785.268417,0.6437665149569511,61716746240,0,61741203456,23277338624,61394685952,61394690560,668573184,0,187633635328,121164046336,0
1791585785.9086053,0.6400419808924198,61716836352,0,61741203456,23277338624,61394685952,61394690560,668663296,0,187633881088,121164046336,0
1791585786.5615845,0.6528289206326008,61716951040,0,61741203456,23277338624,61394685952,61394690560,668777984,0,187633418240,121164046336,0
1791585787.2114854,0.6497604567557573,61716951040,0,61741203456,23277338624,61394685952,61394690560,668777984,0,187632824320,121164046336,0
1791585787.8563616,0.6447232346981764,61716140032,0,61741203456,23277338624,61394685952,61394690560,667966976,0,187632844800,121164046336,0
1791585788.5034912,0.6469775289297104,61716144128,0,61741203456,23277338624,61394685952,61394690560,667971072,0,187632934912,121164046336,0
1791585789.332577,0.8289349377155304,61716234240,0,61741203456,23277338624,61394685952,61394690560,668061184,0,187632775168,121164046336,0
1791585789.9789429,0.6462168861180544,61716348928,0,61741203456,23277338624,61394685952,61394690560,668175872,0,187632611328,121164046336,0
1791585790.6297657,0.6506797317415476,61716439040,0,61741203456,23277338624,61394685952,61394690560,668265984,0,187633045504,121164046336,0
1791585791.2684739,0.6385585106909275,61716553728,0,61741203456,23277338624,61394685952,61394690560,668380672,0,187633315840,121164046336,0
1791585791.9178636,0.6492418590933084,61716639744,0,61741203456,23277338624,61394685952,61394690560,668466688,0,187633602560,121164046336,0
1791585792.5566623,0.6386491414159536,61716762624,0,61741203456,23277338624,61394685952,61394690560,668589568,0,187633426432,121164046336,0
1791585793.1950874,0.6382768545299768,61716844544,0,61741203456,23277338624,61394685952,61394690560,668671488,0,187633668096,121164046336,0
1791585793.8433712,0.6481304205954075,61716967424,0,61741203456,23277338624,61394685952,61394690560,668794368,0,187634024448,121164046336,0
1791585794.481402,0.6378825958818197,61716975616,0,61741203456,23277338624,61394685952,61394690560,668802560,0,187633815552,121164046336,0
1791585795.1274774,0.645924998447299,61716979712,0,61741203456,23277338624,61394685952,61394690560,668806656,0,187634253824,121164046336,0
1791585795.7638507,0.6362295672297478,61716987904,0,61741203456,23277338624,61394685952,61394690560,668814848,0,187634286592,121164046336,0
1791585796.4013507,0.6373487114906311,61716996096,0,61741203456,23277338624,61394685952,61394690560,668823040,0,187634380800,121164046336,0
1791585797.0496168,0.6481180433183908,61717000192,0,61741203456,23277338624,61394685952,61394690560,668827136,0,187634462720,121164046336,0
1791585797.688281,0.6385089103132486,61717008384,0,61741203456,23277338624,61394685952,61394690560,668835328,0,187634552832,121164046336,0
1791585798.3317127,0.6432911027222872,61717016576,0,61741203456,23277338624,61394685952,61394690560,668843520,0,187634110464,121164046336,0
1791585798.9746292,0.6427722722291946,61717020672,0,61741203456,23277338624,61394685952,61394690560,668847616,0,187634204672,121164046336,0
1791585799.612365,0.6375854443758726,61717028864,0,61741203456,23277338624,61394685952,61394690560,668855808,0,187634302976,121164046336,0
1791585800.2595809,0.647074107080698,61717028864,0,61741203456,23277338624,61394685952,61394690560,668855808,0,187633864704,121164046336,0
1791585800.9050505,0.6453129164874554,61716103168,0,61741203456,23277338624,61394685952,61394690560,667930112,0,187633565696,121164046336,0
1791585801.5428293,0.6376415397971869,61716107264,0,61741203456,23277338624,61394685952,61394690560,667934208,0,187633664000,121164046336,0
1791585802.1875312,0.6445626467466354,61716193280,0,61741203456,23277338624,61394685952,61394690560,668020224,0,187633938432,121164046336,0
1791585802.8330054,0.6453292034566402,61716307968,0,61741203456,23277338624,61394685952,61394690560,668134912,0,187633524736,121164046336,0
1791585803.4708407,0.637685552239418,61716398080,0,61741203456,23277338624,61394685952,61394690560,668225024,0,187633659904,121164046336,0
1791585804.1211355,0.6501459740102291,61716512768,0,61741203456,23277338624,61394685952,61394690560,668339712,0,187634020352,121164046336,0
1791585804.7609832,0.6397008541971445,61716602880,0,61741203456,23277338624,61394685952,61394690560,668429824,0,187633029120,121164046336,0
1791585805.4138174,0.6526950858533382,61716717568,0,61741203456,23277338624,61394685952,61394690560,668544512,0,187633135616,121164046336,0
1791585806.054166,0.6402027625590563,61716807680,0,61741203456,23277338624,61394685952,61394690560,668634624,0,187633086464,121164046336,0
1791585806.7033553,0.6490349285304546,61716922368,0,61741203456,23277338624,61394685952,61394690560,668749312,0,187633373184,121164046336,0
1791585807.3469913,0.643486600369215,61716922368,0,61741203456,23277338624,61394685952,61394690560,668749312,0,187632463872,121164046336,0
1791585807.986629,0.6394819468259811,61716119552,0,61741203456,23277338624,61394685952,61394690560,667946496,0,187632750592,121164046336,0
1791585808.6314273,0.6446508020162582,61716123648,0,61741203456,23277338624,61394685952,61394690560,667950592,0,187632836608,121164046336,0
1791585809.279892,0.6483189109712839,61716213760,0,61741203456,23277338624,61394685952,61394690560,668040704,0,187632472064,121164046336,0
1791585809.9191895,0.6391503922641277,61716328448,0,61741203456,23277338624,61394685952,61394690560,668155392,0,187632828416,121164046336,0
1791585810.5681133,0.6487780548632145,61716418560,0,61741203456,23277338624,61394685952,61394690560,668245504,0,187633197056,121164046336,0
1791585811.2070384,0.6387728322297335,61716533248,0,61741203456,23277338624,61394685952,61394690560,668360192,0,187633266688,121164046336,0
1791585811.8568542,0.649668836966157,61716623360,0,61741203456,23277338624,61394685952,61394690560,668450304,0,187632963584,121164046336,0
1791585812.49627,0.6392733566462994,61716738048,0,61741203456,23277338624,61394685952,61394690560,668564992,0,187633082368,121164046336,0
1791585813.1429236,0.6465096287429333,61716828160,0,61741203456,23277338624,61394685952,61394690560,668655104,0,187633303552,121164046336,0
1791585813.7824414,0.6393717881292105,61716942848,0,61741203456,23277338624,61394685952,61394690560,668769792,0,187633176576,121164046336,0
1791585814.451416,0.6688305400311947,61716942848,0,61741203456,23277338624,61394685952,61394690560,668769792,0,187632537600,121164046336,0
1791585815.0961246,0.6445632912218571,61716131840,0,61741203456,23277338624,61394685952,61394690560,667958784,0,187632259072,121164046336,0
1791585815.737647,0.6413780245929956,61716135936,0,61741203456,23277338624,61394685952,61394690560,667962880,0,187632545792,121164046336,0
1791585816.3903503,0.652553578838706,61716226048,0,61741203456,23277338624,61394685952,61394690560,668052992,0,187632566272,121164046336,0
1791585817.0286744,0.6381766870617867,61716340736,0,61741203456,23277338624,61394685952,61394690560,668167680,0,187632852992,121164046336,0
1791585817.672431,0.6436101663857698,61716430848,0,61741203456,23277338624,61394685952,61394690560,668257792,0,187632873472,121164046336,0
1791585818.318472,0.6459013316780329,61716545536,0,61741203456,23277338624,61394685952,61394690560,668372480,0,187633213440,121164046336,0
1791585818.9627209,0.6441063079982996,61716635648,0,61741203456,23277338624,61394685952,61394690560,668462592,0,187632816128,121164046336,0
1791585819.6117485,0.648887325078249,61716750336,0,61741203456,23277338624,61394685952,61394690560,668577280,0,187633160192,121164046336,0
1791585820.2502913,0.6383885331451893,61716840448,0,61741203456,23277338624,61394685952,61394690560,668667392,0,187634008064,121164046336,0
1791585820.8980453,0.6476109120994806,61716955136,0,61741203456,23277338624,61394685952,61394690560,668782080,0,187634081792,121164046336,0
1791585821.5376632,0.6394772958010435,61716955136,0,61741203456,23277338624,61394685952,61394690560,668782080,0,187633278976,121164046336,0
1791585822.1805985,0.6427878774702549,61716140032,0,61741203456,23277338624,61394685952,61394690560,667966976,0,187633565696,121164046336,0
1791585822.8234687,0.6427220050245523,61716148224,0,61741203456,23277338624,61394685952,61394690560,667975168,0,187633397760,121164046336,0
1791585823.4617817,0.6381684504449368,61716234240,0,61741203456,23277338624,61394685952,61394690560,668061184,0,187633373184,121164046336,0
1791585824.1067226,0.6447911374270916,61716357120,0,61741203456,23277338624,61394685952,61394690560,668184064,0,187633401856,121164046336,0
1791585824.7503667,0.6434953585267067,61716439040,0,61741203456,23277338624,61394685952,61394690560,668265984,0,187633688576,121164046336,0
1791585825.390266,0.6397468242794275,61716561920,0,61741203456,23277338624,61394685952,61394690560,668388864,0,187634053120,121164046336,0
1791585826.0381637,0.6477519106119871,61716643840,0,61741203456,23277338624,61394685952,61394690560,668470784,0,187634065408,121164046336,0
1791585826.6753843,0.6370660439133644,61716766720,0,61741203456,23277338624,61394685952,61394690560,668593664,0,187634159616,121164046336,0
1791585827.3202755,0.6447414327412844,61716848640,0,61741203456,23277338624,61394685952,61394690560,668675584,0,187634110464,121164046336,0
1791585827.964019,0.6435961127281189,61716971520,0,61741203456,23277338624,61394685952,61394690560,668798464,0,187634446336,121164046336,0
1791585828.6091354,0.6449759751558304,61716979712,0,61741203456,23277338624,61394685952,61394690560,668806656,0,187633971200,121164046336,0
1791585829.26302,0.6537367235869169,61716983808,0,61741203456,23277338624,61394685952,61394690560,668810752,0,187634040832,121164046336,0
1791585829.9058633,0.6426940429955721,61716987904,0,61741203456,23277338624,61394685952,61394690560,668814848,0,187634106368,121164046336,0
1791585830.5527194,0.6467053648084402,61716996096,0,61741203456,23277338624,61394685952,61394690560,668823040,0,187634438144,121164292096,0
1791585831.2008047,0.6479351352900267,61717000192,0,61741203456,23277338624,61394685952,61394690560,668827136,0,187633995776,121164292096,0
1791585831.855248,0.6542940512299538,61717004288,0,61741203456,23277338624,61394685952,61394690560,668831232,0,187633733632,121164292096,0
1791585832.509967,0.65456797555089,61717012480,0,61741203456,23277338624,61394685952,61394690560,668839424,0,187633745920,121164292096,0
1791585833.1589563,0.6488428190350533,61717016576,0,61741203456,23277338624,61394685952,61394690560,668843520,0,187633799168,121164292096,0
1791585833.801439,0.6423374656587839,61717020672,0,61741203456,23277338624,61394685952,61394690560,668847616,0,187634135040,121164292096,0
1791585834.450667,0.6490833293646574,61717020672,0,61741203456,23277338624,61394685952,61394690560,668847616,0,187632893952,121164292096,0
1791585835.0928164,0.6420025955885649,61716107264,0,61741203456,23277338624,61394685952,61394690560,667934208,0,187633242112,121164292096,0
1791585835.7582755,0.665312547236681,61716111360,0,61741203456,23277338624,61394685952,61394690560,667938304,0,187633287168,121164292096,0
1791585836.4042149,0.6457626242190599,61716197376,0,61741203456,23277338624,61394685952,61394690560,668024320,0,187633303552,121164292096,0
1791585837.0471175,0.6427536383271217,61716312064,0,61741203456,23277338624,61394685952,61394690560,668139008,0,187633364992,121164292096,0
1791585837.700397,0.6531314514577389,61716402176,0,61741203456,23277338624,61394685952,61394690560,668229120,0,187633377280,121164292096,0
1791585838.3419127,0.6413716468960047,61716516864,0,61741203456,23277338624,61394685952,61394690560,668343808,0,187633414144,121164292096,0
1791585838.9903426,0.6482694149017334,61716606976,0,61741203456,23277338624,61394685952,61394690560,668433920,0,187633684480,121164214272,0
1791585839.6307983,0.6403100173920393,61716721664,0,61741203456,23277338624,61394685952,61394690560,668548608,0,187633565696,121164214272,0
1791585840.273397,0.6424522697925568,61716811776,0,61741203456,23277338624,61394685952,61394690560,668638720,0,187634159616,121164214272,0
1791585840.9212432,0.6477021407335997,61716926464,0,61741203456,23277338624,61394685952,61394690560,668753408,0,187634114560,121164214272,0
1791585841.563259,0.6418711543083191,61716926464,0,61741203456,23277338624,61394685952,61394690560,668753408,0,187633491968,121164214272,0
1791585842.2100823,0.6466723307967186,61716123648,0,61741203456,23277338624,61394685952,61394690560,667950592,0,187633446912,121164214272,0
1791585842.8596966,0.6495093964040279,61716127744,0,61741203456,23277338624,61394685952,61394690560,667954688,0,187633479680,121164214272,0
1791585843.503375,0.6435396187007427,61716217856,0,61741203456,23277338624,61394685952,61394690560,668044800,0,187633496064,121164214272,0
1791585844.378604,0.8750842604786158,61716332544,0,61741203456,23277338624,61394685952,61394690560,668159488,0,187633823744,121164214272,0
1791585845.118083,0.7393349334597588,61716422656,0,61741203456,23277338624,61394685952,61394690560,668249600,0,187649789952,121164214272,0
1791585845.7732697,0.6550827454775572,61716537344,0,61741203456,23277338624,61394685952,61394690560,668364288,0,187634065408,121164046336,0
1791585846.4162202,0.6428044512867928,61716627456,0,61741203456,23277338624,61394685952,61394690560,668454400,0,187633979392,121164046336,0
1791585847.063758,0.6473944205790758,61716742144,0,61741203456,23277338624,61394685952,61394690560,668569088,0,187633840128,121164046336,0
1791585847.7079608,0.6440564095973969,61716832256,0,61741203456,23277338624,61394685952,61394690560,668659200,0,187634094080,121164046336,0
1791585848.355521,0.6474125441163778,61716946944,0,61741203456,23277338624,61394685952,61394690560,668773888,0,187634151424,121164046336,0
1791585849.011465,0.6557228472083807,61716946944,0,61741203456,23277338624,61394685952,61394690560,668773888,0,187632668672,121164046336,0
1791585849.7107203,0.6980659980326891,61716135936,0,61741203456,23277338624,61394685952,61394690560,667962880,0,187632988160,121164046336,0
1791585850.3775132,0.6666472628712654,61716140032,0,61741203456,23277338624,61394685952,61394690560,667966976,0,187632451584,121164046336,0
1791585851.0394616,0.6617937125265598,61716230144,0,61741203456,23277338624,61394685952,61394690560,668057088,0,187632537600,121164046336,0
1791585851.6858714,0.646260304376483,61716344832,0,61741203456,23277338624,61394685952,61394690560,668171776,0,187632631808,121164046336,0
1791585852.3451238,0.6591074485331774,61716434944,0,61741203456,23277338624,61394685952,61394690560,668261888,0,187632893952,121164046336,0
1791585852.9899716,0.6447009220719337,61716549632,0,61741203456,23277338624,61394685952,61394690560,668376576,0,187633229824,121164046336,0
1791585853.9908648,1.0007498264312744,61716639744,0,61741203456,23277338624,61394685952,61394690560,668466688,0,187633008640,121164046336,0
1791585854.7196987,0.7286851890385151,61716754432,0,61741203456,23277338624,61394685952,61394690560,668581376,0,187633319936,121164046336,0
1791585855.3757555,0.655912259593606,61716840448,0,61741203456,23277338624,61394685952,61394690560,668667392,0,187633725440,121164046336,0
1791585856.0195699,0.6436510570347309,61716963328,0,61741203456,23277338624,61394685952,61394690560,668790272,0,187633954816,121164046336,0
1791585856.668978,0.649262297898531,61716963328,0,61741203456,23277338624,61394685952,61394690560,668790272,0,187632574464,121164046336,0
1791585857.324341,0.655222637578845,61716144128,0,61741203456,23277338624,61394685952,61394690560,667971072,0,187632779264,121164046336,0
1791585857.9704206,0.6459305863827467,61716152320,0,61741203456,23277338624,61394685952,61394690560,667979264,0,187632664576,121164046336,0
1791585858.6373286,0.6667591165751219,61716234240,0,61741203456,23277338624,61394685952,61394690560,668061184,0,187632627712,121164046336,0
1791585859.2935364,0.6560669112950563,61716357120,0,61741203456,23277338624,61394685952,61394690560,668184064,0,187632963584,121164046336,0
1791585859.9413142,0.6476301234215498,61716439040,0,61741203456,23277338624,61394685952,61394690560,668265984,0,187632816128,121164046336,0
1791585860.596043,0.6545824445784092,61716561920,0,61741203456,23277338624,61394685952,61394690560,668388864,0,187633528832,121164046336,0
1791585861.2481306,0.6519452147185802,61716643840,0,61741203456,23277338624,61394685952,61394690560,668470784,0,187633774592,121164046336,0
1791585861.8948624,0.6465794611722231,61716766720,0,61741203456,23277338624,61394685952,61394690560,668593664,0,187633840128,121164046336,0
1791585862.5519657,0.6569546926766634,61716848640,0,61741203456,23277338624,61394685952,61394690560,668675584,0,187633840128,121164046336,0
1791585863.2020638,0.6499527338892221,61716971520,0,61741203456,23277338624,61394685952,61394690560,668798464,0,187633840128,121164046336,0
1791585863.857388,0.6551998276263475,61716979712,0,61741203456,23277338624,61394685952,61394690560,668806656,0,187633795072,121164046336,0
1791585864.5057073,0.6481707487255335,61716983808,0,61741203456,23277338624,61394685952,61394690560,668810752,0,187633864704,121164046336,0
1791585865.1509695,0.6451168600469828,61716987904,0,61741203456,23277338624,61394685952,61394690560,668814848,0,187634270208,121164046336,0
1791585865.8037326,0.6526157893240452,61716996096,0,61741203456,23277338624,61394685952,61394690560,668823040,0,187634184192,121164046336,0
1791585866.4491699,0.6452871542423964,61717000192,0,61741203456,23277338624,61394685952,61394690560,668827136,0,187634171904,121164046336,0
1791585867.1001205,0.6507988832890987,61717004288,0,61741203456,23277338624,61394685952,61394690560,668831232,0,187634122752,121164046336,0
1791585867.7485712,0.6482949424535036,61717012480,0,61741203456,23277338624,61394685952,61394690560,668839424,0,187634077696,121164046336,0
1791585868.3942208,0.6455038785934448,61717016576,0,61741203456,23277338624,61394685952,61394690560,668843520,0,187634098176,121164046336,0
1791585869.0488229,0.6544619612395763,61717020672,0,61741203456,23277338624,61394685952,61394690560,668847616,0,187634053120,121164046336,0
1791585869.7011113,0.6521456390619278,61717020672,0,61741203456,23277338624,61394685952,61394690560,668847616,0,187633278976,121164046336,0
1791585870.3470054,0.6457506790757179,61716111360,0,61741203456,23277338624,61394685952,61394690560,667938304,0,187633860608,121164046336,0
1791585871.0033233,0.6561783440411091,61716115456,0,61741203456,23277338624,61394685952,61394690560,667942400,0,187633917952,121164046336,0
1791585871.6490812,0.6456151120364666,61716201472,0,61741203456,23277338624,61394685952,61394690560,668028416,0,187633713152,121164046336,0
1791585872.3044605,0.6552631836384535,61716316160,0,61741203456,23277338624,61394685952,61394690560,668143104,0,187633070080,121164046336,0
1791585872.9487832,0.6441779974848032,61716406272,0,61741203456,23277338624,61394685952,61394690560,668233216,0,187633356800,121164046336,0
1791585873.5987287,0.6498068813234568,61716520960,0,61741203456,23277338624,61394685952,61394690560,668347904,0,187633430528,121164046336,0
1791585874.248197,0.649314483627677,61716611072,0,61741203456,23277338624,61394685952,61394690560,668438016,0,187633700864,121164046336,0
1791585874.8911817,0.642840564250946,61716725760,0,61741203456,23277338624,61394685952,61394690560,668552704,0,187633496064,121164046336,0
1791585875.5387156,0.6473911460489035,61716815872,0,61741203456,23277338624,61394685952,61394690560,668642816,0,187633954816,121164046336,0
1791585876.1857495,0.6468865610659122,61716930560,0,61741203456,23277338624,61394685952,61394690560,668757504,0,187633762304,121164046336,0
1791585876.8317373,0.6458409447222948,61716930560,0,61741203456,23277338624,61394685952,61394690560,668757504,0,187633156096,121164046336,0
1791585877.4784257,0.646539144217968,61716127744,0,61741203456,23277338624,61394685952,61394690560,667954688,0,187633106944,121164046336,0
1791585878.127511,0.6488662958145142,61716131840,0,61741203456,23277338624,61394685952,61394690560,667958784,0,187632951296,121164046336,0
1791585878.7691824,0.6415246352553368,61716221952,0,61741203456,23277338624,61394685952,61394690560,668048896,0,187633483776,121164046336,0
1791585879.4245467,0.6552143320441246,61716336640,0,61741203456,23277338624,61394685952,61394690560,668163584,0,187633291264,121164046336,0
1791585880.0690708,0.6443792190402746,61716426752,0,61741203456,23277338624,61394685952,61394690560,668253696,0,187633664000,121164046336,0
1791585880.7220578,0.652869638055563,61716541440,0,61741203456,23277338624,61394685952,61394690560,668368384,0,187633876992,121164046336,0
1791585881.3650715,0.6428859569132328,61716631552,0,61741203456,23277338624,61394685952,61394690560,668458496,0,187633627136,121164046336,0
1791585882.0098717,0.6446856185793877,61716746240,0,61741203456,23277338624,61394685952,61394690560,668573184,0,187633557504,121164046336,0
1791585882.6565359,0.64652294293046,61716836352,0,61741203456,23277338624,61394685952,61394690560,668663296,0,187633831936,121164046336,0
1791585883.3228793,0.6662018038332462,61716951040,0,61741203456,23277338624,61394685952,61394690560,668777984,0,187633889280,121164046336,0
1791585883.9643826,0.6413507983088493,61716951040,0,61741203456,23277338624,61394685952,61394690560,668777984,0,187633311744,121164046336,0
1791585884.610499,0.6459698416292667,61716140032,0,61741203456,23277338624,61394685952,61394690560,667966976,0,187633283072,121164046336,0
1791585885.259944,0.6493041384965181,61716144128,0,61741203456,23277338624,61394685952,61394690560,667971072,0,187632582656,121164046336,0
1791585885.9578805,0.6977134216576815,61716234240,0,61741203456,23277338624,61394685952,61394690560,668061184,0,187632590848,121164046336,0
1791585886.6029563,0.6449247002601624,61716348928,0,61741203456,23277338624,61394685952,61394690560,668175872,0,187632680960,121164046336,0
1791585887.2456357,0.6425356902182102,61716439040,0,61741203456,23277338624,61394685952,61394690560,668265984,0,187632959488,121164046336,0
1791585887.893478,0.6476990357041359,61716553728,0,61741203456,23277338624,61394685952,61394690560,668380672,0,187632783360,121164046336,0
1791585888.5345392,0.6409112326800823,61716639744,0,61741203456,23277338624,61394685952,61394690560,668466688,0,187633070080,121164046336,0
1791585889.1819694,0.6472862884402275,61716762624,0,61741203456,23277338624,61394685952,61394690560,668589568,0,187633315840,121164046336,0
1791585889.823499,0.6413837112486362,61716844544,0,61741203456,23277338624,61394685952,61394690560,668671488,0,187633340416,121164046336,0
1791585890.463636,0.6399903167039156,61716967424,0,61741203456,23277338624,61394685952,61394690560,668794368,0,187633676288,121164046336,0
1791585891.1082642,0.6444820091128349,61716975616,0,61741203456,23277338624,61394685952,61394690560,668802560,0,187633987584,121164046336,0
1791585891.747714,0.63930569216609,61716979712,0,61741203456,23277338624,61394685952,61394690560,668806656,0,187634077696,121164046336,0
1791585892.3965635,0.6486992128193378,61716987904,0,61741203456,23277338624,61394685952,61394690560,668814848,0,187634118656,121164046336,0
1791585893.0366907,0.639964098110795,61716996096,0,61741203456,23277338624,61394685952,61394690560,668823040,0,187633942528,121164046336,0
1791585893.6766646,0.6398293692618608,61717000192,0,61741203456,23277338624,61394685952,61394690560,668827136,0,187633786880,121164046336,0
1791585894.3220606,0.6452476847916842,61717008384,0,61741203456,23277338624,61394685952,61394690560,668835328,0,187633807360,121164046336,0
1791585894.961922,0.639732901006937,61717016576,0,61741203456,23277338624,61394685952,61394690560,668843520,0,187634577408,121164046336,0
1791585895.6019852,0.6399212405085564,61717020672,0,61741203456,23277338624,61394685952,61394690560,668847616,0,187634716672,121164267520,0
1791585896.2555888,0.6534416303038597,61717028864,0,61741203456,23277338624,61394685952,61394690560,668855808,0,187633893376,121164005376,0
1791585896.8961825,0.6404496841132641,61717028864,0,61741203456,23277338624,61394685952,61394690560,668855808,0,187633074176,121164005376,0
1791585897.54792,0.6515932157635689,61716103168,0,61741203456,23277338624,61394685952,61394690560,667930112,0,187633029120,121164005376,0
1791585898.1876643,0.6395975165069103,61716107264,0,61741203456,23277338624,61394685952,61394690560,667934208,0,187632824320,121164005376,0
1791585898.8330095,0.6452040895819664,61716193280,0,61741203456,23277338624,61394685952,61394690560,668020224,0,187633082368,121164005376,0
1791585899.4775739,0.6444206964224577,61716307968,0,61741203456,23277338624,61394685952,61394690560,668134912,0,187633172480,121164005376,0
1791585900.1176374,0.6399139333516359,61716398080,0,61741203456,23277338624,61394685952,61394690560,668225024,0,187633745920,121164005376,0
1791585900.7645252,0.646740360185504,61716512768,0,61741203456,23277338624,61394685952,61394690560,668339712,0,187633446912,121164005376,0
1791585901.411338,0.6466645896434784,61716602880,0,61741203456,23277338624,61394685952,61394690560,668429824,0,187633442816,121164005376,0
1791585902.0549839,0.6435026526451111,61716717568,0,61741203456,23277338624,61394685952,61394690560,668544512,0,187633696768,121164005376,0
1791585902.9218152,0.8666840866208076,61716807680,0,61741203456,23277338624,61394685952,61394690560,668634624,0,187633700864,121164005376,0
1791585903.5674815,0.6455212663859129,61716922368,0,61741203456,23277338624,61394685952,61394690560,668749312,0,187633876992,121164005376,0
1791585904.2208347,0.6532071586698294,61716922368,0,61741203456,23277338624,61394685952,61394690560,668749312,0,187632545792,121164005376,0
1791585904.876405,0.6554043777287006,61716119552,0,61741203456,23277338624,61394685952,61394690560,667946496,0,187632443392,121164005376,0
1791585905.522947,0.646394457668066,61716123648,0,61741203456,23277338624,61394685952,61394690560,667950592,0,187632709632,121164005376,0
1791585906.1753504,0.6522541120648384,61716213760,0,62294851584,22723690496,61394685952,61394690560,1221688832,0,187632984064,121164005376,0
1791585906.832913,0.6574171259999275,61716328448,0,62294851584,22723690496,61394685952,61394690560,1221803520,0,187633123328,121164005376,0
1791585907.793602,0.9605461750179529,61716418560,0,61741203456,23277338624,61394685952,61394690560,668245504,0,187633340416,121164005376,0
1791585908.4412305,0.6474860459566116,61716533248,0,61741203456,23277338624,61394685952,61394690560,668360192,0,187632824320,121164005376,0
1791585909.088409,0.6470372248440981,61716623360,0,61741203456,23277338624,61394685952,61394690560,668450304,0,187633106944,121164005376,0
1791585909.7365732,0.6480200160294771,61716738048,0,61741203456,23277338624,61394685952,61394690560,668564992,0,187633451008,121164005376,0
1791585910.380418,0.6436975430697203,61716828160,0,61741203456,23277338624,61394685952,61394690560,668655104,0,187633987584,121163849728,0
1791585911.035114,0.6545532532036304,61716942848,0,61741203456,23277338624,61394685952,61394690560,668769792,0,187633782784,121163849728,0
1791585911.6808107,0.6455493159592152,61716942848,0,61741203456,23277338624,61394685952,61394690560,668769792,0,187632537600,121163849728,0
1791585912.3228424,0.6418844107538462,61716131840,0,61741203456,23277338624,61394685952,61394690560,667958784,0,187632693248,121163849728,0
1791585912.966852,0.6438643205910921,61716135936,0,61741203456,23277338624,61394685952,61394690560,667962880,0,187632705536,121163849728,0
1791585913.6081,0.641099551692605,61716226048,0,61741203456,23277338624,61394685952,61394690560,668052992,0,187632918528,121163849728,0
1791585914.2884638,0.6802153997123241,61716340736,0,61741203456,23277338624,61394685952,61394690560,668167680,0,187633004544,121163849728,0
1791585914.9285367,0.6399262435734272,61716430848,0,61741203456,23277338624,61394685952,61394690560,668257792,0,187633430528,121163849728,0
1791585915.5761604,0.6474787201732397,61716545536,0,61741203456,23277338624,61394685952,61394690560,668372480,0,187633516544,121163849728,0
1791585916.215256,0.638938395306468,61716635648,0,61741203456,23277338624,61394685952,61394690560,668462592,0,187633430528,121163849728,0
1791585916.8824956,0.6670960448682308,61716750336,0,61741203456,23277338624,61394685952,61394690560,668577280,0,187633487872,121163849728,0
1791585917.534226,0.6515860017389059,61716840448,0,61741203456,23277338624,61394685952,61394690560,668667392,0,187633684480,121163849728,0
1791585918.173881,0.6395071595907211,61716955136,0,61741203456,23277338624,61394685952,61394690560,668782080,0,187633975296,121163849728,0
1791585918.818326,0.6443010214716196,61716955136,0,61741203456,23277338624,61394685952,61394690560,668782080,0,187632799744,121163849728,0
1791585919.4714546,0.6529857162386179,61716140032,0,61741203456,23277338624,61394685952,61394690560,667966976,0,187632738304,121163849728,0
1791585920.1127973,0.6411960907280445,61716148224,0,61741203456,23277338624,61394685952,61394690560,667975168,0,187633377280,121163849728,0
1791585920.7637644,0.6508259084075689,61716234240,0,61741203456,23277338624,61394685952,61394690560,668061184,0,187632971776,121163849728,0
1791585921.404208,0.6403005942702293,61716357120,0,61741203456,23277338624,61394685952,61394690560,668184064,0,187633197056,121163849728,0
1791585922.0731869,0.6688343919813633,61716439040,0,61741203456,23277338624,61394685952,61394690560,668265984,0,187633217536,121163849728,0
1791585922.733539,0.6602082569152117,61716561920,0,61741203456,23277338624,61394685952,61394690560,668388864,0,187633496064,121163849728,0
1791585923.3754494,0.6417681481689215,61716643840,0,61741203456,23277338624,61394685952,61394690560,668470784,0,187633762304,121163849728,0
1791585924.0294583,0.6538641043007374,61716766720,0,61741203456,23277338624,61394685952,61394690560,668593664,0,187633602560,121163849728,0
1791585924.6753569,0.6457537692040205,61716848640,0,61741203456,23277338624,61394685952,61394690560,668675584,0,187633876992,121163849728,0
1791585925.3263657,0.650865999981761,61716971520,0,61741203456,23277338624,61394685952,61394690560,668798464,0,187633598464,121163849728,0
1791585925.9771807,0.6506722904741764,61716979712,0,61741203456,23277338624,61394685952,61394690560,668806656,0,187633754112,121163849728,0
1791585926.62266,0.6453364714980125,61716983808,0,61741203456,23277338624,61394685952,61394690560,668810752,0,187633827840,121163849728,0
1791585927.275819,0.6530143935233355,61716987904,0,61741203456,23277338624,61394685952,61394690560,668814848,0,187633917952,121163849728,0
1791585927.9267614,0.65079565346241,61716996096,0,61741203456,23277338624,61394685952,61394690560,668823040,0,187633381376,121163849728,0
1791585928.5727432,0.6458376161754131,61717000192,0,61741203456,23277338624,61394685952,61394690560,668827136,0,187633364992,121163849728,0
1791585929.2238734,0.6509878244251013,61717004288,0,61741203456,23277338624,61394685952,61394690560,668831232,0,187633455104,121163849728,0
1791585929.8686962,0.6446819808334112,61717012480,0,61741203456,23277338624,61394685952,61394690560,668839424,0,187633545216,121163849728,0
1791585930.5207863,0.6519431248307228,61717016576,0,61741203456,23277338624,61394685952,61394690560,668843520,0,187633836032,121163849728,0
1791585931.1647332,0.6437983755022287,61717020672,0,61741203456,23277338624,61394685952,61394690560,668847616,0,187633803264,121163849728,0
1791585931.8081992,0.6433239988982677,61717020672,0,61741203456,23277338624,61394685952,61394690560,668847616,0,187632746496,121163849728,0
1791585932.4530225,0.6446771807968616,61716107264,0,61741203456,23277338624,61394685952,61394690560,667934208,0,187633090560,121163849728,0
1791585933.0952063,0.6420392319560051,61716111360,0,61741203456,23277338624,61394685952,61394690560,667938304,0,187632910336,121163849728,0
1791585933.737772,0.642428508028388,61716197376,0,61741203456,23277338624,61394685952,61394690560,668024320,0,187632971776,121163849728,0
1791585934.3866675,0.6487467773258686,61716312064,0,61741203456,23277338624,61394685952,61394690560,668139008,0,187633065984,121163849728,0
1791585935.0299559,0.6431348249316216,61716402176,0,61741203456,23277338624,61394685952,61394690560,668229120,0,187633303552,121163849728,0
1791585935.6807115,0.6506096161901951,61716516864,0,61741203456,23277338624,61394685952,61394690560,668343808,0,187633217536,121163849728,0
1791585936.3305306,0.6496771685779095,61716606976,0,61741203456,23277338624,61394685952,61394690560,668433920,0,187633463296,121163849728,0
1791585936.9721413,0.6414630748331547,61716721664,0,61741203456,23277338624,61394685952,61394690560,668548608,0,187633541120,121163849728,0
1791585937.6147676,0.6424738150089979,61716811776,0,61741203456,23277338624,61394685952,61394690560,668638720,0,187633557504,121163849728,0
1791585938.261379,0.6464683432132006,61716926464,0,61741203456,23277338624,61394685952,61394690560,668753408,0,187633913856,121163849728,0
1791585938.9036639,0.6421382278203964,61716926464,0,61741203456,23277338624,61394685952,61394690560,668753408,0,187633033216,121163849728,0
1791585939.5523193,0.6485137678682804,61716123648,0,61741203456,23277338624,61394685952,61394690560,667950592,0,187632836608,121163849728,0
1791585940.195204,0.6427400652319193,61716127744,0,61741203456,23277338624,61394685952,61394690560,667954688,0,187633061888,121163849728,0
1791585940.849786,0.6544380411505699,61716217856,0,61741203456,23277338624,61394685952,61394690560,668044800,0,187632955392,121163849728,0
1791585941.4952056,0.6452749781310558,61716332544,0,61741203456,23277338624,61394685952,61394690560,668159488,0,187633225728,121163849728,0
1791585942.1388736,0.6435162834823132,61716422656,0,61741203456,23277338624,61394685952,61394690560,668249600,0,187633258496,121163849728,0
1791585942.7921736,0.6531536988914013,61716537344,0,61741203456,23277338624,61394685952,61394690560,668364288,0,187633184768,121163849728,0
1791585943.435461,0.6431337278336287,61716627456,0,61741203456,23277338624,61394685952,61394690560,668454400,0,187633467392,121163849728,0
1791585944.0766857,0.6410813685506582,61716742144,0,61741203456,23277338624,61394685952,61394690560,668569088,0,187633299456,121163849728,0
1791585944.7264333,0.6495975814759731,61716832256,0,61741203456,23277338624,61394685952,61394690560,668659200,0,187633577984,121163849728,0
1791585945.3688545,0.6422770358622074,61716946944,0,61741203456,23277338624,61394685952,61394690560,668773888,0,187633938432,121163849728,0
1791585946.0129545,0.6439523510634899,61716946944,0,61741203456,23277338624,61394685952,61394690560,668773888,0,187633373184,121163849728,0
1791585946.6615393,0.6484423689544201,61716135936,0,61741203456,23277338624,61394685952,61394690560,667962880,0,187633303552,121163849728,0
1791585947.305789,0.644102193415165,61716140032,0,61741203456,23277338624,61394685952,61394690560,667966976,0,187632631808,121163849728,0
1791585947.9559028,0.6499697454273701,61716230144,0,61741203456,23277338624,61394685952,61394690560,668057088,0,187632914432,121163849728,0
1791585948.602092,0.6460445541888475,61716344832,0,61741203456,23277338624,61394685952,61394690560,668171776,0,187632848896,121163849728,0
1791585949.252022,0.6497882045805454,61716434944,0,61741203456,23277338624,61394685952,61394690560,668261888,0,187632865280,121163849728,0
1791585949.8959715,0.6438100561499596,61716549632,0,61741203456,23277338624,61394685952,61394690560,668376576,0,187633147904,121163849728,0
1791585950.5427306,0.6466169599443674,61716639744,0,61741203456,23277338624,61394685952,61394690560,668466688,0,187633188864,121163849728,0
1791585951.194023,0.6511507071554661,61716754432,0,61741203456,23277338624,61394685952,61394690560,668581376,0,187633520640,121163849728,0
1791585951.8391418,0.6449743527919054,61716840448,0,61741203456,23277338624,61394685952,61394690560,668667392,0,187633537024,121163849728,0
1791585952.483673,0.6443831045180559,61716963328,0,61741203456,23277338624,61394685952,61394690560,668790272,0,187633627136,121163849728,0
1791585953.1366434,0.6528276987373829,61716963328,0,61741203456,23277338624,61394685952,61394690560,668790272,0,187632775168,121163849728,0
1791585953.7786407,0.6418497562408447,61716144128,0,61741203456,23277338624,61394685952,61394690560,667971072,0,187632791552,121163849728,0
1791585954.4249418,0.6461599860340357,61716152320,0,61741203456,23277338624,61394685952,61394690560,667979264,0,187632824320,121163849728,0
1791585955.0759535,0.6508662924170494,61716234240,0,61741203456,23277338624,61394685952,61394690560,668061184,0,187633369088,121163849728,0
1791585955.7214441,0.6453491002321243,61716357120,0,61741203456,23277338624,61394685952,61394690560,668184064,0,187633242112,121163849728,0
1791585956.3923364,0.6707451604306698,61716439040,0,61741203456,23277338624,61394685952,61394690560,668265984,0,187633426432,121163849728,0
1791585957.0383875,0.6459067054092884,61716561920,0,61741203456,23277338624,61394685952,61394690560,668388864,0,187633446912,121163849728,0
1791585957.692513,0.6539812721312046,61716643840,0,61741203456,23277338624,61394685952,61394690560,668470784,0,187633672192,121163849728,0
1791585958.3336606,0.6410031095147133,61716766720,0,61741203456,23277338624,61394685952,61394690560,668593664,0,187633696768,121163849728,0
1791585958.9915268,0.657719099894166,61716848640,0,61741203456,23277338624,61394685952,61394690560,668675584,0,187633758208,121163849728,0
1791585959.6476185,0.655952824279666,61716971520,0,61741203456,23277338624,61394685952,61394690560,668798464,0,187633762304,121163849728,0
1791585960.2935216,0.645759915933013,61716979712,0,61741203456,23277338624,61394685952,61394690560,668806656,0,187634753536,121163849728,0
1791585960.9461594,0.6524939630180597,61716983808,0,61741203456,23277338624,61394685952,61394690560,668810752,0,187634515968,121164238848,0
1791585961.604236,0.6579315271228552,61716987904,0,61741203456,23277338624,61394685952,61394690560,668814848,0,187634475008,121164238848,0
1791585962.2494287,0.6450311113148928,61716996096,0,61741203456,23277338624,61394685952,61394690560,668823040,0,187634073600,121164238848,0
1791585962.9001744,0.6506064925342798,61717000192,0,61741203456,23277338624,61394685952,61394690560,668827136,0,187634012160,121164238848,0
1791585963.5466154,0.6462931390851736,61717004288,0,61741203456,23277338624,61394685952,61394690560,668831232,0,187634061312,121164238848,0
1791585964.2090259,0.6622637435793877,61717012480,0,61741203456,23277338624,61394685952,61394690560,668839424,0,187634008064,121164238848,0
1791585964.8586702,0.6495013348758221,61717016576,0,61741203456,23277338624,61394685952,61394690560,668843520,0,187634044928,121164238848,0
1791585965.5038626,0.6450501661747694,61717020672,0,61741203456,23277338624,61394685952,61394690560,668847616,0,187634008064,121164238848,0
1791585966.1595774,0.6555724572390318,61717020672,0,61741203456,23277338624,61394685952,61394690560,668847616,0,187633037312,121164238848,0
1791585966.8038487,0.6441203393042088,61716111360,0,61741203456,23277338624,61394685952,61394690560,667938304,0,187633184768,121164238848,0
1791585967.4674065,0.6634115912020206,61716115456,0,61741203456,23277338624,61394685952,61394690560,667942400,0,187633262592,121164238848,0
1791585968.1093986,0.6418480165302753,61716201472,0,61741203456,23277338624,61394685952,61394690560,668028416,0,187633299456,121164238848,0
1791585968.7530887,0.6435484085232019,61716316160,0,61741203456,23277338624,61394685952,61394690560,668143104,0,187633475584,121164238848,0
1791585969.3965478,0.6433606706559658,61716406272,0,61741203456,23277338624,61394685952,61394690560,668233216,0,187633377280,121164238848,0
1791585970.084197,0.6874991357326508,61716520960,0,61741203456,23277338624,61394685952,61394690560,668347904,0,187633422336,121164238848,0
1791585970.729255,0.6449178904294968,61716611072,0,61741203456,23277338624,61394685952,61394690560,668438016,0,187633528832,121164238848,0
1791585971.3731244,0.6437304578721523,61716725760,0,61741203456,23277338624,61394685952,61394690560,668552704,0,187633422336,121164238848,0
1791585972.0288348,0.655564533546567,61716815872,0,61741203456,23277338624,61394685952,61394690560,668642816,0,187633430528,121164238848,0
1791585972.671986,0.642985513433814,61716930560,0,61741203456,23277338624,61394685952,61394690560,668757504,0,187633680384,121163993088,0
1791585973.3463929,0.6742677595466375,61716930560,0,61741203456,23277338624,61394685952,61394690560,668757504,0,187632750592,121163993088,0
1791585973.989112,0.6425767783075571,61716127744,0,61741203456,23277338624,61394685952,61394690560,667954688,0,187632836608,121163993088,0
1791585974.640166,0.6509052738547325,61716131840,0,61741203456,23277338624,61394685952,61394690560,667958784,0,187632799744,121163993088,0
1791585975.290503,0.6501815915107727,61716221952,0,61741203456,23277338624,61394685952,61394690560,668048896,0,187633086464,121163849728,0
1791585975.9330728,0.6424262896180153,61716336640,0,61741203456,23277338624,61394685952,61394690560,668163584,0,187633070080,121163849728,0
1791585976.575345,0.6421572994440794,61716426752,0,61741203456,23277338624,61394685952,61394690560,668253696,0,187633328128,121163849728,0
1791585977.2260551,0.6505617368966341,61716541440,0,61741203456,23277338624,61394685952,61394690560,668368384,0,187633065984,121163849728,0
1791585977.8750653,0.6488789804279804,61716631552,0,61741203456,23277338624,61394685952,61394690560,668458496,0,187633078272,121163849728,0
1791585978.5312421,0.6560518275946379,61716746240,0,61741203456,23277338624,61394685952,61394690560,668573184,0,187633053696,121163849728,0
1791585979.2015219,0.6701107416301966,61716836352,0,61741203456,23277338624,61394685952,61394690560,668663296,0,187633315840,121163849728,0
1791585979.8458817,0.6442126501351595,61716951040,0,61741203456,23277338624,61394685952,61394690560,668777984,0,187633549312,121163849728,0
1791585980.506049,0.6600241828709841,61716951040,0,61741203456,23277338624,61394685952,61394690560,668777984,0,187632562176,121163849728,0
1791585981.1471326,0.6409462951123714,61716140032,0,61741203456,23277338624,61394685952,61394690560,667966976,0,187632504832,121163849728,0
1791585981.79379,0.6465061325579882,61716144128,0,61741203456,23277338624,61394685952,61394690560,667971072,0,187632717824,121163849728,0
1791585982.436181,0.6422389633953571,61716234240,0,61741203456,23277338624,61394685952,61394690560,668061184,0,187632664576,121163849728,0
1791585983.0804846,0.6441582776606083,61716348928,0,61741203456,23277338624,61394685952,61394690560,668175872,0,187632992256,121163849728,0
1791585983.7532878,0.6726560648530722,61716439040,0,61741203456,23277338624,61394685952,61394690560,668265984,0,187632984064,121163849728,0
1791585984.3978603,0.6444260682910681,61716553728,0,61741203456,23277338624,61394685952,61394690560,668380672,0,187633004544,121163849728,0
1791585985.0476773,0.6496734526008368,61716639744,0,61741203456,23277338624,61394685952,61394690560,668466688,0,187649175552,121163849728,0
1791585985.6911404,0.6433206722140312,61716762624,0,61741203456,23277338624,61394685952,61394690560,668589568,0,187633242112,121163849728,0
1791585986.336555,0.6452655084431171,61716844544,0,61741203456,23277338624,61394685952,61394690560,668671488,0,187633377280,121163849728,0
1791585986.9884129,0.651712242513895,61716967424,0,61741203456,23277338624,61394685952,61394690560,668794368,0,187633451008,121163849728,0
1791585987.6349566,0.6463988162577152,61716975616,0,61741203456,23277338624,61394685952,61394690560,668802560,0,187633414144,121163849728,0
1791585988.2765896,0.6414919793605804,61716979712,0,61741203456,23277338624,61394685952,61394690560,668806656,0,187633410048,121163849728,0
1791585988.9234602,0.6467298921197653,61716987904,0,61741203456,23277338624,61394685952,61394690560,668814848,0,187633471488,121163849728,0
1791585989.571409,0.6478033307939768,61716996096,0,61741203456,23277338624,61394685952,61394690560,668823040,0,187633389568,121163849728,0
1791585990.2538798,0.682330222800374,61717000192,0,61741203456,23277338624,61394685952,61394690560,668827136,0,187634065408,121163849728,0
1791585990.9043052,0.6502821985632181,61717008384,0,61741203456,23277338624,61394685952,61394690560,668835328,0,187633790976,121163849728,0
1791585991.5488381,0.6443873289972544,61717016576,0,61741203456,23277338624,61394685952,61394690560,668843520,0,187633778688,121163849728,0
1791585992.2020879,0.6530989594757557,61717020672,0,61741203456,23277338624,61394685952,61394690560,668847616,0,187633672192,121163849728,0
1791585992.843962,0.6417179964482784,61717028864,0,61741203456,23277338624,61394685952,61394690560,668855808,0,187633664000,121163849728,0
1791585993.4957464,0.6516378298401833,61717028864,0,61741203456,23277338624,61394685952,61394690560,668855808,0,187633016832,121163849728,0
1791585994.473356,0.9774496760219336,61716103168,0,61741203456,23277338624,61394685952,61394690560,667930112,0,187632656384,121163849728,0
1791585995.2419927,0.7684908155351877,61716107264,0,61741203456,23277338624,61394685952,61394690560,667934208,0,187633405952,121163849728,0
1791585995.8948128,0.6526683438569307,61716193280,0,61741203456,23277338624,61394685952,61394690560,668020224,0,187632848896,121163849728,0
1791585996.5479658,0.6530051603913307,61716307968,0,61741203456,23277338624,61394685952,61394690560,668134912,0,187632791552,121163849728,0
1791585997.1949995,0.6468937378376722,61716398080,0,61741203456,23277338624,61394685952,61394690560,668225024,0,187633078272,121163849728,0
1791585997.8460026,0.6508605405688286,61716512768,0,61741203456,23277338624,61394685952,61394690560,668339712,0,187633319936,121163849728,0
1791585998.4893765,0.6432227119803429,61716602880,0,61741203456,23277338624,61394685952,61394690560,668429824,0,187633197056,121163849728,0
1791585999.1507676,0.6612517423927784,61716717568,0,61741203456,23277338624,61394685952,61394690560,668544512,0,187633086464,121163849728,0
1791585999.811767,0.6608537826687098,61716807680,0,61741203456,23277338624,61394685952,61394690560,668634624,0,187633287168,121163849728,0
1791586000.454035,0.6421276610344648,61716922368,0,61741203456,23277338624,61394685952,61394690560,668749312,0,187633446912,121163849728,0
1791586001.1082952,0.6541113406419754,61716922368,0,61741203456,23277338624,61394685952,61394690560,668749312,0,187632902144,121163849728,0
1791586001.752447,0.6440102681517601,61716119552,0,61741203456,23277338624,61394685952,61394690560,667946496,0,187632967680,121163849728,0
1791586002.3961265,0.6435289401561022,61716123648,0,61741203456,23277338624,61394685952,61394690560,667950592,0,187632975872,121163849728,0
1791586003.0654075,0.669127682223916,61716213760,0,61741203456,23277338624,61394685952,61394690560,668040704,0,187632508928,121163849728,0
1791586003.7120583,0.6465095710009336,61716328448,0,61741203456,23277338624,61394685952,61394690560,668155392,0,187633041408,121163849728,0
1791586004.3613253,0.6491376627236605,61716418560,0,61741203456,23277338624,61394685952,61394690560,668245504,0,187632680960,121163849728,0
1791586005.0388055,0.6773335691541433,61716533248,0,61741203456,23277338624,61394685952,61394690560,668360192,0,187637444608,121163849728,0
1791586005.6824093,0.6434595957398415,61716623360,0,61741203456,23277338624,61394685952,61394690560,668450304,0,187633528832,121163849728,0
1791586006.3329296,0.6503757853060961,61716738048,0,61741203456,23277338624,61394685952,61394690560,668564992,0,187633205248,121163849728,0
1791586006.98176,0.6486890837550163,61716828160,0,61741203456,23277338624,61394685952,61394690560,668655104,0,187633360896,121163849728,0
1791586007.6297765,0.6478666346520185,61716942848,0,61741203456,23277338624,61394685952,61394690560,668769792,0,187633352704,121163849728,0
1791586008.2935224,0.6635912358760834,61716942848,0,61741203456,23277338624,61394685952,61394690560,668769792,0,187632717824,121163849728,0
1791586008.954268,0.6605811212211847,61716131840,0,61741203456,23277338624,61394685952,61394690560,667958784,0,187632640000,121163849728,0
1791586009.6098633,0.6554484236985445,61716135936,0,61741203456,23277338624,61394685952,61394690560,667962880,0,187632455680,121163849728,0
1791586010.2620955,0.6520898528397083,61716226048,0,61741203456,23277338624,61394685952,61394690560,668052992,0,187632934912,121163849728,0
1791586010.9176266,0.6553779430687428,61716340736,0,61741203456,23277338624,61394685952,61394690560,668167680,0,187632660480,121163849728,0
1791586011.5652425,0.6474649738520384,61716430848,0,61741203456,23277338624,61394685952,61394690560,668257792,0,187632836608,121163849728,0
1791586012.2120104,0.6466249860823154,61716545536,0,61741203456,23277338624,61394685952,61394690560,668372480,0,187632852992,121163849728,0
1791586012.8606744,0.6485172193497419,61716635648,0,61741203456,23277338624,61394685952,61394690560,668462592,0,187633369088,121163849728,0
1791586013.5089083,0.6480881907045841,61716750336,0,61741203456,23277338624,61394685952,61394690560,668577280,0,187633442816,121163849728,0
1791586014.1744823,0.6654268149286509,61716840448,0,61741203456,23277338624,61394685952,61394690560,668667392,0,187633377280,121163849728,0
1791586014.8354287,0.6607996616512537,61716955136,0,61741203456,23277338624,61394685952,61394690560,668782080,0,187633397760,121163849728,0
1791586015.4825659,0.646931778639555,61716955136,0,61741203456,23277338624,61394685952,61394690560,668782080,0,187632541696,121163849728,0
1791586016.1329854,0.6502698864787817,61716140032,0,61741203456,23277338624,61394685952,61394690560,667966976,0,187632758784,121163849728,0
1791586016.782529,0.6493319533765316,61716148224,0,61741203456,23277338624,61394685952,61394690560,667975168,0,187632693248,121163849728,0
1791586017.430621,0.6479485277086496,61716234240,0,61741203456,23277338624,61394685952,61394690560,668061184,0,187632799744,121163849728,0
1791586018.0863898,0.6556207593530416,61716357120,0,61741203456,23277338624,61394685952,61394690560,668184064,0,187632766976,121163849728,0
1791586018.7317472,0.6452096495777369,61716439040,0,61741203456,23277338624,61394685952,61394690560,668265984,0,187632713728,121163849728,0
1791586019.389111,0.6572194490581751,61716561920,0,61741203456,23277338624,61394685952,61394690560,668388864,0,187632963584,121163849728,0
1791586020.0739465,0.684684244915843,61716643840,0,61741203456,23277338624,61394685952,61394690560,668470784,0,187633459200,121163849728,0
1791586020.716704,0.6426155045628548,61716766720,0,61741203456,23277338624,61394685952,61394690560,668593664,0,187633119232,121163849728,0
1791586021.3732173,0.6563694979995489,61716848640,0,61741203456,23277338624,61394685952,61394690560,668675584,0,187633315840,121163849728,0
1791586022.017759,0.6443972922861576,61716971520,0,61741203456,23277338624,61394685952,61394690560,668798464,0,187633270784,121163849728,0
1791586022.6637049,0.6457981914281845,61716979712,0,61741203456,23277338624,61394685952,61394690560,668806656,0,187633225728,121163849728,0
1791586023.3254495,0.6615908648818731,61716983808,0,61741203456,23277338624,61394685952,61394690560,668810752,0,187633475584,121163849728,0
1791586023.9721382,0.6465403400361538,61716987904,0,61741203456,23277338624,61394685952,61394690560,668814848,0,187633520640,121163849728,0
1791586024.6237674,0.651473980396986,61716996096,0,61741203456,23277338624,61394685952,61394690560,668823040,0,187633434624,121163849728,0
1791586025.2708657,0.6469501480460167,61717000192,0,61741203456,23277338624,61394685952,61394690560,668827136,0,187633758208,121163849728,0
1791586025.9155474,0.644537778571248,61717004288,0,61741203456,23277338624,61394685952,61394690560,668831232,0,187634012160,121163849728,0
1791586026.584003,0.6683036908507347,61717012480,0,61741203456,23277338624,61394685952,61394690560,668839424,0,187634139136,121163849728,0
1791586027.231673,0.6475267242640257,61717016576,0,61741203456,23277338624,61394685952,61394690560,668843520,0,187633946624,121163849728,0
1791586027.8879468,0.6561244800686836,61717020672,0,61741203456,23277338624,61394685952,61394690560,668847616,0,187633930240,121163849728,0
1791586028.5329041,0.6448076236993074,61717020672,0,61741203456,23277338624,61394685952,61394690560,668847616,0,187632865280,121163849728,0
1791586029.1927452,0.6596937831491232,61716107264,0,61741203456,23277338624,61394685952,61394690560,667934208,0,187632771072,121163849728,0
1791586029.8429103,0.6500185877084732,61716111360,0,61741203456,23277338624,61394685952,61394690560,667938304,0,187632795648,121163849728,0
1791586030.4855595,0.6425008233636618,61716197376,0,61741203456,23277338624,61394685952,61394690560,668024320,0,187632746496,121163849728,0
1791586031.1369877,0.6512851808220148,61716312064,0,61741203456,23277338624,61394685952,61394690560,668139008,0,187632992256,121163849728,0
1791586031.7919734,0.6548427976667881,61716402176,0,61741203456,23277338624,61394685952,61394690560,668229120,0,187632893952,121163849728,0
1791586032.4347227,0.6426007989794016,61716516864,0,61741203456,23277338624,61394685952,61394690560,668343808,0,187633389568,121163849728,0
1791586033.0955708,0.6607034225016832,61716606976,0,61741203456,23277338624,61394685952,61394690560,668433920,0,187633541120,121163849728,0
1791586033.7447903,0.6490702833980322,61716721664,0,61741203456,23277338624,61394685952,61394690560,668548608,0,187633078272,121163849728,0
1791586034.397373,0.6524400431662798,61716811776,0,61741203456,23277338624,61394685952,61394690560,668638720,0,187633254400,121163849728,0
1791586035.048572,0.6510571893304586,61716926464,0,61741203456,23277338624,61394685952,61394690560,668753408,0,187649294336,121163849728,0
1791586035.693953,0.6452366448938847,61716926464,0,61741203456,23277338624,61394685952,61394690560,668753408,0,187632898048,121163849728,0
1791586036.352604,0.6585066691040993,61716123648,0,61741203456,23277338624,61394685952,61394690560,667950592,0,187633037312,121163849728,0
1791586037.022776,0.6700289752334356,61716127744,0,61741203456,23277338624,61394685952,61394690560,667954688,0,187632160768,121163825152,0
1791586037.6817422,0.6588258650153875,61715279872,0,61741203456,23277338624,61394599936,61394690560,667192832,0,187632427008,121163825152,0
1791586038.3268423,0.6449534557759762,61715365888,0,61741203456,23277338624,61394599936,61394690560,667278848,0,187632295936,121163825152,0
1791586038.975664,0.648676622658968,61715365888,0,61741203456,23277338624,61394599936,61394690560,667278848,0,187632381952,121163825152,0
1791586039.627003,0.6511944495141506,61715333120,0,61741203456,23277338624,61394599936,61394690560,667246080,0,187632259072,121163825152,0
1791586040.2715719,0.6444276534020901,61715333120,0,61741203456,23277338624,61394599936,61394690560,667246080,0,187632340992,121163825152,0
1791586040.919618,0.6479018237441778,61715279872,0,61741203456,23277338624,61394599936,61394690560,667192832,0,187632472064,121163825152,0
1791586041.5685859,0.6488231159746647,61715247104,0,61741203456,23277338624,61394599936,61394690560,667160064,0,187632300032,121163825152,0
1791586042.2178054,0.6490775234997272,61715324928,0,61741203456,23277338624,61394599936,61394690560,667237888,0,187632545792,121163825152,0
1791586042.8688025,0.6508486457169056,61719175168,0,61741203456,23277338624,61394665472,61394690560,671022592,0,187636486144,121163825152,0
1791586043.5158749,0.6469294708222151,61721829376,0,61741203456,23277338624,61394685952,61394690560,673656320,0,187638829056,121163825152,0
1791586044.17037,0.654349422082305,61723435008,0,61741203456,23277338624,61394620416,61394690560,675327488,0,187639918592,121163825152,0
1791586044.8213968,0.6508750058710575,61723484160,0,61741203456,23277338624,61394132992,61394690560,675864064,0,187635724288,121163825152,0
1791586045.46895,0.6474100779742002,61723557888,0,61741203456,23277338624,61392945152,61394690560,677125632,0,187640938496,121163825152,0
1791586046.1310825,0.6619874108582735,61723725824,0,61741203456,23277338624,61394190336,61394690560,676048384,0,187634569216,121163825152,0
1791586046.7912683,0.6600584723055363,61717770240,0,61741203456,23277338624,61392523264,61394690560,671759872,0,187634663424,121163825152,0
1791586047.439553,0.648137878626585,61738045440,0,61741203456,23277338624,61392113664,61394690560,692444672,0,187655356416,121163808768,0
1791586048.0870116,0.6473154481500387,61741813760,0,62355668992,22662873088,61392113664,61394690560,1310678528,0,187634450432,121163808768,0
1791586049.3556085,1.2684463132172823,61718188032,0,62418583552,22599958528,61392179200,61394690560,1349901824,0,187634515968,121163808768,0
1791586050.6351476,1.2793921157717705,61718188032,0,62418583552,22599958528,61392179200,61394690560,1349901824,0,187634630656,121163808768,0
1791586051.9084225,1.273127757012844,61718188032,0,62418583552,22599958528,61392179200,61394690560,1349901824,0,187634421760,121163808768,0
1791586053.1865854,1.2780183758586645,61718188032,0,62418583552,22599958528,61392179200,61394690560,1349901824,0,187634507776,121164161024,0
1791586054.4679422,1.2812083642929792,61718188032,0,62418583552,22599958528,61392179200,61394690560,1349901824,0,187634741248,121164161024,0
1791586055.7460604,1.2779592797160149,61718188032,0,62418583552,22599958528,61392179200,61394690560,1349901824,0,187634573312,121164161024,0
1791586057.02425,1.2780603133141994,61718188032,0,62418583552,22599958528,61392179200,61394690560,1349901824,0,187634372608,121164161024,0
1791586058.2960558,1.2716514840722084,61718188032,0,62418583552,22599958528,61392179200,61394690560,1349901824,0,187634438144,121164161024,0
1791586059.580336,1.2841468155384064,61718188032,0,62418583552,22599958528,61392179200,61394690560,1349901824,0,187634429952,121164161024,0
1791586060.8491335,1.2686492539942265,61718188032,0,62418583552,22599958528,61392179200,61394690560,1349901824,0,187634491392,121164034048,0
1791586062.1183603,1.2690717913210392,61718188032,0,62418583552,22599958528,61392179200,61394690560,1349901824,0,187634728960,121164034048,0
1791586063.3973644,1.278856260702014,61718188032,0,62418583552,22599958528,61392179200,61394690560,1349901824,0,187634589696,121164034048,0
1791586064.6713653,1.2738594450056553,61718188032,0,62418583552,22599958528,61392179200,61394690560,1349901824,0,187634798592,121164034048,0
1791586065.9461176,1.2746042367070913,61718188032,0,62418583552,22599958528,61392179200,61394690560,1349901824,0,187634626560,121164034048,0
1791586067.211659,1.2653829269111156,61718188032,0,62418583552,22599958528,61392179200,61394690560,1349901824,0,187634597888,121164034048,0
1791586068.4879327,1.2761261314153671,61718188032,0,62418583552,22599958528,61392179200,61394690560,1349901824,0,187634843648,121164034048,0
1791586069.761218,1.2731325663626194,61718188032,0,62418583552,22599958528,61392179200,61394690560,1349901824,0,187634581504,121164034048,0
1791586071.0417633,1.280396131798625,61718188032,0,62418583552,22599958528,61392179200,61394690560,1349901824,0,187634823168,121164034048,0
1791586072.3177843,1.2758713476359844,61718188032,0,62418583552,22599958528,61392179200,61394690560,1349901824,0,187635003392,121164034048,0
1791586073.599108,1.2811789587140083,61718188032,0,62418583552,22599958528,61392179200,61394690560,1349901824,0,187634466816,121164034048,0
1791586074.8771183,1.2778501752763987,61718188032,0,62418583552,22599958528,61392179200,61394690560,1349901824,0,187634552832,121164034048,0
1791586076.1479425,1.2706707157194614,61718188032,0,62418583552,22599958528,61392179200,61394690560,1349901824,0,187634565120,121164034048,0
1791586077.4200494,1.2719603665173054,61718188032,0,62418583552,22599958528,61392179200,61394690560,1349901824,0,187634458624,121164034048,0
1791586078.6959882,1.2757997568696737,61718188032,0,62418583552,22599958528,61392179200,61394690560,1349901824,0,187634438144,121164034048,0
1791586079.9732966,1.2771637625992298,61718188032,0,62418583552,22599958528,61392179200,61394690560,1349901824,0,187634397184,121164034048,0
1791586081.2492964,1.2758508510887623,61718188032,0,62418583552,22599958528,61392179200,61394690560,1349901824,0,187634425856,121164034048,0
1791586082.5179648,1.2685217056423426,61718188032,0,62418583552,22599958528,61392179200,61394690560,1349901824,0,187634393088,121164034048,0
1791586083.7869468,1.2688368149101734,61718188032,0,62418583552,22599958528,61392179200,61394690560,1349901824,0,187634446336,121164034048,0
1791586085.0762506,1.2891549989581108,61718188032,0,62418583552,22599958528,61392179200,61394690560,1349901824,0,187634774016,121164034048,0
1791586086.3441372,1.2677281759679317,61718188032,0,62418583552,22599958528,61392179200,61394690560,1349901824,0,187634548736,121163808768,0
1791586087.6201148,1.2758297957479954,61718188032,0,62418583552,22599958528,61392179200,61394690560,1349901824,0,187634323456,121163808768,0
1791586088.895612,1.275353828445077,61718188032,0,62418583552,22599958528,61392179200,61394690560,1349901824,0,187634302976,121163808768,0
1791586090.166862,1.2711096461862326,61718188032,0,62418583552,22599958528,61392179200,61394690560,1349901824,0,187634704384,121163808768,0
1791586091.4302073,1.263198995962739,61718188032,0,62418583552,22599958528,61392179200,61394690560,1349901824,0,187634692096,121163808768,0
1791586092.6939592,1.2636107504367828,61718188032,0,62418583552,22599958528,61392179200,61394690560,1349901824,0,187634601984,121163808768,0
1791586093.9579315,1.2638273481279612,61718188032,0,62418583552,22599958528,61392179200,61394690560,1349901824,0,187634823168,121163808768,0
1791586095.2299695,1.2718924507498741,61718188032,0,62418583552,22599958528,61392179200,61394690560,1349901824,0,187634610176,121163808768,0
1791586096.4888935,1.2587827034294605,61718188032,0,62418583552,22599958528,61392179200,61394690560,1349901824,0,187634647040,121163808768,0
1791586097.766683,1.277645641937852,61718188032,0,62418583552,22599958528,61392179200,61394690560,1349901824,0,187634561024,121163808768,0
1791586099.0305927,1.2637647427618504,61718188032,0,62418583552,22599958528,61392179200,61394690560,1349901824,0,187634544640,121163808768,0
1791586100.2922962,1.2615562621504068,61718188032,0,62418583552,22599958528,61392179200,61394690560,1349901824,0,187634487296,121163808768,0
1791586101.554221,1.2617771476507187,61718188032,0,62418583552,22599958528,61392179200,61394690560,1349901824,0,187634499584,121163808768,0
1791586102.8176467,1.2632776442915201,61718188032,0,62418583552,22599958528,61392179200,61394690560,1349901824,0,187634454528,121163808768,0
1791586104.0876362,1.269848758354783,61718188032,0,62418583552,22599958528,61392179200,61394690560,1349901824,0,187634458624,121163808768,0
1791586105.3563385,1.2685515824705362,61718204416,0,62420680704,22597861376,61392179200,61394690560,1352015360,0,187634675712,121163808768,0
1791586106.627466,1.2709869164973497,61718204416,0,62420680704,22597861376,61392195584,61394690560,1351998976,0,187634708480,121163808768,0
1791586107.898213,1.2706054896116257,61718204416,0,62420680704,22597861376,61392195584,61394690560,1351998976,0,187634601984,121163808768,0
1791586109.160257,1.2618999239057302,61718204416,0,62420680704,22597861376,61392195584,61394690560,1351998976,0,187634544640,121163808768,0
1791586110.4318905,1.2714863549917936,61718204416,0,62420680704,22597861376,61392195584,61394690560,1351998976,0,187634700288,121163808768,0
1791586111.6989396,1.2669023033231497,61718204416,0,62420680704,22597861376,61392195584,61394690560,1351998976,0,187634843648,121163808768,0
1791586112.9697309,1.270648142322898,61718204416,0,62420680704,22597861376,61392195584,61394690560,1351998976,0,187634724864,121163808768,0
1791586114.226335,1.256453063338995,61718204416,0,62420680704,22597861376,61392195584,61394690560,1351998976,0,187634823168,121163808768,0
1791586115.4946682,1.26819122210145,61718204416,0,62420680704,22597861376,61392195584,61394690560,1351998976,0,187635236864,121163808768,0
1791586116.7609763,1.2661628276109695,61718204416,0,62420680704,22597861376,61392195584,61394690560,1351998976,0,187634966528,121163808768,0
1791586118.027572,1.2664464805275202,61718204416,0,62420680704,22597861376,61392195584,61394690560,1351998976,0,187634888704,121163808768,0
1791586119.2940493,1.2663294151425362,61718204416,0,62420680704,22597861376,61392195584,61394690560,1351998976,0,187634831360,121163808768,0
1791586120.580267,1.2860781233757734,61718204416,0,62420680704,22597861376,61392195584,61394690560,1351998976,0,187634802688,121163808768,0
1791586121.859512,1.2791023887693882,61718204416,0,62420680704,22597861376,61392195584,61394690560,1351998976,0,187634688000,121163808768,0
1791586123.132921,1.2732599098235369,61718204416,0,62420680704,22597861376,61392195584,61394690560,1351998976,0,187634692096,121163808768,0
1791586124.4366755,1.3036071229726076,61718204416,0,62420680704,22597861376,61392195584,61394690560,1351998976,0,187634688000,121163808768,0
1791586125.6967072,1.2598911058157682,61718204416,0,62420680704,22597861376,61392195584,61394690560,1351998976,0,187634917376,121163808768,0
1791586126.9705725,1.2737157512456179,61718204416,0,62420680704,22597861376,61392195584,61394690560,1351998976,0,187634638848,121163808768,0
1791586128.228403,1.2576875165104866,61718204416,0,62420680704,22597861376,61392195584,61394690560,1351998976,0,187634638848,121163808768,0
1791586129.5048172,1.2762745823711157,61718204416,0,62420680704,22597861376,61392195584,61394690560,1351998976,0,187634655232,121163808768,0
1791586130.7659721,1.2610171101987362,61718204416,0,62422777856,22595764224,61392195584,61394690560,1354096128,0,187635007488,121163808768,0
1791586132.034246,1.268132945522666,61718204416,0,62420680704,22597861376,61392195584,61394690560,1351998976,0,187634929664,121163808768,0
1791586133.2899654,1.2555730566382408,61718204416,0,62420680704,22597861376,61392195584,61394690560,1351998976,0,187634757632,121163808768,0
1791586134.5515583,1.261449720710516,61719789568,0,62445846528,22572695552,61392195584,61394690560,1378749952,0,187636527104,121164128256,0
1791586135.2010627,0.6493593361228704,61737349120,0,67097329664,17921212416,61392195584,61394690560,6047792640,0,187654406144,121164120064,0
1791586135.8492374,0.6480500269681215,61737422848,0,67078455296,17940086784,61394685952,61394690560,6026501632,0,187653672960,121164120064,0
1791586136.5043302,0.6549472529441118,61737422848,0,67093135360,17925406720,61394685952,61394690560,6041181696,0,187653750784,121164120064,0
1791586137.1530387,0.6485662702471018,61737422848,0,67078455296,17940086784,61394685952,61394690560,6026501632,0,187653832704,121164120064,0
1791586137.8056836,0.6524963714182377,61737435136,0,67084746752,17933795328,61394685952,61394690560,6032805376,0,187654082560,121164115968,0
1791586138.4516978,0.6458778362721205,61737435136,0,67093135360,17925406720,61394685952,61394690560,6041193984,0,187653967872,121164115968,0
1791586139.0988734,0.6470308918505907,61737435136,0,67093135360,17925406720,61394685952,61394690560,6041193984,0,187654045696,121164115968,0
1791586139.765772,0.6667574010789394,61737451520,0,67088941056,17929601024,61394685952,61394690560,6037016064,0,187654049792,121164115968,0
1791586140.4159987,0.6500731464475393,61737451520,0,67122495488,17896046592,61394685952,61394690560,6070570496,0,187654197248,121164115968,0
1791586141.0707204,0.6545833311975002,61737451520,0,67080552448,17937989632,61394685952,61394690560,6028627456,0,187654213632,121164115968,0
1791586141.72386,0.6529994867742062,61737463808,0,67084746752,17933795328,61394685952,61394690560,6032834048,0,187654205440,121164111872,0
1791586142.3753023,0.6513055097311735,61737463808,0,67086843904,17931698176,61394685952,61394690560,6034931200,0,187654266880,121164111872,0
1791586143.0413213,0.665876854211092,61737480192,0,67091038208,17927503872,61394685952,61394690560,6039141888,0,187654012928,121164111872,0
1791586143.6899724,0.6485130060464144,61737480192,0,67097329664,17921212416,61394685952,61394690560,6045433344,0,187654111232,121164111872,0
1791586144.338245,0.6481264512985945,61737480192,0,67078455296,17940086784,61394685952,61394690560,6026558976,0,187653931008,121164107776,0
1791586144.9904218,0.6520386878401041,61737492480,0,67109912576,17908629504,61394685952,61394690560,6058028544,0,187653955584,121164107776,0
1791586145.6382809,0.6477097477763891,61737492480,0,67091038208,17927503872,61394685952,61394690560,6039154176,0,187654270976,121164107776,0
1791586146.2973683,0.6589470785111189,61737508864,0,67091038208,17927503872,61394685952,61394690560,6039170560,0,187654246400,121164107776,0
1791586146.9494941,0.6519826836884022,61737508864,0,67099426816,17919115264,61394685952,61394690560,6047559168,0,187654307840,121164107776,0
1791586147.6098516,0.6602016035467386,61737508864,0,67084746752,17933795328,61394685952,61394690560,6032879104,0,187654561792,121163890688,0
1791586148.2637272,0.6537302527576685,61737525248,0,67091038208,17927503872,61394685952,61394690560,6039186944,0,187654569984,121163886592,0
1791586148.918015,0.6541452649980783,61737525248,0,67099426816,17919115264,61394685952,61394690560,6047575552,0,187654586368,121163886592,0
1791586149.5743492,0.6561853494495153,61737525248,0,67086843904,17931698176,61394685952,61394690560,6034992640,0,187654508544,121163886592,0
1791586150.219019,0.6445327159017324,61737537536,0,67095232512,17923309568,61394685952,61394690560,6043393536,0,187654488064,121163776000,0
1791586150.8754866,0.6563267912715673,61737537536,0,67101523968,17917018112,61394685952,61394690560,6049684992,0,187654479872,121163776000,0
1791586151.5281537,0.652528926730156,61737553920,0,67095232512,17923309568,61394685952,61394690560,6043409920,0,187654443008,121163776000,0
1791586152.1753645,0.6470603197813034,61737553920,0,67093135360,17925406720,61394685952,61394690560,6041312768,0,187654303744,121163771904,0
1791586152.8352077,0.6597047466784716,61737566208,0,67097329664,17921212416,61394685952,61394690560,6045519360,0,187654311936,121163771904,0
1791586153.4807668,0.6454167831689119,61737566208,0,67095232512,17923309568,61394685952,61394690560,6043422208,0,187654176768,121163771904,0
1791586154.1369426,0.6560385748744011,61737570304,0,67084746752,17933795328,61394685952,61394690560,6032940544,0,187654471680,121163771904,0
1791586154.7869604,0.6498710196465254,61737574400,0,67130884096,17887657984,61394685952,61394690560,6079081984,0,187654049792,121163767808,0
1791586155.4356954,0.6485923267900944,61737574400,0,67088941056,17929601024,61394685952,61394690560,6037138944,0,187654393856,121163767808,0
1791586156.0911624,0.6553250160068274,61737586688,0,67097329664,17921212416,61394685952,61394690560,6045539840,0,187654475776,121163767808,0
1791586156.7376804,0.6463752202689648,61737586688,0,67097329664,17921212416,61394685952,61394690560,6045539840,0,187654201344,121163767808,0
1791586157.3926995,0.6548752412199974,61737598976,0,67145564160,17872977920,61394685952,61394690560,6093786624,0,187654365184,121163767808,0
1791586158.046115,0.6532461475580931,61737598976,0,67099426816,17919115264,61394685952,61394690560,6047649280,0,187654434816,121163767808,0
1791586158.6931458,0.6468833852559328,61737611264,0,67120398336,17898143744,61394685952,61394690560,6068633088,0,187654709248,121163763712,0
1791586159.3404436,0.6471512150019407,61737611264,0,67099426816,17919115264,61394685952,61394690560,6047661568,0,187654418432,121163763712,0
1791586159.9863284,0.6457403805106878,61737619456,0,67099426816,17919115264,61394685952,61394690560,6047669760,0,187654406144,121163763712,0
1791586160.6323793,0.6459160707890987,61737619456,0,67099426816,17919115264,61394685952,61394690560,6047669760,0,187654545408,121163763712,0
1791586161.2866554,0.6541285924613476,61737631744,0,67103621120,17914920960,61394685952,61394690560,6051876352,0,187655180288,121164083200,0
1791586161.9297771,0.6429842170327902,61737631744,0,67101523968,17917018112,61394685952,61394690560,6049779200,0,187654926336,121164083200,0
1791586162.5831587,0.6532377302646637,61737639936,0,67091038208,17927503872,61394685952,61394690560,6039301632,0,187654692864,121164079104,0
1791586163.2262542,0.6429505851119757,61737644032,0,67137175552,17881366528,61394685952,61394690560,6085443072,0,187654504448,121164079104,0
1791586163.8751369,0.6487411130219698,61737656320,0,67124592640,17893949440,61394685952,61394690560,6072872448,0,187654860800,121164079104,0
1791586164.526907,0.65163036249578,61737656320,0,67105718272,17912823808,61394685952,61394690560,6053998080,0,187654922240,121164079104,0
1791586165.1710644,0.6440132856369019,61737664512,0,67105718272,17912823808,61394685952,61394690560,6054006272,0,187655016448,121164075008,0
1791586165.8224692,0.6512802895158529,61737664512,0,67112009728,17906532352,61394685952,61394690560,6060297728,0,187654356992,121164075008,0
1791586166.4703746,0.6477461904287338,61737664512,0,67093135360,17925406720,61394685952,61394690560,6041423360,0,187654307840,121163862016,0
1791586167.1151245,0.6446092631667852,61737676800,0,67126689792,17891852288,61394685952,61394690560,6074990080,0,187654389760,121163862016,0
1791586167.7630122,0.6477395482361317,61737676800,0,67105718272,17912823808,61394685952,61394690560,6054018560,0,187654737920,121163862016,0
1791586168.413283,0.6501344311982393,61737684992,0,67099426816,17919115264,61394685952,61394690560,6047735296,0,187654656000,121163862016,0
1791586169.0601447,0.6467155702412128,61737684992,0,67114106880,17904435200,61394685952,61394690560,6062415360,0,187654307840,121163857920,0
1791586169.71871,0.6584207322448492,61737684992,0,67097329664,17921212416,61394685952,61394690560,6045638144,0,187654311936,121163857920,0
1791586170.3629782,0.6441211216151714,61737705472,0,67107815424,17910726656,61394685952,61394690560,6056144384,0,187654406144,121163751424,0
1791586171.0206633,0.6575459968298674,61737705472,0,67116204032,17902338048,61394685952,61394690560,6064532992,0,187654471680,121163751424,0
1791586171.670228,0.649415384978056,61737705472,0,67126689792,17891852288,61394685952,61394690560,6075018752,0,187654176768,121163751424,0
1791586172.3330522,0.662683879956603,61737709568,0,67118301184,17900240896,61394685952,61394690560,6066634240,0,187654062080,121163751424,0
1791586172.9933875,0.6601969767361879,61737709568,0,67143467008,17875075072,61394685952,61394690560,6091800064,0,187654045696,121163747328,0
1791586173.6560771,0.6625489611178637,61737709568,0,67101523968,17917018112,61394685952,61394690560,6049857024,0,187654074368,121163747328,0
1791586174.3499618,0.693778308108449,61737721856,0,67130884096,17887657984,61394685952,61394690560,6079229440,0,187654291456,121163747328,0
1791586175.0240052,0.67390401288867,61737721856,0,67112009728,17906532352,61394685952,61394690560,6060355072,0,187654299648,121163747328,0
1791586175.6819077,0.657754622399807,61737734144,0,67130884096,17887657984,61394685952,61394690560,6079241728,0,187654418432,121163743232,0
1791586176.3335705,0.6515213083475828,61737734144,0,67109912576,17908629504,61394685952,61394690560,6058270208,0,187654410240,121163743232,0
1791586176.990248,0.6565276328474283,61737746432,0,67114106880,17904435200,61394685952,61394690560,6062476800,0,187654352896,121163743232,0
1791586177.65568,0.6652553305029869,61737746432,0,67112009728,17906532352,61394685952,61394690560,6060379648,0,187654311936,121163743232,0
1791586178.310774,0.6549464836716652,61737754624,0,67114106880,17904435200,61394685952,61394690560,6062484992,0,187654283264,121163743232,0
1791586178.978292,0.6673749629408121,61737754624,0,67120398336,17898143744,61394685952,61394690560,6068776448,0,187654295552,121163743232,0
1791586179.6342907,0.6558532193303108,61737754624,0,67116204032,17902338048,61394685952,61394690560,6064582144,0,187654307840,121163739136,0
1791586180.2918217,0.6573934387415648,61737766912,0,67135078400,17883463680,61394685952,61394690560,6083468800,0,187654598656,121163739136,0
1791586180.956747,0.6647819932550192,61737766912,0,67105718272,17912823808,61394685952,61394690560,6054108672,0,187654873088,121163739136,0
1791586181.6075885,0.6506998036056757,61737775104,0,67103621120,17914920960,61394685952,61394690560,6052019712,0,187654389760,121163739136,0
1791586182.2763186,0.6685754209756851,61737779200,0,67149758464,17868783616,61394685952,61394690560,6098161152,0,187654176768,121163739136,0
1791586182.929975,0.6535167992115021,61737779200,0,67107815424,17910726656,61394685952,61394690560,6056218112,0,187654168576,121163739136,0
1791586183.5949407,0.664818100631237,61737791488,0,67164438528,17854103552,61394685952,61394690560,6112853504,0,187654217728,121163735040,0
1791586184.264662,0.6694542858749628,61737791488,0,67130884096,17887657984,61394685952,61394690560,6079299072,0,187653910528,121163735040,0
1791586184.9243302,0.6595161110162735,61737799680,0,67116204032,17902338048,61394685952,61394690560,6064627200,0,187654160384,121163735040,0
1791586185.5886788,0.6642027273774147,61737799680,0,67124592640,17893949440,61394685952,61394690560,6073015808,0,187654250496,121163735040,0
1791586186.2461653,0.6573410797864199,61737811968,0,67118301184,17900240896,61394685952,61394690560,6066736640,0,187654397952,121163730944,0
1791586186.9001248,0.6538111139088869,61737811968,0,67118301184,17900240896,61394685952,61394690560,6066736640,0,187654381568,121163730944,0
1791586187.5546138,0.6543365586549044,61737820160,0,67120398336,17898143744,61394685952,61394690560,6068841984,0,187654201344,121163730944,0
1791586188.2161915,0.6614386569708586,61737820160,0,67118301184,17900240896,61394685952,61394690560,6066744832,0,187654537216,121163730944,0
1791586188.8802595,0.6639177799224854,61737836544,0,67114106880,17904435200,61394685952,61394690560,6062566912,0,187654512640,121163730944,0
1791586189.5333831,0.6529839523136616,61737836544,0,67120398336,17898143744,61394685952,61394690560,6068858368,0,187654402048,121163730944,0
1791586190.1915894,0.6580637786537409,61737844736,0,67124592640,17893949440,61394685952,61394690560,6073060864,0,187654725632,121163726848,0
1791586190.8477645,0.656034804880619,61737844736,0,67128786944,17889755136,61394685952,61394690560,6077255168,0,187654647808,121163726848,0
1791586191.5011737,0.6532615516334772,61737844736,0,67126689792,17891852288,61394685952,61394690560,6075158016,0,187654656000,121163726848,0
1791586192.167346,0.6660273522138596,61737857024,0,67112009728,17906532352,61394685952,61394690560,6060490240,0,187654610944,121163726848,0
1791586192.8218884,0.6543994192034006,61737857024,0,67139272704,17879269376,61394685952,61394690560,6087753216,0,187654942720,121163726848,0
1791586193.4749496,0.652919938787818,61737857024,0,67130884096,17887657984,61394685952,61394690560,6079364608,0,187654803456,121163726848,0
1791586194.1293814,0.6542880199849606,61737869312,0,67124592640,17893949440,61394685952,61394690560,6073085440,0,187654635520,121163722752,0
1791586194.7850502,0.6555304620414972,61737869312,0,67122495488,17896046592,61394685952,61394690560,6070988288,0,187654660096,121163722752,0
1791586195.444701,0.659515144303441,61737877504,0,67126689792,17891852288,61394685952,61394690560,6075190784,0,187654787072,121163722752,0
1791586196.1014507,0.6566082518547773,61737877504,0,67128786944,17889755136,61394685952,61394690560,6077287936,0,187654328320,121163722752,0
1791586196.7630274,0.6614264361560345,61737889792,0,67118301184,17900240896,61394685952,61394690560,6066814464,0,187654643712,121163718656,0
1791586197.4163432,0.65317621268332,61737889792,0,67132981248,17885560832,61394685952,61394690560,6081494528,0,187654356992,121163718656,0
1791586198.069126,0.6526411101222038,61737889792,0,67128786944,17889755136,61394685952,61394690560,6077300224,0,187654287360,121163718656,0
1791586198.717934,0.6486547887325287,61737897984,0,67147661312,17870880768,61394685952,61394690560,6096182784,0,187654578176,121163718656,0
1791586199.3714035,0.6533283311873674,61737897984,0,67122495488,17896046592,61394685952,61394690560,6071016960,0,187654569984,121163718656,0
1791586200.0245442,0.653000907972455,61737897984,0,67116204032,17902338048,61394685952,61394690560,6064725504,0,187654594560,121163718656,0
1791586200.6811585,0.6564682256430387,61737910272,0,67120398336,17898143744,61394685952,61394690560,6068932096,0,187655036928,121163714560,0
1791586201.3337092,0.6524039953947067,61737910272,0,67135078400,17883463680,61394685952,61394690560,6083612160,0,187654287360,121163714560,0
1791586201.9891176,0.6552575994282961,61737910272,0,67132981248,17885560832,61394685952,61394690560,6081515008,0,187654541312,121163714560,0
1791586202.6470385,0.6577714346349239,61737922560,0,67122495488,17896046592,61394685952,61394690560,6071041536,0,187654377472,121163714560,0
1791586203.2997088,0.6525197494775057,61737922560,0,67164438528,17854103552,61394685952,61394690560,6112984576,0,187654303744,121163714560,0
1791586203.951952,0.652101282030344,61737922560,0,67137175552,17881366528,61394685952,61394690560,6085721600,0,187654299648,121163714560,0
1791586204.6142452,0.6621432695537806,61737934848,0,67130884096,17887657984,61394685952,61394690560,6079442432,0,187654258688,121163710464,0
1791586205.267327,0.6529327183961868,61737934848,0,67156049920,17862492160,61394685952,61394690560,6104608256,0,187654631424,121163710464,0
1791586205.921728,0.6542490739375353,61737934848,0,67137175552,17881366528,61394685952,61394690560,6085733888,0,187654922240,121163710464,0
1791586206.5785294,0.65666020847857,61737951232,0,67130884096,17887657984,61394685952,61394690560,6079458816,0,187654868992,121163710464,0
1791586207.242316,0.6636370401829481,61737951232,0,67166535680,17852006400,61394685952,61394690560,6115110400,0,187654885376,121163710464,0
1791586207.8972504,0.6547951735556126,61737959424,0,67179118592,17839423488,61394685952,61394690560,6127701504,0,187655102464,121163710464,0
1791586208.5522735,0.6548716649413109,61737959424,0,67130884096,17887657984,61394685952,61394690560,6079467008,0,187655012352,121163706368,0
1791586209.2057037,0.6532850656658411,61737971712,0,67153952768,17864589312,61394685952,61394690560,6102547968,0,187654959104,121163706368,0
1791586209.860568,0.6547120939940214,61737971712,0,67132981248,17885560832,61394685952,61394690560,6081576448,0,187654955008,121163706368,0
1791586210.512934,0.6522263567894697,61737971712,0,67122495488,17896046592,61394685952,61394690560,6071090688,0,187655270400,121163706368,0
1791586211.1663315,0.6532483231276274,61737979904,0,67168632832,17849909248,61394685952,61394690560,6117236224,0,187655229440,121163702272,0
1791586211.8273757,0.6609041634947062,61737996288,0,67183312896,17835229184,61394685952,61394690560,6131932672,0,187655495680,121163702272,0
1791586212.4796467,0.6521257758140564,61737996288,0,67135078400,17883463680,61394685952,61394690560,6083698176,0,187655200768,121163702272,0
1791586213.1314957,0.6517083421349525,61738004480,0,67183312896,17835229184,61394685952,61394690560,6131940864,0,187655798784,121163702272,0
1791586213.793856,0.6622135862708092,61738004480,0,67135078400,17883463680,61394685952,61394690560,6083706368,0,187655106560,121163702272,0
1791586214.4474156,0.6534130573272705,61738016768,0,67185410048,17833132032,61394685952,61394690560,6134050304,0,187655065600,121163702272,0
1791586215.1082063,0.6606361512094736,61738016768,0,67128786944,17889755136,61394685952,61394690560,6077427200,0,187655380992,121163698176,0
1791586215.771408,0.663059163838625,61738029056,0,67137175552,17881366528,61394685952,61394690560,6085828096,0,187655315456,121163698176,0
1791586216.4196553,0.6481000371277332,61738029056,0,67137175552,17881366528,61394685952,61394690560,6085828096,0,187655086080,121163698176,0
1791586217.08055,0.6607553083449602,61738041344,0,67141369856,17877172224,61394685952,61394690560,6090034688,0,187655028736,121163698176,0
1791586217.7340767,0.6533757112920284,61738041344,0,67141369856,17877172224,61394685952,61394690560,6090034688,0,187654721536,121163698176,0
1791586218.3937824,0.6595956012606621,61738049536,0,67128786944,17889755136,61394685952,61394690560,6077459968,0,187654971392,121163698176,0
1791586219.0439212,0.6499848440289497,61738049536,0,67187507200,17831034880,61394685952,61394690560,6136180224,0,187654680576,121163694080,0
1791586219.6935806,0.6495195236057043,61738049536,0,67141369856,17877172224,61394685952,61394690560,6090042880,0,187654418432,121163694080,0
1791586220.3528936,0.6591736599802971,61738061824,0,67143467008,17875075072,61394685952,61394690560,6092152320,0,187654742016,121163694080,0
1791586220.9977894,0.6447504330426455,61738061824,0,67177021440,17841520640,61394685952,61394690560,6125706752,0,187654684672,121163694080,0
1791586221.646779,0.648837648332119,61738061824,0,67135078400,17883463680,61394685952,61394690560,6083763712,0,187654627328,121163689984,0
1791586222.2992725,0.6523550990968943,61738074112,0,67189604352,17828937728,61394685952,61394690560,6138301952,0,187654647808,121163689984,0
1791586222.9467623,0.6473480481654406,61738074112,0,67141369856,17877172224,61394685952,61394690560,6090067456,0,187654627328,121163689984,0
1791586223.595478,0.6485715545713902,61738086400,0,67145564160,17872977920,61394685952,61394690560,6094274048,0,187654893568,121163689984,0
1791586224.248103,0.6524792909622192,61738086400,0,67151855616,17866686464,61394685952,61394690560,6100565504,0,187654848512,121163689984,0
1791586224.8919106,0.6436657197773457,61738086400,0,67137175552,17881366528,61394685952,61394690560,6085885440,0,187654901760,121163689984,0
1791586225.5488553,0.6567996125668287,61738098688,0,67164438528,17854103552,61394685952,61394690560,6113160704,0,187654832128,121163685888,0
1791586226.196189,0.6471893675625324,61738098688,0,67143467008,17875075072,61394685952,61394690560,6092189184,0,187654901760,121163685888,0
1791586226.8485355,0.6522043850272894,61738106880,0,67147661312,17870880768,61394685952,61394690560,6096391680,0,187655090176,121163685888,0
1791586227.499371,0.650694265961647,61738106880,0,67153952768,17864589312,61394685952,61394690560,6102683136,0,187654922240,121163685888,0
1791586228.1485384,0.6490231286734343,61738106880,0,67158147072,17860395008,61394685952,61394690560,6106877440,0,187654963200,121163685888,0
1791586228.804446,0.6557677257806063,61738106880,0,67135078400,17883463680,61394685952,61394690560,6083808768,0,187654967296,121163685888,0
1791586229.452387,0.6477923337370157,61738119168,0,67145564160,17872977920,61394685952,61394690560,6094306816,0,187654832128,121163681792,0
1791586230.0992358,0.6467043347656727,61738119168,0,67153952768,17864589312,61394685952,61394690560,6102695424,0,187655114752,121163681792,0
1791586230.7535508,0.6541723534464836,61738119168,0,67242033152,17776508928,61394685952,61394690560,6190775808,0,187654877184,121163681792,0
