unix_seconds,sample_duration_seconds,host_tree_rss_bytes,host_tree_swap_bytes,whole_gpu_used_bytes,whole_gpu_free_bytes,resident_host_W_lower_bound_bytes,resident_device_W_bytes,sampled_temporary_bytes,W_transition_incomplete,cgroup_memory_current_bytes,disk_available_bytes,smaps_read_failures
1791595927.5472014,0.03327242471277714,49614848,0,0,85017493504,0,0,49614848,0,99208339456,121113821184,0
1791595927.744117,0.030092475935816765,78848000,0,0,85017493504,0,0,78848000,0,99237150720,121113817088,0
1791595927.9437335,0.02959658019244671,79052800,0,0,85017493504,0,0,79052800,0,99237220352,121113817088,0
1791595928.1439724,0.02973734214901924,79052800,0,0,85017493504,0,0,79052800,0,99237101568,121113817088,0
1791595928.344674,0.030356189236044884,79052800,0,0,85017493504,0,0,79052800,0,99236818944,121113817088,0
1791595928.5445125,0.030079884454607964,79052800,0,0,85017493504,0,0,79052800,0,99237146624,121113817088,0
1791595928.7443645,0.02984117902815342,79052800,0,0,85017493504,0,0,79052800,0,99237179392,121113817088,0
1791595928.942044,0.02743310108780861,79052800,0,0,85017493504,0,0,79052800,0,99236966400,121113817088,0
1791595929.145871,0.03116273321211338,79052800,0,0,85017493504,0,0,79052800,0,99237318656,121113817088,0
1791595929.346555,0.031726937741041183,79052800,0,0,85017493504,0,0,79052800,0,99237593088,121113817088,0
1791595929.5434074,0.02849714271724224,79056896,0,0,85017493504,0,0,79056896,0,99237621760,121113817088,0
1791595929.7415752,0.026584364473819733,79056896,0,0,85017493504,0,0,79056896,0,99237675008,121113817088,0
1791595929.9435596,0.028500331565737724,79060992,0,0,85017493504,0,0,79060992,0,99237613568,121113817088,0
1791595930.1432037,0.02806270122528076,84635648,0,0,85017493504,0,0,84635648,0,99243175936,121113817088,0
1791595930.3454962,0.03027016669511795,87855104,0,0,85017493504,0,0,87855104,0,99246419968,121113817088,0
1791595930.5453136,0.02998427487909794,87855104,0,0,85017493504,0,0,87855104,0,99246460928,121113817088,0
1791595930.7447202,0.029307246208190918,87859200,0,0,85017493504,0,0,87859200,0,99246342144,121113817088,0
1791595930.9445665,0.029073039069771767,87859200,0,0,85017493504,0,0,87859200,0,99246329856,121113817088,0
1791595931.1415298,0.025956327095627785,87859200,0,0,85017493504,0,0,87859200,0,99246485504,121113817088,0
1791595931.3410745,0.025418004021048546,87859200,0,0,85017493504,0,0,87859200,0,99246559232,121113817088,0
1791595931.540874,0.025139134377241135,87859200,0,0,85017493504,0,0,87859200,0,99246379008,121113817088,0
1791595931.741153,0.025335248559713364,87859200,0,0,85017493504,0,0,87859200,0,99246120960,121113817088,0
1791595931.9452846,0.029383819550275803,87859200,0,0,85017493504,0,0,87859200,0,99246604288,121113817088,0
1791595932.143835,0.027851644903421402,87859200,0,0,85017493504,0,0,87859200,0,99246231552,121113817088,0
1791595932.341822,0.025753365829586983,87859200,0,0,85017493504,0,0,87859200,0,99245813760,121113817088,0
1791595932.5479352,0.031782567501068115,87859200,0,0,85017493504,0,0,87859200,0,99246047232,121113817088,0
1791595932.742966,0.02673104777932167,96649216,0,0,85017493504,0,0,96649216,0,99254800384,121113817088,0
1791595932.9438753,0.027530612424016,96649216,0,0,85017493504,0,0,96649216,0,99254571008,121113817088,0
1791595933.1468403,0.030410563573241234,96649216,0,0,85017493504,0,0,96649216,0,99254611968,121113817088,0
1791595933.345097,0.028584584593772888,96649216,0,0,85017493504,0,0,96649216,0,99254775808,121113817088,0
1791595933.5449157,0.028325676918029785,96649216,0,0,85017493504,0,0,96649216,0,99254661120,121113817088,0
1791595933.7458591,0.029187165200710297,96649216,0,0,85017493504,0,0,96649216,0,99254759424,121113817088,0
1791595933.9462845,0.029535580426454544,96649216,0,0,85017493504,0,0,96649216,0,99254599680,121113817088,0
1791595934.1457193,0.02888949029147625,96657408,0,0,85017493504,0,0,96657408,0,99254439936,121113817088,0
1791595934.3455665,0.028656555339694023,96657408,0,0,85017493504,0,0,96657408,0,99254452224,121113817088,0
1791595934.5453377,0.028318757191300392,96657408,0,0,85017493504,0,0,96657408,0,99254620160,121113817088,0
1791595934.7444978,0.027398109436035156,96657408,0,0,85017493504,0,0,96657408,0,99254591488,121113812992,0
1791595934.9476335,0.030419306829571724,96657408,0,0,85017493504,0,0,96657408,0,99254743040,121113812992,0
1791595935.1497056,0.0323872584849596,128458752,0,0,85017493504,0,0,128458752,0,99285983232,121113808896,0
1791595935.3467276,0.029327599331736565,130146304,0,0,85017493504,0,0,130146304,0,99288080384,121113808896,0
1791595935.5448534,0.027373962104320526,130146304,0,0,85017493504,0,0,130146304,0,99287904256,121113808896,0
1791595935.743608,0.026048220694065094,130146304,0,0,85017493504,0,0,130146304,0,99287838720,121113808896,0
1791595935.948294,0.030654028058052063,130146304,0,0,85017493504,0,0,130146304,0,99287789568,121113808896,0
1791595936.1447754,0.027045760303735733,130146304,0,0,85017493504,0,0,130146304,0,99287785472,121113808896,0
1791595936.3446958,0.02687719278037548,130146304,0,0,85017493504,0,0,130146304,0,99287896064,121113808896,0
1791595936.543833,0.02593223750591278,130146304,0,0,85017493504,0,0,130146304,0,99288211456,121113808896,0
1791595936.7471366,0.029144320636987686,130146304,0,0,85017493504,0,0,130146304,0,99288088576,121113808896,0
1791595936.9493003,0.031219353899359703,130146304,0,0,85017493504,0,0,130146304,0,99287748608,121113808896,0
1791595937.1473138,0.02915125899016857,130146304,0,0,85017493504,0,0,130146304,0,99287945216,121113808896,0
1791595937.3462543,0.02801024168729782,130146304,0,0,85017493504,0,0,130146304,0,99287953408,121113808896,0
1791595937.5499585,0.031631218269467354,130146304,0,0,85017493504,0,0,130146304,0,99288145920,121113808896,0
1791595937.74697,0.02854704111814499,140976128,0,0,85017493504,0,0,140976128,0,99298557952,121113808896,0
1791595937.9472244,0.02872081659734249,140976128,0,0,85017493504,0,0,140976128,0,99298586624,121113808896,0
1791595938.1471314,0.028538962826132774,140976128,0,0,85017493504,0,0,140976128,0,99298709504,121113808896,0
1791595938.3478987,0.029224103316664696,140976128,0,0,85017493504,0,0,140976128,0,99298566144,121113808896,0
1791595938.5450728,0.02631881833076477,140976128,0,0,85017493504,0,0,140976128,0,99298660352,121113808896,0
1791595938.744228,0.025394892320036888,140976128,0,0,85017493504,0,0,140976128,0,99298627584,121113808896,0
1791595938.948136,0.02920743077993393,140976128,0,0,85017493504,0,0,140976128,0,99298480128,121113808896,0
1791595939.1485965,0.029585126787424088,140976128,0,0,85017493504,0,0,140976128,0,99298275328,121113808896,0
1791595939.3461027,0.02700945734977722,140980224,0,0,85017493504,0,0,140980224,0,99298349056,121113808896,0
1791595939.5497596,0.030546901747584343,140980224,0,0,85017493504,0,0,140980224,0,99298390016,121113808896,0
1791595939.7483854,0.02896563522517681,140980224,0,0,85017493504,0,0,140980224,0,99298463744,121113808896,0
1791595939.94859,0.029074229300022125,140980224,0,0,85017493504,0,0,140980224,0,99298308096,121113808896,0
1791595940.1476724,0.028075633570551872,147390464,0,0,85017493504,0,0,147390464,0,99304955904,121113808896,0
1791595940.3483882,0.028698712587356567,147759104,0,0,85017493504,0,0,147759104,0,99305213952,121113808896,0
1791595940.5465631,0.026793336495757103,147759104,0,0,85017493504,0,0,147759104,0,99305037824,121113808896,0
1791595940.749888,0.030036959797143936,147759104,0,0,85017493504,0,0,147759104,0,99305259008,121113808896,0
1791595940.949457,0.029518013820052147,147759104,0,0,85017493504,0,0,147759104,0,99305353216,121113808896,0
1791595941.1504164,0.030394429340958595,147759104,0,0,85017493504,0,0,147759104,0,99305037824,121113808896,0
1791595941.3497946,0.029687166213989258,147759104,0,0,85017493504,0,0,147759104,0,99305054208,121113808896,0
1791595941.5490727,0.028851134702563286,147759104,0,0,85017493504,0,0,147759104,0,99305144320,121113808896,0
1791595941.750517,0.030216321349143982,147759104,0,0,85017493504,0,0,147759104,0,99305148416,121113808896,0
1791595941.9504004,0.030012955889105797,147759104,0,0,85017493504,0,0,147759104,0,99305504768,121113808896,0
1791595942.1495552,0.029072776436805725,147759104,0,0,85017493504,0,0,147759104,0,99305222144,121113804800,0
1791595942.3470988,0.026521913707256317,147759104,0,0,85017493504,0,0,147759104,0,99305435136,121113804800,0
1791595942.5850792,0.06441809982061386,147759104,0,0,85017493504,0,0,147759104,0,99286618112,121113800704,0
1791595942.7777019,0.05693945661187172,136855552,0,0,85017493504,0,0,136855552,0,99294638080,121113800704,0
1791595942.951396,0.03055654466152191,136863744,0,0,85017493504,0,0,136863744,0,99294683136,121113800704,0
1791595943.1518438,0.030881499871611595,136871936,0,0,85017493504,0,0,136871936,0,99294420992,121113800704,0
1791595943.3520362,0.030989397317171097,136880128,0,0,85017493504,0,0,136880128,0,99294437376,121113800704,0
1791595943.56014,0.03901091404259205,213102592,0,0,85017493504,44605440,0,168497152,0,99370921984,121113796608,0
1791595943.759856,0.03864284045994282,397660160,0,0,85017493504,231251968,0,166408192,0,99555930112,121113796608,0
1791595943.9580772,0.036773573607206345,584343552,0,0,85017493504,419995648,0,164347904,0,99744944128,121113796608,0
1791595944.1590931,0.03770100511610508,781479936,0,0,85017493504,615030784,0,166449152,0,99941109760,121113796608,0
1791595944.3552978,0.0338162686675787,972337152,0,0,85017493504,810065920,0,162271232,0,100131143680,121113796608,0
1791595944.558174,0.03661505505442619,1169469440,0,0,85017493504,1005101056,0,164368384,0,100328861696,121113796608,0
1791595944.7613254,0.03967412747442722,1368698880,0,0,85017493504,1200136192,0,168562688,0,100528340992,121113796608,0
1791595944.958846,0.037096912041306496,1561636864,0,0,85017493504,1395171328,0,166465536,0,100721913856,121113796608,0
1791595945.1600995,0.03825702331960201,1758769152,0,0,85017493504,1592303616,0,166465536,0,100919349248,121113796608,0
1791595945.3601902,0.038256920874118805,1953820672,0,0,85017493504,1787338752,0,166481920,0,101114966016,121113796608,0
1791595945.5588095,0.03677918203175068,2138370048,0,0,85017493504,1971888128,0,166481920,0,101299892224,121113796608,0
1791595945.760102,0.037974365055561066,2325016576,0,0,85017493504,2158534656,0,166481920,0,101486649344,121113796608,0
1791595945.9607065,0.038486653938889503,2517954560,0,0,85017493504,2351472640,0,166481920,0,101680439296,121113796608,0
1791595946.1605606,0.03824770823121071,2710892544,0,0,85017493504,2546507776,0,164384768,0,101873999872,121113796608,0
1791595946.360675,0.03827444277703762,2908041216,0,0,85017493504,2739445760,0,168595456,0,102071468032,121113796608,0
1791595946.5610015,0.038513634353876114,3105173504,0,0,85017493504,2936578048,0,168595456,0,102268788736,121113796608,0
1791595946.7604897,0.037919629365205765,3304402944,0,0,85017493504,3137904640,0,166498304,0,102468653056,121113796608,0
1791595946.9616868,0.03902382403612137,3503632384,0,0,85017493504,3337134080,0,166498304,0,102667812864,121113796608,0
1791595947.1612363,0.03848155587911606,3688181760,0,0,85017493504,3521683456,0,166498304,0,102855073792,121113796608,0
1791595947.3596308,0.036783499643206596,3876925440,0,0,85017493504,3710427136,0,166498304,0,103041916928,121113796608,0
1791595947.5612655,0.038324080407619476,4074074112,0,0,85017493504,3907559424,0,166514688,0,103240040448,121113796608,0
1791595947.7617319,0.03870256990194321,4269109248,0,0,85017493504,4102594560,0,166514688,0,103435759616,121113796608,0
1791595947.9607437,0.03762915916740894,4462047232,0,0,85017493504,4297629696,0,164417536,0,103629037568,121113796608,0
1791595948.1604073,0.03721115179359913,4657082368,0,0,85017493504,4490567680,0,166514688,0,103824465920,121113796608,0
1791595948.3588214,0.03554214723408222,4850020352,0,0,85017493504,4685602816,0,164417536,0,104017854464,121113796608,0
1791595948.5577292,0.03436785936355591,5045055488,0,0,85017493504,4880637952,0,164417536,0,104213495808,121113796608,0
1791595948.7617261,0.038282183930277824,5240107008,0,0,85017493504,5075673088,0,164433920,0,104410988544,121113796608,0
1791595948.9622023,0.03866163641214371,5437239296,0,0,85017493504,5270708224,0,166531072,0,104606601216,121113796608,0
1791595949.161629,0.037986284121870995,5630177280,0,0,85017493504,5465743360,0,164433920,0,104799621120,121113792512,0
1791595949.361208,0.03747499920427799,5823115264,0,0,85017493504,5656584192,0,166531072,0,104992796672,121113792512,0
1791595949.5607235,0.036899859085679054,6018150400,0,0,85017493504,5851619328,0,166531072,0,105188147200,121113792512,0
1791595949.7614741,0.037566762417554855,6211088384,0,0,85017493504,6046654464,0,164433920,0,105381212160,121113792512,0
1791595949.9614098,0.0374125000089407,6404042752,0,0,85017493504,6239592448,0,164450304,0,105574498304,121113792512,0
1791595950.1621351,0.03802020847797394,6599077888,0,0,85017493504,6432530432,0,166547456,0,105769996288,121113792512,0
1791595950.3620758,0.03786819241940975,6792015872,0,0,85017493504,6625468416,0,166547456,0,105963290624,121113792512,0
1791595950.5620975,0.03780081309378147,6987055104,0,0,85017493504,6820503552,0,166551552,0,106158645248,121113792512,0
1791595950.762032,0.03765552677214146,7182090240,0,0,85017493504,7015538688,0,166551552,0,106354442240,121113792512,0
1791595950.9617891,0.03732391074299812,7372931072,0,0,85017493504,7208476672,0,164454400,0,106545152000,121113792512,0
1791595951.162887,0.038332125172019005,7565885440,0,0,85017493504,7399317504,0,166567936,0,106738487296,121113792512,0
1791595951.3629014,0.03825405612587929,7758823424,0,0,85017493504,7594352640,0,164470784,0,106932039680,121113792512,0
1791595951.5640447,0.03931822255253792,7951761408,0,0,85017493504,7785193472,0,166567936,0,107125383168,121113792512,0
1791595951.7624505,0.03763672336935997,8142602240,0,0,85017493504,7976034304,0,166567936,0,107316625408,121113792512,0
1791595951.9639132,0.03901416435837746,8325054464,0,0,85017493504,8158486528,0,166567936,0,107499098112,121113792512,0
1791595952.1647341,0.03974473103880882,8518008832,0,0,85017493504,8349327360,0,168681472,0,107692621824,121113792512,0
1791595952.3645453,0.03946199640631676,8713043968,0,0,85017493504,8546459648,0,166584320,0,107887943680,121113792512,0
1791595952.5629983,0.0378288347274065,8903884800,0,0,85017493504,8739397632,0,164487168,0,108081254400,121113792512,0
1791595952.7642446,0.038983842357993126,9101017088,0,0,85017493504,8934432768,0,166584320,0,108276678656,121113792512,0
1791595952.9636424,0.03828543797135353,9291857920,0,0,85017493504,9127370752,0,164487168,0,108470210560,121113792512,0
1791595953.1643782,0.03892749547958374,9486893056,0,0,85017493504,9320308736,0,166584320,0,108663820288,121113792512,0
1791595953.365198,0.039656439796090126,9681928192,0,0,85017493504,9515343872,0,166584320,0,108858716160,121113792512,0
1791595953.565384,0.039751987904310226,9881157632,0,0,85017493504,9712476160,0,168681472,0,109058318336,121113792512,0
1791595953.7639673,0.03824424743652344,10074095616,0,0,85017493504,9907511296,0,166584320,0,109251452928,121113792512,0
1791595953.9629817,0.03716582432389259,10264936448,0,0,85017493504,10100449280,0,164487168,0,109442908160,121113792512,0
1791595954.161569,0.0356568843126297,10455777280,0,0,85017493504,10291290112,0,164487168,0,109633798144,121113792512,0
1791595954.361999,0.036020925268530846,10648715264,0,0,85017493504,10484228096,0,164487168,0,109827092480,121113792512,0
1791595954.5637045,0.03764066658914089,10843750400,0,0,85017493504,10679263232,0,164487168,0,110022594560,121113792512,0
1791595954.76424,0.03809243626892567,11034591232,0,0,85017493504,10868006912,0,166584320,0,110213640192,121113792512,0
1791595954.964556,0.03831188380718231,11217043456,0,0,85017493504,11050459136,0,166584320,0,110396948480,121113792512,0
1791595955.1650596,0.03871910460293293,11409981440,0,0,85017493504,11243397120,0,166584320,0,110589755392,121113792512,0
1791595955.3653073,0.03887745179235935,11600822272,0,0,85017493504,11434237952,0,166584320,0,110781337600,121113792512,0
1791595955.5640008,0.037484267726540565,11789565952,0,0,85017493504,11625078784,0,164487168,0,110972534784,121113792512,0
1791595955.7651284,0.03852452151477337,11978309632,0,0,85017493504,11813822464,0,164487168,0,111159414784,121113792512,0
1791595955.9673803,0.04068850725889206,12171247616,0,0,85017493504,12002566144,0,168681472,0,111352786944,121113788416,0
1791595956.1664765,0.039691053330898285,12359991296,0,0,85017493504,12193406976,0,166584320,0,111541645312,121113788416,0
1791595956.3666997,0.039826324209570885,12548734976,0,0,85017493504,12382150656,0,166584320,0,111731003392,121113788416,0
1791595956.5642319,0.03727186284959316,12739575808,0,0,85017493504,12575088640,0,164487168,0,111922118656,121113788416,0
1791595956.7642174,0.037169454619288445,12924125184,0,0,85017493504,12759638016,0,164487168,0,112107020288,121113788416,0
1791595956.9573877,0.030248679220676422,13106581504,0,0,85017493504,12946284544,0,160296960,0,112289091584,121113788416,0
1791595957.1650896,0.03784545138478279,13301616640,0,0,85017493504,13137125376,0,164491264,0,112486559744,121113788416,0
1791595957.3668485,0.03951259329915047,13494554624,0,0,85017493504,13327966208,0,166588416,0,112678006784,121113788416,0
1791595957.5658226,0.03839416429400444,13683298304,0,0,85017493504,13518807040,0,164491264,0,112866947072,121113788416,0
1791595957.7664468,0.03892222233116627,13874139136,0,0,85017493504,13707550720,0,166588416,0,113058328576,121113788416,0
1791595957.9669552,0.03933069296181202,14062882816,0,0,85017493504,13900488704,0,162394112,0,113247428608,121113788416,0
1791595958.1672866,0.03957058861851692,14251626496,0,0,85017493504,14085038080,0,166588416,0,113436491776,121113788416,0
1791595958.365918,0.03810744918882847,14438273024,0,0,85017493504,14273781760,0,164491264,0,113623678976,121113788416,0
1791595958.5700572,0.042162319645285606,14633308160,0,0,85017493504,14464622592,0,168685568,0,113819045888,121113788416,0
1791595958.7668831,0.03890130668878555,14819954688,0,0,85017493504,14655463424,0,164491264,0,114006675456,121113788416,0
1791595958.9669518,0.03888081759214401,15012892672,0,0,85017493504,14846304256,0,166588416,0,114199695360,121113788416,0
1791595959.1682851,0.04012209549546242,15207927808,0,0,85017493504,15041339392,0,166588416,0,114395066368,121113788416,0
1791595959.3671186,0.038866521790623665,15398768640,0,0,85017493504,15232180224,0,166588416,0,114586271744,121113788416,0
1791595959.5672846,0.03894674777984619,15591706624,0,0,85017493504,15425118208,0,166588416,0,114779557888,121113788416,0
1791595959.7660346,0.037609634920954704,15784644608,0,0,85017493504,15620153344,0,164491264,0,114972844032,121113788416,0
1791595959.9656217,0.03710496611893177,15977582592,0,0,85017493504,15813091328,0,164491264,0,115166130176,121113788416,0
1791595960.1678376,0.039228443056344986,16170520576,0,0,85017493504,16006029312,0,164491264,0,115361599488,121113788416,0
1791595960.366852,0.038155512884259224,16363458560,0,0,85017493504,16198967296,0,164491264,0,115552780288,121113788416,0
1791595960.5681038,0.03932022862136364,16556396544,0,0,85017493504,16389808128,0,166588416,0,115746250752,121113788416,0
1791595960.767156,0.03828395903110504,16749334528,0,0,85017493504,16584843264,0,164491264,0,115939405824,121113788416,0
1791595960.968022,0.03905787318944931,16944369664,0,0,85017493504,16779878400,0,164491264,0,116136607744,121113788416,0
1791595961.1666696,0.03761585243046284,17137307648,0,0,85017493504,16972816384,0,164491264,0,116327981056,121113788416,0
1791595961.3684902,0.03934468701481819,17330245632,0,0,85017493504,17163657216,0,166588416,0,116521172992,121113788416,0
1791595961.5662332,0.037002118304371834,17523183616,0,0,85017493504,17358692352,0,164491264,0,116714721280,121113788416,0
1791595961.768652,0.03933678939938545,17718218752,0,0,85017493504,17553727488,0,164491264,0,116910112768,121113788416,0
1791595961.9689114,0.03949012607336044,17911156736,0,0,85017493504,17744568320,0,166588416,0,117103579136,121113788416,0
1791595962.1691983,0.0396842285990715,18101997568,0,0,85017493504,17935409152,0,166588416,0,117294526464,121113788416,0
1791595962.3663416,0.03673826716840267,18290741248,0,0,85017493504,18126249984,0,164491264,0,117483888640,121113788416,0
1791595962.5698175,0.04013015516102314,18483679232,0,0,85017493504,18317090816,0,166588416,0,117677289472,121113788416,0
1791595962.7687995,0.03901590406894684,18672422912,0,0,85017493504,18507931648,0,164491264,0,117866577920,121113784320,0
1791595962.9690092,0.039137762039899826,18863263744,0,0,85017493504,18696675328,0,166588416,0,118058033152,121113784320,0
1791595963.168768,0.03880841098725796,19052007424,0,0,85017493504,18889613312,0,162394112,0,118247337984,121113784320,0
1791595963.3697684,0.03970756568014622,19236560896,0,0,85017493504,19072065536,0,164495360,0,118432010240,121113784320,0
1791595963.5688162,0.03867338225245476,19429498880,0,0,85017493504,19265003520,0,164495360,0,118625308672,121113784320,0
1791595963.7695146,0.03928576223552227,19622436864,0,0,85017493504,19457941504,0,164495360,0,118818590720,121113784320,0
1791595963.9733562,0.04301927611231804,19815374848,0,0,85017493504,19648782336,0,166592512,0,119012171776,121113784320,0
1791595964.171209,0.0407840721309185,20004118528,0,0,85017493504,19837526016,0,166592512,0,119201533952,121113784320,0
1791595964.3701081,0.03959953598678112,20194971648,0,0,85017493504,20028366848,0,166604800,0,119393009664,121113784320,0
1791595964.5707865,0.04019198194146156,20390006784,0,0,85017493504,20223401984,0,166604800,0,119588192256,121113784320,0
1791595964.7703578,0.0396791510283947,20580847616,0,0,85017493504,20414242816,0,166604800,0,119779205120,121113784320,0
1791595964.9691277,0.038353584706783295,20773785600,0,0,85017493504,20609277952,0,164507648,0,119972233216,121113784320,0
1791595965.169783,0.03892331011593342,20964626432,0,0,85017493504,20800118784,0,164507648,0,120165519360,121113784320,0
1791595965.3705456,0.039597947150468826,21157564416,0,0,85017493504,20990959616,0,166604800,0,120356200448,121113784320,0
1791595965.5707486,0.039702124893665314,21348405248,0,0,85017493504,21181800448,0,166604800,0,120547463168,121113784320,0
1791595965.7688615,0.037723541259765625,21539246080,0,0,85017493504,21374738432,0,164507648,0,120738615296,121113784320,0
1791595965.9694638,0.038211435079574585,21734281216,0,0,85017493504,21569773568,0,164507648,0,120933646336,121113784320,0
1791595966.1707835,0.03943677619099617,21929316352,0,0,85017493504,21762711552,0,166604800,0,121131401216,121113784320,0
1791595966.3709006,0.03946651332080364,22115962880,0,0,85017493504,21949358080,0,166604800,0,121316294656,121113784320,0
1791595966.5704887,0.03897302225232124,22308900864,0,0,85017493504,22142296064,0,166604800,0,121509830656,121113784320,0
1791595966.771904,0.04027975723147392,22506033152,0,0,85017493504,22339428352,0,166604800,0,121707614208,121113784320,0
1791595966.9696152,0.03788313269615173,22698971136,0,0,85017493504,22534463488,0,164507648,0,121902862336,121113784320,0
1791595967.1690807,0.03725410997867584,22894006272,0,0,85017493504,22729498624,0,164507648,0,122096418816,121113784320,0
1791595967.3691254,0.037195274606347084,23089041408,0,0,85017493504,22924533760,0,164507648,0,122291838976,121113784320,0
1791595967.5690215,0.03699963167309761,23284076544,0,0,85017493504,23121666048,0,162410496,0,122487259136,121113780224,0
1791595967.769861,0.03772291913628578,23481208832,0,0,85017493504,23316701184,0,164507648,0,122684796928,121113780224,0
1791595967.9719055,0.03967150114476681,23676243968,0,0,85017493504,23509639168,0,166604800,0,122880122880,121113780224,0
1791595968.1725972,0.04024263098835945,23873376256,0,0,85017493504,23704674304,0,168701952,0,123077341184,121113780224,0
1791595968.3719826,0.03953567333519459,24068411392,0,0,85017493504,23901806592,0,166604800,0,123272953856,121113780224,0
1791595968.5717325,0.039187150076031685,24263446528,0,0,85017493504,24096841728,0,166604800,0,123468603392,121113780224,0
1791595968.773,0.04036836326122284,24458481664,0,0,85017493504,24291876864,0,166604800,0,123665854464,121113780224,0
1791595968.9750493,0.04230888560414314,24655613952,0,0,85017493504,24489009152,0,166604800,0,123861213184,121113780224,0
1791595969.1736994,0.04086693935096264,24848551936,0,0,85017493504,24684044288,0,164507648,0,124054421504,121113780224,0
1791595969.372803,0.03988044708967209,25041489920,0,0,85017493504,24874885120,0,166604800,0,124247957504,121113776128,0
1791595969.5636857,0.03068668022751808,25226039296,0,0,85017493504,25063628800,0,162410496,0,124433039360,121113776128,0
1791595969.7623374,0.029270894825458527,25416880128,0,0,85017493504,25256566784,0,160313344,0,124623982592,121113776128,0
1791595969.9731658,0.040014518424868584,25611915264,0,0,85017493504,25447407616,0,164507648,0,124819615744,121113776128,0
1791595970.1721027,0.0388611163944006,25788076032,0,0,85017493504,25623568384,0,164507648,0,124996128768,121113776128,0
1791595970.3687105,0.035384733229875565,25974722560,0,0,85017493504,25814409216,0,160313344,0,125182984192,121113776128,0
1791595970.572629,0.03921758383512497,26167660544,0,0,85017493504,26003152896,0,164507648,0,125376118784,121113776128,0
1791595970.7732787,0.03975541517138481,26354307072,0,0,85017493504,26189799424,0,164507648,0,125565194240,121113776128,0
1791595970.973311,0.039700329303741455,26543050752,0,0,85017493504,26378543104,0,164507648,0,125752455168,121113776128,0
1791595971.171714,0.037979910150170326,26729697280,0,0,85017493504,26567286784,0,162410496,0,125941727232,121113776128,0
1791595971.3745246,0.04070721194148064,26926829568,0,0,85017493504,26760224768,0,166604800,0,126136782848,121113776128,0
1791595971.5750706,0.04116928018629551,27115573248,0,0,85017493504,26953162752,0,162410496,0,126327914496,121113776128,0
1791595971.7718382,0.037853339686989784,27304316928,0,0,85017493504,27139809280,0,164507648,0,126515109888,121113776128,0
1791595971.9721687,0.03810000419616699,27497254912,0,0,85017493504,27332747264,0,164507648,0,126708404224,121113776128,0
1791595972.1761038,0.04187973029911518,27692290048,0,0,85017493504,27525685248,0,166604800,0,126903963648,121113776128,0
1791595972.3740082,0.03968560881912708,27881033728,0,0,85017493504,27716526080,0,164507648,0,127094947840,121113776128,0
1791595972.576111,0.04170099087059498,28076068864,0,0,85017493504,27909464064,0,166604800,0,127288864768,121113776128,0
1791595972.7725928,0.038089146837592125,28266909696,0,0,85017493504,28102402048,0,164507648,0,127479816192,121113776128,0
1791595972.974214,0.039616718888282776,28464041984,0,0,85017493504,28297437184,0,166604800,0,127677292544,121113776128,0
1791595973.173312,0.03861648216843605,28659077120,0,0,85017493504,28494569472,0,164507648,0,127872786432,121113776128,0
1791595973.3723428,0.03755228966474533,28852015104,0,0,85017493504,28687507456,0,164507648,0,128065998848,121113776128,0
1791595973.6080015,0.07312645204365253,29078507520,0,0,85017493504,28880445440,0,198062080,0,128292843520,121113776128,0
1791595973.7973099,0.06235415115952492,29260959744,0,0,85017493504,29073383424,0,187576320,0,128475566080,121113776128,0
1791595973.9751434,0.040101395919919014,29430829056,0,0,85017493504,29264224256,0,166604800,0,128645943296,121113776128,0
1791595974.1727383,0.0376095324754715,29619572736,0,0,85017493504,29455065088,0,164507648,0,128835039232,121113776128,0
1791595974.3740263,0.038810865953564644,29810413568,0,0,85017493504,29645905920,0,164507648,0,129026441216,121113776128,0
1791595974.5736413,0.038350267335772514,30003351552,0,0,85017493504,29838843904,0,164507648,0,129219727360,121113776128,0
1791595974.770575,0.035199716687202454,30194192384,0,0,85017493504,30033879040,0,160313344,0,129411178496,121113776128,0
1791595974.97833,0.042840324342250824,30397616128,0,0,85017493504,30228914176,0,168701952,0,129615065088,121113776128,0
1791595975.1768517,0.04127434827387333,30590554112,0,0,85017493504,30421852160,0,168701952,0,129808097280,121113776128,0
1791595975.374577,0.03891373053193092,30783492096,0,0,85017493504,30616887296,0,166604800,0,130001563648,121113776128,0
1791595975.5763433,0.04059332795441151,30978527232,0,0,85017493504,30811922432,0,166604800,0,130196979712,121113776128,0
1791595975.7771468,0.04129900224506855,31171465216,0,0,85017493504,31006957568,0,164507648,0,130392895488,121113776128,0
1791595975.9769588,0.04101511090993881,31364403200,0,0,85017493504,31197798400,0,166604800,0,130583605248,121113776128,0
1791595976.1771207,0.04106831178069115,31557341184,0,0,85017493504,31390736384,0,166604800,0,130776719360,121113772032,0
1791595976.378166,0.04202457144856453,31750279168,0,0,85017493504,31585771520,0,164507648,0,130972291072,121113772032,0
1791595976.580157,0.04391201213002205,31945314304,0,0,85017493504,31778709504,0,166604800,0,131165212672,121113772032,0
1791595976.7793784,0.04304143041372299,32134057984,0,0,85017493504,31969550336,0,164507648,0,131354509312,121113772032,0
1791595976.9784346,0.04200185835361481,32320704512,0,0,85017493504,32156196864,0,164507648,0,131541504000,121113772032,0
1791595977.1810172,0.044481465592980385,32507351040,0,0,85017493504,32344940544,0,162410496,0,131728187392,121113772032,0
1791595977.3789907,0.04233357310295105,32696094720,0,0,85017493504,32529489920,0,166604800,0,131916955648,121113772032,0
1791595977.5784566,0.041704170405864716,32891129856,0,0,85017493504,32724525056,0,166604800,0,132112412672,121113772032,0
1791595977.7758186,0.03898041881620884,33081970688,0,0,85017493504,32917463040,0,164507648,0,132303556608,121113772032,0
1791595977.978875,0.041943322867155075,33279102976,0,0,85017493504,33110401024,0,168701952,0,132501028864,121113772032,0
1791595978.1776283,0.040603650733828545,33467846656,0,0,85017493504,33303339008,0,164507648,0,132690345984,121113772032,0
1791595978.3776267,0.04051617719233036,33660784640,0,0,85017493504,33494179840,0,166604800,0,132883562496,121113772032,0
1791595978.5794528,0.04225455969572067,33853722624,0,0,85017493504,33689214976,0,164507648,0,133079375872,121113772032,0
1791595978.7818666,0.04454987123608589,34044563456,0,0,85017493504,33877958656,0,166604800,0,133268471808,121113772032,0
1791595978.9770133,0.039601441472768784,34227015680,0,0,85017493504,34060410880,0,166604800,0,133451055104,121113772032,0
1791595979.1762035,0.0387017335742712,34417856512,0,0,85017493504,34253348864,0,164507648,0,133644582912,121113772032,0
1791595979.3754513,0.03785762004554272,34608697344,0,0,85017493504,34446286848,0,162410496,0,133835808768,121113772032,0
1791595979.5755956,0.03791630640625954,34801635328,0,0,85017493504,34637127680,0,164507648,0,134027046912,121113772032,0
1791595979.7795074,0.04174277000129223,34998767616,0,0,85017493504,34830065664,0,168701952,0,134225039360,121113772032,0
1791595979.9791718,0.04132003337144852,35191705600,0,0,85017493504,35025100800,0,166604800,0,134418321408,121113772032,0
1791595980.1765869,0.0386466421186924,35384643584,0,0,85017493504,35218038784,0,166604800,0,134611386368,121113772032,0
1791595980.3763509,0.03832266293466091,35567095808,0,0,85017493504,35402588160,0,164507648,0,134793936896,121113772032,0
1791595980.5778728,0.039759255945682526,35760033792,0,0,85017493504,35595526144,0,164507648,0,134987493376,121113772032,0
1791595980.7784846,0.04028591141104698,35952971776,0,0,85017493504,35786366976,0,166604800,0,135180681216,121113772032,0
1791595980.9779708,0.039684170857071877,36143812608,0,0,85017493504,35979304960,0,164507648,0,135374184448,121113772032,0
1791595981.1772416,0.038863785564899445,36338847744,0,0,85017493504,36172242944,0,166604800,0,135566868480,121113772032,0
1791595981.3769433,0.03846489265561104,36531785728,0,0,85017493504,36367278080,0,164507648,0,135760269312,121113772032,0
1791595981.5770574,0.03846322186291218,36722626560,0,0,85017493504,36560216064,0,162410496,0,135951142912,121113772032,0
1791595981.778791,0.04011024534702301,36917661696,0,0,85017493504,36753154048,0,164507648,0,136146862080,121113772032,0
1791595981.9777896,0.0389238428324461,37108502528,0,0,85017493504,36943994880,0,164507648,0,136337723392,121113772032,0
1791595982.1727772,0.03384298458695412,37295149056,0,0,85017493504,37132738560,0,162410496,0,136525008896,121113772032,0
1791595982.3782701,0.03924529626965523,37494378496,0,0,85017493504,37329870848,0,164507648,0,136724840448,121113772032,0
1791595982.578097,0.03898061066865921,37687316480,0,0,85017493504,37520711680,0,166604800,0,136921780224,121113772032,0
1791595982.7717829,0.032575253397226334,37871865856,0,0,85017493504,37711552512,0,160313344,0,137106706432,121113772032,0
1791595982.9744225,0.035148514434695244,38066900992,0,0,85017493504,37902393344,0,164507648,0,137302208512,121113767936,0
1791595983.1812966,0.04193274676799774,38264033280,0,0,85017493504,38101622784,0,162410496,0,137499590656,121113767936,0
1791595983.3827407,0.043293390423059464,38452776960,0,0,85017493504,38284075008,0,168701952,0,137688596480,121113767936,0
1791595983.5838025,0.044268010184168816,38639423488,0,0,85017493504,38477012992,0,162410496,0,137878290432,121113767936,0
1791595983.7812355,0.04161641001701355,38826070016,0,0,85017493504,38659465216,0,166604800,0,138063212544,121113767936,0
1791595983.9807703,0.04105187952518463,39021105152,0,0,85017493504,38854500352,0,166604800,0,138264391680,121113767936,0
1791595984.1787863,0.03897947072982788,39209848832,0,0,85017493504,39045341184,0,164507648,0,138457124864,121113767936,0
1791595984.3803635,0.040469350293278694,39400689664,0,0,85017493504,39236182016,0,164507648,0,138637873152,121113767936,0
1791595984.5810015,0.041010353714227676,39595724800,0,0,85017493504,39431217152,0,164507648,0,138831056896,121113767936,0
1791595984.7806666,0.04058583825826645,39788662784,0,0,85017493504,39624155136,0,164507648,0,139024351232,121113767936,0
1791595984.982789,0.042576245963573456,39983697920,0,0,85017493504,39814995968,0,168701952,0,139219664896,121113767936,0
1791595985.1810908,0.04079565219581127,40164052992,0,0,85017493504,39999545344,0,164507648,0,139400368128,121113767936,0
1791595985.382004,0.04160234332084656,40356990976,0,0,85017493504,40192483328,0,164507648,0,139593625600,121113767936,0
1791595985.5824156,0.041923681274056435,40539443200,0,0,85017493504,40372838400,0,166604800,0,139776602112,121113767936,0
1791595985.780805,0.040231384336948395,40728186880,0,0,85017493504,40563679232,0,164507648,0,139965652992,121113767936,0
1791595985.9819753,0.04131617210805416,40923222016,0,0,85017493504,40756617216,0,166604800,0,140160815104,121113767936,0
1791595986.1840444,0.04328034818172455,41116160000,0,0,85017493504,40951652352,0,164507648,0,140356108288,121113767936,0
1791595986.3815956,0.04074288718402386,41304903680,0,0,85017493504,41140396032,0,164507648,0,140545126400,121113767936,0
1791595986.581795,0.040838971734046936,41497841664,0,0,85017493504,41333334016,0,164507648,0,140738674688,121113767936,0
1791595986.7810066,0.03995520435273647,41690779648,0,0,85017493504,41526272000,0,164507648,0,140929613824,121113767936,0
1791595986.9838464,0.042705830186605453,41877426176,0,0,85017493504,41708724224,0,168701952,0,141116760064,121113767936,0
1791595987.1816814,0.04042971134185791,42057781248,0,0,85017493504,41891176448,0,166604800,0,141297229824,121113767936,0
1791595987.3828523,0.04150254279375076,42250719232,0,0,85017493504,42084114432,0,166604800,0,141490380800,121113767936,0
1791595987.5801177,0.03866400755941868,42439462912,0,0,85017493504,42274955264,0,164507648,0,141679652864,121113767936,0
1791595987.7818806,0.040336837992072105,42632400896,0,0,85017493504,42467893248,0,164507648,0,141875048448,121113767936,0
1791595987.9809947,0.039354702457785606,42825338880,0,0,85017493504,42660831232,0,164507648,0,142066307072,121113767936,0
1791595988.1834211,0.04168415069580078,43020374016,0,0,85017493504,42855866368,0,164507648,0,142263635968,121113767936,0
1791595988.3815541,0.039721256121993065,43213312000,0,0,85017493504,43048804352,0,164507648,0,142455054336,121113767936,0
1791595988.5841615,0.04224345646798611,43406249984,0,0,85017493504,43245936640,0,160313344,0,142648074240,121113767936,0
1791595988.7862399,0.04421769268810749,43599192064,0,0,85017493504,43432583168,0,166608896,0,142841819136,121113767936,0
1791595988.9833028,0.04117437265813351,43787935744,0,0,85017493504,43623424000,0,164511744,0,143030759424,121113767936,0
1791595989.1845865,0.042355841025710106,43980873728,0,0,85017493504,43816361984,0,164511744,0,143223754752,121113767936,0
1791595989.3846955,0.04236021637916565,44173811712,0,0,85017493504,44007202816,0,166608896,0,143419371520,121113767936,0
1791595989.587354,0.044929636642336845,44366749696,0,0,85017493504,44200140800,0,166608896,0,143610814464,121113763840,0
1791595989.7854464,0.042931435629725456,44557602816,0,0,85017493504,44388884480,0,168718336,0,143802269696,121113763840,0
1791595989.9830754,0.04045616276562214,44740055040,0,0,85017493504,44573433856,0,166621184,0,143984893952,121113763840,0
1791595990.1838157,0.0411039125174284,44924604416,0,0,85017493504,44766371840,0,158232576,0,144169795584,121113763840,0
1791595990.3836505,0.04083414748311043,45115445248,0,0,85017493504,44948824064,0,166621184,0,144360919040,121113763840,0
1791595990.585316,0.04239722713828087,45308383232,0,0,85017493504,45141762048,0,166621184,0,144554119168,121113763840,0
1791595990.7850158,0.04200180992484093,45499224064,0,0,85017493504,45332602880,0,166621184,0,144747585536,121113763840,0
1791595990.9845703,0.04145599156618118,45690064896,0,0,85017493504,45525540864,0,164524032,0,144936525824,121113763840,0
1791595991.1856124,0.04240904375910759,45883002880,0,0,85017493504,45716381696,0,166621184,0,145130074112,121113763840,0
1791595991.3859236,0.04261370003223419,46073843712,0,0,85017493504,45909319680,0,164524032,0,145321111552,121113763840,0
1791595991.5869837,0.04359295777976513,46260490240,0,0,85017493504,46098063360,0,162426880,0,145507827712,121113763840,0
1791595991.7845142,0.04103829897940159,46447136768,0,0,85017493504,46282612736,0,164524032,0,145695002624,121113763840,0
1791595991.984327,0.04075326398015022,46631686144,0,0,85017493504,46465064960,0,166621184,0,145879777280,121113763840,0
1791595992.1842494,0.04058476537466049,46822526976,0,0,85017493504,46658002944,0,164524032,0,146071117824,121113763840,0
1791595992.3858054,0.0420452244579792,47015464960,0,0,85017493504,46848843776,0,166621184,0,146266513408,121113763840,0
1791595992.5835917,0.0397406630218029,47206305792,0,0,85017493504,47041781760,0,164524032,0,146455789568,121113763840,0
1791595992.7887523,0.04480872303247452,47401340928,0,0,85017493504,47234719744,0,166621184,0,146653544448,121113763840,0
1791595992.9844983,0.040449535474181175,47590084608,0,0,85017493504,47425560576,0,164524032,0,146842624000,121113763840,0
1791595993.1843162,0.040176378563046455,47783022592,0,0,85017493504,47618498560,0,164524032,0,147035983872,121113763840,0
1791595993.3858466,0.0416081752628088,47978057728,0,0,85017493504,47811436544,0,166621184,0,147231363072,121113763840,0
1791595993.5877244,0.04340045154094696,48173092864,0,0,85017493504,48006471680,0,166621184,0,147424575488,121113763840,0
1791595993.7875495,0.04314015619456768,48363933696,0,0,85017493504,48199409664,0,164524032,0,147617861632,121113763840,0
1791595993.9862843,0.04177870601415634,48554774528,0,0,85017493504,48390250496,0,164524032,0,147806953472,121113763840,0
1791595994.1848483,0.04025609791278839,48745615360,0,0,85017493504,48581091328,0,164524032,0,147998314496,121113763840,0
1791595994.3862598,0.04158009961247444,48938553344,0,0,85017493504,48774029312,0,164524032,0,148191608832,121113763840,0
1791595994.586159,0.04139489121735096,49131491328,0,0,85017493504,48966967296,0,164524032,0,148385161216,121113763840,0
1791595994.7878356,0.042989861220121384,49322332160,0,0,85017493504,49157808128,0,164524032,0,148578447360,121113763840,0
1791595994.9889848,0.04403102025389671,49517367296,0,0,85017493504,49350746112,0,166621184,0,148771954688,121113763840,0
1791595995.1857288,0.04067731834948063,49706110976,0,0,85017493504,49541586944,0,164524032,0,148961021952,121113763840,0
1791595995.3865116,0.04136376269161701,49899048960,0,0,85017493504,49734524928,0,164524032,0,149154230272,121113763840,0
1791595995.5864701,0.04122857376933098,50091986944,0,0,85017493504,49925365760,0,166621184,0,149347713024,121113763840,0
1791595995.7887945,0.04346883110702038,50287022080,0,0,85017493504,50120400896,0,166621184,0,149543100416,121113763840,0
1791595995.9877822,0.04236108437180519,50477862912,0,0,85017493504,50311241728,0,166621184,0,149734830080,121113763840,0
1791595996.1900454,0.04453638754785061,50670800896,0,0,85017493504,50506276864,0,164524032,0,149927809024,121113763840,0
1791595996.387187,0.041590992361307144,50857447424,0,0,85017493504,50695020544,0,162426880,0,150114664448,121113759744,0
1791595996.588739,0.04304451495409012,51039899648,0,0,85017493504,50879569920,0,160329728,0,150297022464,121113759744,0
1791595996.7878146,0.04202159121632576,51224449024,0,0,85017493504,51059924992,0,164524032,0,150481928192,121113759744,0
1791595996.9905012,0.04460963420569897,51419484160,0,0,85017493504,51254960128,0,164524032,0,150679670784,121113759744,0
1791595997.1884649,0.04248197749257088,51608227840,0,0,85017493504,51443703808,0,164524032,0,150866407424,121113759744,0
1791595997.3880372,0.041948411613702774,51801165824,0,0,85017493504,51634544640,0,166621184,0,151059775488,121113759744,0
1791595997.5891545,0.04293343052268028,51994103808,0,0,85017493504,51827482624,0,166621184,0,151253131264,121113755648,0
1791595997.788633,0.042311714962124825,52184944640,0,0,85017493504,52018323456,0,166621184,0,151444328448,121113755648,0
1791595997.9884276,0.04201182350516319,52375785472,0,0,85017493504,52209164288,0,166621184,0,151635324928,121113755648,0
1791595998.1879132,0.04140748269855976,52558237696,0,0,85017493504,52391616512,0,166621184,0,151817797632,121113755648,0
1791595998.3883243,0.04171763360500336,52749078528,0,0,85017493504,52584554496,0,164524032,0,152011071488,121113755648,0
1791595998.5907102,0.044006455689668655,52944113664,0,0,85017493504,52779589632,0,164524032,0,152206573568,121113755648,0
1791595998.7944946,0.04770909622311592,53139148800,0,0,85017493504,52972527616,0,166621184,0,152400031744,121113755648,0
1791595998.9897544,0.042883070185780525,53323698176,0,0,85017493504,53159174144,0,164524032,0,152584740864,121113755648,0
1791595999.1913266,0.04437008313834667,53516636160,0,0,85017493504,53350014976,0,166621184,0,152777957376,121113755648,0
1791595999.3891888,0.04210449568927288,53705379840,0,0,85017493504,53538758656,0,166621184,0,152966914048,121113755648,0
1791595999.5887806,0.04161248356103897,53896220672,0,0,85017493504,53731696640,0,164524032,0,153160454144,121113755648,0
1791595999.7889454,0.041684627532958984,54087061504,0,0,85017493504,53920440320,0,166621184,0,153349316608,121113755648,0
1791595999.9901175,0.042761754244565964,54277902336,0,0,85017493504,54111281152,0,166621184,0,153540636672,121113755648,0
1791596000.197786,0.050338925793766975,54475034624,0,0,85017493504,54306316288,0,168718336,0,153740468224,121113755648,0
1791596000.397172,0.04962450452148914,54667972608,0,0,85017493504,54497157120,0,170815488,0,153931878400,121113755648,0
1791596000.589873,0.04223477467894554,54852521984,0,0,85017493504,54687997952,0,164524032,0,154116898816,121113755648,0
1791596000.7906444,0.042919548228383064,55041265664,0,0,85017493504,54874644480,0,166621184,0,154306244608,121113755648,0
1791596000.9907246,0.04289771988987923,55227912192,0,0,85017493504,55065485312,0,162426880,0,154493263872,121113755648,0
1791596001.1904576,0.04254445992410183,55383101440,0,0,85017493504,55226966016,0,156135424,0,154648715264,121113755648,0
1791596001.3891225,0.041076768189668655,55538290688,0,0,85017493504,55377960960,0,160329728,0,154803982336,121113755648,0
1791596001.5911932,0.04302816651761532,55706062848,0,0,85017493504,55545733120,0,160329728,0,154972123136,121113755648,0
1791596001.7904,0.04213620536029339,55888515072,0,0,85017493504,55723991040,0,164524032,0,155157258240,121113755648,0
1791596001.9911563,0.042786529287695885,56081453056,0,0,85017493504,55914831872,0,166621184,0,155351121920,121113755648,0
1791596002.1933465,0.0448923222720623,56276488192,0,0,85017493504,56109867008,0,166621184,0,155543867392,121113755648,0
1791596002.3933017,0.044751210138201714,56465231872,0,0,85017493504,56300707840,0,164524032,0,155732520960,121113755648,0
1791596002.591254,0.04261819273233414,56656072704,0,0,85017493504,56491548672,0,164524032,0,155926425600,121113755648,0
1791596002.7958016,0.04708119109272957,56853204992,0,0,85017493504,56682389504,0,170815488,0,156121923584,121113755648,0
1791596002.993803,0.04495982825756073,57044045824,0,0,85017493504,56877424640,0,166621184,0,156313206784,121113751552,0
1791596003.193311,0.04435848817229271,57236983808,0,0,85017493504,57068265472,0,168718336,0,156506427392,121113751552,0
1791596003.3936815,0.04462334141135216,57432018944,0,0,85017493504,57263300608,0,168718336,0,156701577216,121113751552,0
1791596003.5907156,0.04156789183616638,57620762624,0,0,85017493504,57456238592,0,164524032,0,156890931200,121113751552,0
1791596003.792039,0.042798466980457306,57813700608,0,0,85017493504,57647079424,0,166621184,0,157084037120,121113751552,0
1791596003.9925802,0.04322739504277706,58008735744,0,0,85017493504,57842114560,0,166621184,0,157279256576,121113751552,0
1791596004.1945446,0.04509804770350456,58203770880,0,0,85017493504,58039246848,0,164524032,0,157476749312,121113751552,0
1791596004.3940392,0.0445085484534502,58394611712,0,0,85017493504,58230087680,0,164524032,0,157668204544,121113751552,0
1791596004.5940287,0.04441443458199501,58579161088,0,0,85017493504,58412539904,0,166621184,0,157852991488,121113751552,0
1791596004.7933447,0.04364585317671299,58778390528,0,0,85017493504,58611769344,0,166621184,0,158050742272,121113751552,0
1791596004.9926786,0.04289242997765541,58971328512,0,0,85017493504,58806804480,0,164524032,0,158246096896,121113751552,0
1791596005.191418,0.04155199974775314,59168460800,0,0,85017493504,59003936768,0,164524032,0,158441746432,121113751552,0
1791596005.393459,0.04350210539996624,59367690240,0,0,85017493504,59201069056,0,166621184,0,158641213440,121113751552,0
1791596005.592857,0.04280506633222103,59564822528,0,0,85017493504,59398201344,0,166621184,0,158838685696,121113751552,0
1791596005.792468,0.04232378490269184,59761954816,0,0,85017493504,59595333632,0,166621184,0,159035920384,121113751552,0
1791596005.9955668,0.04533453285694122,59952795648,0,0,85017493504,59792465920,0,160329728,0,159226916864,121113751552,0
1791596006.1928937,0.04257461987435818,60145733632,0,0,85017493504,59981209600,0,164524032,0,159420203008,121113751552,0
1791596006.3952115,0.04479563236236572,60347060224,0,0,85017493504,60178341888,0,168718336,0,159621718016,121113751552,0
1791596006.59215,0.041649097576737404,60542095360,0,0,85017493504,60377571328,0,164524032,0,159819464704,121113751552,0
1791596006.794959,0.0443758238106966,60745519104,0,0,85017493504,60576800768,0,168718336,0,160021069824,121113751552,0
1791596006.997101,0.04643094353377819,60946845696,0,0,85017493504,60780224512,0,166621184,0,160223002624,121113751552,0
1791596007.1931567,0.04240097664296627,61143977984,0,0,85017493504,60979453952,0,164524032,0,160420487168,121113751552,0
1791596007.3941898,0.04334983602166176,61343207424,0,0,85017493504,61178683392,0,164524032,0,160622686208,121113751552,0
1791596007.5958002,0.04486923851072788,61531951104,0,0,85017493504,61367427072,0,164524032,0,160809418752,121113743360,0
1791596008.0088212,0.2578016985207796,61533663232,0,2097152,85016444928,61394685952,0,141074432,0,160803393536,121113743360,0
1791596008.0594962,0.05022117681801319,61564301312,0,31457280,84987084800,61394685952,0,201072640,0,160813981696,121113743360,0
1791596008.2574384,0.048075759783387184,61581434880,0,61740154880,23278387200,61394685952,61394690560,532213248,0,160821235712,121113739264,0
1791596008.4583628,0.0489170141518116,61581434880,0,61740154880,23278387200,61394685952,61394690560,532213248,0,160821329920,121113739264,0
1791596008.656783,0.04725485108792782,61581434880,0,61740154880,23278387200,61394685952,61394690560,532213248,0,160821358592,121113739264,0
1791596008.8564963,0.04688532091677189,61581434880,0,61740154880,23278387200,61394685952,61394690560,532213248,0,160821452800,121113739264,0
1791596009.0579472,0.04825224541127682,61581434880,0,61740154880,23278387200,61394685952,61394690560,532213248,0,160821477376,121113739264,0
1791596009.2582767,0.048478988930583,61581434880,0,61740154880,23278387200,61394685952,61394690560,532213248,0,160821317632,121113739264,0
1791596009.4551988,0.045309219509363174,61581434880,0,61740154880,23278387200,61394685952,61394690560,532213248,0,160821288960,121113739264,0
1791596009.654301,0.04431062377989292,61581434880,0,61740154880,23278387200,61394685952,61394690560,532213248,0,160821100544,121113735168,0
1791596009.8596265,0.049556346610188484,61581434880,0,61740154880,23278387200,61394685952,61394690560,532213248,0,160821211136,121113735168,0
1791596010.0567796,0.046622345224022865,61581434880,0,61740154880,23278387200,61394685952,61394690560,532213248,0,160821452800,121113735168,0
1791596010.2572808,0.04703892394900322,61581434880,0,61740154880,23278387200,61394685952,61394690560,532213248,0,160821542912,121113735168,0
1791596010.4572942,0.04695192538201809,61581434880,0,61740154880,23278387200,61394685952,61394690560,532213248,0,160821493760,121113735168,0
1791596010.6554065,0.04496428184211254,61581434880,0,61740154880,23278387200,61394685952,61394690560,532213248,0,160821579776,121113735168,0
1791596010.8554504,0.044919803738594055,61581434880,0,61740154880,23278387200,61394685952,61394690560,532213248,0,160821678080,121113735168,0
1791596011.056353,0.045732347294688225,61581434880,0,61740154880,23278387200,61394685952,61394690560,532213248,0,160821772288,121113735168,0
1791596011.2572374,0.04652160592377186,61581434880,0,61740154880,23278387200,61394685952,61394690560,532213248,0,160821604352,121113735168,0
1791596011.45599,0.04517732746899128,61581434880,0,61740154880,23278387200,61394685952,61394690560,532213248,0,160821456896,121113735168,0
1791596011.6570733,0.04617093503475189,61581434880,0,61740154880,23278387200,61394685952,61394690560,532213248,0,160821420032,121113735168,0
1791596011.8572567,0.04626277834177017,61581434880,0,61740154880,23278387200,61394685952,61394690560,532213248,0,160821288960,121113735168,0
1791596012.0565574,0.045468615368008614,61581434880,0,61740154880,23278387200,61394685952,61394690560,532213248,0,160821383168,121113735168,0
1791596012.2565687,0.04534757137298584,61581434880,0,61740154880,23278387200,61394685952,61394690560,532213248,0,160821473280,121113735168,0
1791596012.4550626,0.04373844899237156,61581434880,0,61740154880,23278387200,61394685952,61394690560,532213248,0,160821428224,121113735168,0
1791596012.6576414,0.04622299410402775,61581434880,0,61740154880,23278387200,61394685952,61394690560,532213248,0,160821846016,121113735168,0
1791596012.8562095,0.04469785466790199,61581434880,0,61740154880,23278387200,61394685952,61394690560,532213248,0,160821940224,121113735168,0
1791596013.0566478,0.04503505118191242,61581434880,0,61740154880,23278387200,61394685952,61394690560,532213248,0,160821735424,121113735168,0
1791596013.2590153,0.04728279635310173,61581434880,0,61740154880,23278387200,61394685952,61394690560,532213248,0,160821489664,121113735168,0
1791596013.4589612,0.047126177698373795,61581434880,0,61740154880,23278387200,61394685952,61394690560,532213248,0,160821497856,121113735168,0
1791596013.6601043,0.04817785508930683,61581434880,0,61740154880,23278387200,61394685952,61394690560,532213248,0,160820920320,121113735168,0
1791596013.8600478,0.04803289659321308,61581434880,0,61740154880,23278387200,61394685952,61394690560,532213248,0,160821018624,121113735168,0
1791596014.0615983,0.049490295350551605,61581434880,0,61740154880,23278387200,61394685952,61394690560,532213248,0,160821030912,121113735168,0
1791596014.2599404,0.04770887829363346,61581434880,0,61740154880,23278387200,61394685952,61394690560,532213248,0,160821096448,121113735168,0
1791596014.4583297,0.04600035771727562,61581434880,0,61740154880,23278387200,61394685952,61394690560,532213248,0,160821182464,121113735168,0
1791596014.6624167,0.050004299730062485,61581434880,0,61740154880,23278387200,61394685952,61394690560,532213248,0,160821035008,121113735168,0
1791596014.861746,0.04924342781305313,61581434880,0,61740154880,23278387200,61394685952,61394690560,532213248,0,160821096448,121113735168,0
1791596015.058941,0.04634578712284565,61581434880,0,61740154880,23278387200,61394685952,61394690560,532213248,0,160821080064,121113735168,0
1791596015.2587092,0.046016475185751915,61581434880,0,61740154880,23278387200,61394685952,61394690560,532213248,0,160821153792,121113735168,0
1791596015.4603164,0.04752625524997711,61581434880,0,61740154880,23278387200,61394685952,61394690560,532213248,0,160821243904,121113731072,0
1791596015.6588004,0.04591183550655842,61581434880,0,61740154880,23278387200,61394685952,61394690560,532213248,0,160821338112,121113731072,0
1791596015.8606937,0.04770928435027599,61581434880,0,61740154880,23278387200,61394685952,61394690560,532213248,0,160821071872,121113731072,0
1791596016.058296,0.04519322328269482,61581434880,0,61740154880,23278387200,61394685952,61394690560,532213248,0,160820994048,121113731072,0
1791596016.2586844,0.0454527884721756,61581434880,0,61740154880,23278387200,61394685952,61394690560,532213248,0,160821092352,121113731072,0
1791596016.459727,0.04639881104230881,61581434880,0,61740154880,23278387200,61394685952,61394690560,532213248,0,160820924416,121113731072,0
1791596016.6615434,0.04812640883028507,61581434880,0,61740154880,23278387200,61394685952,61394690560,532213248,0,160821010432,121113731072,0
1791596016.8628335,0.04933387599885464,61581434880,0,61740154880,23278387200,61394685952,61394690560,532213248,0,160821108736,121113731072,0
1791596017.061191,0.04760353825986385,61581434880,0,61740154880,23278387200,61394685952,61394690560,532213248,0,160821125120,121113731072,0
1791596017.2614946,0.04780375957489014,61581434880,0,61740154880,23278387200,61394685952,61394690560,532213248,0,160820584448,121113731072,0
1791596017.459785,0.04600479081273079,61581434880,0,61740154880,23278387200,61394685952,61394690560,532213248,0,160820670464,121113731072,0
1791596017.6601095,0.04623725637793541,61581434880,0,61740154880,23278387200,61394685952,61394690560,532213248,0,160821268480,121113731072,0
1791596017.8608537,0.046884411945939064,61581434880,0,61740154880,23278387200,61394685952,61394690560,532213248,0,160821264384,121113731072,0
1791596018.0596206,0.04555664025247097,61581434880,0,61740154880,23278387200,61394685952,61394690560,532213248,0,160820867072,121113731072,0
1791596018.2596595,0.045498864725232124,61581434880,0,61740154880,23278387200,61394685952,61394690560,532213248,0,160820924416,121113731072,0
1791596018.4606452,0.0463939793407917,61581434880,0,61740154880,23278387200,61394685952,61394690560,532213248,0,160821010432,121113731072,0
1791596018.662838,0.04850475303828716,61581434880,0,61740154880,23278387200,61394685952,61394690560,532213248,0,160821100544,121113731072,0
1791596018.8623726,0.047944098711013794,61581434880,0,61740154880,23278387200,61394685952,61394690560,532213248,0,160821157888,121113731072,0
1791596019.059594,0.04507049359381199,61581434880,0,61740154880,23278387200,61394685952,61394690560,532213248,0,160821002240,121113731072,0
1791596019.259922,0.045302120968699455,61581434880,0,61740154880,23278387200,61394685952,61394690560,532213248,0,160821096448,121113731072,0
1791596019.4644938,0.04978915490210056,61581434880,0,61740154880,23278387200,61394685952,61394690560,532213248,0,160820920320,121113731072,0
1791596019.6636028,0.048805784434080124,61581434880,0,61740154880,23278387200,61394685952,61394690560,532213248,0,160820465664,121113731072,0
1791596019.8619392,0.04705024138092995,61581434880,0,61740154880,23278387200,61394685952,61394690560,532213248,0,160820297728,121113731072,0
1791596020.0640635,0.04907546192407608,61581434880,0,61740154880,23278387200,61394685952,61394690560,532213248,0,160820649984,121113731072,0
1791596020.2634113,0.04832068644464016,61581434880,0,61740154880,23278387200,61394685952,61394690560,532213248,0,160820924416,121113731072,0
1791596020.4613166,0.046079469844698906,61581434880,0,61740154880,23278387200,61394685952,61394690560,532213248,0,160820908032,121113731072,0
1791596020.6607993,0.04546058364212513,61581434880,0,61740154880,23278387200,61394685952,61394690560,532213248,0,160820989952,121113731072,0
1791596020.862487,0.047052646055817604,61581434880,0,61740154880,23278387200,61394685952,61394690560,532213248,0,160820817920,121113731072,0
1791596021.062223,0.04668332450091839,61581434880,0,61740154880,23278387200,61394685952,61394690560,532213248,0,160820826112,121113726976,0
1791596021.2616158,0.04598039761185646,61581434880,0,61740154880,23278387200,61394685952,61394690560,532213248,0,160820891648,121113726976,0
1791596021.4608223,0.04509153589606285,61581434880,0,61740154880,23278387200,61394685952,61394690560,532213248,0,160820977664,121113726976,0
1791596021.6614377,0.04561493173241615,61581434880,0,61740154880,23278387200,61394685952,61394690560,532213248,0,160821116928,121113726976,0
1791596021.8608499,0.04493468068540096,61581434880,0,61740154880,23278387200,61394685952,61394690560,532213248,0,160820953088,121113726976,0
1791596022.0621374,0.04613429680466652,61581434880,0,61740154880,23278387200,61394685952,61394690560,532213248,0,160821051392,121113726976,0
1791596022.262336,0.04624423198401928,61581434880,0,61740154880,23278387200,61394685952,61394690560,532213248,0,160821141504,121113726976,0
1791596022.4619389,0.04571608267724514,61581434880,0,61740154880,23278387200,61394685952,61394690560,532213248,0,160821207040,121113726976,0
1791596022.6614172,0.04510335065424442,61581434880,0,61740154880,23278387200,61394685952,61394690560,532213248,0,160821137408,121113726976,0
1791596022.8611226,0.04471245966851711,61581434880,0,61740154880,23278387200,61394685952,61394690560,532213248,0,160821014528,121113726976,0
1791596023.062738,0.046229029074311256,61581434880,0,61740154880,23278387200,61394685952,61394690560,532213248,0,160821116928,121113726976,0
1791596023.2647407,0.04813586361706257,61581434880,0,61740154880,23278387200,61394685952,61394690560,532213248,0,160821211136,121113726976,0
1791596023.4665384,0.04984692111611366,61581434880,0,61740154880,23278387200,61394685952,61394690560,532213248,0,160820957184,121113726976,0
1791596023.664454,0.047670360654592514,61581434880,0,61740154880,23278387200,61394685952,61394690560,532213248,0,160820969472,121113726976,0
1791596023.8624382,0.04555577225983143,61581434880,0,61740154880,23278387200,61394685952,61394690560,532213248,0,160820981760,121113726976,0
1791596024.0638933,0.04691629484295845,61581434880,0,61740154880,23278387200,61394685952,61394690560,532213248,0,160821051392,121113726976,0
1791596024.2630727,0.046006614342331886,61581434880,0,61740154880,23278387200,61394685952,61394690560,532213248,0,160821133312,121113726976,0
1791596024.4630244,0.04586328938603401,61581434880,0,61740154880,23278387200,61394685952,61394690560,532213248,0,160821223424,121113726976,0
1791596024.661399,0.04415401816368103,61581434880,0,61740154880,23278387200,61394685952,61394690560,532213248,0,160821088256,121113726976,0
1791596024.862293,0.044960878789424896,61581434880,0,61740154880,23278387200,61394685952,61394690560,532213248,0,160821100544,121113726976,0
1791596025.0627356,0.04531216621398926,61581434880,0,61740154880,23278387200,61394685952,61394690560,532213248,0,160821198848,121113726976,0
1791596025.2622194,0.04469978250563145,61581434880,0,61740154880,23278387200,61394685952,61394690560,532213248,0,160821264384,121113726976,0
1791596025.4647624,0.04714561440050602,61581434880,0,61740154880,23278387200,61394685952,61394690560,532213248,0,160821493760,121113726976,0
1791596025.666816,0.04911259934306145,61581434880,0,61740154880,23278387200,61394685952,61394690560,532213248,0,160821313536,121113726976,0
1791596025.8640466,0.04625481367111206,61581434880,0,61740154880,23278387200,61394685952,61394690560,532213248,0,160821313536,121113726976,0
1791596026.0632277,0.04534342512488365,61581434880,0,61740154880,23278387200,61394685952,61394690560,532213248,0,160821145600,121113726976,0
1791596026.262654,0.04468351975083351,61581434880,0,61740154880,23278387200,61394685952,61394690560,532213248,0,160821235712,121113726976,0
1791596026.4638932,0.045825520530343056,61581434880,0,61740154880,23278387200,61394685952,61394690560,532213248,0,160821309440,121113726976,0
1791596026.6668048,0.04864892363548279,61581434880,0,61740154880,23278387200,61394685952,61394690560,532213248,0,160821395456,121113726976,0
1791596026.864143,0.04590336047112942,61581434880,0,61740154880,23278387200,61394685952,61394690560,532213248,0,160821489664,121113722880,0
1791596027.0684042,0.05007539689540863,61581434880,0,61740154880,23278387200,61394685952,61394690560,532213248,0,160821153792,121113722880,0
1791596027.2641644,0.04573860764503479,61581434880,0,61740154880,23278387200,61394685952,61394690560,532213248,0,160821161984,121113722880,0
1791596027.4652233,0.04670401103794575,61581434880,0,61740154880,23278387200,61394685952,61394690560,532213248,0,160821231616,121113722880,0
1791596027.6675806,0.04897615872323513,61581434880,0,61740154880,23278387200,61394685952,61394690560,532213248,0,160821506048,121113718784,0
1791596027.8669405,0.048242779448628426,61581434880,0,61740154880,23278387200,61394685952,61394690560,532213248,0,160821559296,121113718784,0
1791596028.0672743,0.04849065840244293,61581434880,0,61740154880,23278387200,61394685952,61394690560,532213248,0,160821571584,121113718784,0
1791596028.263818,0.04494919441640377,61581434880,0,61740154880,23278387200,61394685952,61394690560,532213248,0,160821620736,121113718784,0
1791596028.4649382,0.045986659824848175,61581434880,0,61740154880,23278387200,61394685952,61394690560,532213248,0,160821645312,121113718784,0
1791596028.6662729,0.04723735712468624,61581434880,0,61740154880,23278387200,61394685952,61394690560,532213248,0,160821833728,121113718784,0
1791596028.864794,0.045667288824915886,61581434880,0,61740154880,23278387200,61394685952,61394690560,532213248,0,160821972992,121113718784,0
1791596029.0633068,0.04409582167863846,61581434880,0,61740154880,23278387200,61394685952,61394690560,532213248,0,160821796864,121113718784,0
1791596029.2634711,0.04417637921869755,61581434880,0,61740154880,23278387200,61394685952,61394690560,532213248,0,160821854208,121113718784,0
1791596029.4679582,0.048580072820186615,61581434880,0,61740154880,23278387200,61394685952,61394690560,532213248,0,160821678080,121113718784,0
1791596029.6675315,0.048043856397271156,61581434880,0,61740154880,23278387200,61394685952,61394690560,532213248,0,160821628928,121113718784,0
1791596029.8662865,0.04669187404215336,61581434880,0,61740154880,23278387200,61394685952,61394690560,532213248,0,160821411840,121113718784,0
1791596030.0644388,0.04475251957774162,61581434880,0,61740154880,23278387200,61394685952,61394690560,532213248,0,160821469184,121113718784,0
1791596030.2632303,0.04345317557454109,61583335424,0,62367203328,22651338752,61394685952,61394690560,1161162240,0,160823246848,121113714688,0
1791596030.466202,0.04634004645049572,61583601664,0,62388174848,22630367232,61394685952,61394690560,1182400000,0,160823738368,121113714688,0
1791596030.667428,0.047478748485445976,61583851520,0,62411243520,22607298560,61394685952,61394690560,1205718528,0,160824074240,121113714688,0
1791596030.8684144,0.04837545193731785,61583925248,0,62417534976,22601007104,61394685952,61394690560,1212083712,0,160824164352,121113714688,0
1791596031.0679908,0.0478587131947279,61583925248,0,62417534976,22601007104,61394685952,61394690560,1212083712,0,160824283136,121113714688,0
1791596031.2703662,0.050149330869317055,61583925248,0,62417534976,22601007104,61394685952,61394690560,1212083712,0,160823894016,121113714688,0
1791596031.4673548,0.04702996835112572,61583925248,0,62417534976,22601007104,61394685952,61394690560,1212083712,0,160823959552,121113714688,0
1791596031.664763,0.04434630274772644,61583925248,0,62417534976,22601007104,61394685952,61394690560,1212083712,0,160824049664,121113714688,0
1791596031.865236,0.04472876712679863,61583925248,0,62417534976,22601007104,61394685952,61394690560,1212083712,0,160824143872,121113714688,0
1791596032.0687375,0.04813774861395359,61583925248,0,62417534976,22601007104,61394685952,61394690560,1212083712,0,160824225792,121113714688,0
1791596032.271571,0.050885140895843506,61583925248,0,62417534976,22601007104,61394685952,61394690560,1212083712,0,160824324096,121113714688,0
1791596032.4657254,0.04493226297199726,61583925248,0,62417534976,22601007104,61394685952,61394690560,1212083712,0,160824258560,121113714688,0
1791596032.6655467,0.04465182311832905,61583925248,0,62417534976,22601007104,61394685952,61394690560,1212083712,0,160824643584,121113649152,0
1791596032.8660023,0.04502448812127113,61583925248,0,62417534976,22601007104,61394685952,61394690560,1212083712,0,160824741888,121113649152,0
1791596033.0667324,0.04567156918346882,61583925248,0,62417534976,22601007104,61394685952,61394690560,1212083712,0,160824446976,121113649152,0
1791596033.262858,0.04171743430197239,61583925248,0,62417534976,22601007104,61394685952,61394690560,1212083712,0,160824324096,121113649152,0
1791596033.4679034,0.046680714935064316,61583925248,0,62417534976,22601007104,61394685952,61394690560,1212083712,0,160824193024,121113649152,0
1791596033.669743,0.04843730106949806,61583925248,0,62417534976,22601007104,61394685952,61394690560,1212083712,0,160824549376,121113649152,0
1791596033.8691618,0.04777222499251366,61583925248,0,62417534976,22601007104,61394685952,61394690560,1212083712,0,160824631296,121113649152,0
1791596034.0977442,0.0762661974877119,61583925248,0,62417534976,22601007104,61394685952,61394690560,1212083712,0,160823967744,121113649152,0
1791596034.2713943,0.04983488842844963,61583925248,0,62417534976,22601007104,61394685952,61394690560,1212083712,0,160823791616,121113649152,0
1791596034.463826,0.042184047400951385,61583925248,0,62417534976,22601007104,61394685952,61394690560,1212083712,0,160824135680,121113649152,0
1791596034.662486,0.040763456374406815,61583925248,0,62417534976,22601007104,61394685952,61394690560,1212083712,0,160823963648,121113649152,0
1791596034.8627305,0.04092509485781193,61583925248,0,62417534976,22601007104,61394685952,61394690560,1212083712,0,160824320000,121113649152,0
1791596035.063163,0.041279375553131104,61583925248,0,62417534976,22601007104,61394685952,61394690560,1212083712,0,160823836672,121113649152,0
1791596035.2629983,0.041034527122974396,61583925248,0,62417534976,22601007104,61394685952,61394690560,1212083712,0,160823934976,121113649152,0
1791596035.4625225,0.040479036048054695,61583925248,0,62417534976,22601007104,61394685952,61394690560,1212083712,0,160823955456,121113649152,0
1791596035.6665154,0.04439106956124306,61583925248,0,62417534976,22601007104,61394685952,61394690560,1212083712,0,160823988224,121113649152,0
1791596035.8651922,0.042987748980522156,61583925248,0,62417534976,22601007104,61394685952,61394690560,1212083712,0,160823631872,121113649152,0
1791596036.0675163,0.04523053951561451,61583925248,0,62417534976,22601007104,61394685952,61394690560,1212083712,0,160823664640,121113649152,0
1791596036.266511,0.044129397720098495,61583925248,0,62417534976,22601007104,61394685952,61394690560,1212083712,0,160824016896,121113649152,0
1791596036.4654994,0.04303286783397198,61583925248,0,62417534976,22601007104,61394685952,61394690560,1212083712,0,160823738368,121113649152,0
1791596036.6668053,0.04425962455570698,61583929344,0,62417534976,22601007104,61394685952,61394690560,1212087808,0,160823631872,121113649152,0
1791596036.865616,0.04298866353929043,61583929344,0,62417534976,22601007104,61394685952,61394690560,1212087808,0,160823668736,121113649152,0
1791596037.0677953,0.04508834704756737,61583929344,0,62417534976,22601007104,61394685952,61394690560,1212087808,0,160823750656,121113649152,0
1791596037.2662148,0.04342283122241497,61583929344,0,62417534976,22601007104,61394685952,61394690560,1212087808,0,160823541760,121113649152,0
1791596037.4700778,0.04718463309109211,61583929344,0,62417534976,22601007104,61394685952,61394690560,1212087808,0,160823529472,121113649152,0
1791596037.6671324,0.04413538798689842,61583941632,0,62417534976,22601007104,61394685952,61394690560,1212100096,0,160823623680,121113649152,0
1791596037.8675516,0.04447217658162117,61583941632,0,62417534976,22601007104,61394685952,61394690560,1212100096,0,160823635968,121113649152,0
1791596038.0694058,0.04624567925930023,61583941632,0,62417534976,22601007104,61394685952,61394690560,1212100096,0,160823701504,121113649152,0
1791596038.2692385,0.04603234864771366,61583941632,0,62417534976,22601007104,61394685952,61394690560,1212100096,0,160823795712,121113649152,0
1791596038.4669182,0.04362778551876545,61583941632,0,62417534976,22601007104,61394685952,61394690560,1212100096,0,160823873536,121113649152,0
1791596038.6688116,0.04543669335544109,61583941632,0,62417534976,22601007104,61394685952,61394690560,1212100096,0,160823943168,121113649152,0
1791596038.8663144,0.04285597614943981,61583941632,0,62417534976,22601007104,61394685952,61394690560,1212100096,0,160824025088,121113649152,0
1791596039.0688164,0.04527682438492775,61583941632,0,62417534976,22601007104,61394685952,61394690560,1212100096,0,160823726080,121113649152,0
1791596039.269109,0.045487094670534134,61583941632,0,62417534976,22601007104,61394685952,61394690560,1212100096,0,160823820288,121113649152,0
1791596039.4691873,0.04547981172800064,61583941632,0,62417534976,22601007104,61394685952,61394690560,1212100096,0,160823734272,121113649152,0
1791596039.6684556,0.04466669633984566,61583941632,0,62417534976,22601007104,61394685952,61394690560,1212100096,0,160823570432,121113649152,0
1791596039.8671534,0.04328194446861744,61583941632,0,62417534976,22601007104,61394685952,61394690560,1212100096,0,160823664640,121113649152,0
1791596040.0697215,0.045770684257149696,61583941632,0,62417534976,22601007104,61394685952,61394690560,1212100096,0,160823754752,121113649152,0
1791596040.2665856,0.04255364462733269,61583941632,0,62417534976,22601007104,61394685952,61394690560,1212100096,0,160823742464,121113649152,0
1791596040.469928,0.04581349529325962,61583941632,0,62417534976,22601007104,61394685952,61394690560,1212100096,0,160823836672,121113649152,0
1791596040.6744223,0.05018663592636585,61583941632,0,62417534976,22601007104,61394685952,61394690560,1212100096,0,160823926784,121113649152,0
1791596040.872771,0.048418331891298294,61583941632,0,62417534976,22601007104,61394685952,61394690560,1212100096,0,160824008704,121113649152,0
1791596041.0782175,0.05372950807213783,61583941632,0,62417534976,22601007104,61394685952,61394690560,1212100096,0,160824020992,121113649152,0
1791596041.271837,0.047267502173781395,61583941632,0,62417534976,22601007104,61394685952,61394690560,1212100096,0,160824098816,121113649152,0
1791596041.4706707,0.046019911766052246,61583941632,0,62417534976,22601007104,61394685952,61394690560,1212100096,0,160823996416,121113649152,0
1791596041.667734,0.04299279488623142,61583941632,0,62417534976,22601007104,61394685952,61394690560,1212100096,0,160823955456,121113649152,0
1791596041.873743,0.04891948401927948,61583941632,0,62417534976,22601007104,61394685952,61394690560,1212100096,0,160823578624,121113649152,0
1791596042.070076,0.0451677106320858,61583941632,0,62417534976,22601007104,61394685952,61394690560,1212100096,0,160823627776,121113649152,0
1791596042.267769,0.04278176091611385,61583941632,0,62417534976,22601007104,61394685952,61394690560,1212100096,0,160823447552,121113649152,0
1791596042.4704301,0.04533187486231327,61583941632,0,62417534976,22601007104,61394685952,61394690560,1212100096,0,160823537664,121113649152,0
1791596042.673779,0.04851856455206871,61583941632,0,62417534976,22601007104,61394685952,61394690560,1212100096,0,160823889920,121113649152,0
1791596042.8717244,0.04637894965708256,61583941632,0,62417534976,22601007104,61394685952,61394690560,1212100096,0,160823746560,121113649152,0
1791596043.074468,0.049038972705602646,61583941632,0,62417534976,22601007104,61394685952,61394690560,1212100096,0,160824123392,121113649152,0
1791596043.2722218,0.04671167768537998,61583941632,0,62417534976,22601007104,61394685952,61394690560,1212100096,0,160823795712,121113649152,0
1791596043.4707663,0.045176515355706215,61583941632,0,62417534976,22601007104,61394685952,61394690560,1212100096,0,160823885824,121113649152,0
1791596043.6714275,0.04575839452445507,61583941632,0,62417534976,22601007104,61394685952,61394690560,1212100096,0,160823984128,121113649152,0
1791596043.8719053,0.04615371115505695,61583941632,0,62417534976,22601007104,61394685952,61394690560,1212100096,0,160824070144,121113649152,0
1791596044.074275,0.048439761623740196,61583941632,0,62417534976,22601007104,61394685952,61394690560,1212100096,0,160824094720,121113649152,0
1791596044.2702274,0.04431064426898956,61583941632,0,62417534976,22601007104,61394685952,61394690560,1212100096,0,160824184832,121113649152,0
1791596044.4741125,0.04811582528054714,61583941632,0,62417534976,22601007104,61394685952,61394690560,1212100096,0,160824197120,121113649152,0
1791596044.6755433,0.049439603462815285,61583941632,0,62417534976,22601007104,61394685952,61394690560,1212100096,0,160824074240,121113649152,0
1791596044.8728905,0.04666229896247387,61583941632,0,62417534976,22601007104,61394685952,61394690560,1212100096,0,160823951360,121113649152,0
1791596045.0748901,0.04857461899518967,61583941632,0,62417534976,22601007104,61394685952,61394690560,1212100096,0,160824094720,121113649152,0
1791596045.2724233,0.046023719012737274,61583941632,0,62417534976,22601007104,61394685952,61394690560,1212100096,0,160824061952,121113649152,0
1791596045.4704082,0.04392669536173344,61583941632,0,62417534976,22601007104,61394685952,61394690560,1212100096,0,160823877632,121113649152,0
1791596045.6709378,0.04434780962765217,61583941632,0,62417534976,22601007104,61394685952,61394690560,1212100096,0,160823857152,121113649152,0
1791596045.8726866,0.04601079411804676,61583941632,0,62417534976,22601007104,61394685952,61394690560,1212100096,0,160823623680,121113649152,0
1791596046.0728042,0.046048423275351524,61583941632,0,62417534976,22601007104,61394685952,61394690560,1212100096,0,160823705600,121113649152,0
1791596046.2691567,0.04231920465826988,61583941632,0,62417534976,22601007104,61394685952,61394690560,1212100096,0,160823803904,121113649152,0
1791596046.4724185,0.04549052007496357,61583941632,0,62417534976,22601007104,61394685952,61394690560,1212100096,0,160823889920,121113649152,0
1791596046.6755018,0.04845340736210346,61583941632,0,62417534976,22601007104,61394685952,61394690560,1212100096,0,160823951360,121113649152,0
1791596046.8750963,0.04796573892235756,61583941632,0,62417534976,22601007104,61394685952,61394690560,1212100096,0,160823857152,121113649152,0
1791596047.0737867,0.04657091572880745,61583941632,0,62417534976,22601007104,61394685952,61394690560,1212100096,0,160823689216,121113649152,0
1791596047.2747464,0.04741515964269638,61583941632,0,62417534976,22601007104,61394685952,61394690560,1212100096,0,160823746560,121113649152,0
1791596047.4752996,0.047883400693535805,61583941632,0,62417534976,22601007104,61394685952,61394690560,1212100096,0,160823803904,121113649152,0
1791596047.6735842,0.04606962203979492,61583941632,0,62417534976,22601007104,61394685952,61394690560,1212100096,0,160824041472,121113649152,0
1791596047.872065,0.04444326460361481,61583941632,0,62417534976,22601007104,61394685952,61394690560,1212100096,0,160824115200,121113649152,0
1791596048.0741925,0.04648902080953121,61583941632,0,62417534976,22601007104,61394685952,61394690560,1212100096,0,160823869440,121113649152,0
1791596048.2712784,0.04349244013428688,61583941632,0,62417534976,22601007104,61394685952,61394690560,1212100096,0,160823681024,121113649152,0
1791596048.4721618,0.04429256729781628,61583941632,0,62417534976,22601007104,61394685952,61394690560,1212100096,0,160823549952,121113649152,0
1791596048.6740859,0.04612811654806137,61583941632,0,62417534976,22601007104,61394685952,61394690560,1212100096,0,160823627776,121113649152,0
1791596048.8734167,0.04537814110517502,61583941632,0,62417534976,22601007104,61394685952,61394690560,1212100096,0,160823721984,121113649152,0
1791596049.0785162,0.05039107985794544,61583941632,0,62417534976,22601007104,61394685952,61394690560,1212100096,0,160824074240,121113649152,0
1791596049.2749622,0.04675626382231712,61583941632,0,62417534976,22601007104,61394685952,61394690560,1212100096,0,160824131584,121113649152,0
1791596049.4705396,0.04225275479257107,61583941632,0,62417534976,22601007104,61394685952,61394690560,1212100096,0,160824213504,121113649152,0
1791596049.6723204,0.04394340328872204,61583941632,0,62417534976,22601007104,61394685952,61394690560,1212100096,0,160823996416,121113649152,0
1791596049.8729455,0.04448208399116993,61583941632,0,62417534976,22601007104,61394685952,61394690560,1212100096,0,160824074240,121113649152,0
1791596050.0753539,0.046808116137981415,61583941632,0,62417534976,22601007104,61394685952,61394690560,1212100096,0,160824082432,121113649152,0
1791596050.272625,0.04399767890572548,61583941632,0,62417534976,22601007104,61394685952,61394690560,1212100096,0,160823861248,121113649152,0
1791596050.477012,0.048298466950654984,61583941632,0,62417534976,22601007104,61394685952,61394690560,1212100096,0,160823939072,121113649152,0
1791596050.6773024,0.04850296303629875,61583941632,0,62417534976,22601007104,61394685952,61394690560,1212100096,0,160824004608,121113649152,0
1791596050.8752692,0.046388110145926476,61583941632,0,62417534976,22601007104,61394685952,61394690560,1212100096,0,160824090624,121113649152,0
1791596051.077784,0.0488118901848793,61583941632,0,62417534976,22601007104,61394685952,61394690560,1212100096,0,160824008704,121113649152,0
1791596051.2760587,0.04700423777103424,61583941632,0,62417534976,22601007104,61394685952,61394690560,1212100096,0,160823504896,121113649152,0
1791596051.4719238,0.04278864338994026,61583941632,0,62417534976,22601007104,61394685952,61394690560,1212100096,0,160823586816,121113649152,0
1791596051.6740155,0.04476152919232845,61583941632,0,62417534976,22601007104,61394685952,61394690560,1212100096,0,160823644160,121113649152,0
1791596051.8726761,0.043340470641851425,61583941632,0,62417534976,22601007104,61394685952,61394690560,1212100096,0,160823205888,121113649152,0
1791596052.0752409,0.045819683000445366,61583941632,0,62417534976,22601007104,61394685952,61394690560,1212100096,0,160823193600,121113649152,0
1791596052.2734497,0.043939439579844475,61583941632,0,62417534976,22601007104,61394685952,61394690560,1212100096,0,160823070720,121113649152,0
1791596052.4722683,0.04267667606472969,61583941632,0,62417534976,22601007104,61394685952,61394690560,1212100096,0,160823148544,121113649152,0
1791596052.6743395,0.044635096564888954,61583941632,0,62417534976,22601007104,61394685952,61394690560,1212100096,0,160823738368,121113645056,0
1791596052.874513,0.044722091406583786,61583941632,0,62417534976,22601007104,61394685952,61394690560,1212100096,0,160823848960,121113645056,0
1791596053.0827699,0.0527862124145031,61583941632,0,62417534976,22601007104,61394685952,61394690560,1212100096,0,160824438784,121113645056,0
1791596053.2782748,0.04821026884019375,61583941632,0,62417534976,22601007104,61394685952,61394690560,1212100096,0,160823918592,121113645056,0
1791596053.4754705,0.045321984216570854,61583941632,0,62417534976,22601007104,61394685952,61394690560,1212100096,0,160823300096,121113645056,0
1791596053.6757154,0.045485056936740875,61583941632,0,62417534976,22601007104,61394685952,61394690560,1212100096,0,160823083008,121113645056,0
1791596053.8736045,0.04329353757202625,61583941632,0,62417534976,22601007104,61394685952,61394690560,1212100096,0,160823369728,121113645056,0
1791596054.0737917,0.043401820585131645,61583941632,0,62417534976,22601007104,61394685952,61394690560,1212100096,0,160823128064,121113645056,0
1791596054.2753725,0.044898832216858864,61583941632,0,62417534976,22601007104,61394685952,61394690560,1212100096,0,160823181312,121113645056,0
1791596054.4726772,0.04212320037186146,61583941632,0,62417534976,22601007104,61394685952,61394690560,1212100096,0,160823181312,121113645056,0
1791596054.6732538,0.04262123070657253,61583941632,0,62417534976,22601007104,61394685952,61394690560,1212100096,0,160823271424,121113645056,0
1791596054.8769393,0.046226123347878456,61583941632,0,62417534976,22601007104,61394685952,61394690560,1212100096,0,160823361536,121113645056,0
1791596055.07916,0.048360465094447136,61583941632,0,62417534976,22601007104,61394685952,61394690560,1212100096,0,160823410688,121113645056,0
1791596055.276058,0.04518073424696922,61583941632,0,62417534976,22601007104,61394685952,61394690560,1212100096,0,160823472128,121113645056,0
1791596055.474619,0.04365657642483711,61583941632,0,62417534976,22601007104,61394685952,61394690560,1212100096,0,160823631872,121113645056,0
1791596055.6755846,0.044538285583257675,61583941632,0,62417534976,22601007104,61394685952,61394690560,1212100096,0,160823463936,121113645056,0
1791596055.8731854,0.04205933213233948,61583941632,0,62417534976,22601007104,61394685952,61394690560,1212100096,0,160823537664,121113645056,0
1791596056.0745409,0.04333482310175896,61583941632,0,62417534976,22601007104,61394685952,61394690560,1212100096,0,160823480320,121113645056,0
1791596056.275713,0.04442751035094261,61583941632,0,62417534976,22601007104,61394685952,61394690560,1212100096,0,160823562240,121113645056,0
1791596056.4801593,0.04878789559006691,61583941632,0,62417534976,22601007104,61394685952,61394690560,1212100096,0,160823853056,121113645056,0
1791596056.679371,0.04791325703263283,61583941632,0,62417534976,22601007104,61394685952,61394690560,1212100096,0,160823934976,121113645056,0
1791596056.8781374,0.04660259187221527,61583941632,0,62417534976,22601007104,61394685952,61394690560,1212100096,0,160823787520,121113645056,0
1791596057.0748537,0.043238792568445206,61583941632,0,62417534976,22601007104,61394685952,61394690560,1212100096,0,160823422976,121113645056,0
1791596057.2760448,0.044349608942866325,61583941632,0,62417534976,22601007104,61394685952,61394690560,1212100096,0,160823410688,121113645056,0
1791596057.4756749,0.04389823600649834,61583941632,0,62417534976,22601007104,61394685952,61394690560,1212100096,0,160823332864,121113645056,0
1791596057.675673,0.043808819726109505,61583941632,0,62417534976,22601007104,61394685952,61394690560,1212100096,0,160823750656,121113645056,0
1791596057.8765767,0.044629376381635666,61583941632,0,62417534976,22601007104,61394685952,61394690560,1212100096,0,160823611392,121113645056,0
1791596058.0779157,0.04588739946484566,61583941632,0,62417534976,22601007104,61394685952,61394690560,1212100096,0,160823197696,121113645056,0
1791596058.2775548,0.045441485941410065,61583941632,0,62417534976,22601007104,61394685952,61394690560,1212100096,0,160823541760,121113645056,0
1791596058.48413,0.051885275170207024,61583941632,0,62417534976,22601007104,61394685952,61394690560,1212100096,0,160823418880,121113645056,0
1791596058.6814375,0.0491043571382761,61583941632,0,62417534976,22601007104,61394685952,61394690560,1212100096,0,160823742464,121113645056,0
1791596058.8812761,0.04883899912238121,61583941632,0,62417534976,22601007104,61394685952,61394690560,1212100096,0,160823676928,121113645056,0
1791596059.079033,0.04648119583725929,61583941632,0,62417534976,22601007104,61394685952,61394690560,1212100096,0,160823693312,121113645056,0
1791596059.2774098,0.04477316327393055,61583941632,0,62417534976,22601007104,61394685952,61394690560,1212100096,0,160823275520,121113645056,0
1791596059.4789305,0.046197790652513504,61583941632,0,62417534976,22601007104,61394685952,61394690560,1212100096,0,160823287808,121113645056,0
1791596059.6766834,0.04386870749294758,61583941632,0,62417534976,22601007104,61394685952,61394690560,1212100096,0,160823083008,121113645056,0
1791596059.8767843,0.04388544335961342,61583941632,0,62417534976,22601007104,61394685952,61394690560,1212100096,0,160823160832,121113645056,0
1791596060.078917,0.04593351669609547,61583941632,0,62417534976,22601007104,61394685952,61394690560,1212100096,0,160823083008,121113645056,0
1791596060.2787333,0.04566211998462677,61583941632,0,62417534976,22601007104,61394685952,61394690560,1212100096,0,160823083008,121113645056,0
1791596060.4771185,0.04396597109735012,61583941632,0,62417534976,22601007104,61394685952,61394690560,1212100096,0,160823160832,121113645056,0
1791596060.6807275,0.047488098964095116,61583941632,0,62417534976,22601007104,61394685952,61394690560,1212100096,0,160823250944,121113645056,0
1791596060.8812752,0.047939034178853035,61583941632,0,62417534976,22601007104,61394685952,61394690560,1212100096,0,160823578624,121113645056,0
1791596061.083445,0.05001772753894329,61583941632,0,62417534976,22601007104,61394685952,61394690560,1212100096,0,160823500800,121113645056,0
1791596061.2790165,0.04550706781446934,61583941632,0,62417534976,22601007104,61394685952,61394690560,1212100096,0,160823058432,121113645056,0
1791596061.4785213,0.044896701350808144,61583941632,0,62417534976,22601007104,61394685952,61394690560,1212100096,0,160823140352,121113645056,0
1791596061.6790934,0.045386895537376404,61583941632,0,62417534976,22601007104,61394685952,61394690560,1212100096,0,160822956032,121113645056,0
1791596061.8790393,0.045231010764837265,61583941632,0,62417534976,22601007104,61394685952,61394690560,1212100096,0,160822964224,121113645056,0
1791596062.0785627,0.044674960896372795,61583945728,0,62417534976,22601007104,61394685952,61394690560,1212104192,0,160822956032,121113645056,0
1791596062.2809548,0.04698507487773895,61583945728,0,62417534976,22601007104,61394685952,61394690560,1212104192,0,160822976512,121113645056,0
1791596062.4844427,0.050380952656269073,61583945728,0,62417534976,22601007104,61394685952,61394690560,1212104192,0,160823066624,121113645056,0
1791596062.6820123,0.04785249941051006,61583945728,0,62417534976,22601007104,61394685952,61394690560,1212104192,0,160823607296,121113645056,0
1791596062.880936,0.04668803699314594,61583945728,0,62417534976,22601007104,61394685952,61394690560,1212104192,0,160823394304,121113645056,0
1791596063.0807395,0.04638632386922836,61583958016,0,62417534976,22601007104,61394685952,61394690560,1212116480,0,160822853632,121113645056,0
1791596063.2779226,0.043490344658493996,61583958016,0,62417534976,22601007104,61394685952,61394690560,1212116480,0,160822919168,121113645056,0
1791596063.4793577,0.0448409803211689,61583958016,0,62417534976,22601007104,61394685952,61394690560,1212116480,0,160823017472,121113645056,0
1791596063.6783812,0.04377962276339531,61583958016,0,62417534976,22601007104,61394685952,61394690560,1212116480,0,160823033856,121113645056,0
1791596063.8784254,0.04374478757381439,61583958016,0,62417534976,22601007104,61394685952,61394690560,1212116480,0,160823050240,121113645056,0
1791596064.080998,0.046239087358117104,61583958016,0,62417534976,22601007104,61394685952,61394690560,1212116480,0,160823140352,121113645056,0
1791596064.2830474,0.04818921536207199,61583958016,0,62417534976,22601007104,61394685952,61394690560,1212116480,0,160823386112,121113645056,0
1791596064.483698,0.048743901774287224,61583958016,0,62417534976,22601007104,61394685952,61394690560,1212116480,0,160823263232,121113645056,0
1791596064.6811888,0.04614649713039398,61583958016,0,62417534976,22601007104,61394685952,61394690560,1212116480,0,160823590912,121113645056,0
1791596064.882743,0.04761716164648533,61583958016,0,62417534976,22601007104,61394685952,61394690560,1212116480,0,160823693312,121113645056,0
1791596065.0811646,0.04595062509179115,61583958016,0,62417534976,22601007104,61394685952,61394690560,1212116480,0,160823549952,121113645056,0
1791596065.2823052,0.046999212354421616,61583958016,0,62417534976,22601007104,61394685952,61394690560,1212116480,0,160823599104,121113645056,0
1791596065.4844313,0.049035681411623955,61583958016,0,62417534976,22601007104,61394685952,61394690560,1212116480,0,160823664640,121113645056,0
1791596065.6832447,0.047766564413905144,61583958016,0,62417534976,22601007104,61394685952,61394690560,1212116480,0,160823721984,121113645056,0
1791596065.8784146,0.042862921953201294,61583958016,0,62417534976,22601007104,61394685952,61394690560,1212116480,0,160823816192,121113645056,0
1791596066.0816047,0.045967668294906616,61583958016,0,62417534976,22601007104,61394685952,61394690560,1212116480,0,160823906304,121113645056,0
1791596066.2835164,0.04779248312115669,61583958016,0,62417534976,22601007104,61394685952,61394690560,1212116480,0,160823926784,121113645056,0
1791596066.4803662,0.04455527663230896,61583958016,0,62417534976,22601007104,61394685952,61394690560,1212116480,0,160823971840,121113645056,0
1791596066.6809309,0.045028967782855034,61583958016,0,62417534976,22601007104,61394685952,61394690560,1212116480,0,160823623680,121113645056,0
1791596066.8796508,0.04366777278482914,61583958016,0,62417534976,22601007104,61394685952,61394690560,1212116480,0,160823554048,121113645056,0
1791596067.081459,0.045396510511636734,61583958016,0,62417534976,22601007104,61394685952,61394690560,1212116480,0,160823631872,121113645056,0
1791596067.2786205,0.04247952438890934,61583958016,0,62417534976,22601007104,61394685952,61394690560,1212116480,0,160823287808,121113645056,0
1791596067.4817903,0.04556710831820965,61583958016,0,62417534976,22601007104,61394685952,61394690560,1212116480,0,160823382016,121113645056,0
1791596067.7013776,0.065074248239398,61583958016,0,62417534976,22601007104,61394685952,61394690560,1212116480,0,160823455744,121113645056,0
1791596067.906139,0.06970500387251377,61583958016,0,62417534976,22601007104,61394685952,61394690560,1212116480,0,160823431168,121113645056,0
1791596068.08184,0.0453236922621727,61583958016,0,62417534976,22601007104,61394685952,61394690560,1212116480,0,160823414784,121113645056,0
1791596068.28134,0.044742401689291,61583958016,0,62417534976,22601007104,61394685952,61394690560,1212116480,0,160822919168,121113645056,0
1791596068.480946,0.04426870308816433,61583958016,0,62417534976,22601007104,61394685952,61394690560,1212116480,0,160822714368,121113645056,0
1791596068.6790328,0.04227614030241966,61583958016,0,62417534976,22601007104,61394685952,61394690560,1212116480,0,160823066624,121113645056,0
1791596068.8825028,0.045666467398405075,61583958016,0,62417534976,22601007104,61394685952,61394690560,1212116480,0,160823164928,121113645056,0
1791596069.0884283,0.05145523138344288,61583958016,0,62417534976,22601007104,61394685952,61394690560,1212116480,0,160823439360,121113645056,0
1791596069.28905,0.05196031555533409,61583958016,0,62417534976,22601007104,61394685952,61394690560,1212116480,0,160823431168,121113645056,0
1791596069.483085,0.045915285125374794,61583958016,0,62417534976,22601007104,61394685952,61394690560,1212116480,0,160823496704,121113645056,0
1791596069.6812954,0.044046271592378616,61583958016,0,62417534976,22601007104,61394685952,61394690560,1212116480,0,160823562240,121113645056,0
1791596069.881323,0.04399543255567551,61583958016,0,62417534976,22601007104,61394685952,61394690560,1212116480,0,160823508992,121113645056,0
1791596070.0819397,0.04453192837536335,61583958016,0,62417534976,22601007104,61394685952,61394690560,1212116480,0,160823230464,121113645056,0
1791596070.2820618,0.04457593522965908,61583958016,0,62417534976,22601007104,61394685952,61394690560,1212116480,0,160823296000,121113645056,0
1791596070.4813502,0.04378553107380867,61583958016,0,62417534976,22601007104,61394685952,61394690560,1212116480,0,160823152640,121113645056,0
1791596070.6797347,0.04209187068045139,61583958016,0,62417534976,22601007104,61394685952,61394690560,1212116480,0,160823242752,121113645056,0
1791596070.8820183,0.04425915516912937,61583958016,0,62417534976,22601007104,61394685952,61394690560,1212116480,0,160823328768,121113645056,0
1791596071.0788581,0.04101639986038208,61583958016,0,62417534976,22601007104,61394685952,61394690560,1212116480,0,160823078912,121113645056,0
1791596071.282268,0.04434656724333763,61583958016,0,62417534976,22601007104,61394685952,61394690560,1212116480,0,160823074816,121113645056,0
1791596071.4813325,0.043330246582627296,61583958016,0,62417534976,22601007104,61394685952,61394690560,1212116480,0,160823427072,121113645056,0
1791596071.6784604,0.040378859266638756,61583958016,0,62417534976,22601007104,61394685952,61394690560,1212116480,0,160823336960,121113645056,0
1791596071.8804762,0.04231466352939606,61583958016,0,62417534976,22601007104,61394685952,61394690560,1212116480,0,160823062528,121113645056,0
1791596072.0809631,0.04272036254405975,61583958016,0,62417534976,22601007104,61394685952,61394690560,1212116480,0,160823140352,121113645056,0
1791596072.2789557,0.04062359966337681,61583958016,0,62417534976,22601007104,61394685952,61394690560,1212116480,0,160822964224,121113645056,0
1791596072.4786797,0.04026855528354645,61583958016,0,62417534976,22601007104,61394685952,61394690560,1212116480,0,160823054336,121113645056,0
1791596072.6816635,0.04317060671746731,61583958016,0,62417534976,22601007104,61394685952,61394690560,1212116480,0,160823488512,121113645056,0
1791596072.8795338,0.04096034727990627,61583958016,0,62417534976,22601007104,61394685952,61394690560,1212116480,0,160823316480,121113645056,0
1791596073.0845697,0.04591478034853935,61583958016,0,62417534976,22601007104,61394685952,61394690560,1212116480,0,160823005184,121113645056,0
1791596073.2870793,0.048334820196032524,61583958016,0,62417534976,22601007104,61394685952,61394690560,1212116480,0,160823341056,121113645056,0
1791596073.4848952,0.04607205092906952,61583958016,0,62417534976,22601007104,61394685952,61394690560,1212116480,0,160823418880,121113645056,0
1791596073.6825373,0.04363332688808441,61583958016,0,62417534976,22601007104,61394685952,61394690560,1212116480,0,160823353344,121113645056,0
1791596073.8828297,0.04384371265769005,61583958016,0,62417534976,22601007104,61394685952,61394690560,1212116480,0,160823398400,121113645056,0
1791596074.0839171,0.04484990052878857,61583958016,0,62417534976,22601007104,61394685952,61394690560,1212116480,0,160823091200,121113645056,0
1791596074.2820618,0.042915236204862595,61583958016,0,62417534976,22601007104,61394685952,61394690560,1212116480,0,160823185408,121113645056,0
1791596074.4834635,0.04423496127128601,61583958016,0,62417534976,22601007104,61394685952,61394690560,1212116480,0,160823193600,121113645056,0
1791596074.6824195,0.04311259277164936,61583958016,0,62417534976,22601007104,61394685952,61394690560,1212116480,0,160823271424,121113645056,0
1791596074.8816304,0.0422429870814085,61583958016,0,62417534976,22601007104,61394685952,61394690560,1212116480,0,160823357440,121113645056,0
1791596075.0806727,0.041206251829862595,61583958016,0,62417534976,22601007104,61394685952,61394690560,1212116480,0,160823422976,121113645056,0
1791596075.2834446,0.043900709599256516,61583958016,0,62417534976,22601007104,61394685952,61394690560,1212116480,0,160823422976,121113645056,0
1791596075.4835455,0.043923262506723404,61583958016,0,62417534976,22601007104,61394685952,61394690560,1212116480,0,160823234560,121113645056,0
1791596075.6840734,0.04437265545129776,61583958016,0,62417534976,22601007104,61394685952,61394690560,1212116480,0,160823328768,121113645056,0
1791596075.8810847,0.04130431264638901,61583958016,0,62417534976,22601007104,61394685952,61394690560,1212116480,0,160823431168,121113645056,0
1791596076.081102,0.04124252498149872,61583958016,0,62417534976,22601007104,61394685952,61394690560,1212116480,0,160823529472,121113645056,0
1791596076.285189,0.04525168612599373,61583958016,0,62417534976,22601007104,61394685952,61394690560,1212116480,0,160823074816,121113645056,0
1791596076.489273,0.04924449324607849,61583958016,0,62417534976,22601007104,61394685952,61394690560,1212116480,0,160823410688,121113645056,0
1791596076.6870217,0.046903135254979134,61583958016,0,62417534976,22601007104,61394685952,61394690560,1212116480,0,160823382016,121113645056,0
1791596076.8905332,0.050291622057557106,61583958016,0,62417534976,22601007104,61394685952,61394690560,1212116480,0,160823476224,121113645056,0
1791596077.0863864,0.046065013855695724,61583958016,0,62417534976,22601007104,61394685952,61394690560,1212116480,0,160824078336,121113645056,0
1791596077.2852073,0.04480679705739021,61583958016,0,62417534976,22601007104,61394685952,61394690560,1212116480,0,160823570432,121113645056,0
1791596077.4845383,0.04405703768134117,61583958016,0,62417534976,22601007104,61394685952,61394690560,1212116480,0,160823574528,121113645056,0
1791596077.6847537,0.04419093020260334,61583958016,0,62417534976,22601007104,61394685952,61394690560,1212116480,0,160823570432,121113640960,0
1791596077.8828702,0.04222738929092884,61583958016,0,62417534976,22601007104,61394685952,61394690560,1212116480,0,160823648256,121113640960,0
1791596078.0862064,0.045484717935323715,61583958016,0,62417534976,22601007104,61394685952,61394690560,1212116480,0,160823484416,121113640960,0
1791596078.2839851,0.04318485967814922,61583958016,0,62417534976,22601007104,61394685952,61394690560,1212116480,0,160823386112,121113640960,0
1791596078.4853659,0.044483356177806854,61583958016,0,62417534976,22601007104,61394685952,61394690560,1212116480,0,160823373824,121113640960,0
1791596078.6847947,0.04382963478565216,61583958016,0,62417534976,22601007104,61394685952,61394690560,1212116480,0,160823459840,121113640960,0
1791596078.8853042,0.04426020756363869,61583958016,0,62417534976,22601007104,61394685952,61394690560,1212116480,0,160823521280,121113640960,0
1791596079.085867,0.04471559263765812,61583958016,0,62417534976,22601007104,61394685952,61394690560,1212116480,0,160823422976,121113640960,0
1791596079.2832997,0.0420681219547987,61583958016,0,62417534976,22601007104,61394685952,61394690560,1212116480,0,160823357440,121113640960,0
1791596079.4854069,0.04409283585846424,61583958016,0,62417534976,22601007104,61394685952,61394690560,1212116480,0,160823361536,121113640960,0
1791596079.6839774,0.04258452355861664,61583958016,0,62417534976,22601007104,61394685952,61394690560,1212116480,0,160823472128,121113640960,0
1791596079.8833764,0.041903916746377945,61583958016,0,62417534976,22601007104,61394685952,61394690560,1212116480,0,160823545856,121113640960,0
1791596080.083558,0.042004724964499474,61583958016,0,62417534976,22601007104,61394685952,61394690560,1212116480,0,160823644160,121113640960,0
1791596080.2825685,0.04093590006232262,61583958016,0,62417534976,22601007104,61394685952,61394690560,1212116480,0,160823738368,121113640960,0
1791596080.4860606,0.04434745945036411,61583958016,0,62417534976,22601007104,61394685952,61394690560,1212116480,0,160824098816,121113640960,0
1791596080.6868439,0.04505140334367752,61583958016,0,62417534976,22601007104,61394685952,61394690560,1212116480,0,160823926784,121113640960,0
1791596080.8914852,0.049600640311837196,61583958016,0,62417534976,22601007104,61394685952,61394690560,1212116480,0,160824012800,121113640960,0
1791596081.0893362,0.04736750200390816,61583958016,0,62417534976,22601007104,61394685952,61394690560,1212116480,0,160823980032,121113640960,0
1791596081.2886007,0.046552831307053566,61583958016,0,62417534976,22601007104,61394685952,61394690560,1212116480,0,160823767040,121113640960,0
1791596081.4910598,0.04892067611217499,61583958016,0,62417534976,22601007104,61394685952,61394690560,1212116480,0,160824119296,121113640960,0
1791596081.6875334,0.045312974601984024,61583958016,0,62417534976,22601007104,61394685952,61394690560,1212116480,0,160823939072,121113640960,0
1791596081.8846254,0.04231469891965389,61583958016,0,62417534976,22601007104,61394685952,61394690560,1212116480,0,160823717888,121113640960,0
1791596082.084408,0.04201851226389408,61583958016,0,62417534976,22601007104,61394685952,61394690560,1212116480,0,160823812096,121113640960,0
1791596082.2838712,0.041403548792004585,61583958016,0,62417534976,22601007104,61394685952,61394690560,1212116480,0,160823562240,121113640960,0
1791596082.4838667,0.04131809622049332,61583958016,0,62417534976,22601007104,61394685952,61394690560,1212116480,0,160823910400,121113640960,0
1791596082.6847875,0.04215759411454201,61583958016,0,62417534976,22601007104,61394685952,61394690560,1212116480,0,160824320000,121113640960,0
1791596082.8839178,0.04120663180947304,61583958016,0,62417534976,22601007104,61394685952,61394690560,1212116480,0,160824061952,121113640960,0
1791596083.086863,0.04406476207077503,61583958016,0,62417534976,22601007104,61394685952,61394690560,1212116480,0,160824147968,121113640960,0
1791596083.284913,0.04203531704843044,61583958016,0,62417534976,22601007104,61394685952,61394690560,1212116480,0,160823869440,121113640960,0
1791596083.4846256,0.04166676104068756,61583958016,0,62417534976,22601007104,61394685952,61394690560,1212116480,0,160823967744,121113640960,0
1791596083.6862311,0.043188903480768204,61583958016,0,62417534976,22601007104,61394685952,61394690560,1212116480,0,160824049664,121113640960,0
1791596083.888038,0.044910699129104614,61583958016,0,62417534976,22601007104,61394685952,61394690560,1212116480,0,160823574528,121113640960,0
1791596084.0890384,0.04583129100501537,61583958016,0,62417534976,22601007104,61394685952,61394690560,1212116480,0,160823566336,121113640960,0
1791596084.2926762,0.04937095753848553,61583958016,0,62417534976,22601007104,61394685952,61394690560,1212116480,0,160823758848,121113640960,0
1791596084.4984357,0.05502241291105747,61583958016,0,62417534976,22601007104,61394685952,61394690560,1212116480,0,160823816192,121113640960,0
1791596084.6907494,0.047256140038371086,61583958016,0,62417534976,22601007104,61394685952,61394690560,1212116480,0,160823672832,121113640960,0
1791596084.8926394,0.0490521639585495,61583958016,0,62417534976,22601007104,61394685952,61394690560,1212116480,0,160823812096,121113640960,0
1791596085.0922914,0.048616908490657806,61583958016,0,62417534976,22601007104,61394685952,61394690560,1212116480,0,160823660544,121113640960,0
1791596085.2932837,0.04951941780745983,61583958016,0,62417534976,22601007104,61394685952,61394690560,1212116480,0,160823676928,121113640960,0
1791596085.491886,0.04804171063005924,61583958016,0,62417534976,22601007104,61394685952,61394690560,1212116480,0,160823484416,121113640960,0
1791596085.6870134,0.04308857209980488,61583958016,0,62417534976,22601007104,61394685952,61394690560,1212116480,0,160823562240,121113640960,0
1791596085.889955,0.04595016874372959,61583958016,0,62417534976,22601007104,61394685952,61394690560,1212116480,0,160823513088,121113640960,0
1791596086.0898213,0.045737190172076225,61583958016,0,62417534976,22601007104,61394685952,61394690560,1212116480,0,160823595008,121113640960,0
1791596086.2945883,0.050362322479486465,61583958016,0,62417534976,22601007104,61394685952,61394690560,1212116480,0,160823619584,121113640960,0
1791596086.492244,0.047919875010848045,61583958016,0,62417534976,22601007104,61394685952,61394690560,1212116480,0,160823578624,121113640960,0
1791596086.69356,0.04914519004523754,61583958016,0,62417534976,22601007104,61394685952,61394690560,1212116480,0,160823681024,121113640960,0
1791596086.8920386,0.047542352229356766,61583958016,0,62417534976,22601007104,61394685952,61394690560,1212116480,0,160823418880,121113640960,0
1791596087.0895762,0.04500105045735836,61583958016,0,62417534976,22601007104,61394685952,61394690560,1212116480,0,160823742464,121113640960,0
1791596087.2873034,0.042651427909731865,61583958016,0,62417534976,22601007104,61394685952,61394690560,1212116480,0,160823566336,121113640960,0
1791596087.489829,0.04509761184453964,61583962112,0,62417534976,22601007104,61394685952,61394690560,1212120576,0,160823652352,121113640960,0
1791596087.6881566,0.04334305413067341,61583962112,0,62417534976,22601007104,61394685952,61394690560,1212120576,0,160824209408,121113640960,0
1791596087.8884053,0.043509138748049736,61583962112,0,62417534976,22601007104,61394685952,61394690560,1212120576,0,160824180736,121113640960,0
1791596088.0907958,0.045792073011398315,61583962112,0,62417534976,22601007104,61394685952,61394690560,1212120576,0,160823984128,121113640960,0
1791596088.289986,0.04490216076374054,61583962112,0,62417534976,22601007104,61394685952,61394690560,1212120576,0,160823975936,121113640960,0
1791596088.488336,0.043170273303985596,61583974400,0,62417534976,22601007104,61394685952,61394690560,1212132864,0,160824045568,121113640960,0
1791596088.691355,0.046106427907943726,61583990784,0,62419632128,22598909952,61394685952,61394690560,1214246400,0,160824221696,121113640960,0
1791596088.8914342,0.04610641486942768,61583990784,0,62419632128,22598909952,61394685952,61394690560,1214246400,0,160824020992,121113640960,0
1791596089.0935237,0.0481066070497036,61583990784,0,62419632128,22598909952,61394685952,61394690560,1214246400,0,160824090624,121113640960,0
1791596089.294815,0.049311067909002304,61583990784,0,62419632128,22598909952,61394685952,61394690560,1214246400,0,160824164352,121113640960,0
1791596089.4916527,0.04606243595480919,61583990784,0,62419632128,22598909952,61394685952,61394690560,1214246400,0,160824049664,121113640960,0
1791596089.6878505,0.04217778332531452,61583990784,0,62419632128,22598909952,61394685952,61394690560,1214246400,0,160824029184,121113640960,0
1791596089.8872716,0.041521431878209114,61583990784,0,62419632128,22598909952,61394685952,61394690560,1214246400,0,160824115200,121113640960,0
1791596090.0867612,0.04093047231435776,61583990784,0,62419632128,22598909952,61394685952,61394690560,1214246400,0,160823877632,121113640960,0
1791596090.2874393,0.04153168760240078,61583990784,0,62419632128,22598909952,61394685952,61394690560,1214246400,0,160823480320,121113640960,0
1791596090.4889817,0.042990902438759804,61583990784,0,62419632128,22598909952,61394685952,61394690560,1214246400,0,160823562240,121113640960,0
1791596090.6888628,0.04279064200818539,61583990784,0,62419632128,22598909952,61394685952,61394690560,1214246400,0,160823640064,121113640960,0
1791596090.8916388,0.045364366844296455,61583990784,0,62419632128,22598909952,61394685952,61394690560,1214246400,0,160823709696,121113640960,0
1791596091.090881,0.044527092948555946,61583990784,0,62419632128,22598909952,61394685952,61394690560,1214246400,0,160823803904,121113640960,0
1791596091.2904296,0.043994877487421036,61583990784,0,62419632128,22598909952,61394685952,61394690560,1214246400,0,160823697408,121113640960,0
1791596091.4909482,0.044431913644075394,61583990784,0,62419632128,22598909952,61394685952,61394690560,1214246400,0,160823791616,121113640960,0
1791596091.6902301,0.04362430423498154,61583990784,0,62419632128,22598909952,61394685952,61394690560,1214246400,0,160823463936,121113640960,0
1791596091.8895462,0.04286119528114796,61583990784,0,62419632128,22598909952,61394685952,61394690560,1214246400,0,160823566336,121113640960,0
1791596092.0895102,0.042746348306536674,61583990784,0,62419632128,22598909952,61394685952,61394690560,1214246400,0,160823447552,121113640960,0
1791596092.29289,0.04604630917310715,61583990784,0,62419632128,22598909952,61394685952,61394690560,1214246400,0,160823537664,121113640960,0
1791596092.4954946,0.04856694117188454,61583990784,0,62419632128,22598909952,61394685952,61394690560,1214246400,0,160823885824,121113640960,0
1791596092.6950815,0.048069531098008156,61583990784,0,62419632128,22598909952,61394685952,61394690560,1214246400,0,160824250368,121113640960,0
1791596092.8937933,0.046699034050107,61583990784,0,62419632128,22598909952,61394685952,61394690560,1214246400,0,160824352768,121113640960,0
1791596093.0948718,0.047657256945967674,61583990784,0,62419632128,22598909952,61394685952,61394690560,1214246400,0,160824283136,121113640960,0
1791596093.2939553,0.046659743413329124,61583990784,0,62419632128,22598909952,61394685952,61394690560,1214246400,0,160824053760,121113640960,0
1791596093.4914606,0.044084686785936356,61583990784,0,62419632128,22598909952,61394685952,61394690560,1214246400,0,160823357440,121113640960,0
1791596093.6914952,0.04403752274811268,61583990784,0,62419632128,22598909952,61394685952,61394690560,1214246400,0,160823296000,121113640960,0
1791596093.8895628,0.042025232687592506,61583990784,0,62419632128,22598909952,61394685952,61394690560,1214246400,0,160823255040,121113640960,0
1791596094.0993605,0.05173884890973568,61583990784,0,62419632128,22598909952,61394685952,61394690560,1214246400,0,160823455744,121113640960,0
1791596094.293928,0.046227848157286644,61583990784,0,62419632128,22598909952,61394685952,61394690560,1214246400,0,160823033856,121113640960,0
1791596094.4915073,0.043728919699788094,61583990784,0,62419632128,22598909952,61394685952,61394690560,1214246400,0,160823341056,121113640960,0
1791596094.69183,0.043972887098789215,61583990784,0,62419632128,22598909952,61394685952,61394690560,1214246400,0,160823439360,121113640960,0
1791596094.8916807,0.04374006390571594,61583990784,0,62419632128,22598909952,61394685952,61394690560,1214246400,0,160823586816,121113640960,0
1791596095.0921636,0.04414241947233677,61583990784,0,62419632128,22598909952,61394685952,61394690560,1214246400,0,160823238656,121113640960,0
1791596095.2991621,0.05106215178966522,61583990784,0,62419632128,22598909952,61394685952,61394690560,1214246400,0,160823095296,121113640960,0
1791596095.4925702,0.04435207135975361,61583990784,0,62419632128,22598909952,61394685952,61394690560,1214246400,0,160823152640,121113640960,0
1791596095.6904624,0.04216519556939602,61583990784,0,62419632128,22598909952,61394685952,61394690560,1214246400,0,160823246848,121113640960,0
1791596095.893321,0.04494616203010082,61583990784,0,62419632128,22598909952,61394685952,61394690560,1214246400,0,160823267328,121113640960,0
1791596096.0912378,0.042784662917256355,61583990784,0,62419632128,22598909952,61394685952,61394690560,1214246400,0,160823328768,121113640960,0
1791596096.2924662,0.043935300782322884,61583990784,0,62419632128,22598909952,61394685952,61394690560,1214246400,0,160823406592,121113640960,0
1791596096.4936395,0.045027317479252815,61583990784,0,62419632128,22598909952,61394685952,61394690560,1214246400,0,160823701504,121113640960,0
1791596096.6960511,0.0473333727568388,61583990784,0,62419632128,22598909952,61394685952,61394690560,1214246400,0,160823644160,121113640960,0
1791596096.8953846,0.046584902331233025,61583990784,0,62419632128,22598909952,61394685952,61394690560,1214246400,0,160823468032,121113640960,0
1791596097.0959215,0.04701491259038448,61583990784,0,62419632128,22598909952,61394685952,61394690560,1214246400,0,160823537664,121113640960,0
1791596097.2914977,0.04250831715762615,61583990784,0,62419632128,22598909952,61394685952,61394690560,1214246400,0,160823197696,121113640960,0
1791596097.4925604,0.04346635937690735,61583990784,0,62419632128,22598909952,61394685952,61394690560,1214246400,0,160823275520,121113640960,0
1791596097.6939006,0.04466945677995682,61583990784,0,62419632128,22598909952,61394685952,61394690560,1214246400,0,160823689216,121113640960,0
1791596097.8918843,0.0425411444157362,61583990784,0,62419632128,22598909952,61394685952,61394690560,1214246400,0,160823783424,121113640960,0
1791596098.0956206,0.046164149418473244,61583990784,0,62419632128,22598909952,61394685952,61394690560,1214246400,0,160823640064,121113640960,0
1791596098.2967668,0.04721759259700775,61583990784,0,62419632128,22598909952,61394685952,61394690560,1214246400,0,160823730176,121113640960,0
1791596098.4944794,0.04486183822154999,61583990784,0,62419632128,22598909952,61394685952,61394690560,1214246400,0,160823832576,121113640960,0
1791596098.6980245,0.04832485318183899,61583990784,0,62419632128,22598909952,61394685952,61394690560,1214246400,0,160824078336,121113640960,0
1791596098.897749,0.047958966344594955,61583990784,0,62419632128,22598909952,61394685952,61394690560,1214246400,0,160824131584,121113640960,0
1791596099.0985618,0.048685893416404724,61583990784,0,62419632128,22598909952,61394685952,61394690560,1214246400,0,160824029184,121113640960,0
1791596099.2976644,0.04770568013191223,61583990784,0,62419632128,22598909952,61394685952,61394690560,1214246400,0,160823640064,121113640960,0
1791596099.495574,0.04552839696407318,61583990784,0,62419632128,22598909952,61394685952,61394690560,1214246400,0,160823734272,121113640960,0
1791596099.6964946,0.04636942036449909,61583990784,0,62419632128,22598909952,61394685952,61394690560,1214246400,0,160823742464,121113640960,0
1791596099.894554,0.044349076226353645,61583990784,0,62419632128,22598909952,61394685952,61394690560,1214246400,0,160823832576,121113640960,0
1791596100.0963097,0.04602569900453091,61583990784,0,62419632128,22598909952,61394685952,61394690560,1214246400,0,160823922688,121113640960,0
1791596100.2972965,0.04692719504237175,61583990784,0,62419632128,22598909952,61394685952,61394690560,1214246400,0,160824242176,121113640960,0
1791596100.4957576,0.04530598968267441,61583990784,0,62419632128,22598909952,61394685952,61394690560,1214246400,0,160824258560,121113640960,0
1791596100.697889,0.0473550520837307,61583990784,0,62419632128,22598909952,61394685952,61394690560,1214246400,0,160824344576,121113640960,0
1791596100.8975394,0.04692262038588524,61583990784,0,62419632128,22598909952,61394685952,61394690560,1214246400,0,160824438784,121113640960,0
1791596101.0974312,0.04673229902982712,61583990784,0,62419632128,22598909952,61394685952,61394690560,1214246400,0,160824242176,121113640960,0
1791596101.299082,0.04829833097755909,61583990784,0,62419632128,22598909952,61394685952,61394690560,1214246400,0,160824209408,121113640960,0
1791596101.496888,0.046023815870285034,61583990784,0,62419632128,22598909952,61394685952,61394690560,1214246400,0,160824098816,121113640960,0
1791596101.694492,0.043548211455345154,61583990784,0,62419632128,22598909952,61394685952,61394690560,1214246400,0,160824111104,121113640960,0
1791596101.8975315,0.0464731864631176,61583990784,0,62419632128,22598909952,61394685952,61394690560,1214246400,0,160824012800,121113640960,0
1791596102.100793,0.049643779173493385,61583990784,0,62419632128,22598909952,61394685952,61394690560,1214246400,0,160824094720,121113640960,0
1791596102.2952862,0.04405439645051956,61583990784,0,62419632128,22598909952,61394685952,61394690560,1214246400,0,160824066048,121113640960,0
1791596102.492745,0.04143046773970127,61583990784,0,62419632128,22598909952,61394685952,61394690560,1214246400,0,160824078336,121113640960,0
1791596102.6946747,0.04327524080872536,61583990784,0,62419632128,22598909952,61394685952,61394690560,1214246400,0,160824274944,121113636864,0
1791596102.8966765,0.04519940726459026,61583990784,0,62419632128,22598909952,61394685952,61394690560,1214246400,0,160824451072,121113636864,0
1791596103.0967052,0.04514871723949909,61583990784,0,62419632128,22598909952,61394685952,61394690560,1214246400,0,160824254464,121113636864,0
1791596103.296634,0.044998979195952415,61583990784,0,62419632128,22598909952,61394685952,61394690560,1214246400,0,160824111104,121113636864,0
1791596103.5010614,0.04934859275817871,61583990784,0,62419632128,22598909952,61394685952,61394690560,1214246400,0,160823767040,121113636864,0
1791596103.6991348,0.047342702746391296,61583990784,0,62419632128,22598909952,61394685952,61394690560,1214246400,0,160823754752,121113636864,0
1791596103.8983326,0.04645556025207043,61583990784,0,62419632128,22598909952,61394685952,61394690560,1214246400,0,160824066048,121113636864,0
1791596104.0970917,0.04511748626828194,61583990784,0,62419632128,22598909952,61394685952,61394690560,1214246400,0,160824164352,121113636864,0
1791596104.293574,0.041519975289702415,61583990784,0,62419632128,22598909952,61394685952,61394690560,1214246400,0,160824258560,121113636864,0
1791596104.4930673,0.04093186929821968,61583990784,0,62419632128,22598909952,61394685952,61394690560,1214246400,0,160824352768,121113636864,0
1791596104.6958618,0.04364238306879997,61583990784,0,62419632128,22598909952,61394685952,61394690560,1214246400,0,160824360960,121113636864,0
1791596104.8946042,0.04228319227695465,61583990784,0,62419632128,22598909952,61394685952,61394690560,1214246400,0,160824508416,121113636864,0
1791596105.09421,0.04180784523487091,61583990784,0,62419632128,22598909952,61394685952,61394690560,1214246400,0,160824250368,121113636864,0
1791596105.292904,0.04042251408100128,61583990784,0,62419632128,22598909952,61394685952,61394690560,1214246400,0,160823967744,121113636864,0
1791596105.4923446,0.03978043608367443,61583990784,0,62419632128,22598909952,61394685952,61394690560,1214246400,0,160824066048,121113636864,0
1791596105.6925905,0.03994473069906235,61583990784,0,62419632128,22598909952,61394685952,61394690560,1214246400,0,160824160256,121113636864,0
1791596105.8926575,0.03993113525211811,61583990784,0,62419632128,22598909952,61394685952,61394690560,1214246400,0,160823996416,121113636864,0
1791596106.092696,0.03988783247768879,61583990784,0,62419632128,22598909952,61394685952,61394690560,1214246400,0,160824090624,121113636864,0
1791596106.2926376,0.03974693454802036,61583990784,0,62419632128,22598909952,61394685952,61394690560,1214246400,0,160824180736,121113636864,0
1791596106.496052,0.043068936094641685,61583990784,0,62419632128,22598909952,61394685952,61394690560,1214246400,0,160824274944,121113636864,0
1791596106.700737,0.04767140373587608,61583990784,0,62419632128,22598909952,61394685952,61394690560,1214246400,0,160824487936,121113636864,0
1791596106.8996863,0.04653318040072918,61583990784,0,62419632128,22598909952,61394685952,61394690560,1214246400,0,160824578048,121113636864,0
1791596107.1012828,0.04804348200559616,61583990784,0,62419632128,22598909952,61394685952,61394690560,1214246400,0,160824270848,121113636864,0
1791596107.3026018,0.04927412420511246,61583990784,0,62419632128,22598909952,61394685952,61394690560,1214246400,0,160823672832,121113636864,0
1791596107.4998806,0.04646902717649937,61583990784,0,62419632128,22598909952,61394685952,61394690560,1214246400,0,160824025088,121113636864,0
1791596107.6954696,0.04197203367948532,61583990784,0,62419632128,22598909952,61394685952,61394690560,1214246400,0,160824217600,121113636864,0
1791596107.8944008,0.04082058183848858,61583990784,0,62419632128,22598909952,61394685952,61394690560,1214246400,0,160824307712,121113636864,0
1791596108.098882,0.04519023932516575,61583990784,0,62419632128,22598909952,61394685952,61394690560,1214246400,0,160824074240,121113636864,0
1791596108.2979634,0.04419029876589775,61583990784,0,62419632128,22598909952,61394685952,61394690560,1214246400,0,160823951360,121113636864,0
1791596108.4957821,0.04191596433520317,61583990784,0,62419632128,22598909952,61394685952,61394690560,1214246400,0,160824049664,121113636864,0
1791596108.7003987,0.046459970995783806,61583990784,0,62419632128,22598909952,61394685952,61394690560,1214246400,0,160824406016,121113636864,0
1791596108.9006984,0.04667424038052559,61583990784,0,62419632128,22598909952,61394685952,61394690560,1214246400,0,160824221696,121113636864,0
1791596109.1033154,0.04920271597802639,61583990784,0,62419632128,22598909952,61394685952,61394690560,1214246400,0,160824578048,121113636864,0
1791596109.3008492,0.04665200412273407,61583990784,0,62419632128,22598909952,61394685952,61394690560,1214246400,0,160824287232,121113636864,0
1791596109.5012162,0.0469276737421751,61583990784,0,62419632128,22598909952,61394685952,61394690560,1214246400,0,160823967744,121113636864,0
1791596109.7000692,0.04569881036877632,61583990784,0,62419632128,22598909952,61394685952,61394690560,1214246400,0,160823975936,121113636864,0
1791596109.8989983,0.044549109414219856,61583990784,0,62419632128,22598909952,61394685952,61394690560,1214246400,0,160823721984,121113636864,0
1791596110.1030862,0.04852651618421078,61583990784,0,62419632128,22598909952,61394685952,61394690560,1214246400,0,160823820288,121113636864,0
1791596110.2983441,0.04367362894117832,61583990784,0,62419632128,22598909952,61394685952,61394690560,1214246400,0,160823902208,121113636864,0
1791596110.5008,0.046063290908932686,61583990784,0,62419632128,22598909952,61394685952,61394690560,1214246400,0,160823898112,121113636864,0
1791596110.7007816,0.045958805829286575,61583990784,0,62419632128,22598909952,61394685952,61394690560,1214246400,0,160824246272,121113636864,0
1791596110.9004657,0.045560041442513466,61583990784,0,62419632128,22598909952,61394685952,61394690560,1214246400,0,160824262656,121113636864,0
1791596111.1038425,0.04885429888963699,61583990784,0,62419632128,22598909952,61394685952,61394690560,1214246400,0,160824356864,121113636864,0
1791596111.305274,0.050171736627817154,61583990784,0,62419632128,22598909952,61394685952,61394690560,1214246400,0,160824115200,121113636864,0
1791596111.4998243,0.044588832184672356,61583990784,0,62419632128,22598909952,61394685952,61394690560,1214246400,0,160823914496,121113636864,0
1791596111.7038603,0.048487650230526924,61583990784,0,62419632128,22598909952,61394685952,61394690560,1214246400,0,160824020992,121113636864,0
1791596111.8968499,0.04136255569756031,61583990784,0,62419632128,22598909952,61394685952,61394690560,1214246400,0,160823828480,121113636864,0
1791596112.1031425,0.047539010643959045,61583990784,0,62419632128,22598909952,61394685952,61394690560,1214246400,0,160823894016,121113636864,0
1791596112.2999787,0.044291116297245026,61583990784,0,62419632128,22598909952,61394685952,61394690560,1214246400,0,160823967744,121113636864,0
1791596112.4990897,0.043319059535861015,61583990784,0,62419632128,22598909952,61394685952,61394690560,1214246400,0,160824053760,121113636864,0
1791596112.7027154,0.04685986787080765,61583990784,0,62419632128,22598909952,61394685952,61394690560,1214246400,0,160824242176,121113636864,0
1791596112.9051957,0.049256084486842155,61583994880,0,62419632128,22598909952,61394685952,61394690560,1214250496,0,160824107008,121113636864,0
1791596113.1039715,0.04795039817690849,61583994880,0,62419632128,22598909952,61394685952,61394690560,1214250496,0,160824049664,121113636864,0
1791596113.303188,0.04708577133715153,61583994880,0,62419632128,22598909952,61394685952,61394690560,1214250496,0,160824135680,121113636864,0
1791596113.5023687,0.046143099665641785,61583994880,0,62419632128,22598909952,61394685952,61394690560,1214250496,0,160824451072,121113636864,0
1791596113.69975,0.04344356805086136,61583994880,0,62419632128,22598909952,61394685952,61394690560,1214250496,0,160824414208,121113636864,0
1791596113.8989394,0.04252883233129978,61584007168,0,62419632128,22598909952,61394685952,61394690560,1214262784,0,160824483840,121113636864,0
1791596114.0973122,0.04082285240292549,61584007168,0,62419632128,22598909952,61394685952,61394690560,1214262784,0,160824623104,121113636864,0
1791596114.2987707,0.04220196232199669,61584007168,0,62419632128,22598909952,61394685952,61394690560,1214262784,0,160824680448,121113636864,0
1791596114.497939,0.041292015463113785,61584007168,0,62419632128,22598909952,61394685952,61394690560,1214262784,0,160824500224,121113636864,0
1791596114.6980503,0.041322728618979454,61584007168,0,62419632128,22598909952,61394685952,61394690560,1214262784,0,160824479744,121113636864,0
1791596114.9030461,0.04624152556061745,61584007168,0,62419632128,22598909952,61394685952,61394690560,1214262784,0,160824274944,121113636864,0
1791596115.1042383,0.047345178201794624,61584007168,0,62419632128,22598909952,61394685952,61394690560,1214262784,0,160824184832,121113636864,0
1791596115.2932065,0.03625216521322727,61584007168,0,62419632128,22598909952,61394685952,61394690560,1214262784,0,160824532992,121113636864,0
1791596115.5058186,0.04878004267811775,61584007168,0,62419632128,22598909952,61394685952,61394690560,1214262784,0,160824684544,121113636864,0
1791596115.701633,0.04451337270438671,61584007168,0,62419632128,22598909952,61394685952,61394690560,1214262784,0,160824668160,121113636864,0
1791596115.9037728,0.046548476442694664,61584007168,0,62419632128,22598909952,61394685952,61394690560,1214262784,0,160824561664,121113636864,0
1791596116.103299,0.045992838218808174,61584007168,0,62419632128,22598909952,61394685952,61394690560,1214262784,0,160824672256,121113636864,0
1791596116.3003752,0.042982252314686775,61584007168,0,62419632128,22598909952,61394685952,61394690560,1214262784,0,160824709120,121113636864,0
1791596116.5032244,0.04574928805232048,61584007168,0,62419632128,22598909952,61394685952,61394690560,1214262784,0,160824512512,121113636864,0
1791596116.7022705,0.04470950737595558,61584007168,0,62419632128,22598909952,61394685952,61394690560,1214262784,0,160824692736,121113636864,0
1791596116.9024327,0.04479176364839077,61584007168,0,62419632128,22598909952,61394685952,61394690560,1214262784,0,160823803904,121113636864,0
1791596117.0999436,0.042221128940582275,61584007168,0,62419632128,22598909952,61394685952,61394690560,1214262784,0,160823828480,121113636864,0
1791596117.3036911,0.045887574553489685,61584007168,0,62419632128,22598909952,61394685952,61394690560,1214262784,0,160823590912,121113636864,0
1791596117.5016131,0.043729985132813454,61584007168,0,62419632128,22598909952,61394685952,61394690560,1214262784,0,160823685120,121113636864,0
1791596117.702881,0.04491608962416649,61584007168,0,62419632128,22598909952,61394685952,61394690560,1214262784,0,160823750656,121113636864,0
1791596117.9024732,0.04442595690488815,61584007168,0,62419632128,22598909952,61394685952,61394690560,1214262784,0,160823738368,121113636864,0
1791596118.10588,0.04774188622832298,61584007168,0,62419632128,22598909952,61394685952,61394690560,1214262784,0,160823590912,121113636864,0
1791596118.302066,0.04384858347475529,61584007168,0,62419632128,22598909952,61394685952,61394690560,1214262784,0,160823824384,121113636864,0
1791596118.5036561,0.045358287170529366,61585907712,0,62444797952,22573744128,61394685952,61394690560,1241329152,0,160825479168,121113628672,0
1791596118.7038748,0.04549536295235157,61604335616,0,67129835520,17888706560,61394685952,61394690560,5944794624,0,160843390976,121113624576,0
1791596118.900876,0.04241720028221607,61604364288,0,67085795328,17932746752,61394685952,61394690560,5900783104,0,160843681792,121113624576,0
1791596119.1049228,0.04637877643108368,61604392960,0,67079503872,17939038208,61394685952,61394690560,5894520320,0,160843649024,121113624576,0
1791596119.3033507,0.044719815254211426,61604442112,0,67092086784,17926455296,61394685952,61394690560,5907152384,0,160843526144,121113624576,0
1791596119.5031104,0.04440099745988846,61604466688,0,67100475392,17918066688,61394685952,61394690560,5915565568,0,160843608064,121113624576,0
1791596119.7027009,0.043906087055802345,61604487168,0,67102572544,17915969536,61394685952,61394690560,5917683200,0,160843476992,121113624576,0
1791596119.9009593,0.04208293370902538,61604519936,0,67085795328,17932746752,61394685952,61394690560,5900938752,0,160843780096,121113624576,0
1791596120.100649,0.0416815560311079,61604544512,0,67092086784,17926455296,61394685952,61394690560,5907254784,0,160843608064,121113624576,0
1791596120.3002603,0.04120864160358906,61604564992,0,67127738368,17890803712,61394685952,61394690560,5942926848,0,160843165696,121113624576,0
1791596120.506933,0.04779527708888054,61604589568,0,67108864000,17909678080,61394685952,61394690560,5924077056,0,160843489280,121113624576,0
1791596120.7100015,0.050765201449394226,61604626432,0,67096281088,17922260992,61394685952,61394690560,5911531008,0,160843997184,121113620480,0
1791596120.907213,0.04788669012486935,61604646912,0,67157098496,17861443584,61394685952,61394690560,5972368896,0,160843816960,121113620480,0
1791596121.1080623,0.04864760860800743,61604671488,0,67110961152,17907580928,61394685952,61394690560,5926256128,0,160843665408,121113620480,0
1791596121.3271031,0.06757177785038948,61604700160,0,67119349760,17899192320,61394685952,61394690560,5934673408,0,160843722752,121113620480,0
1791596121.506204,0.04658729024231434,61604724736,0,67127738368,17890803712,61394685952,61394690560,5943086592,0,160843956224,121113620480,0
1791596121.7009873,0.04129071161150932,61604745216,0,67106766848,17911775232,61394685952,61394690560,5922135552,0,160843800576,121113620480,0
1791596121.9048345,0.045058948919177055,61604782080,0,67113058304,17905483776,61394685952,61394690560,5928463872,0,160844148736,121113620480,0
1791596122.105,0.045144326984882355,61604802560,0,67129835520,17888706560,61394685952,61394690560,5945261568,0,160844152832,121113620480,0
1791596122.3085625,0.04862511716783047,61604823040,0,67138224128,17880317952,61394685952,61394690560,5953670656,0,160844247040,121113620480,0
1791596122.5077496,0.04773251339793205,61604847616,0,67117252608,17901289472,61394685952,61394690560,5932723712,0,160844488704,121113620480,0
1791596122.7041674,0.04407010041177273,61604884480,0,67131932672,17886609408,61394685952,61394690560,5947440640,0,160844591104,121113620480,0
1791596122.9023733,0.042158713564276695,61604904960,0,67167584256,17850957824,61394685952,61394690560,5983112704,0,160844664832,121113620480,0
1791596123.1022427,0.04194856807589531,61604929536,0,67142418432,17876123648,61394685952,61394690560,5957971456,0,160844488704,121113620480,0
1791596123.3056138,0.045242128893733025,61604958208,0,67125641216,17892900864,61394685952,61394690560,5941222912,0,160844496896,121113620480,0
1791596123.5061402,0.045689115300774574,61604982784,0,67159195648,17859346432,61394685952,61394690560,5974801920,0,160844369920,121113620480,0
1791596123.703562,0.04303299821913242,61605007360,0,67148709888,17869832192,61394685952,61394690560,5964340736,0,160844374016,121113616384,0
1791596123.90413,0.04352155141532421,61605031936,0,67238887424,17779654656,61394685952,61394690560,6054542848,0,160844283904,121113616384,0
1791596124.1048727,0.04418716952204704,61605031936,0,67071115264,17947426816,61394685952,61394690560,5886770688,0,160844374016,121113616384,0
1791596124.3072414,0.04647715948522091,61605031936,0,67071115264,17947426816,61394685952,61394690560,5886770688,0,160844169216,121113550848,0
1791596124.5086765,0.04780241660773754,61605031936,0,67071115264,17947426816,61394685952,61394690560,5886770688,0,160844271616,121113550848,0
1791596124.707508,0.046537479385733604,61605031936,0,67071115264,17947426816,61394685952,61394690560,5886770688,0,160844853248,121113550848,0
1791596124.914736,0.05362662672996521,61605031936,0,67071115264,17947426816,61394685952,61394690560,5886770688,0,160844955648,121113550848,0
1791596125.120012,0.05879116244614124,61605031936,0,67071115264,17947426816,61394685952,61394690560,5886770688,0,160844738560,121113550848,0
1791596125.3244925,0.0631687268614769,61605031936,0,67071115264,17947426816,61394685952,61394690560,5886770688,0,160845090816,121113550848,0
1791596125.5089264,0.0474962517619133,61605294080,0,67071115264,17947426816,61394685952,61394690560,5887032832,0,160844935168,121113550848,0
1791596125.7056115,0.0440752524882555,61605294080,0,67083698176,17934843904,61394685952,61394690560,5899615744,0,160844861440,121113550848,0
1791596125.9047167,0.043101636692881584,61605294080,0,67094183936,17924358144,61394685952,61394690560,5910101504,0,160844754944,121113550848,0
1791596126.1035023,0.04180688224732876,61605294080,0,67094183936,17924358144,61394685952,61394690560,5910101504,0,160844861440,121113550848,0
1791596126.3050401,0.04328157939016819,61605326848,0,67079503872,17939038208,61394685952,61394690560,5895454208,0,160844939264,121113550848,0
1791596126.506758,0.04491777718067169,61605347328,0,67140321280,17878220800,61394685952,61394690560,5956292096,0,160844800000,121113550848,0
1791596126.7048361,0.042914826422929764,61605367808,0,67102572544,17915969536,61394685952,61394690560,5918563840,0,160844759040,121113546752,0
1791596126.9072564,0.04525468684732914,61605404672,0,67100475392,17918066688,61394685952,61394690560,5916503552,0,160844849152,121113546752,0
1791596127.1041188,0.042039211839437485,61605425152,0,67117252608,17901289472,61394685952,61394690560,5933301248,0,160844902400,121113546752,0
1791596127.3136725,0.05150473304092884,61605449728,0,67108864000,17909678080,61394685952,61394690560,5924937216,0,160844656640,121113546752,0
1791596127.508145,0.045895591378211975,61605482496,0,67094183936,17924358144,61394685952,61394690560,5910289920,0,160845008896,121113546752,0
1791596127.7064312,0.04409817047417164,61605507072,0,67155001344,17863540736,61394685952,61394690560,5971131904,0,160845180928,121113542656,0
1791596127.9042134,0.04180220700800419,61605527552,0,67117252608,17901289472,61394685952,61394690560,5933403648,0,160845275136,121113542656,0
1791596128.1083822,0.04589380510151386,61605552128,0,67102572544,17915969536,61394685952,61394690560,5918748160,0,160845615104,121113542656,0
1791596128.3108237,0.048251546919345856,61605584896,0,67163389952,17855152128,61394685952,61394690560,5979598336,0,160845959168,121113542656,0
1791596128.510402,0.04773705266416073,61605605376,0,67129835520,17888706560,61394685952,61394690560,5946064384,0,160846036992,121113542656,0
1791596128.707537,0.04477727599442005,61605625856,0,67108864000,17909678080,61394685952,61394690560,5925113344,0,160846381056,121113538560,0
1791596128.9077075,0.04486696794629097,61605658624,0,67142418432,17876123648,61394685952,61394690560,5958700544,0,160845877248,121113538560,0
1791596129.1085582,0.04562141373753548,61605683200,0,67125641216,17892900864,61394685952,61394690560,5941947904,0,160845860864,121113538560,0
1791596129.3117313,0.04871335253119469,61605707776,0,67117252608,17901289472,61394685952,61394690560,5933583872,0,160845791232,121113538560,0
1791596129.5095778,0.046477630734443665,61605744640,0,67150807040,17867735040,61394685952,61394690560,5967175168,0,160845602816,121113538560,0
1791596129.7074935,0.04427564702928066,61605769216,0,67134029824,17884512256,61394685952,61394690560,5950422528,0,160845873152,121113538560,0
1791596129.9126394,0.04934134520590305,61605769216,0,67125641216,17892900864,61394685952,61394690560,5942033920,0,160845668352,121113538560,0
1791596130.1075559,0.04417769983410835,61605789696,0,67142418432,17876123648,61394685952,61394690560,5958831616,0,160845205504,121113538560,0
1791596130.3058145,0.04235268570482731,61605810176,0,67131932672,17886609408,61394685952,61394690560,5948366336,0,160845352960,121113538560,0
1791596130.5109277,0.04738346301019192,61605842944,0,67159195648,17859346432,61394685952,61394690560,5975662080,0,160845430784,121113538560,0
1791596130.7126331,0.04900442436337471,61605863424,0,67140321280,17878220800,61394685952,61394690560,5956808192,0,160845512704,121113538560,0
1791596130.9152632,0.05154533125460148,61605888000,0,67238887424,17779654656,61394685952,61394690560,6055398912,0,160845705216,121113538560,0
1791596131.109309,0.04551122523844242,61605888000,0,67071115264,17947426816,61394685952,61394690560,5887626752,0,160845574144,121113538560,0
1791596131.3062043,0.04232154227793217,61605888000,0,67071115264,17947426816,61394685952,61394690560,5887626752,0,160845438976,121113538560,0
1791596131.506969,0.04297052510082722,61605888000,0,67071115264,17947426816,61394685952,61394690560,5887626752,0,160845553664,121113538560,0
1791596131.707023,0.0429402906447649,61605888000,0,67071115264,17947426816,61394685952,61394690560,5887626752,0,160845369344,121113534464,0
1791596131.907419,0.04325341433286667,61605888000,0,67071115264,17947426816,61394685952,61394690560,5887626752,0,160845463552,121113534464,0
1791596132.1071227,0.04287727549672127,61605888000,0,67071115264,17947426816,61394685952,61394690560,5887626752,0,160845549568,121113534464,0
1791596132.3095672,0.04524023085832596,61605888000,0,67071115264,17947426816,61394685952,61394690560,5887626752,0,160845373440,121113534464,0
1791596132.5091193,0.04471481591463089,61605888000,0,67089989632,17928552448,61394685952,61394690560,5906501120,0,160845471744,121113534464,0
1791596132.7080684,0.04358382895588875,61605888000,0,67077406720,17941135360,61394685952,61394690560,5893918208,0,160844865536,121113534464,0
1791596132.9070847,0.04252130165696144,61605888000,0,67087892480,17930649600,61394685952,61394690560,5904403968,0,160844931072,121113534464,0
1791596133.1107893,0.046149248257279396,61605888000,0,67096281088,17922260992,61394685952,61394690560,5912792576,0,160845004800,121113534464,0
1791596133.3113937,0.046663923189044,61605888000,0,67079503872,17939038208,61394685952,61394690560,5896015360,0,160845029376,121113534464,0
1791596133.5160499,0.05119659937918186,61605888000,0,67094183936,17924358144,61394685952,61394690560,5910695424,0,160845279232,121113534464,0
1791596133.7092779,0.044345736503601074,61605888000,0,67131932672,17886609408,61394685952,61394690560,5948444160,0,160845348864,121113534464,0
1791596133.9091296,0.04411757178604603,61605888000,0,67117252608,17901289472,61394685952,61394690560,5933764096,0,160845725696,121113534464,0
1791596134.1071126,0.042023226618766785,61605888000,0,67100475392,17918066688,61394685952,61394690560,5916986880,0,160845524992,121113534464,0
1791596134.30792,0.042751071974635124,61605888000,0,67129835520,17888706560,61394685952,61394690560,5946347008,0,160845533184,121113534464,0
1791596134.5091925,0.0439324714243412,61605888000,0,67117252608,17901289472,61394685952,61394690560,5933764096,0,160845496320,121113534464,0
1791596134.7278218,0.062446001917123795,61605888000,0,67129835520,17888706560,61394685952,61394690560,5946347008,0,160845324288,121113530368,0
1791596134.9134493,0.04798777773976326,61605888000,0,67119349760,17899192320,61394685952,61394690560,5935861248,0,160845389824,121113530368,0
1791596135.113673,0.04812722094357014,61605888000,0,67127738368,17890803712,61394685952,61394690560,5944249856,0,160845393920,121113530368,0
1791596135.3172092,0.05152953788638115,61605888000,0,67117252608,17901289472,61394685952,61394690560,5933764096,0,160845209600,121113530368,0
1791596135.513365,0.04759977199137211,61605888000,0,67165487104,17853054976,61394685952,61394690560,5981998592,0,160845324288,121113530368,0
1791596135.711289,0.04544563591480255,61605888000,0,67127738368,17890803712,61394685952,61394690560,5944249856,0,160845230080,121113530368,0
1791596135.9073172,0.04139452800154686,61605888000,0,67113058304,17905483776,61394685952,61394690560,5929569792,0,160845328384,121113530368,0
1791596136.1101382,0.044137727469205856,61605888000,0,67173875712,17844666368,61394685952,61394690560,5990387200,0,160844914688,121113530368,0
1791596136.3106058,0.044526541605591774,61605888000,0,67142418432,17876123648,61394685952,61394690560,5958929920,0,160844972032,121113530368,0
1791596136.5117724,0.04561445862054825,61605888000,0,67119349760,17899192320,61394685952,61394690560,5935861248,0,160844689408,121113530368,0
1791596136.7149425,0.048698220402002335,61605888000,0,67167584256,17850957824,61394685952,61394690560,5984095744,0,160844701696,121113526272,0
1791596136.9160578,0.04972229339182377,61605888000,0,67138224128,17880317952,61394685952,61394690560,5954735616,0,160845025280,121113526272,0
1791596137.113658,0.04724499583244324,61605888000,0,67127738368,17890803712,61394685952,61394690560,5944249856,0,160845303808,121113526272,0
1791596137.3096838,0.04318795166909695,61605888000,0,67188555776,17829986304,61394685952,61394690560,6005067264,0,160844730368,121113526272,0
1791596137.5224574,0.05585135146975517,61605888000,0,67165487104,17853054976,61394685952,61394690560,5981998592,0,160860655616,121113526272,0
1791596137.7144675,0.04778149165213108,61605888000,0,67071115264,17947426816,61394685952,61394690560,5887626752,0,160844771328,121113526272,0
1791596137.911236,0.044473059475421906,61605888000,0,67071115264,17947426816,61394685952,61394690560,5887626752,0,160844832768,121113526272,0
1791596138.1106086,0.04376502148807049,61605888000,0,67071115264,17947426816,61394685952,61394690560,5887626752,0,160844570624,121113526272,0
1791596138.3104084,0.04348055087029934,61605888000,0,67071115264,17947426816,61394685952,61394690560,5887626752,0,160844668928,121113526272,0
1791596138.5121582,0.04514593258500099,61605888000,0,67071115264,17947426816,61394685952,61394690560,5887626752,0,160844697600,121113526272,0
1791596138.7120454,0.04495425149798393,61605888000,0,67071115264,17947426816,61394685952,61394690560,5887626752,0,160844550144,121113526272,0
1791596138.909088,0.0419170968234539,61605888000,0,67071115264,17947426816,61394685952,61394690560,5887626752,0,160844636160,121113526272,0
1791596139.1085813,0.041332315653562546,61605851136,0,67071115264,17947426816,61394685952,61394690560,5887589888,0,160844693504,121113526272,0
1791596139.3148043,0.047475337982177734,61605863424,0,67073212416,17945329664,61394685952,61394690560,5889699328,0,160844668928,121113526272,0
1791596139.5171247,0.049689698964357376,61605863424,0,67075309568,17943232512,61394685952,61394690560,5891796480,0,160844570624,121113526272,0
1791596139.714824,0.04730685241520405,61605863424,0,67136126976,17882415104,61394685952,61394690560,5952613888,0,160844668928,121113522176,0
1791596139.913778,0.04617874696850777,61605863424,0,67098378240,17920163840,61394685952,61394690560,5914865152,0,160844750848,121113522176,0
1791596140.1102269,0.04254850745201111,61605863424,0,67081601024,17936941056,61394685952,61394690560,5898087936,0,160844738560,121113522176,0
1791596140.308969,0.0412112083286047,61605863424,0,67142418432,17876123648,61394685952,61394690560,5958905344,0,160844771328,121113522176,0
1791596140.5133045,0.04546796344220638,61605863424,0,67104669696,17913872384,61394685952,61394690560,5921156608,0,160844746752,121113522176,0
1791596140.7129102,0.04499303176999092,61605863424,0,67089989632,17928552448,61394685952,61394690560,5906476544,0,160844660736,121113522176,0
1791596140.9120073,0.04400763474404812,61605863424,0,67119349760,17899192320,61394685952,61394690560,5935836672,0,160844640256,121113522176,0
1791596141.120194,0.05211322568356991,61605867520,0,67127738368,17890803712,61394685952,61394690560,5944229376,0,160844525568,121113522176,0
1791596141.3120074,0.04384702257812023,61605867520,0,67096281088,17922260992,61394685952,61394690560,5912772096,0,160844615680,121113522176,0
1791596141.5101514,0.04191194474697113,61605867520,0,67157098496,17861443584,61394685952,61394690560,5973589504,0,160844345344,121113522176,0
1791596141.714084,0.045733656734228134,61605867520,0,67119349760,17899192320,61394685952,61394690560,5935840768,0,160844222464,121113522176,0
1791596141.9122722,0.04384185001254082,61605867520,0,67104669696,17913872384,61394685952,61394690560,5921160704,0,160844460032,121113522176,0
1791596142.1132677,0.044756289571523666,61605867520,0,67134029824,17884512256,61394685952,61394690560,5950520832,0,160844468224,121113522176,0
1791596142.3169348,0.04834211617708206,61605867520,0,67131932672,17886609408,61394685952,61394690560,5948423680,0,160844476416,121113522176,0
1791596142.5154393,0.04676393046975136,61605867520,0,67121446912,17897095168,61394685952,61394690560,5937937920,0,160851927040,121113522176,0
1791596142.7150788,0.04631107114255428,61605867520,0,67171778560,17846763520,61394685952,61394690560,5988269568,0,160844468224,121113518080,0
1791596142.9125373,0.04367823712527752,61605867520,0,67140321280,17878220800,61394685952,61394690560,5956812288,0,160844541952,121113518080,0
1791596143.111754,0.04281137324869633,61605867520,0,67129835520,17888706560,61394685952,61394690560,5946326528,0,160844623872,121113518080,0
1791596143.3152397,0.04621592536568642,61605867520,0,67167584256,17850957824,61394685952,61394690560,5984075264,0,160844722176,121113518080,0
1791596143.5179899,0.048875777050852776,61605867520,0,67146612736,17871929344,61394685952,61394690560,5963103744,0,160844713984,121113518080,0
1791596143.7161207,0.04691893421113491,61605867520,0,67125641216,17892900864,61394685952,61394690560,5942132224,0,160844382208,121113518080,0
1791596143.912633,0.04334403946995735,61605867520,0,67186458624,17832083456,61394685952,61394690560,6002949632,0,160844533760,121113518080,0
1791596144.1123395,0.0429573729634285,61605883904,0,67148709888,17869832192,61394685952,61394690560,5965217280,0,160844468224,121113518080,0
1791596144.314951,0.045485736802220345,61605908480,0,67238887424,17779654656,61394685952,61394690560,6055419392,0,160844480512,121113518080,0
1791596144.5136514,0.04410405643284321,61605908480,0,67071115264,17947426816,61394685952,61394690560,5887647232,0,160844431360,121113518080,0
1791596144.714331,0.044702110812067986,61605908480,0,67071115264,17947426816,61394685952,61394690560,5887647232,0,160844267520,121113513984,0
1791596144.9125996,0.042890096083283424,61605908480,0,67071115264,17947426816,61394685952,61394690560,5887647232,0,160844193792,121113513984,0
1791596145.1128688,0.04306015931069851,61605908480,0,67071115264,17947426816,61394685952,61394690560,5887647232,0,160844201984,121113513984,0
1791596145.3175097,0.04762090556323528,61605908480,0,67071115264,17947426816,61394685952,61394690560,5887647232,0,160844541952,121113513984,0
1791596145.5166492,0.046662624925374985,61605908480,0,67071115264,17947426816,61394685952,61394690560,5887647232,0,160844513280,121113513984,0
1791596145.707076,0.03702534921467304,61605908480,0,67071115264,17947426816,61394685952,61394690560,5887647232,0,160844488704,121113513984,0
1791596145.916965,0.04682442545890808,61605908480,0,67089989632,17928552448,61394685952,61394690560,5906521600,0,160844546048,121113513984,0
1791596146.104593,0.03438841551542282,61605908480,0,67073212416,17945329664,61394685952,61394690560,5889744384,0,160844636160,121113513984,0
1791596146.305657,0.035390956327319145,61605908480,0,67106766848,17911775232,61394685952,61394690560,5923298816,0,160844152832,121113513984,0
1791596146.5135381,0.04319087229669094,61605908480,0,67102572544,17915969536,61394685952,61394690560,5919104512,0,160844414976,121113513984,0
1791596146.7156553,0.04522678256034851,61605908480,0,67094183936,17924358144,61394685952,61394690560,5910715904,0,160844320768,121113513984,0
1791596146.9147277,0.0442170575261116,61605908480,0,67148709888,17869832192,61394685952,61394690560,5965241856,0,160844316672,121113513984,0
1791596147.115396,0.04480237327516079,61605908480,0,67100475392,17918066688,61394685952,61394690560,5917007360,0,160844406784,121113513984,0
1791596147.3126442,0.04196982830762863,61605908480,0,67087892480,17930649600,61394685952,61394690560,5904424448,0,160844337152,121113513984,0
1791596147.517649,0.04689461924135685,61605908480,0,67136126976,17882415104,61394685952,61394690560,5952658944,0,160852996096,121113513984,0
1791596147.7266748,0.05581478960812092,61605908480,0,67104669696,17913872384,61394685952,61394690560,5921201664,0,160844685312,121113505792,0
1791596147.9182582,0.04731580428779125,61605908480,0,67096281088,17922260992,61394685952,61394690560,5912813056,0,160844742656,121113505792,0
1791596148.1148117,0.043786125257611275,61605908480,0,67157098496,17861443584,61394685952,61394690560,5973630464,0,160844668928,121113505792,0
1791596148.311957,0.040852224454283714,61605908480,0,67113058304,17905483776,61394685952,61394690560,5929590272,0,160844623872,121113505792,0
1791596148.5142577,0.043088918551802635,61605908480,0,67102572544,17915969536,61394685952,61394690560,5919104512,0,160845258752,121113505792,0
1791596148.7206285,0.04937402531504631,61605908480,0,67163389952,17855152128,61394685952,61394690560,5979921920,0,160845262848,121113505792,0
1791596148.921087,0.04974614642560482,61605908480,0,67117252608,17901289472,61394685952,61394690560,5933784576,0,160845238272,121113505792,0
1791596149.1184363,0.04701508767902851,61605908480,0,67108864000,17909678080,61394685952,61394690560,5925395968,0,160845283328,121113505792,0
1791596149.3179193,0.04641488566994667,61605908480,0,67171778560,17846763520,61394685952,61394690560,5988310528,0,160845119488,121113505792,0
1791596149.5202754,0.04868503101170063,61605908480,0,67125641216,17892900864,61394685952,61394690560,5942173184,0,160845094912,121113505792,0
1791596149.7204838,0.04880795069038868,61605908480,0,67117252608,17901289472,61394685952,61394690560,5933784576,0,160845197312,121113505792,0
1791596149.917619,0.04586451314389706,61605908480,0,67129835520,17888706560,61394685952,61394690560,5946367488,0,160845008896,121113505792,0
1791596150.116346,0.044513871893286705,61605908480,0,67140321280,17878220800,61394685952,61394690560,5956853248,0,160845156352,121113505792,0
1791596150.3162096,0.044297996908426285,61605908480,0,67123544064,17894998016,61394685952,61394690560,5940076032,0,160845119488,121113505792,0
1791596150.518394,0.04640436731278896,61605908480,0,67159195648,17859346432,61394685952,61394690560,5975727616,0,160845144064,121113505792,0
1791596150.7149627,0.042893024161458015,61605908480,0,67148709888,17869832192,61394685952,61394690560,5965241856,0,160845230080,121113501696,0
1791596150.9140162,0.04186895862221718,61605908480,0,67138224128,17880317952,61394685952,61394690560,5954756096,0,160844980224,121113501696,0
1791596151.1183949,0.04616641066968441,61605908480,0,67071115264,17947426816,61394685952,61394690560,5887647232,0,160845017088,121113501696,0
1791596151.3205261,0.04820450767874718,61605908480,0,67071115264,17947426816,61394685952,61394690560,5887647232,0,160845344768,121113501696,0
1791596151.5182161,0.04581368900835514,61605908480,0,67071115264,17947426816,61394685952,61394690560,5887647232,0,160845430784,121113501696,0
1791596151.717375,0.044893717393279076,61605908480,0,67071115264,17947426816,61394685952,61394690560,5887647232,0,160845676544,121113501696,0
1791596151.9162724,0.04371223412454128,61605908480,0,67071115264,17947426816,61394685952,61394690560,5887647232,0,160845668352,121113501696,0
1791596152.1168702,0.044228002429008484,61605908480,0,67071115264,17947426816,61394685952,61394690560,5887647232,0,160845627392,121113501696,0
1791596152.316629,0.04390662722289562,61605908480,0,67071115264,17947426816,61394685952,61394690560,5887647232,0,160845721600,121113501696,0
1791596152.5170293,0.04422873444855213,61605908480,0,67071115264,17947426816,61394685952,61394690560,5887647232,0,160853143552,121113501696,0
1791596152.7169173,0.04400793835520744,61605908480,0,67087892480,17930649600,61394685952,61394690560,5904424448,0,160845770752,121113497600,0
1791596152.9199114,0.04691125452518463,61605908480,0,67087892480,17930649600,61394685952,61394690560,5904424448,0,160845623296,121113497600,0
1791596153.1191642,0.04608565382659435,61605908480,0,67115155456,17903386624,61394685952,61394690560,5931687424,0,160845602816,121113497600,0
1791596153.319625,0.0464585293084383,61605908480,0,67096281088,17922260992,61394685952,61394690560,5912813056,0,160845668352,121113497600,0
1791596153.5285566,0.05526457913219929,61605908480,0,67092086784,17926455296,61394685952,61394690560,5908618752,0,160845684736,121113497600,0
1791596153.7211194,0.04774762503802776,61605908480,0,67129835520,17888706560,61394685952,61394690560,5946367488,0,160845787136,121113497600,0
1791596153.918631,0.0451790988445282,61605908480,0,67113058304,17905483776,61394685952,61394690560,5929590272,0,160845836288,121113497600,0
1791596154.1161175,0.04258592426776886,61605908480,0,67089989632,17928552448,61394685952,61394690560,5906521600,0,160845938688,121113497600,0
1791596154.3183415,0.044730329886078835,61605908480,0,67119349760,17899192320,61394685952,61394690560,5935881728,0,160846028800,121113497600,0
1791596154.5243883,0.05066775530576706,61605908480,0,67117252608,17901289472,61394685952,61394690560,5933784576,0,160845971456,121113497600,0
1791596154.717544,0.04372471570968628,61605908480,0,67100475392,17918066688,61394685952,61394690560,5917007360,0,160846303232,121113497600,0
1791596154.9194963,0.045600054785609245,61605908480,0,67102572544,17915969536,61394685952,61394690560,5919104512,0,160846073856,121113497600,0
1791596155.1210153,0.047038959339261055,61605908480,0,67119349760,17899192320,61394685952,61394690560,5935881728,0,160846192640,121113497600,0
1791596155.3356583,0.06154688075184822,61605908480,0,67104669696,17913872384,61394685952,61394690560,5921201664,0,160846024704,121113497600,0
1791596155.5203865,0.046191731467843056,61605908480,0,67117252608,17901289472,61394685952,61394690560,5933784576,0,160845893632,121113497600,0
1791596155.7184184,0.04414355009794235,61605908480,0,67173875712,17844666368,61394685952,61394690560,5990407680,0,160845721600,121113493504,0
1791596155.9189363,0.04458089359104633,61605908480,0,67136126976,17882415104,61394685952,61394690560,5952658944,0,160845705216,121113493504,0
1791596156.1209378,0.04650268517434597,61605908480,0,67113058304,17905483776,61394685952,61394690560,5929590272,0,160845791232,121113493504,0
1791596156.3200645,0.0455502662807703,61605908480,0,67146612736,17871929344,61394685952,61394690560,5963144704,0,160845877248,121113493504,0
1791596156.517269,0.04267801716923714,61605908480,0,67129835520,17888706560,61394685952,61394690560,5946367488,0,160845553664,121113493504,0
1791596156.7167897,0.042117027565836906,61605908480,0,67123544064,17894998016,61394685952,61394690560,5940076032,0,160845451264,121113493504,0
1791596156.9182158,0.043462492525577545,61605908480,0,67155001344,17863540736,61394685952,61394690560,5971533312,0,160845410304,121113493504,0
1791596157.1195543,0.044719334691762924,61605908480,0,67148709888,17869832192,61394685952,61394690560,5965241856,0,160845504512,121113493504,0
1791596157.318349,0.0434315949678421,61605908480,0,67127738368,17890803712,61394685952,61394690560,5944270336,0,160844996608,121113493504,0
1791596157.521494,0.04648269899189472,61605908480,0,67157098496,17861443584,61394685952,61394690560,5973630464,0,160861081600,121113493504,0
1791596157.7192624,0.04416973330080509,61605908480,0,67144515584,17874026496,61394685952,61394690560,5961047552,0,160845275136,121113493504,0
1791596157.9181552,0.042945703491568565,61605908480,0,67071115264,17947426816,61394685952,61394690560,5887647232,0,160844804096,121113493504,0
1791596158.1182206,0.04293103516101837,61605908480,0,67071115264,17947426816,61394685952,61394690560,5887647232,0,160844746752,121113493504,0
1791596158.3167217,0.041345780715346336,61605908480,0,67071115264,17947426816,61394685952,61394690560,5887647232,0,160844824576,121113493504,0
1791596158.5182707,0.0428132601082325,61605908480,0,67071115264,17947426816,61394685952,61394690560,5887647232,0,160844816384,121113493504,0
1791596158.7233043,0.04774666763842106,61605908480,0,67071115264,17947426816,61394685952,61394690560,5887647232,0,160844918784,121113489408,0
1791596158.9218035,0.04616287164390087,61605908480,0,67071115264,17947426816,61394685952,61394690560,5887647232,0,160845254656,121113489408,0
1791596159.1214566,0.04573945328593254,61605908480,0,67071115264,17947426816,61394685952,61394690560,5887647232,0,160845271040,121113489408,0
1791596159.319306,0.043506916612386703,61605908480,0,67129835520,17888706560,61394685952,61394690560,5946367488,0,160845127680,121113489408,0
1791596159.5214217,0.04554162733256817,61605908480,0,67092086784,17926455296,61394685952,61394690560,5908618752,0,160844767232,121113489408,0
1791596159.7186608,0.04270052723586559,61605908480,0,67075309568,17943232512,61394685952,61394690560,5891841536,0,160844578816,121113489408,0
1791596159.9203608,0.04431557282805443,61605908480,0,67142418432,17876123648,61394685952,61394690560,5958950400,0,160844582912,121113489408,0
1791596160.1220245,0.045880068093538284,61605908480,0,67102572544,17915969536,61394685952,61394690560,5919104512,0,160844668928,121113489408,0
1791596160.3218946,0.04566892050206661,61605908480,0,67083698176,17934843904,61394685952,61394690560,5900230144,0,160844759040,121113489408,0
1791596160.5264223,0.05010887235403061,61605908480,0,67104669696,17913872384,61394685952,61394690560,5921201664,0,160844840960,121113489408,0
1791596160.724576,0.048177320510149,61605908480,0,67121446912,17897095168,61394685952,61394690560,5937978880,0,160844914688,121113489408,0
1791596160.9259534,0.04946971870958805,61605908480,0,67089989632,17928552448,61394685952,61394690560,5906521600,0,160844824576,121113489408,0
1791596161.1223369,0.04576092027127743,61605908480,0,67157098496,17861443584,61394685952,61394690560,5973630464,0,160844918784,121113489408,0
1791596161.3272069,0.050523100420832634,61605908480,0,67117252608,17901289472,61394685952,61394690560,5933784576,0,160845037568,121113489408,0
1791596161.5246396,0.0478759091347456,61605908480,0,67098378240,17920163840,61394685952,61394690560,5914910208,0,160844537856,121113489408,0
1791596161.722649,0.04578443244099617,61605908480,0,67159195648,17859346432,61394685952,61394690560,5975727616,0,160844578816,121113485312,0
1791596161.9231167,0.04614671878516674,61605908480,0,67115155456,17903386624,61394685952,61394690560,5931687424,0,160844197888,121113485312,0
1791596162.1648967,0.08784409239888191,61605908480,0,67115155456,17903386624,61394685952,61394690560,5931687424,0,160844075008,121113485312,0
1791596162.3230493,0.04591451212763786,61605908480,0,67108864000,17909678080,61394685952,61394690560,5925395968,0,160844169216,121113485312,0
1791596162.5240471,0.04681834951043129,61605908480,0,67113058304,17905483776,61394685952,61394690560,5929590272,0,160860278784,121113485312,0
1791596162.7284894,0.05113846994936466,61605908480,0,67140321280,17878220800,61394685952,61394690560,5956853248,0,160844259328,121113485312,0
1791596162.9229844,0.04555131494998932,61605908480,0,67129835520,17888706560,61394685952,61394690560,5946367488,0,160844521472,121113485312,0
1791596163.1234934,0.04598076641559601,61605908480,0,67136126976,17882415104,61394685952,61394690560,5952658944,0,160844603392,121113485312,0
1791596163.3327804,0.05515107698738575,61605908480,0,67121446912,17897095168,61394685952,61394690560,5937978880,0,160844513280,121113485312,0
1791596163.5237465,0.04602089896798134,61605908480,0,67178070016,17840472064,61394685952,61394690560,5994601984,0,160844357632,121113485312,0
1791596163.72441,0.04660501144826412,61605908480,0,67131932672,17886609408,61394685952,61394690560,5948464640,0,160844582912,121113481216,0
1791596163.9228742,0.04498731344938278,61605908480,0,67123544064,17894998016,61394685952,61394690560,5940076032,0,160844619776,121113481216,0
1791596164.1231327,0.04516698978841305,61605908480,0,67184361472,17834180608,61394685952,61394690560,6000893440,0,160844722176,121113481216,0
1791596164.3215835,0.04353797622025013,61605908480,0,67140321280,17878220800,61394685952,61394690560,5956853248,0,160844742656,121113481216,0
1791596164.5244339,0.04630757495760918,61605908480,0,67131932672,17886609408,61394685952,61394690560,5948464640,0,160845045760,121113481216,0
1791596164.730601,0.052368542179465294,61605920768,0,67071115264,17947426816,61394685952,61394690560,5887659520,0,160845332480,121113481216,0
1791596164.9252288,0.04690871015191078,61605920768,0,67071115264,17947426816,61394685952,61394690560,5887659520,0,160845164544,121113481216,0
1791596165.1147206,0.03628981485962868,61605920768,0,67071115264,17947426816,61394685952,61394690560,5887659520,0,160844972032,121113481216,0
1791596165.3170438,0.0385395810008049,61605920768,0,67071115264,17947426816,61394685952,61394690560,5887659520,0,160844820480,121113481216,0
1791596165.5238142,0.04522674344480038,61605920768,0,67071115264,17947426816,61394685952,61394690560,5887659520,0,160844922880,121113481216,0
1791596165.7248578,0.04615537449717522,61605920768,0,67071115264,17947426816,61394685952,61394690560,5887659520,0,160844992512,121113481216,0
1791596165.9246604,0.045880792662501335,61605920768,0,67071115264,17947426816,61394685952,61394690560,5887659520,0,160844627968,121113481216,0
1791596166.1219985,0.043139053508639336,61605920768,0,67071115264,17947426816,61394685952,61394690560,5887659520,0,160844656640,121113481216,0
1791596166.320977,0.04203769564628601,61605920768,0,67071115264,17947426816,61394685952,61394690560,5887659520,0,160844419072,121113481216,0
1791596166.5227637,0.04374261014163494,61605920768,0,67131932672,17886609408,61394685952,61394690560,5948476928,0,160844492800,121113481216,0
1791596166.728451,0.049324968829751015,61605920768,0,67085795328,17932746752,61394685952,61394690560,5902339584,0,160844804096,121113477120,0
1791596166.927508,0.04828074388206005,61605920768,0,67079503872,17939038208,61394685952,61394690560,5896048128,0,160844623872,121113477120,0
1791596167.1270745,0.047762203961610794,61605920768,0,67140321280,17878220800,61394685952,61394690560,5956865536,0,160844750848,121113477120,0
1791596167.3254697,0.04607846960425377,61605920768,0,67094183936,17924358144,61394685952,61394690560,5910728192,0,160844771328,121113477120,0
1791596167.5274308,0.047938356176018715,61605920768,0,67085795328,17932746752,61394685952,61394690560,5902339584,0,160860737536,121113477120,0
1791596167.725629,0.046052610501646996,61605920768,0,67098378240,17920163840,61394685952,61394690560,5914922496,0,160844623872,121113477120,0
1791596167.9232068,0.04354735650122166,61605920768,0,67108864000,17909678080,61394685952,61394690560,5925408256,0,160844718080,121113477120,0
1791596168.1216493,0.04191070795059204,61605920768,0,67096281088,17922260992,61394685952,61394690560,5912825344,0,160844795904,121113477120,0
1791596168.321087,0.041269488632678986,61605920768,0,67106766848,17911775232,61394685952,61394690560,5923311104,0,160844873728,121113477120,0
1791596168.5257215,0.04582103341817856,61605920768,0,67108864000,17909678080,61394685952,61394690560,5925408256,0,160844709888,121113477120,0
1791596168.7258234,0.04584207199513912,61605920768,0,67100475392,17918066688,61394685952,61394690560,5917019648,0,160844992512,121113477120,0
1791596168.926515,0.04645553603768349,61605920768,0,67134029824,17884512256,61394685952,61394690560,5950574080,0,160845320192,121113477120,0
1791596169.1158183,0.035684896633028984,61605920768,0,67150807040,17867735040,61394685952,61394690560,5967351296,0,160845164544,121113477120,0
1791596169.3266673,0.04644295200705528,61605920768,0,67123544064,17894998016,61394685952,61394690560,5940088320,0,160845500416,121113477120,0
1791596169.5336018,0.05326913669705391,61605920768,0,67142418432,17876123648,61394685952,61394690560,5958962688,0,160845234176,121113477120,0
1791596169.7297351,0.04932580329477787,61605920768,0,67131932672,17886609408,61394685952,61394690560,5948476928,0,160845307904,121113473024,0
1791596169.9255166,0.04502098076045513,61605920768,0,67138224128,17880317952,61394685952,61394690560,5954768384,0,160845492224,121113473024,0
1791596170.1268322,0.046257926151156425,61605920768,0,67129835520,17888706560,61394685952,61394690560,5946379776,0,160845328384,121113473024,0
1791596170.32454,0.04388656094670296,61605920768,0,67165487104,17853054976,61394685952,61394690560,5982031360,0,160845422592,121113473024,0
1791596170.5231736,0.04244117997586727,61605920768,0,67138224128,17880317952,61394685952,61394690560,5954768384,0,160845516800,121113473024,0
1791596170.7232332,0.042422521859407425,61605920768,0,67136126976,17882415104,61394685952,61394690560,5952671232,0,160845344768,121113473024,0
1791596170.9240537,0.0431651696562767,61605920768,0,67173875712,17844666368,61394685952,61394690560,5990419968,0,160845283328,121113473024,0
1791596171.1229725,0.04200400784611702,61605920768,0,67146612736,17871929344,61394685952,61394690560,5963156992,0,160845611008,121113473024,0
1791596171.3248618,0.043814510107040405,61605920768,0,67152904192,17865637888,61394685952,61394690560,5969448448,0,160845352960,121113473024,0
1791596171.5157034,0.034585123881697655,61605920768,0,67071115264,17947426816,61394685952,61394690560,5887659520,0,160845451264,121113473024,0
1791596171.7177072,0.03652240335941315,61605920768,0,67071115264,17947426816,61394685952,61394690560,5887659520,0,160845234176,121113468928,0
1791596171.925903,0.044638704508543015,61605920768,0,67071115264,17947426816,61394685952,61394690560,5887659520,0,160845754368,121113468928,0
1791596172.13795,0.05661396309733391,61605920768,0,67071115264,17947426816,61394685952,61394690560,5887659520,0,160844894208,121113468928,0
1791596172.3242111,0.042791618034243584,61605920768,0,67071115264,17947426816,61394685952,61394690560,5887659520,0,160844955648,121113468928,0
1791596172.530288,0.04879129119217396,61605920768,0,67071115264,17947426816,61394685952,61394690560,5887659520,0,160861401088,121113468928,0
1791596172.7314935,0.04991479590535164,61605920768,0,67071115264,17947426816,61394685952,61394690560,5887659520,0,160845516800,121113464832,0
1791596172.9283338,0.04667293094098568,61605920768,0,67081601024,17936941056,61394685952,61394690560,5898145280,0,160845029376,121113464832,0
1791596173.1298234,0.04805825650691986,61605920768,0,67083698176,17934843904,61394685952,61394690560,5900242432,0,160845361152,121113464832,0
1791596173.3289526,0.04710627719759941,61605920768,0,67094183936,17924358144,61394685952,61394690560,5910728192,0,160845365248,121113464832,0
1791596173.5307662,0.04882899858057499,61605920768,0,67092086784,17926455296,61394685952,61394690560,5908631040,0,160845340672,121113464832,0
1791596173.728618,0.04659823514521122,61605920768,0,67092086784,17926455296,61394685952,61394690560,5908631040,0,160845430784,121113464832,0
1791596173.9307165,0.04858032055199146,61605920768,0,67127738368,17890803712,61394685952,61394690560,5944282624,0,160845426688,121113464832,0
1791596174.1343756,0.05215323716402054,61605924864,0,67106766848,17911775232,61394685952,61394690560,5923315200,0,160845438976,121113464832,0
1791596174.3303566,0.04805497080087662,61605924864,0,67087892480,17930649600,61394685952,61394690560,5904440832,0,160845500416,121113464832,0
1791596174.529464,0.047047534957528114,61605924864,0,67155001344,17863540736,61394685952,61394690560,5971549696,0,160845590528,121113464832,0
1791596174.7268553,0.04435023479163647,61605924864,0,67110961152,17907580928,61394685952,61394690560,5927509504,0,160845434880,121113460736,0
1791596174.9271307,0.04456246457993984,61605924864,0,67094183936,17924358144,61394685952,61394690560,5910732288,0,160845496320,121113460736,0
1791596175.1153178,0.03268348425626755,61605924864,0,67108864000,17909678080,61394685952,61394690560,5925412352,0,160845598720,121113460736,0
1791596175.3153958,0.03269731253385544,61605924864,0,67144515584,17874026496,61394685952,61394690560,5961063936,0,160845926400,121113460736,0
1791596175.5294607,0.04667709767818451,61605924864,0,67100475392,17918066688,61394685952,61394690560,5917023744,0,160845414400,121113460736,0
1791596175.7310762,0.04821564815938473,61605924864,0,67136126976,17882415104,61394685952,61394690560,5952675328,0,160845484032,121113460736,0
1791596175.9334006,0.05045429803431034,61605924864,0,67125641216,17892900864,61394685952,61394690560,5942189568,0,160845836288,121113460736,0
1791596176.1184187,0.035395000129938126,61605924864,0,67110961152,17907580928,61394685952,61394690560,5927509504,0,160845955072,121113460736,0
1791596176.3292828,0.04618442431092262,61605924864,0,67123544064,17894998016,61394685952,61394690560,5940092416,0,160845709312,121113460736,0
1791596176.5314183,0.048192793503403664,61605924864,0,67159195648,17859346432,61394685952,61394690560,5975744000,0,160846008320,121113460736,0
1791596176.7385728,0.05526364780962467,61605924864,0,67138224128,17880317952,61394685952,61394690560,5954772480,0,160846065664,121113460736,0
1791596176.9322002,0.04880703240633011,61605924864,0,67119349760,17899192320,61394685952,61394690560,5935898112,0,160845697024,121113460736,0
1791596177.1299245,0.04644915089011192,61605924864,0,67180167168,17838374912,61394685952,61394690560,5996715520,0,160845791232,121113460736,0
1791596177.332947,0.04938516020774841,61605924864,0,67134029824,17884512256,61394685952,61394690560,5950578176,0,160845492224,121113460736,0
1791596177.5317185,0.048063505440950394,61605924864,0,67125641216,17892900864,61394685952,61394690560,5942189568,0,160862035968,121113460736,0
1791596177.730135,0.04638953506946564,61605924864,0,67131932672,17886609408,61394685952,61394690560,5948481024,0,160845463552,121113456640,0
1791596177.9305584,0.04673110134899616,61605924864,0,67148709888,17869832192,61394685952,61394690560,5965258240,0,160845398016,121113456640,0
1791596178.1320431,0.04813574068248272,61605924864,0,67238887424,17779654656,61394685952,61394690560,6055435776,0,160845357056,121113456640,0
1791596178.3288994,0.04490990750491619,61605924864,0,67071115264,17947426816,61394685952,61394690560,5887663616,0,160845099008,121113456640,0
1791596178.5311024,0.04703258164227009,61605924864,0,67071115264,17947426816,61394685952,61394690560,5887663616,0,160844656640,121113456640,0
1791596178.731272,0.04704178124666214,61605924864,0,67071115264,17947426816,61394685952,61394690560,5887663616,0,160844955648,121113456640,0
1791596178.9313426,0.0470308531075716,61605924864,0,67071115264,17947426816,61394685952,61394690560,5887663616,0,160844935168,121113456640,0
1791596179.127351,0.04295836389064789,61605924864,0,67071115264,17947426816,61394685952,61394690560,5887663616,0,160845008896,121113456640,0
1791596179.3314724,0.04700036905705929,61605924864,0,67071115264,17947426816,61394685952,61394690560,5887663616,0,160845082624,121113456640,0
1791596179.5337658,0.049100689589977264,61605924864,0,67071115264,17947426816,61394685952,61394690560,5887663616,0,160845344768,121113456640,0
1791596179.732515,0.04777122661471367,61605924864,0,67089989632,17928552448,61394685952,61394690560,5906537984,0,160845344768,121113452544,0
1791596179.9299254,0.04509885981678963,61605924864,0,67077406720,17941135360,61394685952,61394690560,5893955072,0,160845099008,121113452544,0
1791596180.1315167,0.046608030796051025,61605924864,0,67087892480,17930649600,61394685952,61394690560,5904440832,0,160845180928,121113452544,0
1791596180.3277752,0.042765939608216286,61605924864,0,67096281088,17922260992,61394685952,61394690560,5912829440,0,160845021184,121113452544,0
1791596180.52772,0.042626287788152695,61605924864,0,67083698176,17934843904,61394685952,61394690560,5900246528,0,160845103104,121113452544,0
1791596180.7318592,0.04664701409637928,61605924864,0,67096281088,17922260992,61394685952,61394690560,5912829440,0,160845172736,121113452544,0
1791596180.9357212,0.050420427694916725,61605924864,0,67104669696,17913872384,61394685952,61394690560,5921218048,0,160845201408,121113452544,0
1791596181.1337721,0.04838782176375389,61605924864,0,67094183936,17924358144,61394685952,61394690560,5910732288,0,160845033472,121113452544,0
1791596181.3290675,0.04360528290271759,61605924864,0,67102572544,17915969536,61394685952,61394690560,5919120896,0,160844984320,121113452544,0
1791596181.5310478,0.0455060675740242,61605924864,0,67110961152,17907580928,61394685952,61394690560,5927509504,0,160845058048,121113452544,0
1791596181.728696,0.04307214356958866,61605924864,0,67110961152,17907580928,61394685952,61394690560,5927509504,0,160845094912,121113452544,0
1791596181.9273891,0.04168281331658363,61605924864,0,67110961152,17907580928,61394685952,61394690560,5927509504,0,160845185024,121113452544,0
1791596182.1281908,0.04240350052714348,61605924864,0,67119349760,17899192320,61394685952,61394690560,5935898112,0,160844988416,121113452544,0
1791596182.3322287,0.04636299051344395,61605924864,0,67119349760,17899192320,61394685952,61394690560,5935898112,0,160845062144,121113452544,0
1791596182.533139,0.047194164246320724,61605924864,0,67117252608,17901289472,61394685952,61394690560,5933800960,0,160861372416,121113452544,0
1791596182.7369013,0.05087128095328808,61605924864,0,67165487104,17853054976,61394685952,61394690560,5982035456,0,160845811712,121113448448,0
1791596182.9300537,0.04394103027880192,61605924864,0,67121446912,17897095168,61394685952,61394690560,5937995264,0,160845451264,121113448448,0
1791596183.1303198,0.04411960951983929,61605924864,0,67113058304,17905483776,61394685952,61394690560,5929606656,0,160845164544,121113448448,0
1791596183.3289235,0.042638229206204414,61605924864,0,67173875712,17844666368,61394685952,61394690560,5990424064,0,160845262848,121113448448,0
1791596183.5315168,0.04515143856406212,61605924864,0,67144515584,17874026496,61394685952,61394690560,5961063936,0,160845623296,121113448448,0
1791596183.7302754,0.04382823221385479,61605924864,0,67119349760,17899192320,61394685952,61394690560,5935898112,0,160845291520,121113448448,0
1791596183.927269,0.04074186272919178,61605924864,0,67180167168,17838374912,61394685952,61394690560,5996715520,0,160845619200,121113448448,0
1791596184.1267772,0.040169890969991684,61605924864,0,67125641216,17892900864,61394685952,61394690560,5942189568,0,160845705216,121113448448,0
1791596184.328203,0.04151202738285065,61605924864,0,67129835520,17888706560,61394685952,61394690560,5946383872,0,160845692928,121113448448,0
1791596184.531746,0.044968703761696815,61605924864,0,67161292800,17857249280,61394685952,61394690560,5977841152,0,160845787136,121113448448,0
1791596184.728348,0.04149150103330612,61605924864,0,67144515584,17874026496,61394685952,61394690560,5961063936,0,160845594624,121113448448,0
1791596184.9292328,0.04229557700455189,61605928960,0,67071115264,17947426816,61394685952,61394690560,5887667712,0,160845692928,121113448448,0
1791596185.1328962,0.04587950184941292,61605928960,0,67071115264,17947426816,61394685952,61394690560,5887667712,0,160845504512,121113448448,0
1791596185.3332071,0.04610992781817913,61605928960,0,67071115264,17947426816,61394685952,61394690560,5887667712,0,160845594624,121113448448,0
1791596185.5367477,0.0495374221354723,61605928960,0,67071115264,17947426816,61394685952,61394690560,5887667712,0,160845582336,121113448448,0
1791596185.7356079,0.048317356035113335,61605928960,0,67071115264,17947426816,61394685952,61394690560,5887667712,0,160845676544,121113444352,0
1791596185.9333932,0.046018971130251884,61605928960,0,67071115264,17947426816,61394685952,61394690560,5887667712,0,160845762560,121113444352,0
1791596186.1330736,0.04562142305076122,61605928960,0,67071115264,17947426816,61394685952,61394690560,5887667712,0,160845594624,121113444352,0
1791596186.3303454,0.04281342774629593,61605928960,0,67071115264,17947426816,61394685952,61394690560,5887667712,0,160845668352,121113444352,0
1791596186.528488,0.04087544232606888,61605928960,0,67085795328,17932746752,61394685952,61394690560,5902347776,0,160845426688,121113444352,0
1791596186.7334101,0.0457173902541399,61605928960,0,67075309568,17943232512,61394685952,61394690560,5891862016,0,160845500416,121113444352,0
1791596186.9366322,0.048857616260647774,61605928960,0,67108864000,17909678080,61394685952,61394690560,5925416448,0,160845578240,121113444352,0
1791596187.1364405,0.04858408495783806,61605928960,0,67098378240,17920163840,61394685952,61394690560,5914930688,0,160845647872,121113444352,0
1791596187.3357475,0.04780886881053448,61605928960,0,67087892480,17930649600,61394685952,61394690560,5904444928,0,160845586432,121113444352,0
1791596187.537839,0.049821725115180016,61605928960,0,67115155456,17903386624,61394685952,61394690560,5931707904,0,160861913088,121113444352,0
1791596187.7342138,0.04611431434750557,61605928960,0,67104669696,17913872384,61394685952,61394690560,5921222144,0,160845950976,121113440256,0
1791596187.9222772,0.03411433845758438,61605928960,0,67100475392,17918066688,61394685952,61394690560,5917027840,0,160845787136,121113440256,0
1791596188.116605,0.02837982214987278,61605928960,0,67092086784,17926455296,61394685952,61394690560,5908639232,0,160845877248,121113440256,0
1791596188.3164685,0.02818210795521736,61605928960,0,67159195648,17859346432,61394685952,61394690560,5975748096,0,160845967360,121113440256,0
1791596188.5220604,0.033703066408634186,61605928960,0,67123544064,17894998016,61394685952,61394690560,5940096512,0,160846061568,121113440256,0
1791596188.7198482,0.031424710527062416,61605928960,0,67098378240,17920163840,61394685952,61394690560,5914930688,0,160846266368,121113440256,0
1791596188.917905,0.029418475925922394,61605928960,0,67159195648,17859346432,61394685952,61394690560,5975748096,0,160846360576,121113440256,0
1791596189.1369598,0.048395270481705666,61605933056,0,67119349760,17899192320,61394685952,61394690560,5935906304,0,160846352384,121113440256,0
1791596189.3313847,0.042728159576654434,61605933056,0,67106766848,17911775232,61394685952,61394690560,5923323392,0,160846237696,121113440256,0
1791596189.536594,0.04785867594182491,61605933056,0,67136126976,17882415104,61394685952,61394690560,5952683520,0,160846270464,121113440256,0
1791596189.734355,0.04553644731640816,61605933056,0,67136126976,17882415104,61394685952,61394690560,5952683520,0,160846028800,121113440256,0
1791596189.9333668,0.04448055289685726,61605933056,0,67113058304,17905483776,61394685952,61394690560,5929614848,0,160845705216,121113440256,0
1791596190.1333663,0.044398270547389984,61605945344,0,67173875712,17844666368,61394685952,61394690560,5990444544,0,160845795328,121113440256,0
1791596190.331496,0.04244737699627876,61605945344,0,67136126976,17882415104,61394685952,61394690560,5952695808,0,160845889536,121113440256,0
1791596190.5347872,0.04565831832587719,61605945344,0,67121446912,17897095168,61394685952,61394690560,5938015744,0,160845828096,121113440256,0
1791596190.735538,0.046324439346790314,61605945344,0,67142418432,17876123648,61394685952,61394690560,5958987264,0,160845979648,121113436160,0
1791596190.9320307,0.042754312977194786,61605945344,0,67152904192,17865637888,61394685952,61394690560,5969473024,0,160846086144,121113436160,0
1791596191.1326578,0.043301330879330635,61605945344,0,67127738368,17890803712,61394685952,61394690560,5944307200,0,160845799424,121113436160,0
1791596191.3317337,0.04230051673948765,61605945344,0,67194847232,17823694848,61394685952,61394690560,6011416064,0,160845860864,121113436160,0
1791596191.5330534,0.04354121536016464,61605945344,0,67238887424,17779654656,61394685952,61394690560,6055456256,0,160845897728,121113436160,0
1791596191.732376,0.04278532601892948,61605945344,0,67071115264,17947426816,61394685952,61394690560,5887684096,0,160845959168,121113436160,0
1791596191.931246,0.041578179225325584,61605945344,0,67071115264,17947426816,61394685952,61394690560,5887684096,0,160845750272,121113436160,0
1791596192.1349163,0.045153120532631874,61605945344,0,67071115264,17947426816,61394685952,61394690560,5887684096,0,160845291520,121113436160,0
1791596192.333882,0.0440363772213459,61605945344,0,67071115264,17947426816,61394685952,61394690560,5887684096,0,160845279232,121113436160,0
1791596192.5348587,0.0449320487678051,61605945344,0,67071115264,17947426816,61394685952,61394690560,5887684096,0,160861175808,121113436160,0
1791596192.7317247,0.04171706363558769,61605945344,0,67071115264,17947426816,61394685952,61394690560,5887684096,0,160845553664,121113436160,0
1791596192.9307294,0.04064094461500645,61605945344,0,67071115264,17947426816,61394685952,61394690560,5887684096,0,160845643776,121113436160,0
1791596193.1364129,0.046244312077760696,61605945344,0,67117252608,17901289472,61394685952,61394690560,5933821440,0,160845713408,121113436160,0
1791596193.3392444,0.048989202827215195,61605945344,0,67098378240,17920163840,61394685952,61394690560,5914947072,0,160845701120,121113436160,0
1791596193.5582228,0.06787487305700779,61605945344,0,67077406720,17941135360,61394685952,61394690560,5893975552,0,160845815808,121113436160,0
1791596193.7370584,0.046624379232525826,61605945344,0,67081601024,17936941056,61394685952,61394690560,5898169856,0,160845881344,121113432064,0
1791596193.9222603,0.03176332265138626,61605945344,0,67081601024,17936941056,61394685952,61394690560,5898169856,0,160845246464,121113432064,0
1791596194.1189504,0.028392601758241653,61605945344,0,67092086784,17926455296,61394685952,61394690560,5908655616,0,160845340672,121113432064,0
1791596194.3183918,0.027771800756454468,61605945344,0,67108864000,17909678080,61394685952,61394690560,5925432832,0,160845430784,121113432064,0
1791596194.526051,0.035369277000427246,61605945344,0,67087892480,17930649600,61394685952,61394690560,5904461312,0,160845504512,121113432064,0
1791596194.7552795,0.0645105242729187,61605945344,0,67102572544,17915969536,61394685952,61394690560,5919141376,0,160845750272,121113432064,0
1791596194.932528,0.041657283902168274,61605945344,0,67102572544,17915969536,61394685952,61394690560,5919141376,0,160845357056,121113432064,0
1791596195.1386645,0.047684432938694954,61605945344,0,67092086784,17926455296,61394685952,61394690560,5908655616,0,160845123584,121113432064,0
1791596195.3438861,0.05279811657965183,61605945344,0,67140321280,17878220800,61394685952,61394690560,5956890112,0,160845217792,121113432064,0
1791596195.5377553,0.04658190906047821,61605945344,0,67123544064,17894998016,61394685952,61394690560,5940112896,0,160845279232,121113432064,0
1791596195.724257,0.03301902860403061,61605945344,0,67102572544,17915969536,61394685952,61394690560,5919141376,0,160845393920,121113427968,0
1791596195.927725,0.03642376698553562,61605945344,0,67115155456,17903386624,61394685952,61394690560,5931724288,0,160845414400,121113427968,0
1791596196.137669,0.04624909721314907,61605945344,0,67115155456,17903386624,61394685952,61394690560,5931724288,0,160845221888,121113427968,0
1791596196.3244147,0.032932406291365623,61605945344,0,67134029824,17884512256,61394685952,61394690560,5950598656,0,160845250560,121113427968,0
1791596196.5341036,0.042543480172753334,61605945344,0,67121446912,17897095168,61394685952,61394690560,5938015744,0,160845373440,121113427968,0
1791596196.733168,0.041526222601532936,61605945344,0,67129835520,17888706560,61394685952,61394690560,5946404352,0,160845467648,121113427968,0
1791596196.9348693,0.04314654693007469,61605945344,0,67129835520,17888706560,61394685952,61394690560,5946404352,0,160845447168,121113427968,0
1791596197.1324413,0.040637778118252754,61605945344,0,67127738368,17890803712,61394685952,61394690560,5944307200,0,160845537280,121113427968,0
1791596197.3321164,0.040231503546237946,61605945344,0,67157098496,17861443584,61394685952,61394690560,5973667328,0,160845324288,121113427968,0
1791596197.5500915,0.05812555178999901,61605945344,0,67148709888,17869832192,61394685952,61394690560,5965278720,0,160845791232,121113423872,0
1791596197.7525287,0.06042707525193691,61605945344,0,67136126976,17882415104,61394685952,61394690560,5952695808,0,160845807616,121113423872,0
1791596197.9376886,0.04546547681093216,61605945344,0,67157098496,17861443584,61394685952,61394690560,5973667328,0,160845811712,121113423872,0
1791596198.1395187,0.047213563695549965,61605945344,0,67138224128,17880317952,61394685952,61394690560,5954792960,0,160845885440,121113423872,0
1791596198.3517897,0.05934517830610275,61605945344,0,67142418432,17876123648,61394685952,61394690560,5958987264,0,160845774848,121113423872,0
1791596198.5528975,0.06033178232610226,61605945344,0,67071115264,17947426816,61394685952,61394690560,5887684096,0,160845565952,121113423872,0
1791596198.7347322,0.04208550974726677,61605945344,0,67071115264,17947426816,61394685952,61394690560,5887684096,0,160845619200,121113419776,0
1791596198.9381444,0.045387810096144676,61605945344,0,67071115264,17947426816,61394685952,61394690560,5887684096,0,160845139968,121113419776,0
1791596199.1401098,0.04724438302218914,61605945344,0,67071115264,17947426816,61394685952,61394690560,5887684096,0,160845180928,121113419776,0
1791596199.3502045,0.0572102814912796,61605945344,0,67071115264,17947426816,61394685952,61394690560,5887684096,0,160845017088,121113419776,0
1791596199.5396364,0.04656461626291275,61605945344,0,67071115264,17947426816,61394685952,61394690560,5887684096,0,160845316096,121113419776,0
1791596199.7512417,0.05799991264939308,61605945344,0,67071115264,17947426816,61394685952,61394690560,5887684096,0,160845373440,121113419776,0
1791596199.9378173,0.044499918818473816,61605945344,0,67071115264,17947426816,61394685952,61394690560,5887684096,0,160845344768,121113419776,0
1791596200.1350017,0.04160651005804539,61605945344,0,67075309568,17943232512,61394685952,61394690560,5891878400,0,160845430784,121113419776,0
1791596200.3369498,0.04347636364400387,61605945344,0,67104669696,17913872384,61394685952,61394690560,5921238528,0,160845512704,121113419776,0
1791596200.5377367,0.044184889644384384,61605945344,0,67085795328,17932746752,61394685952,61394690560,5902364160,0,160845533184,121113419776,0
1791596200.7369125,0.04327763617038727,61605945344,0,67077406720,17941135360,61394685952,61394690560,5893975552,0,160845651968,121113419776,0
1791596200.9368525,0.043138401582837105,61605945344,0,67140321280,17878220800,61394685952,61394690560,5956890112,0,160845725696,121113419776,0
1791596201.1352603,0.04147014208137989,61605945344,0,67096281088,17922260992,61394685952,61394690560,5912849920,0,160845737984,121113419776,0
1791596201.3348246,0.04095600172877312,61605945344,0,67085795328,17932746752,61394685952,61394690560,5902364160,0,160845750272,121113419776,0
1791596201.5341692,0.04022365063428879,61605945344,0,67146612736,17871929344,61394685952,61394690560,5963181568,0,160845217792,121113419776,0
1791596201.735381,0.041357751935720444,61605945344,0,67102572544,17915969536,61394685952,61394690560,5919141376,0,160845205504,121113415680,0
1791596201.9376366,0.04353443160653114,61605945344,0,67104669696,17913872384,61394685952,61394690560,5921238528,0,160845275136,121113415680,0
1791596202.1351538,0.040936339646577835,61605945344,0,67155001344,17863540736,61394685952,61394690560,5971570176,0,160845279232,121113415680,0
1791596202.3345454,0.040252236649394035,61605945344,0,67110961152,17907580928,61394685952,61394690560,5927529984,0,160845328384,121113415680,0
1791596202.535485,0.04111326485872269,61605945344,0,67100475392,17918066688,61394685952,61394690560,5917044224,0,160861921280,121113415680,0
1791596202.7458737,0.051401760429143906,61605945344,0,67148709888,17869832192,61394685952,61394690560,5965278720,0,160845574144,121113415680,0
1791596202.937652,0.043086059391498566,61605945344,0,67117252608,17901289472,61394685952,61394690560,5933821440,0,160845647872,121113415680,0
1791596203.141318,0.04666885361075401,61605945344,0,67108864000,17909678080,61394685952,61394690560,5925432832,0,160845631488,121113415680,0
1791596203.3390257,0.044295622035861015,61605945344,0,67142418432,17876123648,61394685952,61394690560,5958987264,0,160845705216,121113415680,0
1791596203.5490057,0.05415990203619003,61605945344,0,67136126976,17882415104,61394685952,61394690560,5952695808,0,160845676544,121113415680,0
1791596203.7411478,0.04619506001472473,61605945344,0,67115155456,17903386624,61394685952,61394690560,5931724288,0,160845721600,121113411584,0
1791596203.9406428,0.045611463487148285,61605945344,0,67121446912,17897095168,61394685952,61394690560,5938015744,0,160845787136,121113411584,0
1791596204.13803,0.0429200604557991,61605945344,0,67165487104,17853054976,61394685952,61394690560,5982055936,0,160845385728,121113411584,0
1791596204.3368442,0.04161835089325905,61605945344,0,67131932672,17886609408,61394685952,61394690560,5948501504,0,160845426688,121113411584,0
1791596204.5391312,0.043826451525092125,61605945344,0,67138224128,17880317952,61394685952,61394690560,5954792960,0,160845258752,121113411584,0
1791596204.7372665,0.04188271425664425,61605945344,0,67173875712,17844666368,61394685952,61394690560,5990444544,0,160845193216,121113411584,0
1791596204.9414337,0.04597153328359127,61605945344,0,67134029824,17884512256,61394685952,61394690560,5950598656,0,160845279232,121113411584,0
1791596205.1352801,0.039739832282066345,61605945344,0,67131932672,17886609408,61394685952,61394690560,5948501504,0,160845070336,121113411584,0
1791596205.3428721,0.047253817319869995,61605945344,0,67071115264,17947426816,61394685952,61394690560,5887684096,0,160845131776,121113411584,0
1791596205.5442843,0.04833594523370266,61605945344,0,67071115264,17947426816,61394685952,61394690560,5887684096,0,160845189120,121113411584,0
1791596205.7420263,0.04596286080777645,61605945344,0,67071115264,17947426816,61394685952,61394690560,5887684096,0,160844763136,121113411584,0
1791596205.9413283,0.04519038088619709,61605945344,0,67071115264,17947426816,61394685952,61394690560,5887684096,0,160844681216,121113411584,0
1791596206.1387947,0.042577650398015976,61605945344,0,67071115264,17947426816,61394685952,61394690560,5887684096,0,160844775424,121113411584,0
1791596206.3396428,0.04334617964923382,61605945344,0,67071115264,17947426816,61394685952,61394690560,5887684096,0,160844763136,121113411584,0
1791596206.5457523,0.04937802627682686,61605945344,0,67071115264,17947426816,61394685952,61394690560,5887684096,0,160844857344,121113411584,0
1791596206.7428515,0.04635583609342575,61605945344,0,67085795328,17932746752,61394685952,61394690560,5902364160,0,160845107200,121113407488,0
1791596206.9413574,0.044783737510442734,61605834752,0,67085795328,17932746752,61394685952,61394690560,5902253568,0,160845103104,121113407488,0
1791596207.138466,0.04181303270161152,61605834752,0,67121446912,17897095168,61394685952,61394690560,5937905152,0,160844722176,121113407488,0
1791596207.3435557,0.046824341639876366,61605834752,0,67102572544,17915969536,61394685952,61394690560,5919030784,0,160845049856,121113407488,0
1791596207.542797,0.045987820252776146,61605834752,0,67079503872,17939038208,61394685952,61394690560,5895962112,0,160860565504,121113407488,0
1791596207.7383335,0.041444214060902596,61605834752,0,67140321280,17878220800,61394685952,61394690560,5956779520,0,160844722176,121113407488,0
1791596207.9373717,0.04040566831827164,61605834752,0,67096281088,17922260992,61394685952,61394690560,5912739328,0,160844660736,121113407488,0
1791596208.1373172,0.040272993966937065,61605834752,0,67087892480,17930649600,61394685952,61394690560,5904350720,0,160844632064,121113407488,0
1791596208.3428898,0.04576663486659527,61605834752,0,67136126976,17882415104,61394685952,61394690560,5952585216,0,160844730368,121113407488,0
1791596208.5480244,0.05081299878656864,61605834752,0,67096281088,17922260992,61394685952,61394690560,5912739328,0,160845090816,121113407488,0
1791596208.744393,0.04710719548165798,61605834752,0,67094183936,17924358144,61394685952,61394690560,5910642176,0,160845406208,121113407488,0
1791596208.9463508,0.048972828313708305,61605834752,0,67142418432,17876123648,61394685952,61394690560,5958876672,0,160845479936,121113407488,0
1791596209.1443033,0.04684266448020935,61605834752,0,67125641216,17892900864,61394685952,61394690560,5942099456,0,160849235968,121113407488,0
1791596209.3426876,0.045149216428399086,61605834752,0,67102572544,17915969536,61394685952,61394690560,5919030784,0,160845447168,121113411584,0
1791596209.5462215,0.048604940995574,61605834752,0,67163389952,17855152128,61394685952,61394690560,5979848192,0,160845475840,121113411584,0
1791596209.7465942,0.04889056272804737,61605834752,0,67117252608,17901289472,61394685952,61394690560,5933710848,0,160845398016,121113407488,0
1791596209.9433787,0.045595018193125725,61605834752,0,67113058304,17905483776,61394685952,61394690560,5929516544,0,160845660160,121113407488,0
1791596210.1419194,0.04405618645250797,61605834752,0,67115155456,17903386624,61394685952,61394690560,5931613696,0,160845721600,121113407488,0
1791596210.3451934,0.047251276671886444,61605834752,0,67131932672,17886609408,61394685952,61394690560,5948390912,0,160845565952,121113403392,0
1791596210.5499668,0.051928600296378136,61605834752,0,67117252608,17901289472,61394685952,61394690560,5933710848,0,160845570048,121113403392,0
1791596210.745602,0.047476332634687424,61605834752,0,67150807040,17867735040,61394685952,61394690560,5967265280,0,160845619200,121113403392,0
1791596210.9427066,0.044501349329948425,61605834752,0,67140321280,17878220800,61394685952,61394690560,5956779520,0,160845537280,121113403392,0
1791596211.1411839,0.042893584817647934,61605847040,0,67127738368,17890803712,61394685952,61394690560,5944208896,0,160845393920,121113403392,0
1791596211.339836,0.04145786166191101,61605879808,0,67140321280,17878220800,61394685952,61394690560,5956824576,0,160845692928,121113403392,0
1791596211.5452228,0.046764736995100975,61605900288,0,67146612736,17871929344,61394685952,61394690560,5963136512,0,160845680640,121113403392,0
1791596211.7484832,0.04990408383309841,61605924864,0,67131932672,17886609408,61394685952,61394690560,5948481024,0,160845492224,121113399296,0
1791596211.94683,0.04815652593970299,61605945344,0,67071115264,17947426816,61394685952,61394690560,5887684096,0,160845275136,121113399296,0
1791596212.141796,0.04304196313023567,61605945344,0,67071115264,17947426816,61394685952,61394690560,5887684096,0,160845221888,121113399296,0
1791596212.3425667,0.04373169504106045,61605945344,0,67071115264,17947426816,61394685952,61394690560,5887684096,0,160845008896,121113399296,0
1791596212.5498686,0.05095309391617775,61605945344,0,67071115264,17947426816,61394685952,61394690560,5887684096,0,160845418496,121113399296,0
1791596212.7422588,0.04326308146119118,61605945344,0,67071115264,17947426816,61394685952,61394690560,5887684096,0,160845225984,121113399296,0
1791596212.940366,0.041288577020168304,61605945344,0,67071115264,17947426816,61394685952,61394690560,5887684096,0,160845299712,121113399296,0
1791596213.1441875,0.04502909258008003,61605945344,0,67071115264,17947426816,61394685952,61394690560,5887684096,0,160845393920,121113399296,0
1791596213.3460095,0.04675338417291641,61605945344,0,67071115264,17947426816,61394685952,61394690560,5887684096,0,160845701120,121113399296,0
1791596213.543838,0.04450385086238384,61605945344,0,67075309568,17943232512,61394685952,61394690560,5891878400,0,160845217792,121113399296,0
1791596213.7417166,0.04230231232941151,61605945344,0,67085795328,17932746752,61394685952,61394690560,5902364160,0,160845312000,121113399296,0
1791596213.9407291,0.041236650198698044,61605945344,0,67113058304,17905483776,61394685952,61394690560,5929627136,0,160845123584,121113399296,0
1791596214.1402106,0.04063935950398445,61605945344,0,67081601024,17936941056,61394685952,61394690560,5898169856,0,160844947456,121113399296,0
1791596214.3403344,0.0406839344650507,61605945344,0,67113058304,17905483776,61394685952,61394690560,5929627136,0,160845045760,121113399296,0
1791596214.5438387,0.04410872608423233,61605945344,0,67096281088,17922260992,61394685952,61394690560,5912849920,0,160845213696,121113399296,0
1791596214.7422397,0.04243120737373829,61605945344,0,67085795328,17932746752,61394685952,61394690560,5902364160,0,160845025280,121113395200,0
1791596214.9459624,0.0460596289485693,61605945344,0,67146612736,17871929344,61394685952,61394690560,5963181568,0,160844935168,121113395200,0
1791596215.1484246,0.0484091192483902,61605945344,0,67115155456,17903386624,61394685952,61394690560,5931724288,0,160845185024,121113395200,0
1791596215.3483577,0.04825689643621445,61605945344,0,67094183936,17924358144,61394685952,61394690560,5910752768,0,160845512704,121113395200,0
1791596215.5471663,0.046955911442637444,61605957632,0,67127738368,17890803712,61394685952,61394690560,5944319488,0,160845201408,121113395200,0
1791596215.7445314,0.04424171894788742,61605957632,0,67117252608,17901289472,61394685952,61394690560,5933833728,0,160845201408,121113395200,0
1791596215.9413588,0.04099070839583874,61605957632,0,67113058304,17905483776,61394685952,61394690560,5929639424,0,160845271040,121113395200,0
1791596216.1430287,0.042573511600494385,61605957632,0,67113058304,17905483776,61394685952,61394690560,5929639424,0,160845242368,121113001984,0
1791596216.3427773,0.04221992380917072,61605957632,0,67169681408,17848860672,61394685952,61394690560,5986262528,0,160845115392,121113001984,0
1791596216.5428371,0.04219135269522667,61605957632,0,67125641216,17892900864,61394685952,61394690560,5942222336,0,160845189120,121113001984,0
1791596216.743193,0.04246888868510723,61605957632,0,67110961152,17907580928,61394685952,61394690560,5927542272,0,160845004800,121113001984,0
1791596216.9446328,0.04383290000259876,61605957632,0,67159195648,17859346432,61394685952,61394690560,5975776768,0,160845012992,121113001984,0
1791596217.143299,0.04241843521595001,61605957632,0,67134029824,17884512256,61394685952,61394690560,5950610944,0,160845103104,121113001984,0
1791596217.3450112,0.044051652774214745,61605957632,0,67131932672,17886609408,61394685952,61394690560,5948513792,0,160845086720,121113001984,0
1791596217.5503194,0.04928300715982914,61605957632,0,67146612736,17871929344,61394685952,61394690560,5963193856,0,160845524992,121113001984,0
1791596217.7440996,0.04298423416912556,61605957632,0,67140321280,17878220800,61394685952,61394690560,5956902400,0,160845156352,121112997888,0
1791596217.9424493,0.04125486686825752,61605957632,0,67125641216,17892900864,61394685952,61394690560,5942222336,0,160845221888,121112997888,0
1791596218.146482,0.04519922845065594,61605957632,0,67155001344,17863540736,61394685952,61394690560,5971582464,0,160844873728,121112997888,0
1791596218.3518717,0.05050954408943653,61605961728,0,67148709888,17869832192,61394685952,61394690560,5965295104,0,160844828672,121112997888,0
1791596218.5461092,0.0446686577051878,61605965824,0,67131932672,17886609408,61394685952,61394690560,5948521984,0,160844832768,121112997888,0
1791596218.7447183,0.043198078870773315,61605965824,0,67071115264,17947426816,61394685952,61394690560,5887704576,0,160844926976,121112997888,0
1791596218.946099,0.044501958414912224,61605965824,0,67071115264,17947426816,61394685952,61394690560,5887704576,0,160845283328,121112997888,0
1791596219.1434035,0.04173031076788902,61605965824,0,67071115264,17947426816,61394685952,61394690560,5887704576,0,160845254656,121112997888,0
1791596219.3435416,0.041790466755628586,61605965824,0,67071115264,17947426816,61394685952,61394690560,5887704576,0,160845078528,121112997888,0
1791596219.5429533,0.04112355597317219,61605965824,0,67071115264,17947426816,61394685952,61394690560,5887704576,0,160845127680,121112997888,0
1791596219.743076,0.04116997495293617,61605965824,0,67071115264,17947426816,61394685952,61394690560,5887704576,0,160845221888,121112993792,0
1791596219.9484754,0.04649301804602146,61605965824,0,67071115264,17947426816,61394685952,61394690560,5887704576,0,160845017088,121112993792,0
1791596220.1469228,0.044860659167170525,61605965824,0,67081601024,17936941056,61394685952,61394690560,5898190336,0,160844918784,121112993792,0
1791596220.3439312,0.04179030656814575,61605965824,0,67071115264,17947426816,61394685952,61394690560,5887704576,0,160844992512,121112993792,0
1791596220.5467546,0.04453347809612751,61605965824,0,67134029824,17884512256,61394685952,61394690560,5950619136,0,160844931072,121112993792,0
1791596220.7486467,0.04634333215653896,61605965824,0,67087892480,17930649600,61394685952,61394690560,5904481792,0,160845209600,121112993792,0
1791596220.9508474,0.04845448024570942,61605965824,0,67079503872,17939038208,61394685952,61394690560,5896093184,0,160845471744,121112993792,0
1791596221.1596174,0.057109205052256584,61605965824,0,67113058304,17905483776,61394685952,61394690560,5929647616,0,160845590528,121112993792,0
1791596221.3487542,0.04615723714232445,61605965824,0,67102572544,17915969536,61394685952,61394690560,5919161856,0,160845549568,121112993792,0
1791596221.5486972,0.046024419367313385,61605965824,0,67089989632,17928552448,61394685952,61394690560,5906578944,0,160845754368,121112993792,0
1791596221.7469263,0.0441729798913002,61605965824,0,67094183936,17924358144,61394685952,61394690560,5910773248,0,160844951552,121112993792,0
1791596221.9462776,0.04344256781041622,61605965824,0,67110961152,17907580928,61394685952,61394690560,5927550464,0,160844754944,121112993792,0
1791596222.1516764,0.04875778779387474,61605965824,0,67100475392,17918066688,61394685952,61394690560,5917064704,0,160844750848,121112993792,0
1791596222.3494341,0.0464338231831789,61605965824,0,67108864000,17909678080,61394685952,61394690560,5925453312,0,160844836864,121112993792,0
1791596222.5538454,0.05076197534799576,61605965824,0,67117252608,17901289472,61394685952,61394690560,5933841920,0,160845291520,121112989696,0
1791596222.7481222,0.04495978355407715,61605965824,0,67119349760,17899192320,61394685952,61394690560,5935939072,0,160845361152,121112985600,0
1791596222.9454062,0.04216451197862625,61605965824,0,67104669696,17913872384,61394685952,61394690560,5921259008,0,160845189120,121112985600,0
1791596223.145253,0.04193185083568096,61605965824,0,67165487104,17853054976,61394685952,61394690560,5982076416,0,160845279232,121112985600,0
1791596223.34444,0.04103957861661911,61605965824,0,67119349760,17899192320,61394685952,61394690560,5935939072,0,160845369344,121112985600,0
1791596223.5444124,0.04093138128519058,61605965824,0,67115155456,17903386624,61394685952,61394690560,5931744768,0,160845193216,121112985600,0
1791596223.749818,0.046258000656962395,61605965824,0,67127738368,17890803712,61394685952,61394690560,5944327680,0,160845287424,121112985600,0
1791596223.9440196,0.040378816425800323,61605965824,0,67161292800,17857249280,61394685952,61394690560,5977882112,0,160845357056,121112985600,0
1791596224.1518857,0.048166027292609215,61605965824,0,67140321280,17878220800,61394685952,61394690560,5956910592,0,160845451264,121112985600,0
1791596224.3525102,0.048685070127248764,61605965824,0,67134029824,17884512256,61394685952,61394690560,5950619136,0,160845553664,121112985600,0
1791596224.547521,0.043612321838736534,61605965824,0,67169681408,17848860672,61394685952,61394690560,5986270720,0,160845377536,121112985600,0
1791596224.7498605,0.045871272683143616,61605965824,0,67138224128,17880317952,61394685952,61394690560,5954813440,0,160845471744,121112985600,0
1791596224.95293,0.048854760825634,61605965824,0,67140321280,17878220800,61394685952,61394690560,5956910592,0,160845799424,121112985600,0
1791596225.1542726,0.0501173660159111,61605965824,0,67148709888,17869832192,61394685952,61394690560,5965299200,0,160845074432,121112985600,0
1791596225.3581102,0.05383217707276344,61605965824,0,67238887424,17779654656,61394685952,61394690560,6055476736,0,160845123584,121112985600,0
1791596225.549596,0.045234937220811844,61605965824,0,67071115264,17947426816,61394685952,61394690560,5887704576,0,160845213696,121112985600,0
1791596225.7491128,0.044666822999715805,61605965824,0,67071115264,17947426816,61394685952,61394690560,5887704576,0,160845262848,121112981504,0
1791596225.9628446,0.058322206139564514,61605965824,0,67071115264,17947426816,61394685952,61394690560,5887704576,0,160845606912,121112981504,0
1791596226.1674652,0.06286247633397579,61605965824,0,67071115264,17947426816,61394685952,61394690560,5887704576,0,160845414400,121112981504,0
1791596226.3464694,0.041785793378949165,61605965824,0,67071115264,17947426816,61394685952,61394690560,5887704576,0,160845336576,121112981504,0
1791596226.5477326,0.04297147877514362,61605965824,0,67071115264,17947426816,61394685952,61394690560,5887704576,0,160845545472,121112981504,0
1791596226.7464085,0.04156704433262348,61605965824,0,67071115264,17947426816,61394685952,61394690560,5887704576,0,160845578240,121112981504,0
1791596226.9505055,0.045584265142679214,61605855232,0,67102572544,17915969536,61394685952,61394690560,5919051264,0,160845508608,121112981504,0
1791596227.1495945,0.0445947851985693,61605855232,0,67092086784,17926455296,61394685952,61394690560,5908565504,0,160845500416,121112981504,0
1791596227.3481946,0.043116360902786255,61605855232,0,67081601024,17936941056,61394685952,61394690560,5898079744,0,160845578240,121112981504,0
1791596227.5532966,0.0480868574231863,61605855232,0,67087892480,17930649600,61394685952,61394690560,5904371200,0,160845025280,121112981504,0
1791596227.7470825,0.041793204843997955,61605855232,0,67117252608,17901289472,61394685952,61394690560,5933731328,0,160844873728,121112977408,0
1791596227.9461415,0.04077351465821266,61605855232,0,67098378240,17920163840,61394685952,61394690560,5914856960,0,160844972032,121112977408,0
1791596228.1459584,0.040511807426810265,61605855232,0,67096281088,17922260992,61394685952,61394690560,5912759808,0,160844775424,121112977408,0
1791596228.3497407,0.04420416243374348,61605855232,0,67106766848,17911775232,61394685952,61394690560,5923245568,0,160844820480,121112977408,0
1791596228.54269,0.03708749637007713,61605855232,0,67108864000,17909678080,61394685952,61394690560,5925342720,0,160844926976,121112977408,0
1791596228.74901,0.0433283057063818,61605855232,0,67104669696,17913872384,61394685952,61394690560,5921148416,0,160845275136,121112977408,0
1791596228.9475658,0.041805241256952286,61605855232,0,67140321280,17878220800,61394685952,61394690560,5956800000,0,160845344768,121112977408,0
1791596229.1464207,0.04058273509144783,61605855232,0,67113058304,17905483776,61394685952,61394690560,5929537024,0,160845295616,121112977408,0
1791596229.3464928,0.0405767448246479,61605855232,0,67110961152,17907580928,61394685952,61394690560,5927439872,0,160845307904,121112977408,0
1791596229.5475104,0.04151534475386143,61605855232,0,67148709888,17869832192,61394685952,61394690560,5965188608,0,160845291520,121112977408,0
1791596229.7470586,0.04098528251051903,61605855232,0,67108864000,17909678080,61394685952,61394690560,5925342720,0,160845369344,121112977408,0
1791596229.9501443,0.04397798888385296,61605855232,0,67117252608,17901289472,61394685952,61394690560,5933731328,0,160845336576,121112977408,0
1791596230.1480908,0.04184593819081783,61605855232,0,67127738368,17890803712,61394685952,61394690560,5944217088,0,160845426688,121112977408,0
1791596230.3502433,0.04391314461827278,61605855232,0,67127738368,17890803712,61394685952,61394690560,5944217088,0,160845373440,121112977408,0
1791596230.5484214,0.04201161675155163,61605855232,0,67125641216,17892900864,61394685952,61394690560,5942119936,0,160845402112,121112977408,0
1791596230.7485883,0.04210005886852741,61605855232,0,67163389952,17855152128,61394685952,61394690560,5979868672,0,160845238272,121112973312,0
1791596230.9500093,0.04344260133802891,61605855232,0,67125641216,17892900864,61394685952,61394690560,5942119936,0,160845328384,121112973312,0
1791596231.1522107,0.045560186728835106,61605855232,0,67134029824,17884512256,61394685952,61394690560,5950508544,0,160845393920,121112973312,0
1791596231.3562589,0.04951556399464607,61605875712,0,67142418432,17876123648,61394685952,61394690560,5958917632,0,160844935168,121112973312,0
1791596231.5645242,0.057697199285030365,61605896192,0,67142418432,17876123648,61394685952,61394690560,5958938112,0,160845287424,121112973312,0
1791596231.7562017,0.04929220490157604,61605928960,0,67129835520,17888706560,61394685952,61394690560,5946387968,0,160845111296,121112973312,0
1791596231.9540508,0.04705934785306454,61605953536,0,67190652928,17827889152,61394685952,61394690560,6007229952,0,160845172736,121112973312,0
1791596232.1562047,0.049131112173199654,61605965824,0,67071115264,17947426816,61394685952,61394690560,5887704576,0,160845295616,121112973312,0
1791596232.3546548,0.04748993366956711,61605965824,0,67071115264,17947426816,61394685952,61394690560,5887704576,0,160844935168,121112973312,0
1791596232.553834,0.046623190864920616,61605965824,0,67071115264,17947426816,61394685952,61394690560,5887704576,0,160845254656,121112973312,0
1791596232.7523649,0.04506979323923588,61605965824,0,67071115264,17947426816,61394685952,61394690560,5887704576,0,160845099008,121112973312,0
1791596232.9527493,0.04531178064644337,61605965824,0,67071115264,17947426816,61394685952,61394690560,5887704576,0,160845373440,121112973312,0
1791596233.1503508,0.04283419996500015,61605965824,0,67071115264,17947426816,61394685952,61394690560,5887704576,0,160845406208,121112973312,0
1791596233.3514128,0.04381545074284077,61605965824,0,67071115264,17947426816,61394685952,61394690560,5887704576,0,160845234176,121112973312,0
1791596233.556917,0.04923735186457634,61605965824,0,67071115264,17947426816,61394685952,61394690560,5887704576,0,160845324288,121112973312,0
1791596233.7570813,0.04929044656455517,61605965824,0,67129835520,17888706560,61394685952,61394690560,5946424832,0,160845889536,121112969216,0
1791596233.9543319,0.04645988717675209,61605965824,0,67100475392,17918066688,61394685952,61394690560,5917064704,0,160845889536,121112969216,0
1791596234.1524136,0.04446272552013397,61605965824,0,67075309568,17943232512,61394685952,61394690560,5891898880,0,160845869056,121112969216,0
1791596234.3569915,0.048960717394948006,61605965824,0,67138224128,17880317952,61394685952,61394690560,5954813440,0,160845455360,121112969216,0
1791596234.5561628,0.048027677461504936,61605965824,0,67108864000,17909678080,61394685952,61394690560,5925453312,0,160845512704,121112969216,0
1791596234.751993,0.043777428567409515,61605965824,0,67083698176,17934843904,61394685952,61394690560,5900287488,0,160845672448,121112969216,0
1791596234.9515367,0.04324283078312874,61605965824,0,67144515584,17874026496,61394685952,61394690560,5961104896,0,160845459456,121112969216,0
1791596235.1489913,0.04061775654554367,61605965824,0,67098378240,17920163840,61394685952,61394690560,5914967552,0,160845701120,121112969216,0
1791596235.3505101,0.04205942712724209,61605965824,0,67092086784,17926455296,61394685952,61394690560,5908676096,0,160845701120,121112969216,0
1791596235.549621,0.04109247960150242,61605965824,0,67152904192,17865637888,61394685952,61394690560,5969493504,0,160845717504,121112969216,0
1791596235.7499216,0.04131276719272137,61605965824,0,67106766848,17911775232,61394685952,61394690560,5923356160,0,160845987840,121112965120,0
1791596235.9500036,0.041313689202070236,61605965824,0,67098378240,17920163840,61394685952,61394690560,5914967552,0,160846245888,121112965120,0
1791596236.150089,0.04131869971752167,61605965824,0,67159195648,17859346432,61394685952,61394690560,5975784960,0,160846475264,121113341952,0
1791596236.355498,0.046646663919091225,61605965824,0,67121446912,17897095168,61394685952,61394690560,5938036224,0,160846024704,121113341952,0
1791596236.557924,0.04898962005972862,61605965824,0,67119349760,17899192320,61394685952,61394690560,5935939072,0,160846192640,121113341952,0
1791596236.7590919,0.050052033737301826,61605965824,0,67155001344,17863540736,61394685952,61394690560,5971590656,0,160845885440,121113341952,0
1791596236.9555094,0.046389004215598106,61605965824,0,67129835520,17888706560,61394685952,61394690560,5946424832,0,160845889536,121113341952,0
1791596237.18738,0.07816651463508606,61605965824,0,67134029824,17884512256,61394685952,61394690560,5950619136,0,160845504512,121113341952,0
1791596237.3565333,0.04723093658685684,61605965824,0,67115155456,17903386624,61394685952,61394690560,5931744768,0,160845385728,121113341952,0
1791596237.555422,0.046039432287216187,61605965824,0,67148709888,17869832192,61394685952,61394690560,5965299200,0,160845357056,121113341952,0
1791596237.7563615,0.0468940194696188,61605965824,0,67138224128,17880317952,61394685952,61394690560,5954813440,0,160844926976,121113341952,0
1791596237.955199,0.04564724862575531,61605965824,0,67125641216,17892900864,61394685952,61394690560,5942230528,0,160845131776,121113341952,0
1791596238.1567867,0.04715414345264435,61605965824,0,67157098496,17861443584,61394685952,61394690560,5973687808,0,160845234176,121113341952,0
1791596238.353206,0.04348983056843281,61605965824,0,67146612736,17871929344,61394685952,61394690560,5963202048,0,160845258752,121113341952,0
1791596238.5548706,0.04507265239953995,61605965824,0,67129835520,17888706560,61394685952,61394690560,5946424832,0,160845221888,121113341952,0
1791596238.7555246,0.04564207047224045,61605965824,0,67142418432,17876123648,61394685952,61394690560,5959007744,0,160845029376,121113337856,0
1791596238.9541397,0.04417268745601177,61605965824,0,67071115264,17947426816,61394685952,61394690560,5887704576,0,160845111296,121113157632,0
1791596239.1536956,0.043645454570651054,61605965824,0,67071115264,17947426816,61394685952,61394690560,5887704576,0,160845062144,121113157632,0
1791596239.3525183,0.042386624962091446,61605965824,0,67071115264,17947426816,61394685952,61394690560,5887704576,0,160844853248,121113157632,0
1791596239.5524895,0.04227577522397041,61605965824,0,67071115264,17947426816,61394685952,61394690560,5887704576,0,160844857344,121113157632,0
1791596239.7522125,0.0419198889285326,61605965824,0,67071115264,17947426816,61394685952,61394690560,5887704576,0,160844869632,121113157632,0
1791596239.9537525,0.043379029259085655,61605965824,0,67071115264,17947426816,61394685952,61394690560,5887704576,0,160844869632,121113157632,0
1791596240.1531174,0.042665448039770126,61605965824,0,67071115264,17947426816,61394685952,61394690560,5887704576,0,160844865536,121113157632,0
1791596240.355532,0.044997626915574074,61605965824,0,67075309568,17943232512,61394685952,61394690560,5891898880,0,160844693504,121113157632,0
1791596240.5543225,0.04370500519871712,61605965824,0,67077406720,17941135360,61394685952,61394690560,5893996032,0,160845283328,121113157632,0
1791596240.7583342,0.04763348028063774,61605965824,0,67094183936,17924358144,61394685952,61394690560,5910773248,0,160845824000,121113157632,0
1791596240.957601,0.04681810736656189,61605978112,0,67094183936,17924358144,61394685952,61394690560,5910785536,0,160845606912,121113157632,0
1791596241.1567886,0.04592276178300381,61605978112,0,67092086784,17926455296,61394685952,61394690560,5908688384,0,160845422592,121113157632,0
1791596241.3564775,0.045531125739216805,61605978112,0,67100475392,17918066688,61394685952,61394690560,5917076992,0,160845295616,121113157632,0
1791596241.5569916,0.04595080763101578,61605978112,0,67083698176,17934843904,61394685952,61394690560,5900299776,0,160845529088,121113157632,0
1791596241.757403,0.04627842642366886,61605978112,0,67146612736,17871929344,61394685952,61394690560,5963214336,0,160845545472,121113153536,0
1791596241.9580753,0.046854935586452484,61605978112,0,67098378240,17920163840,61394685952,61394690560,5914979840,0,160845090816,121113153536,0
1791596242.157261,0.04595076106488705,61605978112,0,67092086784,17926455296,61394685952,61394690560,5908688384,0,160845127680,121113153536,0
1791596242.3540576,0.042639659717679024,61605978112,0,67125641216,17892900864,61394685952,61394690560,5942242816,0,160845197312,121113153536,0
1791596242.556459,0.04496006853878498,61605978112,0,67115155456,17903386624,61394685952,61394690560,5931757056,0,160845639680,121113153536,0
1791596242.757419,0.0458359494805336,61605978112,0,67098378240,17920163840,61394685952,61394690560,5914979840,0,160845492224,121113153536,0
1791596242.961795,0.05012613162398338,61605978112,0,67134029824,17884512256,61394685952,61394690560,5950631424,0,160845361152,121113153536,0
1791596243.1604395,0.048686593770980835,61605978112,0,67123544064,17894998016,61394685952,61394690560,5940145664,0,160845451264,121113153536,0
1791596243.3577135,0.04586886428296566,61605978112,0,67113058304,17905483776,61394685952,61394690560,5929659904,0,160845295616,121113153536,0
1791596243.56112,0.04918966814875603,61605978112,0,67140321280,17878220800,61394685952,61394690560,5956922880,0,160845238272,121113153536,0
1791596243.7598085,0.04777827300131321,61605978112,0,67129835520,17888706560,61394685952,61394690560,5946437120,0,160845385728,121113149440,0
1791596243.9562569,0.044144200161099434,61605978112,0,67136126976,17882415104,61394685952,61394690560,5952728576,0,160845479936,121113149440,0
1791596244.1548243,0.04262743890285492,61605978112,0,67129835520,17888706560,61394685952,61394690560,5946437120,0,160845578240,121113149440,0
1791596244.3591204,0.04684162139892578,61605978112,0,67138224128,17880317952,61394685952,61394690560,5954825728,0,160845615104,121113149440,0
1791596244.5616956,0.049327095970511436,61605978112,0,67140321280,17878220800,61394685952,61394690560,5956922880,0,160845393920,121113149440,0
1791596244.7599792,0.04750038683414459,61605978112,0,67136126976,17882415104,61394685952,61394690560,5952728576,0,160845524992,121113149440,0
1791596244.956465,0.043884629383683205,61605978112,0,67184361472,17834180608,61394685952,61394690560,6000963072,0,160845348864,121113149440,0
1791596245.154543,0.04186582937836647,61605978112,0,67146612736,17871929344,61394685952,61394690560,5963214336,0,160845402112,121113149440,0
1791596245.3556976,0.04290818236768246,61605978112,0,67129835520,17888706560,61394685952,61394690560,5946437120,0,160845496320,121113149440,0
1791596245.5561166,0.043240612372756004,61605978112,0,67071115264,17947426816,61394685952,61394690560,5887716864,0,160845320192,121113149440,0
1791596245.7552946,0.04231896810233593,61605978112,0,67071115264,17947426816,61394685952,61394690560,5887716864,0,160845344768,121113149440,0
1791596245.9601195,0.047034092247486115,61605978112,0,67071115264,17947426816,61394685952,61394690560,5887716864,0,160845430784,121113149440,0
1791596246.1649754,0.051751356571912766,61605978112,0,67071115264,17947426816,61394685952,61394690560,5887716864,0,160845524992,121113149440,0
1791596246.3587184,0.045393845066428185,61605978112,0,67071115264,17947426816,61394685952,61394690560,5887716864,0,160845443072,121113149440,0
1791596246.5593822,0.045977989211678505,61605978112,0,67071115264,17947426816,61394685952,61394690560,5887716864,0,160845533184,121113149440,0
1791596246.7604547,0.04697043262422085,61605978112,0,67071115264,17947426816,61394685952,61394690560,5887716864,0,160845459456,121113145344,0
1791596246.9639888,0.050413403660058975,61605978112,0,67071115264,17947426816,61394685952,61394690560,5887716864,0,160845762560,121113145344,0
1791596247.158521,0.04486634023487568,61605978112,0,67071115264,17947426816,61394685952,61394690560,5887716864,0,160845815808,121113145344,0
1791596247.3567417,0.04298916086554527,61605978112,0,67131932672,17886609408,61394685952,61394690560,5948534272,0,160845520896,121113145344,0
1791596247.5564835,0.042620131745934486,61605978112,0,67094183936,17924358144,61394685952,61394690560,5910785536,0,160845737984,121113141248,0
1791596247.7557044,0.04175878129899502,61605978112,0,67077406720,17941135360,61394685952,61394690560,5894008320,0,160845578240,121113141248,0
1791596247.9597545,0.04570709355175495,61605978112,0,67140321280,17878220800,61394685952,61394690560,5956922880,0,160845242368,121113141248,0
1791596248.158543,0.044377775862812996,61605978112,0,67094183936,17924358144,61394685952,61394690560,5910785536,0,160845238272,121113141248,0
1791596248.356933,0.042731255292892456,61605978112,0,67085795328,17932746752,61394685952,61394690560,5902396928,0,160845254656,121113141248,0
1791596248.5611558,0.0468511488288641,61605978112,0,67146612736,17871929344,61394685952,61394690560,5963214336,0,160845275136,121113141248,0
1791596248.7603652,0.04598236829042435,61605978112,0,67108864000,17909678080,61394685952,61394690560,5925465600,0,160845324288,121113141248,0
1791596248.964697,0.05022770166397095,61605978112,0,67094183936,17924358144,61394685952,61394690560,5910785536,0,160845459456,121113141248,0
1791596249.1606889,0.046135732904076576,61605978112,0,67155001344,17863540736,61394685952,61394690560,5971602944,0,160845352960,121113141248,0
1791596249.3651454,0.050502143800258636,61605978112,0,67121446912,17897095168,61394685952,61394690560,5938048512,0,160845234176,121113141248,0
1791596249.5638118,0.04908409155905247,61605978112,0,67100475392,17918066688,61394685952,61394690560,5917076992,0,160845336576,121113141248,0
1791596249.7632358,0.04842514544725418,61605978112,0,67148709888,17869832192,61394685952,61394690560,5965311488,0,160845418496,121113137152,0
1791596249.9630127,0.04811786860227585,61605978112,0,67127738368,17890803712,61394685952,61394690560,5944339968,0,160845512704,121113137152,0
1791596250.160883,0.045902879908680916,61605978112,0,67108864000,17909678080,61394685952,61394690560,5925465600,0,160845533184,121113137152,0
1791596250.3622768,0.0472197737544775,61605978112,0,67169681408,17848860672,61394685952,61394690560,5986283008,0,160845635584,121113137152,0
1791596250.561581,0.04644196853041649,61605978112,0,67123544064,17894998016,61394685952,61394690560,5940145664,0,160845660160,121113137152,0
1791596250.7588856,0.04366599582135677,61605978112,0,67131932672,17886609408,61394685952,61394690560,5948534272,0,160845672448,121113137152,0
1791596250.9588196,0.0435181874781847,61605978112,0,67127738368,17890803712,61394685952,61394690560,5944339968,0,160845725696,121113137152,0
1791596251.1619225,0.04654028080403805,61605978112,0,67157098496,17861443584,61394685952,61394690560,5973700096,0,160845815808,121113137152,0
1791596251.3631358,0.04765787720680237,61605978112,0,67125641216,17892900864,61394685952,61394690560,5942242816,0,160845942784,121113137152,0
1791596251.564741,0.0491818580776453,61605978112,0,67138224128,17880317952,61394685952,61394690560,5954825728,0,160845934592,121113137152,0
1791596251.764642,0.0489985179156065,61605978112,0,67146612736,17871929344,61394685952,61394690560,5963214336,0,160846262272,121113133056,0
1791596251.9624226,0.046698810532689095,61605978112,0,67146612736,17871929344,61394685952,61394690560,5963214336,0,160845889536,121113133056,0
1791596252.1594598,0.04362981952726841,61605978112,0,67131932672,17886609408,61394685952,61394690560,5948534272,0,160845979648,121113133056,0
1791596252.3592691,0.043342605233192444,61605978112,0,67071115264,17947426816,61394685952,61394690560,5887716864,0,160845705216,121113133056,0
1791596252.5610552,0.04503338783979416,61605978112,0,67071115264,17947426816,61394685952,61394690560,5887716864,0,160845955072,121113133056,0
1791596252.7610795,0.04495100677013397,61605978112,0,67071115264,17947426816,61394685952,61394690560,5887716864,0,160845357056,121113133056,0
1791596252.9591365,0.04292208328843117,61605978112,0,67071115264,17947426816,61394685952,61394690560,5887716864,0,160845443072,121113133056,0
1791596253.1594827,0.04317020997405052,61605978112,0,67071115264,17947426816,61394685952,61394690560,5887716864,0,160845516800,121113133056,0
1791596253.3576171,0.04122299700975418,61605978112,0,67071115264,17947426816,61394685952,61394690560,5887716864,0,160845340672,121113133056,0
1791596253.561701,0.04522484913468361,61605978112,0,67071115264,17947426816,61394685952,61394690560,5887716864,0,160845398016,121113133056,0
1791596253.7618747,0.045296745374798775,61605978112,0,67087892480,17930649600,61394685952,61394690560,5904494080,0,160845488128,121113133056,0
1791596253.9629297,0.04626601189374924,61605978112,0,67085795328,17932746752,61394685952,61394690560,5902396928,0,160845361152,121113133056,0
1791596254.1650057,0.04824364744126797,61605978112,0,67094183936,17924358144,61394685952,61394690560,5910785536,0,160845385728,121113133056,0
1791596254.3680189,0.05117514543235302,61605982208,0,67096281088,17922260992,61394685952,61394690560,5912886784,0,160845254656,121113133056,0
1791596254.5609634,0.044032951816916466,61605982208,0,67079503872,17939038208,61394685952,61394690560,5896109568,0,160845324288,121113133056,0
1791596254.7642486,0.04721817933022976,61605982208,0,67140321280,17878220800,61394685952,61394690560,5956926976,0,160845434880,121113133056,0
1791596254.9619634,0.04484842158854008,61605982208,0,67108864000,17909678080,61394685952,61394690560,5925469696,0,160845266944,121113128960,0
1791596255.1591194,0.041921233758330345,61605982208,0,67087892480,17930649600,61394685952,61394690560,5904498176,0,160845275136,121113128960,0
1791596255.365109,0.0478065051138401,61605982208,0,67136126976,17882415104,61394685952,61394690560,5952732672,0,160845373440,121113128960,0
1791596255.565647,0.04824221879243851,61605982208,0,67117252608,17901289472,61394685952,61394690560,5933858304,0,160845656064,121113128960,0
1791596255.766993,0.04950266145169735,61605982208,0,67094183936,17924358144,61394685952,61394690560,5910789632,0,160846041088,121113128960,0
1791596255.9634306,0.0458537470549345,61605982208,0,67155001344,17863540736,61394685952,61394690560,5971607040,0,160845549568,121113128960,0
1791596256.161882,0.044220687821507454,61605982208,0,67123544064,17894998016,61394685952,61394690560,5940149760,0,160845328384,121113128960,0
1791596256.3633902,0.045636169612407684,61605982208,0,67102572544,17915969536,61394685952,61394690560,5919178240,0,160845115392,121113128960,0
1791596256.5627794,0.044932764023542404,61605982208,0,67163389952,17855152128,61394685952,61394690560,5979995648,0,160845172736,121113128960,0
1791596256.7627275,0.044797129929065704,61605982208,0,67134029824,17884512256,61394685952,61394690560,5950635520,0,160845250560,121113128960,0
1791596256.9622042,0.04418388195335865,61605982208,0,67108864000,17909678080,61394685952,61394690560,5925469696,0,160845037568,121113128960,0
1791596257.1641665,0.04606306925415993,61605982208,0,67169681408,17848860672,61394685952,61394690560,5986287104,0,160845094912,121113128960,0
1791596257.3683245,0.05007917620241642,61605982208,0,67121446912,17897095168,61394685952,61394690560,5938052608,0,160845209600,121113128960,0
1791596257.568252,0.04990818351507187,61605982208,0,67119349760,17899192320,61394685952,61394690560,5935955456,0,160845299712,121113128960,0
1791596257.765899,0.04745836742222309,61605982208,0,67123544064,17894998016,61394685952,61394690560,5940149760,0,160845283328,121113128960,0
1791596257.9654112,0.04688975587487221,61605982208,0,67140321280,17878220800,61394685952,61394690560,5956926976,0,160845295616,121113124864,0
1791596258.1649082,0.04630479775369167,61605982208,0,67127738368,17890803712,61394685952,61394690560,5944344064,0,160845103104,121113124864,0
1791596258.3638484,0.04516586661338806,61605982208,0,67138224128,17880317952,61394685952,61394690560,5954829824,0,160844902400,121113124864,0
1791596258.614114,0.09535201452672482,61605982208,0,67138224128,17880317952,61394685952,61394690560,5954829824,0,160844939264,121113124864,0
1791596258.771265,0.05241511017084122,61605982208,0,67138224128,17880317952,61394685952,61394690560,5954829824,0,160845193216,121113124864,0
1791596258.9688451,0.04989931546151638,61605982208,0,67140321280,17878220800,61394685952,61394690560,5956926976,0,160845434880,121113124864,0
1791596259.1676486,0.048621030524373055,61605986304,0,67238887424,17779654656,61394685952,61394690560,6055497216,0,160845496320,121113124864,0
1791596259.3672934,0.04818328283727169,61605986304,0,67071115264,17947426816,61394685952,61394690560,5887725056,0,160845324288,121113124864,0
1791596259.5663931,0.04719315841794014,61605986304,0,67071115264,17947426816,61394685952,61394690560,5887725056,0,160845402112,121113124864,0
1791596259.7652035,0.04592306353151798,61605986304,0,67071115264,17947426816,61394685952,61394690560,5887725056,0,160845488128,121113124864,0
1791596259.966519,0.04715998098254204,61605986304,0,67071115264,17947426816,61394685952,61394690560,5887725056,0,160844972032,121113120768,0
1791596260.165577,0.04613769240677357,61605986304,0,67071115264,17947426816,61394685952,61394690560,5887725056,0,160845070336,121113120768,0
1791596260.3665898,0.047064006328582764,61605986304,0,67071115264,17947426816,61394685952,61394690560,5887725056,0,160845422592,121113120768,0
1791596260.5647318,0.0451253317296505,61605986304,0,67071115264,17947426816,61394685952,61394690560,5887725056,0,160845512704,121113120768,0
1791596260.7545867,0.034914080053567886,61605986304,0,67117252608,17901289472,61394685952,61394690560,5933862400,0,160845561856,121113120768,0
1791596260.952675,0.03293890692293644,61605986304,0,67098378240,17920163840,61394685952,61394690560,5914988032,0,160845656064,121113120768,0
1791596261.1647615,0.044936591759324074,61605986304,0,67085795328,17932746752,61394685952,61394690560,5902405120,0,160845451264,121113120768,0
1791596261.3647966,0.044889530166983604,61605986304,0,67096281088,17922260992,61394685952,61394690560,5912890880,0,160845549568,121113120768,0
1791596261.5678008,0.047811346128582954,61605986304,0,67079503872,17939038208,61394685952,61394690560,5896113664,0,160845389824,121113120768,0
1791596261.7678246,0.04775092750787735,61605986304,0,67115155456,17903386624,61394685952,61394690560,5931765248,0,160845479936,121113120768,0
1791596261.968085,0.047930942848324776,61605986304,0,67104669696,17913872384,61394685952,61394690560,5921279488,0,160845643776,121113120768,0
1791596262.1665938,0.046356553211808205,61605986304,0,67087892480,17930649600,61394685952,61394690560,5904502272,0,160845365248,121113120768,0
1791596262.3645198,0.04421400465071201,61605986304,0,67094183936,17924358144,61394685952,61394690560,5910793728,0,160845434880,121113120768,0
1791596262.5647168,0.04432803578674793,61605986304,0,67110961152,17907580928,61394685952,61394690560,5927570944,0,160845783040,121113120768,0
1791596262.7643895,0.043917253613471985,61605986304,0,67113058304,17905483776,61394685952,61394690560,5929668096,0,160845455360,121113120768,0
1791596262.9666836,0.046127935871481895,61605986304,0,67110961152,17907580928,61394685952,61394690560,5927570944,0,160845393920,121113116672,0
1791596263.1706972,0.0500568263232708,61605986304,0,67119349760,17899192320,61394685952,61394690560,5935959552,0,160845168640,121113116672,0
1791596263.3776996,0.05697664059698582,61605986304,0,67119349760,17899192320,61394685952,61394690560,5935959552,0,160844996608,121113116672,0
1791596263.5688653,0.04804940149188042,61605986304,0,67104669696,17913872384,61394685952,61394690560,5921279488,0,160845119488,121113116672,0
1791596263.7666626,0.04576575942337513,61605986304,0,67117252608,17901289472,61394685952,61394690560,5933862400,0,160845254656,121113116672,0
1791596263.9667287,0.04574587009847164,61605986304,0,67127738368,17890803712,61394685952,61394690560,5944348160,0,160845160448,121113116672,0
1791596264.1688256,0.04776195250451565,61605986304,0,67115155456,17903386624,61394685952,61394690560,5931765248,0,160845123584,121113116672,0
1791596264.3682604,0.04711262509226799,61605986304,0,67127738368,17890803712,61394685952,61394690560,5944348160,0,160845418496,121113116672,0
1791596264.5685349,0.04729980230331421,61605986304,0,67155001344,17863540736,61394685952,61394690560,5971611136,0,160845385728,121113116672,0
1791596264.769365,0.04803555645048618,61605986304,0,67146612736,17871929344,61394685952,61394690560,5963222528,0,160845381632,121113116672,0
1791596264.9680362,0.04661262035369873,61605986304,0,67136126976,17882415104,61394685952,61394690560,5952736768,0,160845475840,121113116672,0
1791596265.1675274,0.04601970501244068,61605986304,0,67169681408,17848860672,61394685952,61394690560,5986291200,0,160845561856,121113116672,0
1791596265.3698287,0.04823554493486881,61605986304,0,67150807040,17867735040,61394685952,61394690560,5967416832,0,160845647872,121113116672,0
1791596265.5687897,0.047113796696066856,61605986304,0,67129835520,17888706560,61394685952,61394690560,5946445312,0,160845676544,121113116672,0
1791596265.7676778,0.04591895081102848,61605986304,0,67190652928,17827889152,61394685952,61394690560,6007262720,0,160845545472,121113116672,0
1791596265.9695911,0.047750065103173256,61605986304,0,67071115264,17947426816,61394685952,61394690560,5887725056,0,160845500416,121113112576,0
1791596266.1686254,0.04670236073434353,61605986304,0,67071115264,17947426816,61394685952,61394690560,5887725056,0,160845615104,121113112576,0
1791596266.3688858,0.04687901958823204,61605998592,0,67071115264,17947426816,61394685952,61394690560,5887737344,0,160845688832,121113112576,0
1791596266.570963,0.04887457937002182,61605998592,0,67071115264,17947426816,61394685952,61394690560,5887737344,0,160845668352,121113112576,0
1791596266.7695982,0.04742877371609211,61605998592,0,67071115264,17947426816,61394685952,61394690560,5887737344,0,160845733888,121113112576,0
1791596266.969167,0.04689512401819229,61605998592,0,67071115264,17947426816,61394685952,61394690560,5887737344,0,160845623296,121113112576,0
1791596267.1680653,0.04571099765598774,61605998592,0,67071115264,17947426816,61394685952,61394690560,5887737344,0,160845611008,121113112576,0
1791596267.3691394,0.04669809527695179,61605998592,0,67071115264,17947426816,61394685952,61394690560,5887737344,0,160845639680,121113112576,0
1791596267.5698347,0.04731094650924206,61605834752,0,67129835520,17888706560,61394685952,61394690560,5946293760,0,160845570048,121113112576,0
1791596267.7677913,0.045187247917056084,61605834752,0,67098378240,17920163840,61394685952,61394690560,5914836480,0,160845623296,121113112576,0
1791596267.969758,0.04706929996609688,61605834752,0,67077406720,17941135360,61394685952,61394690560,5893864960,0,160845615104,121113112576,0
1791596268.1571434,0.0343913808465004,61605834752,0,67092086784,17926455296,61394685952,61394690560,5908545024,0,160845672448,121113112576,0
1791596268.353142,0.030326975509524345,61605834752,0,67127738368,17890803712,61394685952,61394690560,5944196608,0,160845684736,121113112576,0
1791596268.5683541,0.04545580595731735,61605834752,0,67083698176,17934843904,61394685952,61394690560,5900156416,0,160845496320,121113112576,0
1791596268.7672946,0.04431765526533127,61605834752,0,67144515584,17874026496,61394685952,61394690560,5960973824,0,160845582336,121113112576,0
1791596268.9693828,0.046325644478201866,61605834752,0,67098378240,17920163840,61394685952,61394690560,5914836480,0,160845553664,121113108480,0
1791596269.165499,0.042361875995993614,61605834752,0,67092086784,17926455296,61394685952,61394690560,5908545024,0,160845643776,121113108480,0
1791596269.3695028,0.04628487676382065,61605834752,0,67152904192,17865637888,61394685952,61394690560,5969362432,0,160845774848,121113108480,0
1791596269.571508,0.04820505157113075,61605834752,0,67106766848,17911775232,61394685952,61394690560,5923225088,0,160845303808,121113108480,0
1791596269.7719014,0.048514118418097496,61605834752,0,67098378240,17920163840,61394685952,61394690560,5914836480,0,160845398016,121113108480,0
1791596269.9702833,0.04681485891342163,61605834752,0,67110961152,17907580928,61394685952,61394690560,5927419392,0,160845082624,121113108480,0
1791596270.169371,0.04581705294549465,61605834752,0,67121446912,17897095168,61394685952,61394690560,5937905152,0,160844783616,121113108480,0
1791596270.3688416,0.045208562165498734,61605834752,0,67104669696,17913872384,61394685952,61394690560,5921127936,0,160844849152,121113108480,0
1791596270.5703619,0.04664856381714344,61605834752,0,67140321280,17878220800,61394685952,61394690560,5956779520,0,160844787712,121113108480,0
1791596270.7717245,0.04793231561779976,61605834752,0,67123544064,17894998016,61394685952,61394690560,5940002304,0,160844877824,121113108480,0
1791596270.972904,0.04902622289955616,61605834752,0,67119349760,17899192320,61394685952,61394690560,5935808000,0,160844984320,121113104384,0
1791596271.1695304,0.04556839540600777,61605834752,0,67127738368,17890803712,61394685952,61394690560,5944196608,0,160845070336,121113104384,0
1791596271.371577,0.04753145948052406,61605838848,0,67136126976,17882415104,61394685952,61394690560,5952589312,0,160845045760,121113104384,0
1791596271.5701728,0.04604090563952923,61605859328,0,67138224128,17880317952,61394685952,61394690560,5954706944,0,160845135872,121113104384,0
1791596271.7715776,0.047363292425870895,61605896192,0,67136126976,17882415104,61394685952,61394690560,5952646656,0,160845496320,121113104384,0
1791596271.972742,0.048448605462908745,61605920768,0,67144515584,17874026496,61394685952,61394690560,5961059840,0,160845193216,121113104384,0
1791596272.1697845,0.045409612357616425,61605941248,0,67155001344,17863540736,61394685952,61394690560,5971566080,0,160845254656,121113104384,0
1791596272.3714695,0.047013118863105774,61605974016,0,67129835520,17888706560,61394685952,61394690560,5946433024,0,160845570048,121113104384,0
1791596272.5740733,0.04953346028923988,61605998592,0,67190652928,17827889152,61394685952,61394690560,6007275008,0,160845451264,121113100288,0
1791596272.7712164,0.046588143333792686,61605998592,0,67071115264,17947426816,61394685952,61394690560,5887737344,0,160845357056,121113100288,0
1791596272.9684188,0.04370514303445816,61605998592,0,67071115264,17947426816,61394685952,61394690560,5887737344,0,160845447168,121113100288,0
1791596273.169844,0.04505283199250698,61605998592,0,67071115264,17947426816,61394685952,61394690560,5887737344,0,160845365248,121113100288,0
1791596273.3724473,0.04756883159279823,61605998592,0,67071115264,17947426816,61394685952,61394690560,5887737344,0,160845418496,121113100288,0
1791596273.5718846,0.04692349396646023,61605998592,0,67071115264,17947426816,61394685952,61394690560,5887737344,0,160845266944,121113100288,0
1791596273.775129,0.05008283816277981,61605998592,0,67071115264,17947426816,61394685952,61394690560,5887737344,0,160845262848,121113100288,0
1791596273.9714599,0.046330006793141365,61605998592,0,67071115264,17947426816,61394685952,61394690560,5887737344,0,160845295616,121113096192,0
1791596274.1720564,0.046813301742076874,61605998592,0,67071115264,17947426816,61394685952,61394690560,5887737344,0,160845357056,121113096192,0
1791596274.3716414,0.04631636291742325,61605998592,0,67131932672,17886609408,61394685952,61394690560,5948554752,0,160845049856,121113096192,0
1791596274.571465,0.0460464209318161,61605998592,0,67098378240,17920163840,61394685952,61394690560,5915000320,0,160845062144,121113096192,0
1791596274.7703445,0.04483611695468426,61605998592,0,67077406720,17941135360,61394685952,61394690560,5894028800,0,160845111296,121113096192,0
1791596274.970574,0.044981880113482475,61605998592,0,67144515584,17874026496,61394685952,61394690560,5961137664,0,160845172736,121113096192,0
1791596275.1725004,0.046816326677799225,61605998592,0,67100475392,17918066688,61394685952,61394690560,5917097472,0,160845291520,121113096192,0
1791596275.3743176,0.04854419641196728,61605998592,0,67083698176,17934843904,61394685952,61394690560,5900320256,0,160845287424,121113096192,0
1791596275.5744932,0.048636943101882935,61605998592,0,67146612736,17871929344,61394685952,61394690560,5963234816,0,160845176832,121113096192,0
1791596275.774288,0.04834631085395813,61605998592,0,67108864000,17909678080,61394685952,61394690560,5925486080,0,160845266944,121113096192,0
1791596275.9812286,0.05520174838602543,61606002688,0,67092086784,17926455296,61394685952,61394690560,5908712960,0,160845377536,121113096192,0
1791596276.1634133,0.037323784083127975,61606002688,0,67123544064,17894998016,61394685952,61394690560,5940170240,0,160845701120,121113096192,0
1791596276.3726358,0.046424344182014465,61606002688,0,67100475392,17918066688,61394685952,61394690560,5917101568,0,160845598720,121113096192,0
1791596276.5707183,0.04441404901444912,61606002688,0,67117252608,17901289472,61394685952,61394690560,5933878784,0,160845692928,121113096192,0
1791596276.771419,0.04502902738749981,61606002688,0,67117252608,17901289472,61394685952,61394690560,5933878784,0,160845787136,121113096192,0
1791596276.9748876,0.048412200063467026,61606002688,0,67117252608,17901289472,61394685952,61394690560,5933878784,0,160845824000,121113092096,0
1791596277.174905,0.048346251249313354,61606002688,0,67125641216,17892900864,61394685952,61394690560,5942267392,0,160845807616,121113092096,0
1791596277.3826044,0.05596420355141163,61606002688,0,67131932672,17886609408,61394685952,61394690560,5948558848,0,160845545472,121113092096,0
1791596277.573629,0.046905746683478355,61606002688,0,67110961152,17907580928,61394685952,61394690560,5927587328,0,160845328384,121113092096,0
1791596277.780747,0.05393842048943043,61606002688,0,67144515584,17874026496,61394685952,61394690560,5961141760,0,160845422592,121113092096,0
1791596277.9767272,0.049835868179798126,61606002688,0,67134029824,17884512256,61394685952,61394690560,5950656000,0,160845414400,121113092096,0
1791596278.174248,0.047273680567741394,61606002688,0,67117252608,17901289472,61394685952,61394690560,5933878784,0,160845746176,121113092096,0
1791596278.3735702,0.04651455767452717,61606002688,0,67134029824,17884512256,61394685952,61394690560,5950656000,0,160845148160,121113092096,0
1791596278.5736067,0.046471286565065384,61606002688,0,67142418432,17876123648,61394685952,61394690560,5959044608,0,160845410304,121113092096,0
1791596278.771946,0.044700123369693756,61606002688,0,67131932672,17886609408,61394685952,61394690560,5948558848,0,160845406208,121113092096,0
1791596278.9746726,0.047313736751675606,61606002688,0,67159195648,17859346432,61394685952,61394690560,5975821824,0,160845123584,121113088000,0
1791596279.1750562,0.047610193490982056,61606002688,0,67148709888,17869832192,61394685952,61394690560,5965336064,0,160845377536,121113088000,0
1791596279.378826,0.051297932863235474,61606002688,0,67238887424,17779654656,61394685952,61394690560,6055513600,0,160844779520,121113088000,0
1791596279.5755577,0.04791892506182194,61606002688,0,67071115264,17947426816,61394685952,61394690560,5887741440,0,160845242368,121113088000,0
1791596279.77611,0.04838824272155762,61606002688,0,67071115264,17947426816,61394685952,61394690560,5887741440,0,160845586432,121113088000,0
1791596279.977554,0.049742914736270905,61606002688,0,67071115264,17947426816,61394685952,61394690560,5887741440,0,160845398016,121113088000,0
1791596280.1744251,0.046529415994882584,61606002688,0,67071115264,17947426816,61394685952,61394690560,5887741440,0,160845471744,121113088000,0
1791596280.3718126,0.04381629265844822,61606002688,0,67071115264,17947426816,61394685952,61394690560,5887741440,0,160845266944,121113088000,0
1791596280.5716407,0.04356205277144909,61606002688,0,67071115264,17947426816,61394685952,61394690560,5887741440,0,160845336576,121113088000,0
1791596280.7698967,0.041738033294677734,61606002688,0,67071115264,17947426816,61394685952,61394690560,5887741440,0,160845033472,121113088000,0
1791596280.9741957,0.04594823345541954,61606002688,0,67136126976,17882415104,61394685952,61394690560,5952753152,0,160845053952,121113088000,0
1791596281.1719832,0.04362805373966694,61606002688,0,67092086784,17926455296,61394685952,61394690560,5908712960,0,160845197312,121113088000,0
1791596281.3710544,0.04261655546724796,61606002688,0,67075309568,17943232512,61394685952,61394690560,5891935744,0,160845287424,121113088000,0
1791596281.5737457,0.04522130265831947,61606002688,0,67142418432,17876123648,61394685952,61394690560,5959044608,0,160845557760,121113088000,0
1791596281.7733471,0.04474233463406563,61606002688,0,67104669696,17913872384,61394685952,61394690560,5921295872,0,160845647872,121113088000,0
1791596281.9733114,0.04462525434792042,61606002688,0,67083698176,17934843904,61394685952,61394690560,5900324352,0,160845475840,121113083904,0
1791596282.1723611,0.04359421506524086,61606002688,0,67144515584,17874026496,61394685952,61394690560,5961141760,0,160845279232,121113083904,0
1791596282.374448,0.04559851996600628,61606002688,0,67119349760,17899192320,61394685952,61394690560,5935975936,0,160845078528,121113083904,0
1791596282.5751898,0.046250710263848305,61606002688,0,67089989632,17928552448,61394685952,61394690560,5906615808,0,160845524992,121113083904,0
1791596282.7738233,0.04480253532528877,61606002688,0,67123544064,17894998016,61394685952,61394690560,5940170240,0,160845594624,121113083904,0
1791596282.9756196,0.04651806689798832,61606002688,0,67104669696,17913872384,61394685952,61394690560,5921295872,0,160845242368,121113083904,0
1791596283.1761706,0.04695083945989609,61606002688,0,67098378240,17920163840,61394685952,61394690560,5915004416,0,160845086720,121113083904,0
1791596283.3749933,0.04569425247609615,61606002688,0,67159195648,17859346432,61394685952,61394690560,5975821824,0,160844910592,121113083904,0
1791596283.57595,0.04656849801540375,61606002688,0,67121446912,17897095168,61394685952,61394690560,5938073088,0,160844918784,121113083904,0
1791596283.7758672,0.046407559886574745,61606002688,0,67108864000,17909678080,61394685952,61394690560,5925490176,0,160844922880,121113083904,0
1791596283.9737372,0.04419870488345623,61606002688,0,67121446912,17897095168,61394685952,61394690560,5938073088,0,160844988416,121113083904,0
1791596284.1743214,0.044703610241413116,61606002688,0,67173875712,17844666368,61394685952,61394690560,5990501888,0,160845082624,121113083904,0
1791596284.3756294,0.04593374580144882,61606002688,0,67129835520,17888706560,61394685952,61394690560,5946461696,0,160845172736,121113083904,0
1791596284.5737774,0.04400405287742615,61606002688,0,67115155456,17903386624,61394685952,61394690560,5931781632,0,160845238272,121113083904,0
1791596284.7744372,0.044585129246115685,61606002688,0,67175972864,17842569216,61394685952,61394690560,5992599040,0,160845148160,121113083904,0
1791596284.9755232,0.04559231549501419,61606002688,0,67146612736,17871929344,61394685952,61394690560,5963238912,0,160845238272,121113079808,0
1791596285.1797333,0.049684809520840645,61606002688,0,67131932672,17886609408,61394685952,61394690560,5948558848,0,160845598720,121113079808,0
1791596285.3877769,0.05753147788345814,61606002688,0,67136126976,17882415104,61394685952,61394690560,5952753152,0,160845500416,121113079808,0
1791596285.577266,0.046941809356212616,61606002688,0,67140321280,17878220800,61394685952,61394690560,5956947456,0,160845533184,121113079808,0
1791596285.7733138,0.04290887527167797,61606002688,0,67129835520,17888706560,61394685952,61394690560,5946461696,0,160845623296,121113079808,0
1791596285.9741738,0.043690914288163185,61606002688,0,67190652928,17827889152,61394685952,61394690560,6007279104,0,160845582336,121113079808,0
1791596286.1750724,0.04450289160013199,61606002688,0,67071115264,17947426816,61394685952,61394690560,5887741440,0,160845230080,121113079808,0
1791596286.375535,0.044885339215397835,61606002688,0,67071115264,17947426816,61394685952,61394690560,5887741440,0,160845234176,121113079808,0
1791596286.5750773,0.04434758983552456,61606002688,0,67071115264,17947426816,61394685952,61394690560,5887741440,0,160845303808,121113079808,0
1791596286.7728362,0.04202844388782978,61606002688,0,67071115264,17947426816,61394685952,61394690560,5887741440,0,160845393920,121113079808,0
1791596286.9725227,0.041636111214756966,61606002688,0,67071115264,17947426816,61394685952,61394690560,5887741440,0,160845492224,121113075712,0
1791596287.1736677,0.0426995400339365,61606002688,0,67071115264,17947426816,61394685952,61394690560,5887741440,0,160845553664,121113075712,0
1791596287.3723931,0.04134560376405716,61606002688,0,67071115264,17947426816,61394685952,61394690560,5887741440,0,160845512704,121113075712,0
1791596287.5711694,0.040010005235672,61606002688,0,67071115264,17947426816,61394685952,61394690560,5887741440,0,160845729792,121113075712,0
1791596287.780453,0.04920661635696888,61606002688,0,67117252608,17901289472,61394685952,61394690560,5933878784,0,160845819904,121113075712,0
1791596287.9808168,0.04948895983397961,61606002688,0,67087892480,17930649600,61394685952,61394690560,5904518656,0,160846147584,121113075712,0
1791596288.1780486,0.04663892649114132,61606002688,0,67075309568,17943232512,61394685952,61394690560,5891935744,0,160846200832,121113075712,0
1791596288.3764796,0.04498942568898201,61606002688,0,67138224128,17880317952,61394685952,61394690560,5954850304,0,160846172160,121113075712,0
1791596288.5782006,0.04662840813398361,61606002688,0,67092086784,17926455296,61394685952,61394690560,5908712960,0,160846168064,121113075712,0
1791596288.7821708,0.050477443262934685,61606002688,0,67098378240,17920163840,61394685952,61394690560,5915004416,0,160846000128,121113075712,0
1791596288.9794028,0.04762295074760914,61606002688,0,67131932672,17886609408,61394685952,61394690560,5948558848,0,160846098432,121113075712,0
1791596289.1776214,0.045759327709674835,61606002688,0,67113058304,17905483776,61394685952,61394690560,5929684480,0,160846159872,121113075712,0
1791596289.377974,0.04603124409914017,61606002688,0,67102572544,17915969536,61394685952,61394690560,5919198720,0,160846168064,121113075712,0
1791596289.5762923,0.04426945932209492,61606002688,0,67140321280,17878220800,61394685952,61394690560,5956947456,0,160846225408,121113075712,0
1791596289.7797673,0.0476621650159359,61606002688,0,67110961152,17907580928,61394685952,61394690560,5927587328,0,160846499840,121113075712,0
1791596289.984958,0.05272598937153816,61606002688,0,67108864000,17909678080,61394685952,61394690560,5925490176,0,160845996032,121113071616,0
1791596290.1805491,0.048235876485705376,61606002688,0,67159195648,17859346432,61394685952,61394690560,5975821824,0,160846065664,121113071616,0
1791596290.3783734,0.045980487018823624,61606002688,0,67129835520,17888706560,61394685952,61394690560,5946461696,0,160846090240,121113071616,0
1791596290.5776703,0.04519477300345898,61606002688,0,67117252608,17901289472,61394685952,61394690560,5933878784,0,160846090240,121113071616,0
1791596290.7772627,0.04470626823604107,61606002688,0,67167584256,17850957824,61394685952,61394690560,5984210432,0,160845955072,121113071616,0
1791596290.9781263,0.04548967257142067,61606002688,0,67169681408,17848860672,61394685952,61394690560,5986307584,0,160845729792,121113071616,0
1791596291.185918,0.053200094029307365,61606002688,0,67142418432,17876123648,61394685952,61394690560,5959044608,0,160845975552,121113071616,0
1791596291.3776686,0.044864596799016,61606002688,0,67142418432,17876123648,61394685952,61394690560,5959044608,0,160846086144,121113071616,0
1791596291.5780907,0.04520319774746895,61606002688,0,67127738368,17890803712,61394685952,61394690560,5944364544,0,160846123008,121113071616,0
1791596291.7786944,0.045724716037511826,61606014976,0,67136126976,17882415104,61394685952,61394690560,5952765440,0,160845996032,121113071616,0
1791596291.9786532,0.04560251906514168,61606014976,0,67138224128,17880317952,61394685952,61394690560,5954862592,0,160845783040,121113071616,0
1791596292.1780014,0.04487093910574913,61606014976,0,67134029824,17884512256,61394685952,61394690560,5950668288,0,160845692928,121113071616,0
1791596292.3797946,0.04659241996705532,61606014976,0,67144515584,17874026496,61394685952,61394690560,5961154048,0,160845578240,121113071616,0
1791596292.5784802,0.045193955302238464,61606014976,0,67152904192,17865637888,61394685952,61394690560,5969542656,0,160845926400,121113071616,0
1791596292.7787743,0.04540585167706013,61606014976,0,67140321280,17878220800,61394685952,61394690560,5956959744,0,160845959168,121113071616,0
1791596292.9795063,0.04605691134929657,61606014976,0,67190652928,17827889152,61394685952,61394690560,6007291392,0,160845942784,121113067520,0
1791596293.1795087,0.04597987048327923,61606014976,0,67071115264,17947426816,61394685952,61394690560,5887753728,0,160845787136,121113067520,0
1791596293.3917272,0.058073192834854126,61606014976,0,67071115264,17947426816,61394685952,61394690560,5887753728,0,160846057472,121113067520,0
1791596293.5817292,0.04795309901237488,61606014976,0,67071115264,17947426816,61394685952,61394690560,5887753728,0,160845930496,121113067520,0
1791596293.7799373,0.046078674495220184,61606014976,0,67071115264,17947426816,61394685952,61394690560,5887753728,0,160846004224,121113067520,0
1791596293.976906,0.04296540096402168,61606014976,0,67071115264,17947426816,61394685952,61394690560,5887753728,0,160845922304,121113067520,0
1791596294.1758313,0.04180952347815037,61606014976,0,67071115264,17947426816,61394685952,61394690560,5887753728,0,160845803520,121113067520,0
1791596294.3804336,0.046329300850629807,61606014976,0,67071115264,17947426816,61394685952,61394690560,5887753728,0,160845504512,121113067520,0
1791596294.5781593,0.043931812047958374,61606014976,0,67071115264,17947426816,61394685952,61394690560,5887753728,0,160845180928,121113067520,0
1791596294.7810342,0.04672634415328503,61605871616,0,67119349760,17899192320,61394685952,61394690560,5935844864,0,160845103104,121113067520,0
1791596294.9854686,0.05103789083659649,61605871616,0,67108864000,17909678080,61394685952,61394690560,5925359104,0,160845099008,121113063424,0
1791596295.18383,0.04929152876138687,61605871616,0,67077406720,17941135360,61394685952,61394690560,5893901824,0,160844972032,121113063424,0
1791596295.3835304,0.048908768221735954,61605871616,0,67125641216,17892900864,61394685952,61394690560,5942136320,0,160844824576,121113063424,0
1791596295.579767,0.045057520270347595,61605871616,0,67100475392,17918066688,61394685952,61394690560,5916970496,0,160844914688,121113063424,0
1791596295.7813907,0.046588847413659096,61605871616,0,67096281088,17922260992,61394685952,61394690560,5912776192,0,160845004800,121113063424,0
1791596295.9843354,0.04944624751806259,61605871616,0,67125641216,17892900864,61394685952,61394690560,5942136320,0,160845103104,121113063424,0
1791596296.182414,0.04744392819702625,61605871616,0,67115155456,17903386624,61394685952,61394690560,5931650560,0,160845426688,121113063424,0
1791596296.3807714,0.04571906477212906,61605871616,0,67092086784,17926455296,61394685952,61394690560,5908581888,0,160845725696,121113063424,0
1791596296.5827956,0.04765547253191471,61605871616,0,67152904192,17865637888,61394685952,61394690560,5969399296,0,160845508608,121113063424,0
1791596296.7818558,0.04663698747754097,61605871616,0,67121446912,17897095168,61394685952,61394690560,5937942016,0,160845615104,121113063424,0
1791596296.9783926,0.04309342987835407,61605871616,0,67100475392,17918066688,61394685952,61394690560,5916970496,0,160845672448,121113063424,0
1791596297.1813123,0.04592984914779663,61605871616,0,67167584256,17850957824,61394685952,61394690560,5984079360,0,160845508608,121113063424,0
1791596297.3850427,0.04956488870084286,61605871616,0,67127738368,17890803712,61394685952,61394690560,5944233472,0,160845332480,121113063424,0
1791596297.5856726,0.05012392811477184,61605871616,0,67106766848,17911775232,61394685952,61394690560,5923261952,0,160845750272,121113059328,0
1791596297.7879038,0.05225070007145405,61605871616,0,67140321280,17878220800,61394685952,61394690560,5956816384,0,160845500416,121113059328,0
1791596297.9831657,0.04742688126862049,61605871616,0,67148709888,17869832192,61394685952,61394690560,5965204992,0,160845258752,121113055232,0
1791596298.1819685,0.04614270105957985,61605871616,0,67140321280,17878220800,61394685952,61394690560,5956816384,0,160844791808,121113055232,0
1791596298.380871,0.044959813356399536,61605871616,0,67127738368,17890803712,61394685952,61394690560,5944233472,0,160844861440,121113055232,0
1791596298.5800061,0.04400697909295559,61605871616,0,67165487104,17853054976,61394685952,61394690560,5981982208,0,160844959744,121113055232,0
1791596298.7827163,0.04663253203034401,61605892096,0,67144515584,17874026496,61394685952,61394690560,5961031168,0,160844816384,121113055232,0
1791596298.9815216,0.04535740986466408,61605924864,0,67136126976,17882415104,61394685952,61394690560,5952675328,0,160844832768,121113055232,0
1791596299.1832702,0.04706066846847534,61605949440,0,67144515584,17874026496,61394685952,61394690560,5961088512,0,160845004800,121113055232,0
1791596299.3801901,0.04390042833983898,61605969920,0,67146612736,17871929344,61394685952,61394690560,5963206144,0,160845078528,121113055232,0
1791596299.5827112,0.04633658938109875,61606006784,0,67142418432,17876123648,61394685952,61394690560,5959048704,0,160844668928,121113055232,0
1791596299.7845378,0.048076337203383446,61606014976,0,67071115264,17947426816,61394685952,61394690560,5887753728,0,160844763136,121113055232,0
1791596299.9886715,0.05211498960852623,61606014976,0,67071115264,17947426816,61394685952,61394690560,5887753728,0,160845029376,121113055232,0
1791596300.1840792,0.047440510243177414,61606014976,0,67071115264,17947426816,61394685952,61394690560,5887753728,0,160845066240,121113055232,0
1791596300.3821907,0.04547037370502949,61606014976,0,67071115264,17947426816,61394685952,61394690560,5887753728,0,160845156352,121113055232,0
1791596300.5829825,0.04618185944855213,61606014976,0,67071115264,17947426816,61394685952,61394690560,5887753728,0,160845090816,121113055232,0
1791596300.7833076,0.04642713442444801,61606014976,0,67071115264,17947426816,61394685952,61394690560,5887753728,0,160844922880,121113055232,0
1791596300.9887345,0.05092819221317768,61606014976,0,67071115264,17947426816,61394685952,61394690560,5887753728,0,160845086720,121113051136,0
1791596301.1855595,0.04766848683357239,61606014976,0,67071115264,17947426816,61394685952,61394690560,5887753728,0,160845148160,121113051136,0
1791596301.385535,0.0475651565939188,61606014976,0,67083698176,17934843904,61394685952,61394690560,5900336640,0,160844832768,121113051136,0
1791596301.584251,0.04619044438004494,61606014976,0,67119349760,17899192320,61394685952,61394690560,5935988224,0,160844926976,121113051136,0
1791596301.788219,0.050075044855475426,61606014976,0,67098378240,17920163840,61394685952,61394690560,5915016704,0,160845025280,121113051136,0
1791596301.984951,0.04672735370695591,61606014976,0,67089989632,17928552448,61394685952,61394690560,5906628096,0,160844849152,121113051136,0
1791596302.1840324,0.04569642432034016,61606014976,0,67127738368,17890803712,61394685952,61394690560,5944376832,0,160844902400,121113051136,0
1791596302.3830466,0.04462834261357784,61606014976,0,67108864000,17909678080,61394685952,61394690560,5925502464,0,160845008896,121113051136,0
1791596302.5834515,0.044950880110263824,61606014976,0,67085795328,17932746752,61394685952,61394690560,5902433792,0,160845451264,121113051136,0
1791596302.8009698,0.06237192824482918,61606014976,0,67106766848,17911775232,61394685952,61394690560,5923405312,0,160845463552,121113051136,0
1791596302.9871664,0.048482926562428474,61606014976,0,67100475392,17918066688,61394685952,61394690560,5917113856,0,160845230080,121113047040,0
1791596303.187208,0.04843924380838871,61606014976,0,67094183936,17924358144,61394685952,61394690560,5910822400,0,160845447168,121113047040,0
1791596303.3869069,0.048052169382572174,61606014976,0,67127738368,17890803712,61394685952,61394690560,5944376832,0,160845529088,121113047040,0
1791596303.586108,0.04717162996530533,61606014976,0,67117252608,17901289472,61394685952,61394690560,5933891072,0,160845611008,121113047040,0
1791596303.784237,0.04521867446601391,61606014976,0,67106766848,17911775232,61394685952,61394690560,5923405312,0,160845492224,121113047040,0
1791596303.9873114,0.048204436898231506,61606014976,0,67134029824,17884512256,61394685952,61394690560,5950668288,0,160845574144,121113047040,0
1791596304.1864817,0.047263769432902336,61606014976,0,67123544064,17894998016,61394685952,61394690560,5940182528,0,160845336576,121113047040,0
1791596304.384146,0.04484996758401394,61606014976,0,67123544064,17894998016,61394685952,61394690560,5940182528,0,160845062144,121113047040,0
1791596304.5843325,0.04495617002248764,61606014976,0,67121446912,17897095168,61394685952,61394690560,5938085376,0,160845152256,121113047040,0
1791596304.7850528,0.04559743031859398,61606014976,0,67150807040,17867735040,61394685952,61394690560,5967445504,0,160845246464,121113047040,0
1791596304.982482,0.04294818826019764,61606014976,0,67134029824,17884512256,61394685952,61394690560,5950668288,0,160845185024,121113047040,0
1791596305.184321,0.04470871947705746,61606014976,0,67127738368,17890803712,61394685952,61394690560,5944376832,0,160845275136,121113047040,0
1791596305.3871012,0.047410519793629646,61606014976,0,67184361472,17834180608,61394685952,61394690560,6000999936,0,160845258752,121113047040,0
1791596305.5905075,0.050699660554528236,61606014976,0,67144515584,17874026496,61394685952,61394690560,5961154048,0,160845766656,121113047040,0
1791596305.7866297,0.04670172370970249,61606014976,0,67136126976,17882415104,61394685952,61394690560,5952765440,0,160845516800,121113047040,0
1791596305.9860518,0.04604741558432579,61606014976,0,67186458624,17832083456,61394685952,61394690560,6003097088,0,160845606912,121113042944,0
1791596306.1867876,0.046702148392796516,61606014976,0,67148709888,17869832192,61394685952,61394690560,5965348352,0,160845684736,121113042944,0
1791596306.3876498,0.047447435557842255,61606014976,0,67161292800,17857249280,61394685952,61394690560,5977931264,0,160845627392,121113042944,0
1791596306.5887902,0.04847013019025326,61606019072,0,67071115264,17947426816,61394685952,61394690560,5887757824,0,160845152256,121113042944,0
1791596306.786724,0.04632392153143883,61606019072,0,67071115264,17947426816,61394685952,61394690560,5887757824,0,160845217792,121113042944,0
1791596306.9857955,0.045315975323319435,61606019072,0,67071115264,17947426816,61394685952,61394690560,5887757824,0,160845062144,121113042944,0
1791596307.182724,0.04216477833688259,61606019072,0,67071115264,17947426816,61394685952,61394690560,5887757824,0,160845156352,121113042944,0
1791596307.385269,0.04462951049208641,61606019072,0,67071115264,17947426816,61394685952,61394690560,5887757824,0,160844922880,121113042944,0
1791596307.5862646,0.045544980093836784,61606019072,0,67071115264,17947426816,61394685952,61394690560,5887757824,0,160845250560,121113042944,0
1791596307.7873266,0.04651866666972637,61606019072,0,67071115264,17947426816,61394685952,61394690560,5887757824,0,160845590528,121113042944,0
1791596307.9901235,0.04922996088862419,61606019072,0,62943920128,22074621952,61394685952,61394690560,1760562688,0,160845680640,121113042944,0
1791596308.1875184,0.04654555581510067,61606019072,0,67098378240,17920163840,61394685952,61394690560,5915020800,0,160846004224,121113042944,0
1791596308.3867984,0.045743947848677635,61606019072,0,67087892480,17930649600,61394685952,61394690560,5904535040,0,160845819904,121113042944,0
1791596308.5854654,0.04432785138487816,61606019072,0,67142418432,17876123648,61394685952,61394690560,5959060992,0,160845918208,121113042944,0
1791596308.7874289,0.04620884545147419,61606019072,0,67102572544,17915969536,61394685952,61394690560,5919215104,0,160845590528,121113042944,0
1791596308.9834273,0.04212870076298714,61606019072,0,67081601024,17936941056,61394685952,61394690560,5898243584,0,160845385728,121113038848,0
1791596309.1860516,0.04466874338686466,61606019072,0,67142418432,17876123648,61394685952,61394690560,5959060992,0,160845451264,121113038848,0
1791596309.3865447,0.04507931508123875,61606019072,0,67113058304,17905483776,61394685952,61394690560,5929700864,0,160845488128,121113038848,0
1791596309.5828834,0.041337812319397926,61606019072,0,67089989632,17928552448,61394685952,61394690560,5906632192,0,160845582336,121113038848,0
1791596309.7857068,0.0440793801099062,61606019072,0,67138224128,17880317952,61394685952,61394690560,5954866688,0,160845549568,121113038848,0
1791596309.985249,0.04353861138224602,61606019072,0,67117252608,17901289472,61394685952,61394690560,5933895168,0,160845619200,121113038848,0
1791596310.1850898,0.04329896159470081,61606019072,0,67096281088,17922260992,61394685952,61394690560,5912923648,0,160845340672,121113038848,0
1791596310.387063,0.04519042745232582,61606019072,0,67125641216,17892900864,61394685952,61394690560,5942283776,0,160845266944,121113038848,0
1791596310.5846958,0.042741114273667336,61606019072,0,67119349760,17899192320,61394685952,61394690560,5935992320,0,160845258752,121113038848,0
1791596310.7865887,0.04455237835645676,61606019072,0,67115155456,17903386624,61394685952,61394690560,5931798016,0,160845123584,121113038848,0
1791596310.9859707,0.043852806091308594,61606019072,0,67152904192,17865637888,61394685952,61394690560,5969546752,0,160845217792,121113034752,0
1791596311.1877806,0.04557588882744312,61606019072,0,67127738368,17890803712,61394685952,61394690560,5944380928,0,160845254656,121113034752,0
1791596311.3842678,0.04197421856224537,61606019072,0,67110961152,17907580928,61394685952,61394690560,5927603712,0,160845598720,121113034752,0
1791596311.5841637,0.04178675450384617,61606019072,0,67171778560,17846763520,61394685952,61394690560,5988421120,0,160845103104,121113034752,0
1791596311.7840462,0.041586389765143394,61606019072,0,67127738368,17890803712,61394685952,61394690560,5944380928,0,160845463552,121113034752,0
1791596311.9846106,0.04206780344247818,61606023168,0,67119349760,17899192320,61394685952,61394690560,5935996416,0,160849207296,121113034752,0
1791596312.1850517,0.04241097904741764,61606023168,0,67180167168,17838374912,61394685952,61394690560,5996813824,0,160845148160,121113161728,0
1791596312.388883,0.04615912027657032,61606023168,0,67146612736,17871929344,61394685952,61394690560,5963259392,0,160845180928,121113161728,0
1791596312.5901635,0.047358907759189606,61606023168,0,67125641216,17892900864,61394685952,61394690560,5942287872,0,160845844480,121113161728,0
1791596312.7898417,0.04695052094757557,61606023168,0,67186458624,17832083456,61394685952,61394690560,6003105280,0,160845836288,121113161728,0
1791596312.990419,0.047460900619626045,61606023168,0,67142418432,17876123648,61394685952,61394690560,5959065088,0,160845930496,121113161728,0
1791596313.18757,0.04452784173190594,61606023168,0,67238887424,17779654656,61394685952,61394690560,6055534080,0,160845979648,121113161728,0
1791596313.3867898,0.04366505518555641,61606023168,0,67071115264,17947426816,61394685952,61394690560,5887761920,0,160845758464,121113161728,0
1791596313.5876577,0.04445154778659344,61606023168,0,67071115264,17947426816,61394685952,61394690560,5887761920,0,160845733888,121113034752,0
1791596313.786915,0.04362673684954643,61606023168,0,67071115264,17947426816,61394685952,61394690560,5887761920,0,160845819904,121113034752,0
1791596313.9895134,0.046147989109158516,61606023168,0,67071115264,17947426816,61394685952,61394690560,5887761920,0,160845742080,121113030656,0
1791596314.193168,0.049716731533408165,61606023168,0,67071115264,17947426816,61394685952,61394690560,5887761920,0,160845688832,121113030656,0
1791596314.3920624,0.04853007197380066,61606023168,0,67071115264,17947426816,61394685952,61394690560,5887761920,0,160845709312,121113030656,0
1791596314.5911052,0.04748918488621712,61606023168,0,67071115264,17947426816,61394685952,61394690560,5887761920,0,160845553664,121113030656,0
1791596314.7935836,0.04988774098455906,61605957632,0,67129835520,17888706560,61394685952,61394690560,5946416640,0,160845021184,121113030656,0
1791596314.992144,0.048356302082538605,61605957632,0,67087892480,17930649600,61394685952,61394690560,5904473600,0,160845053952,121113030656,0
1791596315.1911142,0.04723421297967434,61605957632,0,67075309568,17943232512,61394685952,61394690560,5891890688,0,160845156352,121113030656,0
1791596315.3928492,0.048883240669965744,61605957632,0,67123544064,17894998016,61394685952,61394690560,5940125184,0,160845459456,121113030656,0
1791596315.592424,0.04834963567554951,61605957632,0,67104669696,17913872384,61394685952,61394690560,5921250816,0,160845189120,121113030656,0
1791596315.792362,0.04819212481379509,61605957632,0,67081601024,17936941056,61394685952,61394690560,5898182144,0,160845254656,121113030656,0
1791596315.997402,0.05314396508038044,61605957632,0,67117252608,17901289472,61394685952,61394690560,5933833728,0,160845348864,121113030656,0
1791596316.1938381,0.04948940873146057,61605961728,0,67106766848,17911775232,61394685952,61394690560,5923352064,0,160845664256,121113030656,0
1791596316.3908048,0.0463614035397768,61605961728,0,67115155456,17903386624,61394685952,61394690560,5931740672,0,160845619200,121113030656,0
1791596316.5911884,0.046650029718875885,61605961728,0,67106766848,17911775232,61394685952,61394690560,5923352064,0,160845615104,121113030656,0
1791596316.7914484,0.046816641464829445,61605961728,0,67140321280,17878220800,61394685952,61394690560,5956906496,0,160845701120,121113030656,0
1791596316.9924052,0.0476771742105484,61605961728,0,67123544064,17894998016,61394685952,61394690560,5940129280,0,160845479936,121113026560,0
1791596317.191473,0.046650439500808716,61605974016,0,67110961152,17907580928,61394685952,61394690560,5927558656,0,160845733888,121113026560,0
1791596317.390979,0.04606296122074127,61605974016,0,67140321280,17878220800,61394685952,61394690560,5956918784,0,160846065664,121113026560,0
1791596317.5922267,0.04721723683178425,61605974016,0,67106766848,17911775232,61394685952,61394690560,5923364352,0,160845807616,121113026560,0
1791596317.793102,0.04800156131386757,61605974016,0,67106766848,17911775232,61394685952,61394690560,5923364352,0,160845557760,121113026560,0
1791596317.9956963,0.05046748369932175,61605974016,0,67113058304,17905483776,61394685952,61394690560,5929655808,0,160845361152,121113026560,0
1791596318.1938894,0.048562658950686455,61605974016,0,67129835520,17888706560,61394685952,61394690560,5946433024,0,160845402112,121113026560,0
1791596318.392716,0.04729538783431053,61605974016,0,67131932672,17886609408,61394685952,61394690560,5948530176,0,160845434880,121113026560,0
1791596318.5915422,0.04602631367743015,61605974016,0,67121446912,17897095168,61394685952,61394690560,5938044416,0,160845373440,121113026560,0
1791596318.793821,0.048214154317975044,61605974016,0,67138224128,17880317952,61394685952,61394690560,5954821632,0,160845475840,121113026560,0
1791596318.9938545,0.048157285898923874,61605974016,0,67136126976,17882415104,61394685952,61394690560,5952724480,0,160845529088,121113022464,0
1791596319.193959,0.04816870763897896,61605974016,0,67134029824,17884512256,61394685952,61394690560,5950627328,0,160845287424,121113022464,0
1791596319.3952863,0.04941079951822758,61605974016,0,67144515584,17874026496,61394685952,61394690560,5961113088,0,160845090816,121113022464,0
1791596319.6028025,0.05684199742972851,61605998592,0,67142418432,17876123648,61394685952,61394690560,5959040512,0,160845447168,121113022464,0
1791596319.7941353,0.04808313958346844,61606027264,0,67131932672,17886609408,61394685952,61394690560,5948583424,0,160845725696,121113022464,0
1791596319.9936566,0.047516413033008575,61606043648,0,67071115264,17947426816,61394685952,61394690560,5887782400,0,160845869056,121113022464,0
1791596320.1942742,0.04804068058729172,61606043648,0,67071115264,17947426816,61394685952,61394690560,5887782400,0,160845676544,121113022464,0
1791596320.396205,0.049887511879205704,61606043648,0,67071115264,17947426816,61394685952,61394690560,5887782400,0,160845795328,121113022464,0
1791596320.5941696,0.04775850847363472,61606043648,0,67071115264,17947426816,61394685952,61394690560,5887782400,0,160845893632,121113022464,0
1791596320.7943099,0.04780595749616623,61606043648,0,67071115264,17947426816,61394685952,61394690560,5887782400,0,160845905920,121113022464,0
1791596320.9930906,0.04650086164474487,61606043648,0,67071115264,17947426816,61394685952,61394690560,5887782400,0,160845733888,121113022464,0
1791596321.1949584,0.0482883732765913,61606043648,0,67071115264,17947426816,61394685952,61394690560,5887782400,0,160845651968,121113022464,0
1791596321.3919814,0.04522855207324028,61606043648,0,67071115264,17947426816,61394685952,61394690560,5887782400,0,160845930496,121113022464,0
1791596321.5900536,0.04321792721748352,61606043648,0,67075309568,17943232512,61394685952,61394690560,5891976704,0,160845987840,121113022464,0
1791596321.7924104,0.04549028165638447,61606043648,0,67077406720,17941135360,61394685952,61394690560,5894073856,0,160845807616,121113022464,0
1791596321.9928663,0.04586358554661274,61606043648,0,67094183936,17924358144,61394685952,61394690560,5910851072,0,160845402112,121113018368,0
1791596322.1897411,0.04265434108674526,61606043648,0,67081601024,17936941056,61394685952,61394690560,5898268160,0,160845312000,121113018368,0
1791596322.39249,0.045319221913814545,61606043648,0,67140321280,17878220800,61394685952,61394690560,5956988416,0,160845271040,121113018368,0
1791596322.5952466,0.04799397848546505,61606043648,0,67096281088,17922260992,61394685952,61394690560,5912948224,0,160845668352,121113014272,0
1791596322.7972872,0.049946485087275505,61606043648,0,67085795328,17932746752,61394685952,61394690560,5902462464,0,160845811712,121113014272,0
1791596322.9938493,0.04642374813556671,61606043648,0,67092086784,17926455296,61394685952,61394690560,5908753920,0,160845905920,121113014272,0
1791596323.1927202,0.04520895890891552,61606043648,0,67108864000,17909678080,61394685952,61394690560,5925531136,0,160845864960,121113014272,0
1791596323.4030323,0.05543213337659836,61606043648,0,67096281088,17922260992,61394685952,61394690560,5912948224,0,160845803520,121113014272,0
1791596323.5965936,0.04890315979719162,61606043648,0,67108864000,17909678080,61394685952,61394690560,5925531136,0,160845488128,121113014272,0
1791596323.7953875,0.04761390760540962,61606043648,0,67108864000,17909678080,61394685952,61394690560,5925531136,0,160845352960,121113014272,0
1791596324.0295103,0.08164927549660206,61606043648,0,67110961152,17907580928,61394685952,61394690560,5927628288,0,160845238272,121113014272,0
1791596324.1973412,0.049395110458135605,61606043648,0,67127738368,17890803712,61394685952,61394690560,5944405504,0,160845115392,121113014272,0
1791596324.3953302,0.04730789735913277,61606043648,0,67110961152,17907580928,61394685952,61394690560,5927628288,0,160845438976,121113014272,0
1791596324.5910866,0.04293614439666271,61606043648,0,67104669696,17913872384,61394685952,61394690560,5921336832,0,160845492224,121113014272,0
1791596324.7903788,0.042143382132053375,61606043648,0,67138224128,17880317952,61394685952,61394690560,5954891264,0,160845586432,121113014272,0
1791596324.9919653,0.043643536046147346,61606043648,0,67121446912,17897095168,61394685952,61394690560,5938114048,0,160845393920,121113010176,0
1791596325.1891177,0.04071117751300335,61606043648,0,67115155456,17903386624,61394685952,61394690560,5931822592,0,160845488128,121113010176,0
1791596325.3946593,0.04617072269320488,61606043648,0,67146612736,17871929344,61394685952,61394690560,5963279872,0,160845385728,121113010176,0
1791596325.5951421,0.046531232073903084,61606043648,0,67127738368,17890803712,61394685952,61394690560,5944405504,0,160845344768,121113010176,0
1791596325.8029997,0.05425146780908108,61606043648,0,67119349760,17899192320,61394685952,61394690560,5936016896,0,160845185024,121113010176,0
1791596325.9947479,0.04591631889343262,61606043648,0,67152904192,17865637888,61394685952,61394690560,5969571328,0,160844914688,121113010176,0
1791596326.1970963,0.04818262346088886,61606043648,0,67134029824,17884512256,61394685952,61394690560,5950696960,0,160844996608,121113010176,0
1791596326.39802,0.04899155721068382,61606043648,0,67127738368,17890803712,61394685952,61394690560,5944405504,0,160845000704,121113010176,0
1791596326.5957587,0.046651750802993774,61606043648,0,67161292800,17857249280,61394685952,61394690560,5977959936,0,160844906496,121113010176,0
1791596326.796415,0.04718996398150921,61606043648,0,67144515584,17874026496,61394685952,61394690560,5961182720,0,160845127680,121113010176,0
1791596326.995939,0.04663458466529846,61606043648,0,67071115264,17947426816,61394685952,61394690560,5887782400,0,160844939264,121113006080,0
1791596327.1909986,0.0416154470294714,61606043648,0,67071115264,17947426816,61394685952,61394690560,5887782400,0,160845197312,121113006080,0
1791596327.393384,0.04391953907907009,61606043648,0,67071115264,17947426816,61394685952,61394690560,5887782400,0,160845758464,121113006080,0
1791596327.596166,0.04661334492266178,61606043648,0,67071115264,17947426816,61394685952,61394690560,5887782400,0,160845889536,121113006080,0
1791596327.795447,0.04577934183180332,61606043648,0,67071115264,17947426816,61394685952,61394690560,5887782400,0,160845852672,121113006080,0
1791596327.9982874,0.04853181727230549,61606043648,0,67071115264,17947426816,61394685952,61394690560,5887782400,0,160845455360,121113006080,0
1791596328.1946871,0.044854793697595596,61606043648,0,67071115264,17947426816,61394685952,61394690560,5887782400,0,160845484032,121113006080,0
1791596328.3973217,0.047410666942596436,61606043648,0,67071115264,17947426816,61394685952,61394690560,5887782400,0,160845692928,121113006080,0
1791596328.5975902,0.04755040630698204,61606043648,0,67089989632,17928552448,61394685952,61394690560,5906656768,0,160845545472,121113006080,0
1791596328.7952676,0.04515022970736027,61606043648,0,67077406720,17941135360,61394685952,61394690560,5894073856,0,160845598720,121113006080,0
1791596328.9967146,0.04651457257568836,61606043648,0,67089989632,17928552448,61394685952,61394690560,5906656768,0,160845918208,121113006080,0
1791596329.2047873,0.05445091053843498,61606043648,0,67087892480,17930649600,61394685952,61394690560,5904559616,0,160845434880,121113006080,0
1791596329.3962588,0.045803844928741455,61606043648,0,67087892480,17930649600,61394685952,61394690560,5904559616,0,160845680640,121113006080,0
1791596329.6003168,0.049783676862716675,61606043648,0,67115155456,17903386624,61394685952,61394690560,5931822592,0,160845504512,121113006080,0
1791596329.805892,0.05523131601512432,61606043648,0,67098378240,17920163840,61394685952,61394690560,5915045376,0,160845590528,121113006080,0
1791596330.0107234,0.05994533374905586,61606043648,0,67104669696,17913872384,61394685952,61394690560,5921336832,0,160845418496,121113001984,0
1791596330.1974194,0.046564752236008644,61606043648,0,67092086784,17926455296,61394685952,61394690560,5908753920,0,160845484032,121113001984,0
1791596330.4026487,0.05164615623652935,61606043648,0,67131932672,17886609408,61394685952,61394690560,5948599808,0,160845570048,121113001984,0
1791596330.5842328,0.03316814638674259,61606043648,0,67115155456,17903386624,61394685952,61394690560,5931822592,0,160845545472,121113001984,0
1791596330.7974465,0.046306729316711426,61606043648,0,67098378240,17920163840,61394685952,61394690560,5915045376,0,160845447168,121113001984,0
1791596331.0074503,0.05618004687130451,61606043648,0,67165487104,17853054976,61394685952,61394690560,5982154240,0,160845488128,121113001984,0
1791596331.209718,0.05833214335143566,61606043648,0,67125641216,17892900864,61394685952,61394690560,5942308352,0,160845422592,121113001984,0
1791596331.4038055,0.052297623828053474,61606043648,0,67106766848,17911775232,61394685952,61394690560,5923433984,0,160845041664,121113001984,0
1791596331.606297,0.05466874875128269,61606043648,0,67113058304,17905483776,61394685952,61394690560,5929725440,0,160845131776,121113001984,0
1791596331.8032167,0.0514625646173954,61606043648,0,67129835520,17888706560,61394685952,61394690560,5946502656,0,160845479936,121113001984,0
1791596332.003028,0.051159532740712166,61606043648,0,67140321280,17878220800,61394685952,61394690560,5956988416,0,160845348864,121113001984,0
1791596332.1980984,0.04616587609052658,61606043648,0,67115155456,17903386624,61394685952,61394690560,5931822592,0,160845426688,121113001984,0
1791596332.3973699,0.045340392738580704,61606043648,0,67182264320,17836277760,61394685952,61394690560,5998931456,0,160845631488,121113001984,0
1791596332.5974817,0.0453560259193182,61606043648,0,67127738368,17890803712,61394685952,61394690560,5944405504,0,160845983744,121113001984,0
1791596332.7999966,0.047783756628632545,61606043648,0,67123544064,17894998016,61394685952,61394690560,5940211200,0,160845774848,121113001984,0
1791596332.9967775,0.04448660835623741,61606043648,0,67184361472,17834180608,61394685952,61394690560,6001028608,0,160845787136,121112997888,0
1791596333.2006946,0.04833068698644638,61606043648,0,67138224128,17880317952,61394685952,61394690560,5954891264,0,160846073856,121112997888,0
1791596333.3993566,0.04691052995622158,61606043648,0,67129835520,17888706560,61394685952,61394690560,5946502656,0,160845742080,121112997888,0
1791596333.5966048,0.044080089777708054,61606043648,0,67190652928,17827889152,61394685952,61394690560,6007320064,0,160845832192,121112997888,0
1791596333.7883148,0.03572241775691509,61606043648,0,67071115264,17947426816,61394685952,61394690560,5887782400,0,160845582336,121112997888,0
1791596333.9884024,0.03574318625032902,61606043648,0,67071115264,17947426816,61394685952,61394690560,5887782400,0,160845402112,121112997888,0
1791596334.1917942,0.039064327254891396,61606043648,0,67071115264,17947426816,61394685952,61394690560,5887782400,0,160845099008,121112997888,0
1791596334.3984525,0.04564090073108673,61606043648,0,67071115264,17947426816,61394685952,61394690560,5887782400,0,160845361152,121112997888,0
1791596334.5967774,0.04388456791639328,61606043648,0,67071115264,17947426816,61394685952,61394690560,5887782400,0,160845434880,121112997888,0
1791596334.7970188,0.04404759034514427,61606043648,0,67071115264,17947426816,61394685952,61394690560,5887782400,0,160845307904,121112997888,0
1791596334.990039,0.03699987195432186,61606043648,0,67071115264,17947426816,61394685952,61394690560,5887782400,0,160845402112,121112993792,0
1791596335.198894,0.04577828384935856,61606043648,0,67071115264,17947426816,61394685952,61394690560,5887782400,0,160845488128,121112993792,0
1791596335.3972564,0.044061288237571716,61606043648,0,67085795328,17932746752,61394685952,61394690560,5902462464,0,160845516800,121112993792,0
1791596335.6026616,0.04938209988176823,61606043648,0,67094183936,17924358144,61394685952,61394690560,5910851072,0,160845611008,121112993792,0
1791596335.8028586,0.04949342459440231,61606043648,0,67094183936,17924358144,61394685952,61394690560,5910851072,0,160845606912,121112993792,0
1791596336.0014184,0.04796416126191616,61606043648,0,67092086784,17926455296,61394685952,61394690560,5908753920,0,160845545472,121112993792,0
1791596336.2021532,0.048613375052809715,61606043648,0,67140321280,17878220800,61394685952,61394690560,5956988416,0,160845565952,121112993792,0
1791596336.399486,0.04586726427078247,61606043648,0,67108864000,17909678080,61394685952,61394690560,5925531136,0,160845647872,121112993792,0
1791596336.5986001,0.04490305669605732,61606043648,0,67087892480,17930649600,61394685952,61394690560,5904559616,0,160845742080,121112993792,0
1791596336.7981482,0.044372279196977615,61606043648,0,67148709888,17869832192,61394685952,61394690560,5965377024,0,160845660160,121112993792,0
1791596336.9974093,0.04355336166918278,61606043648,0,67110961152,17907580928,61394685952,61394690560,5927628288,0,160845672448,121112993792,0
1791596337.1984913,0.044556573033332825,61606043648,0,67094183936,17924358144,61394685952,61394690560,5910851072,0,160845615104,121112993792,0
1791596337.3929904,0.03898843750357628,61606043648,0,67155001344,17863540736,61394685952,61394690560,5971668480,0,160845574144,121112993792,0
1791596337.6017625,0.04766700603067875,61606043648,0,67123544064,17894998016,61394685952,61394690560,5940211200,0,160845983744,121112993792,0
1791596337.790245,0.036029914394021034,61606043648,0,67104669696,17913872384,61394685952,61394690560,5921336832,0,160846061568,121112993792,0
1791596337.9992929,0.04499415121972561,61606043648,0,67163389952,17855152128,61394685952,61394690560,5980057088,0,160846045184,121112989696,0
1791596338.2022088,0.04779592901468277,61606043648,0,67138224128,17880317952,61394685952,61394690560,5954891264,0,160846049280,121112989696,0
1791596338.401836,0.047345034778118134,61606043648,0,67108864000,17909678080,61394685952,61394690560,5925531136,0,160845479936,121112989696,0
1791596338.6017158,0.04714576713740826,61606043648,0,67169681408,17848860672,61394685952,61394690560,5986348544,0,160845496320,121112989696,0
1791596338.8007276,0.04607240669429302,61606043648,0,67123544064,17894998016,61394685952,61394690560,5940211200,0,160845602816,121112989696,0
1791596338.9999182,0.04518439434468746,61606043648,0,67115155456,17903386624,61394685952,61394690560,5931822592,0,160845619200,121112989696,0
1791596339.2002902,0.045476144179701805,61606043648,0,67150807040,17867735040,61394685952,61394690560,5967474176,0,160845606912,121112989696,0
1791596339.4010084,0.04610062018036842,61606043648,0,67140321280,17878220800,61394685952,61394690560,5956988416,0,160846479360,121112989696,0
1791596339.601756,0.04675809666514397,61606043648,0,67123544064,17894998016,61394685952,61394690560,5940211200,0,160846069760,121113096192,0
1791596339.8076913,0.05260798893868923,61606043648,0,67184361472,17834180608,61394685952,61394690560,6001028608,0,160846151680,121113096192,0
1791596340.0056374,0.0504017248749733,61606043648,0,67146612736,17871929344,61394685952,61394690560,5963279872,0,160845930496,121113096192,0
1791596340.2038453,0.04852578788995743,61606043648,0,67134029824,17884512256,61394685952,61394690560,5950696960,0,160845729792,121113096192,0
1791596340.4039783,0.04858011566102505,61606047744,0,67134029824,17884512256,61394685952,61394690560,5950701056,0,160845901824,121113096192,0
1791596340.6044781,0.04898261837661266,61606047744,0,67071115264,17947426816,61394685952,61394690560,5887786496,0,160845787136,121113096192,0
1791596340.8026729,0.04709078557789326,61606047744,0,67071115264,17947426816,61394685952,61394690560,5887786496,0,160845688832,121113096192,0
1791596340.989213,0.03356560692191124,61606047744,0,67071115264,17947426816,61394685952,61394690560,5887786496,0,160845963264,121113092096,0
1791596341.1911101,0.03539894334971905,61606047744,0,67071115264,17947426816,61394685952,61394690560,5887786496,0,160846045184,121113092096,0
1791596341.4037673,0.04797126725316048,61606047744,0,67071115264,17947426816,61394685952,61394690560,5887786496,0,160846028800,121113092096,0
1791596341.603211,0.047327833250164986,61606047744,0,67071115264,17947426816,61394685952,61394690560,5887786496,0,160845578240,121113092096,0
1791596341.800053,0.04408413730561733,61606047744,0,67071115264,17947426816,61394685952,61394690560,5887786496,0,160845672448,121113092096,0
1791596342.0030138,0.04695109464228153,61606047744,0,67096281088,17922260992,61394685952,61394690560,5912952320,0,160845373440,121113092096,0
1791596342.2019272,0.0457773320376873,61606047744,0,67085795328,17932746752,61394685952,61394690560,5902466560,0,160845287424,121112985600,0
1791596342.3923266,0.03611021675169468,61606047744,0,67106766848,17911775232,61394685952,61394690560,5923438080,0,160845713408,121112985600,0
1791596342.6040533,0.04774165339767933,61606047744,0,67100475392,17918066688,61394685952,61394690560,5917146624,0,160846213120,121112985600,0
1791596342.790923,0.03454708680510521,61606047744,0,67081601024,17936941056,61394685952,61394690560,5898272256,0,160846082048,121112985600,0
1791596342.990056,0.033615946769714355,61606047744,0,67115155456,17903386624,61394685952,61394690560,5931826688,0,160845946880,121112981504,0
1791596343.1898196,0.03331455588340759,61606047744,0,67104669696,17913872384,61394685952,61394690560,5921340928,0,160845963264,121112981504,0
1791596343.3902955,0.03372563607990742,61606047744,0,67094183936,17924358144,61394685952,61394690560,5910855168,0,160845893632,121112981504,0
1791596343.5860503,0.02941729500889778,61606047744,0,67089989632,17928552448,61394685952,61394690560,5906660864,0,160845975552,121112981504,0
1791596343.7881687,0.031470512971282005,61606047744,0,67119349760,17899192320,61394685952,61394690560,5936020992,0,160845901824,121112981504,0
1791596343.9892995,0.032530324533581734,61606047744,0,67113058304,17905483776,61394685952,61394690560,5929729536,0,160845811712,121112981504,0
1791596344.1907835,0.033950330689549446,61606047744,0,67110961152,17907580928,61394685952,61394690560,5927632384,0,160845737984,121112981504,0
1791596344.3908343,0.033934054896235466,61606047744,0,67146612736,17871929344,61394685952,61394690560,5963283968,0,160845828096,121112981504,0
1791596344.6015496,0.044571055099368095,61606047744,0,67119349760,17899192320,61394685952,61394690560,5936020992,0,160845832192,121112981504,0
1791596344.8039687,0.0469090323895216,61606047744,0,67117252608,17901289472,61394685952,61394690560,5933923840,0,160845774848,121112981504,0
1791596345.0019486,0.04480712115764618,61606047744,0,67152904192,17865637888,61394685952,61394690560,5969575424,0,160845623296,121112981504,0
1791596345.2037323,0.04651027172803879,61606047744,0,67121446912,17897095168,61394685952,61394690560,5938118144,0,160845709312,121112981504,0
1791596345.4090817,0.05177239514887333,61606047744,0,67125641216,17892900864,61394685952,61394690560,5942312448,0,160845942784,121112981504,0
1791596345.6088367,0.05142814479768276,61606047744,0,67142418432,17876123648,61394685952,61394690560,5959089664,0,160845783040,121112981504,0
1791596345.8036733,0.04617680795490742,61606047744,0,67136126976,17882415104,61394685952,61394690560,5952798208,0,160845881344,121112981504,0
1791596346.0082555,0.05067235976457596,61606047744,0,67119349760,17899192320,61394685952,61394690560,5936020992,0,160845832192,121112977408,0
1791596346.206746,0.04907846078276634,61606047744,0,67167584256,17850957824,61394685952,61394690560,5984255488,0,160845918208,121112977408,0
1791596346.4038525,0.04610857553780079,61606047744,0,67148709888,17869832192,61394685952,61394690560,5965381120,0,160845926400,121112977408,0
1791596346.6000812,0.04225798882544041,61606047744,0,67125641216,17892900864,61394685952,61394690560,5942312448,0,160845901824,121112977408,0
1791596346.8048573,0.0469549186527729,61606047744,0,67188555776,17829986304,61394685952,61394690560,6005227008,0,160845754368,121112977408,0
1791596347.0058105,0.04782373644411564,61606047744,0,67140321280,17878220800,61394685952,61394690560,5956992512,0,160846041088,121112977408,0
1791596347.2074287,0.04935329221189022,61606047744,0,67071115264,17947426816,61394685952,61394690560,5887786496,0,160846028800,121112977408,0
1791596347.4043663,0.04620653763413429,61606047744,0,67071115264,17947426816,61394685952,61394690560,5887786496,0,160846106624,121112977408,0
1791596347.6027558,0.04451099410653114,61606047744,0,67071115264,17947426816,61394685952,61394690560,5887786496,0,160846422016,121112911872,0
1791596347.8031518,0.04481792263686657,61606047744,0,67071115264,17947426816,61394685952,61394690560,5887786496,0,160845455360,121112911872,0
1791596348.0038867,0.04546600766479969,61606047744,0,67071115264,17947426816,61394685952,61394690560,5887786496,0,160845799424,121112911872,0
1791596348.207755,0.049252958968281746,61606047744,0,67071115264,17947426816,61394685952,61394690560,5887786496,0,160845623296,121112911872,0
1791596348.4060571,0.04746604338288307,61606047744,0,67071115264,17947426816,61394685952,61394690560,5887786496,0,160845897728,121112911872,0
1791596348.6035264,0.04485130496323109,61606047744,0,67071115264,17947426816,61394685952,61394690560,5887786496,0,160845701120,121112911872,0
1791596348.801973,0.043213050812482834,61606047744,0,67089989632,17928552448,61394685952,61394690560,5906660864,0,160845578240,121112911872,0
1791596349.0058022,0.04695244878530502,61606047744,0,67073212416,17945329664,61394685952,61394690560,5889883648,0,160845582336,121112907776,0
1791596349.2063334,0.04740004427731037,61606047744,0,67108864000,17909678080,61394685952,61394690560,5925535232,0,160845508608,121112907776,0
1791596349.4065986,0.04757203720510006,61606047744,0,67089989632,17928552448,61394685952,61394690560,5906660864,0,160845565952,121112907776,0
1791596349.6067555,0.04764987900853157,61606047744,0,67081601024,17936941056,61394685952,61394690560,5898272256,0,160845451264,121112907776,0
1791596349.8078144,0.04859275184571743,61606047744,0,67115155456,17903386624,61394685952,61394690560,5931826688,0,160845557760,121112907776,0
1791596350.008865,0.04955841787159443,61606047744,0,67104669696,17913872384,61394685952,61394690560,5921340928,0,160845230080,121112907776,0
1791596350.2160482,0.05665695667266846,61606047744,0,67110961152,17907580928,61394685952,61394690560,5927632384,0,160845324288,121112907776,0
1791596350.407813,0.04834090732038021,61606047744,0,67092086784,17926455296,61394685952,61394690560,5908758016,0,160845389824,121112907776,0
1791596350.6039991,0.044445475563406944,61606047744,0,67140321280,17878220800,61394685952,61394690560,5956992512,0,160845713408,121112907776,0
1791596350.8062518,0.046634504571557045,61606047744,0,67104669696,17913872384,61394685952,61394690560,5921340928,0,160845770752,121112907776,0
1791596351.0062895,0.04658743180334568,61606047744,0,67098378240,17920163840,61394685952,61394690560,5915049472,0,160846032896,121112903680,0
1791596351.2026641,0.04288064129650593,61606047744,0,67131932672,17886609408,61394685952,61394690560,5948603904,0,160845647872,121112903680,0
1791596351.401023,0.04115983098745346,61606047744,0,67115155456,17903386624,61394685952,61394690560,5931826688,0,160845611008,121112903680,0
1791596351.591606,0.03167799301445484,61606047744,0,67119349760,17899192320,61394685952,61394690560,5936020992,0,160845926400,121112903680,0
1791596351.7934904,0.033497488126158714,61606047744,0,67121446912,17897095168,61394685952,61394690560,5938118144,0,160845987840,121112903680,0
1791596352.0101953,0.05011454038321972,61606047744,0,67121446912,17897095168,61394685952,61394690560,5938118144,0,160846028800,121112903680,0
1791596352.2079887,0.047817643731832504,61606047744,0,67113058304,17905483776,61394685952,61394690560,5929729536,0,160846057472,121112903680,0
1791596352.3945105,0.034274160861968994,61606047744,0,67127738368,17890803712,61394685952,61394690560,5944409600,0,160845873152,121112903680,0
1791596352.6029682,0.04265120066702366,61606047744,0,67136126976,17882415104,61394685952,61394690560,5952798208,0,160846315520,121112903680,0
1791596352.8044891,0.04408339597284794,61606047744,0,67136126976,17882415104,61394685952,61394690560,5952798208,0,160846356480,121112903680,0
1791596353.006019,0.045529987663030624,61606047744,0,67134029824,17884512256,61394685952,61394690560,5950701056,0,160845893632,121112903680,0
1791596353.205596,0.045028531923890114,61606047744,0,67144515584,17874026496,61394685952,61394690560,5961186816,0,160845676544,121112903680,0
1791596353.4042983,0.04365172050893307,61606047744,0,67152904192,17865637888,61394685952,61394690560,5969575424,0,160845766656,121112903680,0
1791596353.6033547,0.04262814484536648,61606047744,0,67129835520,17888706560,61394685952,61394690560,5946506752,0,160845455360,121112903680,0
1791596353.807124,0.046312374994158745,61606047744,0,67190652928,17827889152,61394685952,61394690560,6007324160,0,160845447168,121112903680,0
1791596354.0066204,0.04573182761669159,61606047744,0,67071115264,17947426816,61394685952,61394690560,5887786496,0,160845549568,121112899584,0
1791596354.205444,0.044477444142103195,61606047744,0,67071115264,17947426816,61394685952,61394690560,5887786496,0,160845639680,121112899584,0
1791596354.4067886,0.04574381746351719,61606047744,0,67071115264,17947426816,61394685952,61394690560,5887786496,0,160845582336,121112899584,0
1791596354.6098402,0.048692356795072556,61606047744,0,67071115264,17947426816,61394685952,61394690560,5887786496,0,160845881344,121112899584,0
1791596354.809382,0.04815232194960117,61606047744,0,67071115264,17947426816,61394685952,61394690560,5887786496,0,160845963264,121112899584,0
1791596355.0079198,0.046577420085668564,61606047744,0,67071115264,17947426816,61394685952,61394690560,5887786496,0,160846319616,121112899584,0
1791596355.204527,0.04310115985572338,61606047744,0,67071115264,17947426816,61394685952,61394690560,5887786496,0,160846147584,121112899584,0
1791596355.4040115,0.04250471293926239,61606047744,0,67075309568,17943232512,61394685952,61394690560,5891980800,0,160846221312,121112899584,0
1791596355.6037967,0.042210908606648445,61606047744,0,67104669696,17913872384,61394685952,61394690560,5921340928,0,160845672448,121112899584,0
1791596355.803356,0.04168708063662052,61606047744,0,67087892480,17930649600,61394685952,61394690560,5904563712,0,160845746176,121112899584,0
1791596356.0058362,0.04408789426088333,61606047744,0,67077406720,17941135360,61394685952,61394690560,5894077952,0,160845832192,121112899584,0
1791596356.2122235,0.05038921348750591,61606047744,0,67144515584,17874026496,61394685952,61394690560,5961186816,0,160845729792,121112899584,0
1791596356.409797,0.04788282699882984,61606047744,0,67092086784,17926455296,61394685952,61394690560,5908758016,0,160845717504,121112899584,0
1791596356.610414,0.04841415397822857,61606047744,0,67083698176,17934843904,61394685952,61394690560,5900369408,0,160846032896,121112899584,0
1791596356.8124337,0.05033089406788349,61606047744,0,67146612736,17871929344,61394685952,61394690560,5963283968,0,160845787136,121112899584,0
1791596357.0113633,0.04914582520723343,61606047744,0,67098378240,17920163840,61394685952,61394690560,5915049472,0,160845721600,121112895488,0
1791596357.2056649,0.04336514137685299,61606047744,0,67092086784,17926455296,61394685952,61394690560,5908758016,0,160845770752,121112895488,0
1791596357.407211,0.04483066126704216,61606047744,0,67125641216,17892900864,61394685952,61394690560,5942312448,0,160845492224,121112895488,0
1791596357.6099212,0.04746180400252342,61606047744,0,67104669696,17913872384,61394685952,61394690560,5921340928,0,160845668352,121112895488,0
1791596357.812659,0.05010715872049332,61606047744,0,67100475392,17918066688,61394685952,61394690560,5917146624,0,160845881344,121112895488,0
1791596358.0125902,0.04995095171034336,61606047744,0,67134029824,17884512256,61394685952,61394690560,5950701056,0,160845959168,121112895488,0
1791596358.2134216,0.05068494752049446,61606047744,0,67123544064,17894998016,61394685952,61394690560,5940215296,0,160845922304,121112895488,0
1791596358.4096675,0.0468470174819231,61606047744,0,67140321280,17878220800,61394685952,61394690560,5956992512,0,160845701120,121112895488,0
1791596358.6087482,0.04584706015884876,61606047744,0,67108864000,17909678080,61394685952,61394690560,5925535232,0,160845824000,121112895488,0
1791596358.809184,0.04620310664176941,61606047744,0,67157098496,17861443584,61394685952,61394690560,5973769728,0,160845832192,121112895488,0
1791596359.0111046,0.04801253601908684,61606047744,0,67138224128,17880317952,61394685952,61394690560,5954895360,0,160845836288,121112891392,0
1791596359.2096875,0.04651554860174656,61606047744,0,67117252608,17901289472,61394685952,61394690560,5933923840,0,160845848576,121112891392,0
1791596359.4079657,0.0447141919285059,61606047744,0,67165487104,17853054976,61394685952,61394690560,5982158336,0,160845639680,121112891392,0
1791596359.6063883,0.04305731877684593,61606047744,0,67140321280,17878220800,61394685952,61394690560,5956992512,0,160845680640,121112891392,0
1791596359.8081431,0.04473171569406986,61606047744,0,67134029824,17884512256,61394685952,61394690560,5950701056,0,160846032896,121112891392,0
1791596360.0111969,0.04770301282405853,61606047744,0,67152904192,17865637888,61394685952,61394690560,5969575424,0,160846036992,121112891392,0
1791596360.2069545,0.04338112473487854,61606047744,0,67146612736,17871929344,61394685952,61394690560,5963283968,0,160845864960,121112891392,0
1791596360.4087994,0.045146724209189415,61606047744,0,67131932672,17886609408,61394685952,61394690560,5948603904,0,160845627392,121112891392,0
1791596360.6077588,0.04402616806328297,61606047744,0,67071115264,17947426816,61394685952,61394690560,5887786496,0,160845484032,121112891392,0
1791596360.8099012,0.04608434438705444,61606047744,0,67071115264,17947426816,61394685952,61394690560,5887786496,0,160845291520,121112891392,0
1791596361.0191634,0.055258795619010925,61606047744,0,67071115264,17947426816,61394685952,61394690560,5887786496,0,160845537280,121112891392,0
1791596361.2082305,0.04424246773123741,61606047744,0,67071115264,17947426816,61394685952,61394690560,5887786496,0,160845291520,121112891392,0
1791596361.4070585,0.04299033246934414,61606047744,0,67071115264,17947426816,61394685952,61394690560,5887786496,0,160845553664,121112891392,0
1791596361.6115835,0.047446971759200096,61606047744,0,67071115264,17947426816,61394685952,61394690560,5887786496,0,160845254656,121112891392,0
1791596361.8094764,0.04525865986943245,61606047744,0,67071115264,17947426816,61394685952,61394690560,5887786496,0,160845606912,121112891392,0
1791596362.0091445,0.04484482295811176,61606047744,0,67071115264,17947426816,61394685952,61394690560,5887786496,0,160845701120,121112887296,0
1791596362.212891,0.04850964806973934,61606047744,0,67071115264,17947426816,61394685952,61394690560,5887786496,0,160845787136,121112887296,0
1791596362.4123623,0.04789965972304344,61606047744,0,67092086784,17926455296,61394685952,61394690560,5908758016,0,160845783040,121112887296,0
1791596362.6145344,0.04997815564274788,61606047744,0,67083698176,17934843904,61394685952,61394690560,5900369408,0,160845877248,121112887296,0
1791596362.8105996,0.04596184939146042,61606047744,0,67077406720,17941135360,61394685952,61394690560,5894077952,0,160845697024,121112887296,0
1791596363.0090053,0.044289352372288704,61606047744,0,67113058304,17905483776,61394685952,61394690560,5929729536,0,160844959744,121112887296,0
1791596363.208429,0.04362704046070576,61606047744,0,67094183936,17924358144,61394685952,61394690560,5910855168,0,160845135872,121112887296,0
1791596363.412763,0.04787915572524071,61606047744,0,67085795328,17932746752,61394685952,61394690560,5902466560,0,160845094912,121112887296,0
1791596363.6043608,0.03938573971390724,61606047744,0,67102572544,17915969536,61394685952,61394690560,5919243776,0,160845443072,121112887296,0
1791596363.800119,0.035067781805992126,61606047744,0,67136126976,17882415104,61394685952,61394690560,5952798208,0,160845471744,121112887296,0
1791596364.0136096,0.048474399372935295,61606047744,0,67094183936,17924358144,61394685952,61394690560,5910855168,0,160845402112,121112887296,0
1791596364.2136574,0.04843995347619057,61606047744,0,67100475392,17918066688,61394685952,61394690560,5917146624,0,160845500416,121112887296,0
1791596364.4130368,0.047735195606946945,61606047744,0,67117252608,17901289472,61394685952,61394690560,5933923840,0,160845508608,121112887296,0
1791596364.609536,0.04415279068052769,61606047744,0,67113058304,17905483776,61394685952,61394690560,5929729536,0,160845524992,121112887296,0
1791596364.8122745,0.046806562691926956,61606047744,0,67117252608,17901289472,61394685952,61394690560,5933923840,0,160854360064,121112887296,0
1791596365.009874,0.044326379895210266,61606047744,0,67169681408,17848860672,61394685952,61394690560,5986352640,0,160846098432,121112969216,0
1791596365.2140872,0.048455437645316124,61606047744,0,67108864000,17909678080,61394685952,61394690560,5925535232,0,160846049280,121112969216,0
1791596365.4146235,0.0489040482789278,61606047744,0,67125641216,17892900864,61394685952,61394690560,5942312448,0,160846077952,121112969216,0
1791596365.6119223,0.046114616096019745,61606047744,0,67125641216,17892900864,61394685952,61394690560,5942312448,0,160846045184,121112969216,0
1791596365.81635,0.05044655501842499,61606047744,0,67142418432,17876123648,61394685952,61394690560,5959089664,0,160845819904,121112969216,0
1791596366.013486,0.04749895818531513,61606047744,0,67144515584,17874026496,61394685952,61394690560,5961186816,0,160845651968,121112969216,0
1791596366.209734,0.04366575554013252,61606047744,0,67119349760,17899192320,61394685952,61394690560,5936020992,0,160845647872,121112969216,0
1791596366.4132433,0.04709027148783207,61606047744,0,67152904192,17865637888,61394685952,61394690560,5969575424,0,160845316096,121112969216,0
1791596366.616906,0.050668833777308464,61606047744,0,67125641216,17892900864,61394685952,61394690560,5942312448,0,160845410304,121112969216,0
1791596366.8113968,0.04507679492235184,61606047744,0,67129835520,17888706560,61394685952,61394690560,5946506752,0,160845762560,121112969216,0
1791596367.0130765,0.046676211059093475,61606047744,0,67161292800,17857249280,61394685952,61394690560,5977964032,0,160845430784,121112965120,0
1791596367.215066,0.04858398251235485,61606047744,0,67142418432,17876123648,61394685952,61394690560,5959089664,0,160845307904,121112965120,0
1791596367.4128902,0.04632705636322498,61606047744,0,67071115264,17947426816,61394685952,61394690560,5887786496,0,160845398016,121112965120,0
1791596367.610767,0.044121796265244484,61606047744,0,67071115264,17947426816,61394685952,61394690560,5887786496,0,160845578240,121112965120,0
1791596367.8119123,0.045185619965195656,61606047744,0,67071115264,17947426816,61394685952,61394690560,5887786496,0,160845664256,121112965120,0
1791596368.016269,0.049460580572485924,61606047744,0,67071115264,17947426816,61394685952,61394690560,5887786496,0,160845602816,121112965120,0
1791596368.2130742,0.04618761129677296,61606047744,0,67071115264,17947426816,61394685952,61394690560,5887786496,0,160845565952,121112965120,0
1791596368.412378,0.04541070573031902,61606047744,0,67071115264,17947426816,61394685952,61394690560,5887786496,0,160845656064,121112965120,0
1791596368.6097372,0.04269108362495899,61606047744,0,67071115264,17947426816,61394685952,61394690560,5887786496,0,160845750272,121112965120,0
1791596368.8108459,0.043718356639146805,61606047744,0,67071115264,17947426816,61394685952,61394690560,5887786496,0,160845701120,121112965120,0
1791596369.0128021,0.04556833580136299,61605904384,0,67089989632,17928552448,61394685952,61394690560,5906517504,0,160845725696,121112965120,0
1791596369.2124622,0.045148998498916626,61605904384,0,67073212416,17945329664,61394685952,61394690560,5889740288,0,160845799424,121112965120,0
1791596369.4143035,0.04690968059003353,61605904384,0,67108864000,17909678080,61394685952,61394690560,5925391872,0,160845889536,121112965120,0
1791596369.6094146,0.04194336198270321,61605904384,0,67092086784,17926455296,61394685952,61394690560,5908614656,0,160845983744,121112965120,0
1791596369.8130937,0.04554378800094128,61605904384,0,67081601024,17936941056,61394685952,61394690560,5898128896,0,160845897728,121112965120,0
1791596370.0180593,0.05042846500873566,61605904384,0,67115155456,17903386624,61394685952,61394690560,5931683328,0,160845942784,121112961024,0
1791596370.2201242,0.05236632004380226,61605904384,0,67104669696,17913872384,61394685952,61394690560,5921197568,0,160845967360,121112961024,0
1791596370.413092,0.04525196738541126,61605904384,0,67113058304,17905483776,61394685952,61394690560,5929586176,0,160846057472,121112961024,0
1791596370.609692,0.041774142533540726,61605904384,0,67092086784,17926455296,61394685952,61394690560,5908614656,0,160846000128,121112961024,0
1791596370.8106873,0.04268684238195419,61605904384,0,67140321280,17878220800,61394685952,61394690560,5956849152,0,160845807616,121112875008,0
1791596371.0164275,0.04833754897117615,61605904384,0,67115155456,17903386624,61394685952,61394690560,5931683328,0,160845832192,121112875008,0
1791596371.2117765,0.043605806306004524,61605904384,0,67098378240,17920163840,61394685952,61394690560,5914906112,0,160845635584,121112875008,0
1791596371.4112098,0.04295928031206131,61605904384,0,67159195648,17859346432,61394685952,61394690560,5975723520,0,160845479936,121112875008,0
1791596371.6150696,0.04674025811254978,61605904384,0,67127738368,17890803712,61394685952,61394690560,5944266240,0,160845819904,121112875008,0
1791596371.8143196,0.04591179080307484,61605904384,0,67106766848,17911775232,61394685952,61394690560,5923294720,0,160845524992,121112875008,0
1791596372.0186841,0.050195688381791115,61605904384,0,67140321280,17878220800,61394685952,61394690560,5956849152,0,160845668352,121112875008,0
1791596372.2203586,0.0517631433904171,61605904384,0,67113058304,17905483776,61394685952,61394690560,5929586176,0,160846041088,121112875008,0
1791596372.4135594,0.044883666560053825,61605904384,0,67119349760,17899192320,61394685952,61394690560,5935877632,0,160846012416,121112875008,0
1791596372.6106796,0.041923291981220245,61605904384,0,67125641216,17892900864,61394685952,61394690560,5942169088,0,160846139392,121112875008,0
1791596372.8142495,0.04541329853236675,61605904384,0,67136126976,17882415104,61394685952,61394690560,5952654848,0,160845946880,121112875008,0
1791596373.0206804,0.051764700561761856,61605908480,0,67142418432,17876123648,61394685952,61394690560,5958950400,0,160845729792,121112870912,0
1791596373.2173827,0.04838642291724682,61605945344,0,67123544064,17894998016,61394685952,61394690560,5940112896,0,160845533184,121112870912,0
1791596373.419337,0.05022975243628025,61605969920,0,67171778560,17846763520,61394685952,61394690560,5988371968,0,160845615104,121112870912,0
1791596373.6181726,0.04892433062195778,61605990400,0,67146612736,17871929344,61394685952,61394690560,5963226624,0,160845516800,121112870912,0
1791596373.8252404,0.05590999498963356,61606010880,0,67134029824,17884512256,61394685952,61394690560,5950664192,0,160845606912,121112870912,0
1791596374.014147,0.04473652318120003,61606047744,0,67131932672,17886609408,61394685952,61394690560,5948603904,0,160845701120,121112870912,0
1791596374.2251525,0.055628931149840355,61606047744,0,67071115264,17947426816,61394685952,61394690560,5887786496,0,160845791232,121112870912,0
1791596374.4168446,0.04724178835749626,61606047744,0,67071115264,17947426816,61394685952,61394690560,5887786496,0,160845770752,121112870912,0
1791596374.6133657,0.04368524253368378,61606047744,0,67071115264,17947426816,61394685952,61394690560,5887786496,0,160845524992,121112870912,0
1791596374.811932,0.042173055931925774,61606047744,0,67071115264,17947426816,61394685952,61394690560,5887786496,0,160845598720,121112870912,0
1791596375.0141945,0.044356364756822586,61606047744,0,67071115264,17947426816,61394685952,61394690560,5887786496,0,160845864960,121112866816,0
1791596375.2185276,0.048609666526317596,61606047744,0,67071115264,17947426816,61394685952,61394690560,5887786496,0,160845955072,121112866816,0
1791596375.4185107,0.04847505874931812,61606047744,0,67071115264,17947426816,61394685952,61394690560,5887786496,0,160846471168,121112866816,0
1791596375.6183653,0.048226144164800644,61606047744,0,67096281088,17922260992,61394685952,61394690560,5912952320,0,160846262272,121112866816,0
1791596375.8180952,0.04784196428954601,61606047744,0,67085795328,17932746752,61394685952,61394690560,5902466560,0,160846311424,121112866816,0
1791596376.0164468,0.046108145266771317,61606047744,0,67121446912,17897095168,61394685952,61394690560,5938118144,0,160846295040,121112866816,0
1791596376.2160347,0.045591844245791435,61606047744,0,67096281088,17922260992,61394685952,61394690560,5912952320,0,160846258176,121112866816,0
1791596376.4197803,0.049249643459916115,61606047744,0,67092086784,17926455296,61394685952,61394690560,5908758016,0,160846331904,121112866816,0
1791596376.6166403,0.046029066666960716,61606047744,0,67140321280,17878220800,61394685952,61394690560,5956992512,0,160845717504,121112866816,0
1791596376.8174465,0.04675360210239887,61606047744,0,67098378240,17920163840,61394685952,61394690560,5915049472,0,160845561856,121112866816,0
1791596377.0208457,0.050051240250468254,61606047744,0,67100475392,17918066688,61394685952,61394690560,5917146624,0,160845885440,121112866816,0
1791596377.2187533,0.0478784404695034,61606047744,0,67136126976,17882415104,61394685952,61394690560,5952798208,0,160846135296,121112866816,0
1791596377.4196658,0.0487101785838604,61606047744,0,67117252608,17901289472,61394685952,61394690560,5933923840,0,160845959168,121112866816,0
1791596377.6151106,0.04407401382923126,61606047744,0,67100475392,17918066688,61394685952,61394690560,5917146624,0,160846405632,121112866816,0
1791596377.8187907,0.0476680900901556,61606047744,0,67108864000,17909678080,61394685952,61394690560,5925535232,0,160846372864,121112866816,0
1791596378.017782,0.046573344618082047,61606047744,0,67117252608,17901289472,61394685952,61394690560,5933923840,0,160845955072,121112862720,0
1791596378.2203505,0.04905923083424568,61606047744,0,67115155456,17903386624,61394685952,61394690560,5931826688,0,160846303232,121112862720,0
1791596378.433207,0.061833372339606285,61606047744,0,67136126976,17882415104,61394685952,61394690560,5952798208,0,160846413824,121112862720,0
1791596378.617798,0.04634087532758713,61606047744,0,67134029824,17884512256,61394685952,61394690560,5950701056,0,160846278656,121112862720,0
1791596378.8190315,0.047493141144514084,61606047744,0,67134029824,17884512256,61394685952,61394690560,5950701056,0,160846266368,121112862720,0
1791596379.020564,0.04893927834928036,61606047744,0,67121446912,17897095168,61394685952,61394690560,5938118144,0,160846315520,121112862720,0
1791596379.2211137,0.049409905448555946,61606047744,0,67171778560,17846763520,61394685952,61394690560,5988449792,0,160846225408,121112862720,0
1791596379.4205272,0.04870273359119892,61606047744,0,67142418432,17876123648,61394685952,61394690560,5959089664,0,160846262272,121112862720,0
1791596379.61903,0.047120435163378716,61606047744,0,67129835520,17888706560,61394685952,61394690560,5946506752,0,160846352384,121112862720,0
1791596379.8166518,0.04465809278190136,61606047744,0,67180167168,17838374912,61394685952,61394690560,5996838400,0,160846311424,121112862720,0
1791596380.0162392,0.04415913671255112,61606047744,0,67142418432,17876123648,61394685952,61394690560,5959089664,0,160846401536,121112862720,0
1791596380.215532,0.043366191908717155,61606047744,0,67125641216,17892900864,61394685952,61394690560,5942312448,0,160846487552,121112862720,0
1791596380.4176986,0.04545004852116108,61606047744,0,67173875712,17844666368,61394685952,61394690560,5990546944,0,160846286848,121112862720,0
1791596380.6569483,0.08461455628275871,61606047744,0,67136126976,17882415104,61394685952,61394690560,5952798208,0,160846233600,121112862720,0
1791596380.839102,0.06668379344046116,61606047744,0,67148709888,17869832192,61394685952,61394690560,5965381120,0,160845856768,121112862720,0
1791596381.0157573,0.0432623028755188,61606047744,0,67150807040,17867735040,61394685952,61394690560,5967478272,0,160845828096,121112858624,0
1791596381.2191045,0.04652194492518902,61606047744,0,67071115264,17947426816,61394685952,61394690560,5887786496,0,160845664256,121112858624,0
1791596381.42803,0.05530035309493542,61606047744,0,67071115264,17947426816,61394685952,61394690560,5887786496,0,160846016512,121112858624,0
1791596381.6174636,0.04465426690876484,61606047744,0,67071115264,17947426816,61394685952,61394690560,5887786496,0,160846045184,121112858624,0
1791596381.8159933,0.04310206510126591,61606047744,0,67071115264,17947426816,61394685952,61394690560,5887786496,0,160845791232,121112858624,0
1791596382.0166917,0.04371862858533859,61606047744,0,67071115264,17947426816,61394685952,61394690560,5887786496,0,160845574144,121112858624,0
1791596382.215325,0.04227379709482193,61606047744,0,67071115264,17947426816,61394685952,61394690560,5887786496,0,160845570048,121112858624,0
1791596382.4148762,0.04174475744366646,61606047744,0,67071115264,17947426816,61394685952,61394690560,5887786496,0,160845299712,121112858624,0
1791596382.6175606,0.044344956055283546,61606047744,0,67083698176,17934843904,61394685952,61394690560,5900369408,0,160845721600,121112858624,0
1791596382.819523,0.046224843710660934,61606047744,0,67092086784,17926455296,61394685952,61394690560,5908758016,0,160845590528,121112858624,0
1791596383.0170648,0.04368898272514343,61606047744,0,67081601024,17936941056,61394685952,61394690560,5898272256,0,160845688832,121112854528,0
1791596383.2200367,0.046582868322730064,61606047744,0,67087892480,17930649600,61394685952,61394690560,5904563712,0,160845750272,121112854528,0
1791596383.423762,0.050189197063446045,61606047744,0,67098378240,17920163840,61394685952,61394690560,5915049472,0,160845967360,121112854528,0
1791596383.631853,0.05816082842648029,61606047744,0,67096281088,17922260992,61394685952,61394690560,5912952320,0,160846491648,121112854528,0
1791596383.8198075,0.04602995328605175,61606047744,0,67085795328,17932746752,61394685952,61394690560,5902466560,0,160846319616,121112854528,0
1791596384.0215838,0.04768736474215984,61606047744,0,67134029824,17884512256,61394685952,61394690560,5950701056,0,160846217216,121112854528,0
1791596384.2243786,0.05039444379508495,61606047744,0,67113058304,17905483776,61394685952,61394690560,5929729536,0,160846462976,121112854528,0
1791596384.4184053,0.04434389993548393,61606047744,0,67092086784,17926455296,61394685952,61394690560,5908758016,0,160846557184,121112854528,0
1791596384.6179245,0.043781351298093796,61606047744,0,67125641216,17892900864,61394685952,61394690560,5942312448,0,160846618624,121112854528,0
1791596384.819375,0.04515068791806698,61606047744,0,67115155456,17903386624,61394685952,61394690560,5931826688,0,160846753792,121112854528,0
1791596385.0245302,0.05021735280752182,61606047744,0,67100475392,17918066688,61394685952,61394690560,5917146624,0,160846704640,121112854528,0
1791596385.2193096,0.04491463676095009,61606047744,0,67161292800,17857249280,61394685952,61394690560,5977964032,0,160846422016,121112854528,0
1791596385.410048,0.03558569215238094,61606047744,0,67123544064,17894998016,61394685952,61394690560,5940215296,0,160846774272,121112854528,0
1791596385.6090288,0.03449825383722782,61606047744,0,67113058304,17905483776,61394685952,61394690560,5929729536,0,160846512128,121112854528,0
1791596385.8081234,0.03352566808462143,61606047744,0,67121446912,17897095168,61394685952,61394690560,5938118144,0,160846573568,121112854528,0
1791596386.0091522,0.034483661875128746,61606047744,0,67157098496,17861443584,61394685952,61394690560,5973769728,0,160846409728,121112850432,0
1791596386.2138143,0.03907678835093975,61606047744,0,67125641216,17892900864,61394685952,61394690560,5942312448,0,160846254080,121112850432,0
1791596386.4180782,0.043257975950837135,61606047744,0,67131932672,17886609408,61394685952,61394690560,5948603904,0,160845955072,121112850432,0
1791596386.6225522,0.04764918237924576,61606047744,0,67138224128,17880317952,61394685952,61394690560,5954895360,0,160846491648,121112850432,0
1791596386.8219824,0.04698950797319412,61606047744,0,67136126976,17882415104,61394685952,61394690560,5952798208,0,160846233600,121112850432,0
1791596387.0191145,0.04404537193477154,61606047744,0,67138224128,17880317952,61394685952,61394690560,5954895360,0,160846106624,121112850432,0
1791596387.2169013,0.04175069369375706,61606047744,0,67184361472,17834180608,61394685952,61394690560,6001032704,0,160846204928,121112850432,0
1791596387.4166439,0.04140917398035526,61606047744,0,67146612736,17871929344,61394685952,61394690560,5963283968,0,160846299136,121112850432,0
1791596387.6223972,0.047079795971512794,61606047744,0,67131932672,17886609408,61394685952,61394690560,5948603904,0,160845754368,121112850432,0
1791596387.8201022,0.0447055958211422,61606047744,0,67071115264,17947426816,61394685952,61394690560,5887786496,0,160845815808,121112850432,0
1791596388.016077,0.0406035240739584,61606047744,0,67071115264,17947426816,61394685952,61394690560,5887786496,0,160845889536,121112850432,0
1791596388.2161999,0.04064657539129257,61606047744,0,67071115264,17947426816,61394685952,61394690560,5887786496,0,160845979648,121112850432,0
1791596388.4164474,0.040777139365673065,61606047744,0,67071115264,17947426816,61394685952,61394690560,5887786496,0,160845799424,121112850432,0
1791596388.621398,0.04564385861158371,61606047744,0,67071115264,17947426816,61394685952,61394690560,5887786496,0,160845783040,121112850432,0
1791596388.8205438,0.04469587653875351,61606047744,0,67071115264,17947426816,61394685952,61394690560,5887786496,0,160846045184,121112850432,0
1791596389.0193374,0.04342481680214405,61606047744,0,67071115264,17947426816,61394685952,61394690560,5887786496,0,160846401536,121112846336,0
1791596389.2209547,0.044959552586078644,61606047744,0,67071115264,17947426816,61394685952,61394690560,5887786496,0,160846254080,121112846336,0
1791596389.4196608,0.04358183406293392,61606023168,0,67071115264,17947426816,61394685952,61394690560,5887761920,0,160846323712,121112846336,0
1791596389.6209397,0.04478106461465359,61606023168,0,67138224128,17880317952,61394685952,61394690560,5954870784,0,160846409728,121112846336,0
1791596389.822089,0.04584904573857784,61606023168,0,67089989632,17928552448,61394685952,61394690560,5906636288,0,160846290944,121112846336,0
1791596390.0216947,0.04537715204060078,61606023168,0,67079503872,17939038208,61394685952,61394690560,5896150528,0,160846352384,121112846336,0
1791596390.2218125,0.04541398584842682,61606023168,0,67146612736,17871929344,61394685952,61394690560,5963259392,0,160846438400,121112846336,0
1791596390.4211025,0.044625693932175636,61606023168,0,67102572544,17915969536,61394685952,61394690560,5919219200,0,160845991936,121112846336,0
1791596390.6192226,0.04266666807234287,61606023168,0,67085795328,17932746752,61394685952,61394690560,5902441984,0,160846008320,121112846336,0
1791596390.8255498,0.04892750643193722,61606023168,0,67134029824,17884512256,61394685952,61394690560,5950676480,0,160846094336,121112846336,0
1791596391.0283475,0.051645610481500626,61606023168,0,67108864000,17909678080,61394685952,61394690560,5925510656,0,160846024704,121112842240,0
1791596391.2209196,0.044135743752121925,61606023168,0,67094183936,17924358144,61394685952,61394690560,5910830592,0,160845926400,121112842240,0
1791596391.422366,0.04550469107925892,61606023168,0,67155001344,17863540736,61394685952,61394690560,5971648000,0,160845979648,121112842240,0
1791596391.6222656,0.04532730020582676,61606023168,0,67123544064,17894998016,61394685952,61394690560,5940190720,0,160846061568,121112842240,0
1791596391.8203666,0.04334842413663864,61606023168,0,67100475392,17918066688,61394685952,61394690560,5917122048,0,160846155776,121112842240,0
1791596392.0186772,0.041582170873880386,61606023168,0,67161292800,17857249280,61394685952,61394690560,5977939456,0,160846245888,121112842240,0
1791596392.218093,0.04088020697236061,61606023168,0,67117252608,17901289472,61394685952,61394690560,5933899264,0,160846299136,121112842240,0
1791596392.4242663,0.046974290162324905,61606023168,0,67108864000,17909678080,61394685952,61394690560,5925510656,0,160846626816,121112842240,0
1791596392.6269276,0.049549492076039314,61606023168,0,67142418432,17876123648,61394685952,61394690560,5959065088,0,160846376960,121112842240,0
1791596392.8238547,0.04637930728495121,61606023168,0,67131932672,17886609408,61394685952,61394690560,5948579328,0,160846368768,121112842240,0
1791596393.0218456,0.04428135231137276,61606023168,0,67121446912,17897095168,61394685952,61394690560,5938093568,0,160846168064,121112842240,0
1791596393.2234814,0.045830778777599335,61606023168,0,67121446912,17897095168,61394685952,61394690560,5938093568,0,160846200832,121112842240,0
1791596393.4248142,0.04706516116857529,61606023168,0,67138224128,17880317952,61394685952,61394690560,5954870784,0,160846282752,121112842240,0
1791596393.626061,0.04823138378560543,61606023168,0,67138224128,17880317952,61394685952,61394690560,5954870784,0,160846376960,121112842240,0
1791596393.8229375,0.04502718895673752,61606023168,0,67138224128,17880317952,61394685952,61394690560,5954870784,0,160846426112,121112842240,0
1791596394.0244522,0.046460045501589775,61606023168,0,67173875712,17844666368,61394685952,61394690560,5990522368,0,160845787136,121112838144,0
1791596394.2281628,0.050088291987776756,61606023168,0,67146612736,17871929344,61394685952,61394690560,5963259392,0,160846065664,121112838144,0
1791596394.4241734,0.046018850058317184,61606047744,0,67131932672,17886609408,61394685952,61394690560,5948603904,0,160845783040,121112838144,0
1791596394.6227,0.04446874186396599,61606047744,0,67071115264,17947426816,61394685952,61394690560,5887786496,0,160845705216,121112838144,0
1791596394.8226197,0.04428890720009804,61606047744,0,67071115264,17947426816,61394685952,61394690560,5887786496,0,160845840384,121112838144,0
1791596395.0233552,0.0449420977383852,61606047744,0,67071115264,17947426816,61394685952,61394690560,5887786496,0,160845656064,121112838144,0
1791596395.2247086,0.04621620662510395,61606047744,0,67071115264,17947426816,61394685952,61394690560,5887786496,0,160845484032,121112838144,0
1791596395.4203925,0.04182072542607784,61606047744,0,67071115264,17947426816,61394685952,61394690560,5887786496,0,160845578240,121112838144,0
1791596395.6245205,0.04586745984852314,61606047744,0,67071115264,17947426816,61394685952,61394690560,5887786496,0,160845615104,121112838144,0
1791596395.8270578,0.04831705987453461,61606047744,0,67071115264,17947426816,61394685952,61394690560,5887786496,0,160845705216,121112838144,0
1791596396.0248208,0.04599775746464729,61606047744,0,67098378240,17920163840,61394685952,61394690560,5915049472,0,160845479936,121112838144,0
1791596396.222025,0.043120360001921654,61606047744,0,67071115264,17947426816,61394685952,61394690560,5887786496,0,160845463552,121112838144,0
1791596396.4256299,0.04664342664182186,61606047744,0,67134029824,17884512256,61394685952,61394690560,5950701056,0,160845529088,121112838144,0
1791596396.6230288,0.04396148398518562,61606047744,0,67087892480,17930649600,61394685952,61394690560,5904563712,0,160845623296,121112838144,0
1791596396.822474,0.04331865534186363,61606047744,0,67079503872,17939038208,61394685952,61394690560,5896175104,0,160845713408,121112838144,0
1791596397.0271385,0.04790075495839119,61606047744,0,67094183936,17924358144,61394685952,61394690560,5910855168,0,160845516800,121112834048,0
1791596397.2209089,0.04159002937376499,61606047744,0,67102572544,17915969536,61394685952,61394690560,5919243776,0,160845635584,121112834048,0
1791596397.426418,0.047021111473441124,61606047744,0,67087892480,17930649600,61394685952,61394690560,5904563712,0,160846053376,121112834048,0
1791596397.62266,0.04318208061158657,61606047744,0,67094183936,17924358144,61394685952,61394690560,5910855168,0,160846188544,121112899584,0
1791596397.8232152,0.04364944063127041,61606047744,0,67110961152,17907580928,61394685952,61394690560,5927632384,0,160845574144,121112899584,0
1791596398.0261157,0.04644609987735748,61606047744,0,67100475392,17918066688,61394685952,61394690560,5917146624,0,160845443072,121112899584,0
1791596398.2268708,0.04711738973855972,61606047744,0,67127738368,17890803712,61394685952,61394690560,5944409600,0,160845438976,121112899584,0
1791596398.4273884,0.047551942989230156,61606047744,0,67117252608,17901289472,61394685952,61394690560,5933923840,0,160845369344,121112899584,0
1791596398.6375482,0.05762621946632862,61606047744,0,67113058304,17905483776,61394685952,61394690560,5929729536,0,160845713408,121112899584,0
1791596398.8268313,0.046821463853120804,61606047744,0,67104669696,17913872384,61394685952,61394690560,5921340928,0,160845713408,121112899584,0
1791596399.0265493,0.046458665281534195,61606047744,0,67165487104,17853054976,61394685952,61394690560,5982158336,0,160845803520,121112895488,0
1791596399.22264,0.04246811382472515,61606047744,0,67123544064,17894998016,61394685952,61394690560,5940215296,0,160845889536,121112895488,0
1791596399.4246125,0.04434201121330261,61606047744,0,67110961152,17907580928,61394685952,61394690560,5927632384,0,160845262848,121112633344,0
1791596399.628148,0.04779999144375324,61606047744,0,67144515584,17874026496,61394685952,61394690560,5961186816,0,160845254656,121112633344,0
1791596399.82205,0.041619203984737396,61606047744,0,67127738368,17890803712,61394685952,61394690560,5944409600,0,160845316096,121112633344,0
1791596400.0232615,0.04274933226406574,61606047744,0,67117252608,17901289472,61394685952,61394690560,5933923840,0,160845139968,121112633344,0
1791596400.2222538,0.04166042432188988,61606047744,0,67125641216,17892900864,61394685952,61394690560,5942312448,0,160845230080,121112633344,0
1791596400.4221332,0.04145890101790428,61606047744,0,67129835520,17888706560,61394685952,61394690560,5946506752,0,160845324288,121112633344,0
1791596400.6245828,0.04383008927106857,61606047744,0,67125641216,17892900864,61394685952,61394690560,5942312448,0,160845418496,121112633344,0
1791596400.8244803,0.043642446398735046,61606047744,0,67159195648,17859346432,61394685952,61394690560,5975866880,0,160845520896,121112633344,0
1791596401.0288525,0.04793334938585758,61606047744,0,67140321280,17878220800,61394685952,61394690560,5956992512,0,160845422592,121112633344,0
1791596401.2311335,0.05012616515159607,61606047744,0,67238887424,17779654656,61394685952,61394690560,6055558656,0,160845447168,121112633344,0
1791596401.4269018,0.04579867608845234,61606047744,0,67071115264,17947426816,61394685952,61394690560,5887786496,0,160845217792,121112633344,0
1791596401.6257367,0.044514136388897896,61606047744,0,67071115264,17947426816,61394685952,61394690560,5887786496,0,160845385728,121112633344,0
1791596401.8278065,0.04648211970925331,61606047744,0,67071115264,17947426816,61394685952,61394690560,5887786496,0,160845357056,121112633344,0
1791596402.0257263,0.04432280920445919,61606047744,0,67071115264,17947426816,61394685952,61394690560,5887786496,0,160845463552,121112629248,0
1791596402.2274969,0.046010443940758705,61606047744,0,67071115264,17947426816,61394685952,61394690560,5887786496,0,160845422592,121112629248,0
1791596402.427958,0.04638852924108505,61606047744,0,67071115264,17947426816,61394685952,61394690560,5887786496,0,160845516800,121112629248,0
1791596402.6276903,0.04603840596973896,61606047744,0,67071115264,17947426816,61394685952,61394690560,5887786496,0,160845869056,121112629248,0
1791596402.8278055,0.04606910981237888,61606047744,0,67089989632,17928552448,61394685952,61394690560,5906660864,0,160845606912,121112629248,0
1791596403.0261307,0.044309595599770546,61606047744,0,67073212416,17945329664,61394685952,61394690560,5889883648,0,160845418496,121112629248,0
1791596403.2277164,0.04580926336348057,61606047744,0,67085795328,17932746752,61394685952,61394690560,5902466560,0,160845422592,121112629248,0
1791596403.4288917,0.04689177684485912,61606047744,0,67096281088,17922260992,61394685952,61394690560,5912952320,0,160845508608,121112629248,0
1791596403.6287608,0.046653686091303825,61606047744,0,67098378240,17920163840,61394685952,61394690560,5915049472,0,160845307904,121112629248,0
1791596403.827481,0.04525907710194588,61606047744,0,67083698176,17934843904,61394685952,61394690560,5900369408,0,160845373440,121112629248,0
1791596404.0279942,0.04568965919315815,61606047744,0,67117252608,17901289472,61394685952,61394690560,5933923840,0,160845443072,121112629248,0
1791596404.2282248,0.045837365090847015,61606047744,0,67098378240,17920163840,61394685952,61394690560,5915049472,0,160845303808,121112629248,0
1791596404.4272556,0.04478633590042591,61606047744,0,67089989632,17928552448,61394685952,61394690560,5906660864,0,160845242368,121112629248,0
1791596404.6265876,0.044038886204361916,61606047744,0,67123544064,17894998016,61394685952,61394690560,5940215296,0,160845320192,121112629248,0
1791596404.8273926,0.04475773498415947,61606047744,0,67104669696,17913872384,61394685952,61394690560,5921340928,0,160845197312,121112629248,0
1791596405.0288942,0.04617121443152428,61606047744,0,67098378240,17920163840,61394685952,61394690560,5915049472,0,160845172736,121112625152,0
1791596405.2280986,0.045289285480976105,61606047744,0,67159195648,17859346432,61394685952,61394690560,5975866880,0,160845168640,121112625152,0
1791596405.4382606,0.05536947585642338,61606047744,0,67127738368,17890803712,61394685952,61394690560,5944409600,0,160845254656,121112625152,0
1791596405.6331675,0.050188543274998665,61606047744,0,67104669696,17913872384,61394685952,61394690560,5921340928,0,160845185024,121112625152,0
1791596405.8355894,0.05252300389111042,61606047744,0,67110961152,17907580928,61394685952,61394690560,5927632384,0,160845783040,121112625152,0
1791596406.0412319,0.058007752522826195,61606047744,0,67127738368,17890803712,61394685952,61394690560,5944409600,0,160845369344,121112625152,0
1791596406.241606,0.05825379863381386,61606047744,0,67121446912,17897095168,61394685952,61394690560,5938118144,0,160845365248,121112625152,0
1791596406.4333272,0.049894485622644424,61606047744,0,67115155456,17903386624,61394685952,61394690560,5931826688,0,160845713408,121112625152,0
1791596406.6310856,0.04755721241235733,61606047744,0,67175972864,17842569216,61394685952,61394690560,5992644096,0,160845676544,121112625152,0
1791596406.832927,0.049312008544802666,61606047744,0,67150807040,17867735040,61394685952,61394690560,5967478272,0,160845975552,121112625152,0
1791596407.0333388,0.049635935574769974,61606047744,0,67121446912,17897095168,61394685952,61394690560,5938118144,0,160846585856,121112621056,0
1791596407.2303374,0.046538498252630234,61606047744,0,67182264320,17836277760,61394685952,61394690560,5998935552,0,160846073856,121112621056,0
1791596407.4309156,0.04700636863708496,61606047744,0,67136126976,17882415104,61394685952,61394690560,5952798208,0,160846127104,121112621056,0
1791596407.6323736,0.04837791621685028,61606047744,0,67129835520,17888706560,61394685952,61394690560,5946506752,0,160846036992,121112621056,0
1791596407.8291554,0.04507768899202347,61606047744,0,67190652928,17827889152,61394685952,61394690560,6007324160,0,160845852672,121112621056,0
1791596408.0331607,0.04899643175303936,61606047744,0,67071115264,17947426816,61394685952,61394690560,5887786496,0,160845688832,121112621056,0
1791596408.230027,0.045777300372719765,61606047744,0,67071115264,17947426816,61394685952,61394690560,5887786496,0,160845627392,121112621056,0
1791596408.427849,0.043514398857951164,61606047744,0,67071115264,17947426816,61394685952,61394690560,5887786496,0,160845537280,121112621056,0
1791596408.6284308,0.044013502076268196,61606047744,0,67071115264,17947426816,61394685952,61394690560,5887786496,0,160845594624,121112621056,0
1791596408.8290749,0.04457380250096321,61606047744,0,67071115264,17947426816,61394685952,61394690560,5887786496,0,160845381632,121112621056,0
1791596409.026352,0.04177030920982361,61606047744,0,67071115264,17947426816,61394685952,61394690560,5887786496,0,160845455360,121112621056,0
1791596409.2307053,0.04603774473071098,61606047744,0,67071115264,17947426816,61394685952,61394690560,5887786496,0,160845541376,121112621056,0
1791596409.4300888,0.04533860273659229,61606047744,0,67071115264,17947426816,61394685952,61394690560,5887786496,0,160845488128,121112621056,0
1791596409.6294265,0.044594988226890564,61606047744,0,67129835520,17888706560,61394685952,61394690560,5946506752,0,160845393920,121112621056,0
1791596409.832954,0.048038290813565254,61606047744,0,67096281088,17922260992,61394685952,61394690560,5912952320,0,160845443072,121112621056,0
1791596410.03371,0.04870704561471939,61606047744,0,67087892480,17930649600,61394685952,61394690560,5904563712,0,160845221888,121112616960,0
1791596410.2317255,0.04663456231355667,61606047744,0,67125641216,17892900864,61394685952,61394690560,5942312448,0,160845172736,121112616960,0
1791596410.4345791,0.04940728843212128,61606047744,0,67115155456,17903386624,61394685952,61394690560,5931826688,0,160845246464,121112616960,0
1791596410.6310372,0.0457579530775547,61606047744,0,67083698176,17934843904,61394685952,61394690560,5900369408,0,160845336576,121112616960,0
1791596410.8314664,0.04609842970967293,61606047744,0,67113058304,17905483776,61394685952,61394690560,5929729536,0,160845107200,121112616960,0
1791596411.0299602,0.04451264813542366,61606047744,0,67113058304,17905483776,61394685952,61394690560,5929729536,0,160845189120,121112616960,0
1791596411.2308733,0.045344313606619835,61606047744,0,67102572544,17915969536,61394685952,61394690560,5919243776,0,160845201408,121112616960,0
1791596411.4283943,0.042777491733431816,61606047744,0,67140321280,17878220800,61394685952,61394690560,5956992512,0,160845213696,121112616960,0
1791596411.6379375,0.052221525460481644,61606047744,0,67119349760,17899192320,61394685952,61394690560,5936020992,0,160845471744,121112616960,0
1791596411.8572114,0.0714108757674694,61606047744,0,67108864000,17909678080,61394685952,61394690560,5925535232,0,160845479936,121112616960,0
1791596412.0326288,0.04674854688346386,61606047744,0,67098378240,17920163840,61394685952,61394690560,5915049472,0,160845807616,121112616960,0
1791596412.2305574,0.04459558241069317,61606047744,0,67100475392,17918066688,61394685952,61394690560,5917146624,0,160845524992,121112616960,0
1791596412.428933,0.04289313592016697,61606047744,0,67115155456,17903386624,61394685952,61394690560,5931826688,0,160845221888,121112616960,0
1791596412.6326883,0.046555643901228905,61606047744,0,67123544064,17894998016,61394685952,61394690560,5940215296,0,160845377536,121112616960,0
1791596412.8338954,0.04766542464494705,61606047744,0,67110961152,17907580928,61394685952,61394690560,5927632384,0,160845459456,121112616960,0
1791596413.0361588,0.04983139969408512,61606047744,0,67115155456,17903386624,61394685952,61394690560,5931826688,0,160845070336,121112612864,0
1791596413.2359383,0.04952876828610897,61606047744,0,67131932672,17886609408,61394685952,61394690560,5948603904,0,160845103104,121112612864,0
1791596413.433512,0.04699893854558468,61606047744,0,67131932672,17886609408,61394685952,61394690560,5948603904,0,160845185024,121112612864,0
1791596413.636825,0.05022924393415451,61606047744,0,67129835520,17888706560,61394685952,61394690560,5946506752,0,160845119488,121112612864,0
1791596413.8368719,0.05018902011215687,61606047744,0,67146612736,17871929344,61394685952,61394690560,5963283968,0,160845336576,121112612864,0
1791596414.0375955,0.050826458260416985,61606047744,0,67144515584,17874026496,61394685952,61394690560,5961186816,0,160845389824,121112612864,0
1791596414.2342594,0.04738321527838707,61606047744,0,67125641216,17892900864,61394685952,61394690560,5942312448,0,160845455360,121112612864,0
1791596414.4318726,0.04489322938024998,61606047744,0,67186458624,17832083456,61394685952,61394690560,6003129856,0,160845369344,121112612864,0
1791596414.6310568,0.04398065060377121,61606047744,0,67148709888,17869832192,61394685952,61394690560,5965381120,0,160845451264,121112612864,0
1791596414.8301973,0.04302435182034969,61606047744,0,67131932672,17886609408,61394685952,61394690560,5948603904,0,160845037568,121112612864,0
1791596415.0303435,0.04307408630847931,61606047744,0,67071115264,17947426816,61394685952,61394690560,5887786496,0,160845131776,121112612864,0
1791596415.2303286,0.0429634265601635,61606047744,0,67071115264,17947426816,61394685952,61394690560,5887786496,0,160845230080,121112608768,0
1791596415.4337964,0.046333836391568184,61606047744,0,67071115264,17947426816,61394685952,61394690560,5887786496,0,160845053952,121112608768,0
1791596415.634144,0.04658019542694092,61606047744,0,67071115264,17947426816,61394685952,61394690560,5887786496,0,160845467648,121112608768,0
1791596415.8318374,0.04417851381003857,61606047744,0,67071115264,17947426816,61394685952,61394690560,5887786496,0,160845529088,121112608768,0
1791596416.0297718,0.04203181900084019,61606047744,0,67071115264,17947426816,61394685952,61394690560,5887786496,0,160845283328,121112608768,0
1791596416.2321355,0.044315967708826065,61606047744,0,67071115264,17947426816,61394685952,61394690560,5887786496,0,160845373440,121112608768,0
1791596416.4317722,0.04387029632925987,61606047744,0,67081601024,17936941056,61394685952,61394690560,5898272256,0,160845451264,121112608768,0
1791596416.6340125,0.046023815870285034,61606047744,0,67073212416,17945329664,61394685952,61394690560,5889883648,0,160845553664,121112608768,0
1791596416.8342774,0.046202659606933594,61606047744,0,67134029824,17884512256,61394685952,61394690560,5950701056,0,160845385728,121112608768,0
1791596417.0332553,0.04509638994932175,61606047744,0,67087892480,17930649600,61394685952,61394690560,5904563712,0,160845103104,121112608768,0
1791596417.234041,0.04579470865428448,61606047744,0,67079503872,17939038208,61394685952,61394690560,5896175104,0,160845168640,121112608768,0
1791596417.4345667,0.0462169349193573,61606047744,0,67113058304,17905483776,61394685952,61394690560,5929729536,0,160845193216,121112608768,0
1791596417.635814,0.04737763851881027,61606047744,0,67102572544,17915969536,61394685952,61394690560,5919243776,0,160845885440,121112608768,0
1791596417.839138,0.05060528963804245,61606047744,0,67087892480,17930649600,61394685952,61394690560,5904563712,0,160846151680,121112608768,0
1791596418.041746,0.05309923365712166,61606047744,0,67148709888,17869832192,61394685952,61394690560,5965381120,0,160846405632,121112604672,0
1791596418.2368543,0.04810876585543156,61606047744,0,67110961152,17907580928,61394685952,61394690560,5927632384,0,160845844480,121112604672,0
1791596418.4337153,0.0448712557554245,61606047744,0,67100475392,17918066688,61394685952,61394690560,5917146624,0,160845852672,121112604672,0
1791596418.6350126,0.046083755791187286,61606047744,0,67106766848,17911775232,61394685952,61394690560,5923438080,0,160845467648,121112604672,0
1791596418.83401,0.0449962243437767,61606047744,0,67117252608,17901289472,61394685952,61394690560,5933923840,0,160845504512,121112604672,0
1791596419.0340068,0.04491158202290535,61606047744,0,67117252608,17901289472,61394685952,61394690560,5933923840,0,160845144064,121112604672,0
1791596419.2339528,0.04474078305065632,61606047744,0,67108864000,17909678080,61394685952,61394690560,5925535232,0,160845238272,121112604672,0
1791596419.436279,0.046972207725048065,61606047744,0,67125641216,17892900864,61394685952,61394690560,5942312448,0,160845021184,121112604672,0
1791596419.6352744,0.04587222449481487,61606047744,0,67125641216,17892900864,61394685952,61394690560,5942312448,0,160844902400,121112604672,0
1791596419.8382723,0.04877234250307083,61606047744,0,67121446912,17897095168,61394685952,61394690560,5938118144,0,160844963840,121112604672,0
1791596420.0361521,0.0465562678873539,61606047744,0,67131932672,17886609408,61394685952,61394690560,5948603904,0,160844976128,121112604672,0
1791596420.242054,0.05236109718680382,61606047744,0,67138224128,17880317952,61394685952,61394690560,5954895360,0,160844984320,121112604672,0
1791596420.4366548,0.046864721924066544,61606047744,0,67119349760,17899192320,61394685952,61394690560,5936020992,0,160844800000,121112604672,0
1791596420.6358333,0.04594342224299908,61606047744,0,67180167168,17838374912,61394685952,61394690560,5996838400,0,160844886016,121112604672,0
1791596420.838546,0.04855296202003956,61606047744,0,67146612736,17871929344,61394685952,61394690560,5963283968,0,160844886016,121112604672,0
1791596421.0374153,0.04732281155884266,61606047744,0,67125641216,17892900864,61394685952,61394690560,5942312448,0,160844967936,121112604672,0
1791596421.2381444,0.04790952056646347,61606047744,0,67155001344,17863540736,61394685952,61394690560,5971672576,0,160844771328,121112600576,0
1791596421.4378684,0.047527384012937546,61606047744,0,67157098496,17861443584,61394685952,61394690560,5973769728,0,160845074432,121112600576,0
1791596421.6394696,0.04903774335980415,61606047744,0,67238887424,17779654656,61394685952,61394690560,6055558656,0,160845398016,121112600576,0
1791596421.8396006,0.04907085932791233,61606047744,0,67071115264,17947426816,61394685952,61394690560,5887786496,0,160844972032,121112600576,0
1791596422.0377207,0.04709344170987606,61606047744,0,67071115264,17947426816,61394685952,61394690560,5887786496,0,160845066240,121112600576,0
1791596422.2374818,0.04674815200269222,61606047744,0,67071115264,17947426816,61394685952,61394690560,5887786496,0,160845131776,121112600576,0
1791596422.4390607,0.0482283029705286,61606047744,0,67071115264,17947426816,61394685952,61394690560,5887786496,0,160845352960,121112600576,0
1791596422.6386437,0.04771101661026478,61606047744,0,67071115264,17947426816,61394685952,61394690560,5887786496,0,160846045184,121112600576,0
1791596422.8379967,0.04696319252252579,61606047744,0,67071115264,17947426816,61394685952,61394690560,5887786496,0,160845619200,121112600576,0
1791596423.0383613,0.04722067713737488,61606047744,0,67071115264,17947426816,61394685952,61394690560,5887786496,0,160845623296,121112600576,0
1791596423.2382205,0.046979451552033424,61606047744,0,67081601024,17936941056,61394685952,61394690560,5898272256,0,160845631488,121112596480,0
1791596423.435991,0.044648075476288795,61606047744,0,67073212416,17945329664,61394685952,61394690560,5889883648,0,160845721600,121112596480,0
1791596423.638518,0.047072386369109154,61606047744,0,67106766848,17911775232,61394685952,61394690560,5923438080,0,160845561856,121112596480,0
1791596423.8387527,0.047207580879330635,61606047744,0,67096281088,17922260992,61394685952,61394690560,5912952320,0,160845914112,121112596480,0
1791596424.0398133,0.048180894926190376,61606047744,0,67079503872,17939038208,61394685952,61394690560,5896175104,0,160845684736,121112596480,0
1791596424.2368934,0.04517761059105396,61606047744,0,67094183936,17924358144,61394685952,61394690560,5910855168,0,160845770752,121112596480,0
1791596424.4402611,0.04845964349806309,61606047744,0,67104669696,17913872384,61394685952,61394690560,5921340928,0,160846032896,121112596480,0
1791596424.6401443,0.048251161351799965,61606047744,0,67094183936,17924358144,61394685952,61394690560,5910855168,0,160845545472,121112596480,0
1791596424.8374631,0.04547256790101528,61606047744,0,67100475392,17918066688,61394685952,61394690560,5917146624,0,160845504512,121112596480,0
1791596425.041717,0.049616603180766106,61606047744,0,67110961152,17907580928,61394685952,61394690560,5927632384,0,160845533184,121112596480,0
1791596425.24688,0.05462651886045933,61606047744,0,67110961152,17907580928,61394685952,61394690560,5927632384,0,160845336576,121112596480,0
1791596425.4379473,0.04560603015124798,61606047744,0,67104669696,17913872384,61394685952,61394690560,5921340928,0,160845672448,121112596480,0
1791596425.6430907,0.05066351965069771,61606047744,0,67131932672,17886609408,61394685952,61394690560,5948603904,0,160845676544,121112596480,0
1791596425.8421013,0.049587562680244446,61606047744,0,67131932672,17886609408,61394685952,61394690560,5948603904,0,160845807616,121112596480,0
1791596426.0449207,0.05230615846812725,61606047744,0,67108864000,17909678080,61394685952,61394690560,5925535232,0,160845889536,121112596480,0
1791596426.2460504,0.05333568714559078,61606047744,0,67106766848,17911775232,61394685952,61394690560,5923438080,0,160845856768,121112592384,0
1791596426.4443626,0.05155051127076149,61606047744,0,67140321280,17878220800,61394685952,61394690560,5956992512,0,160845918208,121112592384,0
1791596426.6434038,0.05048688314855099,61606047744,0,67129835520,17888706560,61394685952,61394690560,5946506752,0,160846016512,121112592384,0
1791596426.845025,0.05201162025332451,61606047744,0,67136126976,17882415104,61394685952,61394690560,5952798208,0,160846024704,121112592384,0
1791596427.0413387,0.04824485443532467,61606047744,0,67127738368,17890803712,61394685952,61394690560,5944409600,0,160845901824,121112592384,0
1791596427.247071,0.05384144000709057,61606047744,0,67138224128,17880317952,61394685952,61394690560,5954895360,0,160845758464,121112592384,0
1791596427.4444742,0.051141129806637764,61606047744,0,67144515584,17874026496,61394685952,61394690560,5961186816,0,160845430784,121112592384,0
1791596427.6420536,0.04862234741449356,61606047744,0,67123544064,17894998016,61394685952,61394690560,5940215296,0,160845828096,121112592384,0
1791596427.8425913,0.0490607563406229,61606047744,0,67190652928,17827889152,61394685952,61394690560,6007324160,0,160846114816,121112592384,0
1791596428.044883,0.05125655233860016,61606047744,0,67150807040,17867735040,61394685952,61394690560,5967478272,0,160845942784,121112592384,0
1791596428.2432263,0.049503348767757416,61606047744,0,67131932672,17886609408,61394685952,61394690560,5948603904,0,160846020608,121112592384,0
1791596428.443536,0.04973333328962326,61606051840,0,67071115264,17947426816,61394685952,61394690560,5887790592,0,160846045184,121112592384,0
1791596428.6466317,0.05272930860519409,61606051840,0,67071115264,17947426816,61394685952,61394690560,5887790592,0,160845787136,121112592384,0
1791596428.8439147,0.049915725365281105,61606051840,0,67071115264,17947426816,61394685952,61394690560,5887790592,0,160845864960,121112592384,0
1791596429.0414298,0.04732685163617134,61606051840,0,67071115264,17947426816,61394685952,61394690560,5887790592,0,160845905920,121112592384,0
1791596429.2450573,0.05079830810427666,61606051840,0,67071115264,17947426816,61394685952,61394690560,5887790592,0,160845979648,121112588288,0
1791596429.4432828,0.048910969868302345,61606051840,0,67071115264,17947426816,61394685952,61394690560,5887790592,0,160846221312,121112588288,0
1791596429.6432862,0.04882901720702648,61606051840,0,67071115264,17947426816,61394685952,61394690560,5887790592,0,160846200832,121112588288,0
1791596429.8429172,0.04837666638195515,61606051840,0,67071115264,17947426816,61394685952,61394690560,5887790592,0,160846397440,121112588288,0
1791596430.0469303,0.05229170061647892,61606051840,0,67071115264,17947426816,61394685952,61394690560,5887790592,0,160846057472,121112588288,0
1791596430.2452002,0.050456345081329346,61606051840,0,67100475392,17918066688,61394685952,61394690560,5917150720,0,160846151680,121112588288,0
1791596430.4477644,0.052916595712304115,61606051840,0,67087892480,17930649600,61394685952,61394690560,5904567808,0,160846254080,121112588288,0
1791596430.6436355,0.04870280995965004,61606051840,0,67079503872,17939038208,61394685952,61394690560,5896179200,0,160846344192,121112588288,0
1791596430.847842,0.05278716795146465,61606051840,0,67108864000,17909678080,61394685952,61394690560,5925539328,0,160846438400,121112588288,0
1791596431.047384,0.05222082696855068,61606051840,0,67096281088,17922260992,61394685952,61394690560,5912956416,0,160845926400,121112588288,0
1791596431.2463834,0.051137128844857216,61606051840,0,67085795328,17932746752,61394685952,61394690560,5902470656,0,160846012416,121112584192,0
1791596431.4456599,0.0503067672252655,61606051840,0,67146612736,17871929344,61394685952,61394690560,5963288064,0,160846094336,121112584192,0
1791596431.6342282,0.03880861960351467,61606051840,0,67102572544,17915969536,61394685952,61394690560,5919247872,0,160846184448,121112584192,0
1791596431.8427687,0.04726503603160381,61606051840,0,67094183936,17924358144,61394685952,61394690560,5910859264,0,160846266368,121112584192,0
1791596432.0432835,0.0476981345564127,61606051840,0,67155001344,17863540736,61394685952,61394690560,5971676672,0,160846184448,121112584192,0
1791596432.2467318,0.05104205198585987,61606051840,0,67117252608,17901289472,61394685952,61394690560,5933927936,0,160845692928,121112584192,0
1791596432.4485996,0.05281233601272106,61606051840,0,67100475392,17918066688,61394685952,61394690560,5917150720,0,160845783040,121112584192,0
1791596432.6453958,0.04950791411101818,61606051840,0,67106766848,17911775232,61394685952,61394690560,5923442176,0,160846172160,121112584192,0
1791596432.8492346,0.05324761942028999,61606051840,0,67119349760,17899192320,61394685952,61394690560,5936025088,0,160846499840,121112584192,0
1791596433.0514317,0.05535636655986309,61606051840,0,67121446912,17897095168,61394685952,61394690560,5938122240,0,160846114816,121112584192,0
1791596433.250486,0.054265791550278664,61606051840,0,67110961152,17907580928,61394685952,61394690560,5927636480,0,160846184448,121112584192,0
1791596433.446818,0.05051286891102791,61606051840,0,67144515584,17874026496,61394685952,61394690560,5961190912,0,160845881344,121112584192,0
1791596433.643421,0.04703523963689804,61606051840,0,67119349760,17899192320,61394685952,61394690560,5936025088,0,160845905920,121112584192,0
1791596433.8466368,0.050163429230451584,61606051840,0,67136126976,17882415104,61394685952,61394690560,5952802304,0,160845987840,121112584192,0
1791596434.0458205,0.04926573298871517,61606051840,0,67125641216,17892900864,61394685952,61394690560,5942316544,0,160846094336,121112584192,0
1791596434.2497885,0.05312744155526161,61606051840,0,67152904192,17865637888,61394685952,61394690560,5969579520,0,160846110720,121112580096,0
1791596434.4499285,0.05316730588674545,61606051840,0,67129835520,17888706560,61394685952,61394690560,5946510848,0,160846192640,121112580096,0
1791596434.656374,0.05952696315944195,61606051840,0,67142418432,17876123648,61394685952,61394690560,5959093760,0,160845955072,121112580096,0
1791596434.8489866,0.052029361948370934,61606051840,0,67129835520,17888706560,61394685952,61394690560,5946510848,0,160845930496,121112580096,0
1791596435.0463262,0.04927644319832325,61606051840,0,67190652928,17827889152,61394685952,61394690560,6007328256,0,160845918208,121112580096,0
1791596435.2487307,0.05158142000436783,61606051840,0,67071115264,17947426816,61394685952,61394690560,5887790592,0,160845991936,121112580096,0
1791596435.4458044,0.04855240695178509,61606051840,0,67071115264,17947426816,61394685952,61394690560,5887790592,0,160846061568,121112580096,0
1791596435.6448236,0.04748627915978432,61606051840,0,67071115264,17947426816,61394685952,61394690560,5887790592,0,160845840384,121112580096,0
1791596435.8468516,0.04943368583917618,61606051840,0,67071115264,17947426816,61394685952,61394690560,5887790592,0,160846196736,121112580096,0
1791596436.0489395,0.05141071230173111,61606051840,0,67071115264,17947426816,61394685952,61394690560,5887790592,0,160846290944,121112580096,0
1791596436.2492273,0.05159885063767433,61606051840,0,67071115264,17947426816,61394685952,61394690560,5887790592,0,160846352384,121112580096,0
1791596436.4362085,0.03850966691970825,61606051840,0,67071115264,17947426816,61394685952,61394690560,5887790592,0,160846704640,121112580096,0
1791596436.641739,0.043962422758340836,61606051840,0,67071115264,17947426816,61394685952,61394690560,5887790592,0,160846807040,121112580096,0
1791596436.8398814,0.04202118515968323,61606051840,0,67129835520,17888706560,61394685952,61394690560,5946510848,0,160846876672,121112580096,0
1791596437.0438852,0.0459463931620121,61606051840,0,67087892480,17930649600,61394685952,61394690560,5904567808,0,160846819328,121112580096,0
1791596437.2435336,0.04551175236701965,61606051840,0,67077406720,17941135360,61394685952,61394690560,5894082048,0,160846766080,121112576000,0
1791596437.4384124,0.04032539948821068,61606051840,0,67138224128,17880317952,61394685952,61394690560,5954899456,0,160846864384,121112576000,0
1791596437.6468832,0.04871301352977753,61606051840,0,67092086784,17926455296,61394685952,61394690560,5908762112,0,160846950400,121112576000,0
1791596437.8466258,0.048362011089921,61606051840,0,67083698176,17934843904,61394685952,61394690560,5900373504,0,160847032320,121112576000,0
1791596438.0472708,0.04892750084400177,61606051840,0,67144515584,17874026496,61394685952,61394690560,5961190912,0,160846508032,121112576000,0
1791596438.2466223,0.04819880798459053,61606051840,0,67106766848,17911775232,61394685952,61394690560,5923442176,0,160846540800,121112576000,0
1791596438.4436183,0.045110613107681274,61606051840,0,67094183936,17924358144,61394685952,61394690560,5910859264,0,160846626816,121112576000,0
1791596438.642608,0.04403548687696457,61606051840,0,67098378240,17920163840,61394685952,61394690560,5915053568,0,160846307328,121112576000,0
1791596438.8441396,0.045484913513064384,61606051840,0,67115155456,17903386624,61394685952,61394690560,5931830784,0,160846348288,121112576000,0
1791596439.0542412,0.05550522729754448,61606051840,0,67102572544,17915969536,61394685952,61394690560,5919247872,0,160846262272,121112576000,0
1791596439.2437863,0.04496867209672928,61606051840,0,67100475392,17918066688,61394685952,61394690560,5917150720,0,160846344192,121112571904,0
1791596439.4440424,0.04515776224434376,61606051840,0,67161292800,17857249280,61394685952,61394690560,5977968128,0,160846254080,121112571904,0
1791596439.644457,0.04548944532871246,61606051840,0,67129835520,17888706560,61394685952,61394690560,5946510848,0,160846143488,121112571904,0
1791596439.8470016,0.04795240983366966,61606051840,0,67108864000,17909678080,61394685952,61394690560,5925539328,0,160846471168,121112571904,0
1791596440.047617,0.048485783860087395,61606051840,0,67169681408,17848860672,61394685952,61394690560,5986356736,0,160846028800,121112571904,0
1791596440.2480452,0.04883252829313278,61606051840,0,67123544064,17894998016,61394685952,61394690560,5940219392,0,160846028800,121112571904,0
1791596440.44777,0.04845023900270462,61606051840,0,67115155456,17903386624,61394685952,61394690560,5931830784,0,160845860864,121112571904,0
1791596440.645476,0.046071188524365425,61606051840,0,67121446912,17897095168,61394685952,61394690560,5938122240,0,160845946880,121112571904,0
1791596440.8468149,0.04730117507278919,61606051840,0,67138224128,17880317952,61394685952,61394690560,5954899456,0,160846016512,121112571904,0
1791596441.0462492,0.04664829559624195,61606051840,0,67123544064,17894998016,61394685952,61394690560,5940219392,0,160846041088,121112571904,0
1791596441.2337642,0.03410081006586552,61606051840,0,67136126976,17882415104,61394685952,61394690560,5952802304,0,160845877248,121112571904,0
1791596441.429715,0.029988959431648254,61606051840,0,67173875712,17844666368,61394685952,61394690560,5990551040,0,160845930496,121112571904,0
1791596441.6462114,0.04639194905757904,61606051840,0,67129835520,17888706560,61394685952,61394690560,5946510848,0,160846008320,121112571904,0
1791596441.8436947,0.04379429668188095,61606051840,0,67190652928,17827889152,61394685952,61394690560,6007328256,0,160846360576,121112571904,0
1791596442.043056,0.043071892112493515,61606051840,0,67071115264,17947426816,61394685952,61394690560,5887790592,0,160846442496,121112571904,0
1791596442.247869,0.047789327800273895,61606051840,0,67071115264,17947426816,61394685952,61394690560,5887790592,0,160846458880,121112567808,0
1791596442.4469178,0.04675662703812122,61606051840,0,67071115264,17947426816,61394685952,61394690560,5887790592,0,160846204928,121112567808,0
1791596442.6435509,0.043276794254779816,61606051840,0,67071115264,17947426816,61394685952,61394690560,5887790592,0,160846860288,121112567808,0
1791596442.8427098,0.042351530864834785,61606051840,0,67071115264,17947426816,61394685952,61394690560,5887790592,0,160846962688,121112567808,0
1791596443.0447707,0.04433050751686096,61606051840,0,67071115264,17947426816,61394685952,61394690560,5887790592,0,160846696448,121112567808,0
1791596443.2454965,0.044977208599448204,61606051840,0,67071115264,17947426816,61394685952,61394690560,5887790592,0,160846786560,121112567808,0
1791596443.4433239,0.04272402077913284,61606051840,0,67071115264,17947426816,61394685952,61394690560,5887790592,0,160846622720,121112567808,0
1791596443.6452432,0.044564832001924515,61606051840,0,67119349760,17899192320,61394685952,61394690560,5936025088,0,160846983168,121112567808,0
1791596443.8584456,0.05765157751739025,61606051840,0,67108864000,17909678080,61394685952,61394690560,5925539328,0,160847323136,121112567808,0
1791596444.046413,0.04554004222154617,61606051840,0,67077406720,17941135360,61394685952,61394690560,5894082048,0,160847220736,121112567808,0
1791596444.2453408,0.044385580345988274,61606051840,0,67110961152,17907580928,61394685952,61394690560,5927636480,0,160847228928,121112567808,0
1791596444.444683,0.04364735633134842,61606051840,0,67094183936,17924358144,61394685952,61394690560,5910859264,0,160847253504,121112567808,0
1791596444.6455505,0.04443669505417347,61606051840,0,67083698176,17934843904,61394685952,61394690560,5900373504,0,160847089664,121112567808,0
1791596444.843719,0.042521992698311806,61606051840,0,67146612736,17871929344,61394685952,61394690560,5963288064,0,160847159296,121112567808,0
1791596445.0462317,0.04495788924396038,61606051840,0,67100475392,17918066688,61394685952,61394690560,5917150720,0,160847245312,121112567808,0
1791596445.247864,0.04651072062551975,61606051840,0,67092086784,17926455296,61394685952,61394690560,5908762112,0,160847335424,121112563712,0
1791596445.4503667,0.04890127293765545,61606051840,0,67152904192,17865637888,61394685952,61394690560,5969579520,0,160847585280,121112563712,0
1791596445.6493354,0.047776492312550545,61606051840,0,67123544064,17894998016,61394685952,61394690560,5940219392,0,160847609856,121112563712,0
1791596445.849938,0.04826449230313301,61606051840,0,67100475392,17918066688,61394685952,61394690560,5917150720,0,160847695872,121112563712,0
1791596446.0487072,0.04694988392293453,61606051840,0,67161292800,17857249280,61394685952,61394690560,5977968128,0,160847138816,121112563712,0
1791596446.2461982,0.044361431151628494,61606051840,0,67115155456,17903386624,61394685952,61394690560,5931830784,0,160846823424,121112563712,0
1791596446.4453056,0.04338909685611725,61606051840,0,67113058304,17905483776,61394685952,61394690560,5929733632,0,160847196160,121112563712,0
1791596446.646642,0.044642429798841476,61606051840,0,67113058304,17905483776,61394685952,61394690560,5929733632,0,160847265792,121112563712,0
1791596446.8475735,0.045490799471735954,61606051840,0,67129835520,17888706560,61394685952,61394690560,5946510848,0,160847196160,121112563712,0
1791596447.04526,0.043095679953694344,61606051840,0,67129835520,17888706560,61394685952,61394690560,5946510848,0,160847286272,121112563712,0
1791596447.2490084,0.04676033928990364,61606051840,0,67127738368,17890803712,61394685952,61394690560,5944413696,0,160847257600,121112559616,0
1791596447.4522378,0.04989484325051308,61606051840,0,67138224128,17880317952,61394685952,61394690560,5954899456,0,160847601664,121112559616,0
1791596447.6499636,0.04750343784689903,61606051840,0,67146612736,17871929344,61394685952,61394690560,5963288064,0,160847659008,121112559616,0
1791596447.8494644,0.04691353067755699,61606051840,0,67123544064,17894998016,61394685952,61394690560,5940219392,0,160847269888,121112559616,0
1791596448.0483027,0.04567153938114643,61606051840,0,67184361472,17834180608,61394685952,61394690560,6001036800,0,160847056896,121112559616,0
1791596448.2503924,0.047653140500187874,61606051840,0,67152904192,17865637888,61394685952,61394690560,5969579520,0,160846925824,121112559616,0
1791596448.4771135,0.07427094876766205,61606051840,0,67131932672,17886609408,61394685952,61394690560,5948608000,0,160846925824,121112559616,0
1791596448.6821587,0.07923712767660618,61606051840,0,67138224128,17880317952,61394685952,61394690560,5954899456,0,160847204352,121112559616,0
1791596448.8504698,0.04745941981673241,61606051840,0,67071115264,17947426816,61394685952,61394690560,5887790592,0,160846864384,121112559616,0
1791596449.049514,0.04641319438815117,61606051840,0,67071115264,17947426816,61394685952,61394690560,5887790592,0,160846807040,121112559616,0
1791596449.249926,0.046709202229976654,61606051840,0,67071115264,17947426816,61394685952,61394690560,5887790592,0,160846688256,121112559616,0
1791596449.4508352,0.04753362387418747,61606051840,0,67071115264,17947426816,61394685952,61394690560,5887790592,0,160846778368,121112559616,0
1791596449.6522102,0.048827679827809334,61606051840,0,67071115264,17947426816,61394685952,61394690560,5887790592,0,160846794752,121112559616,0
1791596449.8499584,0.04649600200355053,61606051840,0,67071115264,17947426816,61394685952,61394690560,5887790592,0,160846979072,121112559616,0
1791596450.0462978,0.04275580495595932,61606051840,0,67071115264,17947426816,61394685952,61394690560,5887790592,0,160846815232,121112559616,0
1791596450.2462692,0.04264871962368488,61606051840,0,67071115264,17947426816,61394685952,61394690560,5887790592,0,160846909440,121112555520,0
1791596450.4451957,0.041496168822050095,61605937152,0,67075309568,17943232512,61394685952,61394690560,5891870208,0,160846602240,121112555520,0
1791596450.6499338,0.046155134215950966,61605937152,0,67104669696,17913872384,61394685952,61394690560,5921230336,0,160846598144,121112555520,0
1791596450.8525112,0.048646025359630585,61605937152,0,67094183936,17924358144,61394685952,61394690560,5910744576,0,160846876672,121112555520,0
1791596451.0525174,0.048566846176981926,61605937152,0,67077406720,17941135360,61394685952,61394690560,5893967360,0,160846618624,121112555520,0
1791596451.251197,0.04714778997004032,61605937152,0,67085795328,17932746752,61394685952,61394690560,5902355968,0,160846446592,121112555520,0
1791596451.4487112,0.04457913152873516,61605937152,0,67102572544,17915969536,61394685952,61394690560,5919133184,0,160846528512,121112555520,0
1791596451.6491344,0.044923244044184685,61605937152,0,67085795328,17932746752,61394685952,61394690560,5902355968,0,160846577664,121112555520,0
1791596451.8485782,0.044283486902713776,61605937152,0,67098378240,17920163840,61394685952,61394690560,5914938880,0,160846630912,121112555520,0
1791596452.0469625,0.042586321011185646,61605937152,0,67108864000,17909678080,61394685952,61394690560,5925424640,0,160846618624,121112555520,0
1791596452.2513096,0.046845270320773125,61605937152,0,67096281088,17922260992,61394685952,61394690560,5912841728,0,160846700544,121112555520,0
1791596452.450046,0.045502133667469025,61605937152,0,67108864000,17909678080,61394685952,61394690560,5925424640,0,160846991360,121112555520,0
1791596452.6511385,0.046512095257639885,61605937152,0,67136126976,17882415104,61394685952,61394690560,5952687616,0,160847618048,121112555520,0
1791596452.8557308,0.05102229304611683,61605937152,0,67129835520,17888706560,61394685952,61394690560,5946396160,0,160847486976,121112776704,0
1791596453.0477476,0.042957914993166924,61605937152,0,67102572544,17915969536,61394685952,61394690560,5919133184,0,160847581184,121112776704,0
1791596453.2507591,0.045886360108852386,61605937152,0,67131932672,17886609408,61394685952,61394690560,5948493312,0,160847360000,121112772608,0
1791596453.4500132,0.045053694397211075,61605937152,0,67131932672,17886609408,61394685952,61394690560,5948493312,0,160847069184,121112772608,0
1791596453.6520736,0.04703641124069691,61605937152,0,67125641216,17892900864,61394685952,61394690560,5942201856,0,160847122432,121112772608,0
1791596453.853688,0.04856552369892597,61605937152,0,67131932672,17886609408,61394685952,61394690560,5948493312,0,160847192064,121112772608,0
1791596454.0611105,0.05590386874973774,61605937152,0,67138224128,17880317952,61394685952,61394690560,5954784768,0,160847020032,121112772608,0
1791596454.2533624,0.04806976951658726,61605937152,0,67117252608,17901289472,61394685952,61394690560,5933813248,0,160846876672,121112772608,0
1791596454.45376,0.048386599868535995,61605937152,0,67129835520,17888706560,61394685952,61394690560,5946396160,0,160846913536,121112772608,0
1791596454.6538868,0.048429569229483604,61605937152,0,67140321280,17878220800,61394685952,61394690560,5956881920,0,160846856192,121112772608,0
1791596454.8519213,0.0463763065636158,61605957632,0,67127738368,17890803712,61394685952,61394690560,5944319488,0,160846864384,121112817664,0
1791596455.050862,0.04523514769971371,61605990400,0,67140321280,17878220800,61394685952,61394690560,5956935168,0,160846585856,121112817664,0
1791596455.2507606,0.045051392167806625,61606014976,0,67148709888,17869832192,61394685952,61394690560,5965348352,0,160846655488,121112813568,0
1791596455.4491997,0.043403809890151024,61606039552,0,67144515584,17874026496,61394685952,61394690560,5961178624,0,160846725120,121112813568,0
1791596455.6479123,0.04203501343727112,61606047744,0,67071115264,17947426816,61394685952,61394690560,5887786496,0,160847044608,121112813568,0
1791596455.85124,0.04527769610285759,61606047744,0,67071115264,17947426816,61394685952,61394690560,5887786496,0,160846880768,121112813568,0
1791596456.0511954,0.04515206813812256,61606047744,0,67071115264,17947426816,61394685952,61394690560,5887786496,0,160846794752,121112813568,0
1791596456.2544339,0.04830118268728256,61606047744,0,67071115264,17947426816,61394685952,61394690560,5887786496,0,160846708736,121112813568,0
1791596456.4552853,0.0490649975836277,61606047744,0,67071115264,17947426816,61394685952,61394690560,5887786496,0,160846761984,121112813568,0
1791596456.652573,0.04627126269042492,61606047744,0,67071115264,17947426816,61394685952,61394690560,5887786496,0,160846819328,121112813568,0
1791596456.8490644,0.042668964713811874,61606047744,0,67071115264,17947426816,61394685952,61394690560,5887786496,0,160846893056,121112592384,0
1791596457.0518503,0.04536972939968109,61606047744,0,67171778560,17846763520,61394685952,61394690560,5988449792,0,160846827520,121112592384,0
1791596457.2367468,0.030190885066986084,61606047744,0,67081601024,17936941056,61394685952,61394690560,5898272256,0,160846573568,121112592384,0
1791596457.4486206,0.04199989512562752,61606047744,0,67085795328,17932746752,61394685952,61394690560,5902466560,0,160846163968,121112592384,0
1791596457.654849,0.048137856647372246,61606047744,0,67136126976,17882415104,61394685952,61394690560,5952798208,0,160847024128,121112592384,0
1791596457.8554974,0.048699138686060905,61606047744,0,67104669696,17913872384,61394685952,61394690560,5921340928,0,160847122432,121112592384,0
1791596458.0531325,0.046250956133008,61606047744,0,67081601024,17936941056,61394685952,61394690560,5898272256,0,160846987264,121112592384,0
1791596458.2511244,0.04416055232286453,61606047744,0,67142418432,17876123648,61394685952,61394690560,5959089664,0,160846802944,121112588288,0
1791596458.4570587,0.05001172423362732,61606047744,0,67108864000,17909678080,61394685952,61394690560,5925535232,0,160846876672,121112588288,0
1791596458.6549177,0.04779107682406902,61606047744,0,67089989632,17928552448,61394685952,61394690560,5906660864,0,160846921728,121112588288,0
1791596458.854908,0.04769673012197018,61606047744,0,67138224128,17880317952,61394685952,61394690560,5954895360,0,160846917632,121112588288,0
1791596459.053567,0.046272121369838715,61606047744,0,67125641216,17892900864,61394685952,61394690560,5942312448,0,160846983168,121112588288,0
1791596459.2550497,0.04767165146768093,61606047744,0,67096281088,17922260992,61394685952,61394690560,5912952320,0,160847024128,121112588288,0
1791596459.457339,0.04987447150051594,61606047744,0,67125641216,17892900864,61394685952,61394690560,5942312448,0,160847122432,121112588288,0
1791596459.6544533,0.046907346695661545,61606047744,0,67119349760,17899192320,61394685952,61394690560,5936020992,0,160847175680,121112588288,0
1791596459.8568082,0.04917099513113499,61606047744,0,67117252608,17901289472,61394685952,61394690560,5933923840,0,160847261696,121112588288,0
1791596460.05446,0.046744329854846,61606047744,0,67152904192,17865637888,61394685952,61394690560,5969575424,0,160847060992,121112588288,0
1791596460.2545898,0.04679325222969055,61606047744,0,67127738368,17890803712,61394685952,61394690560,5944409600,0,160847134720,121112588288,0
1791596460.4522831,0.04440247640013695,61606047744,0,67110961152,17907580928,61394685952,61394690560,5927632384,0,160847396864,121112588288,0
1791596460.6556826,0.04771437495946884,61606047744,0,67171778560,17846763520,61394685952,61394690560,5988449792,0,160847343616,121112588288,0
1791596460.8545823,0.046506522223353386,61606047744,0,67140321280,17878220800,61394685952,61394690560,5956992512,0,160847273984,121112588288,0
1791596461.0551293,0.04698797129094601,61606047744,0,67119349760,17899192320,61394685952,61394690560,5936020992,0,160847351808,121112588288,0
1791596461.2532098,0.04498577117919922,61606047744,0,67152904192,17865637888,61394685952,61394690560,5969575424,0,160847429632,121112584192,0
1791596461.4525301,0.04422055743634701,61606047744,0,67134029824,17884512256,61394685952,61394690560,5950701056,0,160847425536,121112584192,0
1791596461.651837,0.0434454008936882,61606047744,0,67125641216,17892900864,61394685952,61394690560,5942312448,0,160847159296,121112584192,0
1791596461.8542597,0.0457687359303236,61606047744,0,67159195648,17859346432,61394685952,61394690560,5975866880,0,160846131200,121112584192,0
1791596462.058099,0.04952049255371094,61606047744,0,67140321280,17878220800,61394685952,61394690560,5956992512,0,160846020608,121112584192,0
1791596462.2542765,0.04561852477490902,61606051840,0,67238887424,17779654656,61394685952,61394690560,6055562752,0,160846073856,121112584192,0
1791596462.456967,0.04821902886033058,61606051840,0,67071115264,17947426816,61394685952,61394690560,5887790592,0,160846184448,121112584192,0
1791596462.6558537,0.047020260244607925,61606051840,0,67071115264,17947426816,61394685952,61394690560,5887790592,0,160846622720,121112584192,0
1791596462.8514426,0.04252471774816513,61606051840,0,67071115264,17947426816,61394685952,61394690560,5887790592,0,160846606336,121112584192,0
1791596463.0548615,0.04586128331720829,61606051840,0,67071115264,17947426816,61394685952,61394690560,5887790592,0,160846725120,121112584192,0
1791596463.2554517,0.046371063217520714,61606051840,0,67071115264,17947426816,61394685952,61394690560,5887790592,0,160846606336,121112580096,0
1791596463.4539232,0.04476081393659115,61606051840,0,67071115264,17947426816,61394685952,61394690560,5887790592,0,160846852096,121112580096,0
1791596463.657731,0.04845906049013138,61606051840,0,67071115264,17947426816,61394685952,61394690560,5887790592,0,160846880768,121112580096,0
1791596463.8562932,0.04694046080112457,61606051840,0,67089989632,17928552448,61394685952,61394690560,5906664960,0,160846893056,121112580096,0
1791596464.0558968,0.04645894095301628,61606051840,0,67077406720,17941135360,61394685952,61394690560,5894082048,0,160846622720,121112580096,0
1791596464.2601676,0.05063856951892376,61606051840,0,67085795328,17932746752,61394685952,61394690560,5902470656,0,160846438400,121112580096,0
1791596464.4571385,0.04751025140285492,61606051840,0,67115155456,17903386624,61394685952,61394690560,5931830784,0,160846712832,121112580096,0
1791596464.6577532,0.04801923222839832,61606051840,0,67083698176,17934843904,61394685952,61394690560,5900373504,0,160846454784,121112580096,0
1791596464.8550591,0.04520551115274429,61606051840,0,67098378240,17920163840,61394685952,61394690560,5915053568,0,160846524416,121112580096,0
1791596465.057413,0.04744190350174904,61606051840,0,67104669696,17913872384,61394685952,61394690560,5921345024,0,160846499840,121112580096,0
1791596465.2597067,0.04964267835021019,61606051840,0,67117252608,17901289472,61394685952,61394690560,5933927936,0,160846524416,121112580096,0
1791596465.4573255,0.04716994799673557,61606051840,0,67100475392,17918066688,61394685952,61394690560,5917150720,0,160846389248,121112580096,0
1791596465.6600041,0.04975581169128418,61606051840,0,67129835520,17888706560,61394685952,61394690560,5946510848,0,160846209024,121112580096,0
1791596465.857742,0.04740862362086773,61606051840,0,67113058304,17905483776,61394685952,61394690560,5929733632,0,160846315520,121112580096,0
1791596466.0568128,0.04641280882060528,61606051840,0,67098378240,17920163840,61394685952,61394690560,5915053568,0,160846274560,121112580096,0
1791596466.259969,0.049479344859719276,61606051840,0,67146612736,17871929344,61394685952,61394690560,5963288064,0,160846356480,121112576000,0
1791596466.459501,0.048922404646873474,61606051840,0,67127738368,17890803712,61394685952,61394690560,5944413696,0,160846213120,121112576000,0
1791596466.6609774,0.05029863119125366,61606051840,0,67104669696,17913872384,61394685952,61394690560,5921345024,0,160846249984,121112576000,0
1791596466.8590224,0.048260269686579704,61606051840,0,67165487104,17853054976,61394685952,61394690560,5982162432,0,160846381056,121112576000,0
1791596467.061859,0.0509992316365242,61606051840,0,67131932672,17886609408,61394685952,61394690560,5948608000,0,160846397440,121112576000,0
1791596467.2592535,0.048309339210391045,61606051840,0,67113058304,17905483776,61394685952,61394690560,5929733632,0,160846077952,121112576000,0
1791596467.445423,0.03441520780324936,61606051840,0,67127738368,17890803712,61394685952,61394690560,5944413696,0,160845619200,121112576000,0
1791596467.6443307,0.03325628116726875,61606051840,0,67163389952,17855152128,61394685952,61394690560,5980065280,0,160845770752,121112576000,0
1791596467.8463671,0.03523305803537369,61606051840,0,67146612736,17871929344,61394685952,61394690560,5963288064,0,160845864960,121112576000,0
1791596468.057466,0.04624592326581478,61606051840,0,67180167168,17838374912,61394685952,61394690560,5996842496,0,160845574144,121112576000,0
1791596468.2489746,0.03768200799822807,61606051840,0,67138224128,17880317952,61394685952,61394690560,5954899456,0,160845623296,121112576000,0
1791596468.457233,0.045853009447455406,61606051840,0,67127738368,17890803712,61394685952,61394690560,5944413696,0,160845860864,121112576000,0
1791596468.657045,0.045585354790091515,61606051840,0,67188555776,17829986304,61394685952,61394690560,6005231104,0,160845942784,121112576000,0
1791596468.8542335,0.04268959164619446,61606051840,0,67144515584,17874026496,61394685952,61394690560,5961190912,0,160846008320,121112576000,0
1791596469.0553887,0.04376341216266155,61606051840,0,67071115264,17947426816,61394685952,61394690560,5887790592,0,160846094336,121112576000,0
1791596469.2572803,0.04557120427489281,61606051840,0,67071115264,17947426816,61394685952,61394690560,5887790592,0,160846184448,121112571904,0
1791596469.4530084,0.0412173755466938,61606051840,0,67071115264,17947426816,61394685952,61394690560,5887790592,0,160846204928,121112571904,0
1791596469.6536472,0.04174569621682167,61606051840,0,67071115264,17947426816,61394685952,61394690560,5887790592,0,160846290944,121112571904,0
1791596469.852816,0.04083072021603584,61606051840,0,67071115264,17947426816,61394685952,61394690560,5887790592,0,160846082048,121112571904,0
1791596470.0557835,0.04371428303420544,61606051840,0,67071115264,17947426816,61394685952,61394690560,5887790592,0,160845963264,121112571904,0
1791596470.2569337,0.04478246159851551,61606051840,0,67071115264,17947426816,61394685952,61394690560,5887790592,0,160846061568,121112571904,0
1791596470.4572518,0.04501482844352722,61606051840,0,67071115264,17947426816,61394685952,61394690560,5887790592,0,160845881344,121112571904,0
1791596470.6559556,0.04363584890961647,61606051840,0,67083698176,17934843904,61394685952,61394690560,5900373504,0,160845651968,121112571904,0
1791596470.8587604,0.046355029568076134,61606051840,0,67075309568,17943232512,61394685952,61394690560,5891984896,0,160845668352,121112571904,0
1791596471.0628474,0.05035796947777271,61606051840,0,67108864000,17909678080,61394685952,61394690560,5925539328,0,160845754368,121112571904,0
1791596471.2593102,0.046737369149923325,61606051840,0,67098378240,17920163840,61394685952,61394690560,5915053568,0,160845848576,121112567808,0
1791596471.462064,0.04941045679152012,61606051840,0,67081601024,17936941056,61394685952,61394690560,5898276352,0,160845938688,121112567808,0
1791596471.6575608,0.04482129216194153,61606051840,0,67096281088,17922260992,61394685952,61394690560,5912956416,0,160845873152,121112567808,0
1791596471.8570743,0.04425143264234066,61606051840,0,67104669696,17913872384,61394685952,61394690560,5921345024,0,160845959168,121112567808,0
1791596472.0631888,0.050280218943953514,61606051840,0,67092086784,17926455296,61394685952,61394690560,5908762112,0,160845897728,121112567808,0
1791596472.258826,0.045837415382266045,61606051840,0,67104669696,17913872384,61394685952,61394690560,5921345024,0,160845963264,121112567808,0
1791596472.4597433,0.046673767268657684,61606051840,0,67113058304,17905483776,61394685952,61394690560,5929733632,0,160846057472,121112567808,0
1791596472.6601486,0.04699580930173397,61606051840,0,67115155456,17903386624,61394685952,61394690560,5931830784,0,160846331904,121112522752,0
1791596472.859121,0.04588526114821434,61606051840,0,67098378240,17920163840,61394685952,61394690560,5915053568,0,160846684160,121112522752,0
1791596473.0596714,0.04635225422680378,61606051840,0,67159195648,17859346432,61394685952,61394690560,5975870976,0,160846684160,121112522752,0
1791596473.2611613,0.04775189235806465,61606051840,0,67121446912,17897095168,61394685952,61394690560,5938122240,0,160846311424,121112522752,0
1791596473.4588788,0.045403994619846344,61606051840,0,67106766848,17911775232,61394685952,61394690560,5923442176,0,160846323712,121112522752,0
1791596473.659129,0.04557216167449951,61606051840,0,67140321280,17878220800,61394685952,61394690560,5956996608,0,160846581760,121112522752,0
1791596473.8603992,0.046762002632021904,61606051840,0,67121446912,17897095168,61394685952,61394690560,5938122240,0,160846589952,121112522752,0
1791596474.0587554,0.04503575898706913,61606051840,0,67113058304,17905483776,61394685952,61394690560,5929733632,0,160846569472,121112522752,0
1791596474.2615318,0.047727493569254875,61606051840,0,67119349760,17899192320,61394685952,61394690560,5936025088,0,160846671872,121112518656,0
1791596474.4603326,0.04644528031349182,61606051840,0,67136126976,17882415104,61394685952,61394690560,5952802304,0,160846737408,121112518656,0
1791596474.6553717,0.041403621435165405,61606051840,0,67136126976,17882415104,61394685952,61394690560,5952802304,0,160846811136,121112518656,0
1791596474.85944,0.045390548184514046,61606051840,0,67127738368,17890803712,61394685952,61394690560,5944413696,0,160846589952,121112518656,0
1791596475.060891,0.046756232157349586,61606051840,0,67144515584,17874026496,61394685952,61394690560,5961190912,0,160846606336,121112518656,0
1791596475.264627,0.05040933936834335,61606051840,0,67152904192,17865637888,61394685952,61394690560,5969579520,0,160846540800,121112518656,0
1791596475.4563766,0.04207479953765869,61606051840,0,67129835520,17888706560,61394685952,61394690560,5946510848,0,160846589952,121112518656,0
1791596475.6568549,0.04246746562421322,61606051840,0,67190652928,17827889152,61394685952,61394690560,6007328256,0,160846811136,121112518656,0
1791596475.8557153,0.04124574735760689,61606051840,0,67071115264,17947426816,61394685952,61394690560,5887790592,0,160846360576,121112518656,0
1791596476.0579545,0.04338499531149864,61606051840,0,67071115264,17947426816,61394685952,61394690560,5887790592,0,160846286848,121112518656,0
1791596476.2568643,0.04221328720450401,61606051840,0,67071115264,17947426816,61394685952,61394690560,5887790592,0,160846381056,121112518656,0
1791596476.458931,0.04419657029211521,61606051840,0,67071115264,17947426816,61394685952,61394690560,5887790592,0,160846311424,121112518656,0
1791596476.6621077,0.047292232513427734,61606051840,0,67071115264,17947426816,61394685952,61394690560,5887790592,0,160846327808,121112518656,0
1791596476.8654816,0.050564106553792953,61606051840,0,67071115264,17947426816,61394685952,61394690560,5887790592,0,160846307328,121112518656,0
1791596477.0593185,0.04429253190755844,61606051840,0,67071115264,17947426816,61394685952,61394690560,5887790592,0,160845676544,121112518656,0
1791596477.2585936,0.04347055405378342,61606051840,0,67071115264,17947426816,61394685952,61394690560,5887790592,0,160845713408,121112514560,0
1791596477.4588246,0.04359394498169422,61606051840,0,67131932672,17886609408,61394685952,61394690560,5948608000,0,160845377536,121112514560,0
1791596477.658384,0.04305281862616539,61606051840,0,67098378240,17920163840,61394685952,61394690560,5915053568,0,160845787136,121112514560,0
1791596477.858048,0.0426167007535696,61606051840,0,67077406720,17941135360,61394685952,61394690560,5894082048,0,160845635584,121112514560,0
1791596478.062221,0.04670080728828907,61606051840,0,67125641216,17892900864,61394685952,61394690560,5942316544,0,160845623296,121112514560,0
1791596478.2605722,0.044967809692025185,61606051840,0,67092086784,17926455296,61394685952,61394690560,5908762112,0,160845713408,121112514560,0
1791596478.4606228,0.044935356825590134,61606051840,0,67083698176,17934843904,61394685952,61394690560,5900373504,0,160845787136,121112514560,0
1791596478.6609066,0.04513619653880596,61606051840,0,67146612736,17871929344,61394685952,61394690560,5963288064,0,160845488128,121112514560,0
1791596478.8599913,0.04413829930126667,61606051840,0,67100475392,17918066688,61394685952,61394690560,5917150720,0,160845488128,121112514560,0
1791596479.0619113,0.04597250558435917,61606051840,0,67092086784,17926455296,61394685952,61394690560,5908762112,0,160845561856,121112514560,0
1791596479.262111,0.046089159324765205,61606051840,0,67152904192,17865637888,61394685952,61394690560,5969579520,0,160845660160,121112510464,0
1791596479.460102,0.04399370774626732,61606051840,0,67108864000,17909678080,61394685952,61394690560,5925539328,0,160845754368,121112510464,0
1791596479.6603427,0.04411944001913071,61606051840,0,67100475392,17918066688,61394685952,61394690560,5917150720,0,160845766656,121112510464,0
1791596479.8588977,0.042585404589772224,61606051840,0,67161292800,17857249280,61394685952,61394690560,5977968128,0,160845320192,121112510464,0
1791596480.0605907,0.04419106803834438,61606051840,0,67129835520,17888706560,61394685952,61394690560,5946510848,0,160845414400,121112510464,0
1791596480.260489,0.0440051406621933,61606051840,0,67106766848,17911775232,61394685952,61394690560,5923442176,0,160845508608,121112510464,0
1791596480.4589558,0.0423895251005888,61606051840,0,67167584256,17850957824,61394685952,61394690560,5984259584,0,160845336576,121112510464,0
1791596480.6605532,0.04389610327780247,61606051840,0,67129835520,17888706560,61394685952,61394690560,5946510848,0,160845164544,121112510464,0
1791596480.859221,0.042481688782572746,61606051840,0,67115155456,17903386624,61394685952,61394690560,5931830784,0,160845262848,121112510464,0
1791596481.0628734,0.046049997210502625,61606051840,0,67163389952,17855152128,61394685952,61394690560,5980065280,0,160844857344,121112510464,0
1791596481.2650888,0.0481632798910141,61606051840,0,67146612736,17871929344,61394685952,61394690560,5963288064,0,160844824576,121112510464,0
1791596481.4654934,0.04848405718803406,61606051840,0,67121446912,17897095168,61394685952,61394690560,5938122240,0,160845168640,121112510464,0
1791596481.6644537,0.04734857194125652,61606051840,0,67150807040,17867735040,61394685952,61394690560,5967482368,0,160844910592,121112510464,0
1791596481.867296,0.050068799406290054,61606051840,0,67136126976,17882415104,61394685952,61394690560,5952802304,0,160845258752,121112510464,0
1791596482.0658898,0.048581475391983986,61606051840,0,67129835520,17888706560,61394685952,61394690560,5946510848,0,160845336576,121112510464,0
1791596482.2645266,0.04713601991534233,61606051840,0,67190652928,17827889152,61394685952,61394690560,6007328256,0,160845324288,121112506368,0
1791596482.4638646,0.04639570787549019,61606051840,0,67071115264,17947426816,61394685952,61394690560,5887790592,0,160845332480,121112506368,0
1791596482.663984,0.04642918147146702,61606051840,0,67071115264,17947426816,61394685952,61394690560,5887790592,0,160845762560,121112506368,0
1791596482.8635092,0.045875485986471176,61606051840,0,67071115264,17947426816,61394685952,61394690560,5887790592,0,160845328384,121112506368,0
1791596483.061845,0.04412662051618099,61606051840,0,67071115264,17947426816,61394685952,61394690560,5887790592,0,160845070336,121112506368,0
1791596483.264632,0.04680236801505089,61606051840,0,67071115264,17947426816,61394685952,61394690560,5887790592,0,160845258752,121112506368,0
1791596483.4628909,0.04497734643518925,61606051840,0,67071115264,17947426816,61394685952,61394690560,5887790592,0,160845234176,121112506368,0
1791596483.6606185,0.04262316972017288,61606051840,0,67071115264,17947426816,61394685952,61394690560,5887790592,0,160845299712,121112506368,0
1791596483.8599029,0.04182811081409454,61606051840,0,67071115264,17947426816,61394685952,61394690560,5887790592,0,160845398016,121112506368,0
1791596484.0610094,0.04285252466797829,61605965824,0,67129835520,17888706560,61394685952,61394690560,5946424832,0,160845045760,121112506368,0
1791596484.2611253,0.04288673587143421,61605965824,0,67092086784,17926455296,61394685952,61394690560,5908676096,0,160845139968,121112506368,0
1791596484.4645379,0.046217167750000954,61605965824,0,67077406720,17941135360,61394685952,61394690560,5893996032,0,160845451264,121112506368,0
1791596484.6674378,0.049035223200917244,61605965824,0,67125641216,17892900864,61394685952,61394690560,5942230528,0,160845537280,121112506368,0
1791596484.8670368,0.048549849539995193,61605965824,0,67113058304,17905483776,61394685952,61394690560,5929647616,0,160845615104,121112506368,0
1791596485.0648181,0.04624941200017929,61605965824,0,67083698176,17934843904,61394685952,61394690560,5900287488,0,160845709312,121112506368,0
1791596485.2633405,0.044688718393445015,61605965824,0,67117252608,17901289472,61394685952,61394690560,5933841920,0,160845369344,121112502272,0
1791596485.4607112,0.04197615757584572,61605965824,0,67106766848,17911775232,61394685952,61394690560,5923356160,0,160845111296,121112502272,0
1791596485.6613643,0.04254504293203354,61605965824,0,67094183936,17924358144,61394685952,61394690560,5910773248,0,160845119488,121112502272,0
1791596485.861323,0.04242248646914959,61605965824,0,67104669696,17913872384,61394685952,61394690560,5921259008,0,160845201408,121112502272,0
1791596486.0620587,0.043074049055576324,61605965824,0,67115155456,17903386624,61394685952,61394690560,5931744768,0,160845025280,121112502272,0
1791596486.2638867,0.04481812193989754,61605965824,0,67125641216,17892900864,61394685952,61394690560,5942230528,0,160845094912,121112502272,0
1791596486.4660563,0.04690498672425747,61605965824,0,67100475392,17918066688,61394685952,61394690560,5917064704,0,160845115392,121112502272,0
1791596486.6693337,0.05009675584733486,61605965824,0,67148709888,17869832192,61394685952,61394690560,5965299200,0,160845443072,121112502272,0
1791596486.8687084,0.04938502795994282,61605965824,0,67127738368,17890803712,61394685952,61394690560,5944327680,0,160845529088,121112502272,0
1791596487.0676258,0.048220181837677956,61605965824,0,67108864000,17909678080,61394685952,61394690560,5925453312,0,160845541376,121112502272,0
1791596487.2665365,0.047049153596162796,61605965824,0,67169681408,17848860672,61394685952,61394690560,5986270720,0,160845574144,121112498176,0
1791596487.465491,0.04592150077223778,61605965824,0,67123544064,17894998016,61394685952,61394690560,5940133376,0,160845385728,121112498176,0
1791596487.6689408,0.04928789287805557,61605965824,0,67119349760,17899192320,61394685952,61394690560,5935939072,0,160845697024,121112498176,0
1791596487.8647072,0.0449748020619154,61605965824,0,67129835520,17888706560,61394685952,61394690560,5946424832,0,160845795328,121112498176,0
1791596488.068881,0.049063386395573616,61605965824,0,67138224128,17880317952,61394685952,61394690560,5954813440,0,160845660160,121112498176,0
1791596488.269395,0.04946892708539963,61605965824,0,67136126976,17882415104,61394685952,61394690560,5952716288,0,160845504512,121112498176,0
1791596488.4680502,0.04803070239722729,61605974016,0,67129835520,17888706560,61394685952,61394690560,5946433024,0,160845193216,121112498176,0
1791596488.6682258,0.048105668276548386,61605994496,0,67173875712,17844666368,61394685952,61394690560,5990493696,0,160845135872,121112498176,0
1791596488.8722384,0.05202842131257057,61606019072,0,67142418432,17876123648,61394685952,61394690560,5959060992,0,160845692928,121112498176,0
1791596489.0666718,0.04637996479868889,61606039552,0,67131932672,17886609408,61394685952,61394690560,5948595712,0,160845475840,121112498176,0
1791596489.2673686,0.04699775390326977,61606051840,0,67071115264,17947426816,61394685952,61394690560,5887790592,0,160845561856,121112498176,0
1791596489.469375,0.04892074503004551,61606051840,0,67071115264,17947426816,61394685952,61394690560,5887790592,0,160845508608,121112498176,0
1791596489.6648946,0.04435981623828411,61606051840,0,67071115264,17947426816,61394685952,61394690560,5887790592,0,160845537280,121112498176,0
1791596489.8664804,0.04586545564234257,61606051840,0,67071115264,17947426816,61394685952,61394690560,5887790592,0,160845361152,121112498176,0
1791596490.067549,0.04684707708656788,61606051840,0,67071115264,17947426816,61394685952,61394690560,5887790592,0,160845451264,121112498176,0
1791596490.2718558,0.051053423434495926,61606051840,0,67071115264,17947426816,61394685952,61394690560,5887790592,0,160845713408,121112494080,0
1791596490.4698327,0.04891905374825001,61606051840,0,67071115264,17947426816,61394685952,61394690560,5887790592,0,160845811712,121112494080,0
1791596490.6709511,0.049934763461351395,61606051840,0,67081601024,17936941056,61394685952,61394690560,5898276352,0,160845901824,121112494080,0
1791596490.866158,0.04505345597863197,61606051840,0,67071115264,17947426816,61394685952,61394690560,5887790592,0,160846000128,121112494080,0
1791596491.0637298,0.04251658171415329,61606051840,0,67134029824,17884512256,61394685952,61394690560,5950705152,0,160846094336,121112494080,0
1791596491.2630446,0.041749825701117516,61606051840,0,67089989632,17928552448,61394685952,61394690560,5906664960,0,160845971456,121112494080,0
1791596491.4629297,0.04155085235834122,61606051840,0,67079503872,17939038208,61394685952,61394690560,5896179200,0,160846012416,121112494080,0
1791596491.6628408,0.04137898050248623,61606051840,0,67140321280,17878220800,61394685952,61394690560,5956996608,0,160846057472,121112494080,0
1791596491.8631675,0.041620220988988876,61606051840,0,67102572544,17915969536,61394685952,61394690560,5919247872,0,160845795328,121112494080,0
1791596492.0679913,0.04636168107390404,61606051840,0,67087892480,17930649600,61394685952,61394690560,5904567808,0,160845844480,121112494080,0
1791596492.271801,0.05006473511457443,61606051840,0,67117252608,17901289472,61394685952,61394690560,5933927936,0,160846180352,121112494080,0
1791596492.4760387,0.05419310927391052,61606051840,0,67108864000,17909678080,61394685952,61394690560,5925539328,0,160845709312,121112494080,0
1791596492.675224,0.05328197963535786,61606051840,0,67094183936,17924358144,61394685952,61394690560,5910859264,0,160846409728,121112494080,0
1791596492.8676393,0.045599618926644325,61606051840,0,67100475392,17918066688,61394685952,61394690560,5917150720,0,160846512128,121112494080,0
1791596493.0676675,0.04553440771996975,61606051840,0,67117252608,17901289472,61394685952,61394690560,5933927936,0,160846438400,121112494080,0
1791596493.2729096,0.05067280866205692,61606051840,0,67117252608,17901289472,61394685952,61394690560,5933927936,0,160846532608,121112489984,0
1791596493.4736652,0.05132155492901802,61606051840,0,67104669696,17913872384,61394685952,61394690560,5921345024,0,160846630912,121112489984,0
1791596493.6725538,0.05011075735092163,61606051840,0,67119349760,17899192320,61394685952,61394690560,5936025088,0,160845914112,121112489984,0
1791596493.8759727,0.05341526307165623,61606051840,0,67127738368,17890803712,61394685952,61394690560,5944413696,0,160846303232,121112489984,0
1791596494.0766945,0.05404204688966274,61606051840,0,67115155456,17903386624,61394685952,61394690560,5931830784,0,160846364672,121112489984,0
1791596494.2738562,0.05110482685267925,61606051840,0,67113058304,17905483776,61394685952,61394690560,5929733632,0,160846209024,121112489984,0
1791596494.4699147,0.04707106947898865,61606051840,0,67173875712,17844666368,61394685952,61394690560,5990551040,0,160845926400,121112489984,0
1791596494.673779,0.05085362121462822,61606051840,0,67140321280,17878220800,61394685952,61394690560,5956996608,0,160846008320,121112489984,0
1791596494.8774471,0.05442636087536812,61606051840,0,67134029824,17884512256,61394685952,61394690560,5950705152,0,160846098432,121112489984,0
1791596495.0712967,0.0481927040964365,61606051840,0,67169681408,17848860672,61394685952,61394690560,5986356736,0,160846188544,121112489984,0
1791596495.27335,0.0501057431101799,61606051840,0,67157098496,17861443584,61394685952,61394690560,5973773824,0,160845930496,121112485888,0
1791596495.4715378,0.04820654354989529,61606051840,0,67127738368,17890803712,61394685952,61394690560,5944413696,0,160845791232,121112485888,0
1791596495.6736681,0.050238460302352905,61606051840,0,67194847232,17823694848,61394685952,61394690560,6011522560,0,160845787136,121112485888,0
1791596495.8745706,0.05104723572731018,61606051840,0,67238887424,17779654656,61394685952,61394690560,6055562752,0,160845774848,121112485888,0
1791596496.0748143,0.051196442916989326,61606051840,0,67071115264,17947426816,61394685952,61394690560,5887790592,0,160845869056,121112485888,0
1791596496.274885,0.05116374045610428,61606051840,0,67071115264,17947426816,61394685952,61394690560,5887790592,0,160845889536,121112485888,0
1791596496.4751978,0.051372623071074486,61606051840,0,67071115264,17947426816,61394685952,61394690560,5887790592,0,160845959168,121112485888,0
1791596496.6737099,0.04977075941860676,61606051840,0,67071115264,17947426816,61394685952,61394690560,5887790592,0,160846286848,121112485888,0
1791596496.874207,0.050166672095656395,61606051840,0,67071115264,17947426816,61394685952,61394690560,5887790592,0,160846385152,121112485888,0
1791596497.0717635,0.04761844500899315,61606051840,0,67071115264,17947426816,61394685952,61394690560,5887790592,0,160846417920,121112485888,0
1791596497.2740133,0.049769653007388115,61606051840,0,67071115264,17947426816,61394685952,61394690560,5887790592,0,160846241792,121112485888,0
1791596497.479819,0.055476052686572075,61606051840,0,67102572544,17915969536,61394685952,61394690560,5919247872,0,160846336000,121112485888,0
1791596497.6744325,0.05000149644911289,61606051840,0,67092086784,17926455296,61394685952,61394690560,5908762112,0,160846557184,121112485888,0
1791596497.8764577,0.05191533453762531,61606051840,0,67102572544,17915969536,61394685952,61394690560,5919247872,0,160846450688,121112485888,0
1791596498.0727265,0.04809378646314144,61606051840,0,67092086784,17926455296,61394685952,61394690560,5908762112,0,160845811712,121112485888,0
1791596498.276271,0.0515347421169281,61606051840,0,67098378240,17920163840,61394685952,61394690560,5915053568,0,160845869056,121112481792,0
1791596498.476149,0.051310716196894646,61606051840,0,67104669696,17913872384,61394685952,61394690560,5921345024,0,160845963264,121112481792,0
1791596498.6763265,0.051395731046795845,61606051840,0,67085795328,17932746752,61394685952,61394690560,5902470656,0,160846057472,121112481792,0
1791596498.8785539,0.053517527878284454,61606051840,0,67134029824,17884512256,61394685952,61394690560,5950705152,0,160845762560,121112481792,0
1791596499.07658,0.05143742077052593,61606051840,0,67108864000,17909678080,61394685952,61394690560,5925539328,0,160845819904,121112481792,0
1791596499.275083,0.04984779842197895,61606051840,0,67092086784,17926455296,61394685952,61394690560,5908762112,0,160845377536,121112481792,0
1791596499.4803894,0.05506209842860699,61606051840,0,67159195648,17859346432,61394685952,61394690560,5975870976,0,160845283328,121112481792,0
1791596499.6756804,0.05026828683912754,61606051840,0,67106766848,17911775232,61394685952,61394690560,5923442176,0,160845832192,121112481792,0
1791596499.8736827,0.04819008149206638,61606051840,0,67100475392,17918066688,61394685952,61394690560,5917150720,0,160845623296,121112481792,0
1791596500.0739436,0.048367684707045555,61606051840,0,67134029824,17884512256,61394685952,61394690560,5950705152,0,160845713408,121112481792,0
1791596500.2734146,0.04774882458150387,61606051840,0,67123544064,17894998016,61394685952,61394690560,5940219392,0,160845791232,121112481792,0
1791596500.4713883,0.04563667066395283,61606051840,0,67119349760,17899192320,61394685952,61394690560,5936025088,0,160845602816,121112481792,0
1791596500.6777456,0.05191270262002945,61606051840,0,67121446912,17897095168,61394685952,61394690560,5938122240,0,160845705216,121112481792,0
1791596500.8779688,0.052031468600034714,61606051840,0,67157098496,17861443584,61394685952,61394690560,5973773824,0,160845709312,121112481792,0
1791596501.078286,0.05221848376095295,61606051840,0,67136126976,17882415104,61394685952,61394690560,5952802304,0,160845733888,121112481792,0
1791596501.2735224,0.04737238399684429,61606051840,0,67117252608,17901289472,61394685952,61394690560,5933927936,0,160846233600,121112477696,0
1791596501.4722452,0.046011416241526604,61606051840,0,67165487104,17853054976,61394685952,61394690560,5982162432,0,160846344192,121112477696,0
1791596501.671741,0.04542342945933342,61606051840,0,67140321280,17878220800,61394685952,61394690560,5956996608,0,160846422016,121112477696,0
1791596501.8711507,0.04474950395524502,61606051840,0,67123544064,17894998016,61394685952,61394690560,5940219392,0,160846499840,121112477696,0
1791596502.0698993,0.043417079374194145,61606051840,0,67184361472,17834180608,61394685952,61394690560,6001036800,0,160846389248,121112477696,0
1791596502.2709765,0.044406330212950706,61606051840,0,67146612736,17871929344,61394685952,61394690560,5963288064,0,160846213120,121112477696,0
1791596502.475948,0.04928132891654968,61606051840,0,67131932672,17886609408,61394685952,61394690560,5948608000,0,160846024704,121112477696,0
1791596502.6760163,0.04926214925944805,61606051840,0,67071115264,17947426816,61394685952,61394690560,5887790592,0,160846090240,121112477696,0
1791596502.876725,0.049875251948833466,61606051840,0,67071115264,17947426816,61394685952,61394690560,5887790592,0,160846397440,121112477696,0
1791596503.0771418,0.050206590443849564,61606051840,0,67071115264,17947426816,61394685952,61394690560,5887790592,0,160846282752,121112477696,0
1791596503.279004,0.05193794146180153,61606051840,0,67071115264,17947426816,61394685952,61394690560,5887790592,0,160846340096,121112473600,0
1791596503.4715884,0.04436125233769417,61606051840,0,67071115264,17947426816,61394685952,61394690560,5887790592,0,160846905344,121112473600,0
1791596503.6751072,0.047799259424209595,61606051840,0,67071115264,17947426816,61394685952,61394690560,5887790592,0,160846508032,121112473600,0
1791596503.8740275,0.04663643054664135,61606051840,0,67071115264,17947426816,61394685952,61394690560,5887790592,0,160846594048,121112473600,0
1791596504.0754454,0.04797663353383541,61606051840,0,67071115264,17947426816,61394685952,61394690560,5887790592,0,160846766080,121112473600,0
1791596504.2809727,0.053422536700963974,61606027264,0,67089989632,17928552448,61394685952,61394690560,5906640384,0,160846348288,121112473600,0
1791596504.49424,0.06661253981292248,61606027264,0,67100475392,17918066688,61394685952,61394690560,5917126144,0,160846340096,121112473600,0
1791596504.6717424,0.04403533600270748,61606027264,0,67085795328,17932746752,61394685952,61394690560,5902446080,0,160846778368,121112473600,0
1791596504.8742676,0.04647327400743961,61606027264,0,67075309568,17943232512,61394685952,61394690560,5891960320,0,160846544896,121112473600,0
1791596505.0735836,0.04571021534502506,61606027264,0,67081601024,17936941056,61394685952,61394690560,5898251776,0,160846524416,121112473600,0
1791596505.273581,0.04561743885278702,61606027264,0,67098378240,17920163840,61394685952,61394690560,5915028992,0,160846569472,121112473600,0
1791596505.4799612,0.05191836878657341,61606027264,0,67094183936,17924358144,61394685952,61394690560,5910834688,0,160846553088,121112473600,0
1791596505.6719084,0.04378588870167732,61606027264,0,67085795328,17932746752,61394685952,61394690560,5902446080,0,160846901248,121112473600,0
1791596505.8789794,0.05075724422931671,61606027264,0,67134029824,17884512256,61394685952,61394690560,5950680576,0,160846684160,121112473600,0
1791596506.0747774,0.04647492431104183,61606027264,0,67108864000,17909678080,61394685952,61394690560,5925514752,0,160846770176,121112473600,0
1791596506.2738793,0.045492133125662804,61606027264,0,67092086784,17926455296,61394685952,61394690560,5908737536,0,160846733312,121112469504,0
1791596506.4728467,0.044367507100105286,61606027264,0,67152904192,17865637888,61394685952,61394690560,5969554944,0,160846503936,121112469504,0
1791596506.6772988,0.0487343966960907,61606027264,0,67121446912,17897095168,61394685952,61394690560,5938097664,0,160846524416,121112469504,0
1791596506.877678,0.049022287130355835,61606027264,0,67100475392,17918066688,61394685952,61394690560,5917126144,0,160846606336,121112469504,0
1791596507.0751987,0.04645455256104469,61606027264,0,67106766848,17911775232,61394685952,61394690560,5923417600,0,160846696448,121112469504,0
1791596507.27876,0.049930958077311516,61606027264,0,67123544064,17894998016,61394685952,61394690560,5940194816,0,160846594048,121112469504,0
1791596507.4770405,0.04812670685350895,61606027264,0,67136126976,17882415104,61394685952,61394690560,5952777728,0,160846876672,121112469504,0
1791596507.6761014,0.047100819647312164,61606027264,0,67108864000,17909678080,61394685952,61394690560,5925514752,0,160847331328,121112469504,0
1791596507.8741324,0.045049216598272324,61606027264,0,67142418432,17876123648,61394685952,61394690560,5959069184,0,160847339520,121112469504,0
1791596508.073884,0.04471831955015659,61606027264,0,67131932672,17886609408,61394685952,61394690560,5948583424,0,160847159296,121112469504,0
1791596508.2729108,0.04366432875394821,61606027264,0,67119349760,17899192320,61394685952,61394690560,5936000512,0,160847245312,121112469504,0
1791596508.4706776,0.04134941287338734,61606027264,0,67129835520,17888706560,61394685952,61394690560,5946486272,0,160847106048,121112469504,0
1791596508.6737006,0.04428969509899616,61606027264,0,67140321280,17878220800,61394685952,61394690560,5956972032,0,160847020032,121112469504,0
1791596508.8728988,0.0434049554169178,61606027264,0,67127738368,17890803712,61394685952,61394690560,5944389120,0,160847306752,121112469504,0
1791596509.072625,0.04304715618491173,61606027264,0,67138224128,17880317952,61394685952,61394690560,5954874880,0,160846991360,121112469504,0
1791596509.276837,0.04717526026070118,61606027264,0,67146612736,17871929344,61394685952,61394690560,5963263488,0,160846819328,121112465408,0
1791596509.4767497,0.04699976556003094,61606031360,0,67129835520,17888706560,61394685952,61394690560,5946490368,0,160846807040,121112465408,0
1791596509.6730726,0.04325849562883377,61606051840,0,67123544064,17894998016,61394685952,61394690560,5940219392,0,160846794752,121112465408,0
1791596509.8712354,0.04133596085011959,61606051840,0,67071115264,17947426816,61394685952,61394690560,5887790592,0,160846856192,121112465408,0
1791596510.070769,0.04078876040875912,61606051840,0,67071115264,17947426816,61394685952,61394690560,5887790592,0,160846946304,121112465408,0
1791596510.2718263,0.041764551773667336,61606051840,0,67071115264,17947426816,61394685952,61394690560,5887790592,0,160846344192,121112465408,0
1791596510.476098,0.04595129005610943,61606051840,0,67071115264,17947426816,61394685952,61394690560,5887790592,0,160846184448,121112465408,0
1791596510.6783,0.04806528799235821,61606051840,0,67071115264,17947426816,61394685952,61394690560,5887790592,0,160846536704,121112465408,0
1791596510.8740761,0.04375578090548515,61606051840,0,67071115264,17947426816,61394685952,61394690560,5887790592,0,160846626816,121112465408,0
1791596511.0723133,0.04190995916724205,61606051840,0,67071115264,17947426816,61394685952,61394690560,5887790592,0,160846696448,121112465408,0
1791596511.2735655,0.043075861409306526,61606051840,0,67075309568,17943232512,61394685952,61394690560,5891984896,0,160846782464,121112461312,0
1791596511.4714394,0.04086484760046005,61606051840,0,67083698176,17934843904,61394685952,61394690560,5900373504,0,160846315520,121112461312,0
1791596511.6763813,0.04572397284209728,61606051840,0,67094183936,17924358144,61394685952,61394690560,5910859264,0,160846405632,121112461312,0
1791596511.877616,0.04687259532511234,61606051840,0,67081601024,17936941056,61394685952,61394690560,5898276352,0,160846520320,121112461312,0
1791596512.0754979,0.04467082768678665,61606051840,0,67092086784,17926455296,61394685952,61394690560,5908762112,0,160846475264,121112461312,0
1791596512.275158,0.04424522630870342,61606051840,0,67129835520,17888706560,61394685952,61394690560,5946510848,0,160846487552,121112461312,0
1791596512.4789562,0.04796046391129494,61606051840,0,67102572544,17915969536,61394685952,61394690560,5919247872,0,160846487552,121112461312,0
1791596512.6787696,0.0476867500692606,61606051840,0,67087892480,17930649600,61394685952,61394690560,5904567808,0,160847409152,121112461312,0
1791596512.8799953,0.048831790685653687,61606051840,0,67155001344,17863540736,61394685952,61394690560,5971676672,0,160847495168,121112461312,0
1791596513.0772023,0.045955099165439606,61606051840,0,67117252608,17901289472,61394685952,61394690560,5933927936,0,160847249408,121112461312,0
1791596513.2773182,0.04598846286535263,61606051840,0,67096281088,17922260992,61394685952,61394690560,5912956416,0,160847282176,121112461312,0
1791596513.4799175,0.04850238747894764,61606051840,0,67157098496,17861443584,61394685952,61394690560,5973773824,0,160847302656,121112461312,0
1791596513.6791575,0.04765776917338371,61606051840,0,67100475392,17918066688,61394685952,61394690560,5917150720,0,160847388672,121112461312,0
1791596513.8793232,0.047742221504449844,61606051840,0,67119349760,17899192320,61394685952,61394690560,5936025088,0,160847175680,121112461312,0
1791596514.0780776,0.04641038924455643,61606051840,0,67117252608,17901289472,61394685952,61394690560,5933927936,0,160846635008,121112461312,0
1791596514.2817678,0.05000084638595581,61606051840,0,67165487104,17853054976,61394685952,61394690560,5982162432,0,160846766080,121112457216,0
1791596514.4777453,0.04588136449456215,61606051840,0,67127738368,17890803712,61394685952,61394690560,5944413696,0,160846839808,121112457216,0
1791596514.6800559,0.048096172511577606,61606051840,0,67123544064,17894998016,61394685952,61394690560,5940219392,0,160846872576,121112457216,0
1791596514.8794587,0.04741552844643593,61606051840,0,67180167168,17838374912,61394685952,61394690560,5996842496,0,160846790656,121112457216,0
1791596515.082772,0.0506298765540123,61606051840,0,67131932672,17886609408,61394685952,61394690560,5948608000,0,160846909440,121112457216,0
1791596515.2779298,0.045706870034337044,61606051840,0,67119349760,17899192320,61394685952,61394690560,5936025088,0,160846741504,121112457216,0
1791596515.4776738,0.04536830261349678,61606051840,0,67152904192,17865637888,61394685952,61394690560,5969579520,0,160846639104,121112457216,0
1791596515.682413,0.05002741329371929,61606051840,0,67125641216,17892900864,61394685952,61394690560,5942316544,0,160846405632,121112457216,0
1791596515.8786535,0.046184442937374115,61606051840,0,67129835520,17888706560,61394685952,61394690560,5946510848,0,160846499840,121112457216,0
1791596516.0819468,0.04939102567732334,61606051840,0,67161292800,17857249280,61394685952,61394690560,5977968128,0,160846802944,121112457216,0
1791596516.2841644,0.05150814913213253,61606051840,0,67150807040,17867735040,61394685952,61394690560,5967482368,0,160846548992,121112457216,0
1791596516.466834,0.034114936366677284,61606051840,0,67071115264,17947426816,61394685952,61394690560,5887790592,0,160846827520,121112457216,0
1791596516.6697054,0.03692173399031162,61606051840,0,67071115264,17947426816,61394685952,61394690560,5887790592,0,160846630912,121112457216,0
1791596516.8656418,0.03279181942343712,61606051840,0,67071115264,17947426816,61394685952,61394690560,5887790592,0,160846659584,121112457216,0
1791596517.0632844,0.030369723215699196,61606051840,0,67071115264,17947426816,61394685952,61394690560,5887790592,0,160846630912,121112457216,0
1791596517.2648227,0.03184563107788563,61606051840,0,67071115264,17947426816,61394685952,61394690560,5887790592,0,160846114816,121112453120,0
1791596517.479101,0.046038802713155746,61606051840,0,67071115264,17947426816,61394685952,61394690560,5887790592,0,160845877248,121112453120,0
1791596517.6840472,0.05087914317846298,61606051840,0,67071115264,17947426816,61394685952,61394690560,5887790592,0,160846151680,121112453120,0
1791596517.8845274,0.05127914808690548,61606051840,0,67071115264,17947426816,61394685952,61394690560,5887790592,0,160846233600,121112453120,0
1791596518.07845,0.04511377774178982,61606051840,0,67136126976,17882415104,61394685952,61394690560,5952802304,0,160846327808,121112453120,0
1791596518.2798407,0.046423885971307755,61606051840,0,67098378240,17920163840,61394685952,61394690560,5915053568,0,160846413824,121112453120,0
1791596518.4795535,0.04603913612663746,61606051840,0,67075309568,17943232512,61394685952,61394690560,5891984896,0,160846503936,121112453120,0
1791596518.682568,0.048970794305205345,61606051840,0,67110961152,17907580928,61394685952,61394690560,5927636480,0,160846532608,121112453120,0
1791596518.879083,0.045403605327010155,61606051840,0,67100475392,17918066688,61394685952,61394690560,5917150720,0,160846589952,121112453120,0
1791596519.0780654,0.0443003885447979,61606051840,0,67094183936,17924358144,61394685952,61394690560,5910859264,0,160846598144,121112453120,0
1791596519.2838423,0.05001051910221577,61606051840,0,67096281088,17922260992,61394685952,61394690560,5912956416,0,160846434304,121112449024,0
1791596519.4808066,0.04688875004649162,61606051840,0,67134029824,17884512256,61394685952,61394690560,5950705152,0,160846221312,121112449024,0
1791596519.6801176,0.04611414670944214,61606051840,0,67102572544,17915969536,61394685952,61394690560,5919247872,0,160845971456,121112449024,0
1791596519.8788526,0.04476390406489372,61606051840,0,67104669696,17913872384,61394685952,61394690560,5921345024,0,160846049280,121112449024,0
1791596520.0797036,0.045531995594501495,61606051840,0,67155001344,17863540736,61394685952,61394690560,5971676672,0,160846008320,121112449024,0
1791596520.2779217,0.043670209124684334,61606051840,0,67117252608,17901289472,61394685952,61394690560,5933927936,0,160846098432,121112449024,0
1791596520.4804115,0.04607650451362133,61606051840,0,67100475392,17918066688,61394685952,61394690560,5917150720,0,160846192640,121112449024,0
1791596520.683107,0.048682019114494324,61606051840,0,67148709888,17869832192,61394685952,61394690560,5965385216,0,160846438400,121112449024,0
1791596520.8838167,0.049299051985144615,61606051840,0,67127738368,17890803712,61394685952,61394690560,5944413696,0,160846180352,121112449024,0
1791596521.081591,0.04698474332690239,61606051840,0,67108864000,17909678080,61394685952,61394690560,5925539328,0,160846262272,121112449024,0
1791596521.2845333,0.04984092526137829,61606051840,0,67142418432,17876123648,61394685952,61394690560,5959093760,0,160846057472,121112449024,0
1791596521.481599,0.04682471603155136,61606051840,0,67131932672,17886609408,61394685952,61394690560,5948608000,0,160846012416,121112449024,0
1791596521.6796951,0.04483724944293499,61606051840,0,67131932672,17886609408,61394685952,61394690560,5948608000,0,160845791232,121112449024,0
1791596521.8805394,0.04559687152504921,61606051840,0,67129835520,17888706560,61394685952,61394690560,5946510848,0,160845815808,121112449024,0
1791596522.0848408,0.04980901628732681,61606051840,0,67138224128,17880317952,61394685952,61394690560,5954899456,0,160845881344,121112449024,0
1791596522.2925963,0.0574719849973917,61606051840,0,67144515584,17874026496,61394685952,61394690560,5961190912,0,160845889536,121112444928,0
1791596522.4808917,0.045677995309233665,61606051840,0,67125641216,17892900864,61394685952,61394690560,5942316544,0,160845824000,121112444928,0
1791596522.684397,0.04909725673496723,61606051840,0,67159195648,17859346432,61394685952,61394690560,5975870976,0,160846008320,121112444928,0
1791596522.8837454,0.048359889537096024,61606051840,0,67142418432,17876123648,61394685952,61394690560,5959093760,0,160846303232,121112444928,0
1791596523.0802045,0.04473370499908924,61606051840,0,67138224128,17880317952,61394685952,61394690560,5954899456,0,160846290944,121112444928,0
1791596523.2828517,0.04730146378278732,61606051840,0,67071115264,17947426816,61394685952,61394690560,5887790592,0,160846544896,121112444928,0
1791596523.4877932,0.05213358625769615,61606051840,0,67071115264,17947426816,61394685952,61394690560,5887790592,0,160845926400,121112444928,0
1791596523.685892,0.05012270621955395,61606051840,0,67071115264,17947426816,61394685952,61394690560,5887790592,0,160846016512,121112444928,0
1791596523.88219,0.046335771679878235,61606051840,0,67071115264,17947426816,61394685952,61394690560,5887790592,0,160846114816,121112444928,0
1791596524.0803523,0.04441329464316368,61606051840,0,67071115264,17947426816,61394685952,61394690560,5887790592,0,160846188544,121112444928,0
1791596524.2800612,0.04404463618993759,61606051840,0,67071115264,17947426816,61394685952,61394690560,5887790592,0,160846274560,121112444928,0
1791596524.479136,0.04303530044853687,61606051840,0,67071115264,17947426816,61394685952,61394690560,5887790592,0,160845991936,121112444928,0
1791596524.6832466,0.04702620021998882,61606051840,0,67071115264,17947426816,61394685952,61394690560,5887790592,0,160846090240,121112444928,0
1791596524.8858407,0.04953576810657978,61605965824,0,67071115264,17947426816,61394685952,61394690560,5887704576,0,160846020608,121112444928,0
1791596525.0804398,0.044048430398106575,61605965824,0,67087892480,17930649600,61394685952,61394690560,5904481792,0,160846008320,121112444928,0
1791596525.2868426,0.05035719648003578,61605965824,0,67077406720,17941135360,61394685952,61394690560,5893996032,0,160846098432,121112440832,0
1791596525.4828045,0.04623389057815075,61605965824,0,67083698176,17934843904,61394685952,61394690560,5900287488,0,160845819904,121112440832,0
1791596525.6810155,0.04435933940112591,61605965824,0,67100475392,17918066688,61394685952,61394690560,5917064704,0,160845795328,121112440832,0
1791596525.8837595,0.04701789282262325,61605965824,0,67102572544,17915969536,61394685952,61394690560,5919161856,0,160845873152,121112440832,0
1791596526.088052,0.051224078983068466,61605965824,0,67117252608,17901289472,61394685952,61394690560,5933841920,0,160846233600,121112440832,0
1791596526.2863557,0.049443334341049194,61605965824,0,67106766848,17911775232,61394685952,61394690560,5923356160,0,160846139392,121112440832,0
1791596526.4858594,0.048859456554055214,61605965824,0,67106766848,17911775232,61394685952,61394690560,5923356160,0,160846049280,121112440832,0
1791596526.6864748,0.04938753508031368,61605965824,0,67098378240,17920163840,61394685952,61394690560,5914967552,0,160845770752,121112440832,0
1791596526.8854387,0.04826824553310871,61605965824,0,67142418432,17876123648,61394685952,61394690560,5959007744,0,160845860864,121112440832,0
1791596527.084021,0.046753427013754845,61605965824,0,67125641216,17892900864,61394685952,61394690560,5942230528,0,160845922304,121112440832,0
1791596527.2853007,0.04794751666486263,61605965824,0,67100475392,17918066688,61394685952,61394690560,5917064704,0,160846012416,121112436736,0
1791596527.4832797,0.04584345035254955,61605965824,0,67161292800,17857249280,61394685952,61394690560,5977882112,0,160845791232,121112436736,0
1791596527.6818883,0.04436655715107918,61605965824,0,67115155456,17903386624,61394685952,61394690560,5931744768,0,160846106624,121112436736,0
1791596527.882458,0.04485424607992172,61605965824,0,67106766848,17911775232,61394685952,61394690560,5923356160,0,160845828096,121112436736,0
1791596528.0813794,0.04368857108056545,61605965824,0,67123544064,17894998016,61394685952,61394690560,5940133376,0,160845824000,121112436736,0
1791596528.2834928,0.045722683891654015,61605965824,0,67131932672,17886609408,61394685952,61394690560,5948521984,0,160845463552,121112436736,0
1791596528.4823725,0.044518014416098595,61605965824,0,67140321280,17878220800,61394685952,61394690560,5956910592,0,160845545472,121112436736,0
1791596528.682459,0.044522251933813095,61605965824,0,67127738368,17890803712,61394685952,61394690560,5944327680,0,160845275136,121112436736,0
1791596528.8847952,0.04677541181445122,61605965824,0,67165487104,17853054976,61394685952,61394690560,5982076416,0,160845488128,121112436736,0
1791596529.0893855,0.05128060095012188,61605965824,0,67144515584,17874026496,61394685952,61394690560,5961104896,0,160845205504,121112436736,0
1791596529.2820396,0.04382052645087242,61605974016,0,67125641216,17892900864,61394685952,61394690560,5942238720,0,160845168640,121112436736,0
1791596529.4866035,0.048300620168447495,61605994496,0,67186458624,17832083456,61394685952,61394690560,6003076608,0,160845492224,121112436736,0
1791596529.6880066,0.0496171060949564,61606019072,0,67148709888,17869832192,61394685952,61394690560,5965352448,0,160845484032,121112436736,0
1791596529.884219,0.045745860785245895,61606051840,0,67131932672,17886609408,61394685952,61394690560,5948608000,0,160845746176,121112436736,0
1791596530.0820115,0.043451109901070595,61606051840,0,67071115264,17947426816,61394685952,61394690560,5887790592,0,160845504512,121112436736,0
1791596530.2843142,0.04567098803818226,61606051840,0,67071115264,17947426816,61394685952,61394690560,5887790592,0,160845680640,121112432640,0
1791596530.4829018,0.044173916801810265,61606051840,0,67071115264,17947426816,61394685952,61394690560,5887790592,0,160845676544,121112432640,0
1791596530.6894,0.05059416964650154,61606051840,0,67071115264,17947426816,61394685952,61394690560,5887790592,0,160845762560,121112432640,0
1791596530.8862634,0.047370100393891335,61606051840,0,67071115264,17947426816,61394685952,61394690560,5887790592,0,160845766656,121112432640,0
1791596531.0853846,0.04640330374240875,61606051840,0,67071115264,17947426816,61394685952,61394690560,5887790592,0,160845721600,121112432640,0
1791596531.290621,0.051551371812820435,61606051840,0,67071115264,17947426816,61394685952,61394690560,5887790592,0,160845811712,121112432640,0
1791596531.4873693,0.048198429867625237,61606051840,0,67081601024,17936941056,61394685952,61394690560,5898276352,0,160845783040,121112432640,0
1791596531.6872568,0.04800298996269703,61606051840,0,67071115264,17947426816,61394685952,61394690560,5887790592,0,160845684736,121112432640,0
1791596531.891759,0.052383679896593094,61606051840,0,67134029824,17884512256,61394685952,61394690560,5950705152,0,160845701120,121112432640,0
1791596532.0967832,0.05730728805065155,61606051840,0,67089989632,17928552448,61394685952,61394690560,5906664960,0,160845713408,121112432640,0
1791596532.3037863,0.06421065889298916,61606051840,0,67083698176,17934843904,61394685952,61394690560,5900373504,0,160845611008,121112432640,0
1791596532.487593,0.047916846349835396,61606051840,0,67081601024,17936941056,61394685952,61394690560,5898276352,0,160845545472,121112432640,0
1791596532.6878822,0.0481234397739172,61606051840,0,67096281088,17922260992,61394685952,61394690560,5912956416,0,160845914112,121112432640,0
1791596532.8888154,0.04897439666092396,61606051840,0,67104669696,17913872384,61394685952,61394690560,5921345024,0,160845742080,121112432640,0
1791596533.0861998,0.046257784590125084,61606051840,0,67106766848,17911775232,61394685952,61394690560,5923442176,0,160846057472,121112432640,0
1791596533.28493,0.04488235339522362,61606051840,0,67102572544,17915969536,61394685952,61394690560,5919247872,0,160845987840,121112428544,0
1791596533.4874668,0.047336023300886154,61606051840,0,67131932672,17886609408,61394685952,61394690560,5948608000,0,160845713408,121112428544,0
1791596533.6873932,0.04717772826552391,61606051840,0,67121446912,17897095168,61394685952,61394690560,5938122240,0,160845660160,121112428544,0
1791596533.887013,0.046715645119547844,61606051840,0,67108864000,17909678080,61394685952,61394690560,5925539328,0,160845750272,121112428544,0
1791596534.089908,0.04950270801782608,61606051840,0,67159195648,17859346432,61394685952,61394690560,5975870976,0,160845815808,121112428544,0
1791596534.2884169,0.04792302846908569,61606051840,0,67127738368,17890803712,61394685952,61394690560,5944413696,0,160845840384,121112428544,0
1791596534.487992,0.04741765186190605,61606051840,0,67106766848,17911775232,61394685952,61394690560,5923442176,0,160845660160,121112428544,0
1791596534.6878777,0.047221751883625984,61606051840,0,67167584256,17850957824,61394685952,61394690560,5984259584,0,160845484032,121112428544,0
1791596534.8886967,0.047957055270671844,61606051840,0,67136126976,17882415104,61394685952,61394690560,5952802304,0,160845586432,121112428544,0
1791596535.0874386,0.046617425978183746,61606051840,0,67113058304,17905483776,61394685952,61394690560,5929733632,0,160845697024,121112428544,0
1791596535.2841895,0.043288515880703926,61606051840,0,67146612736,17871929344,61394685952,61394690560,5963288064,0,160846057472,121112424448,0
1791596535.4830391,0.042058540508151054,61606051840,0,67129835520,17888706560,61394685952,61394690560,5946510848,0,160845942784,121112424448,0
1791596535.683845,0.04277893714606762,61606051840,0,67119349760,17899192320,61394685952,61394690560,5936025088,0,160845484032,121112424448,0
1791596535.884596,0.04344796575605869,61606051840,0,67155001344,17863540736,61394685952,61394690560,5971676672,0,160845570048,121112424448,0
1791596536.087965,0.0467366948723793,61606051840,0,67148709888,17869832192,61394685952,61394690560,5965385216,0,160845336576,121112424448,0
1791596536.2905576,0.0492369681596756,61606051840,0,67127738368,17890803712,61394685952,61394690560,5944413696,0,160845414400,121112424448,0
1791596536.4906845,0.049272188916802406,61606051840,0,67188555776,17829986304,61394685952,61394690560,6005231104,0,160845471744,121112424448,0
1791596536.6900692,0.048573872074484825,61606051840,0,67142418432,17876123648,61394685952,61394690560,5959093760,0,160845561856,121112424448,0
1791596536.889937,0.04836212657392025,61606051840,0,67071115264,17947426816,61394685952,61394690560,5887790592,0,160845656064,121112424448,0
1791596537.0879476,0.04628768190741539,61606051840,0,67071115264,17947426816,61394685952,61394690560,5887790592,0,160845123584,121112424448,0
1791596537.287915,0.04617113433778286,61606051840,0,67071115264,17947426816,61394685952,61394690560,5887790592,0,160845434880,121112424448,0
1791596537.4882715,0.04644455946981907,61606051840,0,67071115264,17947426816,61394685952,61394690560,5887790592,0,160845434880,121112424448,0
1791596537.6885197,0.04658571630716324,61606051840,0,67071115264,17947426816,61394685952,61394690560,5887790592,0,160845688832,121112424448,0
1791596537.888266,0.04624981991946697,61606051840,0,67071115264,17947426816,61394685952,61394690560,5887790592,0,160845676544,121112424448,0
1791596538.0901368,0.04803565703332424,61606051840,0,67071115264,17947426816,61394685952,61394690560,5887790592,0,160845672448,121112424448,0
1791596538.2932146,0.050964998081326485,61606051840,0,67129835520,17888706560,61394685952,61394690560,5946510848,0,160845795328,121112420352,0
1791596538.4920268,0.049684347584843636,61606051840,0,67083698176,17934843904,61394685952,61394690560,5900373504,0,160845840384,121112420352,0
1791596538.6915042,0.04907183721661568,61606051840,0,67075309568,17943232512,61394685952,61394690560,5891984896,0,160845762560,121112420352,0
1791596538.8892574,0.04674454405903816,61606051840,0,67089989632,17928552448,61394685952,61394690560,5906664960,0,160845619200,121112420352,0
1791596539.0896466,0.04705129191279411,61606051840,0,67098378240,17920163840,61394685952,61394690560,5915053568,0,160845357056,121112420352,0
1791596539.2893286,0.04665189981460571,61606051840,0,67104669696,17913872384,61394685952,61394690560,5921345024,0,160845455360,121112420352,0
1791596539.4926736,0.04990377277135849,61606051840,0,67089989632,17928552448,61394685952,61394690560,5906664960,0,160845135872,121112420352,0
1791596539.6897562,0.04689748026430607,61606051840,0,67106766848,17911775232,61394685952,61394690560,5923442176,0,160845209600,121112420352,0
1791596539.8896778,0.046738214790821075,61606051840,0,67113058304,17905483776,61394685952,61394690560,5929733632,0,160845197312,121112420352,0
1791596540.091094,0.04807492345571518,61606051840,0,67102572544,17915969536,61394685952,61394690560,5919247872,0,160845217792,121112420352,0
1791596540.2899163,0.04680114984512329,61606051840,0,67152904192,17865637888,61394685952,61394690560,5969579520,0,160845221888,121112420352,0
1791596540.4889936,0.045795729383826256,61606051840,0,67115155456,17903386624,61394685952,61394690560,5931830784,0,160845533184,121112420352,0
1791596540.691344,0.048060934990644455,61606051840,0,67110961152,17907580928,61394685952,61394690560,5927636480,0,160845369344,121112420352,0
1791596540.8950644,0.0516886617988348,61606051840,0,67148709888,17869832192,61394685952,61394690560,5965385216,0,160845287424,121112420352,0
1791596541.0907843,0.047322237864136696,61606051840,0,67131932672,17886609408,61394685952,61394690560,5948608000,0,160845537280,121112420352,0
1791596541.2891083,0.04556595906615257,61606051840,0,67106766848,17911775232,61394685952,61394690560,5923442176,0,160845287424,121112416256,0
1791596541.4883015,0.04467407241463661,61606051840,0,67167584256,17850957824,61394685952,61394690560,5984259584,0,160845017088,121112416256,0
1791596541.6754255,0.03172752074897289,61606051840,0,67129835520,17888706560,61394685952,61394690560,5946510848,0,160845197312,121112416256,0
1791596541.8803148,0.03655201569199562,61606051840,0,67129835520,17888706560,61394685952,61394690560,5946510848,0,160845291520,121112416256,0
1791596542.0934057,0.049531109631061554,61606051840,0,67121446912,17897095168,61394685952,61394690560,5938122240,0,160845623296,121112416256,0
1791596542.29422,0.05023401416838169,61606051840,0,67138224128,17880317952,61394685952,61394690560,5954899456,0,160845660160,121112416256,0
1791596542.4993558,0.055287500843405724,61606051840,0,67136126976,17882415104,61394685952,61394690560,5952802304,0,160845389824,121112416256,0
1791596542.691347,0.047192780300974846,61606051840,0,67123544064,17894998016,61394685952,61394690560,5940219392,0,160845688832,121112416256,0
1791596542.892863,0.048600634559988976,61606051840,0,67184361472,17834180608,61394685952,61394690560,6001036800,0,160845725696,121112416256,0
1791596543.0788167,0.03447801247239113,61606051840,0,67173875712,17844666368,61394685952,61394690560,5990551040,0,160845701120,121112416256,0
1791596543.2771537,0.03275142051279545,61606051840,0,67155001344,17863540736,61394685952,61394690560,5971676672,0,160846659584,121112412160,0
1791596543.4760103,0.031543850898742676,61606051840,0,67264053248,17754488832,61394685952,61394690560,6080728576,0,160845799424,121112567808,0
1791596543.6750681,0.030538251623511314,61606051840,0,67071115264,17947426816,61394685952,61394690560,5887790592,0,160845848576,121112567808,0
1791596543.8801012,0.03550866059958935,61606051840,0,67071115264,17947426816,61394685952,61394690560,5887790592,0,160845844480,121112567808,0
1791596544.077172,0.03251873329281807,61606051840,0,67071115264,17947426816,61394685952,61394690560,5887790592,0,160845934592,121112567808,0
1791596544.2934482,0.04869045130908489,61606051840,0,67071115264,17947426816,61394685952,61394690560,5887790592,0,160845918208,121112567808,0
1791596544.491976,0.0471354927867651,61606051840,0,67071115264,17947426816,61394685952,61394690560,5887790592,0,160845762560,121112567808,0
1791596544.6940756,0.04913572035729885,61606051840,0,67071115264,17947426816,61394685952,61394690560,5887790592,0,160845864960,121112567808,0
1791596544.894232,0.049209797754883766,61606051840,0,67071115264,17947426816,61394685952,61394690560,5887790592,0,160845885440,121112567808,0
1791596545.0917146,0.046613674610853195,61606051840,0,67098378240,17920163840,61394685952,61394690560,5915053568,0,160846069760,121112567808,0
1791596545.2884157,0.04320167005062103,61606051840,0,67073212416,17945329664,61394685952,61394690560,5889887744,0,160846163968,121112567808,0
1791596545.4914386,0.04614129662513733,61606051840,0,67106766848,17911775232,61394685952,61394690560,5923442176,0,160846127104,121112567808,0
1791596545.6941721,0.048789799213409424,61606051840,0,67096281088,17922260992,61394685952,61394690560,5912956416,0,160845971456,121112567808,0
1791596545.8912601,0.04580096714198589,61606051840,0,67083698176,17934843904,61394685952,61394690560,5900373504,0,160846024704,121112567808,0
1791596546.0900059,0.04446801543235779,61606051840,0,67087892480,17930649600,61394685952,61394690560,5904567808,0,160845746176,121112567808,0
1791596546.2896252,0.04401032440364361,61606051840,0,67144515584,17874026496,61394685952,61394690560,5961190912,0,160845836288,121112563712,0
1791596546.4897726,0.04407777450978756,61606051840,0,67110961152,17907580928,61394685952,61394690560,5927636480,0,160845819904,121112563712,0
1791596546.6876738,0.04189994931221008,61606051840,0,67089989632,17928552448,61394685952,61394690560,5906664960,0,160845905920,121112563712,0
1791596546.8878202,0.041970157995820045,61606051840,0,67150807040,17867735040,61394685952,61394690560,5967482368,0,160845701120,121112563712,0
1791596547.0929265,0.04699641652405262,61606051840,0,67104669696,17913872384,61394685952,61394690560,5921345024,0,160845709312,121112563712,0
1791596547.2954402,0.049421412870287895,61606051840,0,67098378240,17920163840,61394685952,61394690560,5915053568,0,160845717504,121112563712,0
1791596547.4927022,0.04660305194556713,61606051840,0,67159195648,17859346432,61394685952,61394690560,5975870976,0,160845705216,121112563712,0
1791596547.6898265,0.04361150600016117,61606051840,0,67115155456,17903386624,61394685952,61394690560,5931830784,0,160846106624,121112563712,0
1791596547.8889425,0.04265141487121582,61606051840,0,67104669696,17913872384,61394685952,61394690560,5921345024,0,160846176256,121112563712,0
1791596548.092979,0.046607838943600655,61606051840,0,67138224128,17880317952,61394685952,61394690560,5954899456,0,160846143488,121112563712,0
1791596548.2932258,0.046777984127402306,61606051840,0,67127738368,17890803712,61394685952,61394690560,5944413696,0,160846151680,121112563712,0
1791596548.4961684,0.04962002485990524,61606051840,0,67110961152,17907580928,61394685952,61394690560,5927636480,0,160845955072,121112211456,0
1791596548.695767,0.04913828708231449,61606051840,0,67119349760,17899192320,61394685952,61394690560,5936025088,0,160846045184,121112211456,0
1791596548.8957481,0.049036940559744835,61606051840,0,67136126976,17882415104,61394685952,61394690560,5952802304,0,160846114816,121112211456,0
1791596549.0938764,0.04708295315504074,61606051840,0,67148709888,17869832192,61394685952,61394690560,5965385216,0,160846204928,121112211456,0
1791596549.2967727,0.04989639110863209,61606051840,0,67134029824,17884512256,61394685952,61394690560,5950705152,0,160846565376,121112207360,0
1791596549.4941437,0.04718302935361862,61606051840,0,67169681408,17848860672,61394685952,61394690560,5986356736,0,160846393344,121112207360,0
1791596549.6962733,0.04923204705119133,61606051840,0,67144515584,17874026496,61394685952,61394690560,5961190912,0,160846249984,121112207360,0
1791596549.893348,0.04622156545519829,61606051840,0,67129835520,17888706560,61394685952,61394690560,5946510848,0,160846569472,121112207360,0
1791596550.0948515,0.04764646291732788,61606051840,0,67196944384,17821597696,61394685952,61394690560,6013619712,0,160846884864,121112207360,0
1791596550.2944133,0.047121744602918625,61606051840,0,67071115264,17947426816,61394685952,61394690560,5887790592,0,160846913536,121112207360,0
1791596550.4925754,0.045202434062957764,61606051840,0,67071115264,17947426816,61394685952,61394690560,5887790592,0,160846577664,121112207360,0
1791596550.6912804,0.04382503964006901,61606051840,0,67071115264,17947426816,61394685952,61394690560,5887790592,0,160846667776,121112207360,0
1791596550.8953438,0.04780680686235428,61606051840,0,67071115264,17947426816,61394685952,61394690560,5887790592,0,160846688256,121112207360,0
1791596551.0949602,0.04733494482934475,61606051840,0,67071115264,17947426816,61394685952,61394690560,5887790592,0,160846503936,121112207360,0
1791596551.2925727,0.04486805200576782,61606051840,0,67071115264,17947426816,61394685952,61394690560,5887790592,0,160846594048,121112203264,0
1791596551.4925818,0.04479600675404072,61606051840,0,67071115264,17947426816,61394685952,61394690560,5887790592,0,160846614528,121112203264,0
1791596551.6955934,0.04772656224668026,61606051840,0,67071115264,17947426816,61394685952,61394690560,5887790592,0,160846618624,121112203264,0
1791596551.8954005,0.04744691401720047,61606051840,0,67129835520,17888706560,61394685952,61394690560,5946510848,0,160846602240,121112203264,0
1791596552.0926871,0.04465583898127079,61606051840,0,67092086784,17926455296,61394685952,61394690560,5908762112,0,160846958592,121112203264,0
1791596552.2936063,0.045487647876143456,61606051840,0,67075309568,17943232512,61394685952,61394690560,5891984896,0,160846778368,121112203264,0
1791596552.4929724,0.04477071203291416,61606051840,0,67138224128,17880317952,61394685952,61394690560,5954899456,0,160846794752,121112203264,0
1791596552.6962783,0.047992873936891556,61606051840,0,67104669696,17913872384,61394685952,61394690560,5921345024,0,160846811136,121112203264,0
1791596552.896005,0.047637106850743294,61606051840,0,67083698176,17934843904,61394685952,61394690560,5900373504,0,160846823424,121112203264,0
1791596553.0978963,0.049448003992438316,61606051840,0,67144515584,17874026496,61394685952,61394690560,5961190912,0,160846647296,121112203264,0
1791596553.2957194,0.04719008319079876,61606051840,0,67106766848,17911775232,61394685952,61394690560,5923442176,0,160846589952,121112203264,0
1791596553.4980812,0.049467796459794044,61606051840,0,67108864000,17909678080,61394685952,61394690560,5925539328,0,160846688256,121112203264,0
1791596553.6940606,0.045365599915385246,61606051840,0,67094183936,17924358144,61394685952,61394690560,5910859264,0,160846745600,121112203264,0
1791596553.8942828,0.0455087311565876,61606051840,0,67155001344,17863540736,61394685952,61394690560,5971676672,0,160846786560,121112203264,0
1791596554.093624,0.044764310121536255,61606051840,0,67117252608,17901289472,61394685952,61394690560,5933927936,0,160846520320,121112203264,0
1791596554.28328,0.03435632213950157,61606051840,0,67106766848,17911775232,61394685952,61394690560,5923442176,0,160846540800,121112199168,0
1791596554.4957635,0.04675905965268612,61606051840,0,67106766848,17911775232,61394685952,61394690560,5923442176,0,160846385152,121112199168,0
1791596554.6954994,0.04641343466937542,61606051840,0,67123544064,17894998016,61394685952,61394690560,5940219392,0,160846475264,121112199168,0
1791596554.8982086,0.04897710122168064,61606051840,0,67125641216,17892900864,61394685952,61394690560,5942316544,0,160846548992,121112199168,0
1791596555.095217,0.04590305685997009,61606051840,0,67110961152,17907580928,61394685952,61394690560,5927636480,0,160846647296,121112199168,0
1791596555.2936783,0.044282177463173866,61606051840,0,67178070016,17840472064,61394685952,61394690560,5994745344,0,160846643200,121112199168,0
1791596555.494293,0.044814491644501686,61606051840,0,67134029824,17884512256,61394685952,61394690560,5950705152,0,160846643200,121112199168,0
1791596555.6943161,0.044752296060323715,61606051840,0,67117252608,17901289472,61394685952,61394690560,5933927936,0,160846282752,121112199168,0
1791596555.8934636,0.04381823167204857,61606051840,0,67178070016,17840472064,61394685952,61394690560,5994745344,0,160846376960,121112199168,0
1791596556.0990827,0.04935569129884243,61606051840,0,67140321280,17878220800,61394685952,61394690560,5956996608,0,160846393344,121112199168,0
1791596556.2957928,0.04598427750170231,61606051840,0,67125641216,17892900864,61394685952,61394690560,5942316544,0,160846254080,121112199168,0
1791596556.493207,0.043315792456269264,61606051840,0,67186458624,17832083456,61394685952,61394690560,6003133952,0,160846274560,121112199168,0
1791596556.6927454,0.04277649335563183,61606051840,0,67142418432,17876123648,61394685952,61394690560,5959093760,0,160846368768,121112199168,0
1791596556.8912034,0.04115556366741657,61606051840,0,67138224128,17880317952,61394685952,61394690560,5954899456,0,160846462976,121112199168,0
1791596557.0907164,0.04058779217302799,61606051840,0,67071115264,17947426816,61394685952,61394690560,5887790592,0,160846389248,121112199168,0
1791596557.2946298,0.04442184418439865,61606051840,0,67071115264,17947426816,61394685952,61394690560,5887790592,0,160846209024,121112195072,0
1791596557.4934466,0.04315387085080147,61606051840,0,67071115264,17947426816,61394685952,61394690560,5887790592,0,160845901824,121112195072,0
1791596557.695211,0.04483513906598091,61606051840,0,67071115264,17947426816,61394685952,61394690560,5887790592,0,160846434304,121112195072,0
1791596557.8961897,0.04573246091604233,61606051840,0,67071115264,17947426816,61394685952,61394690560,5887790592,0,160846176256,121112195072,0
1791596558.093537,0.04299968108534813,61606051840,0,67071115264,17947426816,61394685952,61394690560,5887790592,0,160846188544,121112195072,0
1791596558.2950568,0.04443665035068989,61606051840,0,67071115264,17947426816,61394685952,61394690560,5887790592,0,160845783040,121112195072,0
1791596558.4990313,0.048330847173929214,61606051840,0,67071115264,17947426816,61394685952,61394690560,5887790592,0,160846073856,121112195072,0
1791596558.698493,0.047710927203297615,61606051840,0,67071115264,17947426816,61394685952,61394690560,5887790592,0,160845926400,121112195072,0
1791596558.8998823,0.04901608265936375,61606051840,0,67134029824,17884512256,61394685952,61394690560,5950705152,0,160845996032,121112195072,0
1791596559.095928,0.044979291036725044,61606051840,0,67087892480,17930649600,61394685952,61394690560,5904567808,0,160845996032,121112195072,0
1791596559.2991438,0.04811348021030426,61606051840,0,67079503872,17939038208,61394685952,61394690560,5896179200,0,160845713408,121112190976,0
1791596559.4996958,0.04857880808413029,61606051840,0,67113058304,17905483776,61394685952,61394690560,5929733632,0,160845463552,121112190976,0
1791596559.6972783,0.04607464000582695,61606051840,0,67102572544,17915969536,61394685952,61394690560,5919247872,0,160845811712,121112190976,0
1791596559.8935404,0.04225562512874603,61606051840,0,67096281088,17922260992,61394685952,61394690560,5912956416,0,160845897728,121112190976,0
1791596560.0954437,0.04407654143869877,61606051840,0,67102572544,17915969536,61394685952,61394690560,5919247872,0,160846098432,121112190976,0
1791596560.2994254,0.047980597242712975,61606051840,0,67110961152,17907580928,61394685952,61394690560,5927636480,0,160846188544,121112190976,0
1791596560.5070732,0.05554315820336342,61606051840,0,67100475392,17918066688,61394685952,61394690560,5917150720,0,160845852672,121112190976,0
1791596560.700146,0.04853042587637901,61606051840,0,67096281088,17922260992,61394685952,61394690560,5912956416,0,160846069760,121112190976,0
1791596560.8992286,0.04752916283905506,61606051840,0,67163389952,17855152128,61394685952,61394690560,5980065280,0,160845787136,121112190976,0
1791596561.096881,0.045080406591296196,61606051840,0,67110961152,17907580928,61394685952,61394690560,5927636480,0,160845733888,121112190976,0
1791596561.296403,0.044521111994981766,61606051840,0,67102572544,17915969536,61394685952,61394690560,5919247872,0,160845643776,121112190976,0
1791596561.495167,0.04321697726845741,61606051840,0,67138224128,17880317952,61394685952,61394690560,5954899456,0,160845979648,121112190976,0
1791596561.6961362,0.04410281591117382,61606051840,0,67127738368,17890803712,61394685952,61394690560,5944413696,0,160845692928,121112190976,0
1791596561.8951397,0.043021928519010544,61606051840,0,67115155456,17903386624,61394685952,61394690560,5931830784,0,160845778944,121112190976,0
1791596562.1016166,0.04941674321889877,61606051840,0,67144515584,17874026496,61394685952,61394690560,5961190912,0,160845705216,121112190976,0
1791596562.3024147,0.05012683942914009,61606051840,0,67134029824,17884512256,61394685952,61394690560,5950705152,0,160845803520,121112186880,0
1791596562.504351,0.051973551511764526,61606051840,0,67119349760,17899192320,61394685952,61394690560,5936025088,0,160845582336,121112186880,0
1791596562.6991007,0.046651335433125496,61606051840,0,67131932672,17886609408,61394685952,61394690560,5948608000,0,160846098432,121112186880,0
1791596562.8979523,0.045421378687024117,61606051840,0,67169681408,17848860672,61394685952,61394690560,5986356736,0,160846077952,121112186880,0
1791596563.1025407,0.049918632954359055,61606051840,0,67148709888,17869832192,61394685952,61394690560,5965385216,0,160845803520,121112186880,0
1791596563.2988641,0.04615858942270279,61606051840,0,67127738368,17890803712,61394685952,61394690560,5944413696,0,160846123008,121112186880,0
1791596563.4965692,0.043783051893115044,61606051840,0,67142418432,17876123648,61394685952,61394690560,5959093760,0,160846110720,121112186880,0
1791596563.6957266,0.042854201048612595,61606051840,0,67150807040,17867735040,61394685952,61394690560,5967482368,0,160846200832,121112186880,0
1791596563.8967266,0.043769437819719315,61606051840,0,67071115264,17947426816,61394685952,61394690560,5887790592,0,160846020608,121112186880,0
1791596564.1021361,0.04909552447497845,61606051840,0,67071115264,17947426816,61394685952,61394690560,5887790592,0,160846364672,121112186880,0
1791596564.2989242,0.04580173268914223,61606051840,0,67071115264,17947426816,61394685952,61394690560,5887790592,0,160846438400,121112186880,0
1791596564.4969661,0.043763868510723114,61606051840,0,67071115264,17947426816,61394685952,61394690560,5887790592,0,160846389248,121112186880,0
1791596564.69989,0.04660635441541672,61606051840,0,67071115264,17947426816,61394685952,61394690560,5887790592,0,160846356480,121112186880,0
1791596564.9014902,0.04812381602823734,61606051840,0,67071115264,17947426816,61394685952,61394690560,5887790592,0,160846331904,121112186880,0
1791596565.0998003,0.04635295085608959,61606051840,0,67071115264,17947426816,61394685952,61394690560,5887790592,0,160846270464,121112186880,0
1791596565.3017793,0.04825001209974289,61606051840,0,67081601024,17936941056,61394685952,61394690560,5898276352,0,160846311424,121112182784,0
1791596565.499911,0.046272531151771545,61606051840,0,67138224128,17880317952,61394685952,61394690560,5954899456,0,160846327808,121112182784,0
1791596565.6976018,0.043883191421628,61606051840,0,67098378240,17920163840,61394685952,61394690560,5915053568,0,160846168064,121112182784,0
1791596565.8962784,0.042480507865548134,61606051840,0,67077406720,17941135360,61394685952,61394690560,5894082048,0,160846082048,121112182784,0
1791596566.0963268,0.04245061054825783,61606051840,0,67138224128,17880317952,61394685952,61394690560,5954899456,0,160846168064,121112182784,0
1791596566.2981503,0.04419540427625179,61606051840,0,67094183936,17924358144,61394685952,61394690560,5910859264,0,160846262272,121112182784,0
1791596566.4983737,0.04433297552168369,61606051840,0,67085795328,17932746752,61394685952,61394690560,5902470656,0,160846168064,121112182784,0
1791596566.7190518,0.06494756788015366,61606051840,0,67117252608,17901289472,61394685952,61394690560,5933927936,0,160845586432,121112182784,0
1791596566.9020343,0.0478060320019722,61606051840,0,67100475392,17918066688,61394685952,61394690560,5917150720,0,160845729792,121112182784,0
1791596567.1054382,0.0511100459843874,61606051840,0,67121446912,17897095168,61394685952,61394690560,5938122240,0,160845426688,121112182784,0
1791596567.3043783,0.04995119199156761,61606051840,0,67110961152,17907580928,61394685952,61394690560,5927636480,0,160845512704,121112178688,0
1791596567.5021067,0.04759797640144825,61606051840,0,67123544064,17894998016,61394685952,61394690560,5940219392,0,160845660160,121112178688,0
1791596567.7048538,0.05025028809905052,61606051840,0,67096281088,17922260992,61394685952,61394690560,5912956416,0,160846061568,121112178688,0
1791596567.900404,0.045718125998973846,61606051840,0,67157098496,17861443584,61394685952,61394690560,5973773824,0,160845803520,121112178688,0
1791596568.099403,0.0446358397603035,61606051840,0,67110961152,17907580928,61394685952,61394690560,5927636480,0,160845746176,121112178688,0
1791596568.300108,0.04525996930897236,61606051840,0,67102572544,17915969536,61394685952,61394690560,5919247872,0,160845541376,121112178688,0
1791596568.5009315,0.046002818271517754,61606051840,0,67165487104,17853054976,61394685952,61394690560,5982162432,0,160845615104,121112178688,0
1791596568.703596,0.04857638105750084,61606051840,0,67119349760,17899192320,61394685952,61394690560,5936025088,0,160845688832,121112178688,0
1791596568.9041371,0.04901259206235409,61606051840,0,67110961152,17907580928,61394685952,61394690560,5927636480,0,160845697024,121112178688,0
1791596569.1070607,0.051854345947504044,61606051840,0,67144515584,17874026496,61394685952,61394690560,5961190912,0,160845733888,121112178688,0
1791596569.2989879,0.04370128735899925,61606051840,0,67134029824,17884512256,61394685952,61394690560,5950705152,0,160845819904,121112178688,0
1791596569.4984329,0.043066103011369705,61606051840,0,67121446912,17897095168,61394685952,61394690560,5938122240,0,160845565952,121112178688,0
1791596569.7014074,0.04596119746565819,61606051840,0,67134029824,17884512256,61394685952,61394690560,5950705152,0,160845582336,121112178688,0
1791596569.9029953,0.04747132398188114,61606051840,0,67142418432,17876123648,61394685952,61394690560,5959093760,0,160845918208,121112178688,0
1791596570.1026847,0.04707494378089905,61606051840,0,67131932672,17886609408,61394685952,61394690560,5948608000,0,160845664256,121112178688,0
1791596570.301471,0.04576039873063564,61606051840,0,67131932672,17886609408,61394685952,61394690560,5948608000,0,160845606912,121112174592,0
1791596570.5047574,0.04894642345607281,61606051840,0,67148709888,17869832192,61394685952,61394690560,5965385216,0,160845869056,121112174592,0
1791596570.711066,0.05517195537686348,61606051840,0,67238887424,17779654656,61394685952,61394690560,6055562752,0,160845504512,121112174592,0
1791596570.9049664,0.04897864907979965,61606051840,0,67071115264,17947426816,61394685952,61394690560,5887790592,0,160845434880,121112174592,0
1791596571.1123028,0.056233542039990425,61606051840,0,67071115264,17947426816,61394685952,61394690560,5887790592,0,160845766656,121112174592,0
1791596571.2978034,0.04164929687976837,61606051840,0,67071115264,17947426816,61394685952,61394690560,5887790592,0,160845856768,121112174592,0
1791596571.5014136,0.045178718864917755,61606051840,0,67071115264,17947426816,61394685952,61394690560,5887790592,0,160845737984,121112174592,0
1791596571.7037332,0.04739677533507347,61606051840,0,67071115264,17947426816,61394685952,61394690560,5887790592,0,160845758464,121112174592,0
1791596571.9040282,0.047594569623470306,61606051840,0,67071115264,17947426816,61394685952,61394690560,5887790592,0,160845733888,121112174592,0
1791596572.102767,0.046252401545643806,61606051840,0,67071115264,17947426816,61394685952,61394690560,5887790592,0,160845733888,121112174592,0
1791596572.3055387,0.0489419624209404,61606051840,0,67129835520,17888706560,61394685952,61394690560,5946510848,0,160845828096,121112174592,0
1791596572.5042934,0.04761463589966297,61606051840,0,67100475392,17918066688,61394685952,61394690560,5917150720,0,160845918208,121112174592,0
1791596572.7048883,0.04812805540859699,61606051840,0,67075309568,17943232512,61394685952,61394690560,5891984896,0,160846295040,121112174592,0
1791596572.9059188,0.04905315674841404,61606051840,0,67108864000,17909678080,61394685952,61394690560,5925539328,0,160846327808,121112174592,0
1791596573.102714,0.045764463022351265,61606051840,0,67098378240,17920163840,61394685952,61394690560,5915053568,0,160846368768,121112174592,0
1791596573.3065505,0.04952014796435833,61606051840,0,67106766848,17911775232,61394685952,61394690560,5923442176,0,160846438400,121112170496,0
1791596573.4995275,0.042413463816046715,61606051840,0,67083698176,17934843904,61394685952,61394690560,5900373504,0,160846053376,121112170496,0
1791596573.6993742,0.04217571206390858,61606051840,0,67119349760,17899192320,61394685952,61394690560,5936025088,0,160846114816,121112170496,0
1791596573.8991985,0.04192277975380421,61606051840,0,67102572544,17915969536,61394685952,61394690560,5919247872,0,160846209024,121112170496,0
1791596574.1036444,0.04628698527812958,61606051840,0,67092086784,17926455296,61394685952,61394690560,5908762112,0,160846299136,121112170496,0
1791596574.3069923,0.04954260773956776,61606051840,0,67152904192,17865637888,61394685952,61394690560,5969579520,0,160845803520,121112170496,0
1791596574.502311,0.044780392199754715,61606051840,0,67115155456,17903386624,61394685952,61394690560,5931830784,0,160846331904,121112170496,0
1791596574.7019322,0.04431461542844772,61606051840,0,67100475392,17918066688,61394685952,61394690560,5917150720,0,160845877248,121112170496,0
1791596574.905327,0.047632573172450066,61606051840,0,67167584256,17850957824,61394685952,61394690560,5984259584,0,160845955072,121112170496,0
1791596575.1068537,0.04907594993710518,61606051840,0,67123544064,17894998016,61394685952,61394690560,5940219392,0,160846102528,121112170496,0
1791596575.3060272,0.04816301539540291,61606051840,0,67106766848,17911775232,61394685952,61394690560,5923442176,0,160845979648,121112166400,0
1791596575.5058737,0.04792333208024502,61606051840,0,67119349760,17899192320,61394685952,61394690560,5936025088,0,160846053376,121112166400,0
1791596575.706271,0.048238055780529976,61606051840,0,67169681408,17848860672,61394685952,61394690560,5986356736,0,160846315520,121112166400,0
1791596575.9051886,0.047072967514395714,61606051840,0,67123544064,17894998016,61394685952,61394690560,5940219392,0,160846372864,121112166400,0
1791596576.1075888,0.049389900639653206,61606051840,0,67117252608,17901289472,61394685952,61394690560,5933927936,0,160846458880,121112166400,0
1791596576.30509,0.04680867865681648,61606051840,0,67121446912,17897095168,61394685952,61394690560,5938122240,0,160846442496,121112166400,0
1791596576.5029323,0.044576505199074745,61606051840,0,67134029824,17884512256,61394685952,61394690560,5950705152,0,160846548992,121112166400,0
1791596576.7008336,0.042395615950226784,61606051840,0,67142418432,17876123648,61394685952,61394690560,5959093760,0,160846639104,121112166400,0
1791596576.8938491,0.03534599952399731,61606051840,0,67152904192,17865637888,61394685952,61394690560,5969579520,0,160846721024,121112166400,0
1791596577.1022096,0.043629515916109085,61606051840,0,67127738368,17890803712,61394685952,61394690560,5944413696,0,160846188544,121112166400,0
1791596577.3057735,0.047112489119172096,61606051840,0,67175972864,17842569216,61394685952,61394690560,5992648192,0,160846163968,121112166400,0
1791596577.5062547,0.04750336892902851,61606051840,0,67238887424,17779654656,61394685952,61394690560,6055562752,0,160846192640,121112166400,0
1791596577.7023754,0.04354107938706875,61606051840,0,67071115264,17947426816,61394685952,61394690560,5887790592,0,160846606336,121112166400,0
1791596577.9015086,0.04259313829243183,61606051840,0,67071115264,17947426816,61394685952,61394690560,5887790592,0,160846692352,121112166400,0
1791596578.100744,0.041748907417058945,61606051840,0,67071115264,17947426816,61394685952,61394690560,5887790592,0,160846495744,121112166400,0
1791596578.3004942,0.041420407593250275,61606051840,0,67071115264,17947426816,61394685952,61394690560,5887790592,0,160846827520,121112162304,0
1791596578.5021498,0.042992761358618736,61606051840,0,67071115264,17947426816,61394685952,61394690560,5887790592,0,160860258304,121112489984,0
1791596578.7057536,0.04651804268360138,61606051840,0,67071115264,17947426816,61394685952,61394690560,5887790592,0,160860311552,121112489984,0
1791596578.9060063,0.04668806307017803,61606051840,0,67071115264,17947426816,61394685952,61394690560,5887790592,0,160860164096,121112489984,0
1791596579.1027896,0.04339165985584259,61606051840,0,67081601024,17936941056,61394685952,61394690560,5898276352,0,160859971584,121112489984,0
1791596579.3020706,0.042592791840434074,61606051840,0,67110961152,17907580928,61394685952,61394690560,5927636480,0,160860057600,121112489984,0
1791596579.501408,0.041852282360196114,61606051840,0,67087892480,17930649600,61394685952,61394690560,5904567808,0,160860135424,121112489984,0
1791596579.7076957,0.04806066304445267,61606051840,0,67089989632,17928552448,61394685952,61394690560,5906664960,0,160860184576,121112489984,0
1791596579.9085655,0.04884682036936283,61606051840,0,67098378240,17920163840,61394685952,61394690560,5915053568,0,160860192768,121112489984,0
1791596580.1069143,0.047114280983805656,61606051840,0,67100475392,17918066688,61394685952,61394690560,5917150720,0,160860274688,121112489984,0
1791596580.3055267,0.045644478872418404,61606051840,0,67085795328,17932746752,61394685952,61394690560,5902470656,0,160860356608,121112489984,0
1791596580.5054483,0.045481303706765175,61606051840,0,67134029824,17884512256,61394685952,61394690560,5950705152,0,160860368896,121112489984,0
1791596580.7112718,0.051223644986748695,61606051840,0,67113058304,17905483776,61394685952,61394690560,5929733632,0,160860459008,121112489984,0
1791596580.9061055,0.04597720131278038,61606051840,0,67092086784,17926455296,61394685952,61394690560,5908762112,0,160860512256,121112489984,0
1791596581.1040785,0.043870024383068085,61606051840,0,67152904192,17865637888,61394685952,61394690560,5969579520,0,160860295168,121112489984,0
1791596581.3030944,0.042807525023818016,61606051840,0,67110961152,17907580928,61394685952,61394690560,5927636480,0,160860385280,121112485888,0
1791596581.5041723,0.04380425065755844,61606051840,0,67100475392,17918066688,61394685952,61394690560,5917150720,0,160860233728,121112485888,0
1791596581.7032278,0.04277673736214638,61606051840,0,67113058304,17905483776,61394685952,61394690560,5929733632,0,160860016640,121112485888,0
1791596581.9075534,0.047009577974677086,61606051840,0,67123544064,17894998016,61394685952,61394690560,5940219392,0,160859906048,121112485888,0
1791596582.108726,0.04809790849685669,61606051840,0,67106766848,17911775232,61394685952,61394690560,5923442176,0,160859729920,121112485888,0
1791596582.308914,0.04820290394127369,61606051840,0,67140321280,17878220800,61394685952,61394690560,5956996608,0,160859734016,121112485888,0
1791596582.4972248,0.03645045682787895,61606051840,0,67157098496,17861443584,61394685952,61394690560,5973773824,0,160859738112,121112485888,0
1791596582.711841,0.050982747226953506,61606051840,0,67117252608,17901289472,61394685952,61394690560,5933927936,0,160859742208,121112485888,0
1791596582.9077666,0.04682469554245472,61606051840,0,67121446912,17897095168,61394685952,61394690560,5938122240,0,160859594752,121111961600,0
1791596583.1096935,0.04867473058402538,61606051840,0,67138224128,17880317952,61394685952,61394690560,5954899456,0,160859697152,121111961600,0
1791596583.3048124,0.04371466860175133,61606051840,0,67140321280,17878220800,61394685952,61394690560,5956996608,0,160859901952,121111961600,0
1791596583.503528,0.04230681248009205,61606051840,0,67123544064,17894998016,61394685952,61394690560,5940219392,0,160859959296,121111961600,0
1791596583.7061572,0.044854480773210526,61606051840,0,67136126976,17882415104,61394685952,61394690560,5952802304,0,160860041216,121111961600,0
1791596583.9062407,0.044854095205664635,61606051840,0,67146612736,17871929344,61394685952,61394690560,5963288064,0,160860004352,121111961600,0
1791596584.1074579,0.045989735051989555,61606051840,0,67129835520,17888706560,61394685952,61394690560,5946510848,0,160859746304,121111961600,0
1791596584.3117921,0.05024203471839428,61606055936,0,67071115264,17947426816,61394685952,61394690560,5887794688,0,160860000256,121111957504,0
1791596584.509753,0.04812070354819298,61606055936,0,67071115264,17947426816,61394685952,61394690560,5887794688,0,160859754496,121111957504,0
1791596584.7096958,0.047983868047595024,61606055936,0,67071115264,17947426816,61394685952,61394690560,5887794688,0,160859852800,121111957504,0
1791596584.9102936,0.04849947988986969,61606055936,0,67071115264,17947426816,61394685952,61394690560,5887794688,0,160860213248,121111957504,0
1791596585.0953288,0.03347115404903889,61606055936,0,67071115264,17947426816,61394685952,61394690560,5887794688,0,160860262400,121111957504,0
1791596585.2943525,0.03243084065616131,61606055936,0,67071115264,17947426816,61394685952,61394690560,5887794688,0,160860327936,121111957504,0
1791596585.4918487,0.029865048825740814,61606055936,0,67071115264,17947426816,61394685952,61394690560,5887794688,0,160860418048,121111957504,0
1791596585.691715,0.029670054093003273,61606055936,0,67071115264,17947426816,61394685952,61394690560,5887794688,0,160860508160,121111957504,0
1791596585.9048364,0.04271000809967518,61606055936,0,67087892480,17930649600,61394685952,61394690560,5904571904,0,160860545024,121111957504,0
1791596586.108011,0.04580264165997505,61606055936,0,67077406720,17941135360,61394685952,61394690560,5894086144,0,160860635136,121111957504,0
1791596586.3062596,0.04396923631429672,61606055936,0,67102572544,17915969536,61394685952,61394690560,5919251968,0,160860463104,121111953408,0
1791596586.504882,0.04250975325703621,61606055936,0,67096281088,17922260992,61394685952,61394690560,5912960512,0,160860557312,121111953408,0
1791596586.7088208,0.04636482894420624,61606055936,0,67094183936,17924358144,61394685952,61394690560,5910863360,0,160860385280,121111953408,0
1791596586.909219,0.046684037894010544,61606055936,0,67129835520,17888706560,61394685952,61394690560,5946514944,0,160860151808,121111953408,0
1791596587.1090274,0.04641035571694374,61606055936,0,67110961152,17907580928,61394685952,61394690560,5927640576,0,160860160000,121111953408,0
1791596587.310059,0.047360192984342575,61606055936,0,67087892480,17930649600,61394685952,61394690560,5904571904,0,160859942912,121111953408,0
1791596587.512193,0.04941181838512421,61606055936,0,67148709888,17869832192,61394685952,61394690560,5965389312,0,160859791360,121111953408,0
1791596587.710385,0.04752188175916672,61606055936,0,67110961152,17907580928,61394685952,61394690560,5927640576,0,160859942912,121111953408,0
1791596587.912815,0.04986741952598095,61606055936,0,67113058304,17905483776,61394685952,61394690560,5929737728,0,160859721728,121111953408,0
1791596588.1122034,0.04917402006685734,61606055936,0,67098378240,17920163840,61394685952,61394690560,5915057664,0,160859815936,121111953408,0
1791596588.3111346,0.04802241548895836,61606055936,0,67159195648,17859346432,61394685952,61394690560,5975875072,0,160859385856,121111953408,0
1791596588.5099819,0.046785635873675346,61606055936,0,67113058304,17905483776,61394685952,61394690560,5929737728,0,160859475968,121111953408,0
1791596588.7131062,0.04982830584049225,61606055936,0,67104669696,17913872384,61394685952,61394690560,5921349120,0,160859750400,121111953408,0
1791596588.9104562,0.047099435701966286,61606055936,0,67117252608,17901289472,61394685952,61394690560,5933932032,0,160859758592,121111953408,0
1791596589.1076477,0.04420827142894268,61606055936,0,67127738368,17890803712,61394685952,61394690560,5944417792,0,160859824128,121111953408,0
1791596589.3076808,0.04416164569556713,61606055936,0,67115155456,17903386624,61394685952,61394690560,5931834880,0,160859426816,121111949312,0
1791596589.5082047,0.04460096172988415,61606055936,0,67125641216,17892900864,61394685952,61394690560,5942320640,0,160858779648,121111949312,0
1791596589.701062,0.03739005699753761,61606055936,0,67163389952,17855152128,61394685952,61394690560,5980069376,0,160859136000,121111949312,0
1791596589.909285,0.045533737167716026,61606055936,0,67125641216,17892900864,61394685952,61394690560,5942320640,0,160859234304,121111949312,0
1791596590.1096225,0.045792026445269585,61606055936,0,67152904192,17865637888,61394685952,61394690560,5969583616,0,160859291648,121111949312,0
1791596590.3094432,0.045534295961260796,61606055936,0,67142418432,17876123648,61394685952,61394690560,5959097856,0,160859308032,121111949312,0
1791596590.5122032,0.048214152455329895,61606055936,0,67129835520,17888706560,61394685952,61394690560,5946514944,0,160859496448,121111949312,0
1791596590.7129126,0.048842886462807655,61606055936,0,67142418432,17876123648,61394685952,61394690560,5959097856,0,160859570176,121111949312,0
1791596590.9122488,0.04809748940169811,61606055936,0,67150807040,17867735040,61394685952,61394690560,5967486464,0,160859430912,121111949312,0
1791596591.108587,0.04437455162405968,61606055936,0,67071115264,17947426816,61394685952,61394690560,5887794688,0,160859508736,121111949312,0
1791596591.308792,0.044501228258013725,61606055936,0,67071115264,17947426816,61394685952,61394690560,5887794688,0,160859766784,121111949312,0
1791596591.5097802,0.04540421813726425,61606055936,0,67071115264,17947426816,61394685952,61394690560,5887794688,0,160859037696,121111949312,0
1791596591.7081723,0.04371791332960129,61606055936,0,67071115264,17947426816,61394685952,61394690560,5887794688,0,160859398144,121111949312,0
1791596591.9158187,0.05128016322851181,61606055936,0,67071115264,17947426816,61394685952,61394690560,5887794688,0,160859488256,121111949312,0
1791596592.1123574,0.04772596061229706,61606055936,0,67071115264,17947426816,61394685952,61394690560,5887794688,0,160859582464,121111949312,0
1791596592.3120964,0.04737549647688866,61606055936,0,67071115264,17947426816,61394685952,61394690560,5887794688,0,160859504640,121111945216,0
1791596592.5143335,0.04952498339116573,61606055936,0,67071115264,17947426816,61394685952,61394690560,5887794688,0,160859103232,121111945216,0
1791596592.7157433,0.05084897577762604,61606043648,0,67136126976,17882415104,61394685952,61394690560,5952794112,0,160858951680,121111945216,0
1791596592.9176276,0.052650706842541695,61606043648,0,67096281088,17922260992,61394685952,61394690560,5912948224,0,160859029504,121111945216,0
1791596593.1115994,0.04653782397508621,61606043648,0,67075309568,17943232512,61394685952,61394690560,5891976704,0,160859365376,121111945216,0
1791596593.3102295,0.04508364386856556,61606043648,0,67110961152,17907580928,61394685952,61394690560,5927628288,0,160859422720,121111945216,0
1791596593.508836,0.04360407032072544,61606043648,0,67094183936,17924358144,61394685952,61394690560,5910851072,0,160859475968,121111945216,0
1791596593.7112937,0.045977313071489334,61606043648,0,67083698176,17934843904,61394685952,61394690560,5900365312,0,160859283456,121111945216,0
1791596593.9157634,0.050349071621894836,61606043648,0,67144515584,17874026496,61394685952,61394690560,5961182720,0,160859295744,121111945216,0
1791596594.117579,0.05206659249961376,61606043648,0,67096281088,17922260992,61394685952,61394690560,5912948224,0,160859316224,121111945216,0
1791596594.31534,0.04972400143742561,61606043648,0,67092086784,17926455296,61394685952,61394690560,5908753920,0,160859586560,121111941120,0
1791596594.5171695,0.05146897956728935,61606043648,0,67152904192,17865637888,61394685952,61394690560,5969571328,0,160859492352,121111941120,0
1791596594.7160873,0.050305161625146866,61606043648,0,67106766848,17911775232,61394685952,61394690560,5923433984,0,160860028928,121111941120,0
1791596594.9183183,0.05243141017854214,61606043648,0,67098378240,17920163840,61394685952,61394690560,5915045376,0,160860102656,121111941120,0
1791596595.1166096,0.050617899745702744,61606043648,0,67131932672,17886609408,61394685952,61394690560,5948599808,0,160860102656,121111941120,0
1791596595.3190873,0.052991773933172226,61606043648,0,67115155456,17903386624,61394685952,61394690560,5931822592,0,160860094464,121111941120,0
1791596595.5169756,0.0507527980953455,61606043648,0,67104669696,17913872384,61394685952,61394690560,5921336832,0,160859824128,121111941120,0
1791596595.7176938,0.05136696808040142,61606043648,0,67140321280,17878220800,61394685952,61394690560,5956988416,0,160859820032,121111941120,0
1791596595.9181979,0.051774777472019196,61606043648,0,67123544064,17894998016,61394685952,61394690560,5940211200,0,160859815936,121111941120,0
1791596596.1148982,0.048389164730906487,61606043648,0,67140321280,17878220800,61394685952,61394690560,5956988416,0,160859856896,121111941120,0
1791596596.3166943,0.050095269456505775,61606043648,0,67127738368,17890803712,61394685952,61394690560,5944405504,0,160859873280,121111941120,0
1791596596.5153892,0.04870208352804184,61606043648,0,67182264320,17836277760,61394685952,61394690560,5998931456,0,160859971584,121111941120,0
1791596596.7183142,0.0515412762761116,61606043648,0,67129835520,17888706560,61394685952,61394690560,5946502656,0,160860069888,121111941120,0
1791596596.9192479,0.05235719308257103,61606043648,0,67121446912,17897095168,61394685952,61394690560,5938114048,0,160859787264,121111941120,0
1791596597.1198983,0.05290137603878975,61606043648,0,67157098496,17861443584,61394685952,61394690560,5973765632,0,160859836416,121111941120,0
1791596597.3196146,0.05250212363898754,61606043648,0,67146612736,17871929344,61394685952,61394690560,5963279872,0,160858939392,121111937024,0
1791596597.5193872,0.05215972475707531,61606043648,0,67146612736,17871929344,61394685952,61394690560,5963279872,0,160859389952,121111937024,0
1791596597.718557,0.05120446719229221,61606043648,0,67131932672,17886609408,61394685952,61394690560,5948599808,0,160858857472,121111937024,0
1791596597.9205341,0.053080007433891296,61606055936,0,67071115264,17947426816,61394685952,61394690560,5887794688,0,160858832896,121111937024,0
1791596598.1202579,0.052692629396915436,61606055936,0,67071115264,17947426816,61394685952,61394690560,5887794688,0,160858910720,121111937024,0
1791596598.322659,0.055000053718686104,61606055936,0,67071115264,17947426816,61394685952,61394690560,5887794688,0,160859160576,121111937024,0
1791596598.5175004,0.04975396394729614,61606055936,0,67071115264,17947426816,61394685952,61394690560,5887794688,0,160859176960,121111937024,0
1791596598.7179565,0.050117844715714455,61606055936,0,67071115264,17947426816,61394685952,61394690560,5887794688,0,160859475968,121111937024,0
1791596598.9186862,0.05075383186340332,61606055936,0,67071115264,17947426816,61394685952,61394690560,5887794688,0,160859570176,121111937024,0
1791596599.1233332,0.055298564955592155,61606055936,0,67071115264,17947426816,61394685952,61394690560,5887794688,0,160859230208,121111937024,0
1791596599.321203,0.05306229554116726,61606055936,0,67071115264,17947426816,61394685952,61394690560,5887794688,0,160858935296,121111937024,0
1791596599.5223193,0.0540844164788723,61606055936,0,67075309568,17943232512,61394685952,61394690560,5891988992,0,160859033600,121111937024,0
1791596599.7191403,0.050796523690223694,61606055936,0,67085795328,17932746752,61394685952,61394690560,5902474752,0,160859037696,121111937024,0
1791596599.9195495,0.05110211297869682,61606055936,0,67104669696,17913872384,61394685952,61394690560,5921349120,0,160859131904,121111937024,0
1791596600.119425,0.050868116319179535,61606055936,0,67098378240,17920163840,61394685952,61394690560,5915057664,0,160858996736,121111937024,0
1791596600.3196986,0.05103647522628307,61606055936,0,67081601024,17936941056,61394685952,61394690560,5898280448,0,160859004928,121111937024,0
1791596600.5216064,0.05284666270017624,61606055936,0,67142418432,17876123648,61394685952,61394690560,5959097856,0,160859013120,121111932928,0
1791596600.7227466,0.05385923013091087,61606055936,0,67102572544,17915969536,61394685952,61394690560,5919251968,0,160858836992,121111932928,0
1791596600.9240365,0.055073658004403114,61606055936,0,67089989632,17928552448,61394685952,61394690560,5906669056,0,160858886144,121111932928,0
1791596601.122927,0.05387425236403942,61606055936,0,67110961152,17907580928,61394685952,61394690560,5927640576,0,160858963968,121111932928,0
1791596601.3242912,0.05514138005673885,61606055936,0,67127738368,17890803712,61394685952,61394690560,5944417792,0,160859049984,121111932928,0
1791596601.5191615,0.049915116280317307,61606055936,0,67096281088,17922260992,61394685952,61394690560,5912960512,0,160858906624,121111932928,0
1791596601.7181349,0.04879469610750675,61606055936,0,67157098496,17861443584,61394685952,61394690560,5973777920,0,160858726400,121111932928,0
1791596601.9219065,0.05245128460228443,61606055936,0,67102572544,17915969536,61394685952,61394690560,5919251968,0,160858824704,121111932928,0
1791596602.119954,0.050405919551849365,61606055936,0,67121446912,17897095168,61394685952,61394690560,5938126336,0,160859152384,121111932928,0
1791596602.3154242,0.045790212228894234,61606055936,0,67106766848,17911775232,61394685952,61394690560,5923446272,0,160859246592,121111932928,0
1791596602.517492,0.04777419567108154,61606055936,0,67167584256,17850957824,61394685952,61394690560,5984263680,0,160859430912,121111928832,0
1791596602.7152216,0.045418497174978256,61606055936,0,67123544064,17894998016,61394685952,61394690560,5940223488,0,160859340800,121111928832,0
1791596602.9165986,0.04671030677855015,61606055936,0,67119349760,17899192320,61394685952,61394690560,5936029184,0,160859279360,121111928832,0
1791596603.117086,0.047111399471759796,61606055936,0,67125641216,17892900864,61394685952,61394690560,5942320640,0,160859279360,121111928832,0
1791596603.31991,0.049849070608615875,61606055936,0,67136126976,17882415104,61394685952,61394690560,5952806400,0,160859590656,121111928832,0
1791596603.5172973,0.04713003896176815,61606055936,0,67134029824,17884512256,61394685952,61394690560,5950709248,0,160859365376,121111928832,0
1791596603.716188,0.045939359813928604,61606055936,0,67123544064,17894998016,61394685952,61394690560,5940223488,0,160859639808,121111928832,0
1791596603.920728,0.050376132130622864,61606055936,0,67171778560,17846763520,61394685952,61394690560,5988457984,0,160859877376,121111928832,0
1791596604.1177769,0.04733932390809059,61606055936,0,67152904192,17865637888,61394685952,61394690560,5969583616,0,160859930624,121111928832,0
1791596604.3149831,0.04407960921525955,61606055936,0,67129835520,17888706560,61394685952,61394690560,5946514944,0,160860200960,121111928832,0
1791596604.517498,0.0465120654553175,61606055936,0,67190652928,17827889152,61394685952,61394690560,6007332352,0,160860471296,121111928832,0
1791596604.713994,0.04292698949575424,61606055936,0,67071115264,17947426816,61394685952,61394690560,5887794688,0,160860549120,121111928832,0
1791596604.9122524,0.04110613837838173,61606055936,0,67071115264,17947426816,61394685952,61394690560,5887794688,0,160860405760,121111928832,0
1791596605.1122925,0.04106224700808525,61606055936,0,67071115264,17947426816,61394685952,61394690560,5887794688,0,160860499968,121111928832,0
1791596605.3148339,0.04352058470249176,61606055936,0,67071115264,17947426816,61394685952,61394690560,5887794688,0,160860286976,121111928832,0
1791596605.5190578,0.047662969678640366,61606055936,0,67071115264,17947426816,61394685952,61394690560,5887794688,0,160859734016,121111924736,0
1791596605.7212603,0.04976264387369156,61606055936,0,67071115264,17947426816,61394685952,61394690560,5887794688,0,160859828224,121111924736,0
1791596605.918848,0.047268832102417946,61606055936,0,67071115264,17947426816,61394685952,61394690560,5887794688,0,160859676672,121111924736,0
1791596606.1168854,0.045226311311125755,61606055936,0,67075309568,17943232512,61394685952,61394690560,5891988992,0,160859717632,121111924736,0
1791596606.3158793,0.044138820841908455,61606055936,0,67085795328,17932746752,61394685952,61394690560,5902474752,0,160859721728,121111924736,0
1791596606.5154293,0.04360700026154518,61606055936,0,67094183936,17924358144,61394685952,61394690560,5910863360,0,160859688960,121111924736,0
1791596606.7195292,0.04762702062726021,61606055936,0,67094183936,17924358144,61394685952,61394690560,5910863360,0,160859471872,121111924736,0
1791596606.9224267,0.05044405721127987,61606055936,0,67089989632,17928552448,61394685952,61394690560,5906669056,0,160859561984,121111924736,0
1791596607.1177216,0.04565168358385563,61606055936,0,67140321280,17878220800,61394685952,61394690560,5957000704,0,160859455488,121111924736,0
1791596607.3179305,0.045777445659041405,61606055936,0,67108864000,17909678080,61394685952,61394690560,5925543424,0,160859484160,121111924736,0
1791596607.514425,0.042208002880215645,61606055936,0,67087892480,17930649600,61394685952,61394690560,5904571904,0,160859422720,121111924736,0
1791596607.7143843,0.04208761639893055,61606055936,0,67094183936,17924358144,61394685952,61394690560,5910863360,0,160859787264,121111924736,0
1791596607.9133976,0.04101893864572048,61606055936,0,67106766848,17911775232,61394685952,61394690560,5923446272,0,160859881472,121111924736,0
1791596608.113434,0.04097374714910984,61606055936,0,67100475392,17918066688,61394685952,61394690560,5917154816,0,160860246016,121111924736,0
1791596608.3174155,0.04487457126379013,61606055936,0,67100475392,17918066688,61394685952,61394690560,5917154816,0,160859799552,121111924736,0
1791596608.518491,0.04586861655116081,61606055936,0,67117252608,17901289472,61394685952,61394690560,5933932032,0,160859754496,121111920640,0
1791596608.717416,0.04470994882285595,61606055936,0,67125641216,17892900864,61394685952,61394690560,5942320640,0,160859799552,121111920640,0
1791596608.9148889,0.04210098460316658,61606055936,0,67104669696,17913872384,61394685952,61394690560,5921349120,0,160859889664,121111920640,0
1791596609.1163573,0.04348667711019516,61606055936,0,67171778560,17846763520,61394685952,61394690560,5988457984,0,160859967488,121111920640,0
1791596609.3152206,0.04226788133382797,61606055936,0,67121446912,17897095168,61394685952,61394690560,5938126336,0,160859918336,121111920640,0
1791596609.515629,0.042577141895890236,61606055936,0,67110961152,17907580928,61394685952,61394690560,5927640576,0,160860024832,121111920640,0
1791596609.715779,0.042640069499611855,61606055936,0,67171778560,17846763520,61394685952,61394690560,5988457984,0,160859840512,121111920640,0
1791596609.917475,0.04425425082445145,61606055936,0,67134029824,17884512256,61394685952,61394690560,5950709248,0,160859668480,121111920640,0
1791596610.1204848,0.04718181677162647,61606055936,0,67131932672,17886609408,61394685952,61394690560,5948612096,0,160859766784,121111920640,0
1791596610.3246639,0.05127669684588909,61606055936,0,67167584256,17850957824,61394685952,61394690560,5984263680,0,160859668480,121111920640,0
1791596610.5204802,0.04700653441250324,61606055936,0,67142418432,17876123648,61394685952,61394690560,5959097856,0,160859766784,121111916544,0
1791596610.7180438,0.04448718763887882,61606055936,0,67125641216,17892900864,61394685952,61394690560,5942320640,0,160859860992,121111916544,0
1791596610.918978,0.04534146003425121,61606055936,0,67186458624,17832083456,61394685952,61394690560,6003138048,0,160859688960,121111916544,0
1791596611.1190944,0.04537433944642544,61606055936,0,67148709888,17869832192,61394685952,61394690560,5965389312,0,160859779072,121111916544,0
1791596611.3239405,0.05013773962855339,61606055936,0,67238887424,17779654656,61394685952,61394690560,6055566848,0,160859594752,121111916544,0
1791596611.522492,0.04860696755349636,61606055936,0,67071115264,17947426816,61394685952,61394690560,5887794688,0,160859910144,121111916544,0
1791596611.7241223,0.050156500190496445,61606055936,0,67071115264,17947426816,61394685952,61394690560,5887794688,0,160860012544,121111916544,0
1791596611.919695,0.045645736157894135,61606055936,0,67071115264,17947426816,61394685952,61394690560,5887794688,0,160859791360,121111916544,0
1791596612.1175542,0.04341883212327957,61606055936,0,67071115264,17947426816,61394685952,61394690560,5887794688,0,160859607040,121111916544,0
1791596612.3164842,0.042269354686141014,61606055936,0,67071115264,17947426816,61394685952,61394690560,5887794688,0,160859435008,121111916544,0
1791596612.5186021,0.04430340602993965,61606055936,0,67071115264,17947426816,61394685952,61394690560,5887794688,0,160859459584,121111916544,0
1791596612.7215083,0.04710293561220169,61606055936,0,67071115264,17947426816,61394685952,61394690560,5887794688,0,160859262976,121111916544,0
1791596612.9257755,0.05128108151257038,61606055936,0,67081601024,17936941056,61394685952,61394690560,5898280448,0,160859172864,121111916544,0
1791596613.1219342,0.04735923558473587,61606055936,0,67073212416,17945329664,61394685952,61394690560,5889891840,0,160859463680,121111916544,0
1791596613.3186562,0.04400212503969669,61606055936,0,67079503872,17939038208,61394685952,61394690560,5896183296,0,160859525120,121111916544,0
1791596613.5220366,0.04730394668877125,61606055936,0,67123544064,17894998016,61394685952,61394690560,5940223488,0,160859586560,121111912448,0
1791596613.718526,0.04371259920299053,61606055936,0,67098378240,17920163840,61394685952,61394690560,5915057664,0,160859680768,121111912448,0
1791596613.9212184,0.04632653295993805,61606055936,0,67083698176,17934843904,61394685952,61394690560,5900377600,0,160859766784,121111912448,0
1791596614.1237535,0.04877457208931446,61606055936,0,67131932672,17886609408,61394685952,61394690560,5948612096,0,160859877376,121111912448,0
1791596614.3303056,0.05524582788348198,61606055936,0,67121446912,17897095168,61394685952,61394690560,5938126336,0,160859774976,121111912448,0
1791596614.519934,0.044790320098400116,61606055936,0,67089989632,17928552448,61394685952,61394690560,5906669056,0,160859570176,121111912448,0
1791596614.7206287,0.04539949633181095,61606055936,0,67150807040,17867735040,61394685952,61394690560,5967486464,0,160859635712,121111912448,0
1791596614.9201422,0.044830089434981346,61606055936,0,67106766848,17911775232,61394685952,61394690560,5923446272,0,160859729920,121111912448,0
1791596615.1246948,0.04929155670106411,61606055936,0,67098378240,17920163840,61394685952,61394690560,5915057664,0,160859611136,121111912448,0
1791596615.3232908,0.04781178943812847,61606055936,0,67159195648,17859346432,61394685952,61394690560,5975875072,0,160859717632,121111912448,0
1791596615.5206456,0.045087965205311775,61606055936,0,67115155456,17903386624,61394685952,61394690560,5931834880,0,160859701248,121111912448,0
1791596615.7208147,0.04517616890370846,61606055936,0,67104669696,17913872384,61394685952,61394690560,5921349120,0,160859660288,121111912448,0
1791596615.9232616,0.04754478298127651,61606055936,0,67119349760,17899192320,61394685952,61394690560,5936029184,0,160859754496,121111912448,0
1791596616.1251917,0.049388110637664795,61606055936,0,67127738368,17890803712,61394685952,61394690560,5944417792,0,160859516928,121111912448,0
1791596616.3269687,0.05107644200325012,61606055936,0,67110961152,17907580928,61394685952,61394690560,5927640576,0,160859607040,121111912448,0
1791596616.5276325,0.051651256158947945,61606055936,0,67119349760,17899192320,61394685952,61394690560,5936029184,0,160859242496,121111908352,0
1791596616.7260644,0.04999995604157448,61606055936,0,67136126976,17882415104,61394685952,61394690560,5952806400,0,160859226112,121111908352,0
1791596616.9353602,0.059207260608673096,61606055936,0,67131932672,17886609408,61394685952,61394690560,5948612096,0,160859230208,121111908352,0
1791596617.1238773,0.04763961397111416,61606055936,0,67138224128,17880317952,61394685952,61394690560,5954903552,0,160859275264,121111908352,0
1791596617.3227015,0.046386292204260826,61606055936,0,67136126976,17882415104,61394685952,61394690560,5952806400,0,160859365376,121111908352,0
1791596617.520407,0.04401273652911186,61606055936,0,67184361472,17834180608,61394685952,61394690560,6001040896,0,160860856320,121111908352,0
1791596617.7199988,0.043522708117961884,61606055936,0,67140321280,17878220800,61394685952,61394690560,5957000704,0,160859717632,121111908352,0
1791596617.9193428,0.04278830625116825,61606055936,0,67131932672,17886609408,61394685952,61394690560,5948612096,0,160859668480,121111908352,0
1791596618.124713,0.04807961359620094,61606055936,0,67071115264,17947426816,61394685952,61394690560,5887794688,0,160859676672,121111908352,0
1791596618.3256226,0.04890769533813,61606055936,0,67071115264,17947426816,61394685952,61394690560,5887794688,0,160859521024,121111908352,0
1791596618.5264623,0.04964972473680973,61606055936,0,67071115264,17947426816,61394685952,61394690560,5887794688,0,160859525120,121111904256,0
1791596618.7246242,0.04772447980940342,61606055936,0,67071115264,17947426816,61394685952,61394690560,5887794688,0,160859836416,121111904256,0
1791596618.9261346,0.04915294796228409,61606055936,0,67071115264,17947426816,61394685952,61394690560,5887794688,0,160859824128,121111904256,0
1791596619.1242595,0.04719643481075764,61606055936,0,67071115264,17947426816,61394685952,61394690560,5887794688,0,160860160000,121111904256,0
1791596619.3209085,0.04376396723091602,61606055936,0,67071115264,17947426816,61394685952,61394690560,5887794688,0,160860119040,121111904256,0
1791596619.5237865,0.04655844904482365,61606055936,0,67071115264,17947426816,61394685952,61394690560,5887794688,0,160860213248,121111904256,0
1791596619.7271128,0.049795689061284065,61606055936,0,67071115264,17947426816,61394685952,61394690560,5887794688,0,160859750400,121111904256,0
1791596619.924764,0.04736357182264328,61606055936,0,67104669696,17913872384,61394685952,61394690560,5921349120,0,160859983872,121111904256,0
1791596620.1232076,0.04572514444589615,61606055936,0,67094183936,17924358144,61394685952,61394690560,5910863360,0,160859754496,121111904256,0
1791596620.3244627,0.04690179601311684,61606055936,0,67081601024,17936941056,61394685952,61394690560,5898280448,0,160859852800,121111904256,0
1791596620.5272343,0.04959040880203247,61606055936,0,67113058304,17905483776,61394685952,61394690560,5929737728,0,160860123136,121111904256,0
1791596620.7249691,0.047243883833289146,61606055936,0,67102572544,17915969536,61394685952,61394690560,5919251968,0,160860004352,121111904256,0
1791596620.9259648,0.04815759137272835,61606055936,0,67085795328,17932746752,61394685952,61394690560,5902474752,0,160860000256,121111904256,0
1791596621.128096,0.050207532942295074,61606055936,0,67100475392,17918066688,61394685952,61394690560,5917154816,0,160859742208,121111904256,0
1791596621.3259864,0.04801286198198795,61606055936,0,67108864000,17909678080,61394685952,61394690560,5925543424,0,160859525120,121111904256,0
1791596621.522918,0.04486320912837982,61606055936,0,67108864000,17909678080,61394685952,61394690560,5925543424,0,160859709440,121111900160,0
1791596621.7240434,0.04590834304690361,61606055936,0,67096281088,17922260992,61394685952,61394690560,5912960512,0,160859488256,121111900160,0
1791596621.9233294,0.04511457495391369,61606055936,0,67157098496,17861443584,61394685952,61394690560,5973777920,0,160859815936,121111900160,0
1791596622.1248722,0.04657772183418274,61606055936,0,67123544064,17894998016,61394685952,61394690560,5940223488,0,160859717632,121111900160,0
1791596622.3273513,0.04897422529757023,61606055936,0,67102572544,17915969536,61394685952,61394690560,5919251968,0,160859811840,121111900160,0
1791596622.5248,0.046342883259058,61606055936,0,67136126976,17882415104,61394685952,61394690560,5952806400,0,160864591872,121111900160,0
1791596622.7280555,0.04951273463666439,61606055936,0,67125641216,17892900864,61394685952,61394690560,5942320640,0,160859938816,121111900160,0
1791596622.9276426,0.04901793971657753,61606055936,0,67113058304,17905483776,61394685952,61394690560,5929737728,0,160859717632,121111900160,0
1791596623.127124,0.04841797426342964,61606055936,0,67117252608,17901289472,61394685952,61394690560,5933932032,0,160859979776,121111900160,0
1791596623.326614,0.04782585799694061,61606055936,0,67134029824,17884512256,61394685952,61394690560,5950709248,0,160859717632,121111900160,0
1791596623.5564,0.0775334034115076,61606055936,0,67119349760,17899192320,61394685952,61394690560,5936029184,0,160860008448,121111900160,0
1791596623.7431257,0.06417617946863174,61606055936,0,67127738368,17890803712,61394685952,61394690560,5944417792,0,160860381184,121111900160,0
1791596623.9253383,0.04630613699555397,61606055936,0,67129835520,17888706560,61394685952,61394690560,5946514944,0,160860389376,121111900160,0
1791596624.124886,0.045773498713970184,61606055936,0,67140321280,17878220800,61394685952,61394690560,5957000704,0,160860442624,121111900160,0
1791596624.3251681,0.0459746140986681,61606055936,0,67123544064,17894998016,61394685952,61394690560,5940223488,0,160860250112,121111900160,0
1791596624.5299966,0.05067674443125725,61606055936,0,67159195648,17859346432,61394685952,61394690560,5975875072,0,160860450816,121111896064,0
1791596624.7272074,0.04780328460037708,61606055936,0,67148709888,17869832192,61394685952,61394690560,5965389312,0,160860524544,121111896064,0
1791596624.9343817,0.05485493689775467,61606055936,0,67138224128,17880317952,61394685952,61394690560,5954903552,0,160860635136,121111896064,0
1791596625.1293468,0.049720002338290215,61606055936,0,67071115264,17947426816,61394685952,61394690560,5887794688,0,160860643328,121111896064,0
1791596625.325356,0.045647138729691505,61606055936,0,67071115264,17947426816,61394685952,61394690560,5887794688,0,160860831744,121111896064,0
1791596625.5259783,0.04618804156780243,61606055936,0,67071115264,17947426816,61394685952,61394690560,5887794688,0,160860434432,121111896064,0
1791596625.7285311,0.04865825176239014,61606055936,0,67071115264,17947426816,61394685952,61394690560,5887794688,0,160860483584,121111896064,0
1791596625.9308963,0.05093798413872719,61606055936,0,67071115264,17947426816,61394685952,61394690560,5887794688,0,160860475392,121111896064,0
1791596626.1251042,0.04506009258329868,61606055936,0,67071115264,17947426816,61394685952,61394690560,5887794688,0,160860553216,121111896064,0
1791596626.3276865,0.0475737527012825,61606055936,0,67071115264,17947426816,61394685952,61394690560,5887794688,0,160860909568,121111896064,0
1791596626.5264819,0.046284088864922523,61606055936,0,67171778560,17846763520,61394685952,61394690560,5988457984,0,160860606464,121111891968,0
1791596626.7234926,0.043212104588747025,61606055936,0,67089989632,17928552448,61394685952,61394690560,5906669056,0,160860684288,121111891968,0
1791596626.922775,0.04241023026406765,61606055936,0,67075309568,17943232512,61394685952,61394690560,5891988992,0,160860213248,121111891968,0
1791596627.1225398,0.0420935470610857,61606055936,0,67136126976,17882415104,61394685952,61394690560,5952806400,0,160860291072,121111891968,0
1791596627.3220415,0.04151424020528793,61606055936,0,67092086784,17926455296,61394685952,61394690560,5908766208,0,160860618752,121111891968,0
1791596627.526665,0.04605521634221077,61606055936,0,67081601024,17936941056,61394685952,61394690560,5898280448,0,160868098048,121111891968,0
1791596627.7247534,0.044058745726943016,61606055936,0,67096281088,17922260992,61394685952,61394690560,5912960512,0,160860266496,121111891968,0
1791596627.9246418,0.04386347159743309,61606055936,0,67104669696,17913872384,61394685952,61394690560,5921349120,0,160860225536,121111891968,0
1791596628.1281266,0.04726689122617245,61606055936,0,67106766848,17911775232,61394685952,61394690560,5923446272,0,160860307456,121111891968,0
1791596628.3301718,0.049226755276322365,61606055936,0,67104669696,17913872384,61394685952,61394690560,5921349120,0,160860577792,121111891968,0
1791596628.5305052,0.04947400279343128,61606055936,0,67113058304,17905483776,61394685952,61394690560,5929737728,0,160860577792,121111891968,0
1791596628.7374291,0.05628315173089504,61606055936,0,67121446912,17897095168,61394685952,61394690560,5938126336,0,160860663808,121111891968,0
1791596628.929843,0.04861363582313061,61606055936,0,67098378240,17920163840,61394685952,61394690560,5915057664,0,160860741632,121111891968,0
1791596629.1308377,0.049525752663612366,61606055936,0,67110961152,17907580928,61394685952,61394690560,5927640576,0,160860741632,121111891968,0
1791596629.327242,0.045843884348869324,61606055936,0,67121446912,17897095168,61394685952,61394690560,5938126336,0,160860651520,121111891968,0
1791596629.5251606,0.043679455295205116,61606055936,0,67108864000,17909678080,61394685952,61394690560,5925543424,0,160860569600,121111887872,0
1791596629.729467,0.0479008499532938,61606055936,0,67119349760,17899192320,61394685952,61394690560,5936029184,0,160860639232,121111887872,0
1791596629.9326015,0.050952669233083725,61606055936,0,67129835520,17888706560,61394685952,61394690560,5946514944,0,160860635136,121111887872,0
1791596630.1272972,0.04556610807776451,61606055936,0,67142418432,17876123648,61394685952,61394690560,5959097856,0,160860659712,121111887872,0
1791596630.3310583,0.04922313243150711,61606055936,0,67127738368,17890803712,61394685952,61394690560,5944417792,0,160860762112,121111887872,0
1791596630.5300972,0.048176588490605354,61606055936,0,67175972864,17842569216,61394685952,61394690560,5992652288,0,160860549120,121111887872,0
1791596630.7309968,0.04899325408041477,61606055936,0,67129835520,17888706560,61394685952,61394690560,5946514944,0,160860372992,121111887872,0
1791596630.9309964,0.04891257546842098,61606055936,0,67123544064,17894998016,61394685952,61394690560,5940223488,0,160860327936,121111887872,0
1791596631.1327152,0.05054520070552826,61606055936,0,67184361472,17834180608,61394685952,61394690560,6001040896,0,160860372992,121111887872,0
1791596631.3309214,0.04866647347807884,61606055936,0,67129835520,17888706560,61394685952,61394690560,5946514944,0,160860192768,121111887872,0
1791596631.5294218,0.047081734985113144,61606055936,0,67129835520,17888706560,61394685952,61394690560,5946514944,0,160862949376,121112375296,0
1791596631.7283037,0.04588301293551922,61606055936,0,67163389952,17855152128,61394685952,61394690560,5980069376,0,160863043584,121112375296,0
1791596631.9262176,0.043712740764021873,61606055936,0,67071115264,17947426816,61394685952,61394690560,5887794688,0,160863043584,121112375296,0
1791596632.1290355,0.04644562490284443,61606055936,0,67071115264,17947426816,61394685952,61394690560,5887794688,0,160862945280,121112375296,0
1791596632.330116,0.047444770112633705,61606055936,0,67071115264,17947426816,61394685952,61394690560,5887794688,0,160863244288,121112375296,0
1791596632.533227,0.05046788789331913,61606055936,0,67071115264,17947426816,61394685952,61394690560,5887794688,0,160879419392,121112371200,0
1791596632.7343168,0.05146118253469467,61606055936,0,67071115264,17947426816,61394685952,61394690560,5887794688,0,160863211520,121112371200,0
1791596632.9337306,0.050783637911081314,61606055936,0,67071115264,17947426816,61394685952,61394690560,5887794688,0,160863301632,121112371200,0
1791596633.1361618,0.05311420001089573,61606055936,0,67071115264,17947426816,61394685952,61394690560,5887794688,0,160863019008,121112371200,0
1791596633.3287606,0.04561425559222698,61606055936,0,67071115264,17947426816,61394685952,61394690560,5887794688,0,160863096832,121112371200,0
1791596633.5311902,0.04795731417834759,61606055936,0,67131932672,17886609408,61394685952,61394690560,5948612096,0,160863006720,121112371200,0
1791596633.731285,0.04796515591442585,61606055936,0,67075309568,17943232512,61394685952,61394690560,5891988992,0,160863014912,121112371200,0
1791596633.9286947,0.04529224708676338,61606055936,0,67081601024,17936941056,61394685952,61394690560,5898280448,0,160862986240,121112371200,0
1791596634.129245,0.04575265198945999,61606055936,0,67110961152,17907580928,61394685952,61394690560,5927640576,0,160863051776,121112371200,0
1791596634.328415,0.044842351227998734,61606055936,0,67100475392,17918066688,61394685952,61394690560,5917154816,0,160862838784,121112371200,0
1791596634.5291886,0.0455352459102869,61606055936,0,67083698176,17934843904,61394685952,61394690560,5900377600,0,160862904320,121111879680,0
1791596634.7309773,0.0472423080354929,61606055936,0,67146612736,17871929344,61394685952,61394690560,5963292160,0,160862789632,121111879680,0
1791596634.9337196,0.049899445846676826,61606055936,0,67100475392,17918066688,61394685952,61394690560,5917154816,0,160863133696,121111879680,0
1791596635.1303005,0.04639688320457935,61606055936,0,67092086784,17926455296,61394685952,61394690560,5908766208,0,160863211520,121111879680,0
1791596635.3333678,0.04938136599957943,61606055936,0,67125641216,17892900864,61394685952,61394690560,5942320640,0,160863105024,121111879680,0
1791596635.5315783,0.047501321882009506,61606055936,0,67115155456,17903386624,61394685952,61394690560,5931834880,0,160863125504,121111879680,0
1791596635.7303941,0.04623200744390488,61606055936,0,67121446912,17897095168,61394685952,61394690560,5938126336,0,160862990336,121111879680,0
1791596635.930373,0.04612232372164726,61606055936,0,67102572544,17915969536,61394685952,61394690560,5919251968,0,160862896128,121111879680,0
1791596636.133589,0.04925466328859329,61606055936,0,67131932672,17886609408,61394685952,61394690560,5948612096,0,160862982144,121111879680,0
1791596636.3302402,0.04582642950117588,61606055936,0,67119349760,17899192320,61394685952,61394690560,5936029184,0,160863002624,121111879680,0
1791596636.5290875,0.044590672478079796,61606055936,0,67125641216,17892900864,61394685952,61394690560,5942320640,0,160863100928,121111879680,0
1791596636.7335992,0.04901997186243534,61606055936,0,67123544064,17894998016,61394685952,61394690560,5940223488,0,160863051776,121111879680,0
1791596636.933088,0.04842757061123848,61606055936,0,67171778560,17846763520,61394685952,61394690560,5988457984,0,160863145984,121111879680,0
1791596637.133481,0.048730988055467606,61606055936,0,67115155456,17903386624,61394685952,61394690560,5931834880,0,160862621696,121111879680,0
1791596637.3347824,0.04991859942674637,61606055936,0,67119349760,17899192320,61394685952,61394690560,5936029184,0,160861995008,121111879680,0
1791596637.5322316,0.04727696068584919,61606055936,0,67152904192,17865637888,61394685952,61394690560,5969583616,0,160878297088,121111875584,0
1791596637.731798,0.04676114581525326,61606055936,0,67142418432,17876123648,61394685952,61394690560,5959097856,0,160862486528,121111875584,0
1791596637.9380808,0.05296372063457966,61606055936,0,67131932672,17886609408,61394685952,61394690560,5948612096,0,160862400512,121111875584,0
1791596638.1347349,0.04951770044863224,61606055936,0,67140321280,17878220800,61394685952,61394690560,5957000704,0,160862568448,121111875584,0
1791596638.334751,0.049451347440481186,61606055936,0,67148709888,17869832192,61394685952,61394690560,5965389312,0,160862298112,121111875584,0
1791596638.531565,0.046182142570614815,61606055936,0,67238887424,17779654656,61394685952,61394690560,6055566848,0,160862285824,121111875584,0
1791596638.7321951,0.04673105292022228,61606055936,0,67071115264,17947426816,61394685952,61394690560,5887794688,0,160862269440,121111875584,0
1791596638.9324005,0.04685217887163162,61606055936,0,67071115264,17947426816,61394685952,61394690560,5887794688,0,160862072832,121111875584,0
1791596639.1348517,0.04921887814998627,61606055936,0,67071115264,17947426816,61394685952,61394690560,5887794688,0,160862146560,121111875584,0
1791596639.3192554,0.0335577130317688,61606055936,0,67071115264,17947426816,61394685952,61394690560,5887794688,0,160861814784,121111875584,0
1791596639.5171008,0.03134060837328434,61606055936,0,67071115264,17947426816,61394685952,61394690560,5887794688,0,160861884416,121111875584,0
1791596639.7168643,0.03104051947593689,61606055936,0,67071115264,17947426816,61394685952,61394690560,5887794688,0,160861978624,121111875584,0
1791596639.932128,0.046225519850850105,61606055936,0,67071115264,17947426816,61394685952,61394690560,5887794688,0,160862056448,121111875584,0
1791596640.1366603,0.05067140981554985,61606055936,0,67098378240,17920163840,61394685952,61394690560,5915057664,0,160862138368,121111875584,0
1791596640.3342955,0.04822514019906521,61606055936,0,67098378240,17920163840,61394685952,61394690560,5915057664,0,160862117888,121111875584,0
1791596640.534109,0.04795265942811966,61606055936,0,67075309568,17943232512,61394685952,61394690560,5891988992,0,160862167040,121111871488,0
1791596640.7326255,0.04638983681797981,61606055936,0,67136126976,17882415104,61394685952,61394690560,5952806400,0,160862236672,121111871488,0
1791596640.9315495,0.04523185454308987,61606055936,0,67098378240,17920163840,61394685952,61394690560,5915057664,0,160862310400,121111871488,0
1791596641.1340547,0.04765195585787296,61606055936,0,67083698176,17934843904,61394685952,61394690560,5900377600,0,160862244864,121111871488,0
1791596641.3335493,0.04706859961152077,61606055936,0,67117252608,17901289472,61394685952,61394690560,5933932032,0,160862318592,121111871488,0
1791596641.5343068,0.04774168133735657,61606055936,0,67098378240,17920163840,61394685952,61394690560,5915057664,0,160862310400,121111871488,0
1791596641.7342312,0.047579504549503326,61606055936,0,67094183936,17924358144,61394685952,61394690560,5910863360,0,160862150656,121111871488,0
1791596641.9331193,0.04638727381825447,61606055936,0,67123544064,17894998016,61394685952,61394690560,5940223488,0,160862429184,121111871488,0
1791596642.1346405,0.04782092943787575,61606055936,0,67131932672,17886609408,61394685952,61394690560,5948612096,0,160862416896,121111871488,0
1791596642.3442626,0.05735909938812256,61606055936,0,67110961152,17907580928,61394685952,61394690560,5927640576,0,160862175232,121111871488,0
1791596642.535857,0.04886937327682972,61606055936,0,67100475392,17918066688,61394685952,61394690560,5917154816,0,160878505984,121111867392,0
1791596642.7353299,0.048257507383823395,61606055936,0,67113058304,17905483776,61394685952,61394690560,5929737728,0,160862470144,121111867392,0
1791596642.9358003,0.04864444024860859,61606055936,0,67123544064,17894998016,61394685952,61394690560,5940223488,0,160862519296,121111867392,0
1791596643.1386733,0.05143487639725208,61606055936,0,67113058304,17905483776,61394685952,61394690560,5929737728,0,160862457856,121111867392,0
1791596643.3349144,0.047592805698513985,61606055936,0,67121446912,17897095168,61394685952,61394690560,5938126336,0,160862806016,121111867392,0
1791596643.538535,0.0511297769844532,61606055936,0,67169681408,17848860672,61394685952,61394690560,5986360832,0,160862621696,121111867392,0
1791596643.7310872,0.043597860261797905,61606055936,0,67131932672,17886609408,61394685952,61394690560,5948612096,0,160862621696,121111867392,0
1791596643.9332266,0.04565444029867649,61606055936,0,67131932672,17886609408,61394685952,61394690560,5948612096,0,160862355456,121111867392,0
1791596644.1336992,0.04601484350860119,61606055936,0,67123544064,17894998016,61394685952,61394690560,5940223488,0,160862703616,121111867392,0
1791596644.3351417,0.04736982472240925,61606055936,0,67159195648,17859346432,61394685952,61394690560,5975875072,0,160862453760,121111867392,0
1791596644.5330088,0.04515436105430126,61606055936,0,67146612736,17871929344,61394685952,61394690560,5963292160,0,160862535680,121111867392,0
1791596644.7308075,0.04286832548677921,61606055936,0,67125641216,17892900864,61394685952,61394690560,5942320640,0,160862605312,121111867392,0
1791596644.9308465,0.04280909709632397,61606055936,0,67186458624,17832083456,61394685952,61394690560,6003138048,0,160862294016,121111867392,0
1791596645.1310837,0.04296401888132095,61606055936,0,67148709888,17869832192,61394685952,61394690560,5965389312,0,160862064640,121111867392,0
1791596645.333016,0.04481195658445358,61606055936,0,67238887424,17779654656,61394685952,61394690560,6055566848,0,160862138368,121111867392,0
1791596645.5354617,0.047173090279102325,61606055936,0,67071115264,17947426816,61394685952,61394690560,5887794688,0,160862035968,121111863296,0
1791596645.739072,0.05067517049610615,61606055936,0,67071115264,17947426816,61394685952,61394690560,5887794688,0,160862138368,121111863296,0
1791596645.9342158,0.045736635103821754,61606055936,0,67071115264,17947426816,61394685952,61394690560,5887794688,0,160862212096,121111863296,0
1791596646.135596,0.04703069478273392,61606055936,0,67071115264,17947426816,61394685952,61394690560,5887794688,0,160862224384,121111863296,0
1791596646.3382375,0.04958796128630638,61606055936,0,67071115264,17947426816,61394685952,61394690560,5887794688,0,160862076928,121111863296,0
1791596646.5372446,0.04853076487779617,61606055936,0,67071115264,17947426816,61394685952,61394690560,5887794688,0,160862076928,121111863296,0
1791596646.7364473,0.047650376334786415,61606055936,0,67071115264,17947426816,61394685952,61394690560,5887794688,0,160862167040,121111863296,0
1791596646.9395063,0.050624607130885124,61606055936,0,67073212416,17945329664,61394685952,61394690560,5889891840,0,160862494720,121111863296,0
1791596647.1388474,0.049885308369994164,61606055936,0,67073212416,17945329664,61394685952,61394690560,5889891840,0,160862289920,121111863296,0
1791596647.3379457,0.04889855347573757,61606055936,0,67087892480,17930649600,61394685952,61394690560,5904571904,0,160862089216,121111863296,0
1791596647.5366786,0.04754633828997612,61606055936,0,67096281088,17922260992,61394685952,61394690560,5912960512,0,160878673920,121111863296,0
1791596647.7360072,0.04679138399660587,61606055936,0,67104669696,17913872384,61394685952,61394690560,5921349120,0,160862822400,121111863296,0
1791596647.937731,0.04843377694487572,61606055936,0,67083698176,17934843904,61394685952,61394690560,5900377600,0,160862617600,121111863296,0
1791596648.136373,0.04699048399925232,61606055936,0,67144515584,17874026496,61394685952,61394690560,5961195008,0,160862945280,121111863296,0
1791596648.3358898,0.046424299478530884,61606055936,0,67110961152,17907580928,61394685952,61394690560,5927640576,0,160862994432,121111863296,0
1791596648.5364907,0.04692922346293926,61606055936,0,67089989632,17928552448,61394685952,61394690560,5906669056,0,160862314496,121111855104,0
1791596648.7360425,0.0463983416557312,61606055936,0,67150807040,17867735040,61394685952,61394690560,5967486464,0,160862343168,121111855104,0
1791596648.9356918,0.04596434719860554,61606055936,0,67106766848,17911775232,61394685952,61394690560,5923446272,0,160862359552,121111855104,0
1791596649.1367753,0.04696526378393173,61606055936,0,67098378240,17920163840,61394685952,61394690560,5915057664,0,160862326784,121111855104,0
1791596649.3320765,0.04219520464539528,61606055936,0,67131932672,17886609408,61394685952,61394690560,5948612096,0,160862416896,121111855104,0
1791596649.5374107,0.0474479254335165,61606055936,0,67113058304,17905483776,61394685952,61394690560,5929737728,0,160862330880,121111855104,0
1791596649.7361438,0.04609869606792927,61606055936,0,67104669696,17913872384,61394685952,61394690560,5921349120,0,160862310400,121111855104,0
1791596649.935238,0.045111432671546936,61606055936,0,67117252608,17901289472,61394685952,61394690560,5933932032,0,160861978624,121111855104,0
1791596650.1351357,0.044920751824975014,61606055936,0,67127738368,17890803712,61394685952,61394690560,5944417792,0,160861966336,121111855104,0
1791596650.3387291,0.04842601902782917,61606055936,0,67115155456,17903386624,61394685952,61394690560,5931834880,0,160862048256,121111855104,0
1791596650.5409927,0.05059234984219074,61606055936,0,67127738368,17890803712,61394685952,61394690560,5944417792,0,160861880320,121111851008,0
1791596650.723183,0.03271767869591713,61606055936,0,67175972864,17842569216,61394685952,61394690560,5992652288,0,160861925376,121111851008,0
1791596650.9360123,0.045465877279639244,61606055936,0,67152904192,17865637888,61394685952,61394690560,5969583616,0,160862031872,121111851008,0
1791596651.1357086,0.045077674090862274,61606055936,0,67121446912,17897095168,61394685952,61394690560,5938126336,0,160862035968,121111851008,0
1791596651.3386636,0.04794988036155701,61606055936,0,67169681408,17848860672,61394685952,61394690560,5986360832,0,160862023680,121111851008,0
1791596651.5403574,0.04955379664897919,61606055936,0,67150807040,17867735040,61394685952,61394690560,5967486464,0,160862269440,121111851008,0
1791596651.7366629,0.04577627591788769,61606055936,0,67129835520,17888706560,61394685952,61394690560,5946514944,0,160862265344,121111851008,0
1791596651.9377232,0.046756841242313385,61606055936,0,67190652928,17827889152,61394685952,61394690560,6007332352,0,160862121984,121111851008,0
1791596652.1383266,0.04727417789399624,61606055936,0,67071115264,17947426816,61394685952,61394690560,5887794688,0,160862109696,121111851008,0
1791596652.3359442,0.04480491764843464,61606055936,0,67071115264,17947426816,61394685952,61394690560,5887794688,0,160862199808,121111851008,0
1791596652.5374353,0.04621575586497784,61606055936,0,67071115264,17947426816,61394685952,61394690560,5887794688,0,160878047232,121111851008,0
1791596652.7358775,0.04457053169608116,61606055936,0,67071115264,17947426816,61394685952,61394690560,5887794688,0,160862363648,121111851008,0
1791596652.9411674,0.04977615736424923,61606055936,0,67071115264,17947426816,61394685952,61394690560,5887794688,0,160862707712,121111851008,0
1791596653.1385462,0.047075143083930016,61606055936,0,67071115264,17947426816,61394685952,61394690560,5887794688,0,160862691328,121111851008,0
1791596653.3382354,0.04667881689965725,61606055936,0,67071115264,17947426816,61394685952,61394690560,5887794688,0,160862224384,121111851008,0
1791596653.538157,0.04652048088610172,61606055936,0,67071115264,17947426816,61394685952,61394690560,5887794688,0,160862150656,121111846912,0
1791596653.7384398,0.04672056995332241,61606055936,0,67129835520,17888706560,61394685952,61394690560,5946514944,0,160862011392,121111846912,0
1791596653.9374635,0.04565904475748539,61606055936,0,67083698176,17934843904,61394685952,61394690560,5900377600,0,160862011392,121111846912,0
1791596654.1363873,0.044501692056655884,61606055936,0,67075309568,17943232512,61394685952,61394690560,5891988992,0,160862105600,121111846912,0
1791596654.3402324,0.04827836528420448,61606055936,0,67138224128,17880317952,61394685952,61394690560,5954903552,0,160862121984,121111846912,0
1791596654.541394,0.049356015399098396,61606055936,0,67092086784,17926455296,61394685952,61394690560,5908766208,0,160862449664,121111846912,0
1791596654.742269,0.05014926381409168,61606055936,0,67083698176,17934843904,61394685952,61394690560,5900377600,0,160862416896,121111846912,0
1791596654.9366124,0.044409019872546196,61606055936,0,67117252608,17901289472,61394685952,61394690560,5933932032,0,160862502912,121111846912,0
1791596655.1444392,0.05214235000312328,61606055936,0,67106766848,17911775232,61394685952,61394690560,5923446272,0,160862318592,121111846912,0
1791596655.345024,0.05264121666550636,61606055936,0,67108864000,17909678080,61394685952,61394690560,5925543424,0,160862310400,121111846912,0
1791596655.5389767,0.04650608077645302,61606055936,0,67094183936,17924358144,61394685952,61394690560,5910863360,0,160862060544,121111846912,0
1791596655.7396955,0.04713230021297932,61606055936,0,67127738368,17890803712,61394685952,61394690560,5944417792,0,160861929472,121111846912,0
1791596655.9416964,0.04902573116123676,61606055936,0,67108864000,17909678080,61394685952,61394690560,5925543424,0,160862023680,121111846912,0
1791596656.144162,0.0513975415378809,61606055936,0,67100475392,17918066688,61394685952,61394690560,5917154816,0,160862371840,121111846912,0
1791596656.3422506,0.04939019866287708,61606055936,0,67106766848,17911775232,61394685952,61394690560,5923446272,0,160862351360,121111846912,0
1791596656.5436096,0.050662776455283165,61606055936,0,67123544064,17894998016,61394685952,61394690560,5940223488,0,160862367744,121111842816,0
1791596656.74237,0.04933409206569195,61606055936,0,67125641216,17892900864,61394685952,61394690560,5942320640,0,160862457856,121111842816,0
1791596656.9468846,0.05373389460146427,61606055936,0,67125641216,17892900864,61394685952,61394690560,5942320640,0,160862273536,121111842816,0
1791596657.1444519,0.051212407648563385,61606055936,0,67159195648,17859346432,61394685952,61394690560,5975875072,0,160862310400,121111842816,0
1791596657.3421676,0.048829542472958565,61606055936,0,67125641216,17892900864,61394685952,61394690560,5942320640,0,160861806592,121111842816,0
1791596657.5430317,0.04959458112716675,61606055936,0,67117252608,17901289472,61394685952,61394690560,5933932032,0,160877944832,121111842816,0
1791596657.745517,0.0519774928689003,61606055936,0,67131932672,17886609408,61394685952,61394690560,5948612096,0,160861736960,121111842816,0
1791596657.9426725,0.049037372693419456,61606055936,0,67140321280,17878220800,61394685952,61394690560,5957000704,0,160862056448,121111842816,0
1791596658.1399276,0.046206437051296234,61606055936,0,67127738368,17890803712,61394685952,61394690560,5944417792,0,160861728768,121111842816,0
1791596658.339838,0.046037329360842705,61606055936,0,67140321280,17878220800,61394685952,61394690560,5957000704,0,160861736960,121111842816,0
1791596658.5465102,0.05259177088737488,61606055936,0,67148709888,17869832192,61394685952,61394690560,5965389312,0,160861601792,121111838720,0
1791596658.7425072,0.048492081463336945,61606055936,0,67161292800,17857249280,61394685952,61394690560,5977972224,0,160861810688,121111838720,0
1791596658.9364946,0.04239640571177006,61606055936,0,67071115264,17947426816,61394685952,61394690560,5887794688,0,160861913088,121111838720,0
1791596659.145128,0.05092644691467285,61606055936,0,67071115264,17947426816,61394685952,61394690560,5887794688,0,160861773824,121111838720,0
1791596659.3453064,0.05101475305855274,61606055936,0,67071115264,17947426816,61394685952,61394690560,5887794688,0,160861859840,121111838720,0
1791596659.5424817,0.048085978254675865,61606055936,0,67071115264,17947426816,61394685952,61394690560,5887794688,0,160861822976,121111838720,0
1791596659.7451208,0.05063122138381004,61606055936,0,67071115264,17947426816,61394685952,61394690560,5887794688,0,160861659136,121111838720,0
1791596659.941845,0.04726931266486645,61606055936,0,67071115264,17947426816,61394685952,61394690560,5887794688,0,160861958144,121111838720,0
1791596660.143578,0.0489194355905056,61606055936,0,67071115264,17947426816,61394685952,61394690560,5887794688,0,160862015488,121111838720,0
1791596660.3453267,0.05057445168495178,61606055936,0,67171778560,17846763520,61394685952,61394690560,5988457984,0,160862162944,121111838720,0
1791596660.5442111,0.04937428794801235,61606055936,0,67081601024,17936941056,61394685952,61394690560,5898280448,0,160862134272,121111838720,0
1791596660.744489,0.049568092450499535,61606055936,0,67073212416,17945329664,61394685952,61394690560,5889891840,0,160861671424,121111838720,0
1791596660.9423583,0.047355351969599724,61606055936,0,67081601024,17936941056,61394685952,61394690560,5898280448,0,160862040064,121111838720,0
1791596661.1414943,0.04640742391347885,61606055936,0,67098378240,17920163840,61394685952,61394690560,5915057664,0,160862076928,121111838720,0
1791596661.340106,0.04493353329598904,61606055936,0,67087892480,17930649600,61394685952,61394690560,5904571904,0,160862068736,121111838720,0
1791596661.5419211,0.04666747711598873,61606055936,0,67087892480,17930649600,61394685952,61394690560,5904571904,0,160862052352,121111834624,0
1791596661.743205,0.04787333682179451,61606055936,0,67104669696,17913872384,61394685952,61394690560,5921349120,0,160861990912,121111834624,0
1791596661.9444613,0.04903526231646538,61606055936,0,67092086784,17926455296,61394685952,61394690560,5908766208,0,160862285824,121111834624,0
1791596662.1413212,0.045814450830221176,61606055936,0,67104669696,17913872384,61394685952,61394690560,5921349120,0,160862416896,121111834624,0
1791596662.3406267,0.04504041187465191,61606055936,0,67140321280,17878220800,61394685952,61394690560,5957000704,0,160862478336,121111834624,0
1791596662.5432024,0.04753558710217476,61606055936,0,67121446912,17897095168,61394685952,61394690560,5938126336,0,160878784512,121111834624,0
1791596662.7452793,0.049519557505846024,61606055936,0,67098378240,17920163840,61394685952,61394690560,5915057664,0,160862908416,121111834624,0
1791596662.9419968,0.04615532606840134,61606055936,0,67113058304,17905483776,61394685952,61394690560,5929737728,0,160862744576,121111834624,0
1791596663.1462398,0.05031261593103409,61606055936,0,67121446912,17897095168,61394685952,61394690560,5938126336,0,160862294016,121111834624,0
1791596663.343964,0.047957196831703186,61606055936,0,67108864000,17909678080,61394685952,61394690560,5925543424,0,160862617600,121111834624,0
1791596663.546044,0.04995490983128548,61606055936,0,67121446912,17897095168,61394685952,61394690560,5938126336,0,160862695424,121111834624,0
1791596663.747328,0.0510892104357481,61606055936,0,67129835520,17888706560,61394685952,61394690560,5946514944,0,160862556160,121111834624,0
1791596663.950086,0.053746843710541725,61606055936,0,67146612736,17871929344,61394685952,61394690560,5963292160,0,160862855168,121111834624,0
1791596664.1443615,0.047937922179698944,61606055936,0,67115155456,17903386624,61394685952,61394690560,5931834880,0,160862646272,121111834624,0
1791596664.3417904,0.04528386704623699,61606055936,0,67127738368,17890803712,61394685952,61394690560,5944417792,0,160862720000,121111834624,0
1791596664.5432289,0.046637821942567825,61606055936,0,67138224128,17880317952,61394685952,61394690560,5954903552,0,160862756864,121111830528,0
1791596664.7418568,0.04518011398613453,61606055936,0,67138224128,17880317952,61394685952,61394690560,5954903552,0,160862527488,121111830528,0
1791596664.941634,0.04487005993723869,61606055936,0,67138224128,17880317952,61394685952,61394690560,5954903552,0,160862601216,121111830528,0
1791596665.144375,0.047493720427155495,61606055936,0,67173875712,17844666368,61394685952,61394690560,5990555136,0,160862699520,121111830528,0
1791596665.3469164,0.04993641749024391,61606055936,0,67152904192,17865637888,61394685952,61394690560,5969583616,0,160862793728,121111830528,0
1791596665.5444458,0.04738428257405758,61606055936,0,67131932672,17886609408,61394685952,61394690560,5948612096,0,160863117312,121111830528,0
1791596665.743561,0.046421149745583534,61606055936,0,67071115264,17947426816,61394685952,61394690560,5887794688,0,160863076352,121111830528,0
1791596665.9466593,0.049420448020100594,61606055936,0,67071115264,17947426816,61394685952,61394690560,5887794688,0,160862322688,121111830528,0
1791596666.143017,0.045697715133428574,61606055936,0,67071115264,17947426816,61394685952,61394690560,5887794688,0,160862633984,121111830528,0
1791596666.3409295,0.04352867417037487,61606055936,0,67071115264,17947426816,61394685952,61394690560,5887794688,0,160862994432,121111830528,0
1791596666.5400972,0.042615171521902084,61606055936,0,67071115264,17947426816,61394685952,61394690560,5887794688,0,160862502912,121111826432,0
1791596666.740723,0.0431622713804245,61606055936,0,67071115264,17947426816,61394685952,61394690560,5887794688,0,160862597120,121111826432,0
1791596666.942651,0.045010870322585106,61606055936,0,67071115264,17947426816,61394685952,61394690560,5887794688,0,160862568448,121111826432,0
1791596667.143117,0.04539593495428562,61606055936,0,67081601024,17936941056,61394685952,61394690560,5898280448,0,160862695424,121111826432,0
1791596667.3432732,0.0454693827778101,61606055936,0,67071115264,17947426816,61394685952,61394690560,5887794688,0,160862777344,121111826432,0
1791596667.5456924,0.047792430967092514,61606055936,0,67106766848,17911775232,61394685952,61394690560,5923446272,0,160879341568,121111826432,0
1791596667.7448902,0.04690485633909702,61606055936,0,67115155456,17903386624,61394685952,61394690560,5931834880,0,160863121408,121111826432,0
1791596667.9459999,0.047928860411047935,61606055936,0,67094183936,17924358144,61394685952,61394690560,5910863360,0,160863334400,121111826432,0
1791596668.155408,0.05725017189979553,61606055936,0,67092086784,17926455296,61394685952,61394690560,5908766208,0,160863105024,121111826432,0
1791596668.3449616,0.04671936482191086,61606055936,0,67148709888,17869832192,61394685952,61394690560,5965389312,0,160863248384,121111826432,0
1791596668.5450842,0.046759769320487976,61606055936,0,67110961152,17907580928,61394685952,61394690560,5927640576,0,160863285248,121111826432,0
1791596668.7485716,0.05016534775495529,61606055936,0,67089989632,17928552448,61394685952,61394690560,5906669056,0,160863244288,121111826432,0
1791596668.945841,0.04734662361443043,61606055936,0,67110961152,17907580928,61394685952,61394690560,5927640576,0,160863584256,121111826432,0
1791596669.1440802,0.04550168104469776,61606055936,0,67117252608,17901289472,61394685952,61394690560,5933932032,0,160863055872,121111826432,0
1791596669.3487346,0.05006517097353935,61606055936,0,67096281088,17922260992,61394685952,61394690560,5912960512,0,160863129600,121111826432,0
1791596669.5492914,0.0505413431674242,61606055936,0,67157098496,17861443584,61394685952,61394690560,5973777920,0,160862818304,121111822336,0
1791596669.7469063,0.048072656616568565,61606055936,0,67110961152,17907580928,61394685952,61394690560,5927640576,0,160863023104,121111822336,0
1791596669.947031,0.04811719432473183,61606055936,0,67104669696,17913872384,61394685952,61394690560,5921349120,0,160862707712,121111822336,0
1791596670.1475961,0.04859956353902817,61606055936,0,67165487104,17853054976,61394685952,61394690560,5982166528,0,160862564352,121111822336,0
1791596670.3473034,0.04822232387959957,61606055936,0,67119349760,17899192320,61394685952,61394690560,5936029184,0,160862904320,121111822336,0
1791596670.5457096,0.046545036137104034,61606055936,0,67110961152,17907580928,61394685952,61394690560,5927640576,0,160862908416,121111822336,0
1791596670.7560067,0.05676109343767166,61606055936,0,67144515584,17874026496,61394685952,61394690560,5961195008,0,160862998528,121111822336,0
1791596670.9452732,0.04594646021723747,61606055936,0,67134029824,17884512256,61394685952,61394690560,5950709248,0,160863084544,121111822336,0
1791596671.145998,0.046592023223638535,61606055936,0,67121446912,17897095168,61394685952,61394690560,5938126336,0,160863162368,121111822336,0
1791596671.348272,0.04878157936036587,61606055936,0,67125641216,17892900864,61394685952,61394690560,5942320640,0,160863080448,121111822336,0
1791596671.5483992,0.04882729984819889,61606055936,0,67142418432,17876123648,61394685952,61394690560,5959097856,0,160862617600,121111822336,0
1791596671.7500477,0.05039222538471222,61606055936,0,67131932672,17886609408,61394685952,61394690560,5948612096,0,160863023104,121111822336,0
1791596671.9443974,0.04465009085834026,61606055936,0,67127738368,17890803712,61394685952,61394690560,5944417792,0,160863125504,121111822336,0
1791596672.1450276,0.04517131485044956,61606055936,0,67175972864,17842569216,61394685952,61394690560,5992652288,0,160862629888,121111822336,0
1791596672.3463614,0.046421924605965614,61606055936,0,67238887424,17779654656,61394685952,61394690560,6055566848,0,160862715904,121111822336,0
1791596672.5443463,0.04432583227753639,61606055936,0,67071115264,17947426816,61394685952,61394690560,5887794688,0,160879009792,121111818240,0
1791596672.7453055,0.045203277841210365,61606055936,0,67071115264,17947426816,61394685952,61394690560,5887794688,0,160862658560,121111818240,0
1791596672.9502082,0.04997691139578819,61606055936,0,67071115264,17947426816,61394685952,61394690560,5887794688,0,160863170560,121111818240,0
1791596673.150076,0.04976450279355049,61606055936,0,67071115264,17947426816,61394685952,61394690560,5887794688,0,160863002624,121111818240,0
1791596673.351107,0.050709668546915054,61606055936,0,67071115264,17947426816,61394685952,61394690560,5887794688,0,160862978048,121111818240,0
1791596673.5506036,0.05012558400630951,61606055936,0,67071115264,17947426816,61394685952,61394690560,5887794688,0,160862445568,121111818240,0
1791596673.745025,0.044466426596045494,61606055936,0,67071115264,17947426816,61394685952,61394690560,5887794688,0,160862453760,121111818240,0
1791596673.943946,0.04330553859472275,61606055936,0,67117252608,17901289472,61394685952,61394690560,5933932032,0,160862535680,121111818240,0
1791596674.1426675,0.041946375742554665,61606055936,0,67089989632,17928552448,61394685952,61394690560,5906669056,0,160862617600,121111818240,0
1791596674.3483994,0.047598639503121376,61606055936,0,67096281088,17922260992,61394685952,61394690560,5912960512,0,160862474240,121111818240,0
1791596674.55172,0.05083194933831692,61606055936,0,67123544064,17894998016,61394685952,61394690560,5940223488,0,160862867456,121111814144,0
1791596674.746683,0.04571204632520676,61606055936,0,67104669696,17913872384,61394685952,61394690560,5921349120,0,160862691328,121111814144,0
1791596674.9486263,0.04757547564804554,61606055936,0,67083698176,17934843904,61394685952,61394690560,5900377600,0,160862609408,121111814144,0
1791596675.147841,0.046708930283784866,61606055936,0,67113058304,17905483776,61394685952,61394690560,5929737728,0,160862638080,121111814144,0
1791596675.3461607,0.04494718089699745,61606055936,0,67119349760,17899192320,61394685952,61394690560,5936029184,0,160862695424,121111814144,0
1791596675.5441117,0.04281687177717686,61606055936,0,67089989632,17928552448,61394685952,61394690560,5906669056,0,160862633984,121111814144,0
1791596675.747363,0.045990632846951485,61606055936,0,67138224128,17880317952,61394685952,61394690560,5954903552,0,160862846976,121111814144,0
1791596675.945693,0.044242242351174355,61606055936,0,67106766848,17911775232,61394685952,61394690560,5923446272,0,160862916608,121111814144,0
1791596676.1442978,0.042767228558659554,61606055936,0,67098378240,17920163840,61394685952,61394690560,5915057664,0,160862904320,121111814144,0
1791596676.349139,0.04752625152468681,61606055936,0,67165487104,17853054976,61394685952,61394690560,5982166528,0,160862744576,121111814144,0
1791596676.550989,0.04929125867784023,61606055936,0,67113058304,17905483776,61394685952,61394690560,5929737728,0,160862769152,121111814144,0
1791596676.7496135,0.047835759818553925,61606055936,0,67104669696,17913872384,61394685952,61394690560,5921349120,0,160862855168,121111814144,0
1791596676.949077,0.047216491773724556,61606055936,0,67110961152,17907580928,61394685952,61394690560,5927640576,0,160862633984,121111814144,0
1791596677.148738,0.046790836378932,61606055936,0,67127738368,17890803712,61394685952,61394690560,5944417792,0,160862707712,121111814144,0
1791596677.348284,0.046251507475972176,61606055936,0,67115155456,17903386624,61394685952,61394690560,5931834880,0,160862814208,121111814144,0
1791596677.5585785,0.05646863952279091,61606055936,0,67125641216,17892900864,61394685952,61394690560,5942320640,0,160863088640,121111810048,0
1791596677.748981,0.046749172732234,61606055936,0,67175972864,17842569216,61394685952,61394690560,5992652288,0,160862965760,121111810048,0
1791596677.9509668,0.04862400144338608,61606055936,0,67152904192,17865637888,61394685952,61394690560,5969583616,0,160863035392,121111810048,0
1791596678.1502638,0.04783438891172409,61606055936,0,67121446912,17897095168,61394685952,61394690560,5938126336,0,160863309824,121111810048,0
1791596678.350593,0.04808490164577961,61606055936,0,67150807040,17867735040,61394685952,61394690560,5967486464,0,160863326208,121111810048,0
1791596678.5517447,0.04915497824549675,61606055936,0,67150807040,17867735040,61394685952,61394690560,5967486464,0,160863182848,121111810048,0
1791596678.7492576,0.04658240079879761,61606055936,0,67129835520,17888706560,61394685952,61394690560,5946514944,0,160863272960,121111810048,0
1791596678.9487228,0.04597143456339836,61606055936,0,67190652928,17827889152,61394685952,61394690560,6007332352,0,160863363072,121111810048,0
1791596679.1484668,0.04563582129776478,61606055936,0,67071115264,17947426816,61394685952,61394690560,5887794688,0,160863449088,121111810048,0
1791596679.350711,0.047786954790353775,61606055936,0,67071115264,17947426816,61394685952,61394690560,5887794688,0,160863166464,121111810048,0
1791596679.553658,0.050647180527448654,61606055936,0,67071115264,17947426816,61394685952,61394690560,5887794688,0,160863129600,121111810048,0
1791596679.7593179,0.056210704147815704,61606055936,0,67071115264,17947426816,61394685952,61394690560,5887794688,0,160863014912,121111810048,0
1791596679.9551218,0.05191018804907799,61606055936,0,67071115264,17947426816,61394685952,61394690560,5887794688,0,160863039488,121111810048,0
1791596680.1580162,0.05471004359424114,61606055936,0,67071115264,17947426816,61394685952,61394690560,5887794688,0,160863150080,121111810048,0
1791596680.352154,0.04876343905925751,61606055936,0,67071115264,17947426816,61394685952,61394690560,5887794688,0,160863014912,121111810048,0
1791596680.5545268,0.051053112372756004,61606055936,0,67071115264,17947426816,61394685952,61394690560,5887794688,0,160862990336,121111805952,0
1791596680.7504978,0.04693981073796749,61606055936,0,67129835520,17888706560,61394685952,61394690560,5946514944,0,160863084544,121111805952,0
1791596680.9773042,0.07366282865405083,61606055936,0,67081601024,17936941056,61394685952,61394690560,5898280448,0,160863158272,121111805952,0
1791596681.1521187,0.04839293286204338,61606055936,0,67087892480,17930649600,61394685952,61394690560,5904571904,0,160862982144,121111805952,0
1791596681.353697,0.04988471604883671,61606055936,0,67094183936,17924358144,61394685952,61394690560,5910863360,0,160863088640,121111805952,0
1791596681.5514727,0.047553716227412224,61606055936,0,67081601024,17936941056,61394685952,61394690560,5898280448,0,160863444992,121111805952,0
1791596681.7579887,0.053961554542183876,61606055936,0,67113058304,17905483776,61394685952,61394690560,5929737728,0,160863264768,121111805952,0
1791596681.95664,0.05251740850508213,61606055936,0,67096281088,17922260992,61394685952,61394690560,5912960512,0,160863281152,121111805952,0
1791596682.1539788,0.049752771854400635,61606055936,0,67085795328,17932746752,61394685952,61394690560,5902474752,0,160863203328,121111805952,0
1791596682.3540723,0.04973195120692253,61606055936,0,67098378240,17920163840,61394685952,61394690560,5915057664,0,160862715904,121111805952,0
1791596682.5564954,0.05206836201250553,61606055936,0,67108864000,17909678080,61394685952,61394690560,5925543424,0,160863027200,121111801856,0
1791596682.7487278,0.04421718046069145,61606055936,0,67110961152,17907580928,61394685952,61394690560,5927640576,0,160863035392,121111801856,0
1791596682.9470625,0.04247188754379749,61606055936,0,67096281088,17922260992,61394685952,61394690560,5912960512,0,160862871552,121111801856,0
1791596683.1513224,0.04664897918701172,61606055936,0,67157098496,17861443584,61394685952,61394690560,5973777920,0,160862617600,121111801856,0
1791596683.3528645,0.04810850881040096,61606055936,0,67123544064,17894998016,61394685952,61394690560,5940223488,0,160862760960,121111801856,0
1791596683.5529191,0.048075418919324875,61606055936,0,67102572544,17915969536,61394685952,61394690560,5919251968,0,160862494720,121111801856,0
1791596683.7517166,0.04678495228290558,61606055936,0,67163389952,17855152128,61394685952,61394690560,5980069376,0,160862588928,121111801856,0
1791596683.9549203,0.04990609735250473,61606055936,0,67117252608,17901289472,61394685952,61394690560,5933932032,0,160862740480,121111801856,0
1791596684.152021,0.04692682437598705,61606055936,0,67110961152,17907580928,61394685952,61394690560,5927640576,0,160863092736,121111801856,0
1791596684.3395917,0.03438832610845566,61606055936,0,67125641216,17892900864,61394685952,61394690560,5942320640,0,160862760960,121111801856,0
1791596684.5557516,0.05046612583100796,61606055936,0,67134029824,17884512256,61394685952,61394690560,5950709248,0,160865136640,121112252416,0
1791596684.7541993,0.0488349124789238,61606055936,0,67121446912,17897095168,61394685952,61394690560,5938126336,0,160865337344,121112252416,0
1791596684.9559658,0.050518494099378586,61606055936,0,67131932672,17886609408,61394685952,61394690560,5948612096,0,160865222656,121112252416,0
1791596685.1529632,0.047443533316254616,61606055936,0,67140321280,17878220800,61394685952,61394690560,5957000704,0,160864866304,121112252416,0
1791596685.3575282,0.051893772557377815,61606055936,0,67125641216,17892900864,61394685952,61394690560,5942320640,0,160864706560,121112252416,0
1791596685.5547361,0.04899933934211731,61606055936,0,67131932672,17886609408,61394685952,61394690560,5948612096,0,160865038336,121112248320,0
1791596685.7511413,0.04531978257000446,61606055936,0,67148709888,17869832192,61394685952,61394690560,5965389312,0,160865136640,121112248320,0
1791596685.953603,0.0476992093026638,61606055936,0,67138224128,17880317952,61394685952,61394690560,5954903552,0,160865206272,121112248320,0
1791596686.1500523,0.04406910389661789,61606055936,0,67071115264,17947426816,61394685952,61394690560,5887794688,0,160865296384,121111601152,0
1791596686.3518634,0.04580121673643589,61606055936,0,67071115264,17947426816,61394685952,61394690560,5887794688,0,160865050624,121111601152,0
1791596686.5553794,0.049231402575969696,61606055936,0,67071115264,17947426816,61394685952,61394690560,5887794688,0,160864903168,121111601152,0
1791596686.7557774,0.049524905160069466,61606055936,0,67071115264,17947426816,61394685952,61394690560,5887794688,0,160864882688,121111601152,0
1791596686.9560108,0.049668025225400925,61606055936,0,67071115264,17947426816,61394685952,61394690560,5887794688,0,160864972800,121111601152,0
1791596687.1549547,0.048524919897317886,61606055936,0,67071115264,17947426816,61394685952,61394690560,5887794688,0,160864911360,121111601152,0
1791596687.355615,0.049090953543782234,61606055936,0,67071115264,17947426816,61394685952,61394690560,5887794688,0,160865001472,121111601152,0
1791596687.5639982,0.05739257112145424,61606055936,0,67171778560,17846763520,61394685952,61394690560,5988457984,0,160865132544,121111601152,0
1791596687.7559657,0.04926483705639839,61606055936,0,67081601024,17936941056,61394685952,61394690560,5898280448,0,160865230848,121111601152,0
1791596687.9519284,0.04511946812272072,61606055936,0,67073212416,17945329664,61394685952,61394690560,5889891840,0,160865325056,121111601152,0
1791596688.1563416,0.04945248365402222,61606055936,0,67108864000,17909678080,61394685952,61394690560,5925543424,0,160865411072,121111601152,0
1791596688.3518744,0.044870708137750626,61606055936,0,67098378240,17920163840,61394685952,61394690560,5915057664,0,160865452032,121111601152,0
1791596688.5550938,0.04798436723649502,61606055936,0,67087892480,17930649600,61394685952,61394690560,5904571904,0,160865497088,121111597056,0
1791596688.7564774,0.04925488121807575,61606055936,0,67115155456,17903386624,61394685952,61394690560,5931834880,0,160865435648,121111597056,0
1791596688.9718874,0.06456869281828403,61606055936,0,67110961152,17907580928,61394685952,61394690560,5927640576,0,160865529856,121111597056,0
1791596689.1568327,0.04943094588816166,61606055936,0,67115155456,17903386624,61394685952,61394690560,5931834880,0,160865841152,121111597056,0
1791596689.3580017,0.050512056797742844,61606055936,0,67102572544,17915969536,61394685952,61394690560,5919251968,0,160865808384,121111597056,0
1791596689.5552454,0.04765721224248409,61606055936,0,67140321280,17878220800,61394685952,61394690560,5957000704,0,160865091584,121111597056,0
1791596689.7562716,0.04859790578484535,61606055936,0,67121446912,17897095168,61394685952,61394690560,5938126336,0,160865177600,121111597056,0
1791596689.9599898,0.05222796089947224,61606055936,0,67108864000,17909678080,61394685952,61394690560,5925543424,0,160865206272,121111597056,0
1791596690.1669922,0.059111855924129486,61606055936,0,67119349760,17899192320,61394685952,61394690560,5936029184,0,160864923648,121111597056,0
1791596690.3565588,0.04856811836361885,61606055936,0,67102572544,17915969536,61394685952,61394690560,5919251968,0,160865021952,121111597056,0
1791596690.5585692,0.05049501731991768,61606055936,0,67106766848,17911775232,61394685952,61394690560,5923446272,0,160865529856,121111592960,0
1791596690.75757,0.04935165494680405,61606055936,0,67140321280,17878220800,61394685952,61394690560,5957000704,0,160865349632,121111592960,0
1791596690.9560728,0.0477701835334301,61606055936,0,67129835520,17888706560,61394685952,61394690560,5946514944,0,160865435648,121111592960,0
1791596691.1545646,0.04617958329617977,61606055936,0,67119349760,17899192320,61394685952,61394690560,5936029184,0,160865521664,121111592960,0
1791596691.360033,0.0515656191855669,61606055936,0,67119349760,17899192320,61394685952,61394690560,5936029184,0,160865533952,121111592960,0
1791596691.5605404,0.05195324681699276,61606055936,0,67136126976,17882415104,61394685952,61394690560,5952806400,0,160865513472,121111592960,0
1791596691.7713695,0.06267856247723103,61606055936,0,67123544064,17894998016,61394685952,61394690560,5940223488,0,160865603584,121111592960,0
1791596691.9573696,0.048596860840916634,61606055936,0,67123544064,17894998016,61394685952,61394690560,5940223488,0,160865562624,121111592960,0
1791596692.1698756,0.06097991392016411,61606055936,0,67138224128,17880317952,61394685952,61394690560,5954903552,0,160865656832,121111592960,0
1791596692.3647327,0.055706702172756195,61606055936,0,67152904192,17865637888,61394685952,61394690560,5969583616,0,160865546240,121111592960,0
1791596692.5641117,0.055000076070427895,61606055936,0,67129835520,17888706560,61394685952,61394690560,5946514944,0,160865710080,121111592960,0
1791596692.7589118,0.0497151929885149,61606055936,0,67144515584,17874026496,61394685952,61394690560,5961195008,0,160865382400,121111592960,0
1791596692.9571161,0.04783640056848526,61606055936,0,67071115264,17947426816,61394685952,61394690560,5887794688,0,160865406976,121111592960,0
1791596693.1608276,0.05146276205778122,61606055936,0,67071115264,17947426816,61394685952,61394690560,5887794688,0,160865423360,121111592960,0
1791596693.3643036,0.054816411808133125,61606055936,0,67071115264,17947426816,61394685952,61394690560,5887794688,0,160865402880,121111592960,0
1791596693.5732372,0.06363657303154469,61606055936,0,67071115264,17947426816,61394685952,61394690560,5887794688,0,160865370112,121111588864,0
1791596693.770079,0.060346996411681175,61606055936,0,67071115264,17947426816,61394685952,61394690560,5887794688,0,160865112064,121111588864,0
1791596693.958483,0.048638563603162766,61606055936,0,67071115264,17947426816,61394685952,61394690560,5887794688,0,160865165312,121111588864,0
1791596694.1580167,0.04805606231093407,61606055936,0,67071115264,17947426816,61394685952,61394690560,5887794688,0,160865144832,121111588864,0
1791596694.3593159,0.04924720525741577,61606055936,0,67081601024,17936941056,61394685952,61394690560,5898280448,0,160865153024,121111588864,0
1791596694.5616872,0.051527444273233414,61606055936,0,67085795328,17932746752,61394685952,61394690560,5902474752,0,160865325056,121111588864,0
1791596694.7597466,0.04947899095714092,61606055936,0,67121446912,17897095168,61394685952,61394690560,5938126336,0,160865112064,121111588864,0
1791596694.9594686,0.04911048337817192,61606055936,0,67087892480,17930649600,61394685952,61394690560,5904571904,0,160864968704,121111588864,0
1791596695.1590292,0.04856733977794647,61606055936,0,67079503872,17939038208,61394685952,61394690560,5896183296,0,160864968704,121111588864,0
1791596695.369557,0.05900992825627327,61606055936,0,67113058304,17905483776,61394685952,61394690560,5929737728,0,160865300480,121111588864,0
1791596695.5619097,0.05126202292740345,61606055936,0,67121446912,17897095168,61394685952,61394690560,5938126336,0,160865394688,121111588864,0
1791596695.757688,0.046923547983169556,61606055936,0,67113058304,17905483776,61394685952,61394690560,5929737728,0,160865378304,121111588864,0
1791596695.958605,0.04773196764290333,61606055936,0,67089989632,17928552448,61394685952,61394690560,5906669056,0,160865464320,121111588864,0
1791596696.1613564,0.05039079859852791,61606055936,0,67119349760,17899192320,61394685952,61394690560,5936029184,0,160865234944,121111588864,0
1791596696.3589392,0.04789051413536072,61606055936,0,67113058304,17905483776,61394685952,61394690560,5929737728,0,160865325056,121111588864,0
1791596696.5708232,0.05969134718179703,61606055936,0,67119349760,17899192320,61394685952,61394690560,5936029184,0,160865157120,121111584768,0
1791596696.7623904,0.05113655887544155,61606055936,0,67098378240,17920163840,61394685952,61394690560,5915057664,0,160865234944,121111584768,0
1791596696.9595811,0.04822916351258755,61606055936,0,67110961152,17907580928,61394685952,61394690560,5927640576,0,160865185792,121111584768,0
1791596697.1642203,0.0527510792016983,61606055936,0,67115155456,17903386624,61394685952,61394690560,5931834880,0,160865181696,121111584768,0
1791596697.3587258,0.047169774770736694,61606055936,0,67123544064,17894998016,61394685952,61394690560,5940223488,0,160864546816,121111584768,0
1791596697.566293,0.05464158579707146,61606055936,0,67110961152,17907580928,61394685952,61394690560,5927640576,0,160864428032,121111584768,0
1791596697.7711637,0.05939442105591297,61606055936,0,67142418432,17876123648,61394685952,61394690560,5959097856,0,160864501760,121111584768,0
1791596697.9582176,0.04633533954620361,61606055936,0,67159195648,17859346432,61394685952,61394690560,5975875072,0,160864587776,121111584768,0
1791596698.1797712,0.06776445917785168,61606055936,0,67119349760,17899192320,61394685952,61394690560,5936029184,0,160864669696,121111584768,0
1791596698.362522,0.05042693205177784,61606055936,0,67117252608,17901289472,61394685952,61394690560,5933932032,0,160864759808,121111584768,0
1791596698.5605547,0.048329830169677734,61606055936,0,67129835520,17888706560,61394685952,61394690560,5946514944,0,160864989184,121111580672,0
1791596698.7593467,0.04703257046639919,61606055936,0,67140321280,17878220800,61394685952,61394690560,5957000704,0,160865050624,121111580672,0
1791596698.9606652,0.048267727717757225,61606055936,0,67140321280,17878220800,61394685952,61394690560,5957000704,0,160865050624,121111580672,0
1791596699.1614838,0.049000710248947144,61606055936,0,67127738368,17890803712,61394685952,61394690560,5944417792,0,160865042432,121111580672,0
1791596699.361341,0.048775335773825645,61606055936,0,67188555776,17829986304,61394685952,61394690560,6005235200,0,160865116160,121111580672,0
1791596699.5659287,0.05326482653617859,61606055936,0,67165487104,17853054976,61394685952,61394690560,5982166528,0,160864980992,121111580672,0
1791596699.7618673,0.04909074679017067,61606055936,0,67071115264,17947426816,61394685952,61394690560,5887794688,0,160865325056,121111580672,0
1791596699.9547508,0.041893187910318375,61606055936,0,67071115264,17947426816,61394685952,61394690560,5887794688,0,160865378304,121111580672,0
1791596700.1586068,0.04566557705402374,61606055936,0,67071115264,17947426816,61394685952,61394690560,5887794688,0,160865329152,121111580672,0
1791596700.3603098,0.04728315211832523,61606055936,0,67071115264,17947426816,61394685952,61394690560,5887794688,0,160865427456,121111580672,0
1791596700.56028,0.04717552103102207,61606055936,0,67071115264,17947426816,61394685952,61394690560,5887794688,0,160865513472,121111580672,0
1791596700.762879,0.04964833706617355,61606055936,0,67071115264,17947426816,61394685952,61394690560,5887794688,0,160865488896,121111580672,0
1791596700.963219,0.04989323206245899,61606055936,0,67071115264,17947426816,61394685952,61394690560,5887794688,0,160865374208,121111580672,0
1791596701.1616282,0.04822041653096676,61606055936,0,67071115264,17947426816,61394685952,61394690560,5887794688,0,160864849920,121111580672,0
1791596701.3582315,0.04473969712853432,61606055936,0,67083698176,17934843904,61394685952,61394690560,5900377600,0,160864608256,121111580672,0
1791596701.559772,0.046198029071092606,61606055936,0,67073212416,17945329664,61394685952,61394690560,5889891840,0,160864526336,121111576576,0
1791596701.759362,0.045703593641519547,61606055936,0,67081601024,17936941056,61394685952,61394690560,5898280448,0,160864260096,121111576576,0
1791596701.9616706,0.047928135842084885,61606055936,0,67098378240,17920163840,61394685952,61394690560,5915057664,0,160864206848,121111576576,0
1791596702.1739435,0.06011189520359039,61606055936,0,67098378240,17920163840,61394685952,61394690560,5915057664,0,160864206848,121111576576,0
1791596702.8266387,0.5127226933836937,61606055936,0,67081601024,17936941056,61394685952,61394690560,5898280448,0,160880513024,121111576576,0
1791596702.8736773,0.04673372767865658,61606055936,0,67127738368,17890803712,61394685952,61394690560,5944417792,0,160864636928,121111576576,0
1791596703.071443,0.044417308643460274,61606055936,0,67102572544,17915969536,61394685952,61394690560,5919251968,0,160864620544,121111576576,0
1791596703.2737577,0.04664770886301994,61606055936,0,67096281088,17922260992,61394685952,61394690560,5912960512,0,160864559104,121111576576,0
1791596703.4749901,0.047769248485565186,61606055936,0,67119349760,17899192320,61394685952,61394690560,5936029184,0,160863531008,121111576576,0
1791596703.702164,0.07483264803886414,61606055936,0,67089989632,17928552448,61394685952,61394690560,5906669056,0,160863760384,121111576576,0
1791596703.8739157,0.046464283019304276,61606055936,0,67092086784,17926455296,61394685952,61394690560,5908766208,0,160863719424,121111576576,0
1791596704.07262,0.04508308880031109,61606055936,0,67125641216,17892900864,61394685952,61394690560,5942320640,0,160863784960,121111576576,0
1791596704.2716415,0.04401786997914314,61606055936,0,67108864000,17909678080,61394685952,61394690560,5925543424,0,160863879168,121111576576,0
1791596704.4734428,0.04573429189622402,61606055936,0,67100475392,17918066688,61394685952,61394690560,5917154816,0,160863940608,121111576576,0
1791596704.748838,0.12104916758835316,61606055936,0,67113058304,17905483776,61394685952,61394690560,5929737728,0,160864055296,121111572480,0
1791596704.876301,0.04842258431017399,61606055936,0,67121446912,17897095168,61394685952,61394690560,5938126336,0,160863780864,121111572480,0
1791596705.075278,0.04730350151658058,61606055936,0,67104669696,17913872384,61394685952,61394690560,5921349120,0,160863809536,121111572480,0
1791596705.260903,0.03284967131912708,61606055936,0,67108864000,17909678080,61394685952,61394690560,5925543424,0,160863834112,121111572480,0
1791596705.4588935,0.030775075778365135,61606055936,0,67169681408,17848860672,61394685952,61394690560,5986360832,0,160863764480,121111572480,0
1791596705.7018163,0.07363089174032211,61606055936,0,67123544064,17894998016,61394685952,61394690560,5940223488,0,160863580160,121111572480,0
1791596705.866726,0.03847643919289112,61606055936,0,67117252608,17901289472,61394685952,61394690560,5933932032,0,160863936512,121111572480,0
1791596706.0766795,0.04834164306521416,61606055936,0,67173875712,17844666368,61394685952,61394690560,5990555136,0,160864284672,121111572480,0
1791596706.2688391,0.04041051119565964,61606055936,0,67129835520,17888706560,61394685952,61394690560,5946514944,0,160863940608,121111572480,0
1791596706.4646127,0.03611859679222107,61606055936,0,67178070016,17840472064,61394685952,61394690560,5994749440,0,160863367168,121111572480,0
1791596706.6779065,0.049326857551932335,61606055936,0,67125641216,17892900864,61394685952,61394690560,5942320640,0,160863264768,121111572480,0
1791596706.8674147,0.03874717094004154,61606055936,0,67142418432,17876123648,61394685952,61394690560,5959097856,0,160863191040,121111568384,0
1791596707.0965335,0.06779997795820236,61606055936,0,67125641216,17892900864,61394685952,61394690560,5942320640,0,160863277056,121111568384,0
1791596707.2674265,0.03862825967371464,61606055936,0,67155001344,17863540736,61394685952,61394690560,5971680768,0,160863633408,121111568384,0
1791596707.493754,0.06488828919827938,61606055936,0,67185410048,17833132032,61394685952,61394690560,6002089472,0,160863670272,121111568384,0
1791596707.7165554,0.08761424198746681,61606055936,0,67719135232,17299406848,61394685952,61394690560,6535814656,0,160864104448,121111568384,0
